mode,state,trial,classify_ns,cleanup_ns,full_cycle_ns,polls,cleanup_ok
reference,miss,0,939,26,965,0,1
reference,hit,0,495,1384,1879,0,1
reference,miss,1,242,23,265,0,1
reference,hit,1,299,488,787,0,1
reference,miss,2,187,16,203,0,1
reference,hit,2,272,496,768,0,1
reference,miss,3,206,16,222,0,1
reference,hit,3,274,468,742,0,1
reference,miss,4,197,17,214,0,1
reference,hit,4,280,553,833,0,1
reference,miss,5,204,16,220,0,1
reference,hit,5,327,512,839,0,1
reference,miss,6,189,17,206,0,1
reference,hit,6,288,472,760,0,1
reference,miss,7,204,17,221,0,1
reference,hit,7,277,477,754,0,1
reference,miss,8,189,16,205,0,1
reference,hit,8,272,451,723,0,1
reference,miss,9,206,16,222,0,1
reference,hit,9,278,448,726,0,1
reference,miss,10,189,17,206,0,1
reference,hit,10,259,440,699,0,1
reference,miss,11,214,16,230,0,1
reference,hit,11,280,444,724,0,1
reference,miss,12,188,16,204,0,1
reference,hit,12,262,451,713,0,1
reference,miss,13,214,16,230,0,1
reference,hit,13,268,463,731,0,1
reference,miss,14,203,16,219,0,1
reference,hit,14,260,468,728,0,1
reference,miss,15,226,17,243,0,1
reference,hit,15,267,441,708,0,1
reference,miss,16,188,17,205,0,1
reference,hit,16,261,441,702,0,1
reference,miss,17,208,16,224,0,1
reference,hit,17,269,437,706,0,1
reference,miss,18,190,17,207,0,1
reference,hit,18,260,464,724,0,1
reference,miss,19,214,17,231,0,1
reference,hit,19,526,870,1396,0,1
reference,miss,20,188,17,205,0,1
reference,hit,20,287,578,865,0,1
reference,miss,21,202,17,219,0,1
reference,hit,21,263,506,769,0,1
reference,miss,22,190,17,207,0,1
reference,hit,22,337,665,1002,0,1
reference,miss,23,209,17,226,0,1
reference,hit,23,268,492,760,0,1
reference,miss,24,191,17,208,0,1
reference,hit,24,267,483,750,0,1
reference,miss,25,208,16,224,0,1
reference,hit,25,264,481,745,0,1
reference,miss,26,194,18,212,0,1
reference,hit,26,277,487,764,0,1
reference,miss,27,213,18,231,0,1
reference,hit,27,286,509,795,0,1
reference,miss,28,200,18,218,0,1
reference,hit,28,393,740,1133,0,1
reference,miss,29,220,17,237,0,1
reference,hit,29,335,611,946,0,1
reference,miss,30,211,17,228,0,1
reference,hit,30,275,508,783,0,1
reference,miss,31,228,17,245,0,1
reference,hit,31,355,694,1049,0,1
reference,miss,32,205,17,222,0,1
reference,hit,32,282,523,805,0,1
reference,miss,33,216,17,233,0,1
reference,hit,33,280,486,766,0,1
reference,miss,34,200,18,218,0,1
reference,hit,34,285,484,769,0,1
reference,miss,35,226,18,244,0,1
reference,hit,35,290,512,802,0,1
reference,miss,36,207,17,224,0,1
reference,hit,36,295,490,785,0,1
reference,miss,37,219,17,236,0,1
reference,hit,37,285,492,777,0,1
reference,miss,38,204,17,221,0,1
reference,hit,38,283,502,785,0,1
reference,miss,39,226,17,243,0,1
reference,hit,39,291,499,790,0,1
reference,miss,40,206,17,223,0,1
reference,hit,40,288,535,823,0,1
reference,miss,41,225,17,242,0,1
reference,hit,41,318,565,883,0,1
reference,miss,42,208,17,225,0,1
reference,hit,42,267,466,733,0,1
reference,miss,43,207,17,224,0,1
reference,hit,43,266,471,737,0,1
reference,miss,44,191,17,208,0,1
reference,hit,44,268,468,736,0,1
reference,miss,45,203,17,220,0,1
reference,hit,45,270,467,737,0,1
reference,miss,46,191,17,208,0,1
reference,hit,46,276,472,748,0,1
reference,miss,47,207,17,224,0,1
reference,hit,47,269,467,736,0,1
reference,miss,48,194,16,210,0,1
reference,hit,48,267,482,749,0,1
reference,miss,49,203,17,220,0,1
reference,hit,49,269,463,732,0,1
reference,miss,50,194,16,210,0,1
reference,hit,50,275,468,743,0,1
reference,miss,51,209,18,227,0,1
reference,hit,51,276,472,748,0,1
reference,miss,52,199,17,216,0,1
reference,hit,52,270,477,747,0,1
reference,miss,53,223,17,240,0,1
reference,hit,53,354,677,1031,0,1
reference,miss,54,196,17,213,0,1
reference,hit,54,274,510,784,0,1
reference,miss,55,215,19,234,0,1
reference,hit,55,271,502,773,0,1
reference,miss,56,200,17,217,0,1
reference,hit,56,281,515,796,0,1
reference,miss,57,215,18,233,0,1
reference,hit,57,286,515,801,0,1
reference,miss,58,196,18,214,0,1
reference,hit,58,274,475,749,0,1
reference,miss,59,231,17,248,0,1
reference,hit,59,287,481,768,0,1
reference,miss,60,200,18,218,0,1
reference,hit,60,276,493,769,0,1
reference,miss,61,216,18,234,0,1
reference,hit,61,288,475,763,0,1
reference,miss,62,199,18,217,0,1
reference,hit,62,284,487,771,0,1
reference,miss,63,220,18,238,0,1
reference,hit,63,292,474,766,0,1
reference,miss,64,207,17,224,0,1
reference,hit,64,337,572,909,0,1
reference,miss,65,215,18,233,0,1
reference,hit,65,287,499,786,0,1
reference,miss,66,204,17,221,0,1
reference,hit,66,267,477,744,0,1
reference,miss,67,204,18,222,0,1
reference,hit,67,268,500,768,0,1
reference,miss,68,195,18,213,0,1
reference,hit,68,269,468,737,0,1
reference,miss,69,221,17,238,0,1
reference,hit,69,267,499,766,0,1
reference,miss,70,193,16,209,0,1
reference,hit,70,272,468,740,0,1
reference,miss,71,206,17,223,0,1
reference,hit,71,271,455,726,0,1
reference,miss,72,190,17,207,0,1
reference,hit,72,283,483,766,0,1
reference,miss,73,217,18,235,0,1
reference,hit,73,282,515,797,0,1
reference,miss,74,201,18,219,0,1
reference,hit,74,293,482,775,0,1
reference,miss,75,212,18,230,0,1
reference,hit,75,353,651,1004,0,1
reference,miss,76,205,17,222,0,1
reference,hit,76,274,488,762,0,1
reference,miss,77,232,18,250,0,1
reference,hit,77,289,494,783,0,1
reference,miss,78,202,17,219,0,1
reference,hit,78,284,496,780,0,1
reference,miss,79,212,18,230,0,1
reference,hit,79,282,481,763,0,1
reference,miss,80,203,17,220,0,1
reference,hit,80,290,490,780,0,1
reference,miss,81,225,18,243,0,1
reference,hit,81,283,567,850,0,1
reference,miss,82,204,18,222,0,1
reference,hit,82,284,511,795,0,1
reference,miss,83,223,18,241,0,1
reference,hit,83,287,483,770,0,1
reference,miss,84,207,19,226,0,1
reference,hit,84,291,502,793,0,1
reference,miss,85,219,18,237,0,1
reference,hit,85,284,478,762,0,1
reference,miss,86,202,17,219,0,1
reference,hit,86,285,489,774,0,1
reference,miss,87,219,18,237,0,1
reference,hit,87,281,506,787,0,1
reference,miss,88,209,18,227,0,1
reference,hit,88,283,495,778,0,1
reference,miss,89,221,17,238,0,1
reference,hit,89,280,485,765,0,1
reference,miss,90,205,17,222,0,1
reference,hit,90,294,513,807,0,1
reference,miss,91,219,18,237,0,1
reference,hit,91,279,488,767,0,1
reference,miss,92,202,18,220,0,1
reference,hit,92,283,509,792,0,1
reference,miss,93,224,17,241,0,1
reference,hit,93,288,487,775,0,1
reference,miss,94,204,18,222,0,1
reference,hit,94,289,512,801,0,1
reference,miss,95,222,18,240,0,1
reference,hit,95,295,490,785,0,1
reference,miss,96,202,18,220,0,1
reference,hit,96,285,503,788,0,1
reference,miss,97,216,18,234,0,1
reference,hit,97,323,649,972,0,1
reference,miss,98,207,18,225,0,1
reference,hit,98,335,705,1040,0,1
reference,miss,99,240,18,258,0,1
reference,hit,99,300,511,811,0,1
reference,miss,100,205,17,222,0,1
reference,hit,100,282,492,774,0,1
reference,miss,101,229,17,246,0,1
reference,hit,101,285,487,772,0,1
reference,miss,102,203,1247,1450,0,1
reference,hit,102,307,1355,1662,0,1
reference,miss,103,214,17,231,0,1
reference,hit,103,318,503,821,0,1
reference,miss,104,199,18,217,0,1
reference,hit,104,288,474,762,0,1
reference,miss,105,213,18,231,0,1
reference,hit,105,283,476,759,0,1
reference,miss,106,203,18,221,0,1
reference,hit,106,281,484,765,0,1
reference,miss,107,214,17,231,0,1
reference,hit,107,295,469,764,0,1
reference,miss,108,205,18,223,0,1
reference,hit,108,282,480,762,0,1
reference,miss,109,213,18,231,0,1
reference,hit,109,279,476,755,0,1
reference,miss,110,202,17,219,0,1
reference,hit,110,285,521,806,0,1
reference,miss,111,215,17,232,0,1
reference,hit,111,275,488,763,0,1
reference,miss,112,204,18,222,0,1
reference,hit,112,296,486,782,0,1
reference,miss,113,221,17,238,0,1
reference,hit,113,295,492,787,0,1
reference,miss,114,197,18,215,0,1
reference,hit,114,281,476,757,0,1
reference,miss,115,218,18,236,0,1
reference,hit,115,292,484,776,0,1
reference,miss,116,202,18,220,0,1
reference,hit,116,293,477,770,0,1
reference,miss,117,214,17,231,0,1
reference,hit,117,308,495,803,0,1
reference,miss,118,200,19,219,0,1
reference,hit,118,284,463,747,0,1
reference,miss,119,212,17,229,0,1
reference,hit,119,329,652,981,0,1
reference,miss,120,208,17,225,0,1
reference,hit,120,293,474,767,0,1
reference,miss,121,214,17,231,0,1
reference,hit,121,284,492,776,0,1
reference,miss,122,202,18,220,0,1
reference,hit,122,281,496,777,0,1
reference,miss,123,213,18,231,0,1
reference,hit,123,281,484,765,0,1
reference,miss,124,198,17,215,0,1
reference,hit,124,293,490,783,0,1
reference,miss,125,237,18,255,0,1
reference,hit,125,300,504,804,0,1
reference,miss,126,206,19,225,0,1
reference,hit,126,295,482,777,0,1
reference,miss,127,217,18,235,0,1
reference,hit,127,359,572,931,0,1
reference,miss,128,204,17,221,0,1
reference,hit,128,300,605,905,0,1
reference,miss,129,214,16,230,0,1
reference,hit,129,284,578,862,0,1
reference,miss,130,204,17,221,0,1
reference,hit,130,289,610,899,0,1
reference,miss,131,224,17,241,0,1
reference,hit,131,316,593,909,0,1
reference,miss,132,204,18,222,0,1
reference,hit,132,275,489,764,0,1
reference,miss,133,214,18,232,0,1
reference,hit,133,380,498,878,0,1
reference,miss,134,200,18,218,0,1
reference,hit,134,275,487,762,0,1
reference,miss,135,206,17,223,0,1
reference,hit,135,284,479,763,0,1
reference,miss,136,191,16,207,0,1
reference,hit,136,285,491,776,0,1
reference,miss,137,224,18,242,0,1
reference,hit,137,284,478,762,0,1
reference,miss,138,200,17,217,0,1
reference,hit,138,275,511,786,0,1
reference,miss,139,214,18,232,0,1
reference,hit,139,294,487,781,0,1
reference,miss,140,204,17,221,0,1
reference,hit,140,280,485,765,0,1
reference,miss,141,219,18,237,0,1
reference,hit,141,345,658,1003,0,1
reference,miss,142,203,17,220,0,1
reference,hit,142,286,495,781,0,1
reference,miss,143,220,18,238,0,1
reference,hit,143,298,511,809,0,1
reference,miss,144,205,18,223,0,1
reference,hit,144,292,519,811,0,1
reference,miss,145,219,19,238,0,1
reference,hit,145,293,508,801,0,1
reference,miss,146,204,17,221,0,1
reference,hit,146,288,504,792,0,1
reference,miss,147,223,17,240,0,1
reference,hit,147,296,503,799,0,1
reference,miss,148,204,18,222,0,1
reference,hit,148,291,512,803,0,1
reference,miss,149,226,17,243,0,1
reference,hit,149,298,509,807,0,1
reference,miss,150,206,18,224,0,1
reference,hit,150,283,494,777,0,1
reference,miss,151,239,18,257,0,1
reference,hit,151,304,484,788,0,1
reference,miss,152,203,19,222,0,1
reference,hit,152,291,513,804,0,1
reference,miss,153,221,18,239,0,1
reference,hit,153,293,509,802,0,1
reference,miss,154,202,19,221,0,1
reference,hit,154,287,509,796,0,1
reference,miss,155,228,18,246,0,1
reference,hit,155,296,510,806,0,1
reference,miss,156,204,18,222,0,1
reference,hit,156,283,499,782,0,1
reference,miss,157,226,18,244,0,1
reference,hit,157,305,490,795,0,1
reference,miss,158,205,19,224,0,1
reference,hit,158,293,488,781,0,1
reference,miss,159,223,18,241,0,1
reference,hit,159,295,489,784,0,1
reference,miss,160,209,19,228,0,1
reference,hit,160,293,527,820,0,1
reference,miss,161,217,17,234,0,1
reference,hit,161,286,498,784,0,1
reference,miss,162,206,18,224,0,1
reference,hit,162,294,490,784,0,1
reference,miss,163,226,18,244,0,1
reference,hit,163,342,678,1020,0,1
reference,miss,164,213,17,230,0,1
reference,hit,164,290,513,803,0,1
reference,miss,165,217,18,235,0,1
reference,hit,165,285,512,797,0,1
reference,miss,166,207,18,225,0,1
reference,hit,166,290,496,786,0,1
reference,miss,167,222,17,239,0,1
reference,hit,167,292,491,783,0,1
reference,miss,168,210,18,228,0,1
reference,hit,168,290,495,785,0,1
reference,miss,169,223,18,241,0,1
reference,hit,169,290,509,799,0,1
reference,miss,170,214,17,231,0,1
reference,hit,170,285,497,782,0,1
reference,miss,171,217,18,235,0,1
reference,hit,171,275,505,780,0,1
reference,miss,172,208,19,227,0,1
reference,hit,172,293,549,842,0,1
reference,miss,173,236,18,254,0,1
reference,hit,173,291,483,774,0,1
reference,miss,174,203,18,221,0,1
reference,hit,174,281,499,780,0,1
reference,miss,175,212,19,231,0,1
reference,hit,175,291,475,766,0,1
reference,miss,176,205,17,222,0,1
reference,hit,176,280,522,802,0,1
reference,miss,177,217,18,235,0,1
reference,hit,177,286,509,795,0,1
reference,miss,178,202,17,219,0,1
reference,hit,178,283,496,779,0,1
reference,miss,179,214,18,232,0,1
reference,hit,179,278,503,781,0,1
reference,miss,180,202,17,219,0,1
reference,hit,180,273,495,768,0,1
reference,miss,181,220,17,237,0,1
reference,hit,181,288,476,764,0,1
reference,miss,182,209,17,226,0,1
reference,hit,182,280,515,795,0,1
reference,miss,183,214,18,232,0,1
reference,hit,183,291,504,795,0,1
reference,miss,184,201,17,218,0,1
reference,hit,184,271,477,748,0,1
reference,miss,185,219,18,237,0,1
reference,hit,185,338,610,948,0,1
reference,miss,186,205,17,222,0,1
reference,hit,186,282,497,779,0,1
reference,miss,187,215,18,233,0,1
reference,hit,187,286,497,783,0,1
reference,miss,188,198,18,216,0,1
reference,hit,188,275,523,798,0,1
reference,miss,189,215,18,233,0,1
reference,hit,189,289,483,772,0,1
reference,miss,190,201,18,219,0,1
reference,hit,190,278,491,769,0,1
reference,miss,191,218,18,236,0,1
reference,hit,191,301,500,801,0,1
reference,miss,192,208,19,227,0,1
reference,hit,192,285,486,771,0,1
reference,miss,193,218,18,236,0,1
reference,hit,193,295,530,825,0,1
reference,miss,194,206,18,224,0,1
reference,hit,194,286,496,782,0,1
reference,miss,195,213,19,232,0,1
reference,hit,195,293,486,779,0,1
reference,miss,196,203,18,221,0,1
reference,hit,196,279,500,779,0,1
reference,miss,197,218,17,235,0,1
reference,hit,197,276,489,765,0,1
reference,miss,198,205,18,223,0,1
reference,hit,198,291,490,781,0,1
reference,miss,199,231,19,250,0,1
reference,hit,199,288,515,803,0,1
reference,miss,200,207,17,224,0,1
reference,hit,200,283,480,763,0,1
reference,miss,201,214,18,232,0,1
reference,hit,201,285,502,787,0,1
reference,miss,202,198,17,215,0,1
reference,hit,202,283,496,779,0,1
reference,miss,203,225,18,243,0,1
reference,hit,203,287,518,805,0,1
reference,miss,204,212,1192,1404,0,1
reference,hit,204,302,1207,1509,0,1
reference,miss,205,232,17,249,0,1
reference,hit,205,332,592,924,0,1
reference,miss,206,208,18,226,0,1
reference,hit,206,285,484,769,0,1
reference,miss,207,225,17,242,0,1
reference,hit,207,329,632,961,0,1
reference,miss,208,206,18,224,0,1
reference,hit,208,283,550,833,0,1
reference,miss,209,213,17,230,0,1
reference,hit,209,294,482,776,0,1
reference,miss,210,199,18,217,0,1
reference,hit,210,280,492,772,0,1
reference,miss,211,217,18,235,0,1
reference,hit,211,278,494,772,0,1
reference,miss,212,202,17,219,0,1
reference,hit,212,294,504,798,0,1
reference,miss,213,218,18,236,0,1
reference,hit,213,293,497,790,0,1
reference,miss,214,204,17,221,0,1
reference,hit,214,291,494,785,0,1
reference,miss,215,215,17,232,0,1
reference,hit,215,293,488,781,0,1
reference,miss,216,202,19,221,0,1
reference,hit,216,279,476,755,0,1
reference,miss,217,217,17,234,0,1
reference,hit,217,273,472,745,0,1
reference,miss,218,200,18,218,0,1
reference,hit,218,277,478,755,0,1
reference,miss,219,215,17,232,0,1
reference,hit,219,280,478,758,0,1
reference,miss,220,198,16,214,0,1
reference,hit,220,290,484,774,0,1
reference,miss,221,220,17,237,0,1
reference,hit,221,286,480,766,0,1
reference,miss,222,200,19,219,0,1
reference,hit,222,296,490,786,0,1
reference,miss,223,214,18,232,0,1
reference,hit,223,279,494,773,0,1
reference,miss,224,203,19,222,0,1
reference,hit,224,283,476,759,0,1
reference,miss,225,210,17,227,0,1
reference,hit,225,287,489,776,0,1
reference,miss,226,200,17,217,0,1
reference,hit,226,274,506,780,0,1
reference,miss,227,215,17,232,0,1
reference,hit,227,276,503,779,0,1
reference,miss,228,198,18,216,0,1
reference,hit,228,279,479,758,0,1
reference,miss,229,222,17,239,0,1
reference,hit,229,309,639,948,0,1
reference,miss,230,205,18,223,0,1
reference,hit,230,282,505,787,0,1
reference,miss,231,214,17,231,0,1
reference,hit,231,283,505,788,0,1
reference,miss,232,203,18,221,0,1
reference,hit,232,284,508,792,0,1
reference,miss,233,219,18,237,0,1
reference,hit,233,286,513,799,0,1
reference,miss,234,206,18,224,0,1
reference,hit,234,274,508,782,0,1
reference,miss,235,226,18,244,0,1
reference,hit,235,292,494,786,0,1
reference,miss,236,206,18,224,0,1
reference,hit,236,277,519,796,0,1
reference,miss,237,218,19,237,0,1
reference,hit,237,285,491,776,0,1
reference,miss,238,202,18,220,0,1
reference,hit,238,279,483,762,0,1
reference,miss,239,223,18,241,0,1
reference,hit,239,285,492,777,0,1
reference,miss,240,204,18,222,0,1
reference,hit,240,281,494,775,0,1
reference,miss,241,235,17,252,0,1
reference,hit,241,287,494,781,0,1
reference,miss,242,206,19,225,0,1
reference,hit,242,351,692,1043,0,1
reference,miss,243,221,19,240,0,1
reference,hit,243,290,488,778,0,1
reference,miss,244,206,17,223,0,1
reference,hit,244,293,481,774,0,1
reference,miss,245,217,18,235,0,1
reference,hit,245,295,476,771,0,1
reference,miss,246,208,18,226,0,1
reference,hit,246,285,501,786,0,1
reference,miss,247,233,17,250,0,1
reference,hit,247,286,492,778,0,1
reference,miss,248,204,18,222,0,1
reference,hit,248,288,492,780,0,1
reference,miss,249,217,17,234,0,1
reference,hit,249,286,516,802,0,1
reference,miss,250,201,17,218,0,1
reference,hit,250,292,503,795,0,1
reference,miss,251,217,18,235,0,1
reference,hit,251,331,640,971,0,1
reference,miss,252,208,18,226,0,1
reference,hit,252,296,517,813,0,1
reference,miss,253,237,17,254,0,1
reference,hit,253,290,509,799,0,1
reference,miss,254,203,17,220,0,1
reference,hit,254,288,525,813,0,1
reference,miss,255,233,17,250,0,1
reference,hit,255,300,511,811,0,1
reference,miss,256,210,18,228,0,1
reference,hit,256,296,490,786,0,1
reference,miss,257,218,18,236,0,1
reference,hit,257,292,491,783,0,1
reference,miss,258,210,18,228,0,1
reference,hit,258,290,496,786,0,1
reference,miss,259,218,18,236,0,1
reference,hit,259,294,493,787,0,1
reference,miss,260,208,17,225,0,1
reference,hit,260,285,493,778,0,1
reference,miss,261,216,18,234,0,1
reference,hit,261,290,498,788,0,1
reference,miss,262,206,17,223,0,1
reference,hit,262,287,504,791,0,1
reference,miss,263,216,18,234,0,1
reference,hit,263,283,489,772,0,1
reference,miss,264,207,17,224,0,1
reference,hit,264,288,488,776,0,1
reference,miss,265,225,17,242,0,1
reference,hit,265,294,496,790,0,1
reference,miss,266,209,17,226,0,1
reference,hit,266,286,488,774,0,1
reference,miss,267,231,18,249,0,1
reference,hit,267,288,514,802,0,1
reference,miss,268,205,18,223,0,1
reference,hit,268,290,500,790,0,1
reference,miss,269,229,19,248,0,1
reference,hit,269,290,499,789,0,1
reference,miss,270,208,17,225,0,1
reference,hit,270,293,479,772,0,1
reference,miss,271,220,18,238,0,1
reference,hit,271,283,490,773,0,1
reference,miss,272,207,17,224,0,1
reference,hit,272,290,504,794,0,1
reference,miss,273,218,17,235,0,1
reference,hit,273,347,640,987,0,1
reference,miss,274,211,17,228,0,1
reference,hit,274,286,501,787,0,1
reference,miss,275,224,18,242,0,1
reference,hit,275,352,641,993,0,1
reference,miss,276,205,19,224,0,1
reference,hit,276,346,658,1004,0,1
reference,miss,277,325,21,346,0,1
reference,hit,277,400,710,1110,0,1
reference,miss,278,313,18,331,0,1
reference,hit,278,379,730,1109,0,1
reference,miss,279,306,16,322,0,1
reference,hit,279,387,740,1127,0,1
reference,miss,280,326,17,343,0,1
reference,hit,280,423,626,1049,0,1
reference,miss,281,225,17,242,0,1
reference,hit,281,367,829,1196,0,1
reference,miss,282,204,18,222,0,1
reference,hit,282,423,727,1150,0,1
reference,miss,283,214,18,232,0,1
reference,hit,283,298,562,860,0,1
reference,miss,284,203,18,221,0,1
reference,hit,284,285,492,777,0,1
reference,miss,285,214,18,232,0,1
reference,hit,285,278,500,778,0,1
reference,miss,286,200,19,219,0,1
reference,hit,286,287,483,770,0,1
reference,miss,287,3451,18,3469,0,1
reference,hit,287,285,511,796,0,1
reference,miss,288,210,18,228,0,1
reference,hit,288,296,531,827,0,1
reference,miss,289,209,17,226,0,1
reference,hit,289,345,489,834,0,1
reference,miss,290,194,17,211,0,1
reference,hit,290,276,473,749,0,1
reference,miss,291,208,18,226,0,1
reference,hit,291,271,468,739,0,1
reference,miss,292,198,17,215,0,1
reference,hit,292,358,479,837,0,1
reference,miss,293,209,16,225,0,1
reference,hit,293,273,470,743,0,1
reference,miss,294,199,18,217,0,1
reference,hit,294,275,470,745,0,1
reference,miss,295,217,17,234,0,1
reference,hit,295,333,670,1003,0,1
reference,miss,296,196,18,214,0,1
reference,hit,296,276,498,774,0,1
reference,miss,297,212,17,229,0,1
reference,hit,297,275,460,735,0,1
reference,miss,298,196,17,213,0,1
reference,hit,298,284,559,843,0,1
reference,miss,299,214,18,232,0,1
reference,hit,299,358,500,858,0,1
reference,miss,300,198,18,216,0,1
reference,hit,300,286,483,769,0,1
reference,miss,301,215,18,233,0,1
reference,hit,301,281,477,758,0,1
reference,miss,302,198,17,215,0,1
reference,hit,302,281,473,754,0,1
reference,miss,303,216,16,232,0,1
reference,hit,303,280,481,761,0,1
reference,miss,304,197,17,214,0,1
reference,hit,304,283,556,839,0,1
reference,miss,305,214,18,232,0,1
reference,hit,305,345,467,812,0,1
reference,miss,306,203,17,220,0,1
reference,hit,306,292,500,792,0,1
reference,miss,307,215,18,233,0,1
reference,hit,307,286,487,773,0,1
reference,miss,308,202,18,220,0,1
reference,hit,308,277,480,757,0,1
reference,miss,309,216,18,234,0,1
reference,hit,309,280,487,767,0,1
reference,miss,310,201,18,219,0,1
reference,hit,310,384,653,1037,0,1
reference,miss,311,327,20,347,0,1
reference,hit,311,473,838,1311,0,1
reference,miss,312,277,18,295,0,1
reference,hit,312,336,678,1014,0,1
reference,miss,313,212,18,230,0,1
reference,hit,313,292,543,835,0,1
reference,miss,314,203,18,221,0,1
reference,hit,314,277,496,773,0,1
reference,miss,315,213,17,230,0,1
reference,hit,315,277,478,755,0,1
reference,miss,316,201,17,218,0,1
reference,hit,316,276,470,746,0,1
reference,miss,317,218,18,236,0,1
reference,hit,317,331,644,975,0,1
reference,miss,318,208,17,225,0,1
reference,hit,318,289,503,792,0,1
reference,miss,319,215,18,233,0,1
reference,hit,319,283,494,777,0,1
reference,miss,320,202,17,219,0,1
reference,hit,320,281,471,752,0,1
reference,miss,321,215,18,233,0,1
reference,hit,321,278,480,758,0,1
reference,miss,322,199,18,217,0,1
reference,hit,322,285,462,747,0,1
reference,miss,323,213,17,230,0,1
reference,hit,323,275,466,741,0,1
reference,miss,324,206,17,223,0,1
reference,hit,324,278,585,863,0,1
reference,miss,325,215,17,232,0,1
reference,hit,325,280,489,769,0,1
reference,miss,326,200,17,217,0,1
reference,hit,326,284,480,764,0,1
reference,miss,327,220,17,237,0,1
reference,hit,327,287,483,770,0,1
reference,miss,328,201,17,218,0,1
reference,hit,328,288,471,759,0,1
reference,miss,329,258,17,275,0,1
reference,hit,329,282,485,767,0,1
reference,miss,330,205,18,223,0,1
reference,hit,330,286,478,764,0,1
reference,miss,331,215,19,234,0,1
reference,hit,331,284,505,789,0,1
reference,miss,332,204,18,222,0,1
reference,hit,332,290,469,759,0,1
reference,miss,333,218,19,237,0,1
reference,hit,333,286,478,764,0,1
reference,miss,334,205,17,222,0,1
reference,hit,334,290,472,762,0,1
reference,miss,335,219,18,237,0,1
reference,hit,335,281,500,781,0,1
reference,miss,336,205,17,222,0,1
reference,hit,336,375,486,861,0,1
reference,miss,337,217,18,235,0,1
reference,hit,337,284,490,774,0,1
reference,miss,338,203,17,220,0,1
reference,hit,338,292,488,780,0,1
reference,miss,339,230,19,249,0,1
reference,hit,339,386,736,1122,0,1
reference,miss,340,207,18,225,0,1
reference,hit,340,283,547,830,0,1
reference,miss,341,216,18,234,0,1
reference,hit,341,279,494,773,0,1
reference,miss,342,203,18,221,0,1
reference,hit,342,284,500,784,0,1
reference,miss,343,216,19,235,0,1
reference,hit,343,284,514,798,0,1
reference,miss,344,204,18,222,0,1
reference,hit,344,284,564,848,0,1
reference,miss,345,220,18,238,0,1
reference,hit,345,283,482,765,0,1
reference,miss,346,208,17,225,0,1
reference,hit,346,278,508,786,0,1
reference,miss,347,217,18,235,0,1
reference,hit,347,379,735,1114,0,1
reference,miss,348,207,18,225,0,1
reference,hit,348,295,541,836,0,1
reference,miss,349,219,17,236,0,1
reference,hit,349,286,491,777,0,1
reference,miss,350,204,18,222,0,1
reference,hit,350,290,489,779,0,1
reference,miss,351,218,18,236,0,1
reference,hit,351,280,512,792,0,1
reference,miss,352,206,18,224,0,1
reference,hit,352,288,520,808,0,1
reference,miss,353,217,19,236,0,1
reference,hit,353,281,503,784,0,1
reference,miss,354,206,18,224,0,1
reference,hit,354,282,530,812,0,1
reference,miss,355,217,18,235,0,1
reference,hit,355,283,505,788,0,1
reference,miss,356,208,18,226,0,1
reference,hit,356,284,492,776,0,1
reference,miss,357,218,19,237,0,1
reference,hit,357,282,508,790,0,1
reference,miss,358,205,18,223,0,1
reference,hit,358,287,505,792,0,1
reference,miss,359,220,17,237,0,1
reference,hit,359,281,523,804,0,1
reference,miss,360,203,18,221,0,1
reference,hit,360,283,492,775,0,1
reference,miss,361,226,17,243,0,1
reference,hit,361,335,643,978,0,1
reference,miss,362,209,19,228,0,1
reference,hit,362,286,513,799,0,1
reference,miss,363,220,18,238,0,1
reference,hit,363,286,508,794,0,1
reference,miss,364,206,17,223,0,1
reference,hit,364,287,511,798,0,1
reference,miss,365,220,18,238,0,1
reference,hit,365,288,503,791,0,1
reference,miss,366,203,18,221,0,1
reference,hit,366,288,527,815,0,1
reference,miss,367,221,18,239,0,1
reference,hit,367,283,505,788,0,1
reference,miss,368,202,18,220,0,1
reference,hit,368,281,521,802,0,1
reference,miss,369,219,18,237,0,1
reference,hit,369,277,507,784,0,1
reference,miss,370,204,18,222,0,1
reference,hit,370,286,501,787,0,1
reference,miss,371,220,18,238,0,1
reference,hit,371,284,500,784,0,1
reference,miss,372,205,19,224,0,1
reference,hit,372,286,508,794,0,1
reference,miss,373,220,18,238,0,1
reference,hit,373,286,501,787,0,1
reference,miss,374,206,17,223,0,1
reference,hit,374,288,501,789,0,1
reference,miss,375,220,18,238,0,1
reference,hit,375,278,569,847,0,1
reference,miss,376,204,18,222,0,1
reference,hit,376,280,568,848,0,1
reference,miss,377,219,19,238,0,1
reference,hit,377,281,518,799,0,1
reference,miss,378,207,18,225,0,1
reference,hit,378,271,530,801,0,1
reference,miss,379,218,18,236,0,1
reference,hit,379,282,514,796,0,1
reference,miss,380,202,18,220,0,1
reference,hit,380,287,499,786,0,1
reference,miss,381,218,18,236,0,1
reference,hit,381,286,518,804,0,1
reference,miss,382,205,18,223,0,1
reference,hit,382,288,485,773,0,1
reference,miss,383,219,18,237,0,1
reference,hit,383,335,631,966,0,1
reference,miss,384,207,19,226,0,1
reference,hit,384,288,512,800,0,1
reference,miss,385,219,19,238,0,1
reference,hit,385,294,508,802,0,1
reference,miss,386,205,20,225,0,1
reference,hit,386,288,506,794,0,1
reference,miss,387,218,18,236,0,1
reference,hit,387,288,487,775,0,1
reference,miss,388,208,18,226,0,1
reference,hit,388,279,504,783,0,1
reference,miss,389,215,18,233,0,1
reference,hit,389,287,508,795,0,1
reference,miss,390,205,18,223,0,1
reference,hit,390,292,505,797,0,1
reference,miss,391,222,17,239,0,1
reference,hit,391,304,525,829,0,1
reference,miss,392,208,18,226,0,1
reference,hit,392,280,504,784,0,1
reference,miss,393,212,18,230,0,1
reference,hit,393,273,503,776,0,1
reference,miss,394,202,19,221,0,1
reference,hit,394,280,488,768,0,1
reference,miss,395,211,17,228,0,1
reference,hit,395,267,473,740,0,1
reference,miss,396,202,18,220,0,1
reference,hit,396,271,481,752,0,1
reference,miss,397,211,18,229,0,1
reference,hit,397,272,495,767,0,1
reference,miss,398,203,17,220,0,1
reference,hit,398,282,472,754,0,1
reference,miss,399,212,18,230,0,1
reference,hit,399,272,493,765,0,1
reference,miss,400,201,17,218,0,1
reference,hit,400,281,500,781,0,1
reference,miss,401,212,17,229,0,1
reference,hit,401,269,497,766,0,1
reference,miss,402,199,17,216,0,1
reference,hit,402,275,472,747,0,1
reference,miss,403,214,17,231,0,1
reference,hit,403,277,487,764,0,1
reference,miss,404,199,18,217,0,1
reference,hit,404,276,486,762,0,1
reference,miss,405,212,17,229,0,1
reference,hit,405,330,628,958,0,1
reference,miss,406,201,17,218,0,1
reference,hit,406,281,505,786,0,1
reference,miss,407,210,17,227,0,1
reference,hit,407,286,497,783,0,1
reference,miss,408,198,18,216,0,1
reference,hit,408,291,525,816,0,1
reference,miss,409,219,696,915,0,1
reference,hit,409,280,1667,1947,0,1
reference,miss,410,222,18,240,0,1
reference,hit,410,289,483,772,0,1
reference,miss,411,221,17,238,0,1
reference,hit,411,291,520,811,0,1
reference,miss,412,204,19,223,0,1
reference,hit,412,283,483,766,0,1
reference,miss,413,220,18,238,0,1
reference,hit,413,294,484,778,0,1
reference,miss,414,208,17,225,0,1
reference,hit,414,289,516,805,0,1
reference,miss,415,220,18,238,0,1
reference,hit,415,293,487,780,0,1
reference,miss,416,207,18,225,0,1
reference,hit,416,293,493,786,0,1
reference,miss,417,223,19,242,0,1
reference,hit,417,294,495,789,0,1
reference,miss,418,205,18,223,0,1
reference,hit,418,291,503,794,0,1
reference,miss,419,214,19,233,0,1
reference,hit,419,293,488,781,0,1
reference,miss,420,206,18,224,0,1
reference,hit,420,287,493,780,0,1
reference,miss,421,215,18,233,0,1
reference,hit,421,286,487,773,0,1
reference,miss,422,201,18,219,0,1
reference,hit,422,286,511,797,0,1
reference,miss,423,215,16,231,0,1
reference,hit,423,290,494,784,0,1
reference,miss,424,203,17,220,0,1
reference,hit,424,291,496,787,0,1
reference,miss,425,222,18,240,0,1
reference,hit,425,296,496,792,0,1
reference,miss,426,209,17,226,0,1
reference,hit,426,290,508,798,0,1
reference,miss,427,226,18,244,0,1
reference,hit,427,338,653,991,0,1
reference,miss,428,204,18,222,0,1
reference,hit,428,285,482,767,0,1
reference,miss,429,221,18,239,0,1
reference,hit,429,287,487,774,0,1
reference,miss,430,210,18,228,0,1
reference,hit,430,288,492,780,0,1
reference,miss,431,217,18,235,0,1
reference,hit,431,284,481,765,0,1
reference,miss,432,205,17,222,0,1
reference,hit,432,286,508,794,0,1
reference,miss,433,222,17,239,0,1
reference,hit,433,288,545,833,0,1
reference,miss,434,204,17,221,0,1
reference,hit,434,292,490,782,0,1
reference,miss,435,220,18,238,0,1
reference,hit,435,286,495,781,0,1
reference,miss,436,204,18,222,0,1
reference,hit,436,294,528,822,0,1
reference,miss,437,221,18,239,0,1
reference,hit,437,288,492,780,0,1
reference,miss,438,205,18,223,0,1
reference,hit,438,283,494,777,0,1
reference,miss,439,232,19,251,0,1
reference,hit,439,336,579,915,0,1
reference,miss,440,214,18,232,0,1
reference,hit,440,291,502,793,0,1
reference,miss,441,220,18,238,0,1
reference,hit,441,291,520,811,0,1
reference,miss,442,205,18,223,0,1
reference,hit,442,282,481,763,0,1
reference,miss,443,219,16,235,0,1
reference,hit,443,283,502,785,0,1
reference,miss,444,210,17,227,0,1
reference,hit,444,294,484,778,0,1
reference,miss,445,405,17,422,0,1
reference,hit,445,437,818,1255,0,1
reference,miss,446,268,18,286,0,1
reference,hit,446,352,802,1154,0,1
reference,miss,447,217,18,235,0,1
reference,hit,447,293,523,816,0,1
reference,miss,448,207,18,225,0,1
reference,hit,448,282,498,780,0,1
reference,miss,449,224,18,242,0,1
reference,hit,449,338,658,996,0,1
reference,miss,450,209,18,227,0,1
reference,hit,450,287,564,851,0,1
reference,miss,451,223,19,242,0,1
reference,hit,451,287,509,796,0,1
reference,miss,452,205,17,222,0,1
reference,hit,452,284,523,807,0,1
reference,miss,453,217,19,236,0,1
reference,hit,453,288,477,765,0,1
reference,miss,454,206,18,224,0,1
reference,hit,454,288,474,762,0,1
reference,miss,455,222,18,240,0,1
reference,hit,455,288,488,776,0,1
reference,miss,456,205,18,223,0,1
reference,hit,456,284,479,763,0,1
reference,miss,457,218,18,236,0,1
reference,hit,457,287,485,772,0,1
reference,miss,458,206,18,224,0,1
reference,hit,458,285,497,782,0,1
reference,miss,459,219,18,237,0,1
reference,hit,459,288,484,772,0,1
reference,miss,460,213,17,230,0,1
reference,hit,460,285,505,790,0,1
reference,miss,461,224,19,243,0,1
reference,hit,461,287,476,763,0,1
reference,miss,462,209,17,226,0,1
reference,hit,462,279,479,758,0,1
reference,miss,463,221,18,239,0,1
reference,hit,463,289,497,786,0,1
reference,miss,464,206,19,225,0,1
reference,hit,464,286,507,793,0,1
reference,miss,465,327,26,353,0,1
reference,hit,465,393,678,1071,0,1
reference,miss,466,302,24,326,0,1
reference,hit,466,341,709,1050,0,1
reference,miss,467,218,18,236,0,1
reference,hit,467,285,495,780,0,1
reference,miss,468,210,17,227,0,1
reference,hit,468,287,491,778,0,1
reference,miss,469,218,18,236,0,1
reference,hit,469,286,479,765,0,1
reference,miss,470,203,18,221,0,1
reference,hit,470,292,504,796,0,1
reference,miss,471,223,18,241,0,1
reference,hit,471,333,646,979,0,1
reference,miss,472,207,17,224,0,1
reference,hit,472,291,493,784,0,1
reference,miss,473,221,17,238,0,1
reference,hit,473,293,482,775,0,1
reference,miss,474,209,17,226,0,1
reference,hit,474,285,485,770,0,1
reference,miss,475,219,18,237,0,1
reference,hit,475,290,500,790,0,1
reference,miss,476,202,17,219,0,1
reference,hit,476,285,487,772,0,1
reference,miss,477,222,17,239,0,1
reference,hit,477,291,499,790,0,1
reference,miss,478,203,18,221,0,1
reference,hit,478,286,502,788,0,1
reference,miss,479,217,18,235,0,1
reference,hit,479,286,483,769,0,1
reference,miss,480,206,18,224,0,1
reference,hit,480,290,497,787,0,1
reference,miss,481,225,17,242,0,1
reference,hit,481,282,491,773,0,1
reference,miss,482,209,17,226,0,1
reference,hit,482,282,492,774,0,1
reference,miss,483,220,19,239,0,1
reference,hit,483,284,496,780,0,1
reference,miss,484,209,17,226,0,1
reference,hit,484,347,609,956,0,1
reference,miss,485,216,18,234,0,1
reference,hit,485,286,512,798,0,1
reference,miss,486,208,17,225,0,1
reference,hit,486,288,622,910,0,1
reference,miss,487,216,18,234,0,1
reference,hit,487,278,496,774,0,1
reference,miss,488,206,18,224,0,1
reference,hit,488,292,497,789,0,1
reference,miss,489,218,18,236,0,1
reference,hit,489,283,482,765,0,1
reference,miss,490,201,17,218,0,1
reference,hit,490,292,478,770,0,1
reference,miss,491,229,18,247,0,1
reference,hit,491,351,649,1000,0,1
reference,miss,492,211,18,229,0,1
reference,hit,492,288,505,793,0,1
reference,miss,493,224,19,243,0,1
reference,hit,493,342,696,1038,0,1
reference,miss,494,210,18,228,0,1
reference,hit,494,289,547,836,0,1
reference,miss,495,220,18,238,0,1
reference,hit,495,282,512,794,0,1
reference,miss,496,208,18,226,0,1
reference,hit,496,290,507,797,0,1
reference,miss,497,220,18,238,0,1
reference,hit,497,288,496,784,0,1
reference,miss,498,206,18,224,0,1
reference,hit,498,284,522,806,0,1
reference,miss,499,219,17,236,0,1
reference,hit,499,288,496,784,0,1
reference,miss,500,202,18,220,0,1
reference,hit,500,275,502,777,0,1
reference,miss,501,222,17,239,0,1
reference,hit,501,289,495,784,0,1
reference,miss,502,204,17,221,0,1
reference,hit,502,286,508,794,0,1
reference,miss,503,217,18,235,0,1
reference,hit,503,286,522,808,0,1
reference,miss,504,203,18,221,0,1
reference,hit,504,282,548,830,0,1
reference,miss,505,220,18,238,0,1
reference,hit,505,293,498,791,0,1
reference,miss,506,207,17,224,0,1
reference,hit,506,282,523,805,0,1
reference,miss,507,221,18,239,0,1
reference,hit,507,290,500,790,0,1
reference,miss,508,201,17,218,0,1
reference,hit,508,283,514,797,0,1
reference,miss,509,218,19,237,0,1
reference,hit,509,283,504,787,0,1
reference,miss,510,204,17,221,0,1
reference,hit,510,286,488,774,0,1
reference,miss,511,226,702,928,0,1
reference,hit,511,294,1563,1857,0,1
reference,miss,512,220,18,238,0,1
reference,hit,512,292,515,807,0,1
reference,miss,513,220,18,238,0,1
reference,hit,513,291,500,791,0,1
reference,miss,514,213,19,232,0,1
reference,hit,514,289,523,812,0,1
reference,miss,515,214,19,233,0,1
reference,hit,515,330,637,967,0,1
reference,miss,516,209,17,226,0,1
reference,hit,516,289,512,801,0,1
reference,miss,517,218,18,236,0,1
reference,hit,517,292,498,790,0,1
reference,miss,518,204,18,222,0,1
reference,hit,518,282,487,769,0,1
reference,miss,519,219,18,237,0,1
reference,hit,519,286,493,779,0,1
reference,miss,520,204,17,221,0,1
reference,hit,520,282,502,784,0,1
reference,miss,521,216,17,233,0,1
reference,hit,521,286,489,775,0,1
reference,miss,522,206,17,223,0,1
reference,hit,522,290,489,779,0,1
reference,miss,523,217,18,235,0,1
reference,hit,523,274,484,758,0,1
reference,miss,524,208,18,226,0,1
reference,hit,524,281,481,762,0,1
reference,miss,525,223,18,241,0,1
reference,hit,525,273,497,770,0,1
reference,miss,526,204,17,221,0,1
reference,hit,526,281,474,755,0,1
reference,miss,527,226,18,244,0,1
reference,hit,527,287,482,769,0,1
reference,miss,528,211,17,228,0,1
reference,hit,528,286,491,777,0,1
reference,miss,529,226,17,243,0,1
reference,hit,529,288,499,787,0,1
reference,miss,530,205,18,223,0,1
reference,hit,530,290,477,767,0,1
reference,miss,531,219,18,237,0,1
reference,hit,531,285,488,773,0,1
reference,miss,532,210,17,227,0,1
reference,hit,532,288,482,770,0,1
reference,miss,533,221,17,238,0,1
reference,hit,533,275,491,766,0,1
reference,miss,534,205,17,222,0,1
reference,hit,534,290,486,776,0,1
reference,miss,535,222,18,240,0,1
reference,hit,535,289,484,773,0,1
reference,miss,536,209,17,226,0,1
reference,hit,536,289,494,783,0,1
reference,miss,537,219,18,237,0,1
reference,hit,537,331,632,963,0,1
reference,miss,538,206,17,223,0,1
reference,hit,538,290,495,785,0,1
reference,miss,539,215,17,232,0,1
reference,hit,539,286,488,774,0,1
reference,miss,540,198,18,216,0,1
reference,hit,540,280,502,782,0,1
reference,miss,541,209,18,227,0,1
reference,hit,541,283,484,767,0,1
reference,miss,542,200,18,218,0,1
reference,hit,542,277,485,762,0,1
reference,miss,543,213,17,230,0,1
reference,hit,543,280,503,783,0,1
reference,miss,544,199,17,216,0,1
reference,hit,544,284,487,771,0,1
reference,miss,545,210,18,228,0,1
reference,hit,545,296,551,847,0,1
reference,miss,546,203,18,221,0,1
reference,hit,546,283,484,767,0,1
reference,miss,547,216,17,233,0,1
reference,hit,547,284,493,777,0,1
reference,miss,548,204,19,223,0,1
reference,hit,548,277,489,766,0,1
reference,miss,549,211,18,229,0,1
reference,hit,549,280,487,767,0,1
reference,miss,550,198,16,214,0,1
reference,hit,550,283,501,784,0,1
reference,miss,551,210,16,226,0,1
reference,hit,551,275,476,751,0,1
reference,miss,552,199,18,217,0,1
reference,hit,552,282,500,782,0,1
reference,miss,553,215,19,234,0,1
reference,hit,553,283,475,758,0,1
reference,miss,554,204,18,222,0,1
reference,hit,554,284,482,766,0,1
reference,miss,555,214,19,233,0,1
reference,hit,555,277,478,755,0,1
reference,miss,556,203,17,220,0,1
reference,hit,556,284,477,761,0,1
reference,miss,557,212,18,230,0,1
reference,hit,557,283,478,761,0,1
reference,miss,558,197,17,214,0,1
reference,hit,558,280,484,764,0,1
reference,miss,559,220,18,238,0,1
reference,hit,559,309,618,927,0,1
reference,miss,560,205,18,223,0,1
reference,hit,560,281,484,765,0,1
reference,miss,561,216,18,234,0,1
reference,hit,561,285,499,784,0,1
reference,miss,562,199,17,216,0,1
reference,hit,562,283,488,771,0,1
reference,miss,563,216,18,234,0,1
reference,hit,563,278,473,751,0,1
reference,miss,564,205,18,223,0,1
reference,hit,564,282,472,754,0,1
reference,miss,565,216,18,234,0,1
reference,hit,565,281,476,757,0,1
reference,miss,566,200,18,218,0,1
reference,hit,566,282,497,779,0,1
reference,miss,567,218,18,236,0,1
reference,hit,567,280,486,766,0,1
reference,miss,568,202,18,220,0,1
reference,hit,568,282,480,762,0,1
reference,miss,569,215,16,231,0,1
reference,hit,569,276,483,759,0,1
reference,miss,570,198,18,216,0,1
reference,hit,570,279,502,781,0,1
reference,miss,571,216,18,234,0,1
reference,hit,571,283,489,772,0,1
reference,miss,572,200,18,218,0,1
reference,hit,572,280,472,752,0,1
reference,miss,573,219,17,236,0,1
reference,hit,573,280,473,753,0,1
reference,miss,574,203,17,220,0,1
reference,hit,574,278,483,761,0,1
reference,miss,575,323,29,352,0,1
reference,hit,575,391,769,1160,0,1
reference,miss,576,337,22,359,0,1
reference,hit,576,316,592,908,0,1
reference,miss,577,228,19,247,0,1
reference,hit,577,286,481,767,0,1
reference,miss,578,204,18,222,0,1
reference,hit,578,287,470,757,0,1
reference,miss,579,218,18,236,0,1
reference,hit,579,279,471,750,0,1
reference,miss,580,202,17,219,0,1
reference,hit,580,277,483,760,0,1
reference,miss,581,216,18,234,0,1
reference,hit,581,331,668,999,0,1
reference,miss,582,201,18,219,0,1
reference,hit,582,279,507,786,0,1
reference,miss,583,215,18,233,0,1
reference,hit,583,276,484,760,0,1
reference,miss,584,198,18,216,0,1
reference,hit,584,281,468,749,0,1
reference,miss,585,217,18,235,0,1
reference,hit,585,281,481,762,0,1
reference,miss,586,204,16,220,0,1
reference,hit,586,281,483,764,0,1
reference,miss,587,286,30,316,0,1
reference,hit,587,373,731,1104,0,1
reference,miss,588,318,21,339,0,1
reference,hit,588,398,670,1068,0,1
reference,miss,589,316,21,337,0,1
reference,hit,589,386,715,1101,0,1
reference,miss,590,304,29,333,0,1
reference,hit,590,397,622,1019,0,1
reference,miss,591,315,26,341,0,1
reference,hit,591,401,661,1062,0,1
reference,miss,592,337,18,355,0,1
reference,hit,592,386,805,1191,0,1
reference,miss,593,222,17,239,0,1
reference,hit,593,335,735,1070,0,1
reference,miss,594,205,18,223,0,1
reference,hit,594,294,538,832,0,1
reference,miss,595,221,18,239,0,1
reference,hit,595,283,509,792,0,1
reference,miss,596,210,18,228,0,1
reference,hit,596,286,503,789,0,1
reference,miss,597,219,18,237,0,1
reference,hit,597,280,508,788,0,1
reference,miss,598,210,18,228,0,1
reference,hit,598,290,500,790,0,1
reference,miss,599,220,18,238,0,1
reference,hit,599,304,506,810,0,1
reference,miss,600,209,18,227,0,1
reference,hit,600,288,503,791,0,1
reference,miss,601,223,17,240,0,1
reference,hit,601,307,548,855,0,1
reference,miss,602,210,18,228,0,1
reference,hit,602,294,501,795,0,1
reference,miss,603,239,18,257,0,1
reference,hit,603,337,613,950,0,1
reference,miss,604,212,18,230,0,1
reference,hit,604,291,535,826,0,1
reference,miss,605,224,18,242,0,1
reference,hit,605,289,505,794,0,1
reference,miss,606,206,18,224,0,1
reference,hit,606,289,490,779,0,1
reference,miss,607,220,18,238,0,1
reference,hit,607,289,494,783,0,1
reference,miss,608,213,17,230,0,1
reference,hit,608,289,497,786,0,1
reference,miss,609,225,17,242,0,1
reference,hit,609,292,504,796,0,1
reference,miss,610,215,18,233,0,1
reference,hit,610,308,492,800,0,1
reference,miss,611,221,18,239,0,1
reference,hit,611,281,520,801,0,1
reference,miss,612,208,18,226,0,1
reference,hit,612,289,501,790,0,1
reference,miss,613,219,18,237,0,1
reference,hit,613,302,511,813,0,1
reference,miss,614,210,1187,1397,0,1
reference,hit,614,293,1344,1637,0,1
reference,miss,615,220,18,238,0,1
reference,hit,615,282,513,795,0,1
reference,miss,616,210,18,228,0,1
reference,hit,616,291,492,783,0,1
reference,miss,617,223,18,241,0,1
reference,hit,617,284,494,778,0,1
reference,miss,618,214,18,232,0,1
reference,hit,618,282,517,799,0,1
reference,miss,619,220,18,238,0,1
reference,hit,619,306,489,795,0,1
reference,miss,620,210,18,228,0,1
reference,hit,620,287,492,779,0,1
reference,miss,621,227,19,246,0,1
reference,hit,621,290,488,778,0,1
reference,miss,622,215,18,233,0,1
reference,hit,622,308,513,821,0,1
reference,miss,623,216,19,235,0,1
reference,hit,623,278,483,761,0,1
reference,miss,624,210,17,227,0,1
reference,hit,624,285,515,800,0,1
reference,miss,625,220,18,238,0,1
reference,hit,625,323,608,931,0,1
reference,miss,626,207,18,225,0,1
reference,hit,626,283,513,796,0,1
reference,miss,627,234,19,253,0,1
reference,hit,627,291,506,797,0,1
reference,miss,628,207,18,225,0,1
reference,hit,628,290,498,788,0,1
reference,miss,629,218,19,237,0,1
reference,hit,629,302,501,803,0,1
reference,miss,630,206,18,224,0,1
reference,hit,630,281,487,768,0,1
reference,miss,631,222,19,241,0,1
reference,hit,631,282,545,827,0,1
reference,miss,632,206,18,224,0,1
reference,hit,632,289,491,780,0,1
reference,miss,633,219,18,237,0,1
reference,hit,633,280,502,782,0,1
reference,miss,634,209,19,228,0,1
reference,hit,634,282,496,778,0,1
reference,miss,635,221,18,239,0,1
reference,hit,635,283,483,766,0,1
reference,miss,636,214,19,233,0,1
reference,hit,636,295,482,777,0,1
reference,miss,637,232,18,250,0,1
reference,hit,637,283,494,777,0,1
reference,miss,638,206,19,225,0,1
reference,hit,638,285,496,781,0,1
reference,miss,639,215,19,234,0,1
reference,hit,639,294,504,798,0,1
reference,miss,640,207,18,225,0,1
reference,hit,640,290,509,799,0,1
reference,miss,641,219,18,237,0,1
reference,hit,641,276,492,768,0,1
reference,miss,642,205,18,223,0,1
reference,hit,642,286,521,807,0,1
reference,miss,643,218,18,236,0,1
reference,hit,643,302,483,785,0,1
reference,miss,644,207,18,225,0,1
reference,hit,644,284,483,767,0,1
reference,miss,645,218,17,235,0,1
reference,hit,645,279,494,773,0,1
reference,miss,646,207,18,225,0,1
reference,hit,646,289,483,772,0,1
reference,miss,647,221,18,239,0,1
reference,hit,647,344,622,966,0,1
reference,miss,648,209,18,227,0,1
reference,hit,648,287,491,778,0,1
reference,miss,649,224,19,243,0,1
reference,hit,649,292,484,776,0,1
reference,miss,650,205,17,222,0,1
reference,hit,650,284,572,856,0,1
reference,miss,651,232,18,250,0,1
reference,hit,651,293,500,793,0,1
reference,miss,652,208,18,226,0,1
reference,hit,652,287,483,770,0,1
reference,miss,653,224,18,242,0,1
reference,hit,653,281,479,760,0,1
reference,miss,654,204,18,222,0,1
reference,hit,654,290,484,774,0,1
reference,miss,655,224,17,241,0,1
reference,hit,655,290,475,765,0,1
reference,miss,656,202,18,220,0,1
reference,hit,656,287,491,778,0,1
reference,miss,657,241,18,259,0,1
reference,hit,657,362,632,994,0,1
reference,miss,658,214,18,232,0,1
reference,hit,658,289,574,863,0,1
reference,miss,659,235,18,253,0,1
reference,hit,659,299,481,780,0,1
reference,miss,660,207,19,226,0,1
reference,hit,660,290,483,773,0,1
reference,miss,661,234,18,252,0,1
reference,hit,661,294,516,810,0,1
reference,miss,662,204,18,222,0,1
reference,hit,662,291,497,788,0,1
reference,miss,663,221,18,239,0,1
reference,hit,663,285,480,765,0,1
reference,miss,664,266,18,284,0,1
reference,hit,664,285,498,783,0,1
reference,miss,665,223,19,242,0,1
reference,hit,665,284,481,765,0,1
reference,miss,666,208,18,226,0,1
reference,hit,666,281,589,870,0,1
reference,miss,667,223,19,242,0,1
reference,hit,667,289,482,771,0,1
reference,miss,668,215,17,232,0,1
reference,hit,668,291,557,848,0,1
reference,miss,669,226,17,243,0,1
reference,hit,669,359,669,1028,0,1
reference,miss,670,208,18,226,0,1
reference,hit,670,282,506,788,0,1
reference,miss,671,219,18,237,0,1
reference,hit,671,287,501,788,0,1
reference,miss,672,209,18,227,0,1
reference,hit,672,281,498,779,0,1
reference,miss,673,223,18,241,0,1
reference,hit,673,287,482,769,0,1
reference,miss,674,209,18,227,0,1
reference,hit,674,286,488,774,0,1
reference,miss,675,233,18,251,0,1
reference,hit,675,353,486,839,0,1
reference,miss,676,203,18,221,0,1
reference,hit,676,279,485,764,0,1
reference,miss,677,218,18,236,0,1
reference,hit,677,304,497,801,0,1
reference,miss,678,205,18,223,0,1
reference,hit,678,342,547,889,0,1
reference,miss,679,216,18,234,0,1
reference,hit,679,350,481,831,0,1
reference,miss,680,206,17,223,0,1
reference,hit,680,286,556,842,0,1
reference,miss,681,222,19,241,0,1
reference,hit,681,289,604,893,0,1
reference,miss,682,210,17,227,0,1
reference,hit,682,284,495,779,0,1
reference,miss,683,216,19,235,0,1
reference,hit,683,301,504,805,0,1
reference,miss,684,205,19,224,0,1
reference,hit,684,283,478,761,0,1
reference,miss,685,216,18,234,0,1
reference,hit,685,282,495,777,0,1
reference,miss,686,206,18,224,0,1
reference,hit,686,280,499,779,0,1
reference,miss,687,233,18,251,0,1
reference,hit,687,283,488,771,0,1
reference,miss,688,210,18,228,0,1
reference,hit,688,286,498,784,0,1
reference,miss,689,237,18,255,0,1
reference,hit,689,288,483,771,0,1
reference,miss,690,206,19,225,0,1
reference,hit,690,282,486,768,0,1
reference,miss,691,227,17,244,0,1
reference,hit,691,346,650,996,0,1
reference,miss,692,210,18,228,0,1
reference,hit,692,287,527,814,0,1
reference,miss,693,234,19,253,0,1
reference,hit,693,294,482,776,0,1
reference,miss,694,204,17,221,0,1
reference,hit,694,292,495,787,0,1
reference,miss,695,223,18,241,0,1
reference,hit,695,289,504,793,0,1
reference,miss,696,208,18,226,0,1
reference,hit,696,288,491,779,0,1
reference,miss,697,221,18,239,0,1
reference,hit,697,283,480,763,0,1
reference,miss,698,205,17,222,0,1
reference,hit,698,290,7965,8255,0,1
reference,miss,699,221,18,239,0,1
reference,hit,699,302,541,843,0,1
reference,miss,700,206,17,223,0,1
reference,hit,700,792,498,1290,0,1
reference,miss,701,220,17,237,0,1
reference,hit,701,463,484,947,0,1
reference,miss,702,204,18,222,0,1
reference,hit,702,290,938,1228,0,1
reference,miss,703,225,19,244,0,1
reference,hit,703,294,495,789,0,1
reference,miss,704,204,17,221,0,1
reference,hit,704,318,2672,2990,0,1
reference,miss,705,227,18,245,0,1
reference,hit,705,1437,488,1925,0,1
reference,miss,706,214,18,232,0,1
reference,hit,706,299,1503,1802,0,1
reference,miss,707,219,18,237,0,1
reference,hit,707,288,493,781,0,1
reference,miss,708,204,17,221,0,1
reference,hit,708,1118,487,1605,0,1
reference,miss,709,297,23,320,0,1
reference,hit,709,520,610,1130,0,1
reference,miss,710,278,21,299,0,1
reference,hit,710,580,627,1207,0,1
reference,miss,711,215,19,234,0,1
reference,hit,711,307,566,873,0,1
reference,miss,712,206,18,224,0,1
reference,hit,712,282,485,767,0,1
reference,miss,713,225,18,243,0,1
reference,hit,713,360,738,1098,0,1
reference,miss,714,210,18,228,0,1
reference,hit,714,286,513,799,0,1
reference,miss,715,221,17,238,0,1
reference,hit,715,296,486,782,0,1
reference,miss,716,202,2726,2928,0,1
reference,hit,716,1235,2414,3649,0,1
reference,miss,717,222,19,241,0,1
reference,hit,717,305,647,952,0,1
reference,miss,718,217,18,235,0,1
reference,hit,718,296,497,793,0,1
reference,miss,719,219,18,237,0,1
reference,hit,719,280,803,1083,0,1
reference,miss,720,203,16,219,0,1
reference,hit,720,671,485,1156,0,1
reference,miss,721,216,19,235,0,1
reference,hit,721,352,615,967,0,1
reference,miss,722,202,17,219,0,1
reference,hit,722,293,705,998,0,1
reference,miss,723,217,18,235,0,1
reference,hit,723,289,478,767,0,1
reference,miss,724,206,18,224,0,1
reference,hit,724,288,474,762,0,1
reference,miss,725,216,18,234,0,1
reference,hit,725,731,476,1207,0,1
reference,miss,726,211,17,228,0,1
reference,hit,726,290,756,1046,0,1
reference,miss,727,715,18,733,0,1
reference,hit,727,286,497,783,0,1
reference,miss,728,210,18,228,0,1
reference,hit,728,287,472,759,0,1
reference,miss,729,217,18,235,0,1
reference,hit,729,881,506,1387,0,1
reference,miss,730,206,18,224,0,1
reference,hit,730,299,500,799,0,1
reference,miss,731,223,19,242,0,1
reference,hit,731,285,630,915,0,1
reference,miss,732,206,17,223,0,1
reference,hit,732,277,875,1152,0,1
reference,miss,733,211,18,229,0,1
reference,hit,733,281,479,760,0,1
reference,miss,734,207,17,224,0,1
reference,hit,734,284,469,753,0,1
reference,miss,735,210,18,228,0,1
reference,hit,735,629,630,1259,0,1
reference,miss,736,200,18,218,0,1
reference,hit,736,717,517,1234,0,1
reference,miss,737,215,18,233,0,1
reference,hit,737,283,484,767,0,1
reference,miss,738,198,17,215,0,1
reference,hit,738,334,479,813,0,1
reference,miss,739,213,18,231,0,1
reference,hit,739,286,1228,1514,0,1
reference,miss,740,204,17,221,0,1
reference,hit,740,280,536,816,0,1
reference,miss,741,215,18,233,0,1
reference,hit,741,299,617,916,0,1
reference,miss,742,200,17,217,0,1
reference,hit,742,289,463,752,0,1
reference,miss,743,214,17,231,0,1
reference,hit,743,288,494,782,0,1
reference,miss,744,198,17,215,0,1
reference,hit,744,290,691,981,0,1
reference,miss,745,212,17,229,0,1
reference,hit,745,279,488,767,0,1
reference,miss,746,261,17,278,0,1
reference,hit,746,287,480,767,0,1
reference,miss,747,216,17,233,0,1
reference,hit,747,295,471,766,0,1
reference,miss,748,200,18,218,0,1
reference,hit,748,286,495,781,0,1
reference,miss,749,214,18,232,0,1
reference,hit,749,287,499,786,0,1
reference,miss,750,198,18,216,0,1
reference,hit,750,303,577,880,0,1
reference,miss,751,223,18,241,0,1
reference,hit,751,295,507,802,0,1
reference,miss,752,203,17,220,0,1
reference,hit,752,286,733,1019,0,1
reference,miss,753,213,17,230,0,1
reference,hit,753,288,515,803,0,1
reference,miss,754,203,18,221,0,1
reference,hit,754,287,507,794,0,1
reference,miss,755,212,17,229,0,1
reference,hit,755,277,482,759,0,1
reference,miss,756,200,19,219,0,1
reference,hit,756,279,478,757,0,1
reference,miss,757,212,18,230,0,1
reference,hit,757,365,667,1032,0,1
reference,miss,758,205,17,222,0,1
reference,hit,758,285,508,793,0,1
reference,miss,759,218,18,236,0,1
reference,hit,759,297,553,850,0,1
reference,miss,760,200,17,217,0,1
reference,hit,760,278,474,752,0,1
reference,miss,761,214,19,233,0,1
reference,hit,761,284,513,797,0,1
reference,miss,762,199,18,217,0,1
reference,hit,762,288,502,790,0,1
reference,miss,763,213,18,231,0,1
reference,hit,763,306,496,802,0,1
reference,miss,764,200,18,218,0,1
reference,hit,764,286,496,782,0,1
reference,miss,765,216,19,235,0,1
reference,hit,765,292,492,784,0,1
reference,miss,766,199,18,217,0,1
reference,hit,766,285,471,756,0,1
reference,miss,767,211,18,229,0,1
reference,hit,767,292,484,776,0,1
reference,miss,768,199,17,216,0,1
reference,hit,768,286,480,766,0,1
reference,miss,769,218,17,235,0,1
reference,hit,769,276,488,764,0,1
reference,miss,770,204,17,221,0,1
reference,hit,770,293,524,817,0,1
reference,miss,771,216,18,234,0,1
reference,hit,771,287,494,781,0,1
reference,miss,772,208,18,226,0,1
reference,hit,772,292,488,780,0,1
reference,miss,773,219,17,236,0,1
reference,hit,773,286,509,795,0,1
reference,miss,774,206,18,224,0,1
reference,hit,774,291,488,779,0,1
reference,miss,775,217,18,235,0,1
reference,hit,775,293,489,782,0,1
reference,miss,776,206,18,224,0,1
reference,hit,776,285,496,781,0,1
reference,miss,777,218,18,236,0,1
reference,hit,777,283,517,800,0,1
reference,miss,778,206,17,223,0,1
reference,hit,778,285,486,771,0,1
reference,miss,779,215,18,233,0,1
reference,hit,779,324,670,994,0,1
reference,miss,780,207,19,226,0,1
reference,hit,780,290,531,821,0,1
reference,miss,781,216,18,234,0,1
reference,hit,781,295,494,789,0,1
reference,miss,782,207,17,224,0,1
reference,hit,782,290,491,781,0,1
reference,miss,783,216,18,234,0,1
reference,hit,783,284,497,781,0,1
reference,miss,784,204,18,222,0,1
reference,hit,784,297,500,797,0,1
reference,miss,785,218,18,236,0,1
reference,hit,785,650,488,1138,0,1
reference,miss,786,207,18,225,0,1
reference,hit,786,276,500,776,0,1
reference,miss,787,223,18,241,0,1
reference,hit,787,291,729,1020,0,1
reference,miss,788,204,18,222,0,1
reference,hit,788,298,493,791,0,1
reference,miss,789,228,18,246,0,1
reference,hit,789,556,752,1308,0,1
reference,miss,790,209,18,227,0,1
reference,hit,790,286,505,791,0,1
reference,miss,791,220,18,238,0,1
reference,hit,791,290,478,768,0,1
reference,miss,792,201,18,219,0,1
reference,hit,792,294,489,783,0,1
reference,miss,793,220,17,237,0,1
reference,hit,793,307,492,799,0,1
reference,miss,794,203,18,221,0,1
reference,hit,794,292,516,808,0,1
reference,miss,795,220,18,238,0,1
reference,hit,795,285,509,794,0,1
reference,miss,796,206,19,225,0,1
reference,hit,796,294,487,781,0,1
reference,miss,797,219,19,238,0,1
reference,hit,797,307,485,792,0,1
reference,miss,798,203,17,220,0,1
reference,hit,798,291,497,788,0,1
reference,miss,799,218,18,236,0,1
reference,hit,799,313,508,821,0,1
reference,miss,800,208,17,225,0,1
reference,hit,800,284,496,780,0,1
reference,miss,801,222,17,239,0,1
reference,hit,801,326,637,963,0,1
reference,miss,802,212,17,229,0,1
reference,hit,802,280,502,782,0,1
reference,miss,803,219,17,236,0,1
reference,hit,803,291,493,784,0,1
reference,miss,804,205,17,222,0,1
reference,hit,804,366,486,852,0,1
reference,miss,805,215,18,233,0,1
reference,hit,805,289,1086,1375,0,1
reference,miss,806,207,19,226,0,1
reference,hit,806,295,471,766,0,1
reference,miss,807,217,18,235,0,1
reference,hit,807,458,514,972,0,1
reference,miss,808,208,18,226,0,1
reference,hit,808,282,469,751,0,1
reference,miss,809,216,19,235,0,1
reference,hit,809,285,556,841,0,1
reference,miss,810,204,18,222,0,1
reference,hit,810,286,464,750,0,1
reference,miss,811,217,18,235,0,1
reference,hit,811,307,479,786,0,1
reference,miss,812,208,19,227,0,1
reference,hit,812,293,473,766,0,1
reference,miss,813,217,19,236,0,1
reference,hit,813,287,502,789,0,1
reference,miss,814,202,18,220,0,1
reference,hit,814,291,778,1069,0,1
reference,miss,815,217,18,235,0,1
reference,hit,815,293,473,766,0,1
reference,miss,816,205,17,222,0,1
reference,hit,816,282,638,920,0,1
reference,miss,817,216,19,235,0,1
reference,hit,817,291,479,770,0,1
reference,miss,818,212,18,230,0,1
reference,hit,818,293,725,1018,0,1
reference,miss,819,217,17,234,0,1
reference,hit,819,295,479,774,0,1
reference,miss,820,204,18,222,0,1
reference,hit,820,292,486,778,0,1
reference,miss,821,218,18,236,0,1
reference,hit,821,285,480,765,0,1
reference,miss,822,203,19,222,0,1
reference,hit,822,299,984,1283,0,1
reference,miss,823,217,19,236,0,1
reference,hit,823,333,1066,1399,0,1
reference,miss,824,208,18,226,0,1
reference,hit,824,282,522,804,0,1
reference,miss,825,218,18,236,0,1
reference,hit,825,295,484,779,0,1
reference,miss,826,204,18,222,0,1
reference,hit,826,294,473,767,0,1
reference,miss,827,216,18,234,0,1
reference,hit,827,356,475,831,0,1
reference,miss,828,204,19,223,0,1
reference,hit,828,291,468,759,0,1
reference,miss,829,218,17,235,0,1
reference,hit,829,297,516,813,0,1
reference,miss,830,204,17,221,0,1
reference,hit,830,292,476,768,0,1
reference,miss,831,215,19,234,0,1
reference,hit,831,291,466,757,0,1
reference,miss,832,210,17,227,0,1
reference,hit,832,288,474,762,0,1
reference,miss,833,218,18,236,0,1
reference,hit,833,279,491,770,0,1
reference,miss,834,206,18,224,0,1
reference,hit,834,288,486,774,0,1
reference,miss,835,217,19,236,0,1
reference,hit,835,287,530,817,0,1
reference,miss,836,205,18,223,0,1
reference,hit,836,284,477,761,0,1
reference,miss,837,222,19,241,0,1
reference,hit,837,313,561,874,0,1
reference,miss,838,208,18,226,0,1
reference,hit,838,288,504,792,0,1
reference,miss,839,217,17,234,0,1
reference,hit,839,306,487,793,0,1
reference,miss,840,205,17,222,0,1
reference,hit,840,294,516,810,0,1
reference,miss,841,215,19,234,0,1
reference,hit,841,290,472,762,0,1
reference,miss,842,206,18,224,0,1
reference,hit,842,295,480,775,0,1
reference,miss,843,215,18,233,0,1
reference,hit,843,283,477,760,0,1
reference,miss,844,207,17,224,0,1
reference,hit,844,292,482,774,0,1
reference,miss,845,216,18,234,0,1
reference,hit,845,351,889,1240,0,1
reference,miss,846,207,18,225,0,1
reference,hit,846,282,672,954,0,1
reference,miss,847,223,18,241,0,1
reference,hit,847,295,504,799,0,1
reference,miss,848,202,17,219,0,1
reference,hit,848,287,473,760,0,1
reference,miss,849,224,17,241,0,1
reference,hit,849,299,478,777,0,1
reference,miss,850,222,17,239,0,1
reference,hit,850,289,538,827,0,1
reference,miss,851,220,18,238,0,1
reference,hit,851,377,491,868,0,1
reference,miss,852,203,16,219,0,1
reference,hit,852,291,478,769,0,1
reference,miss,853,220,16,236,0,1
reference,hit,853,289,490,779,0,1
reference,miss,854,205,17,222,0,1
reference,hit,854,295,480,775,0,1
reference,miss,855,226,18,244,0,1
reference,hit,855,298,855,1153,0,1
reference,miss,856,204,18,222,0,1
reference,hit,856,880,479,1359,0,1
reference,miss,857,223,18,241,0,1
reference,hit,857,291,503,794,0,1
reference,miss,858,209,18,227,0,1
reference,hit,858,283,990,1273,0,1
reference,miss,859,223,18,241,0,1
reference,hit,859,292,480,772,0,1
reference,miss,860,205,18,223,0,1
reference,hit,860,295,487,782,0,1
reference,miss,861,230,18,248,0,1
reference,hit,861,298,474,772,0,1
reference,miss,862,210,19,229,0,1
reference,hit,862,865,498,1363,0,1
reference,miss,863,225,18,243,0,1
reference,hit,863,295,491,786,0,1
reference,miss,864,211,17,228,0,1
reference,hit,864,296,474,770,0,1
reference,miss,865,218,18,236,0,1
reference,hit,865,305,504,809,0,1
reference,miss,866,205,17,222,0,1
reference,hit,866,292,502,794,0,1
reference,miss,867,222,17,239,0,1
reference,hit,867,339,979,1318,0,1
reference,miss,868,205,17,222,0,1
reference,hit,868,288,649,937,0,1
reference,miss,869,233,19,252,0,1
reference,hit,869,298,472,770,0,1
reference,miss,870,202,17,219,0,1
reference,hit,870,298,481,779,0,1
reference,miss,871,225,18,243,0,1
reference,hit,871,293,477,770,0,1
reference,miss,872,201,19,220,0,1
reference,hit,872,296,505,801,0,1
reference,miss,873,233,18,251,0,1
reference,hit,873,292,492,784,0,1
reference,miss,874,203,18,221,0,1
reference,hit,874,360,543,903,0,1
reference,miss,875,222,20,242,0,1
reference,hit,875,304,493,797,0,1
reference,miss,876,215,17,232,0,1
reference,hit,876,297,499,796,0,1
reference,miss,877,224,19,243,0,1
reference,hit,877,287,522,809,0,1
reference,miss,878,206,18,224,0,1
reference,hit,878,604,640,1244,0,1
reference,miss,879,225,18,243,0,1
reference,hit,879,292,496,788,0,1
reference,miss,880,203,17,220,0,1
reference,hit,880,285,500,785,0,1
reference,miss,881,217,17,234,0,1
reference,hit,881,304,538,842,0,1
reference,miss,882,207,18,225,0,1
reference,hit,882,280,506,786,0,1
reference,miss,883,217,17,234,0,1
reference,hit,883,281,489,770,0,1
reference,miss,884,208,16,224,0,1
reference,hit,884,274,526,800,0,1
reference,miss,885,216,18,234,0,1
reference,hit,885,280,495,775,0,1
reference,miss,886,210,17,227,0,1
reference,hit,886,277,491,768,0,1
reference,miss,887,216,18,234,0,1
reference,hit,887,300,558,858,0,1
reference,miss,888,206,18,224,0,1
reference,hit,888,279,533,812,0,1
reference,miss,889,227,18,245,0,1
reference,hit,889,369,673,1042,0,1
reference,miss,890,210,18,228,0,1
reference,hit,890,292,508,800,0,1
reference,miss,891,216,18,234,0,1
reference,hit,891,305,491,796,0,1
reference,miss,892,210,18,228,0,1
reference,hit,892,284,492,776,0,1
reference,miss,893,218,19,237,0,1
reference,hit,893,303,519,822,0,1
reference,miss,894,207,18,225,0,1
reference,hit,894,292,498,790,0,1
reference,miss,895,215,19,234,0,1
reference,hit,895,297,510,807,0,1
reference,miss,896,208,18,226,0,1
reference,hit,896,283,479,762,0,1
reference,miss,897,216,18,234,0,1
reference,hit,897,284,491,775,0,1
reference,miss,898,207,17,224,0,1
reference,hit,898,283,492,775,0,1
reference,miss,899,216,19,235,0,1
reference,hit,899,300,512,812,0,1
reference,miss,900,202,18,220,0,1
reference,hit,900,287,487,774,0,1
reference,miss,901,215,18,233,0,1
reference,hit,901,280,497,777,0,1
reference,miss,902,207,18,225,0,1
reference,hit,902,289,494,783,0,1
reference,miss,903,216,19,235,0,1
reference,hit,903,302,495,797,0,1
reference,miss,904,205,18,223,0,1
reference,hit,904,284,476,760,0,1
reference,miss,905,218,19,237,0,1
reference,hit,905,302,499,801,0,1
reference,miss,906,208,18,226,0,1
reference,hit,906,284,490,774,0,1
reference,miss,907,216,18,234,0,1
reference,hit,907,283,505,788,0,1
reference,miss,908,208,17,225,0,1
reference,hit,908,287,491,778,0,1
reference,miss,909,216,18,234,0,1
reference,hit,909,279,486,765,0,1
reference,miss,910,208,17,225,0,1
reference,hit,910,290,500,790,0,1
reference,miss,911,248,19,267,0,1
reference,hit,911,350,642,992,0,1
reference,miss,912,208,17,225,0,1
reference,hit,912,292,511,803,0,1
reference,miss,913,217,18,235,0,1
reference,hit,913,287,497,784,0,1
reference,miss,914,206,18,224,0,1
reference,hit,914,275,500,775,0,1
reference,miss,915,217,17,234,0,1
reference,hit,915,280,480,760,0,1
reference,miss,916,205,18,223,0,1
reference,hit,916,285,481,766,0,1
reference,miss,917,221,18,239,0,1
reference,hit,917,288,482,770,0,1
reference,miss,918,212,19,231,0,1
reference,hit,918,288,541,829,0,1
reference,miss,919,219,19,238,0,1
reference,hit,919,301,487,788,0,1
reference,miss,920,207,19,226,0,1
reference,hit,920,282,486,768,0,1
reference,miss,921,232,841,1073,0,1
reference,hit,921,282,1577,1859,0,1
reference,miss,922,219,19,238,0,1
reference,hit,922,289,503,792,0,1
reference,miss,923,219,18,237,0,1
reference,hit,923,294,488,782,0,1
reference,miss,924,202,20,222,0,1
reference,hit,924,285,496,781,0,1
reference,miss,925,221,19,240,0,1
reference,hit,925,278,488,766,0,1
reference,miss,926,207,17,224,0,1
reference,hit,926,290,485,775,0,1
reference,miss,927,215,17,232,0,1
reference,hit,927,279,483,762,0,1
reference,miss,928,207,17,224,0,1
reference,hit,928,288,487,775,0,1
reference,miss,929,218,18,236,0,1
reference,hit,929,281,482,763,0,1
reference,miss,930,206,16,222,0,1
reference,hit,930,280,500,780,0,1
reference,miss,931,234,19,253,0,1
reference,hit,931,286,480,766,0,1
reference,miss,932,203,18,221,0,1
reference,hit,932,286,490,776,0,1
reference,miss,933,241,18,259,0,1
reference,hit,933,346,637,983,0,1
reference,miss,934,208,17,225,0,1
reference,hit,934,288,490,778,0,1
reference,miss,935,216,18,234,0,1
reference,hit,935,286,484,770,0,1
reference,miss,936,210,18,228,0,1
reference,hit,936,283,493,776,0,1
reference,miss,937,214,19,233,0,1
reference,hit,937,281,516,797,0,1
reference,miss,938,203,18,221,0,1
reference,hit,938,292,482,774,0,1
reference,miss,939,234,19,253,0,1
reference,hit,939,286,467,753,0,1
reference,miss,940,204,17,221,0,1
reference,hit,940,285,482,767,0,1
reference,miss,941,216,18,234,0,1
reference,hit,941,289,513,802,0,1
reference,miss,942,207,19,226,0,1
reference,hit,942,287,487,774,0,1
reference,miss,943,222,18,240,0,1
reference,hit,943,287,528,815,0,1
reference,miss,944,209,18,227,0,1
reference,hit,944,294,487,781,0,1
reference,miss,945,222,17,239,0,1
reference,hit,945,288,532,820,0,1
reference,miss,946,204,18,222,0,1
reference,hit,946,290,487,777,0,1
reference,miss,947,222,18,240,0,1
reference,hit,947,285,488,773,0,1
reference,miss,948,206,18,224,0,1
reference,hit,948,288,488,776,0,1
reference,miss,949,224,18,242,0,1
reference,hit,949,290,485,775,0,1
reference,miss,950,209,19,228,0,1
reference,hit,950,278,489,767,0,1
reference,miss,951,222,18,240,0,1
reference,hit,951,285,482,767,0,1
reference,miss,952,206,18,224,0,1
reference,hit,952,284,487,771,0,1
reference,miss,953,223,17,240,0,1
reference,hit,953,286,479,765,0,1
reference,miss,954,212,18,230,0,1
reference,hit,954,292,492,784,0,1
reference,miss,955,223,17,240,0,1
reference,hit,955,329,643,972,0,1
reference,miss,956,205,17,222,0,1
reference,hit,956,295,515,810,0,1
reference,miss,957,218,17,235,0,1
reference,hit,957,301,483,784,0,1
reference,miss,958,202,18,220,0,1
reference,hit,958,293,518,811,0,1
reference,miss,959,221,18,239,0,1
reference,hit,959,305,489,794,0,1
reference,miss,960,211,17,228,0,1
reference,hit,960,301,496,797,0,1
reference,miss,961,223,17,240,0,1
reference,hit,961,293,490,783,0,1
reference,miss,962,208,18,226,0,1
reference,hit,962,296,502,798,0,1
reference,miss,963,223,17,240,0,1
reference,hit,963,291,486,777,0,1
reference,miss,964,226,18,244,0,1
reference,hit,964,295,500,795,0,1
reference,miss,965,222,17,239,0,1
reference,hit,965,292,510,802,0,1
reference,miss,966,210,18,228,0,1
reference,hit,966,334,625,959,0,1
reference,miss,967,215,19,234,0,1
reference,hit,967,291,483,774,0,1
reference,miss,968,208,18,226,0,1
reference,hit,968,291,489,780,0,1
reference,miss,969,223,18,241,0,1
reference,hit,969,294,493,787,0,1
reference,miss,970,206,18,224,0,1
reference,hit,970,295,476,771,0,1
reference,miss,971,224,18,242,0,1
reference,hit,971,292,482,774,0,1
reference,miss,972,215,18,233,0,1
reference,hit,972,290,501,791,0,1
reference,miss,973,217,17,234,0,1
reference,hit,973,288,486,774,0,1
reference,miss,974,205,17,222,0,1
reference,hit,974,282,475,757,0,1
reference,miss,975,224,18,242,0,1
reference,hit,975,291,475,766,0,1
reference,miss,976,211,17,228,0,1
reference,hit,976,280,493,773,0,1
reference,miss,977,226,18,244,0,1
reference,hit,977,372,620,992,0,1
reference,miss,978,211,18,229,0,1
reference,hit,978,296,511,807,0,1
reference,miss,979,234,19,253,0,1
reference,hit,979,294,484,778,0,1
reference,miss,980,209,18,227,0,1
reference,hit,980,294,498,792,0,1
reference,miss,981,222,19,241,0,1
reference,hit,981,291,482,773,0,1
reference,miss,982,211,18,229,0,1
reference,hit,982,296,490,786,0,1
reference,miss,983,221,18,239,0,1
reference,hit,983,290,478,768,0,1
reference,miss,984,209,18,227,0,1
reference,hit,984,297,492,789,0,1
reference,miss,985,220,18,238,0,1
reference,hit,985,294,476,770,0,1
reference,miss,986,210,16,226,0,1
reference,hit,986,290,482,772,0,1
reference,miss,987,222,18,240,0,1
reference,hit,987,291,496,787,0,1
reference,miss,988,204,17,221,0,1
reference,hit,988,293,513,806,0,1
reference,miss,989,223,19,242,0,1
reference,hit,989,287,490,777,0,1
reference,miss,990,213,19,232,0,1
reference,hit,990,299,491,790,0,1
reference,miss,991,221,18,239,0,1
reference,hit,991,293,491,784,0,1
reference,miss,992,205,18,223,0,1
reference,hit,992,290,510,800,0,1
reference,miss,993,221,19,240,0,1
reference,hit,993,285,490,775,0,1
reference,miss,994,206,18,224,0,1
reference,hit,994,287,493,780,0,1
reference,miss,995,223,17,240,0,1
reference,hit,995,294,503,797,0,1
reference,miss,996,209,18,227,0,1
reference,hit,996,286,512,798,0,1
reference,miss,997,223,19,242,0,1
reference,hit,997,291,494,785,0,1
reference,miss,998,209,18,227,0,1
reference,hit,998,297,506,803,0,1
reference,miss,999,225,17,242,0,1
reference,hit,999,362,647,1009,0,1
reference,miss,1000,210,18,228,0,1
reference,hit,1000,290,504,794,0,1
reference,miss,1001,215,18,233,0,1
reference,hit,1001,299,488,787,0,1
reference,miss,1002,209,17,226,0,1
reference,hit,1002,286,478,764,0,1
reference,miss,1003,222,17,239,0,1
reference,hit,1003,292,480,772,0,1
reference,miss,1004,207,18,225,0,1
reference,hit,1004,294,482,776,0,1
reference,miss,1005,223,18,241,0,1
reference,hit,1005,289,479,768,0,1
reference,miss,1006,205,18,223,0,1
reference,hit,1006,288,484,772,0,1
reference,miss,1007,222,18,240,0,1
reference,hit,1007,294,465,759,0,1
reference,miss,1008,210,18,228,0,1
reference,hit,1008,296,476,772,0,1
reference,miss,1009,222,17,239,0,1
reference,hit,1009,291,491,782,0,1
reference,miss,1010,209,17,226,0,1
reference,hit,1010,290,477,767,0,1
reference,miss,1011,223,18,241,0,1
reference,hit,1011,292,466,758,0,1
reference,miss,1012,204,18,222,0,1
reference,hit,1012,293,487,780,0,1
reference,miss,1013,223,18,241,0,1
reference,hit,1013,291,492,783,0,1
reference,miss,1014,212,17,229,0,1
reference,hit,1014,286,476,762,0,1
reference,miss,1015,216,17,233,0,1
reference,hit,1015,279,555,834,0,1
reference,miss,1016,206,18,224,0,1
reference,hit,1016,282,479,761,0,1
reference,miss,1017,222,18,240,0,1
reference,hit,1017,293,503,796,0,1
reference,miss,1018,213,18,231,0,1
reference,hit,1018,289,492,781,0,1
reference,miss,1019,223,18,241,0,1
reference,hit,1019,284,473,757,0,1
reference,miss,1020,209,17,226,0,1
reference,hit,1020,290,478,768,0,1
reference,miss,1021,219,17,236,0,1
reference,hit,1021,351,649,1000,0,1
reference,miss,1022,206,18,224,0,1
reference,hit,1022,281,510,791,0,1
reference,miss,1023,246,796,1042,0,1
reference,hit,1023,307,1521,1828,0,1
reference,miss,1024,222,19,241,0,1
reference,hit,1024,292,516,808,0,1
reference,miss,1025,232,18,250,0,1
reference,hit,1025,295,494,789,0,1
reference,miss,1026,201,19,220,0,1
reference,hit,1026,289,494,783,0,1
reference,miss,1027,219,17,236,0,1
reference,hit,1027,296,468,764,0,1
reference,miss,1028,206,18,224,0,1
reference,hit,1028,286,476,762,0,1
reference,miss,1029,236,18,254,0,1
reference,hit,1029,297,465,762,0,1
reference,miss,1030,202,17,219,0,1
reference,hit,1030,292,479,771,0,1
reference,miss,1031,219,18,237,0,1
reference,hit,1031,294,480,774,0,1
reference,miss,1032,205,17,222,0,1
reference,hit,1032,291,481,772,0,1
reference,miss,1033,223,18,241,0,1
reference,hit,1033,299,485,784,0,1
reference,miss,1034,206,19,225,0,1
reference,hit,1034,289,472,761,0,1
reference,miss,1035,221,17,238,0,1
reference,hit,1035,302,490,792,0,1
reference,miss,1036,203,18,221,0,1
reference,hit,1036,290,468,758,0,1
reference,miss,1037,235,18,253,0,1
reference,hit,1037,298,468,766,0,1
reference,miss,1038,204,18,222,0,1
reference,hit,1038,296,470,766,0,1
reference,miss,1039,222,17,239,0,1
reference,hit,1039,301,471,772,0,1
reference,miss,1040,202,18,220,0,1
reference,hit,1040,291,487,778,0,1
reference,miss,1041,218,18,236,0,1
reference,hit,1041,295,477,772,0,1
reference,miss,1042,208,18,226,0,1
reference,hit,1042,290,471,761,0,1
reference,miss,1043,220,18,238,0,1
reference,hit,1043,341,644,985,0,1
reference,miss,1044,209,18,227,0,1
reference,hit,1044,283,527,810,0,1
reference,miss,1045,237,17,254,0,1
reference,hit,1045,302,492,794,0,1
reference,miss,1046,203,18,221,0,1
reference,hit,1046,289,497,786,0,1
reference,miss,1047,223,17,240,0,1
reference,hit,1047,297,498,795,0,1
reference,miss,1048,204,18,222,0,1
reference,hit,1048,289,478,767,0,1
reference,miss,1049,226,18,244,0,1
reference,hit,1049,295,486,781,0,1
reference,miss,1050,201,18,219,0,1
reference,hit,1050,289,497,786,0,1
reference,miss,1051,219,18,237,0,1
reference,hit,1051,297,502,799,0,1
reference,miss,1052,204,18,222,0,1
reference,hit,1052,294,498,792,0,1
reference,miss,1053,219,18,237,0,1
reference,hit,1053,298,490,788,0,1
reference,miss,1054,203,17,220,0,1
reference,hit,1054,293,499,792,0,1
reference,miss,1055,223,19,242,0,1
reference,hit,1055,353,596,949,0,1
reference,miss,1056,213,18,231,0,1
reference,hit,1056,286,502,788,0,1
reference,miss,1057,221,19,240,0,1
reference,hit,1057,290,524,814,0,1
reference,miss,1058,203,18,221,0,1
reference,hit,1058,291,485,776,0,1
reference,miss,1059,220,19,239,0,1
reference,hit,1059,291,488,779,0,1
reference,miss,1060,204,18,222,0,1
reference,hit,1060,292,479,771,0,1
reference,miss,1061,224,18,242,0,1
reference,hit,1061,299,482,781,0,1
reference,miss,1062,210,18,228,0,1
reference,hit,1062,291,493,784,0,1
reference,miss,1063,220,18,238,0,1
reference,hit,1063,300,495,795,0,1
reference,miss,1064,206,17,223,0,1
reference,hit,1064,290,484,774,0,1
reference,miss,1065,218,18,236,0,1
reference,hit,1065,363,641,1004,0,1
reference,miss,1066,207,18,225,0,1
reference,hit,1066,292,507,799,0,1
reference,miss,1067,217,18,235,0,1
reference,hit,1067,298,483,781,0,1
reference,miss,1068,209,17,226,0,1
reference,hit,1068,292,490,782,0,1
reference,miss,1069,225,18,243,0,1
reference,hit,1069,287,503,790,0,1
reference,miss,1070,212,18,230,0,1
reference,hit,1070,297,488,785,0,1
reference,miss,1071,226,18,244,0,1
reference,hit,1071,291,483,774,0,1
reference,miss,1072,208,17,225,0,1
reference,hit,1072,291,504,795,0,1
reference,miss,1073,232,18,250,0,1
reference,hit,1073,349,544,893,0,1
reference,miss,1074,202,18,220,0,1
reference,hit,1074,293,534,827,0,1
reference,miss,1075,223,19,242,0,1
reference,hit,1075,289,496,785,0,1
reference,miss,1076,212,17,229,0,1
reference,hit,1076,293,517,810,0,1
reference,miss,1077,232,18,250,0,1
reference,hit,1077,288,481,769,0,1
reference,miss,1078,208,18,226,0,1
reference,hit,1078,290,479,769,0,1
reference,miss,1079,233,18,251,0,1
reference,hit,1079,290,479,769,0,1
reference,miss,1080,205,17,222,0,1
reference,hit,1080,295,564,859,0,1
reference,miss,1081,224,18,242,0,1
reference,hit,1081,290,481,771,0,1
reference,miss,1082,211,19,230,0,1
reference,hit,1082,284,497,781,0,1
reference,miss,1083,215,19,234,0,1
reference,hit,1083,285,478,763,0,1
reference,miss,1084,211,18,229,0,1
reference,hit,1084,287,488,775,0,1
reference,miss,1085,222,18,240,0,1
reference,hit,1085,284,508,792,0,1
reference,miss,1086,209,18,227,0,1
reference,hit,1086,286,479,765,0,1
reference,miss,1087,218,18,236,0,1
reference,hit,1087,359,662,1021,0,1
reference,miss,1088,205,18,223,0,1
reference,hit,1088,286,506,792,0,1
reference,miss,1089,218,18,236,0,1
reference,hit,1089,284,481,765,0,1
reference,miss,1090,206,17,223,0,1
reference,hit,1090,284,502,786,0,1
reference,miss,1091,219,18,237,0,1
reference,hit,1091,285,507,792,0,1
reference,miss,1092,203,18,221,0,1
reference,hit,1092,291,481,772,0,1
reference,miss,1093,218,18,236,0,1
reference,hit,1093,294,480,774,0,1
reference,miss,1094,202,17,219,0,1
reference,hit,1094,288,492,780,0,1
reference,miss,1095,218,17,235,0,1
reference,hit,1095,293,484,777,0,1
reference,miss,1096,204,17,221,0,1
reference,hit,1096,290,497,787,0,1
reference,miss,1097,219,18,237,0,1
reference,hit,1097,285,518,803,0,1
reference,miss,1098,202,17,219,0,1
reference,hit,1098,285,494,779,0,1
reference,miss,1099,240,19,259,0,1
reference,hit,1099,294,482,776,0,1
reference,miss,1100,204,17,221,0,1
reference,hit,1100,290,488,778,0,1
reference,miss,1101,218,19,237,0,1
reference,hit,1101,297,481,778,0,1
reference,miss,1102,202,18,220,0,1
reference,hit,1102,289,485,774,0,1
reference,miss,1103,219,18,237,0,1
reference,hit,1103,286,496,782,0,1
reference,miss,1104,205,18,223,0,1
reference,hit,1104,282,494,776,0,1
reference,miss,1105,233,17,250,0,1
reference,hit,1105,287,476,763,0,1
reference,miss,1106,205,18,223,0,1
reference,hit,1106,285,475,760,0,1
reference,miss,1107,221,18,239,0,1
reference,hit,1107,295,499,794,0,1
reference,miss,1108,207,16,223,0,1
reference,hit,1108,282,485,767,0,1
reference,miss,1109,217,17,234,0,1
reference,hit,1109,355,658,1013,0,1
reference,miss,1110,207,17,224,0,1
reference,hit,1110,288,478,766,0,1
reference,miss,1111,221,18,239,0,1
reference,hit,1111,288,493,781,0,1
reference,miss,1112,206,18,224,0,1
reference,hit,1112,289,495,784,0,1
reference,miss,1113,235,18,253,0,1
reference,hit,1113,298,486,784,0,1
reference,miss,1114,204,18,222,0,1
reference,hit,1114,280,482,762,0,1
reference,miss,1115,236,17,253,0,1
reference,hit,1115,354,475,829,0,1
reference,miss,1116,198,17,215,0,1
reference,hit,1116,287,486,773,0,1
reference,miss,1117,214,17,231,0,1
reference,hit,1117,279,474,753,0,1
reference,miss,1118,200,18,218,0,1
reference,hit,1118,277,481,758,0,1
reference,miss,1119,210,18,228,0,1
reference,hit,1119,278,475,753,0,1
reference,miss,1120,202,17,219,0,1
reference,hit,1120,284,479,763,0,1
reference,miss,1121,219,18,237,0,1
reference,hit,1121,275,483,758,0,1
reference,miss,1122,201,18,219,0,1
reference,hit,1122,279,475,754,0,1
reference,miss,1123,227,18,245,0,1
reference,hit,1123,284,481,765,0,1
reference,miss,1124,204,17,221,0,1
reference,hit,1124,280,483,763,0,1
reference,miss,1125,217,17,234,0,1
reference,hit,1125,284,464,748,0,1
reference,miss,1126,202,1084,1286,0,1
reference,hit,1126,296,1260,1556,0,1
reference,miss,1127,211,17,228,0,1
reference,hit,1127,283,503,786,0,1
reference,miss,1128,205,17,222,0,1
reference,hit,1128,283,482,765,0,1
reference,miss,1129,228,17,245,0,1
reference,hit,1129,282,466,748,0,1
reference,miss,1130,199,17,216,0,1
reference,hit,1130,279,479,758,0,1
reference,miss,1131,214,18,232,0,1
reference,hit,1131,324,632,956,0,1
reference,miss,1132,204,17,221,0,1
reference,hit,1132,278,498,776,0,1
reference,miss,1133,215,18,233,0,1
reference,hit,1133,276,489,765,0,1
reference,miss,1134,203,17,220,0,1
reference,hit,1134,280,466,746,0,1
reference,miss,1135,215,18,233,0,1
reference,hit,1135,295,475,770,0,1
reference,miss,1136,204,17,221,0,1
reference,hit,1136,273,477,750,0,1
reference,miss,1137,218,17,235,0,1
reference,hit,1137,282,493,775,0,1
reference,miss,1138,204,18,222,0,1
reference,hit,1138,282,4339,4621,0,1
reference,miss,1139,224,18,242,0,1
reference,hit,1139,386,559,945,0,1
reference,miss,1140,200,18,218,0,1
reference,hit,1140,282,484,766,0,1
reference,miss,1141,211,19,230,0,1
reference,hit,1141,297,478,775,0,1
reference,miss,1142,205,18,223,0,1
reference,hit,1142,281,533,814,0,1
reference,miss,1143,210,17,227,0,1
reference,hit,1143,274,508,782,0,1
reference,miss,1144,202,18,220,0,1
reference,hit,1144,280,497,777,0,1
reference,miss,1145,211,18,229,0,1
reference,hit,1145,295,482,777,0,1
reference,miss,1146,201,18,219,0,1
reference,hit,1146,282,486,768,0,1
reference,miss,1147,213,17,230,0,1
reference,hit,1147,273,476,749,0,1
reference,miss,1148,202,17,219,0,1
reference,hit,1148,277,470,747,0,1
reference,miss,1149,210,18,228,0,1
reference,hit,1149,295,473,768,0,1
reference,miss,1150,201,17,218,0,1
reference,hit,1150,280,471,751,0,1
reference,miss,1151,210,18,228,0,1
reference,hit,1151,277,480,757,0,1
reference,miss,1152,206,17,223,0,1
reference,hit,1152,278,466,744,0,1
reference,miss,1153,223,17,240,0,1
reference,hit,1153,330,630,960,0,1
reference,miss,1154,204,17,221,0,1
reference,hit,1154,281,490,771,0,1
reference,miss,1155,215,18,233,0,1
reference,hit,1155,279,474,753,0,1
reference,miss,1156,198,17,215,0,1
reference,hit,1156,282,536,818,0,1
reference,miss,1157,217,18,235,0,1
reference,hit,1157,279,475,754,0,1
reference,miss,1158,198,18,216,0,1
reference,hit,1158,277,469,746,0,1
reference,miss,1159,214,18,232,0,1
reference,hit,1159,297,503,800,0,1
reference,miss,1160,197,17,214,0,1
reference,hit,1160,275,477,752,0,1
reference,miss,1161,218,18,236,0,1
reference,hit,1161,302,474,776,0,1
reference,miss,1162,203,17,220,0,1
reference,hit,1162,279,471,750,0,1
reference,miss,1163,212,18,230,0,1
reference,hit,1163,280,476,756,0,1
reference,miss,1164,199,18,217,0,1
reference,hit,1164,276,474,750,0,1
reference,miss,1165,215,18,233,0,1
reference,hit,1165,280,464,744,0,1
reference,miss,1166,201,17,218,0,1
reference,hit,1166,279,484,763,0,1
reference,miss,1167,215,16,231,0,1
reference,hit,1167,275,474,749,0,1
reference,miss,1168,197,18,215,0,1
reference,hit,1168,277,467,744,0,1
reference,miss,1169,214,19,233,0,1
reference,hit,1169,278,474,752,0,1
reference,miss,1170,200,17,217,0,1
reference,hit,1170,279,474,753,0,1
reference,miss,1171,217,17,234,0,1
reference,hit,1171,282,470,752,0,1
reference,miss,1172,198,19,217,0,1
reference,hit,1172,282,482,764,0,1
reference,miss,1173,215,18,233,0,1
reference,hit,1173,274,471,745,0,1
reference,miss,1174,200,17,217,0,1
reference,hit,1174,281,470,751,0,1
reference,miss,1175,214,19,233,0,1
reference,hit,1175,352,641,993,0,1
reference,miss,1176,205,17,222,0,1
reference,hit,1176,276,476,752,0,1
reference,miss,1177,219,17,236,0,1
reference,hit,1177,279,483,762,0,1
reference,miss,1178,200,18,218,0,1
reference,hit,1178,274,494,768,0,1
reference,miss,1179,214,17,231,0,1
reference,hit,1179,274,470,744,0,1
reference,miss,1180,200,17,217,0,1
reference,hit,1180,277,477,754,0,1
reference,miss,1181,214,17,231,0,1
reference,hit,1181,286,486,772,0,1
reference,miss,1182,197,17,214,0,1
reference,hit,1182,278,475,753,0,1
reference,miss,1183,212,16,228,0,1
reference,hit,1183,278,470,748,0,1
reference,miss,1184,197,17,214,0,1
reference,hit,1184,268,477,745,0,1
reference,miss,1185,224,18,242,0,1
reference,hit,1185,282,481,763,0,1
reference,miss,1186,208,18,226,0,1
reference,hit,1186,283,492,775,0,1
reference,miss,1187,232,18,250,0,1
reference,hit,1187,288,485,773,0,1
reference,miss,1188,209,18,227,0,1
reference,hit,1188,283,507,790,0,1
reference,miss,1189,225,18,243,0,1
reference,hit,1189,293,486,779,0,1
reference,miss,1190,211,18,229,0,1
reference,hit,1190,286,479,765,0,1
reference,miss,1191,234,19,253,0,1
reference,hit,1191,285,484,769,0,1
reference,miss,1192,211,19,230,0,1
reference,hit,1192,284,480,764,0,1
reference,miss,1193,234,18,252,0,1
reference,hit,1193,289,488,777,0,1
reference,miss,1194,212,17,229,0,1
reference,hit,1194,287,498,785,0,1
reference,miss,1195,219,18,237,0,1
reference,hit,1195,284,481,765,0,1
reference,miss,1196,209,17,226,0,1
reference,hit,1196,281,484,765,0,1
reference,miss,1197,224,17,241,0,1
reference,hit,1197,372,739,1111,0,1
reference,miss,1198,209,18,227,0,1
reference,hit,1198,284,529,813,0,1
reference,miss,1199,217,17,234,0,1
reference,hit,1199,288,502,790,0,1
reference,miss,1200,204,18,222,0,1
reference,hit,1200,290,488,778,0,1
reference,miss,1201,223,19,242,0,1
reference,hit,1201,289,481,770,0,1
reference,miss,1202,203,18,221,0,1
reference,hit,1202,293,487,780,0,1
reference,miss,1203,219,18,237,0,1
reference,hit,1203,290,484,774,0,1
reference,miss,1204,202,18,220,0,1
reference,hit,1204,286,505,791,0,1
reference,miss,1205,218,18,236,0,1
reference,hit,1205,284,489,773,0,1
reference,miss,1206,211,18,229,0,1
reference,hit,1206,287,495,782,0,1
reference,miss,1207,218,18,236,0,1
reference,hit,1207,299,509,808,0,1
reference,miss,1208,204,17,221,0,1
reference,hit,1208,285,494,779,0,1
reference,miss,1209,234,17,251,0,1
reference,hit,1209,293,495,788,0,1
reference,miss,1210,201,18,219,0,1
reference,hit,1210,285,493,778,0,1
reference,miss,1211,218,18,236,0,1
reference,hit,1211,292,492,784,0,1
reference,miss,1212,206,17,223,0,1
reference,hit,1212,288,501,789,0,1
reference,miss,1213,220,18,238,0,1
reference,hit,1213,308,500,808,0,1
reference,miss,1214,202,17,219,0,1
reference,hit,1214,291,482,773,0,1
reference,miss,1215,216,18,234,0,1
reference,hit,1215,297,477,774,0,1
reference,miss,1216,209,17,226,0,1
reference,hit,1216,289,481,770,0,1
reference,miss,1217,217,19,236,0,1
reference,hit,1217,284,493,777,0,1
reference,miss,1218,207,17,224,0,1
reference,hit,1218,283,483,766,0,1
reference,miss,1219,218,18,236,0,1
reference,hit,1219,327,640,967,0,1
reference,miss,1220,209,19,228,0,1
reference,hit,1220,294,509,803,0,1
reference,miss,1221,223,18,241,0,1
reference,hit,1221,292,498,790,0,1
reference,miss,1222,204,18,222,0,1
reference,hit,1222,289,482,771,0,1
reference,miss,1223,233,18,251,0,1
reference,hit,1223,304,486,790,0,1
reference,miss,1224,205,18,223,0,1
reference,hit,1224,293,481,774,0,1
reference,miss,1225,219,17,236,0,1
reference,hit,1225,297,488,785,0,1
reference,miss,1226,204,17,221,0,1
reference,hit,1226,286,478,764,0,1
reference,miss,1227,219,18,237,0,1
reference,hit,1227,279,514,793,0,1
reference,miss,1228,204,1101,1305,0,1
reference,hit,1228,305,1408,1713,0,1
reference,miss,1229,221,18,239,0,1
reference,hit,1229,295,481,776,0,1
reference,miss,1230,214,17,231,0,1
reference,hit,1230,285,482,767,0,1
reference,miss,1231,233,18,251,0,1
reference,hit,1231,290,483,773,0,1
reference,miss,1232,207,17,224,0,1
reference,hit,1232,289,477,766,0,1
reference,miss,1233,222,17,239,0,1
reference,hit,1233,291,485,776,0,1
reference,miss,1234,208,17,225,0,1
reference,hit,1234,282,492,774,0,1
reference,miss,1235,224,18,242,0,1
reference,hit,1235,292,517,809,0,1
reference,miss,1236,206,17,223,0,1
reference,hit,1236,288,509,797,0,1
reference,miss,1237,223,17,240,0,1
reference,hit,1237,291,521,812,0,1
reference,miss,1238,213,18,231,0,1
reference,hit,1238,306,480,786,0,1
reference,miss,1239,219,19,238,0,1
reference,hit,1239,283,504,787,0,1
reference,miss,1240,209,18,227,0,1
reference,hit,1240,288,497,785,0,1
reference,miss,1241,220,18,238,0,1
reference,hit,1241,358,639,997,0,1
reference,miss,1242,210,18,228,0,1
reference,hit,1242,293,483,776,0,1
reference,miss,1243,218,18,236,0,1
reference,hit,1243,291,509,800,0,1
reference,miss,1244,203,18,221,0,1
reference,hit,1244,283,496,779,0,1
reference,miss,1245,222,18,240,0,1
reference,hit,1245,290,493,783,0,1
reference,miss,1246,206,17,223,0,1
reference,hit,1246,281,493,774,0,1
reference,miss,1247,216,17,233,0,1
reference,hit,1247,296,505,801,0,1
reference,miss,1248,205,17,222,0,1
reference,hit,1248,289,485,774,0,1
reference,miss,1249,216,18,234,0,1
reference,hit,1249,304,486,790,0,1
reference,miss,1250,205,19,224,0,1
reference,hit,1250,288,494,782,0,1
reference,miss,1251,221,18,239,0,1
reference,hit,1251,290,474,764,0,1
reference,miss,1252,210,17,227,0,1
reference,hit,1252,290,479,769,0,1
reference,miss,1253,231,19,250,0,1
reference,hit,1253,290,484,774,0,1
reference,miss,1254,203,18,221,0,1
reference,hit,1254,338,584,922,0,1
reference,miss,1255,218,17,235,0,1
reference,hit,1255,295,528,823,0,1
reference,miss,1256,208,17,225,0,1
reference,hit,1256,279,508,787,0,1
reference,miss,1257,217,18,235,0,1
reference,hit,1257,287,488,775,0,1
reference,miss,1258,207,19,226,0,1
reference,hit,1258,281,499,780,0,1
reference,miss,1259,232,17,249,0,1
reference,hit,1259,284,486,770,0,1
reference,miss,1260,204,17,221,0,1
reference,hit,1260,287,504,791,0,1
reference,miss,1261,228,19,247,0,1
reference,hit,1261,292,491,783,0,1
reference,miss,1262,206,18,224,0,1
reference,hit,1262,279,499,778,0,1
reference,miss,1263,219,18,237,0,1
reference,hit,1263,349,631,980,0,1
reference,miss,1264,208,17,225,0,1
reference,hit,1264,289,517,806,0,1
reference,miss,1265,224,18,242,0,1
reference,hit,1265,293,485,778,0,1
reference,miss,1266,215,18,233,0,1
reference,hit,1266,287,497,784,0,1
reference,miss,1267,229,19,248,0,1
reference,hit,1267,296,490,786,0,1
reference,miss,1268,204,18,222,0,1
reference,hit,1268,278,507,785,0,1
reference,miss,1269,221,17,238,0,1
reference,hit,1269,290,513,803,0,1
reference,miss,1270,205,18,223,0,1
reference,hit,1270,289,537,826,0,1
reference,miss,1271,221,18,239,0,1
reference,hit,1271,294,498,792,0,1
reference,miss,1272,206,18,224,0,1
reference,hit,1272,287,520,807,0,1
reference,miss,1273,225,17,242,0,1
reference,hit,1273,299,544,843,0,1
reference,miss,1274,208,19,227,0,1
reference,hit,1274,305,495,800,0,1
reference,miss,1275,218,18,236,0,1
reference,hit,1275,288,491,779,0,1
reference,miss,1276,202,18,220,0,1
reference,hit,1276,285,496,781,0,1
reference,miss,1277,223,19,242,0,1
reference,hit,1277,296,499,795,0,1
reference,miss,1278,204,19,223,0,1
reference,hit,1278,285,488,773,0,1
reference,miss,1279,223,18,241,0,1
reference,hit,1279,302,491,793,0,1
reference,miss,1280,208,18,226,0,1
reference,hit,1280,290,509,799,0,1
reference,miss,1281,235,18,253,0,1
reference,hit,1281,292,502,794,0,1
reference,miss,1282,205,18,223,0,1
reference,hit,1282,285,504,789,0,1
reference,miss,1283,234,17,251,0,1
reference,hit,1283,290,490,780,0,1
reference,miss,1284,207,18,225,0,1
reference,hit,1284,288,498,786,0,1
reference,miss,1285,217,18,235,0,1
reference,hit,1285,367,682,1049,0,1
reference,miss,1286,202,19,221,0,1
reference,hit,1286,637,1228,1865,0,1
reference,miss,1287,236,18,254,0,1
reference,hit,1287,796,987,1783,0,1
reference,miss,1288,211,18,229,0,1
reference,hit,1288,530,902,1432,0,1
reference,miss,1289,228,18,246,0,1
reference,hit,1289,431,919,1350,0,1
reference,miss,1290,212,18,230,0,1
reference,hit,1290,615,854,1469,0,1
reference,miss,1291,221,18,239,0,1
reference,hit,1291,410,884,1294,0,1
reference,miss,1292,205,18,223,0,1
reference,hit,1292,456,838,1294,0,1
reference,miss,1293,234,17,251,0,1
reference,hit,1293,516,823,1339,0,1
reference,miss,1294,216,17,233,0,1
reference,hit,1294,618,880,1498,0,1
reference,miss,1295,226,17,243,0,1
reference,hit,1295,408,860,1268,0,1
reference,miss,1296,205,18,223,0,1
reference,hit,1296,462,987,1449,0,1
reference,miss,1297,230,18,248,0,1
reference,hit,1297,621,862,1483,0,1
reference,miss,1298,203,17,220,0,1
reference,hit,1298,643,850,1493,0,1
reference,miss,1299,227,17,244,0,1
reference,hit,1299,533,945,1478,0,1
reference,miss,1300,207,18,225,0,1
reference,hit,1300,408,841,1249,0,1
reference,miss,1301,415,18,433,0,1
reference,hit,1301,601,1226,1827,0,1
reference,miss,1302,203,18,221,0,1
reference,hit,1302,293,619,912,0,1
reference,miss,1303,219,19,238,0,1
reference,hit,1303,294,505,799,0,1
reference,miss,1304,204,17,221,0,1
reference,hit,1304,286,491,777,0,1
reference,miss,1305,226,18,244,0,1
reference,hit,1305,294,513,807,0,1
reference,miss,1306,203,18,221,0,1
reference,hit,1306,288,503,791,0,1
reference,miss,1307,220,17,237,0,1
reference,hit,1307,340,676,1016,0,1
reference,miss,1308,205,18,223,0,1
reference,hit,1308,293,509,802,0,1
reference,miss,1309,218,18,236,0,1
reference,hit,1309,301,515,816,0,1
reference,miss,1310,205,18,223,0,1
reference,hit,1310,289,483,772,0,1
reference,miss,1311,220,17,237,0,1
reference,hit,1311,298,483,781,0,1
reference,miss,1312,214,18,232,0,1
reference,hit,1312,286,482,768,0,1
reference,miss,1313,215,18,233,0,1
reference,hit,1313,279,521,800,0,1
reference,miss,1314,205,18,223,0,1
reference,hit,1314,298,504,802,0,1
reference,miss,1315,224,17,241,0,1
reference,hit,1315,283,505,788,0,1
reference,miss,1316,212,18,230,0,1
reference,hit,1316,294,504,798,0,1
reference,miss,1317,222,18,240,0,1
reference,hit,1317,285,498,783,0,1
reference,miss,1318,211,18,229,0,1
reference,hit,1318,293,484,777,0,1
reference,miss,1319,222,18,240,0,1
reference,hit,1319,297,496,793,0,1
reference,miss,1320,208,18,226,0,1
reference,hit,1320,284,481,765,0,1
reference,miss,1321,224,17,241,0,1
reference,hit,1321,286,483,769,0,1
reference,miss,1322,211,18,229,0,1
reference,hit,1322,279,496,775,0,1
reference,miss,1323,222,18,240,0,1
reference,hit,1323,288,513,801,0,1
reference,miss,1324,209,17,226,0,1
reference,hit,1324,290,500,790,0,1
reference,miss,1325,224,19,243,0,1
reference,hit,1325,294,500,794,0,1
reference,miss,1326,205,17,222,0,1
reference,hit,1326,292,496,788,0,1
reference,miss,1327,219,18,237,0,1
reference,hit,1327,294,512,806,0,1
reference,miss,1328,202,18,220,0,1
reference,hit,1328,290,507,797,0,1
reference,miss,1329,227,18,245,0,1
reference,hit,1329,331,609,940,0,1
reference,miss,1330,207,18,225,0,1
reference,hit,1330,303,541,844,0,1
reference,miss,1331,220,17,237,0,1
reference,hit,1331,286,478,764,0,1
reference,miss,1332,203,18,221,0,1
reference,hit,1332,293,502,795,0,1
reference,miss,1333,216,19,235,0,1
reference,hit,1333,299,507,806,0,1
reference,miss,1334,204,18,222,0,1
reference,hit,1334,290,500,790,0,1
reference,miss,1335,219,18,237,0,1
reference,hit,1335,279,487,766,0,1
reference,miss,1336,207,17,224,0,1
reference,hit,1336,286,480,766,0,1
reference,miss,1337,216,18,234,0,1
reference,hit,1337,277,483,760,0,1
reference,miss,1338,206,17,223,0,1
reference,hit,1338,287,493,780,0,1
reference,miss,1339,216,19,235,0,1
reference,hit,1339,289,493,782,0,1
reference,miss,1340,209,17,226,0,1
reference,hit,1340,290,497,787,0,1
reference,miss,1341,221,17,238,0,1
reference,hit,1341,283,501,784,0,1
reference,miss,1342,204,18,222,0,1
reference,hit,1342,295,489,784,0,1
reference,miss,1343,217,18,235,0,1
reference,hit,1343,294,484,778,0,1
reference,miss,1344,210,18,228,0,1
reference,hit,1344,288,504,792,0,1
reference,miss,1345,216,18,234,0,1
reference,hit,1345,286,484,770,0,1
reference,miss,1346,207,17,224,0,1
reference,hit,1346,288,500,788,0,1
reference,miss,1347,220,17,237,0,1
reference,hit,1347,294,492,786,0,1
reference,miss,1348,207,18,225,0,1
reference,hit,1348,291,521,812,0,1
reference,miss,1349,218,18,236,0,1
reference,hit,1349,281,474,755,0,1
reference,miss,1350,205,18,223,0,1
reference,hit,1350,289,477,766,0,1
reference,miss,1351,217,18,235,0,1
reference,hit,1351,342,674,1016,0,1
reference,miss,1352,207,18,225,0,1
reference,hit,1352,290,504,794,0,1
reference,miss,1353,218,18,236,0,1
reference,hit,1353,296,495,791,0,1
reference,miss,1354,206,19,225,0,1
reference,hit,1354,290,502,792,0,1
reference,miss,1355,222,17,239,0,1
reference,hit,1355,288,517,805,0,1
reference,miss,1356,205,18,223,0,1
reference,hit,1356,360,627,987,0,1
reference,miss,1357,222,18,240,0,1
reference,hit,1357,314,512,826,0,1
reference,miss,1358,205,17,222,0,1
reference,hit,1358,293,492,785,0,1
reference,miss,1359,220,18,238,0,1
reference,hit,1359,301,494,795,0,1
reference,miss,1360,208,18,226,0,1
reference,hit,1360,287,496,783,0,1
reference,miss,1361,216,18,234,0,1
reference,hit,1361,298,488,786,0,1
reference,miss,1362,208,17,225,0,1
reference,hit,1362,290,503,793,0,1
reference,miss,1363,216,18,234,0,1
reference,hit,1363,305,483,788,0,1
reference,miss,1364,207,17,224,0,1
reference,hit,1364,297,489,786,0,1
reference,miss,1365,221,18,239,0,1
reference,hit,1365,302,500,802,0,1
reference,miss,1366,205,17,222,0,1
reference,hit,1366,288,485,773,0,1
reference,miss,1367,216,19,235,0,1
reference,hit,1367,300,488,788,0,1
reference,miss,1368,208,18,226,0,1
reference,hit,1368,290,492,782,0,1
reference,miss,1369,219,17,236,0,1
reference,hit,1369,304,486,790,0,1
reference,miss,1370,211,18,229,0,1
reference,hit,1370,288,513,801,0,1
reference,miss,1371,219,17,236,0,1
reference,hit,1371,289,501,790,0,1
reference,miss,1372,205,19,224,0,1
reference,hit,1372,295,497,792,0,1
reference,miss,1373,222,18,240,0,1
reference,hit,1373,342,684,1026,0,1
reference,miss,1374,204,18,222,0,1
reference,hit,1374,288,515,803,0,1
reference,miss,1375,221,17,238,0,1
reference,hit,1375,288,513,801,0,1
reference,miss,1376,203,18,221,0,1
reference,hit,1376,283,496,779,0,1
reference,miss,1377,217,18,235,0,1
reference,hit,1377,295,508,803,0,1
reference,miss,1378,208,18,226,0,1
reference,hit,1378,288,488,776,0,1
reference,miss,1379,217,18,235,0,1
reference,hit,1379,293,501,794,0,1
reference,miss,1380,207,18,225,0,1
reference,hit,1380,287,487,774,0,1
reference,miss,1381,220,17,237,0,1
reference,hit,1381,296,480,776,0,1
reference,miss,1382,205,16,221,0,1
reference,hit,1382,291,495,786,0,1
reference,miss,1383,217,18,235,0,1
reference,hit,1383,292,494,786,0,1
reference,miss,1384,206,19,225,0,1
reference,hit,1384,282,487,769,0,1
reference,miss,1385,219,18,237,0,1
reference,hit,1385,292,477,769,0,1
reference,miss,1386,208,18,226,0,1
reference,hit,1386,286,479,765,0,1
reference,miss,1387,217,18,235,0,1
reference,hit,1387,284,492,776,0,1
reference,miss,1388,203,19,222,0,1
reference,hit,1388,295,488,783,0,1
reference,miss,1389,217,17,234,0,1
reference,hit,1389,279,477,756,0,1
reference,miss,1390,208,19,227,0,1
reference,hit,1390,287,485,772,0,1
reference,miss,1391,220,18,238,0,1
reference,hit,1391,297,507,804,0,1
reference,miss,1392,210,17,227,0,1
reference,hit,1392,290,503,793,0,1
reference,miss,1393,219,17,236,0,1
reference,hit,1393,297,500,797,0,1
reference,miss,1394,206,19,225,0,1
reference,hit,1394,284,491,775,0,1
reference,miss,1395,223,18,241,0,1
reference,hit,1395,334,629,963,0,1
reference,miss,1396,203,19,222,0,1
reference,hit,1396,283,498,781,0,1
reference,miss,1397,219,18,237,0,1
reference,hit,1397,295,484,779,0,1
reference,miss,1398,207,18,225,0,1
reference,hit,1398,290,537,827,0,1
reference,miss,1399,219,18,237,0,1
reference,hit,1399,284,486,770,0,1
reference,miss,1400,203,18,221,0,1
reference,hit,1400,285,489,774,0,1
reference,miss,1401,218,17,235,0,1
reference,hit,1401,297,512,809,0,1
reference,miss,1402,207,17,224,0,1
reference,hit,1402,281,489,770,0,1
reference,miss,1403,219,18,237,0,1
reference,hit,1403,280,474,754,0,1
reference,miss,1404,209,18,227,0,1
reference,hit,1404,293,475,768,0,1
reference,miss,1405,218,18,236,0,1
reference,hit,1405,308,478,786,0,1
reference,miss,1406,208,18,226,0,1
reference,hit,1406,290,494,784,0,1
reference,miss,1407,221,17,238,0,1
reference,hit,1407,300,474,774,0,1
reference,miss,1408,206,17,223,0,1
reference,hit,1408,289,484,773,0,1
reference,miss,1409,218,17,235,0,1
reference,hit,1409,291,487,778,0,1
reference,miss,1410,204,17,221,0,1
reference,hit,1410,284,481,765,0,1
reference,miss,1411,216,18,234,0,1
reference,hit,1411,283,475,758,0,1
reference,miss,1412,209,17,226,0,1
reference,hit,1412,295,472,767,0,1
reference,miss,1413,216,18,234,0,1
reference,hit,1413,293,494,787,0,1
reference,miss,1414,208,18,226,0,1
reference,hit,1414,294,544,838,0,1
reference,miss,1415,217,17,234,0,1
reference,hit,1415,289,495,784,0,1
reference,miss,1416,207,18,225,0,1
reference,hit,1416,286,475,761,0,1
reference,miss,1417,236,18,254,0,1
reference,hit,1417,342,622,964,0,1
reference,miss,1418,214,18,232,0,1
reference,hit,1418,301,502,803,0,1
reference,miss,1419,219,18,237,0,1
reference,hit,1419,296,517,813,0,1
reference,miss,1420,209,17,226,0,1
reference,hit,1420,292,482,774,0,1
reference,miss,1421,217,17,234,0,1
reference,hit,1421,284,492,776,0,1
reference,miss,1422,202,18,220,0,1
reference,hit,1422,289,507,796,0,1
reference,miss,1423,216,18,234,0,1
reference,hit,1423,300,482,782,0,1
reference,miss,1424,204,19,223,0,1
reference,hit,1424,290,486,776,0,1
reference,miss,1425,216,18,234,0,1
reference,hit,1425,291,502,793,0,1
reference,miss,1426,208,18,226,0,1
reference,hit,1426,295,481,776,0,1
reference,miss,1427,219,18,237,0,1
reference,hit,1427,293,481,774,0,1
reference,miss,1428,207,18,225,0,1
reference,hit,1428,294,498,792,0,1
reference,miss,1429,219,18,237,0,1
reference,hit,1429,291,487,778,0,1
reference,miss,1430,206,18,224,0,1
reference,hit,1430,293,491,784,0,1
reference,miss,1431,217,19,236,0,1
reference,hit,1431,306,478,784,0,1
reference,miss,1432,203,17,220,0,1
reference,hit,1432,291,481,772,0,1
reference,miss,1433,226,694,920,0,1
reference,hit,1433,283,1510,1793,0,1
reference,miss,1434,222,18,240,0,1
reference,hit,1434,300,496,796,0,1
reference,miss,1435,214,18,232,0,1
reference,hit,1435,298,492,790,0,1
reference,miss,1436,204,18,222,0,1
reference,hit,1436,294,495,789,0,1
reference,miss,1437,219,16,235,0,1
reference,hit,1437,304,504,808,0,1
reference,miss,1438,205,19,224,0,1
reference,hit,1438,290,492,782,0,1
reference,miss,1439,218,17,235,0,1
reference,hit,1439,355,636,991,0,1
reference,miss,1440,207,18,225,0,1
reference,hit,1440,289,509,798,0,1
reference,miss,1441,223,17,240,0,1
reference,hit,1441,295,512,807,0,1
reference,miss,1442,204,18,222,0,1
reference,hit,1442,289,500,789,0,1
reference,miss,1443,220,18,238,0,1
reference,hit,1443,283,496,779,0,1
reference,miss,1444,203,17,220,0,1
reference,hit,1444,294,507,801,0,1
reference,miss,1445,216,18,234,0,1
reference,hit,1445,285,492,777,0,1
reference,miss,1446,208,18,226,0,1
reference,hit,1446,286,490,776,0,1
reference,miss,1447,219,18,237,0,1
reference,hit,1447,277,480,757,0,1
reference,miss,1448,203,17,220,0,1
reference,hit,1448,290,507,797,0,1
reference,miss,1449,225,18,243,0,1
reference,hit,1449,286,501,787,0,1
reference,miss,1450,208,18,226,0,1
reference,hit,1450,293,495,788,0,1
reference,miss,1451,217,17,234,0,1
reference,hit,1451,282,478,760,0,1
reference,miss,1452,207,18,225,0,1
reference,hit,1452,290,482,772,0,1
reference,miss,1453,223,19,242,0,1
reference,hit,1453,292,478,770,0,1
reference,miss,1454,212,18,230,0,1
reference,hit,1454,297,486,783,0,1
reference,miss,1455,223,17,240,0,1
reference,hit,1455,295,491,786,0,1
reference,miss,1456,212,17,229,0,1
reference,hit,1456,283,512,795,0,1
reference,miss,1457,220,18,238,0,1
reference,hit,1457,285,499,784,0,1
reference,miss,1458,206,17,223,0,1
reference,hit,1458,294,508,802,0,1
reference,miss,1459,223,17,240,0,1
reference,hit,1459,295,495,790,0,1
reference,miss,1460,209,18,227,0,1
reference,hit,1460,293,490,783,0,1
reference,miss,1461,223,18,241,0,1
reference,hit,1461,340,627,967,0,1
reference,miss,1462,208,18,226,0,1
reference,hit,1462,289,519,808,0,1
reference,miss,1463,217,19,236,0,1
reference,hit,1463,284,491,775,0,1
reference,miss,1464,202,17,219,0,1
reference,hit,1464,297,482,779,0,1
reference,miss,1465,223,18,241,0,1
reference,hit,1465,298,507,805,0,1
reference,miss,1466,204,19,223,0,1
reference,hit,1466,284,486,770,0,1
reference,miss,1467,218,18,236,0,1
reference,hit,1467,289,489,778,0,1
reference,miss,1468,205,18,223,0,1
reference,hit,1468,281,496,777,0,1
reference,miss,1469,221,18,239,0,1
reference,hit,1469,290,475,765,0,1
reference,miss,1470,206,18,224,0,1
reference,hit,1470,310,538,848,0,1
reference,miss,1471,221,19,240,0,1
reference,hit,1471,299,481,780,0,1
reference,miss,1472,210,17,227,0,1
reference,hit,1472,295,495,790,0,1
reference,miss,1473,225,18,243,0,1
reference,hit,1473,295,491,786,0,1
reference,miss,1474,208,17,225,0,1
reference,hit,1474,279,483,762,0,1
reference,miss,1475,227,18,245,0,1
reference,hit,1475,284,488,772,0,1
reference,miss,1476,207,18,225,0,1
reference,hit,1476,292,475,767,0,1
reference,miss,1477,221,18,239,0,1
reference,hit,1477,294,467,761,0,1
reference,miss,1478,206,18,224,0,1
reference,hit,1478,300,475,775,0,1
reference,miss,1479,222,18,240,0,1
reference,hit,1479,294,485,779,0,1
reference,miss,1480,203,18,221,0,1
reference,hit,1480,293,475,768,0,1
reference,miss,1481,221,18,239,0,1
reference,hit,1481,296,514,810,0,1
reference,miss,1482,206,18,224,0,1
reference,hit,1482,296,491,787,0,1
reference,miss,1483,213,19,232,0,1
reference,hit,1483,325,579,904,0,1
reference,miss,1484,209,18,227,0,1
reference,hit,1484,290,514,804,0,1
reference,miss,1485,224,18,242,0,1
reference,hit,1485,294,473,767,0,1
reference,miss,1486,212,18,230,0,1
reference,hit,1486,300,490,790,0,1
reference,miss,1487,223,18,241,0,1
reference,hit,1487,307,472,779,0,1
reference,miss,1488,215,18,233,0,1
reference,hit,1488,294,492,786,0,1
reference,miss,1489,224,18,242,0,1
reference,hit,1489,297,480,777,0,1
reference,miss,1490,212,17,229,0,1
reference,hit,1490,290,497,787,0,1
reference,miss,1491,219,18,237,0,1
reference,hit,1491,288,482,770,0,1
reference,miss,1492,205,18,223,0,1
reference,hit,1492,295,471,766,0,1
reference,miss,1493,222,18,240,0,1
reference,hit,1493,291,494,785,0,1
reference,miss,1494,208,17,225,0,1
reference,hit,1494,302,486,788,0,1
reference,miss,1495,223,18,241,0,1
reference,hit,1495,294,472,766,0,1
reference,miss,1496,212,19,231,0,1
reference,hit,1496,296,481,777,0,1
reference,miss,1497,223,18,241,0,1
reference,hit,1497,297,479,776,0,1
reference,miss,1498,211,18,229,0,1
reference,hit,1498,294,471,765,0,1
reference,miss,1499,220,19,239,0,1
reference,hit,1499,286,471,757,0,1
reference,miss,1500,203,19,222,0,1
reference,hit,1500,287,479,766,0,1
reference,miss,1501,221,19,240,0,1
reference,hit,1501,294,475,769,0,1
reference,miss,1502,212,18,230,0,1
reference,hit,1502,301,474,775,0,1
reference,miss,1503,217,18,235,0,1
reference,hit,1503,299,493,792,0,1
reference,miss,1504,204,18,222,0,1
reference,hit,1504,293,482,775,0,1
reference,miss,1505,225,18,243,0,1
reference,hit,1505,329,609,938,0,1
reference,miss,1506,206,18,224,0,1
reference,hit,1506,296,552,848,0,1
reference,miss,1507,217,18,235,0,1
reference,hit,1507,294,492,786,0,1
reference,miss,1508,207,17,224,0,1
reference,hit,1508,296,497,793,0,1
reference,miss,1509,218,18,236,0,1
reference,hit,1509,283,487,770,0,1
reference,miss,1510,210,18,228,0,1
reference,hit,1510,287,489,776,0,1
reference,miss,1511,217,18,235,0,1
reference,hit,1511,287,504,791,0,1
reference,miss,1512,206,18,224,0,1
reference,hit,1512,293,481,774,0,1
reference,miss,1513,223,18,241,0,1
reference,hit,1513,294,491,785,0,1
reference,miss,1514,209,17,226,0,1
reference,hit,1514,295,516,811,0,1
reference,miss,1515,224,19,243,0,1
reference,hit,1515,298,488,786,0,1
reference,miss,1516,206,18,224,0,1
reference,hit,1516,296,555,851,0,1
reference,miss,1517,226,18,244,0,1
reference,hit,1517,294,479,773,0,1
reference,miss,1518,214,19,233,0,1
reference,hit,1518,292,517,809,0,1
reference,miss,1519,218,18,236,0,1
reference,hit,1519,288,494,782,0,1
reference,miss,1520,205,17,222,0,1
reference,hit,1520,339,589,928,0,1
reference,miss,1521,219,17,236,0,1
reference,hit,1521,300,515,815,0,1
reference,miss,1522,205,18,223,0,1
reference,hit,1522,287,498,785,0,1
reference,miss,1523,213,18,231,0,1
reference,hit,1523,285,512,797,0,1
reference,miss,1524,206,17,223,0,1
reference,hit,1524,285,498,783,0,1
reference,miss,1525,218,18,236,0,1
reference,hit,1525,288,500,788,0,1
reference,miss,1526,207,18,225,0,1
reference,hit,1526,292,543,835,0,1
reference,miss,1527,216,19,235,0,1
reference,hit,1527,363,749,1112,0,1
reference,miss,1528,209,17,226,0,1
reference,hit,1528,295,546,841,0,1
reference,miss,1529,218,19,237,0,1
reference,hit,1529,291,489,780,0,1
reference,miss,1530,205,17,222,0,1
reference,hit,1530,294,498,792,0,1
reference,miss,1531,219,18,237,0,1
reference,hit,1531,299,520,819,0,1
reference,miss,1532,210,18,228,0,1
reference,hit,1532,292,491,783,0,1
reference,miss,1533,221,17,238,0,1
reference,hit,1533,295,492,787,0,1
reference,miss,1534,205,19,224,0,1
reference,hit,1534,300,506,806,0,1
reference,miss,1535,227,849,1076,0,1
reference,hit,1535,287,1529,1816,0,1
reference,miss,1536,221,18,239,0,1
reference,hit,1536,290,482,772,0,1
reference,miss,1537,219,18,237,0,1
reference,hit,1537,291,497,788,0,1
reference,miss,1538,207,18,225,0,1
reference,hit,1538,294,504,798,0,1
reference,miss,1539,219,17,236,0,1
reference,hit,1539,286,480,766,0,1
reference,miss,1540,202,18,220,0,1
reference,hit,1540,294,496,790,0,1
reference,miss,1541,223,18,241,0,1
reference,hit,1541,285,509,794,0,1
reference,miss,1542,206,17,223,0,1
reference,hit,1542,292,500,792,0,1
reference,miss,1543,220,19,239,0,1
reference,hit,1543,284,487,771,0,1
reference,miss,1544,205,17,222,0,1
reference,hit,1544,290,492,782,0,1
reference,miss,1545,220,19,239,0,1
reference,hit,1545,290,483,773,0,1
reference,miss,1546,205,18,223,0,1
reference,hit,1546,288,497,785,0,1
reference,miss,1547,220,18,238,0,1
reference,hit,1547,281,509,790,0,1
reference,miss,1548,202,18,220,0,1
reference,hit,1548,290,492,782,0,1
reference,miss,1549,216,18,234,0,1
reference,hit,1549,331,660,991,0,1
reference,miss,1550,210,18,228,0,1
reference,hit,1550,290,502,792,0,1
reference,miss,1551,218,18,236,0,1
reference,hit,1551,290,505,795,0,1
reference,miss,1552,204,18,222,0,1
reference,hit,1552,285,490,775,0,1
reference,miss,1553,217,19,236,0,1
reference,hit,1553,288,474,762,0,1
reference,miss,1554,209,17,226,0,1
reference,hit,1554,292,495,787,0,1
reference,miss,1555,217,18,235,0,1
reference,hit,1555,284,487,771,0,1
reference,miss,1556,209,18,227,0,1
reference,hit,1556,290,480,770,0,1
reference,miss,1557,220,17,237,0,1
reference,hit,1557,291,481,772,0,1
reference,miss,1558,205,18,223,0,1
reference,hit,1558,294,497,791,0,1
reference,miss,1559,215,18,233,0,1
reference,hit,1559,284,475,759,0,1
reference,miss,1560,206,17,223,0,1
reference,hit,1560,284,490,774,0,1
reference,miss,1561,217,19,236,0,1
reference,hit,1561,286,490,776,0,1
reference,miss,1562,202,18,220,0,1
reference,hit,1562,283,489,772,0,1
reference,miss,1563,219,18,237,0,1
reference,hit,1563,291,490,781,0,1
reference,miss,1564,203,19,222,0,1
reference,hit,1564,292,483,775,0,1
reference,miss,1565,221,17,238,0,1
reference,hit,1565,285,478,763,0,1
reference,miss,1566,203,19,222,0,1
reference,hit,1566,296,483,779,0,1
reference,miss,1567,219,18,237,0,1
reference,hit,1567,292,482,774,0,1
reference,miss,1568,202,17,219,0,1
reference,hit,1568,293,482,775,0,1
reference,miss,1569,216,18,234,0,1
reference,hit,1569,278,488,766,0,1
reference,miss,1570,208,17,225,0,1
reference,hit,1570,286,481,767,0,1
reference,miss,1571,221,17,238,0,1
reference,hit,1571,346,657,1003,0,1
reference,miss,1572,213,17,230,0,1
reference,hit,1572,294,504,798,0,1
reference,miss,1573,220,18,238,0,1
reference,hit,1573,294,487,781,0,1
reference,miss,1574,203,18,221,0,1
reference,hit,1574,292,498,790,0,1
reference,miss,1575,219,19,238,0,1
reference,hit,1575,288,487,775,0,1
reference,miss,1576,205,18,223,0,1
reference,hit,1576,287,482,769,0,1
reference,miss,1577,217,18,235,0,1
reference,hit,1577,285,480,765,0,1
reference,miss,1578,203,18,221,0,1
reference,hit,1578,289,482,771,0,1
reference,miss,1579,224,18,242,0,1
reference,hit,1579,290,497,787,0,1
reference,miss,1580,205,18,223,0,1
reference,hit,1580,294,495,789,0,1
reference,miss,1581,219,18,237,0,1
reference,hit,1581,284,481,765,0,1
reference,miss,1582,205,16,221,0,1
reference,hit,1582,287,481,768,0,1
reference,miss,1583,218,18,236,0,1
reference,hit,1583,285,496,781,0,1
reference,miss,1584,202,18,220,0,1
reference,hit,1584,331,610,941,0,1
reference,miss,1585,219,18,237,0,1
reference,hit,1585,295,491,786,0,1
reference,miss,1586,204,18,222,0,1
reference,hit,1586,294,494,788,0,1
reference,miss,1587,216,18,234,0,1
reference,hit,1587,284,488,772,0,1
reference,miss,1588,208,17,225,0,1
reference,hit,1588,297,481,778,0,1
reference,miss,1589,218,17,235,0,1
reference,hit,1589,284,496,780,0,1
reference,miss,1590,207,18,225,0,1
reference,hit,1590,287,487,774,0,1
reference,miss,1591,218,17,235,0,1
reference,hit,1591,286,483,769,0,1
reference,miss,1592,210,18,228,0,1
reference,hit,1592,291,480,771,0,1
reference,miss,1593,221,18,239,0,1
reference,hit,1593,344,651,995,0,1
reference,miss,1594,205,18,223,0,1
reference,hit,1594,298,513,811,0,1
reference,miss,1595,218,18,236,0,1
reference,hit,1595,293,512,805,0,1
reference,miss,1596,205,18,223,0,1
reference,hit,1596,290,479,769,0,1
reference,miss,1597,219,18,237,0,1
reference,hit,1597,290,476,766,0,1
reference,miss,1598,204,17,221,0,1
reference,hit,1598,332,578,910,0,1
reference,miss,1599,217,19,236,0,1
reference,hit,1599,294,493,787,0,1
reference,miss,1600,202,19,221,0,1
reference,hit,1600,293,486,779,0,1
reference,miss,1601,215,18,233,0,1
reference,hit,1601,281,504,785,0,1
reference,miss,1602,210,18,228,0,1
reference,hit,1602,295,483,778,0,1
reference,miss,1603,217,19,236,0,1
reference,hit,1603,280,480,760,0,1
reference,miss,1604,208,18,226,0,1
reference,hit,1604,290,489,779,0,1
reference,miss,1605,218,18,236,0,1
reference,hit,1605,281,479,760,0,1
reference,miss,1606,205,19,224,0,1
reference,hit,1606,293,490,783,0,1
reference,miss,1607,218,18,236,0,1
reference,hit,1607,284,492,776,0,1
reference,miss,1608,200,18,218,0,1
reference,hit,1608,296,486,782,0,1
reference,miss,1609,218,18,236,0,1
reference,hit,1609,288,481,769,0,1
reference,miss,1610,208,17,225,0,1
reference,hit,1610,296,484,780,0,1
reference,miss,1611,218,18,236,0,1
reference,hit,1611,278,496,774,0,1
reference,miss,1612,206,18,224,0,1
reference,hit,1612,291,490,781,0,1
reference,miss,1613,218,17,235,0,1
reference,hit,1613,281,487,768,0,1
reference,miss,1614,205,18,223,0,1
reference,hit,1614,295,478,773,0,1
reference,miss,1615,220,18,238,0,1
reference,hit,1615,346,656,1002,0,1
reference,miss,1616,211,19,230,0,1
reference,hit,1616,289,515,804,0,1
reference,miss,1617,222,17,239,0,1
reference,hit,1617,287,504,791,0,1
reference,miss,1618,207,18,225,0,1
reference,hit,1618,293,490,783,0,1
reference,miss,1619,219,18,237,0,1
reference,hit,1619,286,480,766,0,1
reference,miss,1620,203,17,220,0,1
reference,hit,1620,286,490,776,0,1
reference,miss,1621,221,17,238,0,1
reference,hit,1621,279,487,766,0,1
reference,miss,1622,210,17,227,0,1
reference,hit,1622,287,490,777,0,1
reference,miss,1623,218,18,236,0,1
reference,hit,1623,288,488,776,0,1
reference,miss,1624,204,18,222,0,1
reference,hit,1624,290,493,783,0,1
reference,miss,1625,219,18,237,0,1
reference,hit,1625,286,498,784,0,1
reference,miss,1626,206,16,222,0,1
reference,hit,1626,289,483,772,0,1
reference,miss,1627,220,18,238,0,1
reference,hit,1627,293,484,777,0,1
reference,miss,1628,207,18,225,0,1
reference,hit,1628,298,494,792,0,1
reference,miss,1629,219,18,237,0,1
reference,hit,1629,288,480,768,0,1
reference,miss,1630,211,17,228,0,1
reference,hit,1630,295,487,782,0,1
reference,miss,1631,217,18,235,0,1
reference,hit,1631,288,480,768,0,1
reference,miss,1632,202,17,219,0,1
reference,hit,1632,291,502,793,0,1
reference,miss,1633,220,18,238,0,1
reference,hit,1633,285,502,787,0,1
reference,miss,1634,205,17,222,0,1
reference,hit,1634,289,483,772,0,1
reference,miss,1635,220,18,238,0,1
reference,hit,1635,280,486,766,0,1
reference,miss,1636,204,18,222,0,1
reference,hit,1636,294,545,839,0,1
reference,miss,1637,217,18,235,0,1
reference,hit,1637,341,615,956,0,1
reference,miss,1638,208,1031,1239,0,1
reference,hit,1638,311,1344,1655,0,1
reference,miss,1639,217,19,236,0,1
reference,hit,1639,426,524,950,0,1
reference,miss,1640,210,19,229,0,1
reference,hit,1640,289,498,787,0,1
reference,miss,1641,219,19,238,0,1
reference,hit,1641,288,488,776,0,1
reference,miss,1642,208,18,226,0,1
reference,hit,1642,280,537,817,0,1
reference,miss,1643,217,19,236,0,1
reference,hit,1643,280,495,775,0,1
reference,miss,1644,208,18,226,0,1
reference,hit,1644,282,484,766,0,1
reference,miss,1645,217,18,235,0,1
reference,hit,1645,278,479,757,0,1
reference,miss,1646,209,18,227,0,1
reference,hit,1646,287,490,777,0,1
reference,miss,1647,216,18,234,0,1
reference,hit,1647,280,493,773,0,1
reference,miss,1648,201,19,220,0,1
reference,hit,1648,284,495,779,0,1
reference,miss,1649,216,18,234,0,1
reference,hit,1649,274,480,754,0,1
reference,miss,1650,205,18,223,0,1
reference,hit,1650,290,489,779,0,1
reference,miss,1651,220,17,237,0,1
reference,hit,1651,284,484,768,0,1
reference,miss,1652,209,17,226,0,1
reference,hit,1652,289,498,787,0,1
reference,miss,1653,216,19,235,0,1
reference,hit,1653,283,539,822,0,1
reference,miss,1654,209,18,227,0,1
reference,hit,1654,289,499,788,0,1
reference,miss,1655,217,17,234,0,1
reference,hit,1655,287,491,778,0,1
reference,miss,1656,208,18,226,0,1
reference,hit,1656,292,495,787,0,1
reference,miss,1657,221,18,239,0,1
reference,hit,1657,283,481,764,0,1
reference,miss,1658,210,16,226,0,1
reference,hit,1658,286,487,773,0,1
reference,miss,1659,226,19,245,0,1
reference,hit,1659,327,643,970,0,1
reference,miss,1660,209,17,226,0,1
reference,hit,1660,281,508,789,0,1
reference,miss,1661,221,18,239,0,1
reference,hit,1661,288,479,767,0,1
reference,miss,1662,202,18,220,0,1
reference,hit,1662,287,483,770,0,1
reference,miss,1663,220,18,238,0,1
reference,hit,1663,287,479,766,0,1
reference,miss,1664,205,17,222,0,1
reference,hit,1664,284,495,779,0,1
reference,miss,1665,218,17,235,0,1
reference,hit,1665,278,476,754,0,1
reference,miss,1666,204,18,222,0,1
reference,hit,1666,290,503,793,0,1
reference,miss,1667,218,18,236,0,1
reference,hit,1667,283,498,781,0,1
reference,miss,1668,209,18,227,0,1
reference,hit,1668,289,484,773,0,1
reference,miss,1669,216,18,234,0,1
reference,hit,1669,274,489,763,0,1
reference,miss,1670,205,18,223,0,1
reference,hit,1670,290,485,775,0,1
reference,miss,1671,218,17,235,0,1
reference,hit,1671,277,486,763,0,1
reference,miss,1672,207,18,225,0,1
reference,hit,1672,288,479,767,0,1
reference,miss,1673,220,19,239,0,1
reference,hit,1673,277,501,778,0,1
reference,miss,1674,206,18,224,0,1
reference,hit,1674,283,478,761,0,1
reference,miss,1675,215,18,233,0,1
reference,hit,1675,277,489,766,0,1
reference,miss,1676,207,17,224,0,1
reference,hit,1676,289,486,775,0,1
reference,miss,1677,220,17,237,0,1
reference,hit,1677,282,477,759,0,1
reference,miss,1678,208,18,226,0,1
reference,hit,1678,284,478,762,0,1
reference,miss,1679,219,18,237,0,1
reference,hit,1679,275,486,761,0,1
reference,miss,1680,207,19,226,0,1
reference,hit,1680,286,484,770,0,1
reference,miss,1681,216,17,233,0,1
reference,hit,1681,345,656,1001,0,1
reference,miss,1682,213,18,231,0,1
reference,hit,1682,287,494,781,0,1
reference,miss,1683,218,16,234,0,1
reference,hit,1683,287,474,761,0,1
reference,miss,1684,205,17,222,0,1
reference,hit,1684,287,487,774,0,1
reference,miss,1685,221,18,239,0,1
reference,hit,1685,287,486,773,0,1
reference,miss,1686,204,19,223,0,1
reference,hit,1686,286,475,761,0,1
reference,miss,1687,221,17,238,0,1
reference,hit,1687,286,501,787,0,1
reference,miss,1688,209,18,227,0,1
reference,hit,1688,282,477,759,0,1
reference,miss,1689,219,17,236,0,1
reference,hit,1689,280,476,756,0,1
reference,miss,1690,203,17,220,0,1
reference,hit,1690,286,520,806,0,1
reference,miss,1691,218,18,236,0,1
reference,hit,1691,290,492,782,0,1
reference,miss,1692,200,18,218,0,1
reference,hit,1692,288,493,781,0,1
reference,miss,1693,222,19,241,0,1
reference,hit,1693,288,492,780,0,1
reference,miss,1694,208,18,226,0,1
reference,hit,1694,284,474,758,0,1
reference,miss,1695,220,18,238,0,1
reference,hit,1695,285,478,763,0,1
reference,miss,1696,206,17,223,0,1
reference,hit,1696,303,529,832,0,1
reference,miss,1697,217,18,235,0,1
reference,hit,1697,285,497,782,0,1
reference,miss,1698,209,18,227,0,1
reference,hit,1698,284,493,777,0,1
reference,miss,1699,217,18,235,0,1
reference,hit,1699,287,476,763,0,1
reference,miss,1700,206,18,224,0,1
reference,hit,1700,286,478,764,0,1
reference,miss,1701,216,18,234,0,1
reference,hit,1701,286,504,790,0,1
reference,miss,1702,208,17,225,0,1
reference,hit,1702,287,500,787,0,1
reference,miss,1703,214,19,233,0,1
reference,hit,1703,336,619,955,0,1
reference,miss,1704,204,18,222,0,1
reference,hit,1704,290,504,794,0,1
reference,miss,1705,219,18,237,0,1
reference,hit,1705,291,476,767,0,1
reference,miss,1706,203,18,221,0,1
reference,hit,1706,294,487,781,0,1
reference,miss,1707,220,18,238,0,1
reference,hit,1707,289,492,781,0,1
reference,miss,1708,202,18,220,0,1
reference,hit,1708,294,496,790,0,1
reference,miss,1709,219,19,238,0,1
reference,hit,1709,291,480,771,0,1
reference,miss,1710,204,18,222,0,1
reference,hit,1710,290,509,799,0,1
reference,miss,1711,216,18,234,0,1
reference,hit,1711,292,490,782,0,1
reference,miss,1712,207,18,225,0,1
reference,hit,1712,288,497,785,0,1
reference,miss,1713,219,18,237,0,1
reference,hit,1713,290,487,777,0,1
reference,miss,1714,205,17,222,0,1
reference,hit,1714,294,484,778,0,1
reference,miss,1715,223,18,241,0,1
reference,hit,1715,290,498,788,0,1
reference,miss,1716,204,19,223,0,1
reference,hit,1716,291,482,773,0,1
reference,miss,1717,220,18,238,0,1
reference,hit,1717,294,479,773,0,1
reference,miss,1718,204,18,222,0,1
reference,hit,1718,291,476,767,0,1
reference,miss,1719,219,17,236,0,1
reference,hit,1719,284,496,780,0,1
reference,miss,1720,203,18,221,0,1
reference,hit,1720,291,485,776,0,1
reference,miss,1721,219,18,237,0,1
reference,hit,1721,297,503,800,0,1
reference,miss,1722,204,18,222,0,1
reference,hit,1722,294,479,773,0,1
reference,miss,1723,218,17,235,0,1
reference,hit,1723,293,478,771,0,1
reference,miss,1724,203,19,222,0,1
reference,hit,1724,290,487,777,0,1
reference,miss,1725,223,18,241,0,1
reference,hit,1725,330,622,952,0,1
reference,miss,1726,205,18,223,0,1
reference,hit,1726,293,489,782,0,1
reference,miss,1727,217,18,235,0,1
reference,hit,1727,292,502,794,0,1
reference,miss,1728,208,18,226,0,1
reference,hit,1728,288,484,772,0,1
reference,miss,1729,216,18,234,0,1
reference,hit,1729,286,479,765,0,1
reference,miss,1730,206,18,224,0,1
reference,hit,1730,294,484,778,0,1
reference,miss,1731,218,18,236,0,1
reference,hit,1731,280,479,759,0,1
reference,miss,1732,202,18,220,0,1
reference,hit,1732,294,499,793,0,1
reference,miss,1733,220,19,239,0,1
reference,hit,1733,280,483,763,0,1
reference,miss,1734,204,18,222,0,1
reference,hit,1734,295,490,785,0,1
reference,miss,1735,218,18,236,0,1
reference,hit,1735,288,484,772,0,1
reference,miss,1736,201,18,219,0,1
reference,hit,1736,292,496,788,0,1
reference,miss,1737,218,18,236,0,1
reference,hit,1737,289,507,796,0,1
reference,miss,1738,206,18,224,0,1
reference,hit,1738,290,494,784,0,1
reference,miss,1739,217,18,235,0,1
reference,hit,1739,283,487,770,0,1
reference,miss,1740,201,1054,1255,0,1
reference,hit,1740,313,1240,1553,0,1
reference,miss,1741,219,18,237,0,1
reference,hit,1741,296,509,805,0,1
reference,miss,1742,205,18,223,0,1
reference,hit,1742,297,492,789,0,1
reference,miss,1743,219,19,238,0,1
reference,hit,1743,285,481,766,0,1
reference,miss,1744,203,17,220,0,1
reference,hit,1744,294,487,781,0,1
reference,miss,1745,217,19,236,0,1
reference,hit,1745,286,499,785,0,1
reference,miss,1746,207,18,225,0,1
reference,hit,1746,283,488,771,0,1
reference,miss,1747,221,17,238,0,1
reference,hit,1747,367,728,1095,0,1
reference,miss,1748,208,20,228,0,1
reference,hit,1748,289,518,807,0,1
reference,miss,1749,227,18,245,0,1
reference,hit,1749,288,493,781,0,1
reference,miss,1750,208,18,226,0,1
reference,hit,1750,290,485,775,0,1
reference,miss,1751,222,18,240,0,1
reference,hit,1751,291,511,802,0,1
reference,miss,1752,204,18,222,0,1
reference,hit,1752,286,507,793,0,1
reference,miss,1753,219,18,237,0,1
reference,hit,1753,289,491,780,0,1
reference,miss,1754,207,18,225,0,1
reference,hit,1754,330,601,931,0,1
reference,miss,1755,215,18,233,0,1
reference,hit,1755,291,492,783,0,1
reference,miss,1756,206,18,224,0,1
reference,hit,1756,290,484,774,0,1
reference,miss,1757,217,17,234,0,1
reference,hit,1757,285,485,770,0,1
reference,miss,1758,204,18,222,0,1
reference,hit,1758,288,484,772,0,1
reference,miss,1759,218,18,236,0,1
reference,hit,1759,293,490,783,0,1
reference,miss,1760,201,18,219,0,1
reference,hit,1760,295,481,776,0,1
reference,miss,1761,216,17,233,0,1
reference,hit,1761,291,477,768,0,1
reference,miss,1762,204,18,222,0,1
reference,hit,1762,289,498,787,0,1
reference,miss,1763,218,17,235,0,1
reference,hit,1763,293,501,794,0,1
reference,miss,1764,206,17,223,0,1
reference,hit,1764,287,483,770,0,1
reference,miss,1765,218,18,236,0,1
reference,hit,1765,289,486,775,0,1
reference,miss,1766,209,17,226,0,1
reference,hit,1766,286,479,765,0,1
reference,miss,1767,216,18,234,0,1
reference,hit,1767,290,482,772,0,1
reference,miss,1768,205,18,223,0,1
reference,hit,1768,291,512,803,0,1
reference,miss,1769,222,18,240,0,1
reference,hit,1769,323,628,951,0,1
reference,miss,1770,213,17,230,0,1
reference,hit,1770,287,484,771,0,1
reference,miss,1771,220,17,237,0,1
reference,hit,1771,291,476,767,0,1
reference,miss,1772,206,17,223,0,1
reference,hit,1772,290,489,779,0,1
reference,miss,1773,221,19,240,0,1
reference,hit,1773,293,498,791,0,1
reference,miss,1774,205,17,222,0,1
reference,hit,1774,287,496,783,0,1
reference,miss,1775,224,18,242,0,1
reference,hit,1775,283,488,771,0,1
reference,miss,1776,208,17,225,0,1
reference,hit,1776,287,507,794,0,1
reference,miss,1777,226,17,243,0,1
reference,hit,1777,290,505,795,0,1
reference,miss,1778,208,18,226,0,1
reference,hit,1778,288,501,789,0,1
reference,miss,1779,223,18,241,0,1
reference,hit,1779,291,496,787,0,1
reference,miss,1780,207,18,225,0,1
reference,hit,1780,289,492,781,0,1
reference,miss,1781,218,18,236,0,1
reference,hit,1781,298,535,833,0,1
reference,miss,1782,207,18,225,0,1
reference,hit,1782,288,484,772,0,1
reference,miss,1783,225,17,242,0,1
reference,hit,1783,291,496,787,0,1
reference,miss,1784,208,19,227,0,1
reference,hit,1784,288,487,775,0,1
reference,miss,1785,226,18,244,0,1
reference,hit,1785,293,492,785,0,1
reference,miss,1786,208,18,226,0,1
reference,hit,1786,282,488,770,0,1
reference,miss,1787,219,18,237,0,1
reference,hit,1787,292,485,777,0,1
reference,miss,1788,208,17,225,0,1
reference,hit,1788,290,480,770,0,1
reference,miss,1789,220,18,238,0,1
reference,hit,1789,293,482,775,0,1
reference,miss,1790,207,17,224,0,1
reference,hit,1790,291,507,798,0,1
reference,miss,1791,220,18,238,0,1
reference,hit,1791,338,631,969,0,1
reference,miss,1792,210,17,227,0,1
reference,hit,1792,279,488,767,0,1
reference,miss,1793,223,18,241,0,1
reference,hit,1793,285,501,786,0,1
reference,miss,1794,205,17,222,0,1
reference,hit,1794,284,498,782,0,1
reference,miss,1795,218,17,235,0,1
reference,hit,1795,282,478,760,0,1
reference,miss,1796,205,17,222,0,1
reference,hit,1796,290,504,794,0,1
reference,miss,1797,219,18,237,0,1
reference,hit,1797,281,503,784,0,1
reference,miss,1798,204,17,221,0,1
reference,hit,1798,285,485,770,0,1
reference,miss,1799,218,17,235,0,1
reference,hit,1799,281,502,783,0,1
reference,miss,1800,201,19,220,0,1
reference,hit,1800,279,482,761,0,1
reference,miss,1801,218,18,236,0,1
reference,hit,1801,283,488,771,0,1
reference,miss,1802,205,18,223,0,1
reference,hit,1802,281,504,785,0,1
reference,miss,1803,219,18,237,0,1
reference,hit,1803,284,481,765,0,1
reference,miss,1804,205,17,222,0,1
reference,hit,1804,282,481,763,0,1
reference,miss,1805,218,17,235,0,1
reference,hit,1805,286,471,757,0,1
reference,miss,1806,203,17,220,0,1
reference,hit,1806,285,498,783,0,1
reference,miss,1807,219,18,237,0,1
reference,hit,1807,283,502,785,0,1
reference,miss,1808,204,18,222,0,1
reference,hit,1808,280,481,761,0,1
reference,miss,1809,219,19,238,0,1
reference,hit,1809,280,475,755,0,1
reference,miss,1810,210,17,227,0,1
reference,hit,1810,283,481,764,0,1
reference,miss,1811,237,18,255,0,1
reference,hit,1811,280,495,775,0,1
reference,miss,1812,206,17,223,0,1
reference,hit,1812,280,539,819,0,1
reference,miss,1813,218,18,236,0,1
reference,hit,1813,334,666,1000,0,1
reference,miss,1814,212,17,229,0,1
reference,hit,1814,287,518,805,0,1
reference,miss,1815,222,18,240,0,1
reference,hit,1815,286,511,797,0,1
reference,miss,1816,205,18,223,0,1
reference,hit,1816,281,512,793,0,1
reference,miss,1817,219,17,236,0,1
reference,hit,1817,285,584,869,0,1
reference,miss,1818,207,18,225,0,1
reference,hit,1818,285,523,808,0,1
reference,miss,1819,221,17,238,0,1
reference,hit,1819,286,494,780,0,1
reference,miss,1820,207,17,224,0,1
reference,hit,1820,287,518,805,0,1
reference,miss,1821,219,17,236,0,1
reference,hit,1821,286,489,775,0,1
reference,miss,1822,204,17,221,0,1
reference,hit,1822,288,493,781,0,1
reference,miss,1823,219,18,237,0,1
reference,hit,1823,287,508,795,0,1
reference,miss,1824,206,18,224,0,1
reference,hit,1824,280,506,786,0,1
reference,miss,1825,217,18,235,0,1
reference,hit,1825,285,479,764,0,1
reference,miss,1826,205,18,223,0,1
reference,hit,1826,286,552,838,0,1
reference,miss,1827,217,18,235,0,1
reference,hit,1827,420,495,915,0,1
reference,miss,1828,207,17,224,0,1
reference,hit,1828,288,508,796,0,1
reference,miss,1829,218,19,237,0,1
reference,hit,1829,287,498,785,0,1
reference,miss,1830,209,17,226,0,1
reference,hit,1830,288,482,770,0,1
reference,miss,1831,219,18,237,0,1
reference,hit,1831,280,492,772,0,1
reference,miss,1832,209,18,227,0,1
reference,hit,1832,287,497,784,0,1
reference,miss,1833,217,18,235,0,1
reference,hit,1833,282,487,769,0,1
reference,miss,1834,208,18,226,0,1
reference,hit,1834,285,518,803,0,1
reference,miss,1835,218,19,237,0,1
reference,hit,1835,346,631,977,0,1
reference,miss,1836,206,18,224,0,1
reference,hit,1836,285,485,770,0,1
reference,miss,1837,220,18,238,0,1
reference,hit,1837,289,502,791,0,1
reference,miss,1838,203,17,220,0,1
reference,hit,1838,292,486,778,0,1
reference,miss,1839,216,18,234,0,1
reference,hit,1839,286,504,790,0,1
reference,miss,1840,204,18,222,0,1
reference,hit,1840,290,502,792,0,1
reference,miss,1841,216,18,234,0,1
reference,hit,1841,290,495,785,0,1
reference,miss,1842,204,17,221,0,1
reference,hit,1842,299,496,795,0,1
reference,miss,1843,218,19,237,0,1
reference,hit,1843,299,513,812,0,1
reference,miss,1844,207,17,224,0,1
reference,hit,1844,283,486,769,0,1
reference,miss,1845,221,18,239,0,1
reference,hit,1845,292,502,794,0,1
reference,miss,1846,205,18,223,0,1
reference,hit,1846,283,480,763,0,1
reference,miss,1847,216,19,235,0,1
reference,hit,1847,294,499,793,0,1
reference,miss,1848,204,18,222,0,1
reference,hit,1848,293,504,797,0,1
reference,miss,1849,219,18,237,0,1
reference,hit,1849,295,492,787,0,1
reference,miss,1850,204,18,222,0,1
reference,hit,1850,288,493,781,0,1
reference,miss,1851,218,19,237,0,1
reference,hit,1851,285,512,797,0,1
reference,miss,1852,209,17,226,0,1
reference,hit,1852,281,505,786,0,1
reference,miss,1853,220,18,238,0,1
reference,hit,1853,284,483,767,0,1
reference,miss,1854,206,17,223,0,1
reference,hit,1854,299,483,782,0,1
reference,miss,1855,219,17,236,0,1
reference,hit,1855,288,502,790,0,1
reference,miss,1856,208,17,225,0,1
reference,hit,1856,285,497,782,0,1
reference,miss,1857,218,19,237,0,1
reference,hit,1857,346,653,999,0,1
reference,miss,1858,209,18,227,0,1
reference,hit,1858,285,511,796,0,1
reference,miss,1859,221,17,238,0,1
reference,hit,1859,285,488,773,0,1
reference,miss,1860,205,17,222,0,1
reference,hit,1860,287,481,768,0,1
reference,miss,1861,220,18,238,0,1
reference,hit,1861,278,489,767,0,1
reference,miss,1862,204,18,222,0,1
reference,hit,1862,287,500,787,0,1
reference,miss,1863,647,18,665,0,1
reference,hit,1863,279,490,769,0,1
reference,miss,1864,203,18,221,0,1
reference,hit,1864,299,644,943,0,1
reference,miss,1865,220,19,239,0,1
reference,hit,1865,283,493,776,0,1
reference,miss,1866,207,18,225,0,1
reference,hit,1866,279,510,789,0,1
reference,miss,1867,224,18,242,0,1
reference,hit,1867,426,736,1162,0,1
reference,miss,1868,384,18,402,0,1
reference,hit,1868,293,498,791,0,1
reference,miss,1869,224,18,242,0,1
reference,hit,1869,285,507,792,0,1
reference,miss,1870,210,18,228,0,1
reference,hit,1870,287,476,763,0,1
reference,miss,1871,223,18,241,0,1
reference,hit,1871,283,490,773,0,1
reference,miss,1872,206,18,224,0,1
reference,hit,1872,295,497,792,0,1
reference,miss,1873,221,17,238,0,1
reference,hit,1873,280,483,763,0,1
reference,miss,1874,203,18,221,0,1
reference,hit,1874,286,476,762,0,1
reference,miss,1875,219,19,238,0,1
reference,hit,1875,283,509,792,0,1
reference,miss,1876,201,18,219,0,1
reference,hit,1876,287,491,778,0,1
reference,miss,1877,220,18,238,0,1
reference,hit,1877,282,490,772,0,1
reference,miss,1878,203,18,221,0,1
reference,hit,1878,285,501,786,0,1
reference,miss,1879,218,18,236,0,1
reference,hit,1879,351,654,1005,0,1
reference,miss,1880,210,18,228,0,1
reference,hit,1880,285,506,791,0,1
reference,miss,1881,218,18,236,0,1
reference,hit,1881,290,494,784,0,1
reference,miss,1882,204,18,222,0,1
reference,hit,1882,287,487,774,0,1
reference,miss,1883,219,18,237,0,1
reference,hit,1883,283,483,766,0,1
reference,miss,1884,204,18,222,0,1
reference,hit,1884,284,490,774,0,1
reference,miss,1885,220,17,237,0,1
reference,hit,1885,293,479,772,0,1
reference,miss,1886,206,18,224,0,1
reference,hit,1886,286,489,775,0,1
reference,miss,1887,217,18,235,0,1
reference,hit,1887,285,491,776,0,1
reference,miss,1888,208,17,225,0,1
reference,hit,1888,282,495,777,0,1
reference,miss,1889,220,18,238,0,1
reference,hit,1889,279,487,766,0,1
reference,miss,1890,202,18,220,0,1
reference,hit,1890,286,486,772,0,1
reference,miss,1891,215,18,233,0,1
reference,hit,1891,282,482,764,0,1
reference,miss,1892,204,17,221,0,1
reference,hit,1892,288,493,781,0,1
reference,miss,1893,220,18,238,0,1
reference,hit,1893,290,476,766,0,1
reference,miss,1894,203,17,220,0,1
reference,hit,1894,289,482,771,0,1
reference,miss,1895,219,18,237,0,1
reference,hit,1895,281,483,764,0,1
reference,miss,1896,207,18,225,0,1
reference,hit,1896,282,492,774,0,1
reference,miss,1897,219,18,237,0,1
reference,hit,1897,283,486,769,0,1
reference,miss,1898,204,17,221,0,1
reference,hit,1898,286,480,766,0,1
reference,miss,1899,216,17,233,0,1
reference,hit,1899,279,485,764,0,1
reference,miss,1900,207,17,224,0,1
reference,hit,1900,287,481,768,0,1
reference,miss,1901,221,18,239,0,1
reference,hit,1901,341,655,996,0,1
reference,miss,1902,212,17,229,0,1
reference,hit,1902,282,487,769,0,1
reference,miss,1903,221,17,238,0,1
reference,hit,1903,283,487,770,0,1
reference,miss,1904,202,19,221,0,1
reference,hit,1904,287,488,775,0,1
reference,miss,1905,221,18,239,0,1
reference,hit,1905,279,480,759,0,1
reference,miss,1906,205,18,223,0,1
reference,hit,1906,289,495,784,0,1
reference,miss,1907,217,19,236,0,1
reference,hit,1907,280,475,755,0,1
reference,miss,1908,204,18,222,0,1
reference,hit,1908,280,485,765,0,1
reference,miss,1909,218,19,237,0,1
reference,hit,1909,284,529,813,0,1
reference,miss,1910,204,17,221,0,1
reference,hit,1910,287,511,798,0,1
reference,miss,1911,222,17,239,0,1
reference,hit,1911,282,493,775,0,1
reference,miss,1912,205,18,223,0,1
reference,hit,1912,285,493,778,0,1
reference,miss,1913,219,18,237,0,1
reference,hit,1913,277,479,756,0,1
reference,miss,1914,208,17,225,0,1
reference,hit,1914,281,474,755,0,1
reference,miss,1915,219,18,237,0,1
reference,hit,1915,284,486,770,0,1
reference,miss,1916,204,19,223,0,1
reference,hit,1916,286,480,766,0,1
reference,miss,1917,220,17,237,0,1
reference,hit,1917,283,494,777,0,1
reference,miss,1918,203,18,221,0,1
reference,hit,1918,293,482,775,0,1
reference,miss,1919,220,18,238,0,1
reference,hit,1919,294,484,778,0,1
reference,miss,1920,205,18,223,0,1
reference,hit,1920,291,481,772,0,1
reference,miss,1921,217,18,235,0,1
reference,hit,1921,278,521,799,0,1
reference,miss,1922,206,17,223,0,1
reference,hit,1922,279,474,753,0,1
reference,miss,1923,217,17,234,0,1
reference,hit,1923,330,614,944,0,1
reference,miss,1924,208,18,226,0,1
reference,hit,1924,343,629,972,0,1
reference,miss,1925,221,17,238,0,1
reference,hit,1925,292,514,806,0,1
reference,miss,1926,203,18,221,0,1
reference,hit,1926,289,510,799,0,1
reference,miss,1927,220,18,238,0,1
reference,hit,1927,286,485,771,0,1
reference,miss,1928,209,18,227,0,1
reference,hit,1928,299,491,790,0,1
reference,miss,1929,217,18,235,0,1
reference,hit,1929,283,491,774,0,1
reference,miss,1930,206,18,224,0,1
reference,hit,1930,287,496,783,0,1
reference,miss,1931,216,18,234,0,1
reference,hit,1931,281,480,761,0,1
reference,miss,1932,207,19,226,0,1
reference,hit,1932,282,495,777,0,1
reference,miss,1933,215,19,234,0,1
reference,hit,1933,281,481,762,0,1
reference,miss,1934,207,18,225,0,1
reference,hit,1934,281,481,762,0,1
reference,miss,1935,217,18,235,0,1
reference,hit,1935,295,500,795,0,1
reference,miss,1936,210,17,227,0,1
reference,hit,1936,289,507,796,0,1
reference,miss,1937,218,19,237,0,1
reference,hit,1937,279,493,772,0,1
reference,miss,1938,202,18,220,0,1
reference,hit,1938,290,477,767,0,1
reference,miss,1939,215,19,234,0,1
reference,hit,1939,285,481,766,0,1
reference,miss,1940,206,18,224,0,1
reference,hit,1940,293,504,797,0,1
reference,miss,1941,219,17,236,0,1
reference,hit,1941,283,479,762,0,1
reference,miss,1942,208,18,226,0,1
reference,hit,1942,299,485,784,0,1
reference,miss,1943,218,18,236,0,1
reference,hit,1943,279,523,802,0,1
reference,miss,1944,208,17,225,0,1
reference,hit,1944,286,487,773,0,1
reference,miss,1945,224,532,756,0,1
reference,hit,1945,339,1640,1979,0,1
reference,miss,1946,219,18,237,0,1
reference,hit,1946,289,498,787,0,1
reference,miss,1947,220,18,238,0,1
reference,hit,1947,290,500,790,0,1
reference,miss,1948,204,18,222,0,1
reference,hit,1948,291,488,779,0,1
reference,miss,1949,220,17,237,0,1
reference,hit,1949,287,502,789,0,1
reference,miss,1950,203,18,221,0,1
reference,hit,1950,292,487,779,0,1
reference,miss,1951,214,18,232,0,1
reference,hit,1951,287,503,790,0,1
reference,miss,1952,209,17,226,0,1
reference,hit,1952,289,488,777,0,1
reference,miss,1953,217,17,234,0,1
reference,hit,1953,286,503,789,0,1
reference,miss,1954,210,18,228,0,1
reference,hit,1954,279,488,767,0,1
reference,miss,1955,217,18,235,0,1
reference,hit,1955,288,479,767,0,1
reference,miss,1956,207,18,225,0,1
reference,hit,1956,294,504,798,0,1
reference,miss,1957,218,18,236,0,1
reference,hit,1957,284,489,773,0,1
reference,miss,1958,204,17,221,0,1
reference,hit,1958,290,484,774,0,1
reference,miss,1959,217,19,236,0,1
reference,hit,1959,283,500,783,0,1
reference,miss,1960,211,18,229,0,1
reference,hit,1960,294,488,782,0,1
reference,miss,1961,215,19,234,0,1
reference,hit,1961,280,485,765,0,1
reference,miss,1962,210,17,227,0,1
reference,hit,1962,292,517,809,0,1
reference,miss,1963,216,18,234,0,1
reference,hit,1963,283,474,757,0,1
reference,miss,1964,209,18,227,0,1
reference,hit,1964,288,499,787,0,1
reference,miss,1965,216,18,234,0,1
reference,hit,1965,285,514,799,0,1
reference,miss,1966,206,17,223,0,1
reference,hit,1966,284,489,773,0,1
reference,miss,1967,217,18,235,0,1
reference,hit,1967,343,652,995,0,1
reference,miss,1968,204,18,222,0,1
reference,hit,1968,293,521,814,0,1
reference,miss,1969,219,18,237,0,1
reference,hit,1969,283,485,768,0,1
reference,miss,1970,204,19,223,0,1
reference,hit,1970,292,497,789,0,1
reference,miss,1971,218,18,236,0,1
reference,hit,1971,287,484,771,0,1
reference,miss,1972,203,18,221,0,1
reference,hit,1972,290,513,803,0,1
reference,miss,1973,217,18,235,0,1
reference,hit,1973,291,492,783,0,1
reference,miss,1974,203,18,221,0,1
reference,hit,1974,363,632,995,0,1
reference,miss,1975,218,17,235,0,1
reference,hit,1975,291,511,802,0,1
reference,miss,1976,208,18,226,0,1
reference,hit,1976,291,516,807,0,1
reference,miss,1977,218,19,237,0,1
reference,hit,1977,283,508,791,0,1
reference,miss,1978,201,19,220,0,1
reference,hit,1978,290,503,793,0,1
reference,miss,1979,218,19,237,0,1
reference,hit,1979,283,502,785,0,1
reference,miss,1980,207,18,225,0,1
reference,hit,1980,320,565,885,0,1
reference,miss,1981,218,18,236,0,1
reference,hit,1981,287,535,822,0,1
reference,miss,1982,209,19,228,0,1
reference,hit,1982,287,489,776,0,1
reference,miss,1983,218,18,236,0,1
reference,hit,1983,385,480,865,0,1
reference,miss,1984,202,18,220,0,1
reference,hit,1984,295,482,777,0,1
reference,miss,1985,222,17,239,0,1
reference,hit,1985,287,499,786,0,1
reference,miss,1986,209,17,226,0,1
reference,hit,1986,294,518,812,0,1
reference,miss,1987,220,17,237,0,1
reference,hit,1987,282,491,773,0,1
reference,miss,1988,202,18,220,0,1
reference,hit,1988,287,483,770,0,1
reference,miss,1989,216,18,234,0,1
reference,hit,1989,343,644,987,0,1
reference,miss,1990,208,18,226,0,1
reference,hit,1990,347,653,1000,0,1
reference,miss,1991,218,18,236,0,1
reference,hit,1991,283,566,849,0,1
reference,miss,1992,203,19,222,0,1
reference,hit,1992,292,485,777,0,1
reference,miss,1993,219,18,237,0,1
reference,hit,1993,280,478,758,0,1
reference,miss,1994,202,18,220,0,1
reference,hit,1994,287,502,789,0,1
reference,miss,1995,220,19,239,0,1
reference,hit,1995,279,482,761,0,1
reference,miss,1996,205,17,222,0,1
reference,hit,1996,284,492,776,0,1
reference,miss,1997,223,18,241,0,1
reference,hit,1997,285,535,820,0,1
reference,miss,1998,208,18,226,0,1
reference,hit,1998,353,493,846,0,1
reference,miss,1999,218,19,237,0,1
reference,hit,1999,276,479,755,0,1
reference,miss,2000,209,18,227,0,1
reference,hit,2000,287,557,844,0,1
reference,miss,2001,220,18,238,0,1
reference,hit,2001,286,531,817,0,1
reference,miss,2002,203,19,222,0,1
reference,hit,2002,362,499,861,0,1
reference,miss,2003,220,17,237,0,1
reference,hit,2003,285,495,780,0,1
reference,miss,2004,207,18,225,0,1
reference,hit,2004,287,499,786,0,1
reference,miss,2005,218,18,236,0,1
reference,hit,2005,285,475,760,0,1
reference,miss,2006,205,17,222,0,1
reference,hit,2006,565,478,1043,0,1
reference,miss,2007,218,17,235,0,1
reference,hit,2007,288,493,781,0,1
reference,miss,2008,204,18,222,0,1
reference,hit,2008,282,492,774,0,1
reference,miss,2009,215,18,233,0,1
reference,hit,2009,279,490,769,0,1
reference,miss,2010,209,19,228,0,1
reference,hit,2010,287,511,798,0,1
reference,miss,2011,216,17,233,0,1
reference,hit,2011,350,641,991,0,1
reference,miss,2012,251,19,270,0,1
reference,hit,2012,292,524,816,0,1
reference,miss,2013,215,18,233,0,1
reference,hit,2013,288,485,773,0,1
reference,miss,2014,205,18,223,0,1
reference,hit,2014,292,497,789,0,1
reference,miss,2015,218,17,235,0,1
reference,hit,2015,284,543,827,0,1
reference,miss,2016,205,17,222,0,1
reference,hit,2016,351,477,828,0,1
reference,miss,2017,217,18,235,0,1
reference,hit,2017,286,474,760,0,1
reference,miss,2018,206,19,225,0,1
reference,hit,2018,290,555,845,0,1
reference,miss,2019,217,17,234,0,1
reference,hit,2019,284,583,867,0,1
reference,miss,2020,206,17,223,0,1
reference,hit,2020,347,477,824,0,1
reference,miss,2021,218,18,236,0,1
reference,hit,2021,286,490,776,0,1
reference,miss,2022,203,18,221,0,1
reference,hit,2022,290,482,772,0,1
reference,miss,2023,215,18,233,0,1
reference,hit,2023,287,477,764,0,1
reference,miss,2024,207,17,224,0,1
reference,hit,2024,291,489,780,0,1
reference,miss,2025,213,19,232,0,1
reference,hit,2025,283,476,759,0,1
reference,miss,2026,204,17,221,0,1
reference,hit,2026,289,508,797,0,1
reference,miss,2027,217,17,234,0,1
reference,hit,2027,289,488,777,0,1
reference,miss,2028,200,18,218,0,1
reference,hit,2028,286,480,766,0,1
reference,miss,2029,215,19,234,0,1
reference,hit,2029,288,496,784,0,1
reference,miss,2030,205,18,223,0,1
reference,hit,2030,282,500,782,0,1
reference,miss,2031,215,17,232,0,1
reference,hit,2031,280,485,765,0,1
reference,miss,2032,204,17,221,0,1
reference,hit,2032,289,485,774,0,1
reference,miss,2033,223,18,241,0,1
reference,hit,2033,347,627,974,0,1
reference,miss,2034,204,18,222,0,1
reference,hit,2034,299,501,800,0,1
reference,miss,2035,216,18,234,0,1
reference,hit,2035,295,525,820,0,1
reference,miss,2036,202,18,220,0,1
reference,hit,2036,298,501,799,0,1
reference,miss,2037,215,19,234,0,1
reference,hit,2037,307,603,910,0,1
reference,miss,2038,203,18,221,0,1
reference,hit,2038,285,494,779,0,1
reference,miss,2039,214,17,231,0,1
reference,hit,2039,296,508,804,0,1
reference,miss,2040,204,18,222,0,1
reference,hit,2040,286,486,772,0,1
reference,miss,2041,214,18,232,0,1
reference,hit,2041,299,484,783,0,1
reference,miss,2042,204,18,222,0,1
reference,hit,2042,290,492,782,0,1
reference,miss,2043,219,19,238,0,1
reference,hit,2043,296,519,815,0,1
reference,miss,2044,206,18,224,0,1
reference,hit,2044,288,473,761,0,1
reference,miss,2045,218,18,236,0,1
reference,hit,2045,301,499,800,0,1
reference,miss,2046,202,17,219,0,1
reference,hit,2046,290,501,791,0,1
reference,miss,2047,233,856,1089,0,1
reference,hit,2047,293,1539,1832,0,1
reference,miss,2048,216,19,235,0,1
reference,hit,2048,291,488,779,0,1
reference,miss,2049,214,17,231,0,1
reference,hit,2049,297,477,774,0,1
reference,miss,2050,203,18,221,0,1
reference,hit,2050,294,484,778,0,1
reference,miss,2051,219,18,237,0,1
reference,hit,2051,290,481,771,0,1
reference,miss,2052,206,16,222,0,1
reference,hit,2052,295,495,790,0,1
reference,miss,2053,214,18,232,0,1
reference,hit,2053,298,488,786,0,1
reference,miss,2054,202,18,220,0,1
reference,hit,2054,296,481,777,0,1
reference,miss,2055,218,18,236,0,1
reference,hit,2055,352,646,998,0,1
reference,miss,2056,208,17,225,0,1
reference,hit,2056,285,485,770,0,1
reference,miss,2057,215,18,233,0,1
reference,hit,2057,286,481,767,0,1
reference,miss,2058,206,18,224,0,1
reference,hit,2058,290,486,776,0,1
reference,miss,2059,217,18,235,0,1
reference,hit,2059,288,475,763,0,1
reference,miss,2060,205,17,222,0,1
reference,hit,2060,286,481,767,0,1
reference,miss,2061,215,18,233,0,1
reference,hit,2061,297,484,781,0,1
reference,miss,2062,205,18,223,0,1
reference,hit,2062,291,509,800,0,1
reference,miss,2063,217,18,235,0,1
reference,hit,2063,292,478,770,0,1
reference,miss,2064,206,18,224,0,1
reference,hit,2064,290,478,768,0,1
reference,miss,2065,214,18,232,0,1
reference,hit,2065,287,498,785,0,1
reference,miss,2066,205,17,222,0,1
reference,hit,2066,291,495,786,0,1
reference,miss,2067,220,18,238,0,1
reference,hit,2067,288,488,776,0,1
reference,miss,2068,207,18,225,0,1
reference,hit,2068,293,484,777,0,1
reference,miss,2069,214,19,233,0,1
reference,hit,2069,288,486,774,0,1
reference,miss,2070,204,18,222,0,1
reference,hit,2070,291,501,792,0,1
reference,miss,2071,217,17,234,0,1
reference,hit,2071,283,476,759,0,1
reference,miss,2072,205,19,224,0,1
reference,hit,2072,291,503,794,0,1
reference,miss,2073,214,19,233,0,1
reference,hit,2073,286,483,769,0,1
reference,miss,2074,204,17,221,0,1
reference,hit,2074,286,484,770,0,1
reference,miss,2075,213,18,231,0,1
reference,hit,2075,294,484,778,0,1
reference,miss,2076,202,18,220,0,1
reference,hit,2076,290,489,779,0,1
reference,miss,2077,223,18,241,0,1
reference,hit,2077,413,717,1130,0,1
reference,miss,2078,208,19,227,0,1
reference,hit,2078,293,548,841,0,1
reference,miss,2079,220,18,238,0,1
reference,hit,2079,289,496,785,0,1
reference,miss,2080,207,18,225,0,1
reference,hit,2080,290,484,774,0,1
reference,miss,2081,221,18,239,0,1
reference,hit,2081,286,476,762,0,1
reference,miss,2082,204,17,221,0,1
reference,hit,2082,280,479,759,0,1
reference,miss,2083,220,19,239,0,1
reference,hit,2083,286,496,782,0,1
reference,miss,2084,204,18,222,0,1
reference,hit,2084,283,485,768,0,1
reference,miss,2085,224,17,241,0,1
reference,hit,2085,287,489,776,0,1
reference,miss,2086,205,18,223,0,1
reference,hit,2086,285,491,776,0,1
reference,miss,2087,218,19,237,0,1
reference,hit,2087,284,496,780,0,1
reference,miss,2088,208,18,226,0,1
reference,hit,2088,284,504,788,0,1
reference,miss,2089,221,18,239,0,1
reference,hit,2089,286,511,797,0,1
reference,miss,2090,207,18,225,0,1
reference,hit,2090,288,470,758,0,1
reference,miss,2091,218,19,237,0,1
reference,hit,2091,282,494,776,0,1
reference,miss,2092,206,18,224,0,1
reference,hit,2092,286,481,767,0,1
reference,miss,2093,220,18,238,0,1
reference,hit,2093,289,478,767,0,1
reference,miss,2094,209,17,226,0,1
reference,hit,2094,288,479,767,0,1
reference,miss,2095,219,18,237,0,1
reference,hit,2095,324,683,1007,0,1
reference,miss,2096,209,18,227,0,1
reference,hit,2096,291,499,790,0,1
reference,miss,2097,214,18,232,0,1
reference,hit,2097,287,483,770,0,1
reference,miss,2098,204,18,222,0,1
reference,hit,2098,290,481,771,0,1
reference,miss,2099,219,18,237,0,1
reference,hit,2099,341,639,980,0,1
reference,miss,2100,203,18,221,0,1
reference,hit,2100,293,494,787,0,1
reference,miss,2101,213,19,232,0,1
reference,hit,2101,290,478,768,0,1
reference,miss,2102,204,18,222,0,1
reference,hit,2102,286,477,763,0,1
reference,miss,2103,219,18,237,0,1
reference,hit,2103,293,484,777,0,1
reference,miss,2104,206,18,224,0,1
reference,hit,2104,295,479,774,0,1
reference,miss,2105,213,18,231,0,1
reference,hit,2105,291,478,769,0,1
reference,miss,2106,203,18,221,0,1
reference,hit,2106,290,504,794,0,1
reference,miss,2107,216,18,234,0,1
reference,hit,2107,283,502,785,0,1
reference,miss,2108,204,17,221,0,1
reference,hit,2108,286,483,769,0,1
reference,miss,2109,213,17,230,0,1
reference,hit,2109,286,476,762,0,1
reference,miss,2110,205,17,222,0,1
reference,hit,2110,292,481,773,0,1
reference,miss,2111,217,18,235,0,1
reference,hit,2111,291,495,786,0,1
reference,miss,2112,202,17,219,0,1
reference,hit,2112,290,495,785,0,1
reference,miss,2113,215,18,233,0,1
reference,hit,2113,282,479,761,0,1
reference,miss,2114,204,18,222,0,1
reference,hit,2114,288,476,764,0,1
reference,miss,2115,214,18,232,0,1
reference,hit,2115,283,501,784,0,1
reference,miss,2116,207,19,226,0,1
reference,hit,2116,285,504,789,0,1
reference,miss,2117,217,17,234,0,1
reference,hit,2117,286,481,767,0,1
reference,miss,2118,207,18,225,0,1
reference,hit,2118,282,480,762,0,1
reference,miss,2119,216,18,234,0,1
reference,hit,2119,289,485,774,0,1
reference,miss,2120,209,17,226,0,1
reference,hit,2120,287,500,787,0,1
reference,miss,2121,226,18,244,0,1
reference,hit,2121,331,645,976,0,1
reference,miss,2122,207,18,225,0,1
reference,hit,2122,288,508,796,0,1
reference,miss,2123,222,17,239,0,1
reference,hit,2123,284,486,770,0,1
reference,miss,2124,211,19,230,0,1
reference,hit,2124,292,494,786,0,1
reference,miss,2125,222,17,239,0,1
reference,hit,2125,286,503,789,0,1
reference,miss,2126,214,16,230,0,1
reference,hit,2126,291,514,805,0,1
reference,miss,2127,223,19,242,0,1
reference,hit,2127,280,488,768,0,1
reference,miss,2128,210,17,227,0,1
reference,hit,2128,280,476,756,0,1
reference,miss,2129,222,17,239,0,1
reference,hit,2129,282,481,763,0,1
reference,miss,2130,211,19,230,0,1
reference,hit,2130,291,478,769,0,1
reference,miss,2131,219,18,237,0,1
reference,hit,2131,280,475,755,0,1
reference,miss,2132,208,18,226,0,1
reference,hit,2132,289,483,772,0,1
reference,miss,2133,221,19,240,0,1
reference,hit,2133,280,499,779,0,1
reference,miss,2134,212,18,230,0,1
reference,hit,2134,290,481,771,0,1
reference,miss,2135,224,17,241,0,1
reference,hit,2135,279,505,784,0,1
reference,miss,2136,211,18,229,0,1
reference,hit,2136,282,478,760,0,1
reference,miss,2137,222,18,240,0,1
reference,hit,2137,283,481,764,0,1
reference,miss,2138,203,18,221,0,1
reference,hit,2138,293,491,784,0,1
reference,miss,2139,221,18,239,0,1
reference,hit,2139,282,492,774,0,1
reference,miss,2140,208,18,226,0,1
reference,hit,2140,293,493,786,0,1
reference,miss,2141,219,17,236,0,1
reference,hit,2141,287,489,776,0,1
reference,miss,2142,211,18,229,0,1
reference,hit,2142,294,500,794,0,1
reference,miss,2143,221,18,239,0,1
reference,hit,2143,343,653,996,0,1
reference,miss,2144,212,19,231,0,1
reference,hit,2144,287,521,808,0,1
reference,miss,2145,217,18,235,0,1
reference,hit,2145,280,480,760,0,1
reference,miss,2146,210,17,227,0,1
reference,hit,2146,290,494,784,0,1
reference,miss,2147,218,18,236,0,1
reference,hit,2147,278,503,781,0,1
reference,miss,2148,210,17,227,0,1
reference,hit,2148,293,493,786,0,1
reference,miss,2149,217,18,235,0,1
reference,hit,2149,278,481,759,0,1
reference,miss,2150,207,1099,1306,0,1
reference,hit,2150,305,1298,1603,0,1
reference,miss,2151,216,19,235,0,1
reference,hit,2151,289,509,798,0,1
reference,miss,2152,259,17,276,0,1
reference,hit,2152,290,524,814,0,1
reference,miss,2153,215,18,233,0,1
reference,hit,2153,287,483,770,0,1
reference,miss,2154,207,17,224,0,1
reference,hit,2154,287,477,764,0,1
reference,miss,2155,217,17,234,0,1
reference,hit,2155,287,497,784,0,1
reference,miss,2156,207,17,224,0,1
reference,hit,2156,291,487,778,0,1
reference,miss,2157,218,18,236,0,1
reference,hit,2157,287,486,773,0,1
reference,miss,2158,210,18,228,0,1
reference,hit,2158,293,486,779,0,1
reference,miss,2159,218,18,236,0,1
reference,hit,2159,282,504,786,0,1
reference,miss,2160,207,18,225,0,1
reference,hit,2160,283,499,782,0,1
reference,miss,2161,217,17,234,0,1
reference,hit,2161,282,480,762,0,1
reference,miss,2162,205,18,223,0,1
reference,hit,2162,295,486,781,0,1
reference,miss,2163,218,18,236,0,1
reference,hit,2163,283,473,756,0,1
reference,miss,2164,206,17,223,0,1
reference,hit,2164,295,527,822,0,1
reference,miss,2165,218,19,237,0,1
reference,hit,2165,354,686,1040,0,1
reference,miss,2166,207,18,225,0,1
reference,hit,2166,286,501,787,0,1
reference,miss,2167,218,17,235,0,1
reference,hit,2167,285,490,775,0,1
reference,miss,2168,207,17,224,0,1
reference,hit,2168,288,480,768,0,1
reference,miss,2169,222,17,239,0,1
reference,hit,2169,288,486,774,0,1
reference,miss,2170,208,18,226,0,1
reference,hit,2170,291,494,785,0,1
reference,miss,2171,221,18,239,0,1
reference,hit,2171,286,506,792,0,1
reference,miss,2172,204,17,221,0,1
reference,hit,2172,287,524,811,0,1
reference,miss,2173,220,18,238,0,1
reference,hit,2173,279,476,755,0,1
reference,miss,2174,207,17,224,0,1
reference,hit,2174,292,480,772,0,1
reference,miss,2175,219,18,237,0,1
reference,hit,2175,291,478,769,0,1
reference,miss,2176,206,18,224,0,1
reference,hit,2176,280,489,769,0,1
reference,miss,2177,215,18,233,0,1
reference,hit,2177,281,481,762,0,1
reference,miss,2178,206,19,225,0,1
reference,hit,2178,280,486,766,0,1
reference,miss,2179,215,18,233,0,1
reference,hit,2179,284,481,765,0,1
reference,miss,2180,206,18,224,0,1
reference,hit,2180,284,501,785,0,1
reference,miss,2181,218,18,236,0,1
reference,hit,2181,283,492,775,0,1
reference,miss,2182,203,18,221,0,1
reference,hit,2182,289,511,800,0,1
reference,miss,2183,216,17,233,0,1
reference,hit,2183,282,477,759,0,1
reference,miss,2184,206,17,223,0,1
reference,hit,2184,290,479,769,0,1
reference,miss,2185,218,18,236,0,1
reference,hit,2185,285,504,789,0,1
reference,miss,2186,209,17,226,0,1
reference,hit,2186,285,479,764,0,1
reference,miss,2187,218,19,237,0,1
reference,hit,2187,349,647,996,0,1
reference,miss,2188,207,16,223,0,1
reference,hit,2188,297,506,803,0,1
reference,miss,2189,221,18,239,0,1
reference,hit,2189,295,510,805,0,1
reference,miss,2190,205,17,222,0,1
reference,hit,2190,290,484,774,0,1
reference,miss,2191,218,19,237,0,1
reference,hit,2191,287,500,787,0,1
reference,miss,2192,210,18,228,0,1
reference,hit,2192,294,530,824,0,1
reference,miss,2193,216,18,234,0,1
reference,hit,2193,291,504,795,0,1
reference,miss,2194,201,17,218,0,1
reference,hit,2194,294,499,793,0,1
reference,miss,2195,219,17,236,0,1
reference,hit,2195,292,481,773,0,1
reference,miss,2196,206,18,224,0,1
reference,hit,2196,291,501,792,0,1
reference,miss,2197,221,18,239,0,1
reference,hit,2197,295,484,779,0,1
reference,miss,2198,203,18,221,0,1
reference,hit,2198,296,487,783,0,1
reference,miss,2199,219,19,238,0,1
reference,hit,2199,288,508,796,0,1
reference,miss,2200,205,18,223,0,1
reference,hit,2200,291,493,784,0,1
reference,miss,2201,236,17,253,0,1
reference,hit,2201,293,486,779,0,1
reference,miss,2202,206,18,224,0,1
reference,hit,2202,297,547,844,0,1
reference,miss,2203,216,18,234,0,1
reference,hit,2203,287,498,785,0,1
reference,miss,2204,207,18,225,0,1
reference,hit,2204,276,521,797,0,1
reference,miss,2205,219,18,237,0,1
reference,hit,2205,270,500,770,0,1
reference,miss,2206,204,19,223,0,1
reference,hit,2206,280,486,766,0,1
reference,miss,2207,217,18,235,0,1
reference,hit,2207,281,490,771,0,1
reference,miss,2208,201,17,218,0,1
reference,hit,2208,319,534,853,0,1
reference,miss,2209,219,17,236,0,1
reference,hit,2209,344,621,965,0,1
reference,miss,2210,209,17,226,0,1
reference,hit,2210,304,501,805,0,1
reference,miss,2211,218,19,237,0,1
reference,hit,2211,283,492,775,0,1
reference,miss,2212,202,18,220,0,1
reference,hit,2212,286,495,781,0,1
reference,miss,2213,215,19,234,0,1
reference,hit,2213,274,534,808,0,1
reference,miss,2214,206,18,224,0,1
reference,hit,2214,283,500,783,0,1
reference,miss,2215,215,17,232,0,1
reference,hit,2215,284,490,774,0,1
reference,miss,2216,203,18,221,0,1
reference,hit,2216,284,530,814,0,1
reference,miss,2217,218,18,236,0,1
reference,hit,2217,277,512,789,0,1
reference,miss,2218,205,18,223,0,1
reference,hit,2218,285,510,795,0,1
reference,miss,2219,215,18,233,0,1
reference,hit,2219,280,497,777,0,1
reference,miss,2220,207,18,225,0,1
reference,hit,2220,291,496,787,0,1
reference,miss,2221,219,17,236,0,1
reference,hit,2221,279,525,804,0,1
reference,miss,2222,208,19,227,0,1
reference,hit,2222,283,523,806,0,1
reference,miss,2223,217,19,236,0,1
reference,hit,2223,278,502,780,0,1
reference,miss,2224,207,16,223,0,1
reference,hit,2224,282,512,794,0,1
reference,miss,2225,220,18,238,0,1
reference,hit,2225,277,508,785,0,1
reference,miss,2226,209,17,226,0,1
reference,hit,2226,289,511,800,0,1
reference,miss,2227,218,19,237,0,1
reference,hit,2227,279,498,777,0,1
reference,miss,2228,207,18,225,0,1
reference,hit,2228,288,493,781,0,1
reference,miss,2229,220,18,238,0,1
reference,hit,2229,279,499,778,0,1
reference,miss,2230,209,18,227,0,1
reference,hit,2230,290,496,786,0,1
reference,miss,2231,222,18,240,0,1
reference,hit,2231,344,636,980,0,1
reference,miss,2232,210,18,228,0,1
reference,hit,2232,297,507,804,0,1
reference,miss,2233,218,19,237,0,1
reference,hit,2233,285,483,768,0,1
reference,miss,2234,205,18,223,0,1
reference,hit,2234,286,503,789,0,1
reference,miss,2235,216,18,234,0,1
reference,hit,2235,278,531,809,0,1
reference,miss,2236,207,18,225,0,1
reference,hit,2236,287,499,786,0,1
reference,miss,2237,218,18,236,0,1
reference,hit,2237,273,491,764,0,1
reference,miss,2238,210,19,229,0,1
reference,hit,2238,287,531,818,0,1
reference,miss,2239,216,18,234,0,1
reference,hit,2239,290,510,800,0,1
reference,miss,2240,208,18,226,0,1
reference,hit,2240,287,512,799,0,1
reference,miss,2241,217,18,235,0,1
reference,hit,2241,279,483,762,0,1
reference,miss,2242,210,16,226,0,1
reference,hit,2242,280,492,772,0,1
reference,miss,2243,217,18,235,0,1
reference,hit,2243,278,490,768,0,1
reference,miss,2244,206,17,223,0,1
reference,hit,2244,287,508,795,0,1
reference,miss,2245,216,18,234,0,1
reference,hit,2245,274,486,760,0,1
reference,miss,2246,206,18,224,0,1
reference,hit,2246,282,482,764,0,1
reference,miss,2247,216,19,235,0,1
reference,hit,2247,279,495,774,0,1
reference,miss,2248,210,17,227,0,1
reference,hit,2248,287,524,811,0,1
reference,miss,2249,217,19,236,0,1
reference,hit,2249,277,517,794,0,1
reference,miss,2250,210,17,227,0,1
reference,hit,2250,290,503,793,0,1
reference,miss,2251,217,18,235,0,1
reference,hit,2251,277,505,782,0,1
reference,miss,2252,208,1149,1357,0,1
reference,hit,2252,295,1315,1610,0,1
reference,miss,2253,217,18,235,0,1
reference,hit,2253,331,641,972,0,1
reference,miss,2254,207,19,226,0,1
reference,hit,2254,286,523,809,0,1
reference,miss,2255,219,18,237,0,1
reference,hit,2255,283,495,778,0,1
reference,miss,2256,205,17,222,0,1
reference,hit,2256,284,505,789,0,1
reference,miss,2257,220,19,239,0,1
reference,hit,2257,282,498,780,0,1
reference,miss,2258,205,17,222,0,1
reference,hit,2258,291,485,776,0,1
reference,miss,2259,222,18,240,0,1
reference,hit,2259,283,495,778,0,1
reference,miss,2260,203,18,221,0,1
reference,hit,2260,288,491,779,0,1
reference,miss,2261,219,18,237,0,1
reference,hit,2261,284,482,766,0,1
reference,miss,2262,203,17,220,0,1
reference,hit,2262,290,498,788,0,1
reference,miss,2263,220,18,238,0,1
reference,hit,2263,285,492,777,0,1
reference,miss,2264,204,18,222,0,1
reference,hit,2264,292,523,815,0,1
reference,miss,2265,222,19,241,0,1
reference,hit,2265,333,603,936,0,1
reference,miss,2266,210,17,227,0,1
reference,hit,2266,288,494,782,0,1
reference,miss,2267,218,17,235,0,1
reference,hit,2267,286,501,787,0,1
reference,miss,2268,210,19,229,0,1
reference,hit,2268,282,473,755,0,1
reference,miss,2269,217,18,235,0,1
reference,hit,2269,278,497,775,0,1
reference,miss,2270,211,18,229,0,1
reference,hit,2270,283,487,770,0,1
reference,miss,2271,216,18,234,0,1
reference,hit,2271,280,493,773,0,1
reference,miss,2272,208,17,225,0,1
reference,hit,2272,277,491,768,0,1
reference,miss,2273,219,19,238,0,1
reference,hit,2273,277,496,773,0,1
reference,miss,2274,203,19,222,0,1
reference,hit,2274,284,487,771,0,1
reference,miss,2275,225,18,243,0,1
reference,hit,2275,332,597,929,0,1
reference,miss,2276,209,18,227,0,1
reference,hit,2276,293,516,809,0,1
reference,miss,2277,217,18,235,0,1
reference,hit,2277,295,515,810,0,1
reference,miss,2278,204,18,222,0,1
reference,hit,2278,287,498,785,0,1
reference,miss,2279,216,17,233,0,1
reference,hit,2279,283,490,773,0,1
reference,miss,2280,205,18,223,0,1
reference,hit,2280,285,482,767,0,1
reference,miss,2281,219,18,237,0,1
reference,hit,2281,281,501,782,0,1
reference,miss,2282,209,17,226,0,1
reference,hit,2282,287,521,808,0,1
reference,miss,2283,214,17,231,0,1
reference,hit,2283,277,497,774,0,1
reference,miss,2284,210,17,227,0,1
reference,hit,2284,280,527,807,0,1
reference,miss,2285,218,18,236,0,1
reference,hit,2285,275,498,773,0,1
reference,miss,2286,210,18,228,0,1
reference,hit,2286,283,501,784,0,1
reference,miss,2287,218,17,235,0,1
reference,hit,2287,281,493,774,0,1
reference,miss,2288,206,18,224,0,1
reference,hit,2288,280,498,778,0,1
reference,miss,2289,216,18,234,0,1
reference,hit,2289,282,491,773,0,1
reference,miss,2290,204,18,222,0,1
reference,hit,2290,285,502,787,0,1
reference,miss,2291,217,18,235,0,1
reference,hit,2291,272,502,774,0,1
reference,miss,2292,205,18,223,0,1
reference,hit,2292,291,543,834,0,1
reference,miss,2293,218,19,237,0,1
reference,hit,2293,280,497,777,0,1
reference,miss,2294,205,17,222,0,1
reference,hit,2294,288,478,766,0,1
reference,miss,2295,220,18,238,0,1
reference,hit,2295,280,490,770,0,1
reference,miss,2296,209,18,227,0,1
reference,hit,2296,287,481,768,0,1
reference,miss,2297,219,19,238,0,1
reference,hit,2297,343,633,976,0,1
reference,miss,2298,205,18,223,0,1
reference,hit,2298,290,518,808,0,1
reference,miss,2299,218,18,236,0,1
reference,hit,2299,299,504,803,0,1
reference,miss,2300,204,18,222,0,1
reference,hit,2300,284,512,796,0,1
reference,miss,2301,217,17,234,0,1
reference,hit,2301,293,483,776,0,1
reference,miss,2302,206,18,224,0,1
reference,hit,2302,285,477,762,0,1
reference,miss,2303,218,16,234,0,1
reference,hit,2303,285,501,786,0,1
reference,miss,2304,209,18,227,0,1
reference,hit,2304,284,504,788,0,1
reference,miss,2305,218,18,236,0,1
reference,hit,2305,281,480,761,0,1
reference,miss,2306,210,17,227,0,1
reference,hit,2306,285,501,786,0,1
reference,miss,2307,216,17,233,0,1
reference,hit,2307,280,494,774,0,1
reference,miss,2308,205,17,222,0,1
reference,hit,2308,279,489,768,0,1
reference,miss,2309,214,19,233,0,1
reference,hit,2309,280,500,780,0,1
reference,miss,2310,208,18,226,0,1
reference,hit,2310,284,504,788,0,1
reference,miss,2311,219,17,236,0,1
reference,hit,2311,283,503,786,0,1
reference,miss,2312,204,18,222,0,1
reference,hit,2312,282,478,760,0,1
reference,miss,2313,215,18,233,0,1
reference,hit,2313,276,499,775,0,1
reference,miss,2314,210,17,227,0,1
reference,hit,2314,286,508,794,0,1
reference,miss,2315,216,18,234,0,1
reference,hit,2315,283,505,788,0,1
reference,miss,2316,205,19,224,0,1
reference,hit,2316,287,483,770,0,1
reference,miss,2317,217,18,235,0,1
reference,hit,2317,281,500,781,0,1
reference,miss,2318,210,18,228,0,1
reference,hit,2318,281,473,754,0,1
reference,miss,2319,216,18,234,0,1
reference,hit,2319,349,650,999,0,1
reference,miss,2320,208,18,226,0,1
reference,hit,2320,285,517,802,0,1
reference,miss,2321,222,18,240,0,1
reference,hit,2321,281,531,812,0,1
reference,miss,2322,207,17,224,0,1
reference,hit,2322,288,503,791,0,1
reference,miss,2323,300,18,318,0,1
reference,hit,2323,634,677,1311,0,1
reference,miss,2324,206,18,224,0,1
reference,hit,2324,289,1779,2068,0,1
reference,miss,2325,220,18,238,0,1
reference,hit,2325,285,700,985,0,1
reference,miss,2326,208,18,226,0,1
reference,hit,2326,287,524,811,0,1
reference,miss,2327,219,17,236,0,1
reference,hit,2327,663,606,1269,0,1
reference,miss,2328,203,18,221,0,1
reference,hit,2328,286,492,778,0,1
reference,miss,2329,218,19,237,0,1
reference,hit,2329,279,484,763,0,1
reference,miss,2330,208,18,226,0,1
reference,hit,2330,286,489,775,0,1
reference,miss,2331,221,19,240,0,1
reference,hit,2331,283,1019,1302,0,1
reference,miss,2332,205,18,223,0,1
reference,hit,2332,1022,490,1512,0,1
reference,miss,2333,221,18,239,0,1
reference,hit,2333,285,494,779,0,1
reference,miss,2334,204,18,222,0,1
reference,hit,2334,290,701,991,0,1
reference,miss,2335,216,18,234,0,1
reference,hit,2335,286,1153,1439,0,1
reference,miss,2336,207,18,225,0,1
reference,hit,2336,361,487,848,0,1
reference,miss,2337,217,19,236,0,1
reference,hit,2337,719,483,1202,0,1
reference,miss,2338,207,18,225,0,1
reference,hit,2338,283,931,1214,0,1
reference,miss,2339,219,18,237,0,1
reference,hit,2339,455,518,973,0,1
reference,miss,2340,208,18,226,0,1
reference,hit,2340,282,902,1184,0,1
reference,miss,2341,217,18,235,0,1
reference,hit,2341,339,979,1318,0,1
reference,miss,2342,206,19,225,0,1
reference,hit,2342,286,516,802,0,1
reference,miss,2343,222,17,239,0,1
reference,hit,2343,382,498,880,0,1
reference,miss,2344,207,18,225,0,1
reference,hit,2344,534,498,1032,0,1
reference,miss,2345,221,17,238,0,1
reference,hit,2345,283,484,767,0,1
reference,miss,2346,205,18,223,0,1
reference,hit,2346,287,705,992,0,1
reference,miss,2347,220,18,238,0,1
reference,hit,2347,283,832,1115,0,1
reference,miss,2348,206,17,223,0,1
reference,hit,2348,656,489,1145,0,1
reference,miss,2349,218,17,235,0,1
reference,hit,2349,418,524,942,0,1
reference,miss,2350,208,19,227,0,1
reference,hit,2350,280,642,922,0,1
reference,miss,2351,221,18,239,0,1
reference,hit,2351,280,503,783,0,1
reference,miss,2352,211,17,228,0,1
reference,hit,2352,284,544,828,0,1
reference,miss,2353,219,18,237,0,1
reference,hit,2353,287,485,772,0,1
reference,miss,2354,205,17,222,0,1
reference,hit,2354,303,505,808,0,1
reference,miss,2355,221,17,238,0,1
reference,hit,2355,359,490,849,0,1
reference,miss,2356,207,17,224,0,1
reference,hit,2356,289,486,775,0,1
reference,miss,2357,219,18,237,0,1
reference,hit,2357,285,501,786,0,1
reference,miss,2358,205,19,224,0,1
reference,hit,2358,288,488,776,0,1
reference,miss,2359,219,18,237,0,1
reference,hit,2359,280,486,766,0,1
reference,miss,2360,208,17,225,0,1
reference,hit,2360,285,727,1012,0,1
reference,miss,2361,219,19,238,0,1
reference,hit,2361,283,481,764,0,1
reference,miss,2362,202,18,220,0,1
reference,hit,2362,280,538,818,0,1
reference,miss,2363,216,17,233,0,1
reference,hit,2363,353,702,1055,0,1
reference,miss,2364,209,18,227,0,1
reference,hit,2364,284,497,781,0,1
reference,miss,2365,221,18,239,0,1
reference,hit,2365,281,510,791,0,1
reference,miss,2366,206,18,224,0,1
reference,hit,2366,286,489,775,0,1
reference,miss,2367,218,18,236,0,1
reference,hit,2367,282,485,767,0,1
reference,miss,2368,211,18,229,0,1
reference,hit,2368,286,489,775,0,1
reference,miss,2369,220,18,238,0,1
reference,hit,2369,329,752,1081,0,1
reference,miss,2370,202,18,220,0,1
reference,hit,2370,297,516,813,0,1
reference,miss,2371,217,18,235,0,1
reference,hit,2371,287,502,789,0,1
reference,miss,2372,204,19,223,0,1
reference,hit,2372,291,487,778,0,1
reference,miss,2373,215,18,233,0,1
reference,hit,2373,290,483,773,0,1
reference,miss,2374,207,18,225,0,1
reference,hit,2374,291,484,775,0,1
reference,miss,2375,217,17,234,0,1
reference,hit,2375,287,485,772,0,1
reference,miss,2376,207,18,225,0,1
reference,hit,2376,295,489,784,0,1
reference,miss,2377,219,17,236,0,1
reference,hit,2377,296,494,790,0,1
reference,miss,2378,205,18,223,0,1
reference,hit,2378,288,487,775,0,1
reference,miss,2379,217,18,235,0,1
reference,hit,2379,286,492,778,0,1
reference,miss,2380,207,18,225,0,1
reference,hit,2380,295,495,790,0,1
reference,miss,2381,213,19,232,0,1
reference,hit,2381,286,500,786,0,1
reference,miss,2382,205,17,222,0,1
reference,hit,2382,290,490,780,0,1
reference,miss,2383,216,18,234,0,1
reference,hit,2383,288,502,790,0,1
reference,miss,2384,202,19,221,0,1
reference,hit,2384,292,500,792,0,1
reference,miss,2385,219,18,237,0,1
reference,hit,2385,349,657,1006,0,1
reference,miss,2386,207,19,226,0,1
reference,hit,2386,283,508,791,0,1
reference,miss,2387,217,18,235,0,1
reference,hit,2387,288,492,780,0,1
reference,miss,2388,207,19,226,0,1
reference,hit,2388,298,511,809,0,1
reference,miss,2389,219,17,236,0,1
reference,hit,2389,286,480,766,0,1
reference,miss,2390,209,18,227,0,1
reference,hit,2390,289,486,775,0,1
reference,miss,2391,220,18,238,0,1
reference,hit,2391,290,489,779,0,1
reference,miss,2392,205,17,222,0,1
reference,hit,2392,288,721,1009,0,1
reference,miss,2393,216,20,236,0,1
reference,hit,2393,290,489,779,0,1
reference,miss,2394,210,17,227,0,1
reference,hit,2394,286,507,793,0,1
reference,miss,2395,219,19,238,0,1
reference,hit,2395,290,491,781,0,1
reference,miss,2396,204,19,223,0,1
reference,hit,2396,299,494,793,0,1
reference,miss,2397,217,17,234,0,1
reference,hit,2397,285,610,895,0,1
reference,miss,2398,210,18,228,0,1
reference,hit,2398,283,499,782,0,1
reference,miss,2399,215,19,234,0,1
reference,hit,2399,289,489,778,0,1
reference,miss,2400,209,19,228,0,1
reference,hit,2400,290,491,781,0,1
reference,miss,2401,215,19,234,0,1
reference,hit,2401,284,499,783,0,1
reference,miss,2402,209,17,226,0,1
reference,hit,2402,1067,518,1585,0,1
reference,miss,2403,218,17,235,0,1
reference,hit,2403,281,484,765,0,1
reference,miss,2404,208,18,226,0,1
reference,hit,2404,290,538,828,0,1
reference,miss,2405,215,18,233,0,1
reference,hit,2405,284,961,1245,0,1
reference,miss,2406,202,18,220,0,1
reference,hit,2406,288,483,771,0,1
reference,miss,2407,221,19,240,0,1
reference,hit,2407,349,1602,1951,0,1
reference,miss,2408,211,17,228,0,1
reference,hit,2408,287,527,814,0,1
reference,miss,2409,218,18,236,0,1
reference,hit,2409,288,501,789,0,1
reference,miss,2410,202,20,222,0,1
reference,hit,2410,291,778,1069,0,1
reference,miss,2411,220,18,238,0,1
reference,hit,2411,287,502,789,0,1
reference,miss,2412,206,18,224,0,1
reference,hit,2412,289,580,869,0,1
reference,miss,2413,221,17,238,0,1
reference,hit,2413,288,1424,1712,0,1
reference,miss,2414,208,18,226,0,1
reference,hit,2414,330,525,855,0,1
reference,miss,2415,227,18,245,0,1
reference,hit,2415,300,514,814,0,1
reference,miss,2416,208,17,225,0,1
reference,hit,2416,287,1110,1397,0,1
reference,miss,2417,219,17,236,0,1
reference,hit,2417,278,479,757,0,1
reference,miss,2418,202,17,219,0,1
reference,hit,2418,282,648,930,0,1
reference,miss,2419,220,18,238,0,1
reference,hit,2419,285,477,762,0,1
reference,miss,2420,205,18,223,0,1
reference,hit,2420,321,809,1130,0,1
reference,miss,2421,222,18,240,0,1
reference,hit,2421,284,622,906,0,1
reference,miss,2422,205,19,224,0,1
reference,hit,2422,281,1037,1318,0,1
reference,miss,2423,220,18,238,0,1
reference,hit,2423,284,495,779,0,1
reference,miss,2424,204,19,223,0,1
reference,hit,2424,283,479,762,0,1
reference,miss,2425,219,18,237,0,1
reference,hit,2425,284,493,777,0,1
reference,miss,2426,202,18,220,0,1
reference,hit,2426,277,504,781,0,1
reference,miss,2427,219,18,237,0,1
reference,hit,2427,533,471,1004,0,1
reference,miss,2428,203,18,221,0,1
reference,hit,2428,279,477,756,0,1
reference,miss,2429,222,18,240,0,1
reference,hit,2429,344,669,1013,0,1
reference,miss,2430,211,18,229,0,1
reference,hit,2430,284,501,785,0,1
reference,miss,2431,217,18,235,0,1
reference,hit,2431,285,480,765,0,1
reference,miss,2432,210,19,229,0,1
reference,hit,2432,286,493,779,0,1
reference,miss,2433,218,18,236,0,1
reference,hit,2433,274,512,786,0,1
reference,miss,2434,209,18,227,0,1
reference,hit,2434,281,479,760,0,1
reference,miss,2435,214,19,233,0,1
reference,hit,2435,274,488,762,0,1
reference,miss,2436,208,18,226,0,1
reference,hit,2436,284,485,769,0,1
reference,miss,2437,217,19,236,0,1
reference,hit,2437,279,481,760,0,1
reference,miss,2438,211,18,229,0,1
reference,hit,2438,275,484,759,0,1
reference,miss,2439,217,18,235,0,1
reference,hit,2439,281,487,768,0,1
reference,miss,2440,207,18,225,0,1
reference,hit,2440,276,479,755,0,1
reference,miss,2441,219,17,236,0,1
reference,hit,2441,271,495,766,0,1
reference,miss,2442,206,17,223,0,1
reference,hit,2442,274,488,762,0,1
reference,miss,2443,219,18,237,0,1
reference,hit,2443,341,502,843,0,1
reference,miss,2444,207,18,225,0,1
reference,hit,2444,278,483,761,0,1
reference,miss,2445,220,18,238,0,1
reference,hit,2445,279,487,766,0,1
reference,miss,2446,210,16,226,0,1
reference,hit,2446,277,489,766,0,1
reference,miss,2447,220,17,237,0,1
reference,hit,2447,277,490,767,0,1
reference,miss,2448,208,17,225,0,1
reference,hit,2448,280,494,774,0,1
reference,miss,2449,217,18,235,0,1
reference,hit,2449,278,469,747,0,1
reference,miss,2450,207,18,225,0,1
reference,hit,2450,279,531,810,0,1
reference,miss,2451,232,17,249,0,1
reference,hit,2451,344,781,1125,0,1
reference,miss,2452,212,18,230,0,1
reference,hit,2452,284,526,810,0,1
reference,miss,2453,218,18,236,0,1
reference,hit,2453,283,482,765,0,1
reference,miss,2454,209,18,227,0,1
reference,hit,2454,273,471,744,0,1
reference,miss,2455,218,18,236,0,1
reference,hit,2455,275,463,738,0,1
reference,miss,2456,212,17,229,0,1
reference,hit,2456,276,474,750,0,1
reference,miss,2457,232,839,1071,0,1
reference,hit,2457,277,1507,1784,0,1
reference,miss,2458,218,18,236,0,1
reference,hit,2458,278,504,782,0,1
reference,miss,2459,220,19,239,0,1
reference,hit,2459,284,495,779,0,1
reference,miss,2460,203,19,222,0,1
reference,hit,2460,278,480,758,0,1
reference,miss,2461,219,18,237,0,1
reference,hit,2461,284,480,764,0,1
reference,miss,2462,210,17,227,0,1
reference,hit,2462,338,471,809,0,1
reference,miss,2463,218,19,237,0,1
reference,hit,2463,285,478,763,0,1
reference,miss,2464,203,17,220,0,1
reference,hit,2464,280,470,750,0,1
reference,miss,2465,217,18,235,0,1
reference,hit,2465,273,476,749,0,1
reference,miss,2466,210,18,228,0,1
reference,hit,2466,277,472,749,0,1
reference,miss,2467,218,18,236,0,1
reference,hit,2467,279,486,765,0,1
reference,miss,2468,207,18,225,0,1
reference,hit,2468,285,458,743,0,1
reference,miss,2469,215,19,234,0,1
reference,hit,2469,274,489,763,0,1
reference,miss,2470,207,17,224,0,1
reference,hit,2470,281,472,753,0,1
reference,miss,2471,216,18,234,0,1
reference,hit,2471,278,483,761,0,1
reference,miss,2472,207,18,225,0,1
reference,hit,2472,279,474,753,0,1
reference,miss,2473,4251,19,4270,0,1
reference,hit,2473,329,627,956,0,1
reference,miss,2474,212,18,230,0,1
reference,hit,2474,304,583,887,0,1
reference,miss,2475,218,18,236,0,1
reference,hit,2475,291,505,796,0,1
reference,miss,2476,212,17,229,0,1
reference,hit,2476,284,484,768,0,1
reference,miss,2477,216,18,234,0,1
reference,hit,2477,278,478,756,0,1
reference,miss,2478,203,17,220,0,1
reference,hit,2478,283,491,774,0,1
reference,miss,2479,219,18,237,0,1
reference,hit,2479,279,489,768,0,1
reference,miss,2480,208,18,226,0,1
reference,hit,2480,278,488,766,0,1
reference,miss,2481,216,18,234,0,1
reference,hit,2481,279,478,757,0,1
reference,miss,2482,205,18,223,0,1
reference,hit,2482,275,465,740,0,1
reference,miss,2483,219,18,237,0,1
reference,hit,2483,275,469,744,0,1
reference,miss,2484,205,17,222,0,1
reference,hit,2484,280,470,750,0,1
reference,miss,2485,219,18,237,0,1
reference,hit,2485,279,475,754,0,1
reference,miss,2486,202,18,220,0,1
reference,hit,2486,285,492,777,0,1
reference,miss,2487,216,17,233,0,1
reference,hit,2487,275,474,749,0,1
reference,miss,2488,209,17,226,0,1
reference,hit,2488,277,470,747,0,1
reference,miss,2489,218,18,236,0,1
reference,hit,2489,279,471,750,0,1
reference,miss,2490,206,17,223,0,1
reference,hit,2490,278,478,756,0,1
reference,miss,2491,217,18,235,0,1
reference,hit,2491,272,515,787,0,1
reference,miss,2492,207,17,224,0,1
reference,hit,2492,278,469,747,0,1
reference,miss,2493,218,18,236,0,1
reference,hit,2493,274,473,747,0,1
reference,miss,2494,205,18,223,0,1
reference,hit,2494,278,485,763,0,1
reference,miss,2495,217,18,235,0,1
reference,hit,2495,350,708,1058,0,1
reference,miss,2496,204,16,220,0,1
reference,hit,2496,288,509,797,0,1
reference,miss,2497,218,18,236,0,1
reference,hit,2497,281,492,773,0,1
reference,miss,2498,202,19,221,0,1
reference,hit,2498,284,480,764,0,1
reference,miss,2499,218,18,236,0,1
reference,hit,2499,281,465,746,0,1
reference,miss,2500,207,19,226,0,1
reference,hit,2500,283,488,771,0,1
reference,miss,2501,217,18,235,0,1
reference,hit,2501,274,476,750,0,1
reference,miss,2502,205,18,223,0,1
reference,hit,2502,286,465,751,0,1
reference,miss,2503,218,18,236,0,1
reference,hit,2503,279,486,765,0,1
reference,miss,2504,207,18,225,0,1
reference,hit,2504,280,484,764,0,1
reference,miss,2505,217,19,236,0,1
reference,hit,2505,278,478,756,0,1
reference,miss,2506,205,18,223,0,1
reference,hit,2506,283,481,764,0,1
reference,miss,2507,218,17,235,0,1
reference,hit,2507,282,486,768,0,1
reference,miss,2508,207,19,226,0,1
reference,hit,2508,280,473,753,0,1
reference,miss,2509,220,18,238,0,1
reference,hit,2509,280,486,766,0,1
reference,miss,2510,206,18,224,0,1
reference,hit,2510,283,487,770,0,1
reference,miss,2511,219,19,238,0,1
reference,hit,2511,276,475,751,0,1
reference,miss,2512,209,19,228,0,1
reference,hit,2512,278,478,756,0,1
reference,miss,2513,219,18,237,0,1
reference,hit,2513,281,475,756,0,1
reference,miss,2514,203,18,221,0,1
reference,hit,2514,285,476,761,0,1
reference,miss,2515,219,18,237,0,1
reference,hit,2515,281,475,756,0,1
reference,miss,2516,208,18,226,0,1
reference,hit,2516,285,481,766,0,1
reference,miss,2517,216,19,235,0,1
reference,hit,2517,340,646,986,0,1
reference,miss,2518,206,17,223,0,1
reference,hit,2518,287,526,813,0,1
reference,miss,2519,219,19,238,0,1
reference,hit,2519,281,507,788,0,1
reference,miss,2520,202,18,220,0,1
reference,hit,2520,275,484,759,0,1
reference,miss,2521,218,18,236,0,1
reference,hit,2521,283,471,754,0,1
reference,miss,2522,208,18,226,0,1
reference,hit,2522,277,466,743,0,1
reference,miss,2523,217,19,236,0,1
reference,hit,2523,278,466,744,0,1
reference,miss,2524,205,17,222,0,1
reference,hit,2524,289,497,786,0,1
reference,miss,2525,218,18,236,0,1
reference,hit,2525,282,484,766,0,1
reference,miss,2526,209,18,227,0,1
reference,hit,2526,280,484,764,0,1
reference,miss,2527,216,18,234,0,1
reference,hit,2527,278,473,751,0,1
reference,miss,2528,204,18,222,0,1
reference,hit,2528,285,476,761,0,1
reference,miss,2529,306,18,324,0,1
reference,hit,2529,274,13291,13565,0,1
reference,miss,2530,214,17,231,0,1
reference,hit,2530,281,592,873,0,1
reference,miss,2531,216,20,236,0,1
reference,hit,2531,278,504,782,0,1
reference,miss,2532,210,18,228,0,1
reference,hit,2532,285,513,798,0,1
reference,miss,2533,215,19,234,0,1
reference,hit,2533,280,479,759,0,1
reference,miss,2534,205,18,223,0,1
reference,hit,2534,286,483,769,0,1
reference,miss,2535,216,18,234,0,1
reference,hit,2535,283,513,796,0,1
reference,miss,2536,205,18,223,0,1
reference,hit,2536,283,481,764,0,1
reference,miss,2537,218,18,236,0,1
reference,hit,2537,277,498,775,0,1
reference,miss,2538,207,17,224,0,1
reference,hit,2538,287,482,769,0,1
reference,miss,2539,226,18,244,0,1
reference,hit,2539,341,686,1027,0,1
reference,miss,2540,208,17,225,0,1
reference,hit,2540,279,532,811,0,1
reference,miss,2541,220,18,238,0,1
reference,hit,2541,283,517,800,0,1
reference,miss,2542,203,18,221,0,1
reference,hit,2542,281,492,773,0,1
reference,miss,2543,218,18,236,0,1
reference,hit,2543,275,475,750,0,1
reference,miss,2544,203,18,221,0,1
reference,hit,2544,278,487,765,0,1
reference,miss,2545,221,18,239,0,1
reference,hit,2545,286,493,779,0,1
reference,miss,2546,204,18,222,0,1
reference,hit,2546,280,507,787,0,1
reference,miss,2547,220,18,238,0,1
reference,hit,2547,279,482,761,0,1
reference,miss,2548,202,17,219,0,1
reference,hit,2548,272,527,799,0,1
reference,miss,2549,219,19,238,0,1
reference,hit,2549,285,477,762,0,1
reference,miss,2550,206,17,223,0,1
reference,hit,2550,279,496,775,0,1
reference,miss,2551,220,18,238,0,1
reference,hit,2551,274,494,768,0,1
reference,miss,2552,206,18,224,0,1
reference,hit,2552,280,476,756,0,1
reference,miss,2553,223,17,240,0,1
reference,hit,2553,278,502,780,0,1
reference,miss,2554,205,17,222,0,1
reference,hit,2554,285,489,774,0,1
reference,miss,2555,226,18,244,0,1
reference,hit,2555,284,481,765,0,1
reference,miss,2556,209,18,227,0,1
reference,hit,2556,279,479,758,0,1
reference,miss,2557,226,18,244,0,1
reference,hit,2557,283,480,763,0,1
reference,miss,2558,209,17,226,0,1
reference,hit,2558,280,486,766,0,1
reference,miss,2559,233,824,1057,0,1
reference,hit,2559,276,1677,1953,0,1
reference,miss,2560,224,19,243,0,1
reference,hit,2560,285,503,788,0,1
reference,miss,2561,229,17,246,0,1
reference,hit,2561,340,659,999,0,1
reference,miss,2562,213,17,230,0,1
reference,hit,2562,283,503,786,0,1
reference,miss,2563,225,18,243,0,1
reference,hit,2563,282,482,764,0,1
reference,miss,2564,208,18,226,0,1
reference,hit,2564,285,489,774,0,1
reference,miss,2565,222,18,240,0,1
reference,hit,2565,279,479,758,0,1
reference,miss,2566,209,18,227,0,1
reference,hit,2566,284,485,769,0,1
reference,miss,2567,223,18,241,0,1
reference,hit,2567,287,478,765,0,1
reference,miss,2568,208,18,226,0,1
reference,hit,2568,287,482,769,0,1
reference,miss,2569,224,18,242,0,1
reference,hit,2569,285,490,775,0,1
reference,miss,2570,208,18,226,0,1
reference,hit,2570,283,492,775,0,1
reference,miss,2571,229,17,246,0,1
reference,hit,2571,342,627,969,0,1
reference,miss,2572,214,18,232,0,1
reference,hit,2572,287,509,796,0,1
reference,miss,2573,225,18,243,0,1
reference,hit,2573,281,486,767,0,1
reference,miss,2574,210,19,229,0,1
reference,hit,2574,273,482,755,0,1
reference,miss,2575,226,19,245,0,1
reference,hit,2575,281,486,767,0,1
reference,miss,2576,211,18,229,0,1
reference,hit,2576,279,490,769,0,1
reference,miss,2577,223,19,242,0,1
reference,hit,2577,284,489,773,0,1
reference,miss,2578,209,17,226,0,1
reference,hit,2578,288,486,774,0,1
reference,miss,2579,224,17,241,0,1
reference,hit,2579,282,495,777,0,1
reference,miss,2580,212,19,231,0,1
reference,hit,2580,286,475,761,0,1
reference,miss,2581,226,18,244,0,1
reference,hit,2581,280,493,773,0,1
reference,miss,2582,207,18,225,0,1
reference,hit,2582,284,478,762,0,1
reference,miss,2583,229,17,246,0,1
reference,hit,2583,336,665,1001,0,1
reference,miss,2584,214,18,232,0,1
reference,hit,2584,286,583,869,0,1
reference,miss,2585,226,18,244,0,1
reference,hit,2585,287,520,807,0,1
reference,miss,2586,209,18,227,0,1
reference,hit,2586,289,506,795,0,1
reference,miss,2587,223,19,242,0,1
reference,hit,2587,286,494,780,0,1
reference,miss,2588,207,18,225,0,1
reference,hit,2588,291,513,804,0,1
reference,miss,2589,222,18,240,0,1
reference,hit,2589,282,492,774,0,1
reference,miss,2590,208,18,226,0,1
reference,hit,2590,289,500,789,0,1
reference,miss,2591,222,17,239,0,1
reference,hit,2591,291,490,781,0,1
reference,miss,2592,210,18,228,0,1
reference,hit,2592,284,486,770,0,1
reference,miss,2593,222,19,241,0,1
reference,hit,2593,276,483,759,0,1
reference,miss,2594,205,17,222,0,1
reference,hit,2594,287,478,765,0,1
reference,miss,2595,221,18,239,0,1
reference,hit,2595,285,517,802,0,1
reference,miss,2596,212,19,231,0,1
reference,hit,2596,283,481,764,0,1
reference,miss,2597,223,18,241,0,1
reference,hit,2597,288,484,772,0,1
reference,miss,2598,212,18,230,0,1
reference,hit,2598,292,507,799,0,1
reference,miss,2599,221,18,239,0,1
reference,hit,2599,286,510,796,0,1
reference,miss,2600,212,18,230,0,1
reference,hit,2600,291,481,772,0,1
reference,miss,2601,221,18,239,0,1
reference,hit,2601,286,480,766,0,1
reference,miss,2602,209,19,228,0,1
reference,hit,2602,291,484,775,0,1
reference,miss,2603,223,19,242,0,1
reference,hit,2603,287,479,766,0,1
reference,miss,2604,208,18,226,0,1
reference,hit,2604,289,485,774,0,1
reference,miss,2605,231,18,249,0,1
reference,hit,2605,333,662,995,0,1
reference,miss,2606,213,17,230,0,1
reference,hit,2606,279,513,792,0,1
reference,miss,2607,222,17,239,0,1
reference,hit,2607,285,485,770,0,1
reference,miss,2608,208,19,227,0,1
reference,hit,2608,284,494,778,0,1
reference,miss,2609,225,18,243,0,1
reference,hit,2609,283,483,766,0,1
reference,miss,2610,209,18,227,0,1
reference,hit,2610,288,492,780,0,1
reference,miss,2611,220,19,239,0,1
reference,hit,2611,283,492,775,0,1
reference,miss,2612,213,18,231,0,1
reference,hit,2612,290,478,768,0,1
reference,miss,2613,220,18,238,0,1
reference,hit,2613,288,481,769,0,1
reference,miss,2614,210,17,227,0,1
reference,hit,2614,288,515,803,0,1
reference,miss,2615,223,18,241,0,1
reference,hit,2615,282,490,772,0,1
reference,miss,2616,207,19,226,0,1
reference,hit,2616,289,487,776,0,1
reference,miss,2617,221,17,238,0,1
reference,hit,2617,284,505,789,0,1
reference,miss,2618,212,18,230,0,1
reference,hit,2618,288,481,769,0,1
reference,miss,2619,222,17,239,0,1
reference,hit,2619,279,489,768,0,1
reference,miss,2620,209,18,227,0,1
reference,hit,2620,290,474,764,0,1
reference,miss,2621,224,17,241,0,1
reference,hit,2621,280,482,762,0,1
reference,miss,2622,207,18,225,0,1
reference,hit,2622,289,484,773,0,1
reference,miss,2623,220,19,239,0,1
reference,hit,2623,290,483,773,0,1
reference,miss,2624,212,19,231,0,1
reference,hit,2624,283,489,772,0,1
reference,miss,2625,222,17,239,0,1
reference,hit,2625,280,495,775,0,1
reference,miss,2626,212,17,229,0,1
reference,hit,2626,285,472,757,0,1
reference,miss,2627,227,19,246,0,1
reference,hit,2627,337,634,971,0,1
reference,miss,2628,212,18,230,0,1
reference,hit,2628,281,500,781,0,1
reference,miss,2629,224,18,242,0,1
reference,hit,2629,287,511,798,0,1
reference,miss,2630,215,17,232,0,1
reference,hit,2630,287,511,798,0,1
reference,miss,2631,225,18,243,0,1
reference,hit,2631,286,488,774,0,1
reference,miss,2632,209,18,227,0,1
reference,hit,2632,287,508,795,0,1
reference,miss,2633,222,18,240,0,1
reference,hit,2633,285,488,773,0,1
reference,miss,2634,208,18,226,0,1
reference,hit,2634,333,623,956,0,1
reference,miss,2635,220,18,238,0,1
reference,hit,2635,289,513,802,0,1
reference,miss,2636,208,17,225,0,1
reference,hit,2636,283,494,777,0,1
reference,miss,2637,220,18,238,0,1
reference,hit,2637,280,486,766,0,1
reference,miss,2638,210,17,227,0,1
reference,hit,2638,286,496,782,0,1
reference,miss,2639,219,18,237,0,1
reference,hit,2639,281,497,778,0,1
reference,miss,2640,207,18,225,0,1
reference,hit,2640,281,495,776,0,1
reference,miss,2641,234,19,253,0,1
reference,hit,2641,349,647,996,0,1
reference,miss,2642,212,19,231,0,1
reference,hit,2642,289,505,794,0,1
reference,miss,2643,225,19,244,0,1
reference,hit,2643,277,505,782,0,1
reference,miss,2644,207,18,225,0,1
reference,hit,2644,280,476,756,0,1
reference,miss,2645,223,18,241,0,1
reference,hit,2645,277,483,760,0,1
reference,miss,2646,206,19,225,0,1
reference,hit,2646,285,491,776,0,1
reference,miss,2647,225,17,242,0,1
reference,hit,2647,277,492,769,0,1
reference,miss,2648,211,18,229,0,1
reference,hit,2648,276,488,764,0,1
reference,miss,2649,225,19,244,0,1
reference,hit,2649,331,686,1017,0,1
reference,miss,2650,212,18,230,0,1
reference,hit,2650,281,502,783,0,1
reference,miss,2651,219,19,238,0,1
reference,hit,2651,278,504,782,0,1
reference,miss,2652,208,17,225,0,1
reference,hit,2652,282,493,775,0,1
reference,miss,2653,220,17,237,0,1
reference,hit,2653,281,489,770,0,1
reference,miss,2654,207,18,225,0,1
reference,hit,2654,281,488,769,0,1
reference,miss,2655,222,19,241,0,1
reference,hit,2655,281,493,774,0,1
reference,miss,2656,208,18,226,0,1
reference,hit,2656,280,486,766,0,1
reference,miss,2657,223,18,241,0,1
reference,hit,2657,271,483,754,0,1
reference,miss,2658,209,19,228,0,1
reference,hit,2658,285,503,788,0,1
reference,miss,2659,219,18,237,0,1
reference,hit,2659,278,485,763,0,1
reference,miss,2660,210,18,228,0,1
reference,hit,2660,288,502,790,0,1
reference,miss,2661,224,17,241,0,1
reference,hit,2661,276,492,768,0,1
reference,miss,2662,210,1130,1340,0,1
reference,hit,2662,335,1225,1560,0,1
reference,miss,2663,225,17,242,0,1
reference,hit,2663,285,481,766,0,1
reference,miss,2664,206,17,223,0,1
reference,hit,2664,289,499,788,0,1
reference,miss,2665,228,17,245,0,1
reference,hit,2665,277,530,807,0,1
reference,miss,2666,205,18,223,0,1
reference,hit,2666,283,485,768,0,1
reference,miss,2667,223,17,240,0,1
reference,hit,2667,284,481,765,0,1
reference,miss,2668,207,17,224,0,1
reference,hit,2668,285,486,771,0,1
reference,miss,2669,224,18,242,0,1
reference,hit,2669,279,483,762,0,1
reference,miss,2670,209,18,227,0,1
reference,hit,2670,288,501,789,0,1
reference,miss,2671,227,17,244,0,1
reference,hit,2671,315,661,976,0,1
reference,miss,2672,211,19,230,0,1
reference,hit,2672,282,500,782,0,1
reference,miss,2673,224,18,242,0,1
reference,hit,2673,276,517,793,0,1
reference,miss,2674,206,19,225,0,1
reference,hit,2674,286,495,781,0,1
reference,miss,2675,223,19,242,0,1
reference,hit,2675,275,559,834,0,1
reference,miss,2676,206,18,224,0,1
reference,hit,2676,282,494,776,0,1
reference,miss,2677,222,18,240,0,1
reference,hit,2677,279,483,762,0,1
reference,miss,2678,207,17,224,0,1
reference,hit,2678,286,483,769,0,1
reference,miss,2679,223,19,242,0,1
reference,hit,2679,280,495,775,0,1
reference,miss,2680,205,18,223,0,1
reference,hit,2680,284,520,804,0,1
reference,miss,2681,222,18,240,0,1
reference,hit,2681,284,487,771,0,1
reference,miss,2682,204,18,222,0,1
reference,hit,2682,290,495,785,0,1
reference,miss,2683,221,19,240,0,1
reference,hit,2683,279,498,777,0,1
reference,miss,2684,205,17,222,0,1
reference,hit,2684,282,484,766,0,1
reference,miss,2685,220,18,238,0,1
reference,hit,2685,283,487,770,0,1
reference,miss,2686,208,18,226,0,1
reference,hit,2686,291,519,810,0,1
reference,miss,2687,223,18,241,0,1
reference,hit,2687,280,492,772,0,1
reference,miss,2688,210,17,227,0,1
reference,hit,2688,283,484,767,0,1
reference,miss,2689,225,17,242,0,1
reference,hit,2689,280,487,767,0,1
reference,miss,2690,206,17,223,0,1
reference,hit,2690,280,504,784,0,1
reference,miss,2691,225,18,243,0,1
reference,hit,2691,271,485,756,0,1
reference,miss,2692,204,18,222,0,1
reference,hit,2692,282,488,770,0,1
reference,miss,2693,234,18,252,0,1
reference,hit,2693,343,652,995,0,1
reference,miss,2694,210,17,227,0,1
reference,hit,2694,279,510,789,0,1
reference,miss,2695,221,18,239,0,1
reference,hit,2695,284,498,782,0,1
reference,miss,2696,209,18,227,0,1
reference,hit,2696,285,502,787,0,1
reference,miss,2697,224,18,242,0,1
reference,hit,2697,278,514,792,0,1
reference,miss,2698,207,18,225,0,1
reference,hit,2698,321,576,897,0,1
reference,miss,2699,220,17,237,0,1
reference,hit,2699,284,492,776,0,1
reference,miss,2700,204,19,223,0,1
reference,hit,2700,286,476,762,0,1
reference,miss,2701,219,18,237,0,1
reference,hit,2701,272,504,776,0,1
reference,miss,2702,209,18,227,0,1
reference,hit,2702,283,479,762,0,1
reference,miss,2703,217,18,235,0,1
reference,hit,2703,280,488,768,0,1
reference,miss,2704,206,17,223,0,1
reference,hit,2704,286,476,762,0,1
reference,miss,2705,217,17,234,0,1
reference,hit,2705,280,494,774,0,1
reference,miss,2706,202,19,221,0,1
reference,hit,2706,287,477,764,0,1
reference,miss,2707,218,18,236,0,1
reference,hit,2707,280,477,757,0,1
reference,miss,2708,211,17,228,0,1
reference,hit,2708,284,483,767,0,1
reference,miss,2709,219,17,236,0,1
reference,hit,2709,280,477,757,0,1
reference,miss,2710,205,17,222,0,1
reference,hit,2710,276,502,778,0,1
reference,miss,2711,217,17,234,0,1
reference,hit,2711,277,491,768,0,1
reference,miss,2712,209,18,227,0,1
reference,hit,2712,285,486,771,0,1
reference,miss,2713,217,18,235,0,1
reference,hit,2713,278,502,780,0,1
reference,miss,2714,207,17,224,0,1
reference,hit,2714,277,473,750,0,1
reference,miss,2715,224,18,242,0,1
reference,hit,2715,325,651,976,0,1
reference,miss,2716,213,17,230,0,1
reference,hit,2716,279,484,763,0,1
reference,miss,2717,222,19,241,0,1
reference,hit,2717,284,498,782,0,1
reference,miss,2718,210,18,228,0,1
reference,hit,2718,285,501,786,0,1
reference,miss,2719,217,18,235,0,1
reference,hit,2719,278,486,764,0,1
reference,miss,2720,207,17,224,0,1
reference,hit,2720,279,484,763,0,1
reference,miss,2721,217,18,235,0,1
reference,hit,2721,273,481,754,0,1
reference,miss,2722,203,18,221,0,1
reference,hit,2722,293,497,790,0,1
reference,miss,2723,218,19,237,0,1
reference,hit,2723,277,488,765,0,1
reference,miss,2724,205,19,224,0,1
reference,hit,2724,285,493,778,0,1
reference,miss,2725,217,18,235,0,1
reference,hit,2725,274,482,756,0,1
reference,miss,2726,206,18,224,0,1
reference,hit,2726,282,481,763,0,1
reference,miss,2727,217,17,234,0,1
reference,hit,2727,279,485,764,0,1
reference,miss,2728,208,18,226,0,1
reference,hit,2728,286,484,770,0,1
reference,miss,2729,216,18,234,0,1
reference,hit,2729,277,477,754,0,1
reference,miss,2730,212,17,229,0,1
reference,hit,2730,285,479,764,0,1
reference,miss,2731,217,20,237,0,1
reference,hit,2731,278,512,790,0,1
reference,miss,2732,207,18,225,0,1
reference,hit,2732,287,473,760,0,1
reference,miss,2733,220,17,237,0,1
reference,hit,2733,278,478,756,0,1
reference,miss,2734,208,18,226,0,1
reference,hit,2734,285,481,766,0,1
reference,miss,2735,218,19,237,0,1
reference,hit,2735,275,487,762,0,1
reference,miss,2736,204,18,222,0,1
reference,hit,2736,285,485,770,0,1
reference,miss,2737,224,19,243,0,1
reference,hit,2737,320,655,975,0,1
reference,miss,2738,210,17,227,0,1
reference,hit,2738,281,514,795,0,1
reference,miss,2739,222,18,240,0,1
reference,hit,2739,286,492,778,0,1
reference,miss,2740,205,18,223,0,1
reference,hit,2740,286,492,778,0,1
reference,miss,2741,220,18,238,0,1
reference,hit,2741,282,482,764,0,1
reference,miss,2742,208,18,226,0,1
reference,hit,2742,278,491,769,0,1
reference,miss,2743,222,18,240,0,1
reference,hit,2743,286,488,774,0,1
reference,miss,2744,204,17,221,0,1
reference,hit,2744,286,481,767,0,1
reference,miss,2745,220,17,237,0,1
reference,hit,2745,282,483,765,0,1
reference,miss,2746,202,18,220,0,1
reference,hit,2746,284,491,775,0,1
reference,miss,2747,221,17,238,0,1
reference,hit,2747,284,485,769,0,1
reference,miss,2748,206,17,223,0,1
reference,hit,2748,283,503,786,0,1
reference,miss,2749,222,17,239,0,1
reference,hit,2749,283,479,762,0,1
reference,miss,2750,204,18,222,0,1
reference,hit,2750,285,480,765,0,1
reference,miss,2751,219,17,236,0,1
reference,hit,2751,286,503,789,0,1
reference,miss,2752,207,17,224,0,1
reference,hit,2752,283,502,785,0,1
reference,miss,2753,218,17,235,0,1
reference,hit,2753,279,489,768,0,1
reference,miss,2754,208,18,226,0,1
reference,hit,2754,278,496,774,0,1
reference,miss,2755,219,18,237,0,1
reference,hit,2755,301,570,871,0,1
reference,miss,2756,205,17,222,0,1
reference,hit,2756,284,496,780,0,1
reference,miss,2757,218,18,236,0,1
reference,hit,2757,278,485,763,0,1
reference,miss,2758,208,16,224,0,1
reference,hit,2758,272,480,752,0,1
reference,miss,2759,224,17,241,0,1
reference,hit,2759,349,671,1020,0,1
reference,miss,2760,209,18,227,0,1
reference,hit,2760,285,493,778,0,1
reference,miss,2761,221,17,238,0,1
reference,hit,2761,279,532,811,0,1
reference,miss,2762,206,18,224,0,1
reference,hit,2762,286,485,771,0,1
reference,miss,2763,219,18,237,0,1
reference,hit,2763,282,498,780,0,1
reference,miss,2764,204,1101,1305,0,1
reference,hit,2764,299,1223,1522,0,1
reference,miss,2765,218,18,236,0,1
reference,hit,2765,285,493,778,0,1
reference,miss,2766,205,18,223,0,1
reference,hit,2766,287,507,794,0,1
reference,miss,2767,219,17,236,0,1
reference,hit,2767,283,512,795,0,1
reference,miss,2768,207,17,224,0,1
reference,hit,2768,289,489,778,0,1
reference,miss,2769,222,18,240,0,1
reference,hit,2769,288,477,765,0,1
reference,miss,2770,208,18,226,0,1
reference,hit,2770,282,482,764,0,1
reference,miss,2771,218,17,235,0,1
reference,hit,2771,273,482,755,0,1
reference,miss,2772,208,18,226,0,1
reference,hit,2772,285,495,780,0,1
reference,miss,2773,218,18,236,0,1
reference,hit,2773,278,492,770,0,1
reference,miss,2774,212,17,229,0,1
reference,hit,2774,287,477,764,0,1
reference,miss,2775,220,17,237,0,1
reference,hit,2775,280,481,761,0,1
reference,miss,2776,206,19,225,0,1
reference,hit,2776,285,489,774,0,1
reference,miss,2777,220,18,238,0,1
reference,hit,2777,273,479,752,0,1
reference,miss,2778,210,16,226,0,1
reference,hit,2778,278,496,774,0,1
reference,miss,2779,221,17,238,0,1
reference,hit,2779,278,480,758,0,1
reference,miss,2780,206,18,224,0,1
reference,hit,2780,280,497,777,0,1
reference,miss,2781,229,18,247,0,1
reference,hit,2781,329,663,992,0,1
reference,miss,2782,211,18,229,0,1
reference,hit,2782,283,507,790,0,1
reference,miss,2783,219,17,236,0,1
reference,hit,2783,285,484,769,0,1
reference,miss,2784,210,17,227,0,1
reference,hit,2784,275,474,749,0,1
reference,miss,2785,218,18,236,0,1
reference,hit,2785,277,491,768,0,1
reference,miss,2786,209,19,228,0,1
reference,hit,2786,277,479,756,0,1
reference,miss,2787,218,18,236,0,1
reference,hit,2787,281,476,757,0,1
reference,miss,2788,208,18,226,0,1
reference,hit,2788,287,498,785,0,1
reference,miss,2789,218,18,236,0,1
reference,hit,2789,279,499,778,0,1
reference,miss,2790,208,18,226,0,1
reference,hit,2790,276,472,748,0,1
reference,miss,2791,217,17,234,0,1
reference,hit,2791,277,506,783,0,1
reference,miss,2792,203,17,220,0,1
reference,hit,2792,286,483,769,0,1
reference,miss,2793,220,18,238,0,1
reference,hit,2793,273,484,757,0,1
reference,miss,2794,209,18,227,0,1
reference,hit,2794,276,490,766,0,1
reference,miss,2795,218,17,235,0,1
reference,hit,2795,281,485,766,0,1
reference,miss,2796,209,18,227,0,1
reference,hit,2796,278,478,756,0,1
reference,miss,2797,219,18,237,0,1
reference,hit,2797,276,486,762,0,1
reference,miss,2798,217,17,234,0,1
reference,hit,2798,289,480,769,0,1
reference,miss,2799,214,19,233,0,1
reference,hit,2799,284,483,767,0,1
reference,miss,2800,206,18,224,0,1
reference,hit,2800,286,510,796,0,1
reference,miss,2801,215,18,233,0,1
reference,hit,2801,272,488,760,0,1
reference,miss,2802,204,19,223,0,1
reference,hit,2802,286,476,762,0,1
reference,miss,2803,222,17,239,0,1
reference,hit,2803,327,677,1004,0,1
reference,miss,2804,205,17,222,0,1
reference,hit,2804,284,491,775,0,1
reference,miss,2805,214,18,232,0,1
reference,hit,2805,283,529,812,0,1
reference,miss,2806,205,18,223,0,1
reference,hit,2806,284,491,775,0,1
reference,miss,2807,216,17,233,0,1
reference,hit,2807,290,504,794,0,1
reference,miss,2808,204,17,221,0,1
reference,hit,2808,286,498,784,0,1
reference,miss,2809,216,17,233,0,1
reference,hit,2809,285,486,771,0,1
reference,miss,2810,202,18,220,0,1
reference,hit,2810,280,488,768,0,1
reference,miss,2811,218,18,236,0,1
reference,hit,2811,531,809,1340,0,1
reference,miss,2812,204,18,222,0,1
reference,hit,2812,308,511,819,0,1
reference,miss,2813,216,18,234,0,1
reference,hit,2813,294,489,783,0,1
reference,miss,2814,204,16,220,0,1
reference,hit,2814,292,494,786,0,1
reference,miss,2815,214,17,231,0,1
reference,hit,2815,299,486,785,0,1
reference,miss,2816,203,18,221,0,1
reference,hit,2816,284,483,767,0,1
reference,miss,2817,216,18,234,0,1
reference,hit,2817,290,480,770,0,1
reference,miss,2818,204,18,222,0,1
reference,hit,2818,295,506,801,0,1
reference,miss,2819,214,17,231,0,1
reference,hit,2819,291,502,793,0,1
reference,miss,2820,205,18,223,0,1
reference,hit,2820,292,496,788,0,1
reference,miss,2821,216,18,234,0,1
reference,hit,2821,294,488,782,0,1
reference,miss,2822,209,18,227,0,1
reference,hit,2822,292,486,778,0,1
reference,miss,2823,214,18,232,0,1
reference,hit,2823,290,479,769,0,1
reference,miss,2824,205,16,221,0,1
reference,hit,2824,291,502,793,0,1
reference,miss,2825,222,18,240,0,1
reference,hit,2825,329,633,962,0,1
reference,miss,2826,205,17,222,0,1
reference,hit,2826,289,493,782,0,1
reference,miss,2827,216,18,234,0,1
reference,hit,2827,296,508,804,0,1
reference,miss,2828,206,18,224,0,1
reference,hit,2828,290,508,798,0,1
reference,miss,2829,215,18,233,0,1
reference,hit,2829,294,489,783,0,1
reference,miss,2830,204,18,222,0,1
reference,hit,2830,288,484,772,0,1
reference,miss,2831,216,18,234,0,1
reference,hit,2831,293,499,792,0,1
reference,miss,2832,205,18,223,0,1
reference,hit,2832,287,482,769,0,1
reference,miss,2833,217,19,236,0,1
reference,hit,2833,296,492,788,0,1
reference,miss,2834,206,18,224,0,1
reference,hit,2834,291,483,774,0,1
reference,miss,2835,216,17,233,0,1
reference,hit,2835,295,482,777,0,1
reference,miss,2836,207,17,224,0,1
reference,hit,2836,286,501,787,0,1
reference,miss,2837,213,19,232,0,1
reference,hit,2837,293,487,780,0,1
reference,miss,2838,203,17,220,0,1
reference,hit,2838,296,496,792,0,1
reference,miss,2839,215,19,234,0,1
reference,hit,2839,296,487,783,0,1
reference,miss,2840,205,17,222,0,1
reference,hit,2840,286,487,773,0,1
reference,miss,2841,214,19,233,0,1
reference,hit,2841,294,490,784,0,1
reference,miss,2842,203,18,221,0,1
reference,hit,2842,289,485,774,0,1
reference,miss,2843,214,18,232,0,1
reference,hit,2843,290,486,776,0,1
reference,miss,2844,203,19,222,0,1
reference,hit,2844,285,520,805,0,1
reference,miss,2845,216,18,234,0,1
reference,hit,2845,289,506,795,0,1
reference,miss,2846,204,18,222,0,1
reference,hit,2846,290,481,771,0,1
reference,miss,2847,219,18,237,0,1
reference,hit,2847,313,642,955,0,1
reference,miss,2848,203,18,221,0,1
reference,hit,2848,289,489,778,0,1
reference,miss,2849,216,17,233,0,1
reference,hit,2849,285,495,780,0,1
reference,miss,2850,203,18,221,0,1
reference,hit,2850,291,490,781,0,1
reference,miss,2851,212,17,229,0,1
reference,hit,2851,288,494,782,0,1
reference,miss,2852,205,17,222,0,1
reference,hit,2852,292,507,799,0,1
reference,miss,2853,213,18,231,0,1
reference,hit,2853,295,484,779,0,1
reference,miss,2854,202,18,220,0,1
reference,hit,2854,289,477,766,0,1
reference,miss,2855,214,18,232,0,1
reference,hit,2855,296,496,792,0,1
reference,miss,2856,208,17,225,0,1
reference,hit,2856,292,495,787,0,1
reference,miss,2857,213,18,231,0,1
reference,hit,2857,295,480,775,0,1
reference,miss,2858,206,18,224,0,1
reference,hit,2858,291,508,799,0,1
reference,miss,2859,214,17,231,0,1
reference,hit,2859,293,481,774,0,1
reference,miss,2860,205,18,223,0,1
reference,hit,2860,285,492,777,0,1
reference,miss,2861,216,18,234,0,1
reference,hit,2861,291,495,786,0,1
reference,miss,2862,202,19,221,0,1
reference,hit,2862,346,598,944,0,1
reference,miss,2863,220,18,238,0,1
reference,hit,2863,295,489,784,0,1
reference,miss,2864,208,18,226,0,1
reference,hit,2864,291,485,776,0,1
reference,miss,2865,217,18,235,0,1
reference,hit,2865,296,495,791,0,1
reference,miss,2866,207,18,225,0,1
reference,hit,2866,305,492,797,0,1
reference,miss,2867,214,17,231,0,1
reference,hit,2867,303,489,792,0,1
reference,miss,2868,203,18,221,0,1
reference,hit,2868,289,479,768,0,1
reference,miss,2869,229,18,247,0,1
reference,hit,2869,389,807,1196,0,1
reference,miss,2870,206,18,224,0,1
reference,hit,2870,281,524,805,0,1
reference,miss,2871,219,18,237,0,1
reference,hit,2871,285,513,798,0,1
reference,miss,2872,205,17,222,0,1
reference,hit,2872,274,499,773,0,1
reference,miss,2873,222,18,240,0,1
reference,hit,2873,286,533,819,0,1
reference,miss,2874,208,18,226,0,1
reference,hit,2874,279,499,778,0,1
reference,miss,2875,219,18,237,0,1
reference,hit,2875,285,497,782,0,1
reference,miss,2876,203,18,221,0,1
reference,hit,2876,276,500,776,0,1
reference,miss,2877,217,18,235,0,1
reference,hit,2877,282,480,762,0,1
reference,miss,2878,207,18,225,0,1
reference,hit,2878,279,484,763,0,1
reference,miss,2879,218,18,236,0,1
reference,hit,2879,281,478,759,0,1
reference,miss,2880,209,18,227,0,1
reference,hit,2880,287,483,770,0,1
reference,miss,2881,217,17,234,0,1
reference,hit,2881,283,521,804,0,1
reference,miss,2882,209,17,226,0,1
reference,hit,2882,282,483,765,0,1
reference,miss,2883,220,18,238,0,1
reference,hit,2883,278,484,762,0,1
reference,miss,2884,211,18,229,0,1
reference,hit,2884,288,497,785,0,1
reference,miss,2885,218,17,235,0,1
reference,hit,2885,281,484,765,0,1
reference,miss,2886,207,18,225,0,1
reference,hit,2886,281,490,771,0,1
reference,miss,2887,219,18,237,0,1
reference,hit,2887,281,489,770,0,1
reference,miss,2888,204,18,222,0,1
reference,hit,2888,285,484,769,0,1
reference,miss,2889,217,17,234,0,1
reference,hit,2889,283,506,789,0,1
reference,miss,2890,207,19,226,0,1
reference,hit,2890,283,500,783,0,1
reference,miss,2891,229,18,247,0,1
reference,hit,2891,349,662,1011,0,1
reference,miss,2892,214,18,232,0,1
reference,hit,2892,289,504,793,0,1
reference,miss,2893,220,18,238,0,1
reference,hit,2893,285,510,795,0,1
reference,miss,2894,206,18,224,0,1
reference,hit,2894,284,485,769,0,1
reference,miss,2895,220,17,237,0,1
reference,hit,2895,279,491,770,0,1
reference,miss,2896,204,18,222,0,1
reference,hit,2896,285,487,772,0,1
reference,miss,2897,220,18,238,0,1
reference,hit,2897,289,513,802,0,1
reference,miss,2898,207,19,226,0,1
reference,hit,2898,284,491,775,0,1
reference,miss,2899,218,18,236,0,1
reference,hit,2899,286,483,769,0,1
reference,miss,2900,203,18,221,0,1
reference,hit,2900,287,498,785,0,1
reference,miss,2901,214,18,232,0,1
reference,hit,2901,290,496,786,0,1
reference,miss,2902,204,18,222,0,1
reference,hit,2902,288,481,769,0,1
reference,miss,2903,215,18,233,0,1
reference,hit,2903,285,486,771,0,1
reference,miss,2904,204,18,222,0,1
reference,hit,2904,279,480,759,0,1
reference,miss,2905,219,19,238,0,1
reference,hit,2905,284,488,772,0,1
reference,miss,2906,205,17,222,0,1
reference,hit,2906,289,503,792,0,1
reference,miss,2907,218,17,235,0,1
reference,hit,2907,283,492,775,0,1
reference,miss,2908,205,17,222,0,1
reference,hit,2908,279,501,780,0,1
reference,miss,2909,223,18,241,0,1
reference,hit,2909,286,476,762,0,1
reference,miss,2910,208,18,226,0,1
reference,hit,2910,284,497,781,0,1
reference,miss,2911,215,19,234,0,1
reference,hit,2911,289,485,774,0,1
reference,miss,2912,207,17,224,0,1
reference,hit,2912,283,487,770,0,1
reference,miss,2913,229,19,248,0,1
reference,hit,2913,354,652,1006,0,1
reference,miss,2914,210,17,227,0,1
reference,hit,2914,282,507,789,0,1
reference,miss,2915,219,19,238,0,1
reference,hit,2915,280,500,780,0,1
reference,miss,2916,209,18,227,0,1
reference,hit,2916,273,505,778,0,1
reference,miss,2917,223,18,241,0,1
reference,hit,2917,277,501,778,0,1
reference,miss,2918,205,17,222,0,1
reference,hit,2918,289,486,775,0,1
reference,miss,2919,221,17,238,0,1
reference,hit,2919,293,489,782,0,1
reference,miss,2920,205,17,222,0,1
reference,hit,2920,287,483,770,0,1
reference,miss,2921,218,18,236,0,1
reference,hit,2921,281,480,761,0,1
reference,miss,2922,203,19,222,0,1
reference,hit,2922,287,490,777,0,1
reference,miss,2923,219,18,237,0,1
reference,hit,2923,289,489,778,0,1
reference,miss,2924,204,17,221,0,1
reference,hit,2924,289,494,783,0,1
reference,miss,2925,218,18,236,0,1
reference,hit,2925,282,494,776,0,1
reference,miss,2926,208,17,225,0,1
reference,hit,2926,325,554,879,0,1
reference,miss,2927,218,18,236,0,1
reference,hit,2927,286,494,780,0,1
reference,miss,2928,206,17,223,0,1
reference,hit,2928,282,497,779,0,1
reference,miss,2929,215,18,233,0,1
reference,hit,2929,292,491,783,0,1
reference,miss,2930,204,18,222,0,1
reference,hit,2930,284,493,777,0,1
reference,miss,2931,219,19,238,0,1
reference,hit,2931,292,535,827,0,1
reference,miss,2932,205,17,222,0,1
reference,hit,2932,286,497,783,0,1
reference,miss,2933,218,19,237,0,1
reference,hit,2933,292,484,776,0,1
reference,miss,2934,205,17,222,0,1
reference,hit,2934,285,484,769,0,1
reference,miss,2935,224,18,242,0,1
reference,hit,2935,334,641,975,0,1
reference,miss,2936,206,19,225,0,1
reference,hit,2936,278,510,788,0,1
reference,miss,2937,221,18,239,0,1
reference,hit,2937,295,495,790,0,1
reference,miss,2938,203,19,222,0,1
reference,hit,2938,290,516,806,0,1
reference,miss,2939,221,19,240,0,1
reference,hit,2939,282,514,796,0,1
reference,miss,2940,206,19,225,0,1
reference,hit,2940,287,501,788,0,1
reference,miss,2941,216,17,233,0,1
reference,hit,2941,292,483,775,0,1
reference,miss,2942,203,18,221,0,1
reference,hit,2942,284,487,771,0,1
reference,miss,2943,218,18,236,0,1
reference,hit,2943,282,487,769,0,1
reference,miss,2944,206,17,223,0,1
reference,hit,2944,287,490,777,0,1
reference,miss,2945,221,17,238,0,1
reference,hit,2945,282,480,762,0,1
reference,miss,2946,203,18,221,0,1
reference,hit,2946,285,498,783,0,1
reference,miss,2947,217,17,234,0,1
reference,hit,2947,277,485,762,0,1
reference,miss,2948,203,18,221,0,1
reference,hit,2948,285,473,758,0,1
reference,miss,2949,220,18,238,0,1
reference,hit,2949,279,483,762,0,1
reference,miss,2950,207,18,225,0,1
reference,hit,2950,286,480,766,0,1
reference,miss,2951,219,18,237,0,1
reference,hit,2951,282,475,757,0,1
reference,miss,2952,207,17,224,0,1
reference,hit,2952,289,489,778,0,1
reference,miss,2953,218,18,236,0,1
reference,hit,2953,275,484,759,0,1
reference,miss,2954,209,18,227,0,1
reference,hit,2954,283,488,771,0,1
reference,miss,2955,220,18,238,0,1
reference,hit,2955,283,496,779,0,1
reference,miss,2956,209,18,227,0,1
reference,hit,2956,290,484,774,0,1
reference,miss,2957,220,18,238,0,1
reference,hit,2957,336,626,962,0,1
reference,miss,2958,208,17,225,0,1
reference,hit,2958,290,521,811,0,1
reference,miss,2959,217,19,236,0,1
reference,hit,2959,290,489,779,0,1
reference,miss,2960,210,18,228,0,1
reference,hit,2960,286,490,776,0,1
reference,miss,2961,217,18,235,0,1
reference,hit,2961,281,499,780,0,1
reference,miss,2962,205,18,223,0,1
reference,hit,2962,285,484,769,0,1
reference,miss,2963,220,17,237,0,1
reference,hit,2963,287,502,789,0,1
reference,miss,2964,209,18,227,0,1
reference,hit,2964,279,484,763,0,1
reference,miss,2965,219,18,237,0,1
reference,hit,2965,281,503,784,0,1
reference,miss,2966,209,17,226,0,1
reference,hit,2966,276,474,750,0,1
reference,miss,2967,217,18,235,0,1
reference,hit,2967,279,483,762,0,1
reference,miss,2968,211,17,228,0,1
reference,hit,2968,284,485,769,0,1
reference,miss,2969,226,843,1069,0,1
reference,hit,2969,287,1593,1880,0,1
reference,miss,2970,223,18,241,0,1
reference,hit,2970,282,509,791,0,1
reference,miss,2971,220,17,237,0,1
reference,hit,2971,286,481,767,0,1
reference,miss,2972,203,18,221,0,1
reference,hit,2972,280,484,764,0,1
reference,miss,2973,221,17,238,0,1
reference,hit,2973,288,486,774,0,1
reference,miss,2974,203,18,221,0,1
reference,hit,2974,278,482,760,0,1
reference,miss,2975,219,18,237,0,1
reference,hit,2975,285,513,798,0,1
reference,miss,2976,202,17,219,0,1
reference,hit,2976,287,487,774,0,1
reference,miss,2977,218,18,236,0,1
reference,hit,2977,280,499,779,0,1
reference,miss,2978,207,19,226,0,1
reference,hit,2978,285,480,765,0,1
reference,miss,2979,231,18,249,0,1
reference,hit,2979,315,621,936,0,1
reference,miss,2980,210,18,228,0,1
reference,hit,2980,286,516,802,0,1
reference,miss,2981,220,18,238,0,1
reference,hit,2981,284,506,790,0,1
reference,miss,2982,203,19,222,0,1
reference,hit,2982,286,500,786,0,1
reference,miss,2983,219,18,237,0,1
reference,hit,2983,288,489,777,0,1
reference,miss,2984,205,19,224,0,1
reference,hit,2984,337,595,932,0,1
reference,miss,2985,218,18,236,0,1
reference,hit,2985,286,511,797,0,1
reference,miss,2986,210,18,228,0,1
reference,hit,2986,286,485,771,0,1
reference,miss,2987,222,17,239,0,1
reference,hit,2987,286,483,769,0,1
reference,miss,2988,206,19,225,0,1
reference,hit,2988,279,487,766,0,1
reference,miss,2989,218,19,237,0,1
reference,hit,2989,289,518,807,0,1
reference,miss,2990,208,18,226,0,1
reference,hit,2990,286,493,779,0,1
reference,miss,2991,219,18,237,0,1
reference,hit,2991,285,490,775,0,1
reference,miss,2992,205,18,223,0,1
reference,hit,2992,288,502,790,0,1
reference,miss,2993,219,18,237,0,1
reference,hit,2993,276,505,781,0,1
reference,miss,2994,207,17,224,0,1
reference,hit,2994,291,491,782,0,1
reference,miss,2995,220,18,238,0,1
reference,hit,2995,283,480,763,0,1
reference,miss,2996,207,18,225,0,1
reference,hit,2996,288,489,777,0,1
reference,miss,2997,221,19,240,0,1
reference,hit,2997,284,492,776,0,1
reference,miss,2998,205,18,223,0,1
reference,hit,2998,289,491,780,0,1
reference,miss,2999,218,19,237,0,1
reference,hit,2999,285,490,775,0,1
reference,miss,3000,205,18,223,0,1
reference,hit,3000,292,974,1266,0,1
reference,miss,3001,225,18,243,0,1
reference,hit,3001,751,898,1649,0,1
reference,miss,3002,204,18,222,0,1
reference,hit,3002,284,959,1243,0,1
reference,miss,3003,221,18,239,0,1
reference,hit,3003,532,903,1435,0,1
reference,miss,3004,205,17,222,0,1
reference,hit,3004,274,489,763,0,1
reference,miss,3005,220,17,237,0,1
reference,hit,3005,289,490,779,0,1
reference,miss,3006,204,17,221,0,1
reference,hit,3006,276,496,772,0,1
reference,miss,3007,219,18,237,0,1
reference,hit,3007,395,491,886,0,1
reference,miss,3008,207,18,225,0,1
reference,hit,3008,284,481,765,0,1
reference,miss,3009,221,17,238,0,1
reference,hit,3009,387,508,895,0,1
reference,miss,3010,209,17,226,0,1
reference,hit,3010,280,2884,3164,0,1
reference,miss,3011,218,18,236,0,1
reference,hit,3011,279,495,774,0,1
reference,miss,3012,207,17,224,0,1
reference,hit,3012,285,584,869,0,1
reference,miss,3013,223,18,241,0,1
reference,hit,3013,282,580,862,0,1
reference,miss,3014,205,18,223,0,1
reference,hit,3014,283,476,759,0,1
reference,miss,3015,218,19,237,0,1
reference,hit,3015,282,491,773,0,1
reference,miss,3016,206,19,225,0,1
reference,hit,3016,3068,482,3550,0,1
reference,miss,3017,218,18,236,0,1
reference,hit,3017,279,507,786,0,1
reference,miss,3018,211,18,229,0,1
reference,hit,3018,286,689,975,0,1
reference,miss,3019,221,17,238,0,1
reference,hit,3019,280,487,767,0,1
reference,miss,3020,204,18,222,0,1
reference,hit,3020,285,482,767,0,1
reference,miss,3021,219,19,238,0,1
reference,hit,3021,278,482,760,0,1
reference,miss,3022,210,18,228,0,1
reference,hit,3022,283,476,759,0,1
reference,miss,3023,225,18,243,0,1
reference,hit,3023,379,694,1073,0,1
reference,miss,3024,205,18,223,0,1
reference,hit,3024,290,520,810,0,1
reference,miss,3025,223,19,242,0,1
reference,hit,3025,284,506,790,0,1
reference,miss,3026,204,18,222,0,1
reference,hit,3026,287,499,786,0,1
reference,miss,3027,220,18,238,0,1
reference,hit,3027,289,490,779,0,1
reference,miss,3028,203,18,221,0,1
reference,hit,3028,289,495,784,0,1
reference,miss,3029,222,18,240,0,1
reference,hit,3029,280,477,757,0,1
reference,miss,3030,204,18,222,0,1
reference,hit,3030,288,487,775,0,1
reference,miss,3031,220,18,238,0,1
reference,hit,3031,290,482,772,0,1
reference,miss,3032,205,18,223,0,1
reference,hit,3032,289,482,771,0,1
reference,miss,3033,244,17,261,0,1
reference,hit,3033,280,477,757,0,1
reference,miss,3034,206,18,224,0,1
reference,hit,3034,285,576,861,0,1
reference,miss,3035,220,18,238,0,1
reference,hit,3035,282,798,1080,0,1
reference,miss,3036,205,18,223,0,1
reference,hit,3036,288,1218,1506,0,1
reference,miss,3037,222,19,241,0,1
reference,hit,3037,282,498,780,0,1
reference,miss,3038,212,17,229,0,1
reference,hit,3038,561,875,1436,0,1
reference,miss,3039,217,17,234,0,1
reference,hit,3039,288,488,776,0,1
reference,miss,3040,209,19,228,0,1
reference,hit,3040,290,484,774,0,1
reference,miss,3041,217,18,235,0,1
reference,hit,3041,282,517,799,0,1
reference,miss,3042,204,19,223,0,1
reference,hit,3042,656,475,1131,0,1
reference,miss,3043,216,19,235,0,1
reference,hit,3043,280,510,790,0,1
reference,miss,3044,208,17,225,0,1
reference,hit,3044,285,513,798,0,1
reference,miss,3045,217,18,235,0,1
reference,hit,3045,331,673,1004,0,1
reference,miss,3046,204,19,223,0,1
reference,hit,3046,287,501,788,0,1
reference,miss,3047,218,18,236,0,1
reference,hit,3047,287,520,807,0,1
reference,miss,3048,204,18,222,0,1
reference,hit,3048,282,507,789,0,1
reference,miss,3049,219,17,236,0,1
reference,hit,3049,284,501,785,0,1
reference,miss,3050,208,18,226,0,1
reference,hit,3050,282,486,768,0,1
reference,miss,3051,219,17,236,0,1
reference,hit,3051,274,481,755,0,1
reference,miss,3052,206,18,224,0,1
reference,hit,3052,281,476,757,0,1
reference,miss,3053,218,17,235,0,1
reference,hit,3053,277,493,770,0,1
reference,miss,3054,209,17,226,0,1
reference,hit,3054,288,486,774,0,1
reference,miss,3055,221,19,240,0,1
reference,hit,3055,283,487,770,0,1
reference,miss,3056,204,17,221,0,1
reference,hit,3056,283,496,779,0,1
reference,miss,3057,219,17,236,0,1
reference,hit,3057,281,494,775,0,1
reference,miss,3058,204,19,223,0,1
reference,hit,3058,283,500,783,0,1
reference,miss,3059,219,19,238,0,1
reference,hit,3059,279,535,814,0,1
reference,miss,3060,209,18,227,0,1
reference,hit,3060,285,473,758,0,1
reference,miss,3061,219,18,237,0,1
reference,hit,3061,279,473,752,0,1
reference,miss,3062,204,18,222,0,1
reference,hit,3062,287,482,769,0,1
reference,miss,3063,217,17,234,0,1
reference,hit,3063,281,478,759,0,1
reference,miss,3064,209,18,227,0,1
reference,hit,3064,279,481,760,0,1
reference,miss,3065,217,19,236,0,1
reference,hit,3065,279,496,775,0,1
reference,miss,3066,206,17,223,0,1
reference,hit,3066,289,490,779,0,1
reference,miss,3067,222,19,241,0,1
reference,hit,3067,334,633,967,0,1
reference,miss,3068,210,18,228,0,1
reference,hit,3068,286,494,780,0,1
reference,miss,3069,218,19,237,0,1
reference,hit,3069,289,500,789,0,1
reference,miss,3070,205,17,222,0,1
reference,hit,3070,283,502,785,0,1
reference,miss,3071,226,860,1086,0,1
reference,hit,3071,287,1990,2277,0,1
reference,miss,3072,224,16,240,0,1
reference,hit,3072,284,482,766,0,1
reference,miss,3073,225,17,242,0,1
reference,hit,3073,288,485,773,0,1
reference,miss,3074,208,18,226,0,1
reference,hit,3074,286,489,775,0,1
reference,miss,3075,220,18,238,0,1
reference,hit,3075,289,488,777,0,1
reference,miss,3076,203,19,222,0,1
reference,hit,3076,287,483,770,0,1
reference,miss,3077,219,18,237,0,1
reference,hit,3077,279,493,772,0,1
reference,miss,3078,208,19,227,0,1
reference,hit,3078,279,493,772,0,1
reference,miss,3079,219,19,238,0,1
reference,hit,3079,335,1635,1970,0,1
reference,miss,3080,208,18,226,0,1
reference,hit,3080,292,518,810,0,1
reference,miss,3081,220,18,238,0,1
reference,hit,3081,285,524,809,0,1
reference,miss,3082,204,17,221,0,1
reference,hit,3082,288,818,1106,0,1
reference,miss,3083,221,17,238,0,1
reference,hit,3083,285,516,801,0,1
reference,miss,3084,204,19,223,0,1
reference,hit,3084,283,495,778,0,1
reference,miss,3085,229,17,246,0,1
reference,hit,3085,4089,564,4653,0,1
reference,miss,3086,204,17,221,0,1
reference,hit,3086,286,494,780,0,1
reference,miss,3087,223,17,240,0,1
reference,hit,3087,283,487,770,0,1
reference,miss,3088,205,18,223,0,1
reference,hit,3088,284,489,773,0,1
reference,miss,3089,217,18,235,0,1
reference,hit,3089,327,656,983,0,1
reference,miss,3090,204,18,222,0,1
reference,hit,3090,289,500,789,0,1
reference,miss,3091,223,19,242,0,1
reference,hit,3091,281,511,792,0,1
reference,miss,3092,206,19,225,0,1
reference,hit,3092,287,504,791,0,1
reference,miss,3093,219,18,237,0,1
reference,hit,3093,282,490,772,0,1
reference,miss,3094,211,18,229,0,1
reference,hit,3094,282,500,782,0,1
reference,miss,3095,218,17,235,0,1
reference,hit,3095,283,503,786,0,1
reference,miss,3096,203,18,221,0,1
reference,hit,3096,287,493,780,0,1
reference,miss,3097,219,18,237,0,1
reference,hit,3097,280,490,770,0,1
reference,miss,3098,202,17,219,0,1
reference,hit,3098,280,495,775,0,1
reference,miss,3099,218,19,237,0,1
reference,hit,3099,282,487,769,0,1
reference,miss,3100,204,17,221,0,1
reference,hit,3100,286,492,778,0,1
reference,miss,3101,221,18,239,0,1
reference,hit,3101,283,481,764,0,1
reference,miss,3102,203,18,221,0,1
reference,hit,3102,285,491,776,0,1
reference,miss,3103,220,19,239,0,1
reference,hit,3103,284,483,767,0,1
reference,miss,3104,209,18,227,0,1
reference,hit,3104,272,492,764,0,1
reference,miss,3105,221,18,239,0,1
reference,hit,3105,273,510,783,0,1
reference,miss,3106,210,18,228,0,1
reference,hit,3106,279,512,791,0,1
reference,miss,3107,220,18,238,0,1
reference,hit,3107,340,477,817,0,1
reference,miss,3108,205,18,223,0,1
reference,hit,3108,286,484,770,0,1
reference,miss,3109,217,18,235,0,1
reference,hit,3109,278,664,942,0,1
reference,miss,3110,207,18,225,0,1
reference,hit,3110,279,865,1144,0,1
reference,miss,3111,218,16,234,0,1
reference,hit,3111,332,653,985,0,1
reference,miss,3112,209,18,227,0,1
reference,hit,3112,289,492,781,0,1
reference,miss,3113,222,17,239,0,1
reference,hit,3113,279,496,775,0,1
reference,miss,3114,204,17,221,0,1
reference,hit,3114,282,499,781,0,1
reference,miss,3115,221,18,239,0,1
reference,hit,3115,282,489,771,0,1
reference,miss,3116,205,18,223,0,1
reference,hit,3116,286,495,781,0,1
reference,miss,3117,219,18,237,0,1
reference,hit,3117,282,492,774,0,1
reference,miss,3118,203,17,220,0,1
reference,hit,3118,280,494,774,0,1
reference,miss,3119,221,18,239,0,1
reference,hit,3119,278,494,772,0,1
reference,miss,3120,209,17,226,0,1
reference,hit,3120,280,493,773,0,1
reference,miss,3121,221,19,240,0,1
reference,hit,3121,279,489,768,0,1
reference,miss,3122,206,18,224,0,1
reference,hit,3122,286,492,778,0,1
reference,miss,3123,219,18,237,0,1
reference,hit,3123,282,476,758,0,1
reference,miss,3124,209,19,228,0,1
reference,hit,3124,281,519,800,0,1
reference,miss,3125,219,18,237,0,1
reference,hit,3125,281,481,762,0,1
reference,miss,3126,206,16,222,0,1
reference,hit,3126,284,495,779,0,1
reference,miss,3127,222,18,240,0,1
reference,hit,3127,282,488,770,0,1
reference,miss,3128,207,18,225,0,1
reference,hit,3128,283,522,805,0,1
reference,miss,3129,221,17,238,0,1
reference,hit,3129,280,511,791,0,1
reference,miss,3130,206,19,225,0,1
reference,hit,3130,278,504,782,0,1
reference,miss,3131,221,17,238,0,1
reference,hit,3131,280,488,768,0,1
reference,miss,3132,205,17,222,0,1
reference,hit,3132,284,479,763,0,1
reference,miss,3133,225,17,242,0,1
reference,hit,3133,325,648,973,0,1
reference,miss,3134,211,18,229,0,1
reference,hit,3134,285,506,791,0,1
reference,miss,3135,217,19,236,0,1
reference,hit,3135,282,500,782,0,1
reference,miss,3136,209,18,227,0,1
reference,hit,3136,281,490,771,0,1
reference,miss,3137,218,18,236,0,1
reference,hit,3137,271,495,766,0,1
reference,miss,3138,209,17,226,0,1
reference,hit,3138,272,491,763,0,1
reference,miss,3139,217,19,236,0,1
reference,hit,3139,278,490,768,0,1
reference,miss,3140,207,18,225,0,1
reference,hit,3140,311,605,916,0,1
reference,miss,3141,220,17,237,0,1
reference,hit,3141,273,506,779,0,1
reference,miss,3142,206,18,224,0,1
reference,hit,3142,282,491,773,0,1
reference,miss,3143,217,18,235,0,1
reference,hit,3143,277,508,785,0,1
reference,miss,3144,209,17,226,0,1
reference,hit,3144,280,498,778,0,1
reference,miss,3145,217,18,235,0,1
reference,hit,3145,277,485,762,0,1
reference,miss,3146,204,17,221,0,1
reference,hit,3146,286,491,777,0,1
reference,miss,3147,217,18,235,0,1
reference,hit,3147,278,490,768,0,1
reference,miss,3148,209,17,226,0,1
reference,hit,3148,278,492,770,0,1
reference,miss,3149,217,19,236,0,1
reference,hit,3149,278,481,759,0,1
reference,miss,3150,210,17,227,0,1
reference,hit,3150,286,520,806,0,1
reference,miss,3151,216,18,234,0,1
reference,hit,3151,278,509,787,0,1
reference,miss,3152,205,17,222,0,1
reference,hit,3152,278,482,760,0,1
reference,miss,3153,219,18,237,0,1
reference,hit,3153,277,484,761,0,1
reference,miss,3154,210,17,227,0,1
reference,hit,3154,278,479,757,0,1
reference,miss,3155,220,19,239,0,1
reference,hit,3155,316,606,922,0,1
reference,miss,3156,208,18,226,0,1
reference,hit,3156,280,504,784,0,1
reference,miss,3157,221,19,240,0,1
reference,hit,3157,282,478,760,0,1
reference,miss,3158,205,19,224,0,1
reference,hit,3158,284,478,762,0,1
reference,miss,3159,220,19,239,0,1
reference,hit,3159,278,509,787,0,1
reference,miss,3160,205,18,223,0,1
reference,hit,3160,280,485,765,0,1
reference,miss,3161,221,18,239,0,1
reference,hit,3161,282,500,782,0,1
reference,miss,3162,206,19,225,0,1
reference,hit,3162,280,476,756,0,1
reference,miss,3163,219,18,237,0,1
reference,hit,3163,283,510,793,0,1
reference,miss,3164,203,18,221,0,1
reference,hit,3164,286,480,766,0,1
reference,miss,3165,221,18,239,0,1
reference,hit,3165,283,483,766,0,1
reference,miss,3166,205,18,223,0,1
reference,hit,3166,280,484,764,0,1
reference,miss,3167,218,18,236,0,1
reference,hit,3167,277,488,765,0,1
reference,miss,3168,206,18,224,0,1
reference,hit,3168,280,491,771,0,1
reference,miss,3169,221,17,238,0,1
reference,hit,3169,277,476,753,0,1
reference,miss,3170,210,18,228,0,1
reference,hit,3170,279,484,763,0,1
reference,miss,3171,220,17,237,0,1
reference,hit,3171,276,477,753,0,1
reference,miss,3172,206,18,224,0,1
reference,hit,3172,274,476,750,0,1
reference,miss,3173,219,18,237,0,1
reference,hit,3173,281,499,780,0,1
reference,miss,3174,209,1134,1343,0,1
reference,hit,3174,299,1248,1547,0,1
reference,miss,3175,218,17,235,0,1
reference,hit,3175,285,483,768,0,1
reference,miss,3176,207,17,224,0,1
reference,hit,3176,285,485,770,0,1
reference,miss,3177,217,18,235,0,1
reference,hit,3177,314,593,907,0,1
reference,miss,3178,208,18,226,0,1
reference,hit,3178,286,511,797,0,1
reference,miss,3179,219,18,237,0,1
reference,hit,3179,283,505,788,0,1
reference,miss,3180,204,18,222,0,1
reference,hit,3180,276,488,764,0,1
reference,miss,3181,220,17,237,0,1
reference,hit,3181,287,478,765,0,1
reference,miss,3182,205,18,223,0,1
reference,hit,3182,284,499,783,0,1
reference,miss,3183,218,20,238,0,1
reference,hit,3183,283,480,763,0,1
reference,miss,3184,204,18,222,0,1
reference,hit,3184,282,480,762,0,1
reference,miss,3185,219,18,237,0,1
reference,hit,3185,284,500,784,0,1
reference,miss,3186,207,18,225,0,1
reference,hit,3186,277,521,798,0,1
reference,miss,3187,219,19,238,0,1
reference,hit,3187,286,480,766,0,1
reference,miss,3188,205,18,223,0,1
reference,hit,3188,285,503,788,0,1
reference,miss,3189,220,18,238,0,1
reference,hit,3189,283,503,786,0,1
reference,miss,3190,206,18,224,0,1
reference,hit,3190,283,479,762,0,1
reference,miss,3191,221,19,240,0,1
reference,hit,3191,285,485,770,0,1
reference,miss,3192,204,18,222,0,1
reference,hit,3192,275,478,753,0,1
reference,miss,3193,224,19,243,0,1
reference,hit,3193,278,498,776,0,1
reference,miss,3194,207,18,225,0,1
reference,hit,3194,283,482,765,0,1
reference,miss,3195,219,18,237,0,1
reference,hit,3195,282,486,768,0,1
reference,miss,3196,209,18,227,0,1
reference,hit,3196,280,488,768,0,1
reference,miss,3197,221,18,239,0,1
reference,hit,3197,277,487,764,0,1
reference,miss,3198,204,18,222,0,1
reference,hit,3198,279,497,776,0,1
reference,miss,3199,218,18,236,0,1
reference,hit,3199,388,730,1118,0,1
reference,miss,3200,208,17,225,0,1
reference,hit,3200,284,490,774,0,1
reference,miss,3201,221,17,238,0,1
reference,hit,3201,281,495,776,0,1
reference,miss,3202,205,18,223,0,1
reference,hit,3202,283,498,781,0,1
reference,miss,3203,221,18,239,0,1
reference,hit,3203,278,483,761,0,1
reference,miss,3204,205,17,222,0,1
reference,hit,3204,279,480,759,0,1
reference,miss,3205,222,18,240,0,1
reference,hit,3205,280,477,757,0,1
reference,miss,3206,205,18,223,0,1
reference,hit,3206,286,482,768,0,1
reference,miss,3207,221,19,240,0,1
reference,hit,3207,280,497,777,0,1
reference,miss,3208,204,18,222,0,1
reference,hit,3208,280,481,761,0,1
reference,miss,3209,217,17,234,0,1
reference,hit,3209,279,481,760,0,1
reference,miss,3210,206,19,225,0,1
reference,hit,3210,280,477,757,0,1
reference,miss,3211,217,18,235,0,1
reference,hit,3211,281,481,762,0,1
reference,miss,3212,204,18,222,0,1
reference,hit,3212,279,481,760,0,1
reference,miss,3213,220,18,238,0,1
reference,hit,3213,281,485,766,0,1
reference,miss,3214,203,19,222,0,1
reference,hit,3214,283,479,762,0,1
reference,miss,3215,217,18,235,0,1
reference,hit,3215,279,483,762,0,1
reference,miss,3216,207,18,225,0,1
reference,hit,3216,281,501,782,0,1
reference,miss,3217,219,18,237,0,1
reference,hit,3217,281,479,760,0,1
reference,miss,3218,203,19,222,0,1
reference,hit,3218,283,507,790,0,1
reference,miss,3219,220,18,238,0,1
reference,hit,3219,280,491,771,0,1
reference,miss,3220,207,18,225,0,1
reference,hit,3220,275,507,782,0,1
reference,miss,3221,217,19,236,0,1
reference,hit,3221,334,637,971,0,1
reference,miss,3222,204,19,223,0,1
reference,hit,3222,278,495,773,0,1
reference,miss,3223,219,17,236,0,1
reference,hit,3223,282,484,766,0,1
reference,miss,3224,204,16,220,0,1
reference,hit,3224,276,504,780,0,1
reference,miss,3225,219,18,237,0,1
reference,hit,3225,281,496,777,0,1
reference,miss,3226,203,18,221,0,1
reference,hit,3226,282,485,767,0,1
reference,miss,3227,220,17,237,0,1
reference,hit,3227,280,493,773,0,1
reference,miss,3228,204,17,221,0,1
reference,hit,3228,285,499,784,0,1
reference,miss,3229,218,18,236,0,1
reference,hit,3229,276,511,787,0,1
reference,miss,3230,204,18,222,0,1
reference,hit,3230,288,482,770,0,1
reference,miss,3231,216,18,234,0,1
reference,hit,3231,274,481,755,0,1
reference,miss,3232,203,18,221,0,1
reference,hit,3232,284,499,783,0,1
reference,miss,3233,218,18,236,0,1
reference,hit,3233,278,501,779,0,1
reference,miss,3234,209,17,226,0,1
reference,hit,3234,285,485,770,0,1
reference,miss,3235,219,17,236,0,1
reference,hit,3235,276,472,748,0,1
reference,miss,3236,205,17,222,0,1
reference,hit,3236,287,492,779,0,1
reference,miss,3237,218,18,236,0,1
reference,hit,3237,276,477,753,0,1
reference,miss,3238,204,17,221,0,1
reference,hit,3238,283,477,760,0,1
reference,miss,3239,219,18,237,0,1
reference,hit,3239,282,500,782,0,1
reference,miss,3240,206,18,224,0,1
reference,hit,3240,285,500,785,0,1
reference,miss,3241,217,18,235,0,1
reference,hit,3241,278,478,756,0,1
reference,miss,3242,203,18,221,0,1
reference,hit,3242,283,493,776,0,1
reference,miss,3243,220,19,239,0,1
reference,hit,3243,335,669,1004,0,1
reference,miss,3244,209,17,226,0,1
reference,hit,3244,278,506,784,0,1
reference,miss,3245,220,18,238,0,1
reference,hit,3245,277,523,800,0,1
reference,miss,3246,206,18,224,0,1
reference,hit,3246,277,492,769,0,1
reference,miss,3247,220,17,237,0,1
reference,hit,3247,281,500,781,0,1
reference,miss,3248,202,18,220,0,1
reference,hit,3248,285,491,776,0,1
reference,miss,3249,219,19,238,0,1
reference,hit,3249,276,486,762,0,1
reference,miss,3250,205,18,223,0,1
reference,hit,3250,287,493,780,0,1
reference,miss,3251,218,17,235,0,1
reference,hit,3251,274,503,777,0,1
reference,miss,3252,203,19,222,0,1
reference,hit,3252,286,484,770,0,1
reference,miss,3253,221,18,239,0,1
reference,hit,3253,282,496,778,0,1
reference,miss,3254,202,18,220,0,1
reference,hit,3254,284,485,769,0,1
reference,miss,3255,218,19,237,0,1
reference,hit,3255,276,487,763,0,1
reference,miss,3256,204,18,222,0,1
reference,hit,3256,280,497,777,0,1
reference,miss,3257,219,18,237,0,1
reference,hit,3257,320,590,910,0,1
reference,miss,3258,205,18,223,0,1
reference,hit,3258,307,631,938,0,1
reference,miss,3259,218,18,236,0,1
reference,hit,3259,281,511,792,0,1
reference,miss,3260,211,18,229,0,1
reference,hit,3260,284,491,775,0,1
reference,miss,3261,217,18,235,0,1
reference,hit,3261,282,483,765,0,1
reference,miss,3262,211,17,228,0,1
reference,hit,3262,290,507,797,0,1
reference,miss,3263,219,19,238,0,1
reference,hit,3263,289,486,775,0,1
reference,miss,3264,204,18,222,0,1
reference,hit,3264,287,476,763,0,1
reference,miss,3265,219,18,237,0,1
reference,hit,3265,333,635,968,0,1
reference,miss,3266,207,17,224,0,1
reference,hit,3266,277,528,805,0,1
reference,miss,3267,218,18,236,0,1
reference,hit,3267,286,480,766,0,1
reference,miss,3268,205,18,223,0,1
reference,hit,3268,289,487,776,0,1
reference,miss,3269,220,16,236,0,1
reference,hit,3269,291,491,782,0,1
reference,miss,3270,204,18,222,0,1
reference,hit,3270,282,473,755,0,1
reference,miss,3271,218,17,235,0,1
reference,hit,3271,285,510,795,0,1
reference,miss,3272,207,18,225,0,1
reference,hit,3272,283,480,763,0,1
reference,miss,3273,217,17,234,0,1
reference,hit,3273,286,486,772,0,1
reference,miss,3274,209,17,226,0,1
reference,hit,3274,282,475,757,0,1
reference,miss,3275,219,19,238,0,1
reference,hit,3275,280,474,754,0,1
reference,miss,3276,205,1138,1343,0,1
reference,hit,3276,303,1253,1556,0,1
reference,miss,3277,219,17,236,0,1
reference,hit,3277,286,484,770,0,1
reference,miss,3278,209,17,226,0,1
reference,hit,3278,279,488,767,0,1
reference,miss,3279,215,18,233,0,1
reference,hit,3279,283,482,765,0,1
reference,miss,3280,209,17,226,0,1
reference,hit,3280,282,488,770,0,1
reference,miss,3281,218,18,236,0,1
reference,hit,3281,280,488,768,0,1
reference,miss,3282,208,18,226,0,1
reference,hit,3282,288,489,777,0,1
reference,miss,3283,219,17,236,0,1
reference,hit,3283,281,491,772,0,1
reference,miss,3284,208,18,226,0,1
reference,hit,3284,290,493,783,0,1
reference,miss,3285,218,17,235,0,1
reference,hit,3285,276,502,778,0,1
reference,miss,3286,208,18,226,0,1
reference,hit,3286,286,476,762,0,1
reference,miss,3287,218,17,235,0,1
reference,hit,3287,342,679,1021,0,1
reference,miss,3288,209,17,226,0,1
reference,hit,3288,281,490,771,0,1
reference,miss,3289,219,19,238,0,1
reference,hit,3289,287,479,766,0,1
reference,miss,3290,209,18,227,0,1
reference,hit,3290,278,488,766,0,1
reference,miss,3291,219,17,236,0,1
reference,hit,3291,286,487,773,0,1
reference,miss,3292,207,18,225,0,1
reference,hit,3292,290,514,804,0,1
reference,miss,3293,220,19,239,0,1
reference,hit,3293,286,483,769,0,1
reference,miss,3294,205,18,223,0,1
reference,hit,3294,288,487,775,0,1
reference,miss,3295,216,18,234,0,1
reference,hit,3295,288,517,805,0,1
reference,miss,3296,208,18,226,0,1
reference,hit,3296,282,507,789,0,1
reference,miss,3297,218,17,235,0,1
reference,hit,3297,283,478,761,0,1
reference,miss,3298,204,18,222,0,1
reference,hit,3298,287,520,807,0,1
reference,miss,3299,215,18,233,0,1
reference,hit,3299,284,487,771,0,1
reference,miss,3300,208,17,225,0,1
reference,hit,3300,282,482,764,0,1
reference,miss,3301,218,17,235,0,1
reference,hit,3301,274,503,777,0,1
reference,miss,3302,207,19,226,0,1
reference,hit,3302,286,493,779,0,1
reference,miss,3303,216,18,234,0,1
reference,hit,3303,282,488,770,0,1
reference,miss,3304,208,18,226,0,1
reference,hit,3304,288,517,805,0,1
reference,miss,3305,216,18,234,0,1
reference,hit,3305,280,495,775,0,1
reference,miss,3306,205,18,223,0,1
reference,hit,3306,276,481,757,0,1
reference,miss,3307,222,18,240,0,1
reference,hit,3307,332,618,950,0,1
reference,miss,3308,213,18,231,0,1
reference,hit,3308,284,509,793,0,1
reference,miss,3309,224,17,241,0,1
reference,hit,3309,319,648,967,0,1
reference,miss,3310,210,18,228,0,1
reference,hit,3310,280,505,785,0,1
reference,miss,3311,221,17,238,0,1
reference,hit,3311,285,490,775,0,1
reference,miss,3312,204,19,223,0,1
reference,hit,3312,286,497,783,0,1
reference,miss,3313,218,19,237,0,1
reference,hit,3313,279,484,763,0,1
reference,miss,3314,203,19,222,0,1
reference,hit,3314,309,616,925,0,1
reference,miss,3315,219,17,236,0,1
reference,hit,3315,281,512,793,0,1
reference,miss,3316,208,18,226,0,1
reference,hit,3316,286,494,780,0,1
reference,miss,3317,220,18,238,0,1
reference,hit,3317,280,492,772,0,1
reference,miss,3318,209,18,227,0,1
reference,hit,3318,285,490,775,0,1
reference,miss,3319,220,19,239,0,1
reference,hit,3319,275,488,763,0,1
reference,miss,3320,208,18,226,0,1
reference,hit,3320,285,487,772,0,1
reference,miss,3321,220,18,238,0,1
reference,hit,3321,278,486,764,0,1
reference,miss,3322,203,18,221,0,1
reference,hit,3322,284,509,793,0,1
reference,miss,3323,220,17,237,0,1
reference,hit,3323,282,476,758,0,1
reference,miss,3324,203,18,221,0,1
reference,hit,3324,284,490,774,0,1
reference,miss,3325,222,18,240,0,1
reference,hit,3325,275,498,773,0,1
reference,miss,3326,205,19,224,0,1
reference,hit,3326,286,484,770,0,1
reference,miss,3327,217,18,235,0,1
reference,hit,3327,282,494,776,0,1
reference,miss,3328,206,18,224,0,1
reference,hit,3328,281,488,769,0,1
reference,miss,3329,218,18,236,0,1
reference,hit,3329,278,489,767,0,1
reference,miss,3330,208,18,226,0,1
reference,hit,3330,281,508,789,0,1
reference,miss,3331,219,18,237,0,1
reference,hit,3331,316,652,968,0,1
reference,miss,3332,208,18,226,0,1
reference,hit,3332,282,500,782,0,1
reference,miss,3333,221,18,239,0,1
reference,hit,3333,284,485,769,0,1
reference,miss,3334,205,17,222,0,1
reference,hit,3334,283,541,824,0,1
reference,miss,3335,219,19,238,0,1
reference,hit,3335,280,484,764,0,1
reference,miss,3336,203,18,221,0,1
reference,hit,3336,293,488,781,0,1
reference,miss,3337,221,17,238,0,1
reference,hit,3337,286,491,777,0,1
reference,miss,3338,206,17,223,0,1
reference,hit,3338,286,489,775,0,1
reference,miss,3339,221,17,238,0,1
reference,hit,3339,280,483,763,0,1
reference,miss,3340,209,17,226,0,1
reference,hit,3340,273,514,787,0,1
reference,miss,3341,220,18,238,0,1
reference,hit,3341,282,486,768,0,1
reference,miss,3342,205,17,222,0,1
reference,hit,3342,282,492,774,0,1
reference,miss,3343,221,17,238,0,1
reference,hit,3343,283,481,764,0,1
reference,miss,3344,204,18,222,0,1
reference,hit,3344,284,490,774,0,1
reference,miss,3345,222,19,241,0,1
reference,hit,3345,282,499,781,0,1
reference,miss,3346,207,18,225,0,1
reference,hit,3346,285,489,774,0,1
reference,miss,3347,220,18,238,0,1
reference,hit,3347,276,494,770,0,1
reference,miss,3348,205,17,222,0,1
reference,hit,3348,283,496,779,0,1
reference,miss,3349,221,17,238,0,1
reference,hit,3349,281,491,772,0,1
reference,miss,3350,203,18,221,0,1
reference,hit,3350,282,495,777,0,1
reference,miss,3351,220,19,239,0,1
reference,hit,3351,280,483,763,0,1
reference,miss,3352,209,18,227,0,1
reference,hit,3352,279,501,780,0,1
reference,miss,3353,223,18,241,0,1
reference,hit,3353,314,599,913,0,1
reference,miss,3354,207,18,225,0,1
reference,hit,3354,285,496,781,0,1
reference,miss,3355,217,17,234,0,1
reference,hit,3355,286,512,798,0,1
reference,miss,3356,208,18,226,0,1
reference,hit,3356,283,481,764,0,1
reference,miss,3357,217,18,235,0,1
reference,hit,3357,279,487,766,0,1
reference,miss,3358,207,19,226,0,1
reference,hit,3358,284,480,764,0,1
reference,miss,3359,216,17,233,0,1
reference,hit,3359,283,486,769,0,1
reference,miss,3360,205,17,222,0,1
reference,hit,3360,282,488,770,0,1
reference,miss,3361,218,17,235,0,1
reference,hit,3361,273,492,765,0,1
reference,miss,3362,209,18,227,0,1
reference,hit,3362,283,507,790,0,1
reference,miss,3363,216,18,234,0,1
reference,hit,3363,276,490,766,0,1
reference,miss,3364,205,17,222,0,1
reference,hit,3364,281,488,769,0,1
reference,miss,3365,217,20,237,0,1
reference,hit,3365,278,508,786,0,1
reference,miss,3366,214,17,231,0,1
reference,hit,3366,277,488,765,0,1
reference,miss,3367,218,17,235,0,1
reference,hit,3367,286,490,776,0,1
reference,miss,3368,209,19,228,0,1
reference,hit,3368,281,513,794,0,1
reference,miss,3369,219,18,237,0,1
reference,hit,3369,279,498,777,0,1
reference,miss,3370,208,18,226,0,1
reference,hit,3370,287,488,775,0,1
reference,miss,3371,227,17,244,0,1
reference,hit,3371,321,616,937,0,1
reference,miss,3372,209,17,226,0,1
reference,hit,3372,283,491,774,0,1
reference,miss,3373,220,18,238,0,1
reference,hit,3373,282,495,777,0,1
reference,miss,3374,203,18,221,0,1
reference,hit,3374,285,482,767,0,1
reference,miss,3375,218,19,237,0,1
reference,hit,3375,323,627,950,0,1
reference,miss,3376,203,18,221,0,1
reference,hit,3376,272,502,774,0,1
reference,miss,3377,220,18,238,0,1
reference,hit,3377,282,500,782,0,1
reference,miss,3378,205,18,223,0,1
reference,hit,3378,297,581,878,0,1
reference,miss,3379,222,18,240,0,1
reference,hit,3379,288,495,783,0,1
reference,miss,3380,207,18,225,0,1
reference,hit,3380,287,482,769,0,1
reference,miss,3381,221,18,239,0,1
reference,hit,3381,283,495,778,0,1
reference,miss,3382,206,17,223,0,1
reference,hit,3382,282,513,795,0,1
reference,miss,3383,219,18,237,0,1
reference,hit,3383,275,491,766,0,1
reference,miss,3384,204,18,222,0,1
reference,hit,3384,280,493,773,0,1
reference,miss,3385,218,19,237,0,1
reference,hit,3385,275,488,763,0,1
reference,miss,3386,203,18,221,0,1
reference,hit,3386,286,506,792,0,1
reference,miss,3387,219,17,236,0,1
reference,hit,3387,282,486,768,0,1
reference,miss,3388,206,18,224,0,1
reference,hit,3388,279,484,763,0,1
reference,miss,3389,222,18,240,0,1
reference,hit,3389,281,503,784,0,1
reference,miss,3390,205,18,223,0,1
reference,hit,3390,284,488,772,0,1
reference,miss,3391,219,18,237,0,1
reference,hit,3391,279,506,785,0,1
reference,miss,3392,209,17,226,0,1
reference,hit,3392,282,490,772,0,1
reference,miss,3393,216,19,235,0,1
reference,hit,3393,276,495,771,0,1
reference,miss,3394,209,17,226,0,1
reference,hit,3394,287,497,784,0,1
reference,miss,3395,220,18,238,0,1
reference,hit,3395,282,502,784,0,1
reference,miss,3396,206,18,224,0,1
reference,hit,3396,278,491,769,0,1
reference,miss,3397,220,19,239,0,1
reference,hit,3397,338,645,983,0,1
reference,miss,3398,208,18,226,0,1
reference,hit,3398,277,494,771,0,1
reference,miss,3399,220,18,238,0,1
reference,hit,3399,283,480,763,0,1
reference,miss,3400,209,17,226,0,1
reference,hit,3400,283,499,782,0,1
reference,miss,3401,219,19,238,0,1
reference,hit,3401,276,489,765,0,1
reference,miss,3402,206,18,224,0,1
reference,hit,3402,285,496,781,0,1
reference,miss,3403,220,18,238,0,1
reference,hit,3403,283,484,767,0,1
reference,miss,3404,204,18,222,0,1
reference,hit,3404,283,489,772,0,1
reference,miss,3405,218,18,236,0,1
reference,hit,3405,282,505,787,0,1
reference,miss,3406,205,17,222,0,1
reference,hit,3406,285,480,765,0,1
reference,miss,3407,218,17,235,0,1
reference,hit,3407,282,481,763,0,1
reference,miss,3408,203,19,222,0,1
reference,hit,3408,282,489,771,0,1
reference,miss,3409,218,18,236,0,1
reference,hit,3409,281,504,785,0,1
reference,miss,3410,207,19,226,0,1
reference,hit,3410,279,478,757,0,1
reference,miss,3411,219,18,237,0,1
reference,hit,3411,281,508,789,0,1
reference,miss,3412,206,17,223,0,1
reference,hit,3412,279,483,762,0,1
reference,miss,3413,219,17,236,0,1
reference,hit,3413,282,475,757,0,1
reference,miss,3414,208,18,226,0,1
reference,hit,3414,279,479,758,0,1
reference,miss,3415,218,18,236,0,1
reference,hit,3415,280,482,762,0,1
reference,miss,3416,204,18,222,0,1
reference,hit,3416,282,499,781,0,1
reference,miss,3417,220,18,238,0,1
reference,hit,3417,284,480,764,0,1
reference,miss,3418,206,17,223,0,1
reference,hit,3418,289,486,775,0,1
reference,miss,3419,218,17,235,0,1
reference,hit,3419,346,656,1002,0,1
reference,miss,3420,205,18,223,0,1
reference,hit,3420,280,510,790,0,1
reference,miss,3421,219,18,237,0,1
reference,hit,3421,283,483,766,0,1
reference,miss,3422,205,18,223,0,1
reference,hit,3422,279,489,768,0,1
reference,miss,3423,216,19,235,0,1
reference,hit,3423,284,477,761,0,1
reference,miss,3424,205,17,222,0,1
reference,hit,3424,280,487,767,0,1
reference,miss,3425,214,18,232,0,1
reference,hit,3425,278,500,778,0,1
reference,miss,3426,205,18,223,0,1
reference,hit,3426,279,505,784,0,1
reference,miss,3427,216,18,234,0,1
reference,hit,3427,276,480,756,0,1
reference,miss,3428,210,17,227,0,1
reference,hit,3428,311,538,849,0,1
reference,miss,3429,216,18,234,0,1
reference,hit,3429,276,484,760,0,1
reference,miss,3430,209,18,227,0,1
reference,hit,3430,283,497,780,0,1
reference,miss,3431,218,17,235,0,1
reference,hit,3431,279,517,796,0,1
reference,miss,3432,207,17,224,0,1
reference,hit,3432,277,484,761,0,1
reference,miss,3433,217,18,235,0,1
reference,hit,3433,278,483,761,0,1
reference,miss,3434,209,19,228,0,1
reference,hit,3434,282,483,765,0,1
reference,miss,3435,217,17,234,0,1
reference,hit,3435,278,481,759,0,1
reference,miss,3436,210,18,228,0,1
reference,hit,3436,283,482,765,0,1
reference,miss,3437,219,18,237,0,1
reference,hit,3437,279,482,761,0,1
reference,miss,3438,208,19,227,0,1
reference,hit,3438,282,484,766,0,1
reference,miss,3439,216,19,235,0,1
reference,hit,3439,278,488,766,0,1
reference,miss,3440,211,17,228,0,1
reference,hit,3440,281,475,756,0,1
reference,miss,3441,221,17,238,0,1
reference,hit,3441,343,665,1008,0,1
reference,miss,3442,206,18,224,0,1
reference,hit,3442,281,577,858,0,1
reference,miss,3443,220,18,238,0,1
reference,hit,3443,283,478,761,0,1
reference,miss,3444,208,18,226,0,1
reference,hit,3444,278,499,777,0,1
reference,miss,3445,222,17,239,0,1
reference,hit,3445,281,485,766,0,1
reference,miss,3446,204,18,222,0,1
reference,hit,3446,284,504,788,0,1
reference,miss,3447,220,17,237,0,1
reference,hit,3447,280,482,762,0,1
reference,miss,3448,205,17,222,0,1
reference,hit,3448,280,479,759,0,1
reference,miss,3449,219,17,236,0,1
reference,hit,3449,280,473,753,0,1
reference,miss,3450,205,18,223,0,1
reference,hit,3450,286,510,796,0,1
reference,miss,3451,219,18,237,0,1
reference,hit,3451,279,475,754,0,1
reference,miss,3452,207,18,225,0,1
reference,hit,3452,279,495,774,0,1
reference,miss,3453,219,17,236,0,1
reference,hit,3453,279,483,762,0,1
reference,miss,3454,203,17,220,0,1
reference,hit,3454,279,510,789,0,1
reference,miss,3455,218,18,236,0,1
reference,hit,3455,279,475,754,0,1
reference,miss,3456,207,17,224,0,1
reference,hit,3456,286,501,787,0,1
reference,miss,3457,218,17,235,0,1
reference,hit,3457,278,475,753,0,1
reference,miss,3458,207,17,224,0,1
reference,hit,3458,273,479,752,0,1
reference,miss,3459,216,18,234,0,1
reference,hit,3459,285,490,775,0,1
reference,miss,3460,204,18,222,0,1
reference,hit,3460,278,507,785,0,1
reference,miss,3461,219,17,236,0,1
reference,hit,3461,277,486,763,0,1
reference,miss,3462,212,18,230,0,1
reference,hit,3462,283,478,761,0,1
reference,miss,3463,222,18,240,0,1
reference,hit,3463,348,646,994,0,1
reference,miss,3464,207,18,225,0,1
reference,hit,3464,287,492,779,0,1
reference,miss,3465,220,18,238,0,1
reference,hit,3465,282,482,764,0,1
reference,miss,3466,210,18,228,0,1
reference,hit,3466,284,476,760,0,1
reference,miss,3467,221,17,238,0,1
reference,hit,3467,277,511,788,0,1
reference,miss,3468,210,18,228,0,1
reference,hit,3468,272,481,753,0,1
reference,miss,3469,216,18,234,0,1
reference,hit,3469,279,483,762,0,1
reference,miss,3470,207,19,226,0,1
reference,hit,3470,277,481,758,0,1
reference,miss,3471,219,18,237,0,1
reference,hit,3471,277,486,763,0,1
reference,miss,3472,209,17,226,0,1
reference,hit,3472,284,483,767,0,1
reference,miss,3473,216,18,234,0,1
reference,hit,3473,277,492,769,0,1
reference,miss,3474,208,19,227,0,1
reference,hit,3474,280,488,768,0,1
reference,miss,3475,217,17,234,0,1
reference,hit,3475,275,483,758,0,1
reference,miss,3476,207,18,225,0,1
reference,hit,3476,274,507,781,0,1
reference,miss,3477,217,18,235,0,1
reference,hit,3477,277,486,763,0,1
reference,miss,3478,209,18,227,0,1
reference,hit,3478,283,486,769,0,1
reference,miss,3479,218,18,236,0,1
reference,hit,3479,276,474,750,0,1
reference,miss,3480,209,18,227,0,1
reference,hit,3480,280,482,762,0,1
reference,miss,3481,223,916,1139,0,1
reference,hit,3481,276,1506,1782,0,1
reference,miss,3482,221,17,238,0,1
reference,hit,3482,281,486,767,0,1
reference,miss,3483,218,17,235,0,1
reference,hit,3483,282,482,764,0,1
reference,miss,3484,203,18,221,0,1
reference,hit,3484,280,493,773,0,1
reference,miss,3485,217,17,234,0,1
reference,hit,3485,343,680,1023,0,1
reference,miss,3486,209,18,227,0,1
reference,hit,3486,297,559,856,0,1
reference,miss,3487,218,18,236,0,1
reference,hit,3487,287,513,800,0,1
reference,miss,3488,207,19,226,0,1
reference,hit,3488,286,496,782,0,1
reference,miss,3489,218,18,236,0,1
reference,hit,3489,281,552,833,0,1
reference,miss,3490,211,18,229,0,1
reference,hit,3490,281,484,765,0,1
reference,miss,3491,216,18,234,0,1
reference,hit,3491,282,492,774,0,1
reference,miss,3492,207,18,225,0,1
reference,hit,3492,282,488,770,0,1
reference,miss,3493,216,19,235,0,1
reference,hit,3493,283,486,769,0,1
reference,miss,3494,207,18,225,0,1
reference,hit,3494,278,501,779,0,1
reference,miss,3495,215,18,233,0,1
reference,hit,3495,277,489,766,0,1
reference,miss,3496,210,18,228,0,1
reference,hit,3496,285,536,821,0,1
reference,miss,3497,223,18,241,0,1
reference,hit,3497,341,617,958,0,1
reference,miss,3498,210,18,228,0,1
reference,hit,3498,285,504,789,0,1
reference,miss,3499,222,18,240,0,1
reference,hit,3499,289,510,799,0,1
reference,miss,3500,207,17,224,0,1
reference,hit,3500,290,499,789,0,1
reference,miss,3501,219,18,237,0,1
reference,hit,3501,290,499,789,0,1
reference,miss,3502,208,18,226,0,1
reference,hit,3502,292,488,780,0,1
reference,miss,3503,223,17,240,0,1
reference,hit,3503,287,511,798,0,1
reference,miss,3504,210,17,227,0,1
reference,hit,3504,287,484,771,0,1
reference,miss,3505,221,17,238,0,1
reference,hit,3505,281,514,795,0,1
reference,miss,3506,218,17,235,0,1
reference,hit,3506,290,482,772,0,1
reference,miss,3507,217,18,235,0,1
reference,hit,3507,326,598,924,0,1
reference,miss,3508,205,19,224,0,1
reference,hit,3508,281,498,779,0,1
reference,miss,3509,218,18,236,0,1
reference,hit,3509,292,496,788,0,1
reference,miss,3510,208,17,225,0,1
reference,hit,3510,289,485,774,0,1
reference,miss,3511,217,17,234,0,1
reference,hit,3511,282,502,784,0,1
reference,miss,3512,210,17,227,0,1
reference,hit,3512,287,480,767,0,1
reference,miss,3513,217,17,234,0,1
reference,hit,3513,282,477,759,0,1
reference,miss,3514,208,18,226,0,1
reference,hit,3514,283,484,767,0,1
reference,miss,3515,217,19,236,0,1
reference,hit,3515,280,490,770,0,1
reference,miss,3516,203,17,220,0,1
reference,hit,3516,286,506,792,0,1
reference,miss,3517,216,18,234,0,1
reference,hit,3517,280,493,773,0,1
reference,miss,3518,204,18,222,0,1
reference,hit,3518,294,495,789,0,1
reference,miss,3519,218,17,235,0,1
reference,hit,3519,280,484,764,0,1
reference,miss,3520,207,17,224,0,1
reference,hit,3520,285,482,767,0,1
reference,miss,3521,218,18,236,0,1
reference,hit,3521,280,490,770,0,1
reference,miss,3522,210,18,228,0,1
reference,hit,3522,280,491,771,0,1
reference,miss,3523,218,18,236,0,1
reference,hit,3523,276,485,761,0,1
reference,miss,3524,208,17,225,0,1
reference,hit,3524,286,492,778,0,1
reference,miss,3525,218,18,236,0,1
reference,hit,3525,282,478,760,0,1
reference,miss,3526,203,19,222,0,1
reference,hit,3526,287,483,770,0,1
reference,miss,3527,219,17,236,0,1
reference,hit,3527,279,493,772,0,1
reference,miss,3528,203,19,222,0,1
reference,hit,3528,286,482,768,0,1
reference,miss,3529,219,18,237,0,1
reference,hit,3529,326,612,938,0,1
reference,miss,3530,207,17,224,0,1
reference,hit,3530,282,494,776,0,1
reference,miss,3531,215,18,233,0,1
reference,hit,3531,289,498,787,0,1
reference,miss,3532,205,17,222,0,1
reference,hit,3532,287,486,773,0,1
reference,miss,3533,217,19,236,0,1
reference,hit,3533,279,501,780,0,1
reference,miss,3534,207,17,224,0,1
reference,hit,3534,289,501,790,0,1
reference,miss,3535,218,17,235,0,1
reference,hit,3535,317,568,885,0,1
reference,miss,3536,206,18,224,0,1
reference,hit,3536,283,488,771,0,1
reference,miss,3537,217,18,235,0,1
reference,hit,3537,279,481,760,0,1
reference,miss,3538,208,19,227,0,1
reference,hit,3538,278,491,769,0,1
reference,miss,3539,217,18,235,0,1
reference,hit,3539,277,487,764,0,1
reference,miss,3540,210,18,228,0,1
reference,hit,3540,281,476,757,0,1
reference,miss,3541,216,17,233,0,1
reference,hit,3541,279,479,758,0,1
reference,miss,3542,210,18,228,0,1
reference,hit,3542,333,601,934,0,1
reference,miss,3543,218,18,236,0,1
reference,hit,3543,289,512,801,0,1
reference,miss,3544,206,19,225,0,1
reference,hit,3544,284,485,769,0,1
reference,miss,3545,218,18,236,0,1
reference,hit,3545,278,476,754,0,1
reference,miss,3546,205,17,222,0,1
reference,hit,3546,285,477,762,0,1
reference,miss,3547,218,17,235,0,1
reference,hit,3547,277,493,770,0,1
reference,miss,3548,202,17,219,0,1
reference,hit,3548,279,486,765,0,1
reference,miss,3549,218,17,235,0,1
reference,hit,3549,276,478,754,0,1
reference,miss,3550,206,19,225,0,1
reference,hit,3550,279,492,771,0,1
reference,miss,3551,222,17,239,0,1
reference,hit,3551,342,649,991,0,1
reference,miss,3552,206,18,224,0,1
reference,hit,3552,283,497,780,0,1
reference,miss,3553,217,17,234,0,1
reference,hit,3553,274,476,750,0,1
reference,miss,3554,203,19,222,0,1
reference,hit,3554,282,507,789,0,1
reference,miss,3555,218,18,236,0,1
reference,hit,3555,276,490,766,0,1
reference,miss,3556,211,17,228,0,1
reference,hit,3556,277,494,771,0,1
reference,miss,3557,218,18,236,0,1
reference,hit,3557,273,486,759,0,1
reference,miss,3558,209,18,227,0,1
reference,hit,3558,286,481,767,0,1
reference,miss,3559,220,19,239,0,1
reference,hit,3559,275,479,754,0,1
reference,miss,3560,209,17,226,0,1
reference,hit,3560,275,480,755,0,1
reference,miss,3561,216,19,235,0,1
reference,hit,3561,277,476,753,0,1
reference,miss,3562,207,17,224,0,1
reference,hit,3562,283,481,764,0,1
reference,miss,3563,219,18,237,0,1
reference,hit,3563,275,474,749,0,1
reference,miss,3564,207,17,224,0,1
reference,hit,3564,279,477,756,0,1
reference,miss,3565,218,17,235,0,1
reference,hit,3565,275,499,774,0,1
reference,miss,3566,209,18,227,0,1
reference,hit,3566,275,500,775,0,1
reference,miss,3567,216,18,234,0,1
reference,hit,3567,270,481,751,0,1
reference,miss,3568,202,18,220,0,1
reference,hit,3568,286,500,786,0,1
reference,miss,3569,217,17,234,0,1
reference,hit,3569,273,499,772,0,1
reference,miss,3570,205,18,223,0,1
reference,hit,3570,278,547,825,0,1
reference,miss,3571,216,18,234,0,1
reference,hit,3571,275,504,779,0,1
reference,miss,3572,210,18,228,0,1
reference,hit,3572,284,498,782,0,1
reference,miss,3573,219,17,236,0,1
reference,hit,3573,342,652,994,0,1
reference,miss,3574,208,18,226,0,1
reference,hit,3574,277,497,774,0,1
reference,miss,3575,219,18,237,0,1
reference,hit,3575,276,480,756,0,1
reference,miss,3576,209,17,226,0,1
reference,hit,3576,273,485,758,0,1
reference,miss,3577,219,19,238,0,1
reference,hit,3577,275,504,779,0,1
reference,miss,3578,207,16,223,0,1
reference,hit,3578,272,524,796,0,1
reference,miss,3579,221,17,238,0,1
reference,hit,3579,282,497,779,0,1
reference,miss,3580,204,18,222,0,1
reference,hit,3580,278,486,764,0,1
reference,miss,3581,219,18,237,0,1
reference,hit,3581,275,482,757,0,1
reference,miss,3582,204,18,222,0,1
reference,hit,3582,283,506,789,0,1
reference,miss,3583,231,836,1067,0,1
reference,hit,3583,282,1648,1930,0,1
reference,miss,3584,216,18,234,0,1
reference,hit,3584,287,505,792,0,1
reference,miss,3585,220,17,237,0,1
reference,hit,3585,283,481,764,0,1
reference,miss,3586,207,17,224,0,1
reference,hit,3586,279,480,759,0,1
reference,miss,3587,220,18,238,0,1
reference,hit,3587,278,494,772,0,1
reference,miss,3588,203,17,220,0,1
reference,hit,3588,281,486,767,0,1
reference,miss,3589,221,19,240,0,1
reference,hit,3589,282,476,758,0,1
reference,miss,3590,206,17,223,0,1
reference,hit,3590,279,482,761,0,1
reference,miss,3591,222,18,240,0,1
reference,hit,3591,278,514,792,0,1
reference,miss,3592,205,17,222,0,1
reference,hit,3592,283,485,768,0,1
reference,miss,3593,220,18,238,0,1
reference,hit,3593,279,490,769,0,1
reference,miss,3594,203,18,221,0,1
reference,hit,3594,283,496,779,0,1
reference,miss,3595,218,19,237,0,1
reference,hit,3595,344,646,990,0,1
reference,miss,3596,212,18,230,0,1
reference,hit,3596,283,487,770,0,1
reference,miss,3597,217,18,235,0,1
reference,hit,3597,279,496,775,0,1
reference,miss,3598,206,17,223,0,1
reference,hit,3598,278,515,793,0,1
reference,miss,3599,221,18,239,0,1
reference,hit,3599,304,559,863,0,1
reference,miss,3600,210,17,227,0,1
reference,hit,3600,277,508,785,0,1
reference,miss,3601,220,18,238,0,1
reference,hit,3601,281,497,778,0,1
reference,miss,3602,204,18,222,0,1
reference,hit,3602,276,490,766,0,1
reference,miss,3603,219,19,238,0,1
reference,hit,3603,283,483,766,0,1
reference,miss,3604,206,18,224,0,1
reference,hit,3604,284,488,772,0,1
reference,miss,3605,219,18,237,0,1
reference,hit,3605,275,486,761,0,1
reference,miss,3606,207,19,226,0,1
reference,hit,3606,279,478,757,0,1
reference,miss,3607,222,19,241,0,1
reference,hit,3607,282,479,761,0,1
reference,miss,3608,209,18,227,0,1
reference,hit,3608,278,477,755,0,1
reference,miss,3609,222,17,239,0,1
reference,hit,3609,280,484,764,0,1
reference,miss,3610,204,18,222,0,1
reference,hit,3610,282,488,770,0,1
reference,miss,3611,219,19,238,0,1
reference,hit,3611,282,506,788,0,1
reference,miss,3612,204,17,221,0,1
reference,hit,3612,279,482,761,0,1
reference,miss,3613,219,19,238,0,1
reference,hit,3613,283,476,759,0,1
reference,miss,3614,205,17,222,0,1
reference,hit,3614,272,482,754,0,1
reference,miss,3615,217,19,236,0,1
reference,hit,3615,279,494,773,0,1
reference,miss,3616,208,18,226,0,1
reference,hit,3616,280,501,781,0,1
reference,miss,3617,223,18,241,0,1
reference,hit,3617,337,624,961,0,1
reference,miss,3618,208,18,226,0,1
reference,hit,3618,285,509,794,0,1
reference,miss,3619,217,17,234,0,1
reference,hit,3619,279,477,756,0,1
reference,miss,3620,207,17,224,0,1
reference,hit,3620,280,491,771,0,1
reference,miss,3621,218,18,236,0,1
reference,hit,3621,278,488,766,0,1
reference,miss,3622,206,19,225,0,1
reference,hit,3622,329,482,811,0,1
reference,miss,3623,217,19,236,0,1
reference,hit,3623,275,481,756,0,1
reference,miss,3624,210,17,227,0,1
reference,hit,3624,277,493,770,0,1
reference,miss,3625,219,18,237,0,1
reference,hit,3625,277,481,758,0,1
reference,miss,3626,205,18,223,0,1
reference,hit,3626,273,491,764,0,1
reference,miss,3627,217,20,237,0,1
reference,hit,3627,277,478,755,0,1
reference,miss,3628,206,18,224,0,1
reference,hit,3628,278,484,762,0,1
reference,miss,3629,217,18,235,0,1
reference,hit,3629,269,481,750,0,1
reference,miss,3630,206,17,223,0,1
reference,hit,3630,278,479,757,0,1
reference,miss,3631,215,18,233,0,1
reference,hit,3631,277,517,794,0,1
reference,miss,3632,207,18,225,0,1
reference,hit,3632,275,501,776,0,1
reference,miss,3633,217,18,235,0,1
reference,hit,3633,271,478,749,0,1
reference,miss,3634,207,18,225,0,1
reference,hit,3634,285,488,773,0,1
reference,miss,3635,219,18,237,0,1
reference,hit,3635,269,477,746,0,1
reference,miss,3636,202,18,220,0,1
reference,hit,3636,274,479,753,0,1
reference,miss,3637,217,19,236,0,1
reference,hit,3637,276,478,754,0,1
reference,miss,3638,208,18,226,0,1
reference,hit,3638,285,480,765,0,1
reference,miss,3639,216,18,234,0,1
reference,hit,3639,341,650,991,0,1
reference,miss,3640,209,17,226,0,1
reference,hit,3640,283,515,798,0,1
reference,miss,3641,221,18,239,0,1
reference,hit,3641,282,492,774,0,1
reference,miss,3642,207,16,223,0,1
reference,hit,3642,282,496,778,0,1
reference,miss,3643,220,18,238,0,1
reference,hit,3643,277,490,767,0,1
reference,miss,3644,206,18,224,0,1
reference,hit,3644,278,505,783,0,1
reference,miss,3645,221,17,238,0,1
reference,hit,3645,283,490,773,0,1
reference,miss,3646,205,19,224,0,1
reference,hit,3646,283,482,765,0,1
reference,miss,3647,220,18,238,0,1
reference,hit,3647,282,522,804,0,1
reference,miss,3648,208,18,226,0,1
reference,hit,3648,279,495,774,0,1
reference,miss,3649,217,18,235,0,1
reference,hit,3649,278,478,756,0,1
reference,miss,3650,208,17,225,0,1
reference,hit,3650,272,492,764,0,1
reference,miss,3651,216,19,235,0,1
reference,hit,3651,276,478,754,0,1
reference,miss,3652,209,17,226,0,1
reference,hit,3652,283,477,760,0,1
reference,miss,3653,216,18,234,0,1
reference,hit,3653,276,490,766,0,1
reference,miss,3654,205,18,223,0,1
reference,hit,3654,278,480,758,0,1
reference,miss,3655,219,18,237,0,1
reference,hit,3655,271,481,752,0,1
reference,miss,3656,212,17,229,0,1
reference,hit,3656,278,496,774,0,1
reference,miss,3657,218,17,235,0,1
reference,hit,3657,299,572,871,0,1
reference,miss,3658,205,17,222,0,1
reference,hit,3658,283,516,799,0,1
reference,miss,3659,218,19,237,0,1
reference,hit,3659,275,493,768,0,1
reference,miss,3660,208,17,225,0,1
reference,hit,3660,283,503,786,0,1
reference,miss,3661,218,18,236,0,1
reference,hit,3661,337,648,985,0,1
reference,miss,3662,208,17,225,0,1
reference,hit,3662,283,489,772,0,1
reference,miss,3663,222,18,240,0,1
reference,hit,3663,281,491,772,0,1
reference,miss,3664,206,17,223,0,1
reference,hit,3664,283,486,769,0,1
reference,miss,3665,217,18,235,0,1
reference,hit,3665,281,479,760,0,1
reference,miss,3666,203,19,222,0,1
reference,hit,3666,281,475,756,0,1
reference,miss,3667,220,18,238,0,1
reference,hit,3667,275,491,766,0,1
reference,miss,3668,204,18,222,0,1
reference,hit,3668,284,487,771,0,1
reference,miss,3669,221,18,239,0,1
reference,hit,3669,281,502,783,0,1
reference,miss,3670,209,19,228,0,1
reference,hit,3670,271,490,761,0,1
reference,miss,3671,219,18,237,0,1
reference,hit,3671,280,490,770,0,1
reference,miss,3672,209,18,227,0,1
reference,hit,3672,287,490,777,0,1
reference,miss,3673,219,18,237,0,1
reference,hit,3673,282,479,761,0,1
reference,miss,3674,204,17,221,0,1
reference,hit,3674,284,479,763,0,1
reference,miss,3675,218,18,236,0,1
reference,hit,3675,280,492,772,0,1
reference,miss,3676,206,18,224,0,1
reference,hit,3676,279,491,770,0,1
reference,miss,3677,220,18,238,0,1
reference,hit,3677,282,477,759,0,1
reference,miss,3678,205,17,222,0,1
reference,hit,3678,280,546,826,0,1
reference,miss,3679,218,18,236,0,1
reference,hit,3679,273,490,763,0,1
reference,miss,3680,207,18,225,0,1
reference,hit,3680,279,489,768,0,1
reference,miss,3681,217,18,235,0,1
reference,hit,3681,275,508,783,0,1
reference,miss,3682,210,18,228,0,1
reference,hit,3682,334,488,822,0,1
reference,miss,3683,218,19,237,0,1
reference,hit,3683,336,654,990,0,1
reference,miss,3684,204,19,223,0,1
reference,hit,3684,284,511,795,0,1
reference,miss,3685,220,18,238,0,1
reference,hit,3685,282,483,765,0,1
reference,miss,3686,206,1215,1421,0,1
reference,hit,3686,302,1245,1547,0,1
reference,miss,3687,217,17,234,0,1
reference,hit,3687,283,494,777,0,1
reference,miss,3688,208,18,226,0,1
reference,hit,3688,281,499,780,0,1
reference,miss,3689,216,18,234,0,1
reference,hit,3689,275,501,776,0,1
reference,miss,3690,208,18,226,0,1
reference,hit,3690,278,485,763,0,1
reference,miss,3691,218,19,237,0,1
reference,hit,3691,274,487,761,0,1
reference,miss,3692,210,18,228,0,1
reference,hit,3692,276,478,754,0,1
reference,miss,3693,215,19,234,0,1
reference,hit,3693,278,482,760,0,1
reference,miss,3694,204,17,221,0,1
reference,hit,3694,282,504,786,0,1
reference,miss,3695,216,18,234,0,1
reference,hit,3695,282,490,772,0,1
reference,miss,3696,208,17,225,0,1
reference,hit,3696,273,484,757,0,1
reference,miss,3697,217,19,236,0,1
reference,hit,3697,277,535,812,0,1
reference,miss,3698,208,19,227,0,1
reference,hit,3698,281,475,756,0,1
reference,miss,3699,220,17,237,0,1
reference,hit,3699,279,485,764,0,1
reference,miss,3700,205,18,223,0,1
reference,hit,3700,281,495,776,0,1
reference,miss,3701,218,18,236,0,1
reference,hit,3701,279,512,791,0,1
reference,miss,3702,208,18,226,0,1
reference,hit,3702,280,496,776,0,1
reference,miss,3703,219,18,237,0,1
reference,hit,3703,278,504,782,0,1
reference,miss,3704,208,19,227,0,1
reference,hit,3704,282,522,804,0,1
reference,miss,3705,223,18,241,0,1
reference,hit,3705,339,612,951,0,1
reference,miss,3706,202,18,220,0,1
reference,hit,3706,283,509,792,0,1
reference,miss,3707,218,17,235,0,1
reference,hit,3707,280,502,782,0,1
reference,miss,3708,207,18,225,0,1
reference,hit,3708,277,496,773,0,1
reference,miss,3709,216,18,234,0,1
reference,hit,3709,275,490,765,0,1
reference,miss,3710,209,17,226,0,1
reference,hit,3710,280,506,786,0,1
reference,miss,3711,217,17,234,0,1
reference,hit,3711,280,489,769,0,1
reference,miss,3712,206,18,224,0,1
reference,hit,3712,344,621,965,0,1
reference,miss,3713,218,18,236,0,1
reference,hit,3713,288,509,797,0,1
reference,miss,3714,204,17,221,0,1
reference,hit,3714,280,490,770,0,1
reference,miss,3715,217,18,235,0,1
reference,hit,3715,282,556,838,0,1
reference,miss,3716,209,18,227,0,1
reference,hit,3716,284,486,770,0,1
reference,miss,3717,220,18,238,0,1
reference,hit,3717,278,488,766,0,1
reference,miss,3718,209,17,226,0,1
reference,hit,3718,283,506,789,0,1
reference,miss,3719,218,17,235,0,1
reference,hit,3719,281,481,762,0,1
reference,miss,3720,205,19,224,0,1
reference,hit,3720,279,484,763,0,1
reference,miss,3721,216,18,234,0,1
reference,hit,3721,280,595,875,0,1
reference,miss,3722,208,18,226,0,1
reference,hit,3722,288,480,768,0,1
reference,miss,3723,216,18,234,0,1
reference,hit,3723,282,493,775,0,1
reference,miss,3724,203,18,221,0,1
reference,hit,3724,283,499,782,0,1
reference,miss,3725,216,18,234,0,1
reference,hit,3725,288,512,800,0,1
reference,miss,3726,208,17,225,0,1
reference,hit,3726,279,501,780,0,1
reference,miss,3727,218,17,235,0,1
reference,hit,3727,332,638,970,0,1
reference,miss,3728,205,17,222,0,1
reference,hit,3728,290,492,782,0,1
reference,miss,3729,280,17,297,0,1
reference,hit,3729,287,498,785,0,1
reference,miss,3730,205,18,223,0,1
reference,hit,3730,413,478,891,0,1
reference,miss,3731,219,18,237,0,1
reference,hit,3731,287,487,774,0,1
reference,miss,3732,202,19,221,0,1
reference,hit,3732,285,500,785,0,1
reference,miss,3733,218,17,235,0,1
reference,hit,3733,289,479,768,0,1
reference,miss,3734,202,18,220,0,1
reference,hit,3734,287,497,784,0,1
reference,miss,3735,219,18,237,0,1
reference,hit,3735,280,486,766,0,1
reference,miss,3736,205,17,222,0,1
reference,hit,3736,286,488,774,0,1
reference,miss,3737,218,18,236,0,1
reference,hit,3737,285,501,786,0,1
reference,miss,3738,205,17,222,0,1
reference,hit,3738,286,485,771,0,1
reference,miss,3739,216,19,235,0,1
reference,hit,3739,288,477,765,0,1
reference,miss,3740,208,18,226,0,1
reference,hit,3740,282,493,775,0,1
reference,miss,3741,220,18,238,0,1
reference,hit,3741,285,505,790,0,1
reference,miss,3742,202,17,219,0,1
reference,hit,3742,286,485,771,0,1
reference,miss,3743,214,19,233,0,1
reference,hit,3743,283,495,778,0,1
reference,miss,3744,200,19,219,0,1
reference,hit,3744,286,485,771,0,1
reference,miss,3745,216,18,234,0,1
reference,hit,3745,281,519,800,0,1
reference,miss,3746,207,17,224,0,1
reference,hit,3746,279,475,754,0,1
reference,miss,3747,217,18,235,0,1
reference,hit,3747,281,493,774,0,1
reference,miss,3748,203,18,221,0,1
reference,hit,3748,280,473,753,0,1
reference,miss,3749,217,18,235,0,1
reference,hit,3749,343,640,983,0,1
reference,miss,3750,208,18,226,0,1
reference,hit,3750,281,483,764,0,1
reference,miss,3751,218,17,235,0,1
reference,hit,3751,280,499,779,0,1
reference,miss,3752,201,17,218,0,1
reference,hit,3752,284,483,767,0,1
reference,miss,3753,218,18,236,0,1
reference,hit,3753,289,488,777,0,1
reference,miss,3754,204,18,222,0,1
reference,hit,3754,280,483,763,0,1
reference,miss,3755,220,18,238,0,1
reference,hit,3755,286,496,782,0,1
reference,miss,3756,205,18,223,0,1
reference,hit,3756,287,490,777,0,1
reference,miss,3757,219,19,238,0,1
reference,hit,3757,286,497,783,0,1
reference,miss,3758,204,18,222,0,1
reference,hit,3758,286,495,781,0,1
reference,miss,3759,213,17,230,0,1
reference,hit,3759,293,480,773,0,1
reference,miss,3760,204,17,221,0,1
reference,hit,3760,283,488,771,0,1
reference,miss,3761,218,18,236,0,1
reference,hit,3761,287,481,768,0,1
reference,miss,3762,206,17,223,0,1
reference,hit,3762,306,536,842,0,1
reference,miss,3763,220,18,238,0,1
reference,hit,3763,284,519,803,0,1
reference,miss,3764,203,19,222,0,1
reference,hit,3764,282,501,783,0,1
reference,miss,3765,216,18,234,0,1
reference,hit,3765,281,500,781,0,1
reference,miss,3766,206,17,223,0,1
reference,hit,3766,286,486,772,0,1
reference,miss,3767,220,18,238,0,1
reference,hit,3767,281,486,767,0,1
reference,miss,3768,204,18,222,0,1
reference,hit,3768,287,483,770,0,1
reference,miss,3769,227,18,245,0,1
reference,hit,3769,356,702,1058,0,1
reference,miss,3770,210,18,228,0,1
reference,hit,3770,287,498,785,0,1
reference,miss,3771,235,19,254,0,1
reference,hit,3771,329,641,970,0,1
reference,miss,3772,210,18,228,0,1
reference,hit,3772,283,538,821,0,1
reference,miss,3773,222,19,241,0,1
reference,hit,3773,291,505,796,0,1
reference,miss,3774,210,18,228,0,1
reference,hit,3774,285,487,772,0,1
reference,miss,3775,220,18,238,0,1
reference,hit,3775,293,500,793,0,1
reference,miss,3776,208,19,227,0,1
reference,hit,3776,285,475,760,0,1
reference,miss,3777,221,18,239,0,1
reference,hit,3777,284,471,755,0,1
reference,miss,3778,205,18,223,0,1
reference,hit,3778,287,490,777,0,1
reference,miss,3779,219,18,237,0,1
reference,hit,3779,286,494,780,0,1
reference,miss,3780,205,18,223,0,1
reference,hit,3780,287,486,773,0,1
reference,miss,3781,219,18,237,0,1
reference,hit,3781,283,472,755,0,1
reference,miss,3782,208,18,226,0,1
reference,hit,3782,280,484,764,0,1
reference,miss,3783,220,17,237,0,1
reference,hit,3783,285,478,763,0,1
reference,miss,3784,204,18,222,0,1
reference,hit,3784,285,484,769,0,1
reference,miss,3785,223,19,242,0,1
reference,hit,3785,289,478,767,0,1
reference,miss,3786,209,17,226,0,1
reference,hit,3786,283,487,770,0,1
reference,miss,3787,221,18,239,0,1
reference,hit,3787,286,506,792,0,1
reference,miss,3788,208,1119,1327,0,1
reference,hit,3788,301,1231,1532,0,1
reference,miss,3789,222,18,240,0,1
reference,hit,3789,292,503,795,0,1
reference,miss,3790,209,19,228,0,1
reference,hit,3790,282,483,765,0,1
reference,miss,3791,223,19,242,0,1
reference,hit,3791,283,483,766,0,1
reference,miss,3792,210,18,228,0,1
reference,hit,3792,297,509,806,0,1
reference,miss,3793,220,18,238,0,1
reference,hit,3793,343,701,1044,0,1
reference,miss,3794,211,18,229,0,1
reference,hit,3794,298,510,808,0,1
reference,miss,3795,225,18,243,0,1
reference,hit,3795,290,500,790,0,1
reference,miss,3796,206,18,224,0,1
reference,hit,3796,290,480,770,0,1
reference,miss,3797,224,18,242,0,1
reference,hit,3797,288,476,764,0,1
reference,miss,3798,205,18,223,0,1
reference,hit,3798,288,477,765,0,1
reference,miss,3799,222,17,239,0,1
reference,hit,3799,287,478,765,0,1
reference,miss,3800,204,18,222,0,1
reference,hit,3800,289,474,763,0,1
reference,miss,3801,224,18,242,0,1
reference,hit,3801,292,513,805,0,1
reference,miss,3802,205,18,223,0,1
reference,hit,3802,289,476,765,0,1
reference,miss,3803,220,18,238,0,1
reference,hit,3803,291,483,774,0,1
reference,miss,3804,209,18,227,0,1
reference,hit,3804,284,519,803,0,1
reference,miss,3805,220,19,239,0,1
reference,hit,3805,286,486,772,0,1
reference,miss,3806,205,19,224,0,1
reference,hit,3806,283,476,759,0,1
reference,miss,3807,222,18,240,0,1
reference,hit,3807,287,484,771,0,1
reference,miss,3808,211,18,229,0,1
reference,hit,3808,292,482,774,0,1
reference,miss,3809,222,18,240,0,1
reference,hit,3809,281,492,773,0,1
reference,miss,3810,205,18,223,0,1
reference,hit,3810,287,481,768,0,1
reference,miss,3811,222,18,240,0,1
reference,hit,3811,285,479,764,0,1
reference,miss,3812,208,18,226,0,1
reference,hit,3812,288,476,764,0,1
reference,miss,3813,222,17,239,0,1
reference,hit,3813,285,495,780,0,1
reference,miss,3814,210,19,229,0,1
reference,hit,3814,287,485,772,0,1
reference,miss,3815,225,18,243,0,1
reference,hit,3815,342,647,989,0,1
reference,miss,3816,206,16,222,0,1
reference,hit,3816,283,487,770,0,1
reference,miss,3817,220,18,238,0,1
reference,hit,3817,282,477,759,0,1
reference,miss,3818,208,17,225,0,1
reference,hit,3818,289,505,794,0,1
reference,miss,3819,221,17,238,0,1
reference,hit,3819,287,475,762,0,1
reference,miss,3820,208,19,227,0,1
reference,hit,3820,283,480,763,0,1
reference,miss,3821,220,17,237,0,1
reference,hit,3821,287,484,771,0,1
reference,miss,3822,207,19,226,0,1
reference,hit,3822,284,494,778,0,1
reference,miss,3823,223,18,241,0,1
reference,hit,3823,283,481,764,0,1
reference,miss,3824,207,17,224,0,1
reference,hit,3824,289,485,774,0,1
reference,miss,3825,218,17,235,0,1
reference,hit,3825,314,588,902,0,1
reference,miss,3826,206,19,225,0,1
reference,hit,3826,283,509,792,0,1
reference,miss,3827,218,19,237,0,1
reference,hit,3827,289,498,787,0,1
reference,miss,3828,209,17,226,0,1
reference,hit,3828,292,489,781,0,1
reference,miss,3829,218,19,237,0,1
reference,hit,3829,278,480,758,0,1
reference,miss,3830,209,17,226,0,1
reference,hit,3830,292,486,778,0,1
reference,miss,3831,216,17,233,0,1
reference,hit,3831,286,503,789,0,1
reference,miss,3832,201,19,220,0,1
reference,hit,3832,289,504,793,0,1
reference,miss,3833,218,18,236,0,1
reference,hit,3833,286,511,797,0,1
reference,miss,3834,205,17,222,0,1
reference,hit,3834,291,507,798,0,1
reference,miss,3835,218,18,236,0,1
reference,hit,3835,294,490,784,0,1
reference,miss,3836,211,18,229,0,1
reference,hit,3836,288,486,774,0,1
reference,miss,3837,217,19,236,0,1
reference,hit,3837,350,654,1004,0,1
reference,miss,3838,207,18,225,0,1
reference,hit,3838,289,520,809,0,1
reference,miss,3839,218,19,237,0,1
reference,hit,3839,291,494,785,0,1
reference,miss,3840,208,17,225,0,1
reference,hit,3840,290,494,784,0,1
reference,miss,3841,220,18,238,0,1
reference,hit,3841,291,479,770,0,1
reference,miss,3842,208,18,226,0,1
reference,hit,3842,291,489,780,0,1
reference,miss,3843,218,19,237,0,1
reference,hit,3843,291,493,784,0,1
reference,miss,3844,210,18,228,0,1
reference,hit,3844,296,482,778,0,1
reference,miss,3845,219,17,236,0,1
reference,hit,3845,286,492,778,0,1
reference,miss,3846,208,19,227,0,1
reference,hit,3846,289,482,771,0,1
reference,miss,3847,219,17,236,0,1
reference,hit,3847,291,506,797,0,1
reference,miss,3848,205,18,223,0,1
reference,hit,3848,286,503,789,0,1
reference,miss,3849,217,18,235,0,1
reference,hit,3849,291,492,783,0,1
reference,miss,3850,207,19,226,0,1
reference,hit,3850,287,488,775,0,1
reference,miss,3851,217,18,235,0,1
reference,hit,3851,292,479,771,0,1
reference,miss,3852,206,17,223,0,1
reference,hit,3852,284,485,769,0,1
reference,miss,3853,215,19,234,0,1
reference,hit,3853,283,488,771,0,1
reference,miss,3854,207,17,224,0,1
reference,hit,3854,283,481,764,0,1
reference,miss,3855,216,19,235,0,1
reference,hit,3855,280,486,766,0,1
reference,miss,3856,208,19,227,0,1
reference,hit,3856,286,496,782,0,1
reference,miss,3857,218,18,236,0,1
reference,hit,3857,286,479,765,0,1
reference,miss,3858,204,17,221,0,1
reference,hit,3858,280,498,778,0,1
reference,miss,3859,219,17,236,0,1
reference,hit,3859,341,662,1003,0,1
reference,miss,3860,204,18,222,0,1
reference,hit,3860,283,497,780,0,1
reference,miss,3861,218,19,237,0,1
reference,hit,3861,288,521,809,0,1
reference,miss,3862,202,18,220,0,1
reference,hit,3862,282,513,795,0,1
reference,miss,3863,216,19,235,0,1
reference,hit,3863,290,507,797,0,1
reference,miss,3864,203,18,221,0,1
reference,hit,3864,286,488,774,0,1
reference,miss,3865,216,18,234,0,1
reference,hit,3865,287,493,780,0,1
reference,miss,3866,205,17,222,0,1
reference,hit,3866,291,496,787,0,1
reference,miss,3867,219,18,237,0,1
reference,hit,3867,292,509,801,0,1
reference,miss,3868,209,17,226,0,1
reference,hit,3868,291,484,775,0,1
reference,miss,3869,219,18,237,0,1
reference,hit,3869,288,488,776,0,1
reference,miss,3870,203,18,221,0,1
reference,hit,3870,282,495,777,0,1
reference,miss,3871,219,17,236,0,1
reference,hit,3871,288,493,781,0,1
reference,miss,3872,205,18,223,0,1
reference,hit,3872,290,488,778,0,1
reference,miss,3873,216,17,233,0,1
reference,hit,3873,281,477,758,0,1
reference,miss,3874,206,19,225,0,1
reference,hit,3874,286,480,766,0,1
reference,miss,3875,217,18,235,0,1
reference,hit,3875,289,502,791,0,1
reference,miss,3876,206,18,224,0,1
reference,hit,3876,285,490,775,0,1
reference,miss,3877,219,17,236,0,1
reference,hit,3877,288,492,780,0,1
reference,miss,3878,211,18,229,0,1
reference,hit,3878,284,495,779,0,1
reference,miss,3879,220,18,238,0,1
reference,hit,3879,290,500,790,0,1
reference,miss,3880,208,17,225,0,1
reference,hit,3880,286,513,799,0,1
reference,miss,3881,215,19,234,0,1
reference,hit,3881,337,639,976,0,1
reference,miss,3882,204,17,221,0,1
reference,hit,3882,355,651,1006,0,1
reference,miss,3883,217,19,236,0,1
reference,hit,3883,290,519,809,0,1
reference,miss,3884,206,18,224,0,1
reference,hit,3884,282,494,776,0,1
reference,miss,3885,215,18,233,0,1
reference,hit,3885,286,499,785,0,1
reference,miss,3886,209,17,226,0,1
reference,hit,3886,289,520,809,0,1
reference,miss,3887,218,18,236,0,1
reference,hit,3887,284,483,767,0,1
reference,miss,3888,209,17,226,0,1
reference,hit,3888,288,490,778,0,1
reference,miss,3889,219,18,237,0,1
reference,hit,3889,287,489,776,0,1
reference,miss,3890,208,18,226,0,1
reference,hit,3890,297,492,789,0,1
reference,miss,3891,222,19,241,0,1
reference,hit,3891,302,495,797,0,1
reference,miss,3892,206,19,225,0,1
reference,hit,3892,286,492,778,0,1
reference,miss,3893,222,18,240,0,1
reference,hit,3893,294,485,779,0,1
reference,miss,3894,208,18,226,0,1
reference,hit,3894,290,502,792,0,1
reference,miss,3895,220,18,238,0,1
reference,hit,3895,294,495,789,0,1
reference,miss,3896,205,18,223,0,1
reference,hit,3896,283,482,765,0,1
reference,miss,3897,219,19,238,0,1
reference,hit,3897,289,490,779,0,1
reference,miss,3898,209,17,226,0,1
reference,hit,3898,285,484,769,0,1
reference,miss,3899,219,17,236,0,1
reference,hit,3899,294,511,805,0,1
reference,miss,3900,204,17,221,0,1
reference,hit,3900,285,480,765,0,1
reference,miss,3901,221,18,239,0,1
reference,hit,3901,292,488,780,0,1
reference,miss,3902,203,19,222,0,1
reference,hit,3902,286,502,788,0,1
reference,miss,3903,215,18,233,0,1
reference,hit,3903,346,625,971,0,1
reference,miss,3904,208,18,226,0,1
reference,hit,3904,285,518,803,0,1
reference,miss,3905,217,19,236,0,1
reference,hit,3905,290,509,799,0,1
reference,miss,3906,208,18,226,0,1
reference,hit,3906,288,488,776,0,1
reference,miss,3907,220,17,237,0,1
reference,hit,3907,289,487,776,0,1
reference,miss,3908,206,17,223,0,1
reference,hit,3908,287,492,779,0,1
reference,miss,3909,223,17,240,0,1
reference,hit,3909,282,485,767,0,1
reference,miss,3910,204,19,223,0,1
reference,hit,3910,285,477,762,0,1
reference,miss,3911,217,19,236,0,1
reference,hit,3911,291,499,790,0,1
reference,miss,3912,206,18,224,0,1
reference,hit,3912,285,507,792,0,1
reference,miss,3913,220,18,238,0,1
reference,hit,3913,294,495,789,0,1
reference,miss,3914,203,18,221,0,1
reference,hit,3914,286,488,774,0,1
reference,miss,3915,219,18,237,0,1
reference,hit,3915,294,478,772,0,1
reference,miss,3916,203,17,220,0,1
reference,hit,3916,287,496,783,0,1
reference,miss,3917,220,17,237,0,1
reference,hit,3917,293,501,794,0,1
reference,miss,3918,203,18,221,0,1
reference,hit,3918,281,482,763,0,1
reference,miss,3919,220,18,238,0,1
reference,hit,3919,294,481,775,0,1
reference,miss,3920,204,17,221,0,1
reference,hit,3920,289,482,771,0,1
reference,miss,3921,220,18,238,0,1
reference,hit,3921,295,531,826,0,1
reference,miss,3922,206,17,223,0,1
reference,hit,3922,293,536,829,0,1
reference,miss,3923,219,18,237,0,1
reference,hit,3923,287,501,788,0,1
reference,miss,3924,205,17,222,0,1
reference,hit,3924,282,492,774,0,1
reference,miss,3925,216,18,234,0,1
reference,hit,3925,322,637,959,0,1
reference,miss,3926,207,18,225,0,1
reference,hit,3926,285,494,779,0,1
reference,miss,3927,220,17,237,0,1
reference,hit,3927,288,486,774,0,1
reference,miss,3928,202,17,219,0,1
reference,hit,3928,287,501,788,0,1
reference,miss,3929,221,17,238,0,1
reference,hit,3929,288,486,774,0,1
reference,miss,3930,205,18,223,0,1
reference,hit,3930,288,505,793,0,1
reference,miss,3931,221,17,238,0,1
reference,hit,3931,290,505,795,0,1
reference,miss,3932,204,19,223,0,1
reference,hit,3932,284,480,764,0,1
reference,miss,3933,220,18,238,0,1
reference,hit,3933,291,486,777,0,1
reference,miss,3934,206,17,223,0,1
reference,hit,3934,284,485,769,0,1
reference,miss,3935,219,18,237,0,1
reference,hit,3935,281,485,766,0,1
reference,miss,3936,211,17,228,0,1
reference,hit,3936,280,481,761,0,1
reference,miss,3937,216,18,234,0,1
reference,hit,3937,280,500,780,0,1
reference,miss,3938,207,18,225,0,1
reference,hit,3938,289,490,779,0,1
reference,miss,3939,219,17,236,0,1
reference,hit,3939,285,486,771,0,1
reference,miss,3940,207,18,225,0,1
reference,hit,3940,349,611,960,0,1
reference,miss,3941,218,17,235,0,1
reference,hit,3941,296,474,770,0,1
reference,miss,3942,202,17,219,0,1
reference,hit,3942,285,491,776,0,1
reference,miss,3943,219,17,236,0,1
reference,hit,3943,296,473,769,0,1
reference,miss,3944,203,17,220,0,1
reference,hit,3944,290,499,789,0,1
reference,miss,3945,218,17,235,0,1
reference,hit,3945,292,482,774,0,1
reference,miss,3946,202,19,221,0,1
reference,hit,3946,291,487,778,0,1
reference,miss,3947,223,19,242,0,1
reference,hit,3947,342,631,973,0,1
reference,miss,3948,202,18,220,0,1
reference,hit,3948,287,474,761,0,1
reference,miss,3949,220,18,238,0,1
reference,hit,3949,287,472,759,0,1
reference,miss,3950,206,18,224,0,1
reference,hit,3950,280,482,762,0,1
reference,miss,3951,221,18,239,0,1
reference,hit,3951,288,490,778,0,1
reference,miss,3952,210,17,227,0,1
reference,hit,3952,283,489,772,0,1
reference,miss,3953,219,17,236,0,1
reference,hit,3953,283,532,815,0,1
reference,miss,3954,203,19,222,0,1
reference,hit,3954,286,484,770,0,1
reference,miss,3955,221,17,238,0,1
reference,hit,3955,282,470,752,0,1
reference,miss,3956,204,17,221,0,1
reference,hit,3956,286,472,758,0,1
reference,miss,3957,219,19,238,0,1
reference,hit,3957,290,488,778,0,1
reference,miss,3958,205,16,221,0,1
reference,hit,3958,279,467,746,0,1
reference,miss,3959,220,18,238,0,1
reference,hit,3959,290,478,768,0,1
reference,miss,3960,203,17,220,0,1
reference,hit,3960,279,499,778,0,1
reference,miss,3961,218,17,235,0,1
reference,hit,3961,288,480,768,0,1
reference,miss,3962,202,18,220,0,1
reference,hit,3962,280,475,755,0,1
reference,miss,3963,219,18,237,0,1
reference,hit,3963,288,490,778,0,1
reference,miss,3964,203,17,220,0,1
reference,hit,3964,287,480,767,0,1
reference,miss,3965,220,19,239,0,1
reference,hit,3965,283,481,764,0,1
reference,miss,3966,203,19,222,0,1
reference,hit,3966,279,482,761,0,1
reference,miss,3967,216,17,233,0,1
reference,hit,3967,285,486,771,0,1
reference,miss,3968,209,17,226,0,1
reference,hit,3968,284,496,780,0,1
reference,miss,3969,223,18,241,0,1
reference,hit,3969,340,653,993,0,1
reference,miss,3970,202,17,219,0,1
reference,hit,3970,291,519,810,0,1
reference,miss,3971,218,18,236,0,1
reference,hit,3971,290,474,764,0,1
reference,miss,3972,205,17,222,0,1
reference,hit,3972,291,477,768,0,1
reference,miss,3973,221,18,239,0,1
reference,hit,3973,284,469,753,0,1
reference,miss,3974,204,17,221,0,1
reference,hit,3974,281,476,757,0,1
reference,miss,3975,217,18,235,0,1
reference,hit,3975,291,474,765,0,1
reference,miss,3976,207,19,226,0,1
reference,hit,3976,279,472,751,0,1
reference,miss,3977,219,19,238,0,1
reference,hit,3977,285,474,759,0,1
reference,miss,3978,205,18,223,0,1
reference,hit,3978,285,479,764,0,1
reference,miss,3979,220,18,238,0,1
reference,hit,3979,288,493,781,0,1
reference,miss,3980,204,17,221,0,1
reference,hit,3980,289,469,758,0,1
reference,miss,3981,215,19,234,0,1
reference,hit,3981,292,508,800,0,1
reference,miss,3982,207,18,225,0,1
reference,hit,3982,288,483,771,0,1
reference,miss,3983,218,18,236,0,1
reference,hit,3983,282,472,754,0,1
reference,miss,3984,205,18,223,0,1
reference,hit,3984,284,475,759,0,1
reference,miss,3985,219,18,237,0,1
reference,hit,3985,289,475,764,0,1
reference,miss,3986,207,18,225,0,1
reference,hit,3986,291,498,789,0,1
reference,miss,3987,218,18,236,0,1
reference,hit,3987,282,464,746,0,1
reference,miss,3988,202,18,220,0,1
reference,hit,3988,283,493,776,0,1
reference,miss,3989,222,18,240,0,1
reference,hit,3989,309,519,828,0,1
reference,miss,3990,208,17,225,0,1
reference,hit,3990,287,493,780,0,1
reference,miss,3991,225,19,244,0,1
reference,hit,3991,331,632,963,0,1
reference,miss,3992,205,17,222,0,1
reference,hit,3992,283,513,796,0,1
reference,miss,3993,225,829,1054,0,1
reference,hit,3993,286,1536,1822,0,1
reference,miss,3994,219,17,236,0,1
reference,hit,3994,297,496,793,0,1
reference,miss,3995,219,18,237,0,1
reference,hit,3995,288,480,768,0,1
reference,miss,3996,209,18,227,0,1
reference,hit,3996,298,527,825,0,1
reference,miss,3997,221,18,239,0,1
reference,hit,3997,289,488,777,0,1
reference,miss,3998,204,18,222,0,1
reference,hit,3998,287,495,782,0,1
reference,miss,3999,215,17,232,0,1
reference,hit,3999,283,487,770,0,1
reference,miss,4000,203,18,221,0,1
reference,hit,4000,289,487,776,0,1
reference,miss,4001,219,17,236,0,1
reference,hit,4001,279,509,788,0,1
reference,miss,4002,204,19,223,0,1
reference,hit,4002,290,482,772,0,1
reference,miss,4003,218,17,235,0,1
reference,hit,4003,285,483,768,0,1
reference,miss,4004,205,19,224,0,1
reference,hit,4004,289,476,765,0,1
reference,miss,4005,217,17,234,0,1
reference,hit,4005,284,501,785,0,1
reference,miss,4006,208,18,226,0,1
reference,hit,4006,289,502,791,0,1
reference,miss,4007,216,18,234,0,1
reference,hit,4007,285,488,773,0,1
reference,miss,4008,206,18,224,0,1
reference,hit,4008,286,476,762,0,1
reference,miss,4009,216,18,234,0,1
reference,hit,4009,282,488,770,0,1
reference,miss,4010,209,17,226,0,1
reference,hit,4010,284,485,769,0,1
reference,miss,4011,220,18,238,0,1
reference,hit,4011,286,498,784,0,1
reference,miss,4012,204,17,221,0,1
reference,hit,4012,287,479,766,0,1
reference,miss,4013,226,18,244,0,1
reference,hit,4013,349,693,1042,0,1
reference,miss,4014,210,18,228,0,1
reference,hit,4014,279,499,778,0,1
reference,miss,4015,219,19,238,0,1
reference,hit,4015,285,507,792,0,1
reference,miss,4016,208,16,224,0,1
reference,hit,4016,286,512,798,0,1
reference,miss,4017,218,18,236,0,1
reference,hit,4017,288,485,773,0,1
reference,miss,4018,204,19,223,0,1
reference,hit,4018,287,491,778,0,1
reference,miss,4019,217,18,235,0,1
reference,hit,4019,284,503,787,0,1
reference,miss,4020,201,18,219,0,1
reference,hit,4020,289,490,779,0,1
reference,miss,4021,219,17,236,0,1
reference,hit,4021,289,483,772,0,1
reference,miss,4022,203,17,220,0,1
reference,hit,4022,291,484,775,0,1
reference,miss,4023,218,18,236,0,1
reference,hit,4023,283,500,783,0,1
reference,miss,4024,209,17,226,0,1
reference,hit,4024,281,481,762,0,1
reference,miss,4025,218,19,237,0,1
reference,hit,4025,288,481,769,0,1
reference,miss,4026,203,19,222,0,1
reference,hit,4026,287,505,792,0,1
reference,miss,4027,218,17,235,0,1
reference,hit,4027,289,517,806,0,1
reference,miss,4028,204,18,222,0,1
reference,hit,4028,282,478,760,0,1
reference,miss,4029,219,18,237,0,1
reference,hit,4029,282,482,764,0,1
reference,miss,4030,204,19,223,0,1
reference,hit,4030,283,497,780,0,1
reference,miss,4031,218,18,236,0,1
reference,hit,4031,288,482,770,0,1
reference,miss,4032,208,17,225,0,1
reference,hit,4032,291,491,782,0,1
reference,miss,4033,217,18,235,0,1
reference,hit,4033,283,480,763,0,1
reference,miss,4034,210,17,227,0,1
reference,hit,4034,281,488,769,0,1
reference,miss,4035,225,17,242,0,1
reference,hit,4035,325,641,966,0,1
reference,miss,4036,211,18,229,0,1
reference,hit,4036,286,501,787,0,1
reference,miss,4037,222,18,240,0,1
reference,hit,4037,290,493,783,0,1
reference,miss,4038,206,17,223,0,1
reference,hit,4038,281,494,775,0,1
reference,miss,4039,225,17,242,0,1
reference,hit,4039,287,481,768,0,1
reference,miss,4040,208,17,225,0,1
reference,hit,4040,287,496,783,0,1
reference,miss,4041,219,18,237,0,1
reference,hit,4041,287,503,790,0,1
reference,miss,4042,204,18,222,0,1
reference,hit,4042,281,485,766,0,1
reference,miss,4043,219,17,236,0,1
reference,hit,4043,284,476,760,0,1
reference,miss,4044,205,18,223,0,1
reference,hit,4044,285,486,771,0,1
reference,miss,4045,219,18,237,0,1
reference,hit,4045,288,488,776,0,1
reference,miss,4046,206,18,224,0,1
reference,hit,4046,286,480,766,0,1
reference,miss,4047,222,18,240,0,1
reference,hit,4047,282,491,773,0,1
reference,miss,4048,202,19,221,0,1
reference,hit,4048,284,482,766,0,1
reference,miss,4049,219,19,238,0,1
reference,hit,4049,288,498,786,0,1
reference,miss,4050,210,17,227,0,1
reference,hit,4050,282,477,759,0,1
reference,miss,4051,219,18,237,0,1
reference,hit,4051,288,482,770,0,1
reference,miss,4052,205,17,222,0,1
reference,hit,4052,355,598,953,0,1
reference,miss,4053,224,18,242,0,1
reference,hit,4053,296,506,802,0,1
reference,miss,4054,210,17,227,0,1
reference,hit,4054,281,479,760,0,1
reference,miss,4055,215,18,233,0,1
reference,hit,4055,282,476,758,0,1
reference,miss,4056,208,18,226,0,1
reference,hit,4056,279,477,756,0,1
reference,miss,4057,218,18,236,0,1
reference,hit,4057,341,635,976,0,1
reference,miss,4058,207,17,224,0,1
reference,hit,4058,285,489,774,0,1
reference,miss,4059,216,18,234,0,1
reference,hit,4059,282,489,771,0,1
reference,miss,4060,208,18,226,0,1
reference,hit,4060,280,511,791,0,1
reference,miss,4061,217,18,235,0,1
reference,hit,4061,270,478,748,0,1
reference,miss,4062,205,18,223,0,1
reference,hit,4062,284,481,765,0,1
reference,miss,4063,216,18,234,0,1
reference,hit,4063,283,481,764,0,1
reference,miss,4064,207,18,225,0,1
reference,hit,4064,283,476,759,0,1
reference,miss,4065,215,18,233,0,1
reference,hit,4065,278,476,754,0,1
reference,miss,4066,207,18,225,0,1
reference,hit,4066,279,470,749,0,1
reference,miss,4067,220,18,238,0,1
reference,hit,4067,277,479,756,0,1
reference,miss,4068,206,18,224,0,1
reference,hit,4068,285,480,765,0,1
reference,miss,4069,218,17,235,0,1
reference,hit,4069,278,491,769,0,1
reference,miss,4070,206,18,224,0,1
reference,hit,4070,276,477,753,0,1
reference,miss,4071,216,17,233,0,1
reference,hit,4071,274,505,779,0,1
reference,miss,4072,204,18,222,0,1
reference,hit,4072,283,491,774,0,1
reference,miss,4073,217,19,236,0,1
reference,hit,4073,278,498,776,0,1
reference,miss,4074,204,18,222,0,1
reference,hit,4074,280,486,766,0,1
reference,miss,4075,217,17,234,0,1
reference,hit,4075,275,477,752,0,1
reference,miss,4076,207,17,224,0,1
reference,hit,4076,286,482,768,0,1
reference,miss,4077,220,19,239,0,1
reference,hit,4077,273,479,752,0,1
reference,miss,4078,209,17,226,0,1
reference,hit,4078,279,479,758,0,1
reference,miss,4079,216,19,235,0,1
reference,hit,4079,350,639,989,0,1
reference,miss,4080,207,18,225,0,1
reference,hit,4080,282,488,770,0,1
reference,miss,4081,218,18,236,0,1
reference,hit,4081,283,538,821,0,1
reference,miss,4082,206,18,224,0,1
reference,hit,4082,278,483,761,0,1
reference,miss,4083,216,17,233,0,1
reference,hit,4083,282,475,757,0,1
reference,miss,4084,204,17,221,0,1
reference,hit,4084,283,475,758,0,1
reference,miss,4085,221,18,239,0,1
reference,hit,4085,281,487,768,0,1
reference,miss,4086,206,18,224,0,1
reference,hit,4086,281,481,762,0,1
reference,miss,4087,218,17,235,0,1
reference,hit,4087,282,498,780,0,1
reference,miss,4088,206,17,223,0,1
reference,hit,4088,283,499,782,0,1
reference,miss,4089,217,18,235,0,1
reference,hit,4089,282,482,764,0,1
reference,miss,4090,208,18,226,0,1
reference,hit,4090,277,486,763,0,1
reference,miss,4091,219,17,236,0,1
reference,hit,4091,280,484,764,0,1
reference,miss,4092,207,17,224,0,1
reference,hit,4092,281,479,760,0,1
reference,miss,4093,219,18,237,0,1
reference,hit,4093,279,481,760,0,1
reference,miss,4094,205,18,223,0,1
reference,hit,4094,281,501,782,0,1
reference,miss,4095,222,841,1063,0,1
reference,hit,4095,282,1424,1706,0,1
reference,miss,4096,219,18,237,0,1
reference,hit,4096,284,471,755,0,1
reference,miss,4097,217,18,235,0,1
reference,hit,4097,279,484,763,0,1
reference,miss,4098,205,18,223,0,1
reference,hit,4098,279,483,762,0,1
reference,miss,4099,218,19,237,0,1
reference,hit,4099,279,491,770,0,1
reference,miss,4100,202,19,221,0,1
reference,hit,4100,286,484,770,0,1
reference,miss,4101,223,18,241,0,1
reference,hit,4101,328,648,976,0,1
reference,miss,4102,202,17,219,0,1
reference,hit,4102,279,490,769,0,1
reference,miss,4103,217,18,235,0,1
reference,hit,4103,285,488,773,0,1
reference,miss,4104,206,17,223,0,1
reference,hit,4104,282,474,756,0,1
reference,miss,4105,219,17,236,0,1
reference,hit,4105,281,480,761,0,1
reference,miss,4106,205,17,222,0,1
reference,hit,4106,277,474,751,0,1
reference,miss,4107,216,19,235,0,1
reference,hit,4107,285,481,766,0,1
reference,miss,4108,205,18,223,0,1
reference,hit,4108,341,619,960,0,1
reference,miss,4109,218,19,237,0,1
reference,hit,4109,282,480,762,0,1
reference,miss,4110,203,19,222,0,1
reference,hit,4110,285,473,758,0,1
reference,miss,4111,217,18,235,0,1
reference,hit,4111,278,474,752,0,1
reference,miss,4112,203,18,221,0,1
reference,hit,4112,283,476,759,0,1
reference,miss,4113,216,18,234,0,1
reference,hit,4113,277,477,754,0,1
reference,miss,4114,210,17,227,0,1
reference,hit,4114,284,487,771,0,1
reference,miss,4115,219,18,237,0,1
reference,hit,4115,279,476,755,0,1
reference,miss,4116,202,19,221,0,1
reference,hit,4116,283,476,759,0,1
reference,miss,4117,218,18,236,0,1
reference,hit,4117,278,476,754,0,1
reference,miss,4118,203,18,221,0,1
reference,hit,4118,283,478,761,0,1
reference,miss,4119,219,17,236,0,1
reference,hit,4119,277,506,783,0,1
reference,miss,4120,209,18,227,0,1
reference,hit,4120,278,475,753,0,1
reference,miss,4121,216,18,234,0,1
reference,hit,4121,277,480,757,0,1
reference,miss,4122,210,19,229,0,1
reference,hit,4122,284,475,759,0,1
reference,miss,4123,223,17,240,0,1
reference,hit,4123,349,638,987,0,1
reference,miss,4124,207,18,225,0,1
reference,hit,4124,279,500,779,0,1
reference,miss,4125,219,18,237,0,1
reference,hit,4125,285,488,773,0,1
reference,miss,4126,205,17,222,0,1
reference,hit,4126,284,497,781,0,1
reference,miss,4127,216,18,234,0,1
reference,hit,4127,282,484,766,0,1
reference,miss,4128,209,18,227,0,1
reference,hit,4128,283,476,759,0,1
reference,miss,4129,217,18,235,0,1
reference,hit,4129,279,482,761,0,1
reference,miss,4130,209,18,227,0,1
reference,hit,4130,280,492,772,0,1
reference,miss,4131,215,19,234,0,1
reference,hit,4131,277,478,755,0,1
reference,miss,4132,205,17,222,0,1
reference,hit,4132,280,484,764,0,1
reference,miss,4133,217,17,234,0,1
reference,hit,4133,275,486,761,0,1
reference,miss,4134,207,18,225,0,1
reference,hit,4134,284,513,797,0,1
reference,miss,4135,216,19,235,0,1
reference,hit,4135,277,490,767,0,1
reference,miss,4136,211,17,228,0,1
reference,hit,4136,280,482,762,0,1
reference,miss,4137,217,18,235,0,1
reference,hit,4137,278,483,761,0,1
reference,miss,4138,205,17,222,0,1
reference,hit,4138,285,484,769,0,1
reference,miss,4139,218,19,237,0,1
reference,hit,4139,275,484,759,0,1
reference,miss,4140,205,19,224,0,1
reference,hit,4140,278,481,759,0,1
reference,miss,4141,215,19,234,0,1
reference,hit,4141,272,496,768,0,1
reference,miss,4142,209,18,227,0,1
reference,hit,4142,278,482,760,0,1
reference,miss,4143,217,17,234,0,1
reference,hit,4143,276,482,758,0,1
reference,miss,4144,210,18,228,0,1
reference,hit,4144,281,488,769,0,1
reference,miss,4145,223,17,240,0,1
reference,hit,4145,334,656,990,0,1
reference,miss,4146,208,17,225,0,1
reference,hit,4146,285,496,781,0,1
reference,miss,4147,216,17,233,0,1
reference,hit,4147,282,476,758,0,1
reference,miss,4148,207,18,225,0,1
reference,hit,4148,274,475,749,0,1
reference,miss,4149,216,18,234,0,1
reference,hit,4149,277,470,747,0,1
reference,miss,4150,210,18,228,0,1
reference,hit,4150,280,473,753,0,1
reference,miss,4151,220,18,238,0,1
reference,hit,4151,277,480,757,0,1
reference,miss,4152,203,17,220,0,1
reference,hit,4152,285,482,767,0,1
reference,miss,4153,216,19,235,0,1
reference,hit,4153,276,474,750,0,1
reference,miss,4154,208,18,226,0,1
reference,hit,4154,285,487,772,0,1
reference,miss,4155,215,19,234,0,1
reference,hit,4155,274,472,746,0,1
reference,miss,4156,208,18,226,0,1
reference,hit,4156,283,474,757,0,1
reference,miss,4157,216,19,235,0,1
reference,hit,4157,273,480,753,0,1
reference,miss,4158,202,19,221,0,1
reference,hit,4158,285,501,786,0,1
reference,miss,4159,217,17,234,0,1
reference,hit,4159,282,471,753,0,1
reference,miss,4160,203,17,220,0,1
reference,hit,4160,284,480,764,0,1
reference,miss,4161,216,20,236,0,1
reference,hit,4161,279,483,762,0,1
reference,miss,4162,202,18,220,0,1
reference,hit,4162,284,477,761,0,1
reference,miss,4163,233,18,251,0,1
reference,hit,4163,276,3779,4055,0,1
reference,miss,4164,210,19,229,0,1
reference,hit,4164,284,499,783,0,1
reference,miss,4165,220,18,238,0,1
reference,hit,4165,283,481,764,0,1
reference,miss,4166,208,18,226,0,1
reference,hit,4166,286,475,761,0,1
reference,miss,4167,222,18,240,0,1
reference,hit,4167,333,617,950,0,1
reference,miss,4168,206,19,225,0,1
reference,hit,4168,287,483,770,0,1
reference,miss,4169,216,17,233,0,1
reference,hit,4169,295,499,794,0,1
reference,miss,4170,204,17,221,0,1
reference,hit,4170,286,489,775,0,1
reference,miss,4171,220,18,238,0,1
reference,hit,4171,288,481,769,0,1
reference,miss,4172,202,18,220,0,1
reference,hit,4172,284,485,769,0,1
reference,miss,4173,221,17,238,0,1
reference,hit,4173,294,483,777,0,1
reference,miss,4174,204,18,222,0,1
reference,hit,4174,296,490,786,0,1
reference,miss,4175,218,17,235,0,1
reference,hit,4175,299,482,781,0,1
reference,miss,4176,203,17,220,0,1
reference,hit,4176,293,496,789,0,1
reference,miss,4177,218,17,235,0,1
reference,hit,4177,295,477,772,0,1
reference,miss,4178,206,19,225,0,1
reference,hit,4178,295,480,775,0,1
reference,miss,4179,216,18,234,0,1
reference,hit,4179,299,478,777,0,1
reference,miss,4180,205,17,222,0,1
reference,hit,4180,292,484,776,0,1
reference,miss,4181,216,18,234,0,1
reference,hit,4181,294,476,770,0,1
reference,miss,4182,207,19,226,0,1
reference,hit,4182,291,481,772,0,1
reference,miss,4183,218,18,236,0,1
reference,hit,4183,295,477,772,0,1
reference,miss,4184,203,18,221,0,1
reference,hit,4184,287,477,764,0,1
reference,miss,4185,216,17,233,0,1
reference,hit,4185,292,500,792,0,1
reference,miss,4186,203,18,221,0,1
reference,hit,4186,291,480,771,0,1
reference,miss,4187,217,18,235,0,1
reference,hit,4187,287,471,758,0,1
reference,miss,4188,203,18,221,0,1
reference,hit,4188,286,474,760,0,1
reference,miss,4189,221,19,240,0,1
reference,hit,4189,327,657,984,0,1
reference,miss,4190,204,18,222,0,1
reference,hit,4190,287,479,766,0,1
reference,miss,4191,220,17,237,0,1
reference,hit,4191,297,491,788,0,1
reference,miss,4192,212,18,230,0,1
reference,hit,4192,287,503,790,0,1
reference,miss,4193,218,18,236,0,1
reference,hit,4193,289,505,794,0,1
reference,miss,4194,210,19,229,0,1
reference,hit,4194,292,488,780,0,1
reference,miss,4195,217,19,236,0,1
reference,hit,4195,289,491,780,0,1
reference,miss,4196,210,18,228,0,1
reference,hit,4196,287,489,776,0,1
reference,miss,4197,215,17,232,0,1
reference,hit,4197,289,488,777,0,1
reference,miss,4198,206,1135,1341,0,1
reference,hit,4198,305,1266,1571,0,1
reference,miss,4199,218,18,236,0,1
reference,hit,4199,295,492,787,0,1
reference,miss,4200,203,19,222,0,1
reference,hit,4200,290,478,768,0,1
reference,miss,4201,214,18,232,0,1
reference,hit,4201,288,488,776,0,1
reference,miss,4202,203,18,221,0,1
reference,hit,4202,286,478,764,0,1
reference,miss,4203,216,18,234,0,1
reference,hit,4203,288,476,764,0,1
reference,miss,4204,203,18,221,0,1
reference,hit,4204,286,470,756,0,1
reference,miss,4205,216,18,234,0,1
reference,hit,4205,289,479,768,0,1
reference,miss,4206,209,18,227,0,1
reference,hit,4206,290,497,787,0,1
reference,miss,4207,215,19,234,0,1
reference,hit,4207,285,500,785,0,1
reference,miss,4208,209,18,227,0,1
reference,hit,4208,283,527,810,0,1
reference,miss,4209,218,18,236,0,1
reference,hit,4209,284,475,759,0,1
reference,miss,4210,205,18,223,0,1
reference,hit,4210,289,498,787,0,1
reference,miss,4211,217,18,235,0,1
reference,hit,4211,334,630,964,0,1
reference,miss,4212,234,18,252,0,1
reference,hit,4212,292,563,855,0,1
reference,miss,4213,218,19,237,0,1
reference,hit,4213,285,507,792,0,1
reference,miss,4214,207,18,225,0,1
reference,hit,4214,285,548,833,0,1
reference,miss,4215,214,17,231,0,1
reference,hit,4215,282,513,795,0,1
reference,miss,4216,204,18,222,0,1
reference,hit,4216,282,482,764,0,1
reference,miss,4217,216,18,234,0,1
reference,hit,4217,280,489,769,0,1
reference,miss,4218,206,17,223,0,1
reference,hit,4218,332,598,930,0,1
reference,miss,4219,223,19,242,0,1
reference,hit,4219,281,502,783,0,1
reference,miss,4220,209,18,227,0,1
reference,hit,4220,278,479,757,0,1
reference,miss,4221,218,17,235,0,1
reference,hit,4221,284,480,764,0,1
reference,miss,4222,209,19,228,0,1
reference,hit,4222,280,480,760,0,1
reference,miss,4223,216,18,234,0,1
reference,hit,4223,282,500,782,0,1
reference,miss,4224,209,18,227,0,1
reference,hit,4224,280,495,775,0,1
reference,miss,4225,217,19,236,0,1
reference,hit,4225,274,480,754,0,1
reference,miss,4226,208,18,226,0,1
reference,hit,4226,281,473,754,0,1
reference,miss,4227,217,18,235,0,1
reference,hit,4227,287,496,783,0,1
reference,miss,4228,208,18,226,0,1
reference,hit,4228,281,484,765,0,1
reference,miss,4229,215,18,233,0,1
reference,hit,4229,283,505,788,0,1
reference,miss,4230,204,19,223,0,1
reference,hit,4230,276,487,763,0,1
reference,miss,4231,217,18,235,0,1
reference,hit,4231,275,488,763,0,1
reference,miss,4232,205,17,222,0,1
reference,hit,4232,282,477,759,0,1
reference,miss,4233,216,17,233,0,1
reference,hit,4233,340,681,1021,0,1
reference,miss,4234,205,18,223,0,1
reference,hit,4234,286,498,784,0,1
reference,miss,4235,221,17,238,0,1
reference,hit,4235,287,492,779,0,1
reference,miss,4236,204,17,221,0,1
reference,hit,4236,286,480,766,0,1
reference,miss,4237,219,17,236,0,1
reference,hit,4237,285,486,771,0,1
reference,miss,4238,204,18,222,0,1
reference,hit,4238,284,478,762,0,1
reference,miss,4239,215,16,231,0,1
reference,hit,4239,288,495,783,0,1
reference,miss,4240,207,18,225,0,1
reference,hit,4240,285,479,764,0,1
reference,miss,4241,215,18,233,0,1
reference,hit,4241,288,475,763,0,1
reference,miss,4242,204,17,221,0,1
reference,hit,4242,280,490,770,0,1
reference,miss,4243,218,18,236,0,1
reference,hit,4243,283,484,767,0,1
reference,miss,4244,204,18,222,0,1
reference,hit,4244,285,480,765,0,1
reference,miss,4245,212,18,230,0,1
reference,hit,4245,287,480,767,0,1
reference,miss,4246,203,17,220,0,1
reference,hit,4246,285,477,762,0,1
reference,miss,4247,221,18,239,0,1
reference,hit,4247,290,477,767,0,1
reference,miss,4248,204,18,222,0,1
reference,hit,4248,283,477,760,0,1
reference,miss,4249,218,18,236,0,1
reference,hit,4249,287,472,759,0,1
reference,miss,4250,202,18,220,0,1
reference,hit,4250,279,484,763,0,1
reference,miss,4251,219,18,237,0,1
reference,hit,4251,284,477,761,0,1
reference,miss,4252,205,19,224,0,1
reference,hit,4252,285,480,765,0,1
reference,miss,4253,219,18,237,0,1
reference,hit,4253,284,484,768,0,1
reference,miss,4254,209,17,226,0,1
reference,hit,4254,278,479,757,0,1
reference,miss,4255,216,18,234,0,1
reference,hit,4255,341,655,996,0,1
reference,miss,4256,204,18,222,0,1
reference,hit,4256,284,486,770,0,1
reference,miss,4257,220,18,238,0,1
reference,hit,4257,282,471,753,0,1
reference,miss,4258,203,18,221,0,1
reference,hit,4258,285,500,785,0,1
reference,miss,4259,216,18,234,0,1
reference,hit,4259,283,474,757,0,1
reference,miss,4260,203,17,220,0,1
reference,hit,4260,284,489,773,0,1
reference,miss,4261,220,17,237,0,1
reference,hit,4261,282,500,782,0,1
reference,miss,4262,204,18,222,0,1
reference,hit,4262,284,473,757,0,1
reference,miss,4263,218,19,237,0,1
reference,hit,4263,290,478,768,0,1
reference,miss,4264,205,18,223,0,1
reference,hit,4264,284,500,784,0,1
reference,miss,4265,219,18,237,0,1
reference,hit,4265,282,483,765,0,1
reference,miss,4266,203,17,220,0,1
reference,hit,4266,283,488,771,0,1
reference,miss,4267,218,18,236,0,1
reference,hit,4267,282,485,767,0,1
reference,miss,4268,204,18,222,0,1
reference,hit,4268,285,488,773,0,1
reference,miss,4269,220,17,237,0,1
reference,hit,4269,286,495,781,0,1
reference,miss,4270,202,18,220,0,1
reference,hit,4270,284,476,760,0,1
reference,miss,4271,219,18,237,0,1
reference,hit,4271,289,476,765,0,1
reference,miss,4272,206,19,225,0,1
reference,hit,4272,285,486,771,0,1
reference,miss,4273,219,17,236,0,1
reference,hit,4273,289,489,778,0,1
reference,miss,4274,205,18,223,0,1
reference,hit,4274,306,573,879,0,1
reference,miss,4275,218,18,236,0,1
reference,hit,4275,287,511,798,0,1
reference,miss,4276,210,17,227,0,1
reference,hit,4276,290,524,814,0,1
reference,miss,4277,218,18,236,0,1
reference,hit,4277,339,629,968,0,1
reference,miss,4278,206,18,224,0,1
reference,hit,4278,287,489,776,0,1
reference,miss,4279,220,18,238,0,1
reference,hit,4279,285,493,778,0,1
reference,miss,4280,205,19,224,0,1
reference,hit,4280,285,496,781,0,1
reference,miss,4281,216,19,235,0,1
reference,hit,4281,286,493,779,0,1
reference,miss,4282,204,17,221,0,1
reference,hit,4282,282,493,775,0,1
reference,miss,4283,219,18,237,0,1
reference,hit,4283,284,509,793,0,1
reference,miss,4284,204,19,223,0,1
reference,hit,4284,279,484,763,0,1
reference,miss,4285,215,18,233,0,1
reference,hit,4285,287,487,774,0,1
reference,miss,4286,203,18,221,0,1
reference,hit,4286,280,505,785,0,1
reference,miss,4287,216,17,233,0,1
reference,hit,4287,277,478,755,0,1
reference,miss,4288,209,18,227,0,1
reference,hit,4288,281,487,768,0,1
reference,miss,4289,217,17,234,0,1
reference,hit,4289,280,486,766,0,1
reference,miss,4290,201,18,219,0,1
reference,hit,4290,279,485,764,0,1
reference,miss,4291,216,19,235,0,1
reference,hit,4291,276,487,763,0,1
reference,miss,4292,205,18,223,0,1
reference,hit,4292,285,497,782,0,1
reference,miss,4293,216,18,234,0,1
reference,hit,4293,284,501,785,0,1
reference,miss,4294,206,19,225,0,1
reference,hit,4294,278,492,770,0,1
reference,miss,4295,218,18,236,0,1
reference,hit,4295,278,492,770,0,1
reference,miss,4296,207,19,226,0,1
reference,hit,4296,277,499,776,0,1
reference,miss,4297,217,18,235,0,1
reference,hit,4297,281,484,765,0,1
reference,miss,4298,208,18,226,0,1
reference,hit,4298,277,474,751,0,1
reference,miss,4299,217,18,235,0,1
reference,hit,4299,336,642,978,0,1
reference,miss,4300,208,922,1130,0,1
reference,hit,4300,303,1228,1531,0,1
reference,miss,4301,217,18,235,0,1
reference,hit,4301,286,485,771,0,1
reference,miss,4302,208,18,226,0,1
reference,hit,4302,277,505,782,0,1
reference,miss,4303,215,17,232,0,1
reference,hit,4303,284,496,780,0,1
reference,miss,4304,201,18,219,0,1
reference,hit,4304,288,480,768,0,1
reference,miss,4305,215,19,234,0,1
reference,hit,4305,280,484,764,0,1
reference,miss,4306,210,17,227,0,1
reference,hit,4306,288,489,777,0,1
reference,miss,4307,215,18,233,0,1
reference,hit,4307,285,485,770,0,1
reference,miss,4308,207,18,225,0,1
reference,hit,4308,286,487,773,0,1
reference,miss,4309,217,17,234,0,1
reference,hit,4309,282,491,773,0,1
reference,miss,4310,209,18,227,0,1
reference,hit,4310,286,481,767,0,1
reference,miss,4311,222,17,239,0,1
reference,hit,4311,284,493,777,0,1
reference,miss,4312,210,18,228,0,1
reference,hit,4312,291,483,774,0,1
reference,miss,4313,214,18,232,0,1
reference,hit,4313,274,472,746,0,1
reference,miss,4314,208,18,226,0,1
reference,hit,4314,275,489,764,0,1
reference,miss,4315,217,18,235,0,1
reference,hit,4315,345,500,845,0,1
reference,miss,4316,208,17,225,0,1
reference,hit,4316,288,488,776,0,1
reference,miss,4317,217,17,234,0,1
reference,hit,4317,276,476,752,0,1
reference,miss,4318,208,18,226,0,1
reference,hit,4318,288,488,776,0,1
reference,miss,4319,216,18,234,0,1
reference,hit,4319,279,484,763,0,1
reference,miss,4320,206,18,224,0,1
reference,hit,4320,281,513,794,0,1
reference,miss,4321,215,19,234,0,1
reference,hit,4321,336,643,979,0,1
reference,miss,4322,209,18,227,0,1
reference,hit,4322,287,504,791,0,1
reference,miss,4323,219,17,236,0,1
reference,hit,4323,279,507,786,0,1
reference,miss,4324,207,17,224,0,1
reference,hit,4324,281,503,784,0,1
reference,miss,4325,217,18,235,0,1
reference,hit,4325,277,482,759,0,1
reference,miss,4326,206,18,224,0,1
reference,hit,4326,286,545,831,0,1
reference,miss,4327,220,18,238,0,1
reference,hit,4327,310,634,944,0,1
reference,miss,4328,204,18,222,0,1
reference,hit,4328,284,491,775,0,1
reference,miss,4329,217,19,236,0,1
reference,hit,4329,323,510,833,0,1
reference,miss,4330,204,19,223,0,1
reference,hit,4330,282,494,776,0,1
reference,miss,4331,219,18,237,0,1
reference,hit,4331,274,496,770,0,1
reference,miss,4332,209,17,226,0,1
reference,hit,4332,282,486,768,0,1
reference,miss,4333,218,17,235,0,1
reference,hit,4333,279,486,765,0,1
reference,miss,4334,202,17,219,0,1
reference,hit,4334,282,484,766,0,1
reference,miss,4335,217,17,234,0,1
reference,hit,4335,280,473,753,0,1
reference,miss,4336,207,17,224,0,1
reference,hit,4336,275,535,810,0,1
reference,miss,4337,218,18,236,0,1
reference,hit,4337,282,500,782,0,1
reference,miss,4338,207,18,225,0,1
reference,hit,4338,273,483,756,0,1
reference,miss,4339,221,17,238,0,1
reference,hit,4339,284,478,762,0,1
reference,miss,4340,208,18,226,0,1
reference,hit,4340,282,492,774,0,1
reference,miss,4341,219,19,238,0,1
reference,hit,4341,283,471,754,0,1
reference,miss,4342,202,17,219,0,1
reference,hit,4342,283,485,768,0,1
reference,miss,4343,226,17,243,0,1
reference,hit,4343,321,663,984,0,1
reference,miss,4344,211,18,229,0,1
reference,hit,4344,282,506,788,0,1
reference,miss,4345,218,18,236,0,1
reference,hit,4345,287,498,785,0,1
reference,miss,4346,204,18,222,0,1
reference,hit,4346,284,486,770,0,1
reference,miss,4347,218,17,235,0,1
reference,hit,4347,288,499,787,0,1
reference,miss,4348,204,18,222,0,1
reference,hit,4348,281,475,756,0,1
reference,miss,4349,217,18,235,0,1
reference,hit,4349,286,492,778,0,1
reference,miss,4350,203,18,221,0,1
reference,hit,4350,284,483,767,0,1
reference,miss,4351,219,18,237,0,1
reference,hit,4351,279,479,758,0,1
reference,miss,4352,206,17,223,0,1
reference,hit,4352,285,477,762,0,1
reference,miss,4353,214,17,231,0,1
reference,hit,4353,290,503,793,0,1
reference,miss,4354,209,19,228,0,1
reference,hit,4354,285,499,784,0,1
reference,miss,4355,218,17,235,0,1
reference,hit,4355,281,484,765,0,1
reference,miss,4356,206,18,224,0,1
reference,hit,4356,283,487,770,0,1
reference,miss,4357,214,17,231,0,1
reference,hit,4357,281,481,762,0,1
reference,miss,4358,202,19,221,0,1
reference,hit,4358,280,479,759,0,1
reference,miss,4359,217,18,235,0,1
reference,hit,4359,282,480,762,0,1
reference,miss,4360,207,17,224,0,1
reference,hit,4360,279,499,778,0,1
reference,miss,4361,215,18,233,0,1
reference,hit,4361,277,497,774,0,1
reference,miss,4362,209,18,227,0,1
reference,hit,4362,281,489,770,0,1
reference,miss,4363,214,18,232,0,1
reference,hit,4363,276,492,768,0,1
reference,miss,4364,205,17,222,0,1
reference,hit,4364,279,506,785,0,1
reference,miss,4365,221,19,240,0,1
reference,hit,4365,319,628,947,0,1
reference,miss,4366,205,17,222,0,1
reference,hit,4366,280,505,785,0,1
reference,miss,4367,216,18,234,0,1
reference,hit,4367,283,480,763,0,1
reference,miss,4368,204,18,222,0,1
reference,hit,4368,284,480,764,0,1
reference,miss,4369,216,17,233,0,1
reference,hit,4369,273,482,755,0,1
reference,miss,4370,205,18,223,0,1
reference,hit,4370,279,487,766,0,1
reference,miss,4371,217,18,235,0,1
reference,hit,4371,282,482,764,0,1
reference,miss,4372,208,19,227,0,1
reference,hit,4372,280,496,776,0,1
reference,miss,4373,216,19,235,0,1
reference,hit,4373,272,494,766,0,1
reference,miss,4374,209,19,228,0,1
reference,hit,4374,280,478,758,0,1
reference,miss,4375,215,18,233,0,1
reference,hit,4375,274,487,761,0,1
reference,miss,4376,210,17,227,0,1
reference,hit,4376,277,471,748,0,1
reference,miss,4377,217,17,234,0,1
reference,hit,4377,273,494,767,0,1
reference,miss,4378,209,18,227,0,1
reference,hit,4378,280,475,755,0,1
reference,miss,4379,217,19,236,0,1
reference,hit,4379,278,486,764,0,1
reference,miss,4380,211,19,230,0,1
reference,hit,4380,275,495,770,0,1
reference,miss,4381,216,17,233,0,1
reference,hit,4381,280,484,764,0,1
reference,miss,4382,203,18,221,0,1
reference,hit,4382,281,488,769,0,1
reference,miss,4383,224,18,242,0,1
reference,hit,4383,321,631,952,0,1
reference,miss,4384,210,17,227,0,1
reference,hit,4384,299,490,789,0,1
reference,miss,4385,216,18,234,0,1
reference,hit,4385,294,484,778,0,1
reference,miss,4386,202,18,220,0,1
reference,hit,4386,288,499,787,0,1
reference,miss,4387,217,17,234,0,1
reference,hit,4387,328,633,961,0,1
reference,miss,4388,210,17,227,0,1
reference,hit,4388,284,490,774,0,1
reference,miss,4389,221,17,238,0,1
reference,hit,4389,291,540,831,0,1
reference,miss,4390,204,18,222,0,1
reference,hit,4390,282,514,796,0,1
reference,miss,4391,221,17,238,0,1
reference,hit,4391,292,486,778,0,1
reference,miss,4392,203,18,221,0,1
reference,hit,4392,284,504,788,0,1
reference,miss,4393,218,18,236,0,1
reference,hit,4393,291,506,797,0,1
reference,miss,4394,203,18,221,0,1
reference,hit,4394,324,631,955,0,1
reference,miss,4395,218,18,236,0,1
reference,hit,4395,295,491,786,0,1
reference,miss,4396,207,18,225,0,1
reference,hit,4396,284,515,799,0,1
reference,miss,4397,220,17,237,0,1
reference,hit,4397,287,495,782,0,1
reference,miss,4398,211,17,228,0,1
reference,hit,4398,289,485,774,0,1
reference,miss,4399,219,17,236,0,1
reference,hit,4399,283,486,769,0,1
reference,miss,4400,206,19,225,0,1
reference,hit,4400,287,486,773,0,1
reference,miss,4401,220,18,238,0,1
reference,hit,4401,294,486,780,0,1
reference,miss,4402,211,18,229,0,1
reference,hit,4402,296,501,797,0,1
reference,miss,4403,217,18,235,0,1
reference,hit,4403,291,508,799,0,1
reference,miss,4404,205,17,222,0,1
reference,hit,4404,286,493,779,0,1
reference,miss,4405,216,18,234,0,1
reference,hit,4405,283,487,770,0,1
reference,miss,4406,207,18,225,0,1
reference,hit,4406,288,490,778,0,1
reference,miss,4407,215,18,233,0,1
reference,hit,4407,287,515,802,0,1
reference,miss,4408,203,18,221,0,1
reference,hit,4408,282,518,800,0,1
reference,miss,4409,219,17,236,0,1
reference,hit,4409,344,667,1011,0,1
reference,miss,4410,210,17,227,0,1
reference,hit,4410,283,507,790,0,1
reference,miss,4411,224,18,242,0,1
reference,hit,4411,294,485,779,0,1
reference,miss,4412,204,17,221,0,1
reference,hit,4412,285,493,778,0,1
reference,miss,4413,220,18,238,0,1
reference,hit,4413,291,487,778,0,1
reference,miss,4414,206,17,223,0,1
reference,hit,4414,286,486,772,0,1
reference,miss,4415,218,19,237,0,1
reference,hit,4415,294,476,770,0,1
reference,miss,4416,209,19,228,0,1
reference,hit,4416,288,498,786,0,1
reference,miss,4417,215,19,234,0,1
reference,hit,4417,289,475,764,0,1
reference,miss,4418,203,18,221,0,1
reference,hit,4418,286,484,770,0,1
reference,miss,4419,214,17,231,0,1
reference,hit,4419,288,486,774,0,1
reference,miss,4420,204,17,221,0,1
reference,hit,4420,287,507,794,0,1
reference,miss,4421,217,18,235,0,1
reference,hit,4421,286,486,772,0,1
reference,miss,4422,204,18,222,0,1
reference,hit,4422,288,494,782,0,1
reference,miss,4423,216,19,235,0,1
reference,hit,4423,287,495,782,0,1
reference,miss,4424,206,17,223,0,1
reference,hit,4424,291,492,783,0,1
reference,miss,4425,216,18,234,0,1
reference,hit,4425,281,484,765,0,1
reference,miss,4426,205,16,221,0,1
reference,hit,4426,283,488,771,0,1
reference,miss,4427,214,18,232,0,1
reference,hit,4427,285,488,773,0,1
reference,miss,4428,203,17,220,0,1
reference,hit,4428,286,492,778,0,1
reference,miss,4429,216,18,234,0,1
reference,hit,4429,284,485,769,0,1
reference,miss,4430,209,18,227,0,1
reference,hit,4430,288,477,765,0,1
reference,miss,4431,231,18,249,0,1
reference,hit,4431,414,830,1244,0,1
reference,miss,4432,212,18,230,0,1
reference,hit,4432,284,537,821,0,1
reference,miss,4433,219,17,236,0,1
reference,hit,4433,284,500,784,0,1
reference,miss,4434,205,18,223,0,1
reference,hit,4434,285,512,797,0,1
reference,miss,4435,218,18,236,0,1
reference,hit,4435,288,488,776,0,1
reference,miss,4436,203,19,222,0,1
reference,hit,4436,286,481,767,0,1
reference,miss,4437,218,18,236,0,1
reference,hit,4437,277,501,778,0,1
reference,miss,4438,204,18,222,0,1
reference,hit,4438,319,575,894,0,1
reference,miss,4439,219,18,237,0,1
reference,hit,4439,293,507,800,0,1
reference,miss,4440,207,17,224,0,1
reference,hit,4440,286,481,767,0,1
reference,miss,4441,221,17,238,0,1
reference,hit,4441,291,490,781,0,1
reference,miss,4442,205,19,224,0,1
reference,hit,4442,290,527,817,0,1
reference,miss,4443,216,18,234,0,1
reference,hit,4443,289,492,781,0,1
reference,miss,4444,204,19,223,0,1
reference,hit,4444,288,489,777,0,1
reference,miss,4445,217,18,235,0,1
reference,hit,4445,284,499,783,0,1
reference,miss,4446,202,18,220,0,1
reference,hit,4446,286,480,766,0,1
reference,miss,4447,217,17,234,0,1
reference,hit,4447,293,483,776,0,1
reference,miss,4448,206,19,225,0,1
reference,hit,4448,287,490,777,0,1
reference,miss,4449,219,18,237,0,1
reference,hit,4449,286,492,778,0,1
reference,miss,4450,208,19,227,0,1
reference,hit,4450,284,485,769,0,1
reference,miss,4451,217,18,235,0,1
reference,hit,4451,278,492,770,0,1
reference,miss,4452,209,18,227,0,1
reference,hit,4452,287,486,773,0,1
reference,miss,4453,223,17,240,0,1
reference,hit,4453,358,675,1033,0,1
reference,miss,4454,203,17,220,0,1
reference,hit,4454,279,555,834,0,1
reference,miss,4455,219,17,236,0,1
reference,hit,4455,281,507,788,0,1
reference,miss,4456,205,18,223,0,1
reference,hit,4456,277,517,794,0,1
reference,miss,4457,216,18,234,0,1
reference,hit,4457,281,494,775,0,1
reference,miss,4458,204,18,222,0,1
reference,hit,4458,285,499,784,0,1
reference,miss,4459,217,18,235,0,1
reference,hit,4459,285,509,794,0,1
reference,miss,4460,204,17,221,0,1
reference,hit,4460,284,499,783,0,1
reference,miss,4461,218,18,236,0,1
reference,hit,4461,282,510,792,0,1
reference,miss,4462,203,19,222,0,1
reference,hit,4462,277,484,761,0,1
reference,miss,4463,218,19,237,0,1
reference,hit,4463,285,526,811,0,1
reference,miss,4464,204,17,221,0,1
reference,hit,4464,274,531,805,0,1
reference,miss,4465,217,19,236,0,1
reference,hit,4465,284,483,767,0,1
reference,miss,4466,205,18,223,0,1
reference,hit,4466,286,492,778,0,1
reference,miss,4467,216,18,234,0,1
reference,hit,4467,285,526,811,0,1
reference,miss,4468,205,17,222,0,1
reference,hit,4468,286,492,778,0,1
reference,miss,4469,217,18,235,0,1
reference,hit,4469,283,488,771,0,1
reference,miss,4470,202,18,220,0,1
reference,hit,4470,286,496,782,0,1
reference,miss,4471,218,17,235,0,1
reference,hit,4471,288,524,812,0,1
reference,miss,4472,205,17,222,0,1
reference,hit,4472,287,504,791,0,1
reference,miss,4473,215,17,232,0,1
reference,hit,4473,281,512,793,0,1
reference,miss,4474,205,18,223,0,1
reference,hit,4474,280,497,777,0,1
reference,miss,4475,223,19,242,0,1
reference,hit,4475,333,676,1009,0,1
reference,miss,4476,213,17,230,0,1
reference,hit,4476,288,524,812,0,1
reference,miss,4477,220,18,238,0,1
reference,hit,4477,285,490,775,0,1
reference,miss,4478,202,17,219,0,1
reference,hit,4478,281,502,783,0,1
reference,miss,4479,216,18,234,0,1
reference,hit,4479,283,487,770,0,1
reference,miss,4480,206,17,223,0,1
reference,hit,4480,279,488,767,0,1
reference,miss,4481,215,18,233,0,1
reference,hit,4481,276,491,767,0,1
reference,miss,4482,207,17,224,0,1
reference,hit,4482,280,502,782,0,1
reference,miss,4483,218,18,236,0,1
reference,hit,4483,277,476,753,0,1
reference,miss,4484,205,18,223,0,1
reference,hit,4484,278,484,762,0,1
reference,miss,4485,216,17,233,0,1
reference,hit,4485,272,483,755,0,1
reference,miss,4486,204,18,222,0,1
reference,hit,4486,281,492,773,0,1
reference,miss,4487,216,17,233,0,1
reference,hit,4487,283,485,768,0,1
reference,miss,4488,208,18,226,0,1
reference,hit,4488,286,484,770,0,1
reference,miss,4489,215,17,232,0,1
reference,hit,4489,275,511,786,0,1
reference,miss,4490,206,17,223,0,1
reference,hit,4490,281,488,769,0,1
reference,miss,4491,215,18,233,0,1
reference,hit,4491,280,479,759,0,1
reference,miss,4492,202,18,220,0,1
reference,hit,4492,287,491,778,0,1
reference,miss,4493,218,17,235,0,1
reference,hit,4493,291,571,862,0,1
reference,miss,4494,204,18,222,0,1
reference,hit,4494,283,518,801,0,1
reference,miss,4495,214,19,233,0,1
reference,hit,4495,279,485,764,0,1
reference,miss,4496,211,17,228,0,1
reference,hit,4496,278,482,760,0,1
reference,miss,4497,223,19,242,0,1
reference,hit,4497,321,668,989,0,1
reference,miss,4498,210,16,226,0,1
reference,hit,4498,282,505,787,0,1
reference,miss,4499,220,17,237,0,1
reference,hit,4499,285,506,791,0,1
reference,miss,4500,203,17,220,0,1
reference,hit,4500,286,518,804,0,1
reference,miss,4501,219,18,237,0,1
reference,hit,4501,287,483,770,0,1
reference,miss,4502,205,16,221,0,1
reference,hit,4502,284,489,773,0,1
reference,miss,4503,219,17,236,0,1
reference,hit,4503,286,490,776,0,1
reference,miss,4504,205,18,223,0,1
reference,hit,4504,285,482,767,0,1
reference,miss,4505,225,833,1058,0,1
reference,hit,4505,285,1542,1827,0,1
reference,miss,4506,221,17,238,0,1
reference,hit,4506,285,504,789,0,1
reference,miss,4507,221,17,238,0,1
reference,hit,4507,284,500,784,0,1
reference,miss,4508,208,19,227,0,1
reference,hit,4508,277,483,760,0,1
reference,miss,4509,218,18,236,0,1
reference,hit,4509,291,488,779,0,1
reference,miss,4510,206,17,223,0,1
reference,hit,4510,284,506,790,0,1
reference,miss,4511,213,18,231,0,1
reference,hit,4511,293,504,797,0,1
reference,miss,4512,202,17,219,0,1
reference,hit,4512,282,480,762,0,1
reference,miss,4513,215,17,232,0,1
reference,hit,4513,280,488,768,0,1
reference,miss,4514,206,17,223,0,1
reference,hit,4514,271,480,751,0,1
reference,miss,4515,215,18,233,0,1
reference,hit,4515,278,479,757,0,1
reference,miss,4516,206,18,224,0,1
reference,hit,4516,279,480,759,0,1
reference,miss,4517,220,17,237,0,1
reference,hit,4517,279,492,771,0,1
reference,miss,4518,207,18,225,0,1
reference,hit,4518,280,492,772,0,1
reference,miss,4519,218,18,236,0,1
reference,hit,4519,325,666,991,0,1
reference,miss,4520,205,19,224,0,1
reference,hit,4520,285,553,838,0,1
reference,miss,4521,217,18,235,0,1
reference,hit,4521,288,509,797,0,1
reference,miss,4522,204,18,222,0,1
reference,hit,4522,285,497,782,0,1
reference,miss,4523,216,18,234,0,1
reference,hit,4523,284,503,787,0,1
reference,miss,4524,201,19,220,0,1
reference,hit,4524,281,484,765,0,1
reference,miss,4525,220,18,238,0,1
reference,hit,4525,284,509,793,0,1
reference,miss,4526,202,18,220,0,1
reference,hit,4526,276,492,768,0,1
reference,miss,4527,219,18,237,0,1
reference,hit,4527,287,514,801,0,1
reference,miss,4528,203,18,221,0,1
reference,hit,4528,284,506,790,0,1
reference,miss,4529,217,18,235,0,1
reference,hit,4529,293,495,788,0,1
reference,miss,4530,202,18,220,0,1
reference,hit,4530,282,484,766,0,1
reference,miss,4531,213,17,230,0,1
reference,hit,4531,293,497,790,0,1
reference,miss,4532,204,18,222,0,1
reference,hit,4532,288,522,810,0,1
reference,miss,4533,215,19,234,0,1
reference,hit,4533,287,487,774,0,1
reference,miss,4534,209,18,227,0,1
reference,hit,4534,286,491,777,0,1
reference,miss,4535,219,18,237,0,1
reference,hit,4535,286,509,795,0,1
reference,miss,4536,204,18,222,0,1
reference,hit,4536,284,486,770,0,1
reference,miss,4537,216,18,234,0,1
reference,hit,4537,282,494,776,0,1
reference,miss,4538,202,17,219,0,1
reference,hit,4538,285,501,786,0,1
reference,miss,4539,222,17,239,0,1
reference,hit,4539,282,501,783,0,1
reference,miss,4540,206,18,224,0,1
reference,hit,4540,278,488,766,0,1
reference,miss,4541,216,18,234,0,1
reference,hit,4541,343,616,959,0,1
reference,miss,4542,206,18,224,0,1
reference,hit,4542,288,508,796,0,1
reference,miss,4543,217,18,235,0,1
reference,hit,4543,286,520,806,0,1
reference,miss,4544,206,17,223,0,1
reference,hit,4544,285,493,778,0,1
reference,miss,4545,214,19,233,0,1
reference,hit,4545,280,479,759,0,1
reference,miss,4546,209,18,227,0,1
reference,hit,4546,285,491,776,0,1
reference,miss,4547,213,19,232,0,1
reference,hit,4547,285,484,769,0,1
reference,miss,4548,202,18,220,0,1
reference,hit,4548,282,487,769,0,1
reference,miss,4549,4201,18,4219,0,1
reference,hit,4549,276,517,793,0,1
reference,miss,4550,212,17,229,0,1
reference,hit,4550,409,641,1050,0,1
reference,miss,4551,216,18,234,0,1
reference,hit,4551,597,2294,2891,0,1
reference,miss,4552,201,18,219,0,1
reference,hit,4552,588,895,1483,0,1
reference,miss,4553,216,17,233,0,1
reference,hit,4553,283,507,790,0,1
reference,miss,4554,202,18,220,0,1
reference,hit,4554,341,774,1115,0,1
reference,miss,4555,218,18,236,0,1
reference,hit,4555,288,485,773,0,1
reference,miss,4556,207,17,224,0,1
reference,hit,4556,395,678,1073,0,1
reference,miss,4557,213,18,231,0,1
reference,hit,4557,291,479,770,0,1
reference,miss,4558,204,17,221,0,1
reference,hit,4558,280,479,759,0,1
reference,miss,4559,217,19,236,0,1
reference,hit,4559,281,476,757,0,1
reference,miss,4560,208,17,225,0,1
reference,hit,4560,284,685,969,0,1
reference,miss,4561,218,18,236,0,1
reference,hit,4561,1355,473,1828,0,1
reference,miss,4562,205,17,222,0,1
reference,hit,4562,285,491,776,0,1
reference,miss,4563,224,17,241,0,1
reference,hit,4563,336,1204,1540,0,1
reference,miss,4564,212,18,230,0,1
reference,hit,4564,429,593,1022,0,1
reference,miss,4565,219,18,237,0,1
reference,hit,4565,280,495,775,0,1
reference,miss,4566,204,17,221,0,1
reference,hit,4566,605,650,1255,0,1
reference,miss,4567,219,18,237,0,1
reference,hit,4567,288,802,1090,0,1
reference,miss,4568,202,17,219,0,1
reference,hit,4568,282,752,1034,0,1
reference,miss,4569,218,19,237,0,1
reference,hit,4569,283,495,778,0,1
reference,miss,4570,203,18,221,0,1
reference,hit,4570,286,484,770,0,1
reference,miss,4571,217,19,236,0,1
reference,hit,4571,283,483,766,0,1
reference,miss,4572,203,19,222,0,1
reference,hit,4572,602,515,1117,0,1
reference,miss,4573,218,19,237,0,1
reference,hit,4573,348,479,827,0,1
reference,miss,4574,205,17,222,0,1
reference,hit,4574,283,494,777,0,1
reference,miss,4575,217,18,235,0,1
reference,hit,4575,282,487,769,0,1
reference,miss,4576,202,17,219,0,1
reference,hit,4576,284,486,770,0,1
reference,miss,4577,217,17,234,0,1
reference,hit,4577,415,486,901,0,1
reference,miss,4578,204,18,222,0,1
reference,hit,4578,286,1132,1418,0,1
reference,miss,4579,214,19,233,0,1
reference,hit,4579,279,590,869,0,1
reference,miss,4580,211,19,230,0,1
reference,hit,4580,282,486,768,0,1
reference,miss,4581,217,16,233,0,1
reference,hit,4581,478,475,953,0,1
reference,miss,4582,208,19,227,0,1
reference,hit,4582,282,477,759,0,1
reference,miss,4583,215,19,234,0,1
reference,hit,4583,272,570,842,0,1
reference,miss,4584,206,17,223,0,1
reference,hit,4584,282,487,769,0,1
reference,miss,4585,221,17,238,0,1
reference,hit,4585,336,744,1080,0,1
reference,miss,4586,213,18,231,0,1
reference,hit,4586,285,489,774,0,1
reference,miss,4587,218,18,236,0,1
reference,hit,4587,525,976,1501,0,1
reference,miss,4588,204,19,223,0,1
reference,hit,4588,347,548,895,0,1
reference,miss,4589,218,18,236,0,1
reference,hit,4589,289,480,769,0,1
reference,miss,4590,204,18,222,0,1
reference,hit,4590,279,515,794,0,1
reference,miss,4591,219,18,237,0,1
reference,hit,4591,284,478,762,0,1
reference,miss,4592,203,18,221,0,1
reference,hit,4592,284,545,829,0,1
reference,miss,4593,225,17,242,0,1
reference,hit,4593,283,490,773,0,1
reference,miss,4594,202,17,219,0,1
reference,hit,4594,297,544,841,0,1
reference,miss,4595,219,17,236,0,1
reference,hit,4595,291,522,813,0,1
reference,miss,4596,204,18,222,0,1
reference,hit,4596,278,510,788,0,1
reference,miss,4597,218,18,236,0,1
reference,hit,4597,285,818,1103,0,1
reference,miss,4598,203,19,222,0,1
reference,hit,4598,282,624,906,0,1
reference,miss,4599,219,18,237,0,1
reference,hit,4599,289,495,784,0,1
reference,miss,4600,206,17,223,0,1
reference,hit,4600,276,643,919,0,1
reference,miss,4601,216,19,235,0,1
reference,hit,4601,290,512,802,0,1
reference,miss,4602,207,18,225,0,1
reference,hit,4602,283,495,778,0,1
reference,miss,4603,218,18,236,0,1
reference,hit,4603,287,502,789,0,1
reference,miss,4604,206,18,224,0,1
reference,hit,4604,283,478,761,0,1
reference,miss,4605,221,17,238,0,1
reference,hit,4605,287,478,765,0,1
reference,miss,4606,203,18,221,0,1
reference,hit,4606,283,478,761,0,1
reference,miss,4607,223,549,772,0,1
reference,hit,4607,336,1866,2202,0,1
reference,miss,4608,215,18,233,0,1
reference,hit,4608,287,516,803,0,1
reference,miss,4609,217,18,235,0,1
reference,hit,4609,283,485,768,0,1
reference,miss,4610,208,18,226,0,1
reference,hit,4610,281,493,774,0,1
reference,miss,4611,219,18,237,0,1
reference,hit,4611,287,481,768,0,1
reference,miss,4612,205,18,223,0,1
reference,hit,4612,285,479,764,0,1
reference,miss,4613,218,19,237,0,1
reference,hit,4613,289,482,771,0,1
reference,miss,4614,202,18,220,0,1
reference,hit,4614,290,481,771,0,1
reference,miss,4615,218,19,237,0,1
reference,hit,4615,289,479,768,0,1
reference,miss,4616,200,19,219,0,1
reference,hit,4616,283,479,762,0,1
reference,miss,4617,218,17,235,0,1
reference,hit,4617,288,476,764,0,1
reference,miss,4618,206,18,224,0,1
reference,hit,4618,282,494,776,0,1
reference,miss,4619,218,17,235,0,1
reference,hit,4619,288,493,781,0,1
reference,miss,4620,204,17,221,0,1
reference,hit,4620,283,479,762,0,1
reference,miss,4621,220,18,238,0,1
reference,hit,4621,290,480,770,0,1
reference,miss,4622,207,19,226,0,1
reference,hit,4622,284,470,754,0,1
reference,miss,4623,218,18,236,0,1
reference,hit,4623,288,474,762,0,1
reference,miss,4624,202,18,220,0,1
reference,hit,4624,288,502,790,0,1
reference,miss,4625,219,17,236,0,1
reference,hit,4625,287,479,766,0,1
reference,miss,4626,202,18,220,0,1
reference,hit,4626,281,480,761,0,1
reference,miss,4627,219,19,238,0,1
reference,hit,4627,283,735,1018,0,1
reference,miss,4628,203,18,221,0,1
reference,hit,4628,281,494,775,0,1
reference,miss,4629,222,19,241,0,1
reference,hit,4629,327,896,1223,0,1
reference,miss,4630,207,18,225,0,1
reference,hit,4630,277,507,784,0,1
reference,miss,4631,218,17,235,0,1
reference,hit,4631,287,498,785,0,1
reference,miss,4632,209,17,226,0,1
reference,hit,4632,277,482,759,0,1
reference,miss,4633,217,17,234,0,1
reference,hit,4633,290,478,768,0,1
reference,miss,4634,202,17,219,0,1
reference,hit,4634,288,477,765,0,1
reference,miss,4635,218,19,237,0,1
reference,hit,4635,285,493,778,0,1
reference,miss,4636,202,17,219,0,1
reference,hit,4636,281,522,803,0,1
reference,miss,4637,218,18,236,0,1
reference,hit,4637,281,491,772,0,1
reference,miss,4638,203,18,221,0,1
reference,hit,4638,276,486,762,0,1
reference,miss,4639,222,17,239,0,1
reference,hit,4639,296,527,823,0,1
reference,miss,4640,207,18,225,0,1
reference,hit,4640,282,494,776,0,1
reference,miss,4641,218,19,237,0,1
reference,hit,4641,609,504,1113,0,1
reference,miss,4642,203,18,221,0,1
reference,hit,4642,282,711,993,0,1
reference,miss,4643,216,17,233,0,1
reference,hit,4643,280,481,761,0,1
reference,miss,4644,203,19,222,0,1
reference,hit,4644,285,486,771,0,1
reference,miss,4645,216,19,235,0,1
reference,hit,4645,289,541,830,0,1
reference,miss,4646,203,18,221,0,1
reference,hit,4646,285,511,796,0,1
reference,miss,4647,217,17,234,0,1
reference,hit,4647,283,495,778,0,1
reference,miss,4648,203,18,221,0,1
reference,hit,4648,276,1084,1360,0,1
reference,miss,4649,218,18,236,0,1
reference,hit,4649,283,490,773,0,1
reference,miss,4650,206,17,223,0,1
reference,hit,4650,279,1136,1415,0,1
reference,miss,4651,217,18,235,0,1
reference,hit,4651,334,658,992,0,1
reference,miss,4652,208,18,226,0,1
reference,hit,4652,279,498,777,0,1
reference,miss,4653,216,19,235,0,1
reference,hit,4653,280,484,764,0,1
reference,miss,4654,209,17,226,0,1
reference,hit,4654,272,701,973,0,1
reference,miss,4655,216,18,234,0,1
reference,hit,4655,281,480,761,0,1
reference,miss,4656,208,18,226,0,1
reference,hit,4656,278,493,771,0,1
reference,miss,4657,217,18,235,0,1
reference,hit,4657,749,513,1262,0,1
reference,miss,4658,204,18,222,0,1
reference,hit,4658,1167,650,1817,0,1
reference,miss,4659,219,17,236,0,1
reference,hit,4659,921,1103,2024,0,1
reference,miss,4660,205,18,223,0,1
reference,hit,4660,281,491,772,0,1
reference,miss,4661,215,18,233,0,1
reference,hit,4661,280,474,754,0,1
reference,miss,4662,203,18,221,0,1
reference,hit,4662,511,473,984,0,1
reference,miss,4663,217,18,235,0,1
reference,hit,4663,281,524,805,0,1
reference,miss,4664,206,18,224,0,1
reference,hit,4664,279,969,1248,0,1
reference,miss,4665,217,18,235,0,1
reference,hit,4665,279,489,768,0,1
reference,miss,4666,203,18,221,0,1
reference,hit,4666,278,488,766,0,1
reference,miss,4667,220,18,238,0,1
reference,hit,4667,274,471,745,0,1
reference,miss,4668,204,18,222,0,1
reference,hit,4668,322,574,896,0,1
reference,miss,4669,219,18,237,0,1
reference,hit,4669,275,987,1262,0,1
reference,miss,4670,205,17,222,0,1
reference,hit,4670,283,480,763,0,1
reference,miss,4671,215,18,233,0,1
reference,hit,4671,282,483,765,0,1
reference,miss,4672,206,18,224,0,1
reference,hit,4672,278,483,761,0,1
reference,miss,4673,221,18,239,0,1
reference,hit,4673,438,826,1264,0,1
reference,miss,4674,208,18,226,0,1
reference,hit,4674,277,490,767,0,1
reference,miss,4675,218,19,237,0,1
reference,hit,4675,284,482,766,0,1
reference,miss,4676,206,18,224,0,1
reference,hit,4676,274,476,750,0,1
reference,miss,4677,218,19,237,0,1
reference,hit,4677,348,489,837,0,1
reference,miss,4678,206,17,223,0,1
reference,hit,4678,271,474,745,0,1
reference,miss,4679,217,18,235,0,1
reference,hit,4679,284,503,787,0,1
reference,miss,4680,205,17,222,0,1
reference,hit,4680,282,476,758,0,1
reference,miss,4681,216,18,234,0,1
reference,hit,4681,286,483,769,0,1
reference,miss,4682,204,18,222,0,1
reference,hit,4682,278,491,769,0,1
reference,miss,4683,216,19,235,0,1
reference,hit,4683,276,483,759,0,1
reference,miss,4684,206,18,224,0,1
reference,hit,4684,276,478,754,0,1
reference,miss,4685,218,17,235,0,1
reference,hit,4685,283,494,777,0,1
reference,miss,4686,208,17,225,0,1
reference,hit,4686,277,476,753,0,1
reference,miss,4687,218,17,235,0,1
reference,hit,4687,277,490,767,0,1
reference,miss,4688,204,19,223,0,1
reference,hit,4688,278,478,756,0,1
reference,miss,4689,216,19,235,0,1
reference,hit,4689,281,477,758,0,1
reference,miss,4690,203,17,220,0,1
reference,hit,4690,273,498,771,0,1
reference,miss,4691,217,18,235,0,1
reference,hit,4691,285,549,834,0,1
reference,miss,4692,206,18,224,0,1
reference,hit,4692,272,474,746,0,1
reference,miss,4693,219,18,237,0,1
reference,hit,4693,308,559,867,0,1
reference,miss,4694,203,18,221,0,1
reference,hit,4694,270,489,759,0,1
reference,miss,4695,224,18,242,0,1
reference,hit,4695,312,668,980,0,1
reference,miss,4696,209,18,227,0,1
reference,hit,4696,281,496,777,0,1
reference,miss,4697,216,18,234,0,1
reference,hit,4697,282,482,764,0,1
reference,miss,4698,205,19,224,0,1
reference,hit,4698,508,491,999,0,1
reference,miss,4699,217,18,235,0,1
reference,hit,4699,282,482,764,0,1
reference,miss,4700,206,19,225,0,1
reference,hit,4700,277,479,756,0,1
reference,miss,4701,215,19,234,0,1
reference,hit,4701,283,511,794,0,1
reference,miss,4702,203,17,220,0,1
reference,hit,4702,278,496,774,0,1
reference,miss,4703,216,19,235,0,1
reference,hit,4703,353,491,844,0,1
reference,miss,4704,209,19,228,0,1
reference,hit,4704,276,518,794,0,1
reference,miss,4705,215,17,232,0,1
reference,hit,4705,272,486,758,0,1
reference,miss,4706,209,19,228,0,1
reference,hit,4706,276,477,753,0,1
reference,miss,4707,214,19,233,0,1
reference,hit,4707,283,476,759,0,1
reference,miss,4708,209,18,227,0,1
reference,hit,4708,272,472,744,0,1
reference,miss,4709,217,18,235,0,1
reference,hit,4709,278,477,755,0,1
reference,miss,4710,205,1545,1750,0,1
reference,hit,4710,296,3533,3829,0,1
reference,miss,4711,217,17,234,0,1
reference,hit,4711,282,483,765,0,1
reference,miss,4712,202,19,221,0,1
reference,hit,4712,737,484,1221,0,1
reference,miss,4713,218,19,237,0,1
reference,hit,4713,278,480,758,0,1
reference,miss,4714,207,18,225,0,1
reference,hit,4714,275,835,1110,0,1
reference,miss,4715,218,17,235,0,1
reference,hit,4715,276,484,760,0,1
reference,miss,4716,202,18,220,0,1
reference,hit,4716,275,485,760,0,1
reference,miss,4717,220,18,238,0,1
reference,hit,4717,319,618,937,0,1
reference,miss,4718,209,17,226,0,1
reference,hit,4718,278,499,777,0,1
reference,miss,4719,218,18,236,0,1
reference,hit,4719,282,538,820,0,1
reference,miss,4720,205,17,222,0,1
reference,hit,4720,281,486,767,0,1
reference,miss,4721,219,18,237,0,1
reference,hit,4721,281,501,782,0,1
reference,miss,4722,204,18,222,0,1
reference,hit,4722,277,805,1082,0,1
reference,miss,4723,219,18,237,0,1
reference,hit,4723,283,492,775,0,1
reference,miss,4724,205,17,222,0,1
reference,hit,4724,273,481,754,0,1
reference,miss,4725,219,19,238,0,1
reference,hit,4725,281,481,762,0,1
reference,miss,4726,202,18,220,0,1
reference,hit,4726,283,475,758,0,1
reference,miss,4727,221,17,238,0,1
reference,hit,4727,279,656,935,0,1
reference,miss,4728,206,18,224,0,1
reference,hit,4728,278,491,769,0,1
reference,miss,4729,218,19,237,0,1
reference,hit,4729,273,489,762,0,1
reference,miss,4730,205,17,222,0,1
reference,hit,4730,282,490,772,0,1
reference,miss,4731,218,17,235,0,1
reference,hit,4731,281,484,765,0,1
reference,miss,4732,206,18,224,0,1
reference,hit,4732,273,482,755,0,1
reference,miss,4733,219,18,237,0,1
reference,hit,4733,280,473,753,0,1
reference,miss,4734,204,19,223,0,1
reference,hit,4734,273,478,751,0,1
reference,miss,4735,214,18,232,0,1
reference,hit,4735,279,480,759,0,1
reference,miss,4736,209,17,226,0,1
reference,hit,4736,278,480,758,0,1
reference,miss,4737,216,18,234,0,1
reference,hit,4737,271,473,744,0,1
reference,miss,4738,203,18,221,0,1
reference,hit,4738,280,511,791,0,1
reference,miss,4739,217,18,235,0,1
reference,hit,4739,326,592,918,0,1
reference,miss,4740,210,17,227,0,1
reference,hit,4740,280,533,813,0,1
reference,miss,4741,218,18,236,0,1
reference,hit,4741,283,756,1039,0,1
reference,miss,4742,203,18,221,0,1
reference,hit,4742,275,491,766,0,1
reference,miss,4743,225,17,242,0,1
reference,hit,4743,315,702,1017,0,1
reference,miss,4744,210,18,228,0,1
reference,hit,4744,278,497,775,0,1
reference,miss,4745,214,18,232,0,1
reference,hit,4745,279,485,764,0,1
reference,miss,4746,202,19,221,0,1
reference,hit,4746,280,492,772,0,1
reference,miss,4747,218,18,236,0,1
reference,hit,4747,277,485,762,0,1
reference,miss,4748,209,17,226,0,1
reference,hit,4748,273,497,770,0,1
reference,miss,4749,217,17,234,0,1
reference,hit,4749,281,511,792,0,1
reference,miss,4750,201,18,219,0,1
reference,hit,4750,273,497,770,0,1
reference,miss,4751,217,19,236,0,1
reference,hit,4751,275,486,761,0,1
reference,miss,4752,205,18,223,0,1
reference,hit,4752,273,484,757,0,1
reference,miss,4753,218,17,235,0,1
reference,hit,4753,271,483,754,0,1
reference,miss,4754,208,17,225,0,1
reference,hit,4754,282,492,774,0,1
reference,miss,4755,216,19,235,0,1
reference,hit,4755,276,559,835,0,1
reference,miss,4756,207,18,225,0,1
reference,hit,4756,276,507,783,0,1
reference,miss,4757,213,19,232,0,1
reference,hit,4757,278,481,759,0,1
reference,miss,4758,207,18,225,0,1
reference,hit,4758,276,497,773,0,1
reference,miss,4759,219,17,236,0,1
reference,hit,4759,277,481,758,0,1
reference,miss,4760,209,17,226,0,1
reference,hit,4760,279,520,799,0,1
reference,miss,4761,214,18,232,0,1
reference,hit,4761,334,642,976,0,1
reference,miss,4762,209,18,227,0,1
reference,hit,4762,278,879,1157,0,1
reference,miss,4763,218,18,236,0,1
reference,hit,4763,286,493,779,0,1
reference,miss,4764,206,18,224,0,1
reference,hit,4764,281,474,755,0,1
reference,miss,4765,218,19,237,0,1
reference,hit,4765,286,485,771,0,1
reference,miss,4766,204,19,223,0,1
reference,hit,4766,278,500,778,0,1
reference,miss,4767,218,17,235,0,1
reference,hit,4767,286,496,782,0,1
reference,miss,4768,205,18,223,0,1
reference,hit,4768,276,478,754,0,1
reference,miss,4769,216,18,234,0,1
reference,hit,4769,278,478,756,0,1
reference,miss,4770,210,18,228,0,1
reference,hit,4770,277,471,748,0,1
reference,miss,4771,216,18,234,0,1
reference,hit,4771,278,505,783,0,1
reference,miss,4772,207,18,225,0,1
reference,hit,4772,271,475,746,0,1
reference,miss,4773,214,18,232,0,1
reference,hit,4773,275,475,750,0,1
reference,miss,4774,210,19,229,0,1
reference,hit,4774,276,553,829,0,1
reference,miss,4775,217,18,235,0,1
reference,hit,4775,280,484,764,0,1
reference,miss,4776,209,19,228,0,1
reference,hit,4776,277,474,751,0,1
reference,miss,4777,220,17,237,0,1
reference,hit,4777,277,563,840,0,1
reference,miss,4778,211,18,229,0,1
reference,hit,4778,277,481,758,0,1
reference,miss,4779,214,18,232,0,1
reference,hit,4779,279,479,758,0,1
reference,miss,4780,205,18,223,0,1
reference,hit,4780,277,489,766,0,1
reference,miss,4781,218,18,236,0,1
reference,hit,4781,278,506,784,0,1
reference,miss,4782,207,18,225,0,1
reference,hit,4782,275,507,782,0,1
reference,miss,4783,215,17,232,0,1
reference,hit,4783,332,620,952,0,1
reference,miss,4784,211,17,228,0,1
reference,hit,4784,277,492,769,0,1
reference,miss,4785,216,18,234,0,1
reference,hit,4785,280,487,767,0,1
reference,miss,4786,205,16,221,0,1
reference,hit,4786,274,506,780,0,1
reference,miss,4787,219,17,236,0,1
reference,hit,4787,276,487,763,0,1
reference,miss,4788,203,18,221,0,1
reference,hit,4788,278,481,759,0,1
reference,miss,4789,222,17,239,0,1
reference,hit,4789,280,583,863,0,1
reference,miss,4790,204,17,221,0,1
reference,hit,4790,277,483,760,0,1
reference,miss,4791,220,17,237,0,1
reference,hit,4791,281,483,764,0,1
reference,miss,4792,204,19,223,0,1
reference,hit,4792,276,479,755,0,1
reference,miss,4793,218,19,237,0,1
reference,hit,4793,280,494,774,0,1
reference,miss,4794,206,18,224,0,1
reference,hit,4794,271,488,759,0,1
reference,miss,4795,219,18,237,0,1
reference,hit,4795,275,484,759,0,1
reference,miss,4796,203,18,221,0,1
reference,hit,4796,328,560,888,0,1
reference,miss,4797,217,18,235,0,1
reference,hit,4797,290,488,778,0,1
reference,miss,4798,204,18,222,0,1
reference,hit,4798,286,483,769,0,1
reference,miss,4799,215,18,233,0,1
reference,hit,4799,280,482,762,0,1
reference,miss,4800,209,18,227,0,1
reference,hit,4800,281,485,766,0,1
reference,miss,4801,219,19,238,0,1
reference,hit,4801,276,475,751,0,1
reference,miss,4802,209,17,226,0,1
reference,hit,4802,278,502,780,0,1
reference,miss,4803,217,19,236,0,1
reference,hit,4803,360,506,866,0,1
reference,miss,4804,209,18,227,0,1
reference,hit,4804,279,500,779,0,1
reference,miss,4805,221,18,239,0,1
reference,hit,4805,341,646,987,0,1
reference,miss,4806,210,17,227,0,1
reference,hit,4806,283,494,777,0,1
reference,miss,4807,217,19,236,0,1
reference,hit,4807,287,497,784,0,1
reference,miss,4808,209,18,227,0,1
reference,hit,4808,291,488,779,0,1
reference,miss,4809,218,18,236,0,1
reference,hit,4809,281,491,772,0,1
reference,miss,4810,206,17,223,0,1
reference,hit,4810,283,492,775,0,1
reference,miss,4811,220,18,238,0,1
reference,hit,4811,286,484,770,0,1
reference,miss,4812,204,1121,1325,0,1
reference,hit,4812,301,1255,1556,0,1
reference,miss,4813,218,18,236,0,1
reference,hit,4813,287,484,771,0,1
reference,miss,4814,208,18,226,0,1
reference,hit,4814,281,486,767,0,1
reference,miss,4815,218,18,236,0,1
reference,hit,4815,281,499,780,0,1
reference,miss,4816,204,18,222,0,1
reference,hit,4816,284,479,763,0,1
reference,miss,4817,218,18,236,0,1
reference,hit,4817,280,487,767,0,1
reference,miss,4818,205,19,224,0,1
reference,hit,4818,286,484,770,0,1
reference,miss,4819,218,18,236,0,1
reference,hit,4819,282,482,764,0,1
reference,miss,4820,208,16,224,0,1
reference,hit,4820,285,495,780,0,1
reference,miss,4821,217,18,235,0,1
reference,hit,4821,279,488,767,0,1
reference,miss,4822,208,17,225,0,1
reference,hit,4822,285,481,766,0,1
reference,miss,4823,218,17,235,0,1
reference,hit,4823,282,489,771,0,1
reference,miss,4824,202,17,219,0,1
reference,hit,4824,285,480,765,0,1
reference,miss,4825,216,17,233,0,1
reference,hit,4825,279,486,765,0,1
reference,miss,4826,210,17,227,0,1
reference,hit,4826,285,482,767,0,1
reference,miss,4827,220,17,237,0,1
reference,hit,4827,334,643,977,0,1
reference,miss,4828,208,18,226,0,1
reference,hit,4828,276,503,779,0,1
reference,miss,4829,217,17,234,0,1
reference,hit,4829,290,484,774,0,1
reference,miss,4830,204,18,222,0,1
reference,hit,4830,280,480,760,0,1
reference,miss,4831,217,18,235,0,1
reference,hit,4831,283,508,791,0,1
reference,miss,4832,206,18,224,0,1
reference,hit,4832,279,487,766,0,1
reference,miss,4833,215,18,233,0,1
reference,hit,4833,281,479,760,0,1
reference,miss,4834,205,17,222,0,1
reference,hit,4834,286,478,764,0,1
reference,miss,4835,220,17,237,0,1
reference,hit,4835,281,473,754,0,1
reference,miss,4836,207,17,224,0,1
reference,hit,4836,284,491,775,0,1
reference,miss,4837,214,18,232,0,1
reference,hit,4837,280,484,764,0,1
reference,miss,4838,201,18,219,0,1
reference,hit,4838,283,488,771,0,1
reference,miss,4839,218,18,236,0,1
reference,hit,4839,275,498,773,0,1
reference,miss,4840,209,17,226,0,1
reference,hit,4840,275,476,751,0,1
reference,miss,4841,216,18,234,0,1
reference,hit,4841,276,486,762,0,1
reference,miss,4842,208,18,226,0,1
reference,hit,4842,279,508,787,0,1
reference,miss,4843,219,19,238,0,1
reference,hit,4843,276,482,758,0,1
reference,miss,4844,203,18,221,0,1
reference,hit,4844,281,491,772,0,1
reference,miss,4845,217,17,234,0,1
reference,hit,4845,282,498,780,0,1
reference,miss,4846,209,18,227,0,1
reference,hit,4846,325,584,909,0,1
reference,miss,4847,219,18,237,0,1
reference,hit,4847,277,575,852,0,1
reference,miss,4848,204,18,222,0,1
reference,hit,4848,284,490,774,0,1
reference,miss,4849,216,19,235,0,1
reference,hit,4849,326,631,957,0,1
reference,miss,4850,204,17,221,0,1
reference,hit,4850,278,495,773,0,1
reference,miss,4851,217,18,235,0,1
reference,hit,4851,277,473,750,0,1
reference,miss,4852,203,18,221,0,1
reference,hit,4852,278,485,763,0,1
reference,miss,4853,218,17,235,0,1
reference,hit,4853,295,558,853,0,1
reference,miss,4854,209,18,227,0,1
reference,hit,4854,279,513,792,0,1
reference,miss,4855,220,18,238,0,1
reference,hit,4855,284,538,822,0,1
reference,miss,4856,204,18,222,0,1
reference,hit,4856,283,482,765,0,1
reference,miss,4857,216,18,234,0,1
reference,hit,4857,281,515,796,0,1
reference,miss,4858,203,18,221,0,1
reference,hit,4858,276,490,766,0,1
reference,miss,4859,220,18,238,0,1
reference,hit,4859,281,474,755,0,1
reference,miss,4860,202,19,221,0,1
reference,hit,4860,277,480,757,0,1
reference,miss,4861,217,18,235,0,1
reference,hit,4861,275,475,750,0,1
reference,miss,4862,202,18,220,0,1
reference,hit,4862,278,477,755,0,1
reference,miss,4863,214,18,232,0,1
reference,hit,4863,280,474,754,0,1
reference,miss,4864,204,18,222,0,1
reference,hit,4864,279,479,758,0,1
reference,miss,4865,216,18,234,0,1
reference,hit,4865,277,488,765,0,1
reference,miss,4866,208,17,225,0,1
reference,hit,4866,278,488,766,0,1
reference,miss,4867,216,17,233,0,1
reference,hit,4867,276,475,751,0,1
reference,miss,4868,205,17,222,0,1
reference,hit,4868,277,482,759,0,1
reference,miss,4869,216,19,235,0,1
reference,hit,4869,277,480,757,0,1
reference,miss,4870,204,18,222,0,1
reference,hit,4870,277,486,763,0,1
reference,miss,4871,224,18,242,0,1
reference,hit,4871,323,621,944,0,1
reference,miss,4872,204,18,222,0,1
reference,hit,4872,277,488,765,0,1
reference,miss,4873,219,18,237,0,1
reference,hit,4873,278,491,769,0,1
reference,miss,4874,203,18,221,0,1
reference,hit,4874,276,472,748,0,1
reference,miss,4875,229,18,247,0,1
reference,hit,4875,282,497,779,0,1
reference,miss,4876,204,17,221,0,1
reference,hit,4876,275,479,754,0,1
reference,miss,4877,218,16,234,0,1
reference,hit,4877,285,479,764,0,1
reference,miss,4878,206,18,224,0,1
reference,hit,4878,277,472,749,0,1
reference,miss,4879,215,19,234,0,1
reference,hit,4879,284,482,766,0,1
reference,miss,4880,204,18,222,0,1
reference,hit,4880,274,478,752,0,1
reference,miss,4881,219,18,237,0,1
reference,hit,4881,283,477,760,0,1
reference,miss,4882,205,18,223,0,1
reference,hit,4882,277,479,756,0,1
reference,miss,4883,219,19,238,0,1
reference,hit,4883,283,476,759,0,1
reference,miss,4884,206,18,224,0,1
reference,hit,4884,275,475,750,0,1
reference,miss,4885,217,17,234,0,1
reference,hit,4885,286,491,777,0,1
reference,miss,4886,205,18,223,0,1
reference,hit,4886,275,487,762,0,1
reference,miss,4887,220,18,238,0,1
reference,hit,4887,282,502,784,0,1
reference,miss,4888,206,18,224,0,1
reference,hit,4888,277,483,760,0,1
reference,miss,4889,218,18,236,0,1
reference,hit,4889,280,489,769,0,1
reference,miss,4890,204,17,221,0,1
reference,hit,4890,276,486,762,0,1
reference,miss,4891,218,17,235,0,1
reference,hit,4891,282,484,766,0,1
reference,miss,4892,204,18,222,0,1
reference,hit,4892,277,479,756,0,1
reference,miss,4893,222,18,240,0,1
reference,hit,4893,311,613,924,0,1
reference,miss,4894,207,18,225,0,1
reference,hit,4894,273,496,769,0,1
reference,miss,4895,218,18,236,0,1
reference,hit,4895,282,476,758,0,1
reference,miss,4896,208,19,227,0,1
reference,hit,4896,276,481,757,0,1
reference,miss,4897,215,18,233,0,1
reference,hit,4897,280,483,763,0,1
reference,miss,4898,202,19,221,0,1
reference,hit,4898,276,491,767,0,1
reference,miss,4899,216,18,234,0,1
reference,hit,4899,277,481,758,0,1
reference,miss,4900,207,16,223,0,1
reference,hit,4900,279,496,775,0,1
reference,miss,4901,220,18,238,0,1
reference,hit,4901,277,476,753,0,1
reference,miss,4902,209,17,226,0,1
reference,hit,4902,277,487,764,0,1
reference,miss,4903,215,18,233,0,1
reference,hit,4903,273,495,768,0,1
reference,miss,4904,206,17,223,0,1
reference,hit,4904,277,479,756,0,1
reference,miss,4905,218,17,235,0,1
reference,hit,4905,271,476,747,0,1
reference,miss,4906,205,17,222,0,1
reference,hit,4906,278,477,755,0,1
reference,miss,4907,215,18,233,0,1
reference,hit,4907,278,488,766,0,1
reference,miss,4908,209,18,227,0,1
reference,hit,4908,301,556,857,0,1
reference,miss,4909,217,18,235,0,1
reference,hit,4909,278,493,771,0,1
reference,miss,4910,202,18,220,0,1
reference,hit,4910,280,481,761,0,1
reference,miss,4911,221,17,238,0,1
reference,hit,4911,276,484,760,0,1
reference,miss,4912,205,18,223,0,1
reference,hit,4912,279,487,766,0,1
reference,miss,4913,215,18,233,0,1
reference,hit,4913,276,483,759,0,1
reference,miss,4914,205,19,224,0,1
reference,hit,4914,291,505,796,0,1
reference,miss,4915,217,19,236,0,1
reference,hit,4915,323,662,985,0,1
reference,miss,4916,207,17,224,0,1
reference,hit,4916,281,509,790,0,1
reference,miss,4917,217,18,235,0,1
reference,hit,4917,283,481,764,0,1
reference,miss,4918,204,18,222,0,1
reference,hit,4918,278,495,773,0,1
reference,miss,4919,218,18,236,0,1
reference,hit,4919,283,476,759,0,1
reference,miss,4920,202,18,220,0,1
reference,hit,4920,277,486,763,0,1
reference,miss,4921,220,18,238,0,1
reference,hit,4921,282,479,761,0,1
reference,miss,4922,209,18,227,0,1
reference,hit,4922,278,525,803,0,1
reference,miss,4923,218,17,235,0,1
reference,hit,4923,282,480,762,0,1
reference,miss,4924,202,18,220,0,1
reference,hit,4924,280,495,775,0,1
reference,miss,4925,218,18,236,0,1
reference,hit,4925,282,475,757,0,1
reference,miss,4926,205,18,223,0,1
reference,hit,4926,278,480,758,0,1
reference,miss,4927,222,17,239,0,1
reference,hit,4927,332,603,935,0,1
reference,miss,4928,206,18,224,0,1
reference,hit,4928,278,513,791,0,1
reference,miss,4929,219,19,238,0,1
reference,hit,4929,283,483,766,0,1
reference,miss,4930,206,17,223,0,1
reference,hit,4930,279,496,775,0,1
reference,miss,4931,217,17,234,0,1
reference,hit,4931,282,481,763,0,1
reference,miss,4932,203,18,221,0,1
reference,hit,4932,277,492,769,0,1
reference,miss,4933,218,18,236,0,1
reference,hit,4933,283,495,778,0,1
reference,miss,4934,202,17,219,0,1
reference,hit,4934,278,474,752,0,1
reference,miss,4935,217,19,236,0,1
reference,hit,4935,283,481,764,0,1
reference,miss,4936,205,18,223,0,1
reference,hit,4936,277,488,765,0,1
reference,miss,4937,226,17,243,0,1
reference,hit,4937,345,668,1013,0,1
reference,miss,4938,207,18,225,0,1
reference,hit,4938,279,494,773,0,1
reference,miss,4939,218,17,235,0,1
reference,hit,4939,284,513,797,0,1
reference,miss,4940,203,19,222,0,1
reference,hit,4940,277,482,759,0,1
reference,miss,4941,219,17,236,0,1
reference,hit,4941,278,523,801,0,1
reference,miss,4942,200,19,219,0,1
reference,hit,4942,273,491,764,0,1
reference,miss,4943,219,18,237,0,1
reference,hit,4943,281,489,770,0,1
reference,miss,4944,203,17,220,0,1
reference,hit,4944,278,487,765,0,1
reference,miss,4945,219,17,236,0,1
reference,hit,4945,283,474,757,0,1
reference,miss,4946,202,18,220,0,1
reference,hit,4946,278,479,757,0,1
reference,miss,4947,220,17,237,0,1
reference,hit,4947,276,490,766,0,1
reference,miss,4948,204,19,223,0,1
reference,hit,4948,277,479,756,0,1
reference,miss,4949,219,18,237,0,1
reference,hit,4949,283,494,777,0,1
reference,miss,4950,204,18,222,0,1
reference,hit,4950,277,484,761,0,1
reference,miss,4951,219,18,237,0,1
reference,hit,4951,278,496,774,0,1
reference,miss,4952,204,18,222,0,1
reference,hit,4952,279,479,758,0,1
reference,miss,4953,222,17,239,0,1
reference,hit,4953,283,486,769,0,1
reference,miss,4954,204,17,221,0,1
reference,hit,4954,283,499,782,0,1
reference,miss,4955,222,18,240,0,1
reference,hit,4955,283,480,763,0,1
reference,miss,4956,204,18,222,0,1
reference,hit,4956,270,483,753,0,1
reference,miss,4957,221,17,238,0,1
reference,hit,4957,277,480,757,0,1
reference,miss,4958,204,19,223,0,1
reference,hit,4958,272,508,780,0,1
reference,miss,4959,220,18,238,0,1
reference,hit,4959,333,625,958,0,1
reference,miss,4960,209,18,227,0,1
reference,hit,4960,279,494,773,0,1
reference,miss,4961,216,18,234,0,1
reference,hit,4961,280,499,779,0,1
reference,miss,4962,205,18,223,0,1
reference,hit,4962,271,500,771,0,1
reference,miss,4963,217,18,235,0,1
reference,hit,4963,278,475,753,0,1
reference,miss,4964,227,18,245,0,1
reference,hit,4964,288,541,829,0,1
reference,miss,4965,215,18,233,0,1
reference,hit,4965,281,492,773,0,1
reference,miss,4966,203,19,222,0,1
reference,hit,4966,289,495,784,0,1
reference,miss,4967,219,19,238,0,1
reference,hit,4967,277,508,785,0,1
reference,miss,4968,205,17,222,0,1
reference,hit,4968,278,485,763,0,1
reference,miss,4969,215,19,234,0,1
reference,hit,4969,277,492,769,0,1
reference,miss,4970,210,18,228,0,1
reference,hit,4970,280,506,786,0,1
reference,miss,4971,215,19,234,0,1
reference,hit,4971,271,502,773,0,1
reference,miss,4972,204,18,222,0,1
reference,hit,4972,280,508,788,0,1
reference,miss,4973,218,18,236,0,1
reference,hit,4973,270,498,768,0,1
reference,miss,4974,207,19,226,0,1
reference,hit,4974,280,495,775,0,1
reference,miss,4975,216,18,234,0,1
reference,hit,4975,275,533,808,0,1
reference,miss,4976,205,18,223,0,1
reference,hit,4976,274,481,755,0,1
reference,miss,4977,216,18,234,0,1
reference,hit,4977,277,481,758,0,1
reference,miss,4978,202,18,220,0,1
reference,hit,4978,280,489,769,0,1
reference,miss,4979,217,17,234,0,1
reference,hit,4979,275,473,748,0,1
reference,miss,4980,209,17,226,0,1
reference,hit,4980,279,501,780,0,1
reference,miss,4981,217,17,234,0,1
reference,hit,4981,330,652,982,0,1
reference,miss,4982,209,17,226,0,1
reference,hit,4982,280,521,801,0,1
reference,miss,4983,218,18,236,0,1
reference,hit,4983,282,498,780,0,1
reference,miss,4984,205,17,222,0,1
reference,hit,4984,277,483,760,0,1
reference,miss,4985,218,18,236,0,1
reference,hit,4985,277,482,759,0,1
reference,miss,4986,204,19,223,0,1
reference,hit,4986,278,507,785,0,1
reference,miss,4987,220,18,238,0,1
reference,hit,4987,279,491,770,0,1
reference,miss,4988,204,19,223,0,1
reference,hit,4988,277,477,754,0,1
reference,miss,4989,219,18,237,0,1
reference,hit,4989,281,475,756,0,1
reference,miss,4990,202,19,221,0,1
reference,hit,4990,277,500,777,0,1
reference,miss,4991,216,18,234,0,1
reference,hit,4991,282,475,757,0,1
reference,miss,4992,207,18,225,0,1
reference,hit,4992,282,485,767,0,1
reference,miss,4993,217,17,234,0,1
reference,hit,4993,273,482,755,0,1
reference,miss,4994,206,18,224,0,1
reference,hit,4994,282,489,771,0,1
reference,miss,4995,218,18,236,0,1
reference,hit,4995,272,497,769,0,1
reference,miss,4996,203,18,221,0,1
reference,hit,4996,283,512,795,0,1
reference,miss,4997,217,18,235,0,1
reference,hit,4997,272,495,767,0,1
reference,miss,4998,208,18,226,0,1
reference,hit,4998,278,479,757,0,1
reference,miss,4999,217,17,234,0,1
reference,hit,4999,276,480,756,0,1
reference,miss,5000,204,18,222,0,1
reference,hit,5000,277,476,753,0,1
reference,miss,5001,217,19,236,0,1
reference,hit,5001,276,480,756,0,1
reference,miss,5002,206,17,223,0,1
reference,hit,5002,277,483,760,0,1
reference,miss,5003,227,17,244,0,1
reference,hit,5003,337,647,984,0,1
reference,miss,5004,209,16,225,0,1
reference,hit,5004,279,507,786,0,1
reference,miss,5005,222,17,239,0,1
reference,hit,5005,279,493,772,0,1
reference,miss,5006,204,17,221,0,1
reference,hit,5006,278,487,765,0,1
reference,miss,5007,220,17,237,0,1
reference,hit,5007,282,480,762,0,1
reference,miss,5008,204,18,222,0,1
reference,hit,5008,272,486,758,0,1
reference,miss,5009,217,17,234,0,1
reference,hit,5009,282,478,760,0,1
reference,miss,5010,203,18,221,0,1
reference,hit,5010,276,481,757,0,1
reference,miss,5011,223,18,241,0,1
reference,hit,5011,281,476,757,0,1
reference,miss,5012,202,19,221,0,1
reference,hit,5012,278,495,773,0,1
reference,miss,5013,218,19,237,0,1
reference,hit,5013,276,503,779,0,1
reference,miss,5014,203,17,220,0,1
reference,hit,5014,284,501,785,0,1
reference,miss,5015,218,18,236,0,1
reference,hit,5015,283,480,763,0,1
reference,miss,5016,206,17,223,0,1
reference,hit,5016,277,520,797,0,1
reference,miss,5017,224,845,1069,0,1
reference,hit,5017,281,1423,1704,0,1
reference,miss,5018,216,18,234,0,1
reference,hit,5018,292,486,778,0,1
reference,miss,5019,222,19,241,0,1
reference,hit,5019,283,493,776,0,1
reference,miss,5020,209,19,228,0,1
reference,hit,5020,311,640,951,0,1
reference,miss,5021,218,18,236,0,1
reference,hit,5021,289,480,769,0,1
reference,miss,5022,204,19,223,0,1
reference,hit,5022,281,506,787,0,1
reference,miss,5023,214,17,231,0,1
reference,hit,5023,289,484,773,0,1
reference,miss,5024,207,19,226,0,1
reference,hit,5024,278,480,758,0,1
reference,miss,5025,217,18,235,0,1
reference,hit,5025,345,652,997,0,1
reference,miss,5026,203,19,222,0,1
reference,hit,5026,282,527,809,0,1
reference,miss,5027,217,17,234,0,1
reference,hit,5027,286,501,787,0,1
reference,miss,5028,209,17,226,0,1
reference,hit,5028,287,496,783,0,1
reference,miss,5029,221,18,239,0,1
reference,hit,5029,288,485,773,0,1
reference,miss,5030,206,18,224,0,1
reference,hit,5030,281,490,771,0,1
reference,miss,5031,220,17,237,0,1
reference,hit,5031,285,514,799,0,1
reference,miss,5032,204,17,221,0,1
reference,hit,5032,284,477,761,0,1
reference,miss,5033,218,19,237,0,1
reference,hit,5033,287,507,794,0,1
reference,miss,5034,204,17,221,0,1
reference,hit,5034,281,503,784,0,1
reference,miss,5035,220,19,239,0,1
reference,hit,5035,287,477,764,0,1
reference,miss,5036,203,18,221,0,1
reference,hit,5036,281,494,775,0,1
reference,miss,5037,219,19,238,0,1
reference,hit,5037,288,481,769,0,1
reference,miss,5038,203,19,222,0,1
reference,hit,5038,285,534,819,0,1
reference,miss,5039,220,18,238,0,1
reference,hit,5039,283,480,763,0,1
reference,miss,5040,202,18,220,0,1
reference,hit,5040,282,490,772,0,1
reference,miss,5041,220,19,239,0,1
reference,hit,5041,287,501,788,0,1
reference,miss,5042,204,18,222,0,1
reference,hit,5042,282,499,781,0,1
reference,miss,5043,221,18,239,0,1
reference,hit,5043,290,502,792,0,1
reference,miss,5044,204,18,222,0,1
reference,hit,5044,282,475,757,0,1
reference,miss,5045,220,17,237,0,1
reference,hit,5045,289,481,770,0,1
reference,miss,5046,204,17,221,0,1
reference,hit,5046,277,481,758,0,1
reference,miss,5047,222,18,240,0,1
reference,hit,5047,326,670,996,0,1
reference,miss,5048,209,17,226,0,1
reference,hit,5048,291,520,811,0,1
reference,miss,5049,220,18,238,0,1
reference,hit,5049,293,492,785,0,1
reference,miss,5050,204,17,221,0,1
reference,hit,5050,284,494,778,0,1
reference,miss,5051,220,18,238,0,1
reference,hit,5051,288,500,788,0,1
reference,miss,5052,204,17,221,0,1
reference,hit,5052,276,497,773,0,1
reference,miss,5053,218,18,236,0,1
reference,hit,5053,286,527,813,0,1
reference,miss,5054,210,18,228,0,1
reference,hit,5054,276,502,778,0,1
reference,miss,5055,217,18,235,0,1
reference,hit,5055,282,496,778,0,1
reference,miss,5056,209,17,226,0,1
reference,hit,5056,288,501,789,0,1
reference,miss,5057,217,17,234,0,1
reference,hit,5057,279,489,768,0,1
reference,miss,5058,209,17,226,0,1
reference,hit,5058,287,494,781,0,1
reference,miss,5059,217,18,235,0,1
reference,hit,5059,280,498,778,0,1
reference,miss,5060,206,17,223,0,1
reference,hit,5060,285,492,777,0,1
reference,miss,5061,217,18,235,0,1
reference,hit,5061,277,484,761,0,1
reference,miss,5062,203,17,220,0,1
reference,hit,5062,284,495,779,0,1
reference,miss,5063,218,17,235,0,1
reference,hit,5063,281,483,764,0,1
reference,miss,5064,206,18,224,0,1
reference,hit,5064,289,506,795,0,1
reference,miss,5065,216,18,234,0,1
reference,hit,5065,282,497,779,0,1
reference,miss,5066,207,18,225,0,1
reference,hit,5066,277,498,775,0,1
reference,miss,5067,216,18,234,0,1
reference,hit,5067,276,479,755,0,1
reference,miss,5068,203,18,221,0,1
reference,hit,5068,283,488,771,0,1
reference,miss,5069,224,18,242,0,1
reference,hit,5069,384,729,1113,0,1
reference,miss,5070,206,18,224,0,1
reference,hit,5070,276,516,792,0,1
reference,miss,5071,218,19,237,0,1
reference,hit,5071,282,512,794,0,1
reference,miss,5072,210,18,228,0,1
reference,hit,5072,282,495,777,0,1
reference,miss,5073,217,19,236,0,1
reference,hit,5073,284,504,788,0,1
reference,miss,5074,206,19,225,0,1
reference,hit,5074,281,501,782,0,1
reference,miss,5075,225,17,242,0,1
reference,hit,5075,1259,639,1898,0,1
reference,miss,5076,208,17,225,0,1
reference,hit,5076,287,526,813,0,1
reference,miss,5077,217,17,234,0,1
reference,hit,5077,282,479,761,0,1
reference,miss,5078,208,17,225,0,1
reference,hit,5078,280,477,757,0,1
reference,miss,5079,217,18,235,0,1
reference,hit,5079,284,472,756,0,1
reference,miss,5080,205,19,224,0,1
reference,hit,5080,276,472,748,0,1
reference,miss,5081,224,17,241,0,1
reference,hit,5081,285,475,760,0,1
reference,miss,5082,204,18,222,0,1
reference,hit,5082,284,482,766,0,1
reference,miss,5083,220,18,238,0,1
reference,hit,5083,286,482,768,0,1
reference,miss,5084,206,18,224,0,1
reference,hit,5084,279,480,759,0,1
reference,miss,5085,217,17,234,0,1
reference,hit,5085,279,477,756,0,1
reference,miss,5086,203,18,221,0,1
reference,hit,5086,277,517,794,0,1
reference,miss,5087,218,18,236,0,1
reference,hit,5087,278,484,762,0,1
reference,miss,5088,206,17,223,0,1
reference,hit,5088,276,471,747,0,1
reference,miss,5089,216,18,234,0,1
reference,hit,5089,277,470,747,0,1
reference,miss,5090,209,17,226,0,1
reference,hit,5090,276,473,749,0,1
reference,miss,5091,218,18,236,0,1
reference,hit,5091,323,651,974,0,1
reference,miss,5092,211,18,229,0,1
reference,hit,5092,281,480,761,0,1
reference,miss,5093,221,18,239,0,1
reference,hit,5093,283,483,766,0,1
reference,miss,5094,202,18,220,0,1
reference,hit,5094,280,480,760,0,1
reference,miss,5095,218,19,237,0,1
reference,hit,5095,278,482,760,0,1
reference,miss,5096,207,17,224,0,1
reference,hit,5096,279,471,750,0,1
reference,miss,5097,222,17,239,0,1
reference,hit,5097,283,482,765,0,1
reference,miss,5098,203,18,221,0,1
reference,hit,5098,279,474,753,0,1
reference,miss,5099,218,18,236,0,1
reference,hit,5099,283,489,772,0,1
reference,miss,5100,204,18,222,0,1
reference,hit,5100,282,498,780,0,1
reference,miss,5101,216,18,234,0,1
reference,hit,5101,282,464,746,0,1
reference,miss,5102,203,19,222,0,1
reference,hit,5102,278,478,756,0,1
reference,miss,5103,219,17,236,0,1
reference,hit,5103,281,522,803,0,1
reference,miss,5104,203,18,221,0,1
reference,hit,5104,281,494,775,0,1
reference,miss,5105,219,17,236,0,1
reference,hit,5105,276,476,752,0,1
reference,miss,5106,203,17,220,0,1
reference,hit,5106,279,485,764,0,1
reference,miss,5107,219,18,237,0,1
reference,hit,5107,281,511,792,0,1
reference,miss,5108,201,17,218,0,1
reference,hit,5108,279,480,759,0,1
reference,miss,5109,220,18,238,0,1
reference,hit,5109,282,476,758,0,1
reference,miss,5110,203,18,221,0,1
reference,hit,5110,279,470,749,0,1
reference,miss,5111,220,18,238,0,1
reference,hit,5111,286,496,782,0,1
reference,miss,5112,205,18,223,0,1
reference,hit,5112,279,482,761,0,1
reference,miss,5113,220,18,238,0,1
reference,hit,5113,338,670,1008,0,1
reference,miss,5114,210,18,228,0,1
reference,hit,5114,281,513,794,0,1
reference,miss,5115,220,18,238,0,1
reference,hit,5115,281,497,778,0,1
reference,miss,5116,205,19,224,0,1
reference,hit,5116,281,477,758,0,1
reference,miss,5117,221,19,240,0,1
reference,hit,5117,287,493,780,0,1
reference,miss,5118,205,17,222,0,1
reference,hit,5118,276,479,755,0,1
reference,miss,5119,220,834,1054,0,1
reference,hit,5119,276,1450,1726,0,1
reference,miss,5120,222,19,241,0,1
reference,hit,5120,291,501,792,0,1
reference,miss,5121,218,19,237,0,1
reference,hit,5121,282,498,780,0,1
reference,miss,5122,203,18,221,0,1
reference,hit,5122,274,504,778,0,1
reference,miss,5123,219,17,236,0,1
reference,hit,5123,283,483,766,0,1
reference,miss,5124,204,18,222,0,1
reference,hit,5124,280,487,767,0,1
reference,miss,5125,217,19,236,0,1
reference,hit,5125,283,474,757,0,1
reference,miss,5126,204,17,221,0,1
reference,hit,5126,280,485,765,0,1
reference,miss,5127,220,18,238,0,1
reference,hit,5127,283,480,763,0,1
reference,miss,5128,203,18,221,0,1
reference,hit,5128,279,481,760,0,1
reference,miss,5129,218,19,237,0,1
reference,hit,5129,281,513,794,0,1
reference,miss,5130,203,17,220,0,1
reference,hit,5130,282,489,771,0,1
reference,miss,5131,222,18,240,0,1
reference,hit,5131,282,473,755,0,1
reference,miss,5132,205,18,223,0,1
reference,hit,5132,301,586,887,0,1
reference,miss,5133,216,18,234,0,1
reference,hit,5133,283,489,772,0,1
reference,miss,5134,205,18,223,0,1
reference,hit,5134,278,492,770,0,1
reference,miss,5135,218,20,238,0,1
reference,hit,5135,327,673,1000,0,1
reference,miss,5136,207,17,224,0,1
reference,hit,5136,276,516,792,0,1
reference,miss,5137,217,17,234,0,1
reference,hit,5137,283,505,788,0,1
reference,miss,5138,207,17,224,0,1
reference,hit,5138,278,483,761,0,1
reference,miss,5139,220,18,238,0,1
reference,hit,5139,283,471,754,0,1
reference,miss,5140,206,18,224,0,1
reference,hit,5140,280,495,775,0,1
reference,miss,5141,218,19,237,0,1
reference,hit,5141,281,488,769,0,1
reference,miss,5142,206,17,223,0,1
reference,hit,5142,279,481,760,0,1
reference,miss,5143,217,19,236,0,1
reference,hit,5143,283,471,754,0,1
reference,miss,5144,204,17,221,0,1
reference,hit,5144,279,479,758,0,1
reference,miss,5145,219,18,237,0,1
reference,hit,5145,284,498,782,0,1
reference,miss,5146,204,18,222,0,1
reference,hit,5146,278,478,756,0,1
reference,miss,5147,219,18,237,0,1
reference,hit,5147,284,510,794,0,1
reference,miss,5148,205,18,223,0,1
reference,hit,5148,279,490,769,0,1
reference,miss,5149,221,18,239,0,1
reference,hit,5149,283,494,777,0,1
reference,miss,5150,203,19,222,0,1
reference,hit,5150,279,483,762,0,1
reference,miss,5151,216,18,234,0,1
reference,hit,5151,283,510,793,0,1
reference,miss,5152,208,18,226,0,1
reference,hit,5152,280,487,767,0,1
reference,miss,5153,215,18,233,0,1
reference,hit,5153,276,478,754,0,1
reference,miss,5154,208,17,225,0,1
reference,hit,5154,281,506,787,0,1
reference,miss,5155,213,18,231,0,1
reference,hit,5155,276,476,752,0,1
reference,miss,5156,207,18,225,0,1
reference,hit,5156,280,498,778,0,1
reference,miss,5157,216,17,233,0,1
reference,hit,5157,341,646,987,0,1
reference,miss,5158,208,18,226,0,1
reference,hit,5158,283,516,799,0,1
reference,miss,5159,219,17,236,0,1
reference,hit,5159,282,512,794,0,1
reference,miss,5160,202,17,219,0,1
reference,hit,5160,281,508,789,0,1
reference,miss,5161,215,18,233,0,1
reference,hit,5161,283,500,783,0,1
reference,miss,5162,205,17,222,0,1
reference,hit,5162,278,492,770,0,1
reference,miss,5163,217,18,235,0,1
reference,hit,5163,282,480,762,0,1
reference,miss,5164,204,17,221,0,1
reference,hit,5164,279,499,778,0,1
reference,miss,5165,218,18,236,0,1
reference,hit,5165,282,505,787,0,1
reference,miss,5166,205,18,223,0,1
reference,hit,5166,281,505,786,0,1
reference,miss,5167,218,18,236,0,1
reference,hit,5167,281,498,779,0,1
reference,miss,5168,205,18,223,0,1
reference,hit,5168,280,491,771,0,1
reference,miss,5169,216,19,235,0,1
reference,hit,5169,278,487,765,0,1
reference,miss,5170,204,19,223,0,1
reference,hit,5170,279,486,765,0,1
reference,miss,5171,219,18,237,0,1
reference,hit,5171,281,476,757,0,1
reference,miss,5172,206,16,222,0,1
reference,hit,5172,280,494,774,0,1
reference,miss,5173,220,17,237,0,1
reference,hit,5173,283,486,769,0,1
reference,miss,5174,203,19,222,0,1
reference,hit,5174,280,483,763,0,1
reference,miss,5175,220,18,238,0,1
reference,hit,5175,282,479,761,0,1
reference,miss,5176,205,18,223,0,1
reference,hit,5176,279,482,761,0,1
reference,miss,5177,218,17,235,0,1
reference,hit,5177,284,501,785,0,1
reference,miss,5178,205,17,222,0,1
reference,hit,5178,279,506,785,0,1
reference,miss,5179,215,18,233,0,1
reference,hit,5179,340,644,984,0,1
reference,miss,5180,203,18,221,0,1
reference,hit,5180,287,501,788,0,1
reference,miss,5181,219,18,237,0,1
reference,hit,5181,286,484,770,0,1
reference,miss,5182,205,17,222,0,1
reference,hit,5182,283,492,775,0,1
reference,miss,5183,216,17,233,0,1
reference,hit,5183,283,480,763,0,1
reference,miss,5184,204,18,222,0,1
reference,hit,5184,280,496,776,0,1
reference,miss,5185,218,18,236,0,1
reference,hit,5185,278,497,775,0,1
reference,miss,5186,205,19,224,0,1
reference,hit,5186,280,489,769,0,1
reference,miss,5187,219,19,238,0,1
reference,hit,5187,277,485,762,0,1
reference,miss,5188,209,18,227,0,1
reference,hit,5188,312,550,862,0,1
reference,miss,5189,220,16,236,0,1
reference,hit,5189,288,494,782,0,1
reference,miss,5190,208,19,227,0,1
reference,hit,5190,285,508,793,0,1
reference,miss,5191,219,18,237,0,1
reference,hit,5191,283,483,766,0,1
reference,miss,5192,209,19,228,0,1
reference,hit,5192,284,494,778,0,1
reference,miss,5193,217,18,235,0,1
reference,hit,5193,286,486,772,0,1
reference,miss,5194,206,18,224,0,1
reference,hit,5194,283,489,772,0,1
reference,miss,5195,213,18,231,0,1
reference,hit,5195,285,512,797,0,1
reference,miss,5196,204,18,222,0,1
reference,hit,5196,284,506,790,0,1
reference,miss,5197,217,19,236,0,1
reference,hit,5197,282,487,769,0,1
reference,miss,5198,206,18,224,0,1
reference,hit,5198,291,494,785,0,1
reference,miss,5199,214,18,232,0,1
reference,hit,5199,282,493,775,0,1
reference,miss,5200,202,17,219,0,1
reference,hit,5200,285,483,768,0,1
reference,miss,5201,215,18,233,0,1
reference,hit,5201,335,654,989,0,1
reference,miss,5202,209,18,227,0,1
reference,hit,5202,279,506,785,0,1
reference,miss,5203,217,18,235,0,1
reference,hit,5203,282,480,762,0,1
reference,miss,5204,204,17,221,0,1
reference,hit,5204,282,485,767,0,1
reference,miss,5205,220,18,238,0,1
reference,hit,5205,284,500,784,0,1
reference,miss,5206,206,18,224,0,1
reference,hit,5206,278,510,788,0,1
reference,miss,5207,219,18,237,0,1
reference,hit,5207,285,502,787,0,1
reference,miss,5208,204,18,222,0,1
reference,hit,5208,276,508,784,0,1
reference,miss,5209,220,17,237,0,1
reference,hit,5209,280,500,780,0,1
reference,miss,5210,205,18,223,0,1
reference,hit,5210,283,483,766,0,1
reference,miss,5211,218,18,236,0,1
reference,hit,5211,285,513,798,0,1
reference,miss,5212,202,18,220,0,1
reference,hit,5212,275,476,751,0,1
reference,miss,5213,219,19,238,0,1
reference,hit,5213,284,480,764,0,1
reference,miss,5214,203,19,222,0,1
reference,hit,5214,276,482,758,0,1
reference,miss,5215,218,17,235,0,1
reference,hit,5215,285,496,781,0,1
reference,miss,5216,207,18,225,0,1
reference,hit,5216,277,484,761,0,1
reference,miss,5217,215,19,234,0,1
reference,hit,5217,278,484,762,0,1
reference,miss,5218,207,19,226,0,1
reference,hit,5218,283,478,761,0,1
reference,miss,5219,276,18,294,0,1
reference,hit,5219,276,477,753,0,1
reference,miss,5220,207,18,225,0,1
reference,hit,5220,276,496,772,0,1
reference,miss,5221,217,17,234,0,1
reference,hit,5221,287,500,787,0,1
reference,miss,5222,209,1082,1291,0,1
reference,hit,5222,295,1435,1730,0,1
reference,miss,5223,216,18,234,0,1
reference,hit,5223,331,627,958,0,1
reference,miss,5224,210,17,227,0,1
reference,hit,5224,285,509,794,0,1
reference,miss,5225,220,18,238,0,1
reference,hit,5225,287,504,791,0,1
reference,miss,5226,205,17,222,0,1
reference,hit,5226,275,495,770,0,1
reference,miss,5227,219,18,237,0,1
reference,hit,5227,281,487,768,0,1
reference,miss,5228,207,17,224,0,1
reference,hit,5228,277,487,764,0,1
reference,miss,5229,218,18,236,0,1
reference,hit,5229,284,494,778,0,1
reference,miss,5230,202,18,220,0,1
reference,hit,5230,278,538,816,0,1
reference,miss,5231,219,18,237,0,1
reference,hit,5231,282,486,768,0,1
reference,miss,5232,207,18,225,0,1
reference,hit,5232,277,490,767,0,1
reference,miss,5233,218,17,235,0,1
reference,hit,5233,279,478,757,0,1
reference,miss,5234,204,17,221,0,1
reference,hit,5234,277,476,753,0,1
reference,miss,5235,215,18,233,0,1
reference,hit,5235,276,494,770,0,1
reference,miss,5236,207,18,225,0,1
reference,hit,5236,278,482,760,0,1
reference,miss,5237,216,18,234,0,1
reference,hit,5237,281,476,757,0,1
reference,miss,5238,202,19,221,0,1
reference,hit,5238,277,484,761,0,1
reference,miss,5239,220,17,237,0,1
reference,hit,5239,285,488,773,0,1
reference,miss,5240,203,17,220,0,1
reference,hit,5240,279,484,763,0,1
reference,miss,5241,220,18,238,0,1
reference,hit,5241,279,480,759,0,1
reference,miss,5242,204,17,221,0,1
reference,hit,5242,443,924,1367,0,1
reference,miss,5243,222,19,241,0,1
reference,hit,5243,312,543,855,0,1
reference,miss,5244,209,18,227,0,1
reference,hit,5244,286,481,767,0,1
reference,miss,5245,214,18,232,0,1
reference,hit,5245,338,621,959,0,1
reference,miss,5246,208,18,226,0,1
reference,hit,5246,298,492,790,0,1
reference,miss,5247,220,18,238,0,1
reference,hit,5247,291,483,774,0,1
reference,miss,5248,211,18,229,0,1
reference,hit,5248,285,511,796,0,1
reference,miss,5249,217,17,234,0,1
reference,hit,5249,285,491,776,0,1
reference,miss,5250,208,18,226,0,1
reference,hit,5250,287,502,789,0,1
reference,miss,5251,218,17,235,0,1
reference,hit,5251,285,504,789,0,1
reference,miss,5252,204,17,221,0,1
reference,hit,5252,285,484,769,0,1
reference,miss,5253,217,17,234,0,1
reference,hit,5253,287,485,772,0,1
reference,miss,5254,211,17,228,0,1
reference,hit,5254,284,511,795,0,1
reference,miss,5255,217,18,235,0,1
reference,hit,5255,285,486,771,0,1
reference,miss,5256,207,19,226,0,1
reference,hit,5256,291,485,776,0,1
reference,miss,5257,216,18,234,0,1
reference,hit,5257,288,493,781,0,1
reference,miss,5258,206,17,223,0,1
reference,hit,5258,289,498,787,0,1
reference,miss,5259,218,18,236,0,1
reference,hit,5259,287,482,769,0,1
reference,miss,5260,208,17,225,0,1
reference,hit,5260,286,479,765,0,1
reference,miss,5261,215,19,234,0,1
reference,hit,5261,282,486,768,0,1
reference,miss,5262,208,18,226,0,1
reference,hit,5262,284,481,765,0,1
reference,miss,5263,218,18,236,0,1
reference,hit,5263,286,497,783,0,1
reference,miss,5264,206,18,224,0,1
reference,hit,5264,286,486,772,0,1
reference,miss,5265,215,18,233,0,1
reference,hit,5265,285,492,777,0,1
reference,miss,5266,207,18,225,0,1
reference,hit,5266,285,479,764,0,1
reference,miss,5267,218,17,235,0,1
reference,hit,5267,312,631,943,0,1
reference,miss,5268,206,18,224,0,1
reference,hit,5268,285,486,771,0,1
reference,miss,5269,219,17,236,0,1
reference,hit,5269,292,486,778,0,1
reference,miss,5270,204,18,222,0,1
reference,hit,5270,286,500,786,0,1
reference,miss,5271,220,19,239,0,1
reference,hit,5271,294,486,780,0,1
reference,miss,5272,206,18,224,0,1
reference,hit,5272,286,481,767,0,1
reference,miss,5273,219,18,237,0,1
reference,hit,5273,292,479,771,0,1
reference,miss,5274,205,18,223,0,1
reference,hit,5274,284,483,767,0,1
reference,miss,5275,219,19,238,0,1
reference,hit,5275,291,480,771,0,1
reference,miss,5276,205,17,222,0,1
reference,hit,5276,286,500,786,0,1
reference,miss,5277,218,18,236,0,1
reference,hit,5277,293,475,768,0,1
reference,miss,5278,205,17,222,0,1
reference,hit,5278,287,481,768,0,1
reference,miss,5279,219,18,237,0,1
reference,hit,5279,286,476,762,0,1
reference,miss,5280,211,18,229,0,1
reference,hit,5280,285,481,766,0,1
reference,miss,5281,215,18,233,0,1
reference,hit,5281,284,484,768,0,1
reference,miss,5282,210,17,227,0,1
reference,hit,5282,291,494,785,0,1
reference,miss,5283,217,18,235,0,1
reference,hit,5283,289,493,782,0,1
reference,miss,5284,204,19,223,0,1
reference,hit,5284,286,478,764,0,1
reference,miss,5285,215,18,233,0,1
reference,hit,5285,288,493,781,0,1
reference,miss,5286,208,18,226,0,1
reference,hit,5286,287,479,766,0,1
reference,miss,5287,218,19,237,0,1
reference,hit,5287,283,514,797,0,1
reference,miss,5288,211,17,228,0,1
reference,hit,5288,284,482,766,0,1
reference,miss,5289,215,18,233,0,1
reference,hit,5289,325,638,963,0,1
reference,miss,5290,209,18,227,0,1
reference,hit,5290,289,494,783,0,1
reference,miss,5291,219,18,237,0,1
reference,hit,5291,296,493,789,0,1
reference,miss,5292,209,17,226,0,1
reference,hit,5292,332,580,912,0,1
reference,miss,5293,220,19,239,0,1
reference,hit,5293,333,615,948,0,1
reference,miss,5294,211,19,230,0,1
reference,hit,5294,277,493,770,0,1
reference,miss,5295,218,19,237,0,1
reference,hit,5295,283,483,766,0,1
reference,miss,5296,207,18,225,0,1
reference,hit,5296,276,484,760,0,1
reference,miss,5297,219,19,238,0,1
reference,hit,5297,280,480,760,0,1
reference,miss,5298,202,18,220,0,1
reference,hit,5298,306,535,841,0,1
reference,miss,5299,218,18,236,0,1
reference,hit,5299,288,492,780,0,1
reference,miss,5300,204,17,221,0,1
reference,hit,5300,285,512,797,0,1
reference,miss,5301,217,18,235,0,1
reference,hit,5301,291,506,797,0,1
reference,miss,5302,202,18,220,0,1
reference,hit,5302,282,488,770,0,1
reference,miss,5303,218,19,237,0,1
reference,hit,5303,288,492,780,0,1
reference,miss,5304,205,17,222,0,1
reference,hit,5304,288,489,777,0,1
reference,miss,5305,218,18,236,0,1
reference,hit,5305,288,485,773,0,1
reference,miss,5306,203,18,221,0,1
reference,hit,5306,283,491,774,0,1
reference,miss,5307,218,18,236,0,1
reference,hit,5307,287,510,797,0,1
reference,miss,5308,205,17,222,0,1
reference,hit,5308,283,478,761,0,1
reference,miss,5309,217,18,235,0,1
reference,hit,5309,290,477,767,0,1
reference,miss,5310,203,17,220,0,1
reference,hit,5310,283,492,775,0,1
reference,miss,5311,222,18,240,0,1
reference,hit,5311,356,661,1017,0,1
reference,miss,5312,213,17,230,0,1
reference,hit,5312,288,490,778,0,1
reference,miss,5313,220,18,238,0,1
reference,hit,5313,284,480,764,0,1
reference,miss,5314,202,18,220,0,1
reference,hit,5314,285,502,787,0,1
reference,miss,5315,221,18,239,0,1
reference,hit,5315,346,492,838,0,1
reference,miss,5316,203,18,221,0,1
reference,hit,5316,479,626,1105,0,1
reference,miss,5317,224,19,243,0,1
reference,hit,5317,323,608,931,0,1
reference,miss,5318,203,18,221,0,1
reference,hit,5318,284,510,794,0,1
reference,miss,5319,219,18,237,0,1
reference,hit,5319,285,487,772,0,1
reference,miss,5320,205,17,222,0,1
reference,hit,5320,279,498,777,0,1
reference,miss,5321,218,17,235,0,1
reference,hit,5321,284,489,773,0,1
reference,miss,5322,203,18,221,0,1
reference,hit,5322,291,478,769,0,1
reference,miss,5323,217,18,235,0,1
reference,hit,5323,281,480,761,0,1
reference,miss,5324,200,981,1181,0,1
reference,hit,5324,301,1250,1551,0,1
reference,miss,5325,218,19,237,0,1
reference,hit,5325,276,493,769,0,1
reference,miss,5326,207,19,226,0,1
reference,hit,5326,279,485,764,0,1
reference,miss,5327,215,18,233,0,1
reference,hit,5327,279,487,766,0,1
reference,miss,5328,206,18,224,0,1
reference,hit,5328,281,493,774,0,1
reference,miss,5329,216,19,235,0,1
reference,hit,5329,278,514,792,0,1
reference,miss,5330,211,18,229,0,1
reference,hit,5330,282,490,772,0,1
reference,miss,5331,218,18,236,0,1
reference,hit,5331,279,484,763,0,1
reference,miss,5332,202,17,219,0,1
reference,hit,5332,281,484,765,0,1
reference,miss,5333,220,18,238,0,1
reference,hit,5333,345,643,988,0,1
reference,miss,5334,208,18,226,0,1
reference,hit,5334,290,514,804,0,1
reference,miss,5335,222,17,239,0,1
reference,hit,5335,289,502,791,0,1
reference,miss,5336,206,16,222,0,1
reference,hit,5336,281,490,771,0,1
reference,miss,5337,225,18,243,0,1
reference,hit,5337,285,476,761,0,1
reference,miss,5338,204,18,222,0,1
reference,hit,5338,276,473,749,0,1
reference,miss,5339,220,18,238,0,1
reference,hit,5339,283,482,765,0,1
reference,miss,5340,204,19,223,0,1
reference,hit,5340,279,482,761,0,1
reference,miss,5341,221,17,238,0,1
reference,hit,5341,283,477,760,0,1
reference,miss,5342,205,17,222,0,1
reference,hit,5342,275,499,774,0,1
reference,miss,5343,220,18,238,0,1
reference,hit,5343,281,477,758,0,1
reference,miss,5344,209,18,227,0,1
reference,hit,5344,277,473,750,0,1
reference,miss,5345,218,18,236,0,1
reference,hit,5345,276,474,750,0,1
reference,miss,5346,202,17,219,0,1
reference,hit,5346,279,519,798,0,1
reference,miss,5347,214,18,232,0,1
reference,hit,5347,282,472,754,0,1
reference,miss,5348,207,18,225,0,1
reference,hit,5348,283,484,767,0,1
reference,miss,5349,217,19,236,0,1
reference,hit,5349,277,474,751,0,1
reference,miss,5350,202,17,219,0,1
reference,hit,5350,281,485,766,0,1
reference,miss,5351,216,18,234,0,1
reference,hit,5351,281,481,762,0,1
reference,miss,5352,210,18,228,0,1
reference,hit,5352,283,481,764,0,1
reference,miss,5353,217,18,235,0,1
reference,hit,5353,280,491,771,0,1
reference,miss,5354,209,19,228,0,1
reference,hit,5354,326,576,902,0,1
reference,miss,5355,219,18,237,0,1
reference,hit,5355,348,636,984,0,1
reference,miss,5356,205,18,223,0,1
reference,hit,5356,286,484,770,0,1
reference,miss,5357,218,17,235,0,1
reference,hit,5357,295,493,788,0,1
reference,miss,5358,207,17,224,0,1
reference,hit,5358,289,539,828,0,1
reference,miss,5359,219,18,237,0,1
reference,hit,5359,292,478,770,0,1
reference,miss,5360,204,19,223,0,1
reference,hit,5360,286,486,772,0,1
reference,miss,5361,219,18,237,0,1
reference,hit,5361,291,473,764,0,1
reference,miss,5362,204,16,220,0,1
reference,hit,5362,284,479,763,0,1
reference,miss,5363,221,18,239,0,1
reference,hit,5363,287,477,764,0,1
reference,miss,5364,204,17,221,0,1
reference,hit,5364,286,483,769,0,1
reference,miss,5365,218,19,237,0,1
reference,hit,5365,289,507,796,0,1
reference,miss,5366,204,18,222,0,1
reference,hit,5366,289,486,775,0,1
reference,miss,5367,220,17,237,0,1
reference,hit,5367,284,479,763,0,1
reference,miss,5368,205,18,223,0,1
reference,hit,5368,288,496,784,0,1
reference,miss,5369,221,18,239,0,1
reference,hit,5369,294,483,777,0,1
reference,miss,5370,205,18,223,0,1
reference,hit,5370,282,474,756,0,1
reference,miss,5371,220,18,238,0,1
reference,hit,5371,293,469,762,0,1
reference,miss,5372,205,17,222,0,1
reference,hit,5372,286,480,766,0,1
reference,miss,5373,220,17,237,0,1
reference,hit,5373,288,492,780,0,1
reference,miss,5374,204,18,222,0,1
reference,hit,5374,285,486,771,0,1
reference,miss,5375,216,18,234,0,1
reference,hit,5375,289,486,775,0,1
reference,miss,5376,205,18,223,0,1
reference,hit,5376,286,490,776,0,1
reference,miss,5377,223,18,241,0,1
reference,hit,5377,327,622,949,0,1
reference,miss,5378,206,18,224,0,1
reference,hit,5378,286,497,783,0,1
reference,miss,5379,217,18,235,0,1
reference,hit,5379,292,502,794,0,1
reference,miss,5380,209,18,227,0,1
reference,hit,5380,283,486,769,0,1
reference,miss,5381,214,19,233,0,1
reference,hit,5381,288,478,766,0,1
reference,miss,5382,200,18,218,0,1
reference,hit,5382,287,481,768,0,1
reference,miss,5383,216,18,234,0,1
reference,hit,5383,286,482,768,0,1
reference,miss,5384,206,18,224,0,1
reference,hit,5384,286,483,769,0,1
reference,miss,5385,219,18,237,0,1
reference,hit,5385,286,488,774,0,1
reference,miss,5386,209,19,228,0,1
reference,hit,5386,286,481,767,0,1
reference,miss,5387,216,18,234,0,1
reference,hit,5387,283,480,763,0,1
reference,miss,5388,207,18,225,0,1
reference,hit,5388,288,476,764,0,1
reference,miss,5389,216,18,234,0,1
reference,hit,5389,284,471,755,0,1
reference,miss,5390,201,17,218,0,1
reference,hit,5390,286,500,786,0,1
reference,miss,5391,216,19,235,0,1
reference,hit,5391,283,479,762,0,1
reference,miss,5392,201,18,219,0,1
reference,hit,5392,285,499,784,0,1
reference,miss,5393,216,19,235,0,1
reference,hit,5393,287,481,768,0,1
reference,miss,5394,207,17,224,0,1
reference,hit,5394,285,477,762,0,1
reference,miss,5395,217,19,236,0,1
reference,hit,5395,285,475,760,0,1
reference,miss,5396,206,18,224,0,1
reference,hit,5396,286,503,789,0,1
reference,miss,5397,216,18,234,0,1
reference,hit,5397,284,477,761,0,1
reference,miss,5398,210,17,227,0,1
reference,hit,5398,287,478,765,0,1
reference,miss,5399,217,17,234,0,1
reference,hit,5399,321,639,960,0,1
reference,miss,5400,203,17,220,0,1
reference,hit,5400,288,502,790,0,1
reference,miss,5401,218,18,236,0,1
reference,hit,5401,294,484,778,0,1
reference,miss,5402,203,18,221,0,1
reference,hit,5402,287,485,772,0,1
reference,miss,5403,220,18,238,0,1
reference,hit,5403,293,491,784,0,1
reference,miss,5404,205,18,223,0,1
reference,hit,5404,284,496,780,0,1
reference,miss,5405,220,18,238,0,1
reference,hit,5405,289,475,764,0,1
reference,miss,5406,216,18,234,0,1
reference,hit,5406,287,492,779,0,1
reference,miss,5407,218,18,236,0,1
reference,hit,5407,291,476,767,0,1
reference,miss,5408,213,17,230,0,1
reference,hit,5408,282,491,773,0,1
reference,miss,5409,222,18,240,0,1
reference,hit,5409,339,614,953,0,1
reference,miss,5410,209,18,227,0,1
reference,hit,5410,285,509,794,0,1
reference,miss,5411,219,18,237,0,1
reference,hit,5411,291,484,775,0,1
reference,miss,5412,203,18,221,0,1
reference,hit,5412,286,492,778,0,1
reference,miss,5413,220,17,237,0,1
reference,hit,5413,292,481,773,0,1
reference,miss,5414,205,17,222,0,1
reference,hit,5414,288,482,770,0,1
reference,miss,5415,218,17,235,0,1
reference,hit,5415,295,477,772,0,1
reference,miss,5416,204,17,221,0,1
reference,hit,5416,282,472,754,0,1
reference,miss,5417,218,18,236,0,1
reference,hit,5417,294,489,783,0,1
reference,miss,5418,205,18,223,0,1
reference,hit,5418,286,477,763,0,1
reference,miss,5419,219,17,236,0,1
reference,hit,5419,290,473,763,0,1
reference,miss,5420,204,18,222,0,1
reference,hit,5420,285,470,755,0,1
reference,miss,5421,218,18,236,0,1
reference,hit,5421,351,659,1010,0,1
reference,miss,5422,210,18,228,0,1
reference,hit,5422,287,504,791,0,1
reference,miss,5423,220,17,237,0,1
reference,hit,5423,295,486,781,0,1
reference,miss,5424,205,18,223,0,1
reference,hit,5424,287,491,778,0,1
reference,miss,5425,219,18,237,0,1
reference,hit,5425,288,478,766,0,1
reference,miss,5426,206,18,224,0,1
reference,hit,5426,364,501,865,0,1
reference,miss,5427,218,18,236,0,1
reference,hit,5427,300,481,781,0,1
reference,miss,5428,207,17,224,0,1
reference,hit,5428,285,475,760,0,1
reference,miss,5429,222,19,241,0,1
reference,hit,5429,293,477,770,0,1
reference,miss,5430,203,18,221,0,1
reference,hit,5430,285,492,777,0,1
reference,miss,5431,219,18,237,0,1
reference,hit,5431,292,500,792,0,1
reference,miss,5432,206,18,224,0,1
reference,hit,5432,285,485,770,0,1
reference,miss,5433,220,18,238,0,1
reference,hit,5433,288,483,771,0,1
reference,miss,5434,204,17,221,0,1
reference,hit,5434,285,488,773,0,1
reference,miss,5435,218,19,237,0,1
reference,hit,5435,293,483,776,0,1
reference,miss,5436,203,18,221,0,1
reference,hit,5436,286,469,755,0,1
reference,miss,5437,219,18,237,0,1
reference,hit,5437,291,477,768,0,1
reference,miss,5438,205,19,224,0,1
reference,hit,5438,282,483,765,0,1
reference,miss,5439,218,19,237,0,1
reference,hit,5439,290,477,767,0,1
reference,miss,5440,204,18,222,0,1
reference,hit,5440,290,501,791,0,1
reference,miss,5441,218,18,236,0,1
reference,hit,5441,280,491,771,0,1
reference,miss,5442,209,18,227,0,1
reference,hit,5442,287,500,787,0,1
reference,miss,5443,217,17,234,0,1
reference,hit,5443,342,646,988,0,1
reference,miss,5444,208,18,226,0,1
reference,hit,5444,288,520,808,0,1
reference,miss,5445,218,18,236,0,1
reference,hit,5445,293,480,773,0,1
reference,miss,5446,206,17,223,0,1
reference,hit,5446,285,491,776,0,1
reference,miss,5447,217,17,234,0,1
reference,hit,5447,289,485,774,0,1
reference,miss,5448,205,18,223,0,1
reference,hit,5448,287,484,771,0,1
reference,miss,5449,219,18,237,0,1
reference,hit,5449,294,501,795,0,1
reference,miss,5450,207,17,224,0,1
reference,hit,5450,286,489,775,0,1
reference,miss,5451,220,18,238,0,1
reference,hit,5451,290,489,779,0,1
reference,miss,5452,203,19,222,0,1
reference,hit,5452,286,478,764,0,1
reference,miss,5453,220,17,237,0,1
reference,hit,5453,290,493,783,0,1
reference,miss,5454,204,17,221,0,1
reference,hit,5454,287,479,766,0,1
reference,miss,5455,221,19,240,0,1
reference,hit,5455,285,506,791,0,1
reference,miss,5456,204,17,221,0,1
reference,hit,5456,288,482,770,0,1
reference,miss,5457,221,16,237,0,1
reference,hit,5457,293,478,771,0,1
reference,miss,5458,204,18,222,0,1
reference,hit,5458,282,495,777,0,1
reference,miss,5459,218,19,237,0,1
reference,hit,5459,291,486,777,0,1
reference,miss,5460,203,18,221,0,1
reference,hit,5460,289,473,762,0,1
reference,miss,5461,221,18,239,0,1
reference,hit,5461,294,479,773,0,1
reference,miss,5462,204,18,222,0,1
reference,hit,5462,278,476,754,0,1
reference,miss,5463,222,18,240,0,1
reference,hit,5463,291,475,766,0,1
reference,miss,5464,205,17,222,0,1
reference,hit,5464,289,472,761,0,1
reference,miss,5465,226,23,249,0,1
reference,hit,5465,404,797,1201,0,1
reference,miss,5466,210,18,228,0,1
reference,hit,5466,281,539,820,0,1
reference,miss,5467,218,17,235,0,1
reference,hit,5467,290,505,795,0,1
reference,miss,5468,203,19,222,0,1
reference,hit,5468,288,500,788,0,1
reference,miss,5469,220,17,237,0,1
reference,hit,5469,288,508,796,0,1
reference,miss,5470,203,17,220,0,1
reference,hit,5470,283,486,769,0,1
reference,miss,5471,216,18,234,0,1
reference,hit,5471,287,482,769,0,1
reference,miss,5472,208,18,226,0,1
reference,hit,5472,281,517,798,0,1
reference,miss,5473,220,18,238,0,1
reference,hit,5473,282,489,771,0,1
reference,miss,5474,203,17,220,0,1
reference,hit,5474,286,489,775,0,1
reference,miss,5475,217,18,235,0,1
reference,hit,5475,284,496,780,0,1
reference,miss,5476,202,19,221,0,1
reference,hit,5476,287,479,766,0,1
reference,miss,5477,216,18,234,0,1
reference,hit,5477,283,508,791,0,1
reference,miss,5478,205,19,224,0,1
reference,hit,5478,281,512,793,0,1
reference,miss,5479,217,18,235,0,1
reference,hit,5479,282,489,771,0,1
reference,miss,5480,207,18,225,0,1
reference,hit,5480,283,494,777,0,1
reference,miss,5481,215,19,234,0,1
reference,hit,5481,282,497,779,0,1
reference,miss,5482,209,17,226,0,1
reference,hit,5482,290,476,766,0,1
reference,miss,5483,220,17,237,0,1
reference,hit,5483,283,486,769,0,1
reference,miss,5484,203,19,222,0,1
reference,hit,5484,285,502,787,0,1
reference,miss,5485,215,19,234,0,1
reference,hit,5485,283,479,762,0,1
reference,miss,5486,205,17,222,0,1
reference,hit,5486,291,552,843,0,1
reference,miss,5487,217,18,235,0,1
reference,hit,5487,283,486,769,0,1
reference,miss,5488,204,18,222,0,1
reference,hit,5488,291,494,785,0,1
reference,miss,5489,216,18,234,0,1
reference,hit,5489,282,485,767,0,1
reference,miss,5490,206,18,224,0,1
reference,hit,5490,288,482,770,0,1
reference,miss,5491,218,19,237,0,1
reference,hit,5491,281,485,766,0,1
reference,miss,5492,206,17,223,0,1
reference,hit,5492,290,499,789,0,1
reference,miss,5493,217,19,236,0,1
reference,hit,5493,282,498,780,0,1
reference,miss,5494,201,18,219,0,1
reference,hit,5494,351,481,832,0,1
reference,miss,5495,217,18,235,0,1
reference,hit,5495,282,478,760,0,1
reference,miss,5496,205,17,222,0,1
reference,hit,5496,290,499,789,0,1
reference,miss,5497,215,18,233,0,1
reference,hit,5497,344,485,829,0,1
reference,miss,5498,203,17,220,0,1
reference,hit,5498,287,483,770,0,1
reference,miss,5499,217,18,235,0,1
reference,hit,5499,323,485,808,0,1
reference,miss,5500,209,17,226,0,1
reference,hit,5500,286,497,783,0,1
reference,miss,5501,216,18,234,0,1
reference,hit,5501,281,485,766,0,1
reference,miss,5502,203,19,222,0,1
reference,hit,5502,289,502,791,0,1
reference,miss,5503,216,17,233,0,1
reference,hit,5503,288,488,776,0,1
reference,miss,5504,208,18,226,0,1
reference,hit,5504,287,500,787,0,1
reference,miss,5505,216,18,234,0,1
reference,hit,5505,276,483,759,0,1
reference,miss,5506,205,19,224,0,1
reference,hit,5506,282,487,769,0,1
reference,miss,5507,215,18,233,0,1
reference,hit,5507,283,482,765,0,1
reference,miss,5508,203,19,222,0,1
reference,hit,5508,288,486,774,0,1
reference,miss,5509,216,18,234,0,1
reference,hit,5509,281,488,769,0,1
reference,miss,5510,209,18,227,0,1
reference,hit,5510,288,502,790,0,1
reference,miss,5511,215,18,233,0,1
reference,hit,5511,283,490,773,0,1
reference,miss,5512,205,18,223,0,1
reference,hit,5512,292,482,774,0,1
reference,miss,5513,267,17,284,0,1
reference,hit,5513,283,478,761,0,1
reference,miss,5514,208,17,225,0,1
reference,hit,5514,293,578,871,0,1
reference,miss,5515,218,19,237,0,1
reference,hit,5515,277,491,768,0,1
reference,miss,5516,204,18,222,0,1
reference,hit,5516,282,477,759,0,1
reference,miss,5517,214,19,233,0,1
reference,hit,5517,280,484,764,0,1
reference,miss,5518,204,19,223,0,1
reference,hit,5518,282,480,762,0,1
reference,miss,5519,235,18,253,0,1
reference,hit,5519,282,494,776,0,1
reference,miss,5520,205,17,222,0,1
reference,hit,5520,290,518,808,0,1
reference,miss,5521,216,19,235,0,1
reference,hit,5521,278,491,769,0,1
reference,miss,5522,203,17,220,0,1
reference,hit,5522,282,479,761,0,1
reference,miss,5523,218,19,237,0,1
reference,hit,5523,278,516,794,0,1
reference,miss,5524,208,18,226,0,1
reference,hit,5524,282,488,770,0,1
reference,miss,5525,216,19,235,0,1
reference,hit,5525,274,490,764,0,1
reference,miss,5526,206,18,224,0,1
reference,hit,5526,283,479,762,0,1
reference,miss,5527,219,17,236,0,1
reference,hit,5527,276,515,791,0,1
reference,miss,5528,206,18,224,0,1
reference,hit,5528,276,475,751,0,1
reference,miss,5529,231,804,1035,0,1
reference,hit,5529,322,1511,1833,0,1
reference,miss,5530,220,18,238,0,1
reference,hit,5530,283,486,769,0,1
reference,miss,5531,219,18,237,0,1
reference,hit,5531,286,484,770,0,1
reference,miss,5532,206,17,223,0,1
reference,hit,5532,284,481,765,0,1
reference,miss,5533,220,18,238,0,1
reference,hit,5533,283,484,767,0,1
reference,miss,5534,205,18,223,0,1
reference,hit,5534,281,490,771,0,1
reference,miss,5535,218,18,236,0,1
reference,hit,5535,280,499,779,0,1
reference,miss,5536,205,19,224,0,1
reference,hit,5536,283,495,778,0,1
reference,miss,5537,217,18,235,0,1
reference,hit,5537,279,500,779,0,1
reference,miss,5538,207,18,225,0,1
reference,hit,5538,285,485,770,0,1
reference,miss,5539,219,17,236,0,1
reference,hit,5539,279,507,786,0,1
reference,miss,5540,208,19,227,0,1
reference,hit,5540,277,491,768,0,1
reference,miss,5541,216,18,234,0,1
reference,hit,5541,282,495,777,0,1
reference,miss,5542,208,18,226,0,1
reference,hit,5542,283,482,765,0,1
reference,miss,5543,222,18,240,0,1
reference,hit,5543,278,491,769,0,1
reference,miss,5544,207,19,226,0,1
reference,hit,5544,277,483,760,0,1
reference,miss,5545,217,17,234,0,1
reference,hit,5545,282,501,783,0,1
reference,miss,5546,207,17,224,0,1
reference,hit,5546,282,481,763,0,1
reference,miss,5547,219,17,236,0,1
reference,hit,5547,282,499,781,0,1
reference,miss,5548,209,18,227,0,1
reference,hit,5548,283,482,765,0,1
reference,miss,5549,219,18,237,0,1
reference,hit,5549,279,497,776,0,1
reference,miss,5550,209,19,228,0,1
reference,hit,5550,281,486,767,0,1
reference,miss,5551,218,18,236,0,1
reference,hit,5551,279,513,792,0,1
reference,miss,5552,206,18,224,0,1
reference,hit,5552,281,493,774,0,1
reference,miss,5553,217,17,234,0,1
reference,hit,5553,274,488,762,0,1
reference,miss,5554,204,18,222,0,1
reference,hit,5554,277,487,764,0,1
reference,miss,5555,217,18,235,0,1
reference,hit,5555,279,494,773,0,1
reference,miss,5556,205,18,223,0,1
reference,hit,5556,284,500,784,0,1
reference,miss,5557,218,19,237,0,1
reference,hit,5557,277,497,774,0,1
reference,miss,5558,205,19,224,0,1
reference,hit,5558,284,495,779,0,1
reference,miss,5559,216,18,234,0,1
reference,hit,5559,274,485,759,0,1
reference,miss,5560,208,17,225,0,1
reference,hit,5560,278,484,762,0,1
reference,miss,5561,218,19,237,0,1
reference,hit,5561,274,503,777,0,1
reference,miss,5562,205,18,223,0,1
reference,hit,5562,284,510,794,0,1
reference,miss,5563,217,17,234,0,1
reference,hit,5563,280,493,773,0,1
reference,miss,5564,209,18,227,0,1
reference,hit,5564,278,500,778,0,1
reference,miss,5565,218,17,235,0,1
reference,hit,5565,273,486,759,0,1
reference,miss,5566,204,19,223,0,1
reference,hit,5566,283,486,769,0,1
reference,miss,5567,217,18,235,0,1
reference,hit,5567,284,477,761,0,1
reference,miss,5568,206,18,224,0,1
reference,hit,5568,282,487,769,0,1
reference,miss,5569,219,18,237,0,1
reference,hit,5569,281,493,774,0,1
reference,miss,5570,211,18,229,0,1
reference,hit,5570,284,539,823,0,1
reference,miss,5571,218,18,236,0,1
reference,hit,5571,281,489,770,0,1
reference,miss,5572,210,18,228,0,1
reference,hit,5572,280,486,766,0,1
reference,miss,5573,218,19,237,0,1
reference,hit,5573,276,521,797,0,1
reference,miss,5574,209,17,226,0,1
reference,hit,5574,277,481,758,0,1
reference,miss,5575,218,18,236,0,1
reference,hit,5575,282,505,787,0,1
reference,miss,5576,210,18,228,0,1
reference,hit,5576,315,558,873,0,1
reference,miss,5577,219,19,238,0,1
reference,hit,5577,284,481,765,0,1
reference,miss,5578,204,19,223,0,1
reference,hit,5578,283,477,760,0,1
reference,miss,5579,218,17,235,0,1
reference,hit,5579,286,478,764,0,1
reference,miss,5580,205,17,222,0,1
reference,hit,5580,286,506,792,0,1
reference,miss,5581,218,19,237,0,1
reference,hit,5581,279,476,755,0,1
reference,miss,5582,205,18,223,0,1
reference,hit,5582,283,486,769,0,1
reference,miss,5583,215,19,234,0,1
reference,hit,5583,281,480,761,0,1
reference,miss,5584,208,18,226,0,1
reference,hit,5584,288,476,764,0,1
reference,miss,5585,215,18,233,0,1
reference,hit,5585,286,483,769,0,1
reference,miss,5586,206,18,224,0,1
reference,hit,5586,289,480,769,0,1
reference,miss,5587,219,18,237,0,1
reference,hit,5587,285,492,777,0,1
reference,miss,5588,208,17,225,0,1
reference,hit,5588,287,474,761,0,1
reference,miss,5589,217,17,234,0,1
reference,hit,5589,288,504,792,0,1
reference,miss,5590,209,18,227,0,1
reference,hit,5590,286,476,762,0,1
reference,miss,5591,215,18,233,0,1
reference,hit,5591,288,493,781,0,1
reference,miss,5592,206,17,223,0,1
reference,hit,5592,288,501,789,0,1
reference,miss,5593,215,19,234,0,1
reference,hit,5593,286,480,766,0,1
reference,miss,5594,204,18,222,0,1
reference,hit,5594,286,483,769,0,1
reference,miss,5595,217,17,234,0,1
reference,hit,5595,284,475,759,0,1
reference,miss,5596,209,18,227,0,1
reference,hit,5596,282,481,763,0,1
reference,miss,5597,216,19,235,0,1
reference,hit,5597,281,482,763,0,1
reference,miss,5598,208,18,226,0,1
reference,hit,5598,278,479,757,0,1
reference,miss,5599,215,19,234,0,1
reference,hit,5599,289,482,771,0,1
reference,miss,5600,208,18,226,0,1
reference,hit,5600,283,470,753,0,1
reference,miss,5601,217,18,235,0,1
reference,hit,5601,289,475,764,0,1
reference,miss,5602,207,18,225,0,1
reference,hit,5602,287,483,770,0,1
reference,miss,5603,219,19,238,0,1
reference,hit,5603,285,477,762,0,1
reference,miss,5604,211,18,229,0,1
reference,hit,5604,284,488,772,0,1
reference,miss,5605,216,20,236,0,1
reference,hit,5605,288,495,783,0,1
reference,miss,5606,205,17,222,0,1
reference,hit,5606,286,493,779,0,1
reference,miss,5607,217,17,234,0,1
reference,hit,5607,286,482,768,0,1
reference,miss,5608,203,17,220,0,1
reference,hit,5608,280,472,752,0,1
reference,miss,5609,219,17,236,0,1
reference,hit,5609,290,489,779,0,1
reference,miss,5610,207,18,225,0,1
reference,hit,5610,287,480,767,0,1
reference,miss,5611,216,17,233,0,1
reference,hit,5611,286,479,765,0,1
reference,miss,5612,211,18,229,0,1
reference,hit,5612,289,478,767,0,1
reference,miss,5613,218,17,235,0,1
reference,hit,5613,283,495,778,0,1
reference,miss,5614,207,19,226,0,1
reference,hit,5614,282,533,815,0,1
reference,miss,5615,215,17,232,0,1
reference,hit,5615,288,484,772,0,1
reference,miss,5616,208,18,226,0,1
reference,hit,5616,282,498,780,0,1
reference,miss,5617,215,17,232,0,1
reference,hit,5617,285,472,757,0,1
reference,miss,5618,201,19,220,0,1
reference,hit,5618,287,477,764,0,1
reference,miss,5619,215,17,232,0,1
reference,hit,5619,290,472,762,0,1
reference,miss,5620,208,17,225,0,1
reference,hit,5620,287,471,758,0,1
reference,miss,5621,215,18,233,0,1
reference,hit,5621,289,474,763,0,1
reference,miss,5622,204,18,222,0,1
reference,hit,5622,285,474,759,0,1
reference,miss,5623,216,18,234,0,1
reference,hit,5623,284,480,764,0,1
reference,miss,5624,206,18,224,0,1
reference,hit,5624,286,503,789,0,1
reference,miss,5625,217,18,235,0,1
reference,hit,5625,283,493,776,0,1
reference,miss,5626,208,18,226,0,1
reference,hit,5626,282,500,782,0,1
reference,miss,5627,213,19,232,0,1
reference,hit,5627,292,493,785,0,1
reference,miss,5628,206,18,224,0,1
reference,hit,5628,289,472,761,0,1
reference,miss,5629,214,18,232,0,1
reference,hit,5629,289,479,768,0,1
reference,miss,5630,205,17,222,0,1
reference,hit,5630,282,477,759,0,1
reference,miss,5631,225,692,917,0,1
reference,hit,5631,296,1300,1596,0,1
reference,miss,5632,221,18,239,0,1
reference,hit,5632,288,503,791,0,1
reference,miss,5633,219,18,237,0,1
reference,hit,5633,319,533,852,0,1
reference,miss,5634,210,18,228,0,1
reference,hit,5634,284,528,812,0,1
reference,miss,5635,217,19,236,0,1
reference,hit,5635,286,482,768,0,1
reference,miss,5636,208,18,226,0,1
reference,hit,5636,285,491,776,0,1
reference,miss,5637,217,19,236,0,1
reference,hit,5637,289,480,769,0,1
reference,miss,5638,206,18,224,0,1
reference,hit,5638,279,488,767,0,1
reference,miss,5639,218,17,235,0,1
reference,hit,5639,293,505,798,0,1
reference,miss,5640,201,19,220,0,1
reference,hit,5640,280,511,791,0,1
reference,miss,5641,219,18,237,0,1
reference,hit,5641,286,488,774,0,1
reference,miss,5642,204,18,222,0,1
reference,hit,5642,281,483,764,0,1
reference,miss,5643,216,18,234,0,1
reference,hit,5643,290,492,782,0,1
reference,miss,5644,202,18,220,0,1
reference,hit,5644,278,483,761,0,1
reference,miss,5645,222,18,240,0,1
reference,hit,5645,290,504,794,0,1
reference,miss,5646,204,18,222,0,1
reference,hit,5646,286,481,767,0,1
reference,miss,5647,219,17,236,0,1
reference,hit,5647,295,493,788,0,1
reference,miss,5648,205,17,222,0,1
reference,hit,5648,282,481,763,0,1
reference,miss,5649,220,18,238,0,1
reference,hit,5649,290,497,787,0,1
reference,miss,5650,205,18,223,0,1
reference,hit,5650,279,512,791,0,1
reference,miss,5651,217,18,235,0,1
reference,hit,5651,291,480,771,0,1
reference,miss,5652,203,18,221,0,1
reference,hit,5652,281,479,760,0,1
reference,miss,5653,217,17,234,0,1
reference,hit,5653,295,482,777,0,1
reference,miss,5654,205,17,222,0,1
reference,hit,5654,284,478,762,0,1
reference,miss,5655,217,18,235,0,1
reference,hit,5655,284,489,773,0,1
reference,miss,5656,201,18,219,0,1
reference,hit,5656,285,486,771,0,1
reference,miss,5657,218,19,237,0,1
reference,hit,5657,286,483,769,0,1
reference,miss,5658,205,19,224,0,1
reference,hit,5658,280,480,760,0,1
reference,miss,5659,219,17,236,0,1
reference,hit,5659,292,480,772,0,1
reference,miss,5660,204,19,223,0,1
reference,hit,5660,284,493,777,0,1
reference,miss,5661,219,18,237,0,1
reference,hit,5661,293,495,788,0,1
reference,miss,5662,203,19,222,0,1
reference,hit,5662,284,477,761,0,1
reference,miss,5663,213,19,232,0,1
reference,hit,5663,291,488,779,0,1
reference,miss,5664,204,18,222,0,1
reference,hit,5664,287,479,766,0,1
reference,miss,5665,217,18,235,0,1
reference,hit,5665,285,493,778,0,1
reference,miss,5666,207,19,226,0,1
reference,hit,5666,284,499,783,0,1
reference,miss,5667,217,18,235,0,1
reference,hit,5667,280,504,784,0,1
reference,miss,5668,203,18,221,0,1
reference,hit,5668,283,486,769,0,1
reference,miss,5669,215,19,234,0,1
reference,hit,5669,284,488,772,0,1
reference,miss,5670,207,17,224,0,1
reference,hit,5670,282,480,762,0,1
reference,miss,5671,219,18,237,0,1
reference,hit,5671,284,490,774,0,1
reference,miss,5672,207,19,226,0,1
reference,hit,5672,282,507,789,0,1
reference,miss,5673,215,18,233,0,1
reference,hit,5673,286,484,770,0,1
reference,miss,5674,209,18,227,0,1
reference,hit,5674,281,482,763,0,1
reference,miss,5675,220,18,238,0,1
reference,hit,5675,287,484,771,0,1
reference,miss,5676,210,17,227,0,1
reference,hit,5676,280,481,761,0,1
reference,miss,5677,217,17,234,0,1
reference,hit,5677,281,493,774,0,1
reference,miss,5678,207,19,226,0,1
reference,hit,5678,279,486,765,0,1
reference,miss,5679,217,18,235,0,1
reference,hit,5679,287,489,776,0,1
reference,miss,5680,203,19,222,0,1
reference,hit,5680,284,498,782,0,1
reference,miss,5681,216,18,234,0,1
reference,hit,5681,287,492,779,0,1
reference,miss,5682,210,17,227,0,1
reference,hit,5682,282,492,774,0,1
reference,miss,5683,217,18,235,0,1
reference,hit,5683,285,501,786,0,1
reference,miss,5684,209,18,227,0,1
reference,hit,5684,283,478,761,0,1
reference,miss,5685,216,18,234,0,1
reference,hit,5685,286,480,766,0,1
reference,miss,5686,206,18,224,0,1
reference,hit,5686,284,472,756,0,1
reference,miss,5687,216,18,234,0,1
reference,hit,5687,285,475,760,0,1
reference,miss,5688,209,18,227,0,1
reference,hit,5688,285,472,757,0,1
reference,miss,5689,217,18,235,0,1
reference,hit,5689,286,479,765,0,1
reference,miss,5690,203,18,221,0,1
reference,hit,5690,282,474,756,0,1
reference,miss,5691,221,18,239,0,1
reference,hit,5691,370,529,899,0,1
reference,miss,5692,206,19,225,0,1
reference,hit,5692,289,478,767,0,1
reference,miss,5693,218,18,236,0,1
reference,hit,5693,290,478,768,0,1
reference,miss,5694,203,18,221,0,1
reference,hit,5694,289,498,787,0,1
reference,miss,5695,217,18,235,0,1
reference,hit,5695,295,486,781,0,1
reference,miss,5696,209,18,227,0,1
reference,hit,5696,287,480,767,0,1
reference,miss,5697,217,18,235,0,1
reference,hit,5697,286,503,789,0,1
reference,miss,5698,202,18,220,0,1
reference,hit,5698,287,494,781,0,1
reference,miss,5699,218,18,236,0,1
reference,hit,5699,288,481,769,0,1
reference,miss,5700,205,19,224,0,1
reference,hit,5700,286,476,762,0,1
reference,miss,5701,218,17,235,0,1
reference,hit,5701,285,488,773,0,1
reference,miss,5702,204,18,222,0,1
reference,hit,5702,286,476,762,0,1
reference,miss,5703,218,18,236,0,1
reference,hit,5703,288,493,781,0,1
reference,miss,5704,204,18,222,0,1
reference,hit,5704,288,480,768,0,1
reference,miss,5705,217,17,234,0,1
reference,hit,5705,291,490,781,0,1
reference,miss,5706,201,18,219,0,1
reference,hit,5706,289,475,764,0,1
reference,miss,5707,217,18,235,0,1
reference,hit,5707,289,495,784,0,1
reference,miss,5708,211,18,229,0,1
reference,hit,5708,284,477,761,0,1
reference,miss,5709,216,18,234,0,1
reference,hit,5709,289,476,765,0,1
reference,miss,5710,207,17,224,0,1
reference,hit,5710,291,482,773,0,1
reference,miss,5711,216,19,235,0,1
reference,hit,5711,284,481,765,0,1
reference,miss,5712,205,19,224,0,1
reference,hit,5712,287,480,767,0,1
reference,miss,5713,217,18,235,0,1
reference,hit,5713,289,525,814,0,1
reference,miss,5714,208,18,226,0,1
reference,hit,5714,288,494,782,0,1
reference,miss,5715,220,17,237,0,1
reference,hit,5715,290,494,784,0,1
reference,miss,5716,200,18,218,0,1
reference,hit,5716,290,488,778,0,1
reference,miss,5717,217,18,235,0,1
reference,hit,5717,290,497,787,0,1
reference,miss,5718,208,18,226,0,1
reference,hit,5718,290,483,773,0,1
reference,miss,5719,216,18,234,0,1
reference,hit,5719,283,479,762,0,1
reference,miss,5720,203,18,221,0,1
reference,hit,5720,288,482,770,0,1
reference,miss,5721,217,18,235,0,1
reference,hit,5721,287,491,778,0,1
reference,miss,5722,204,19,223,0,1
reference,hit,5722,289,486,775,0,1
reference,miss,5723,216,18,234,0,1
reference,hit,5723,287,478,765,0,1
reference,miss,5724,205,18,223,0,1
reference,hit,5724,289,497,786,0,1
reference,miss,5725,218,17,235,0,1
reference,hit,5725,282,496,778,0,1
reference,miss,5726,203,18,221,0,1
reference,hit,5726,283,487,770,0,1
reference,miss,5727,216,19,235,0,1
reference,hit,5727,290,492,782,0,1
reference,miss,5728,205,17,222,0,1
reference,hit,5728,290,484,774,0,1
reference,miss,5729,216,18,234,0,1
reference,hit,5729,281,480,761,0,1
reference,miss,5730,206,18,224,0,1
reference,hit,5730,284,483,767,0,1
reference,miss,5731,218,18,236,0,1
reference,hit,5731,282,478,760,0,1
reference,miss,5732,206,18,224,0,1
reference,hit,5732,282,482,764,0,1
reference,miss,5733,217,18,235,0,1
reference,hit,5733,284,484,768,0,1
reference,miss,5734,206,957,1163,0,1
reference,hit,5734,300,1216,1516,0,1
reference,miss,5735,219,17,236,0,1
reference,hit,5735,292,480,772,0,1
reference,miss,5736,210,18,228,0,1
reference,hit,5736,287,483,770,0,1
reference,miss,5737,218,17,235,0,1
reference,hit,5737,286,490,776,0,1
reference,miss,5738,203,19,222,0,1
reference,hit,5738,281,489,770,0,1
reference,miss,5739,264,17,281,0,1
reference,hit,5739,286,481,767,0,1
reference,miss,5740,206,19,225,0,1
reference,hit,5740,285,540,825,0,1
reference,miss,5741,218,17,235,0,1
reference,hit,5741,284,543,827,0,1
reference,miss,5742,206,18,224,0,1
reference,hit,5742,283,502,785,0,1
reference,miss,5743,218,17,235,0,1
reference,hit,5743,281,488,769,0,1
reference,miss,5744,203,18,221,0,1
reference,hit,5744,278,480,758,0,1
reference,miss,5745,218,19,237,0,1
reference,hit,5745,287,487,774,0,1
reference,miss,5746,210,18,228,0,1
reference,hit,5746,315,540,855,0,1
reference,miss,5747,220,17,237,0,1
reference,hit,5747,286,528,814,0,1
reference,miss,5748,204,18,222,0,1
reference,hit,5748,282,495,777,0,1
reference,miss,5749,218,18,236,0,1
reference,hit,5749,282,514,796,0,1
reference,miss,5750,206,18,224,0,1
reference,hit,5750,288,483,771,0,1
reference,miss,5751,218,18,236,0,1
reference,hit,5751,285,498,783,0,1
reference,miss,5752,204,18,222,0,1
reference,hit,5752,281,475,756,0,1
reference,miss,5753,217,17,234,0,1
reference,hit,5753,283,479,762,0,1
reference,miss,5754,210,17,227,0,1
reference,hit,5754,286,474,760,0,1
reference,miss,5755,221,19,240,0,1
reference,hit,5755,285,480,765,0,1
reference,miss,5756,211,17,228,0,1
reference,hit,5756,283,480,763,0,1
reference,miss,5757,216,18,234,0,1
reference,hit,5757,287,478,765,0,1
reference,miss,5758,208,19,227,0,1
reference,hit,5758,287,475,762,0,1
reference,miss,5759,218,18,236,0,1
reference,hit,5759,287,502,789,0,1
reference,miss,5760,207,18,225,0,1
reference,hit,5760,282,480,762,0,1
reference,miss,5761,218,18,236,0,1
reference,hit,5761,281,481,762,0,1
reference,miss,5762,204,17,221,0,1
reference,hit,5762,281,485,766,0,1
reference,miss,5763,217,18,235,0,1
reference,hit,5763,286,485,771,0,1
reference,miss,5764,204,19,223,0,1
reference,hit,5764,284,485,769,0,1
reference,miss,5765,219,17,236,0,1
reference,hit,5765,284,491,775,0,1
reference,miss,5766,206,18,224,0,1
reference,hit,5766,524,488,1012,0,1
reference,miss,5767,218,18,236,0,1
reference,hit,5767,359,485,844,0,1
reference,miss,5768,211,17,228,0,1
reference,hit,5768,290,486,776,0,1
reference,miss,5769,218,18,236,0,1
reference,hit,5769,285,478,763,0,1
reference,miss,5770,208,18,226,0,1
reference,hit,5770,289,501,790,0,1
reference,miss,5771,218,18,236,0,1
reference,hit,5771,292,476,768,0,1
reference,miss,5772,209,18,227,0,1
reference,hit,5772,282,479,761,0,1
reference,miss,5773,216,18,234,0,1
reference,hit,5773,283,478,761,0,1
reference,miss,5774,208,18,226,0,1
reference,hit,5774,287,479,766,0,1
reference,miss,5775,217,18,235,0,1
reference,hit,5775,282,476,758,0,1
reference,miss,5776,207,18,225,0,1
reference,hit,5776,283,480,763,0,1
reference,miss,5777,222,18,240,0,1
reference,hit,5777,280,497,777,0,1
reference,miss,5778,205,17,222,0,1
reference,hit,5778,284,480,764,0,1
reference,miss,5779,217,18,235,0,1
reference,hit,5779,284,490,774,0,1
reference,miss,5780,206,18,224,0,1
reference,hit,5780,286,478,764,0,1
reference,miss,5781,217,17,234,0,1
reference,hit,5781,283,484,767,0,1
reference,miss,5782,207,18,225,0,1
reference,hit,5782,284,480,764,0,1
reference,miss,5783,216,18,234,0,1
reference,hit,5783,283,493,776,0,1
reference,miss,5784,205,17,222,0,1
reference,hit,5784,287,493,780,0,1
reference,miss,5785,217,18,235,0,1
reference,hit,5785,288,480,768,0,1
reference,miss,5786,202,18,220,0,1
reference,hit,5786,283,487,770,0,1
reference,miss,5787,215,18,233,0,1
reference,hit,5787,284,473,757,0,1
reference,miss,5788,207,17,224,0,1
reference,hit,5788,283,475,758,0,1
reference,miss,5789,219,18,237,0,1
reference,hit,5789,284,480,764,0,1
reference,miss,5790,202,18,220,0,1
reference,hit,5790,282,476,758,0,1
reference,miss,5791,217,18,235,0,1
reference,hit,5791,288,479,767,0,1
reference,miss,5792,207,18,225,0,1
reference,hit,5792,282,497,779,0,1
reference,miss,5793,217,19,236,0,1
reference,hit,5793,283,472,755,0,1
reference,miss,5794,209,18,227,0,1
reference,hit,5794,279,487,766,0,1
reference,miss,5795,219,18,237,0,1
reference,hit,5795,285,472,757,0,1
reference,miss,5796,208,18,226,0,1
reference,hit,5796,281,473,754,0,1
reference,miss,5797,219,18,237,0,1
reference,hit,5797,284,474,758,0,1
reference,miss,5798,205,17,222,0,1
reference,hit,5798,282,471,753,0,1
reference,miss,5799,218,19,237,0,1
reference,hit,5799,282,496,778,0,1
reference,miss,5800,207,17,224,0,1
reference,hit,5800,281,471,752,0,1
reference,miss,5801,217,17,234,0,1
reference,hit,5801,284,488,772,0,1
reference,miss,5802,203,18,221,0,1
reference,hit,5802,283,480,763,0,1
reference,miss,5803,215,17,232,0,1
reference,hit,5803,284,491,775,0,1
reference,miss,5804,202,18,220,0,1
reference,hit,5804,298,577,875,0,1
reference,miss,5805,219,17,236,0,1
reference,hit,5805,283,500,783,0,1
reference,miss,5806,206,18,224,0,1
reference,hit,5806,283,510,793,0,1
reference,miss,5807,217,18,235,0,1
reference,hit,5807,280,477,757,0,1
reference,miss,5808,204,17,221,0,1
reference,hit,5808,294,480,774,0,1
reference,miss,5809,216,18,234,0,1
reference,hit,5809,278,486,764,0,1
reference,miss,5810,208,19,227,0,1
reference,hit,5810,286,489,775,0,1
reference,miss,5811,217,17,234,0,1
reference,hit,5811,281,491,772,0,1
reference,miss,5812,202,17,219,0,1
reference,hit,5812,288,485,773,0,1
reference,miss,5813,216,19,235,0,1
reference,hit,5813,284,479,763,0,1
reference,miss,5814,204,18,222,0,1
reference,hit,5814,285,490,775,0,1
reference,miss,5815,218,18,236,0,1
reference,hit,5815,284,486,770,0,1
reference,miss,5816,202,17,219,0,1
reference,hit,5816,284,480,764,0,1
reference,miss,5817,215,19,234,0,1
reference,hit,5817,283,482,765,0,1
reference,miss,5818,209,18,227,0,1
reference,hit,5818,284,488,772,0,1
reference,miss,5819,218,19,237,0,1
reference,hit,5819,288,503,791,0,1
reference,miss,5820,202,18,220,0,1
reference,hit,5820,283,490,773,0,1
reference,miss,5821,217,17,234,0,1
reference,hit,5821,287,511,798,0,1
reference,miss,5822,204,17,221,0,1
reference,hit,5822,282,479,761,0,1
reference,miss,5823,217,18,235,0,1
reference,hit,5823,292,489,781,0,1
reference,miss,5824,204,17,221,0,1
reference,hit,5824,283,476,759,0,1
reference,miss,5825,215,18,233,0,1
reference,hit,5825,284,483,767,0,1
reference,miss,5826,206,18,224,0,1
reference,hit,5826,276,492,768,0,1
reference,miss,5827,216,18,234,0,1
reference,hit,5827,285,485,770,0,1
reference,miss,5828,204,18,222,0,1
reference,hit,5828,279,485,764,0,1
reference,miss,5829,218,18,236,0,1
reference,hit,5829,280,499,779,0,1
reference,miss,5830,208,18,226,0,1
reference,hit,5830,287,484,771,0,1
reference,miss,5831,216,18,234,0,1
reference,hit,5831,285,486,771,0,1
reference,miss,5832,202,17,219,0,1
reference,hit,5832,287,503,790,0,1
reference,miss,5833,217,18,235,0,1
reference,hit,5833,279,489,768,0,1
reference,miss,5834,210,17,227,0,1
reference,hit,5834,281,479,760,0,1
reference,miss,5835,216,19,235,0,1
reference,hit,5835,280,497,777,0,1
reference,miss,5836,204,1036,1240,0,1
reference,hit,5836,302,1220,1522,0,1
reference,miss,5837,219,17,236,0,1
reference,hit,5837,285,495,780,0,1
reference,miss,5838,206,19,225,0,1
reference,hit,5838,273,476,749,0,1
reference,miss,5839,215,18,233,0,1
reference,hit,5839,282,481,763,0,1
reference,miss,5840,209,17,226,0,1
reference,hit,5840,283,516,799,0,1
reference,miss,5841,218,18,236,0,1
reference,hit,5841,280,481,761,0,1
reference,miss,5842,207,17,224,0,1
reference,hit,5842,286,499,785,0,1
reference,miss,5843,215,18,233,0,1
reference,hit,5843,280,477,757,0,1
reference,miss,5844,208,18,226,0,1
reference,hit,5844,285,483,768,0,1
reference,miss,5845,217,18,235,0,1
reference,hit,5845,275,476,751,0,1
reference,miss,5846,210,18,228,0,1
reference,hit,5846,283,477,760,0,1
reference,miss,5847,215,18,233,0,1
reference,hit,5847,285,480,765,0,1
reference,miss,5848,208,18,226,0,1
reference,hit,5848,281,501,782,0,1
reference,miss,5849,215,18,233,0,1
reference,hit,5849,274,487,761,0,1
reference,miss,5850,209,17,226,0,1
reference,hit,5850,285,477,762,0,1
reference,miss,5851,219,18,237,0,1
reference,hit,5851,277,513,790,0,1
reference,miss,5852,202,19,221,0,1
reference,hit,5852,283,483,766,0,1
reference,miss,5853,218,19,237,0,1
reference,hit,5853,274,488,762,0,1
reference,miss,5854,213,18,231,0,1
reference,hit,5854,286,496,782,0,1
reference,miss,5855,213,18,231,0,1
reference,hit,5855,287,495,782,0,1
reference,miss,5856,205,19,224,0,1
reference,hit,5856,287,513,800,0,1
reference,miss,5857,213,19,232,0,1
reference,hit,5857,281,479,760,0,1
reference,miss,5858,206,17,223,0,1
reference,hit,5858,277,477,754,0,1
reference,miss,5859,213,18,231,0,1
reference,hit,5859,284,474,758,0,1
reference,miss,5860,203,18,221,0,1
reference,hit,5860,287,473,760,0,1
reference,miss,5861,216,18,234,0,1
reference,hit,5861,278,478,756,0,1
reference,miss,5862,204,18,222,0,1
reference,hit,5862,334,551,885,0,1
reference,miss,5863,218,19,237,0,1
reference,hit,5863,283,500,783,0,1
reference,miss,5864,208,18,226,0,1
reference,hit,5864,284,480,764,0,1
reference,miss,5865,216,19,235,0,1
reference,hit,5865,286,505,791,0,1
reference,miss,5866,205,17,222,0,1
reference,hit,5866,285,477,762,0,1
reference,miss,5867,216,18,234,0,1
reference,hit,5867,285,472,757,0,1
reference,miss,5868,208,18,226,0,1
reference,hit,5868,279,472,751,0,1
reference,miss,5869,218,17,235,0,1
reference,hit,5869,282,524,806,0,1
reference,miss,5870,208,18,226,0,1
reference,hit,5870,284,475,759,0,1
reference,miss,5871,217,17,234,0,1
reference,hit,5871,284,478,762,0,1
reference,miss,5872,210,17,227,0,1
reference,hit,5872,276,481,757,0,1
reference,miss,5873,216,18,234,0,1
reference,hit,5873,283,512,795,0,1
reference,miss,5874,205,16,221,0,1
reference,hit,5874,286,475,761,0,1
reference,miss,5875,216,18,234,0,1
reference,hit,5875,285,492,777,0,1
reference,miss,5876,209,19,228,0,1
reference,hit,5876,284,480,764,0,1
reference,miss,5877,215,19,234,0,1
reference,hit,5877,287,505,792,0,1
reference,miss,5878,207,18,225,0,1
reference,hit,5878,284,495,779,0,1
reference,miss,5879,217,18,235,0,1
reference,hit,5879,284,482,766,0,1
reference,miss,5880,210,17,227,0,1
reference,hit,5880,283,498,781,0,1
reference,miss,5881,216,19,235,0,1
reference,hit,5881,283,488,771,0,1
reference,miss,5882,203,18,221,0,1
reference,hit,5882,286,486,772,0,1
reference,miss,5883,214,19,233,0,1
reference,hit,5883,285,486,771,0,1
reference,miss,5884,207,18,225,0,1
reference,hit,5884,283,504,787,0,1
reference,miss,5885,217,18,235,0,1
reference,hit,5885,284,476,760,0,1
reference,miss,5886,212,17,229,0,1
reference,hit,5886,283,477,760,0,1
reference,miss,5887,216,18,234,0,1
reference,hit,5887,284,489,773,0,1
reference,miss,5888,209,18,227,0,1
reference,hit,5888,278,479,757,0,1
reference,miss,5889,216,70,286,0,1
reference,hit,5889,283,485,768,0,1
reference,miss,5890,264,21,285,0,1
reference,hit,5890,361,721,1082,0,1
reference,miss,5891,221,17,238,0,1
reference,hit,5891,293,505,798,0,1
reference,miss,5892,208,17,225,0,1
reference,hit,5892,285,479,764,0,1
reference,miss,5893,221,18,239,0,1
reference,hit,5893,290,489,779,0,1
reference,miss,5894,205,17,222,0,1
reference,hit,5894,289,479,768,0,1
reference,miss,5895,221,17,238,0,1
reference,hit,5895,287,478,765,0,1
reference,miss,5896,204,17,221,0,1
reference,hit,5896,292,478,770,0,1
reference,miss,5897,219,18,237,0,1
reference,hit,5897,291,487,778,0,1
reference,miss,5898,202,18,220,0,1
reference,hit,5898,288,497,785,0,1
reference,miss,5899,216,18,234,0,1
reference,hit,5899,293,476,769,0,1
reference,miss,5900,203,19,222,0,1
reference,hit,5900,287,486,773,0,1
reference,miss,5901,220,17,237,0,1
reference,hit,5901,291,482,773,0,1
reference,miss,5902,206,17,223,0,1
reference,hit,5902,290,487,777,0,1
reference,miss,5903,215,18,233,0,1
reference,hit,5903,292,479,771,0,1
reference,miss,5904,204,18,222,0,1
reference,hit,5904,281,487,768,0,1
reference,miss,5905,221,18,239,0,1
reference,hit,5905,295,485,780,0,1
reference,miss,5906,203,18,221,0,1
reference,hit,5906,293,512,805,0,1
reference,miss,5907,215,18,233,0,1
reference,hit,5907,297,482,779,0,1
reference,miss,5908,203,17,220,0,1
reference,hit,5908,285,502,787,0,1
reference,miss,5909,216,17,233,0,1
reference,hit,5909,294,494,788,0,1
reference,miss,5910,204,18,222,0,1
reference,hit,5910,289,478,767,0,1
reference,miss,5911,223,18,241,0,1
reference,hit,5911,291,476,767,0,1
reference,miss,5912,204,18,222,0,1
reference,hit,5912,286,500,786,0,1
reference,miss,5913,222,18,240,0,1
reference,hit,5913,290,497,787,0,1
reference,miss,5914,205,18,223,0,1
reference,hit,5914,287,490,777,0,1
reference,miss,5915,222,19,241,0,1
reference,hit,5915,289,512,801,0,1
reference,miss,5916,204,18,222,0,1
reference,hit,5916,289,493,782,0,1
reference,miss,5917,220,17,237,0,1
reference,hit,5917,286,498,784,0,1
reference,miss,5918,203,18,221,0,1
reference,hit,5918,288,491,779,0,1
reference,miss,5919,216,17,233,0,1
reference,hit,5919,303,554,857,0,1
reference,miss,5920,205,19,224,0,1
reference,hit,5920,292,499,791,0,1
reference,miss,5921,215,18,233,0,1
reference,hit,5921,290,483,773,0,1
reference,miss,5922,201,18,219,0,1
reference,hit,5922,283,491,774,0,1
reference,miss,5923,218,18,236,0,1
reference,hit,5923,281,513,794,0,1
reference,miss,5924,205,17,222,0,1
reference,hit,5924,288,499,787,0,1
reference,miss,5925,296,18,314,0,1
reference,hit,5925,281,492,773,0,1
reference,miss,5926,207,19,226,0,1
reference,hit,5926,288,550,838,0,1
reference,miss,5927,215,19,234,0,1
reference,hit,5927,279,502,781,0,1
reference,miss,5928,207,18,225,0,1
reference,hit,5928,287,577,864,0,1
reference,miss,5929,217,17,234,0,1
reference,hit,5929,283,688,971,0,1
reference,miss,5930,205,17,222,0,1
reference,hit,5930,283,505,788,0,1
reference,miss,5931,222,18,240,0,1
reference,hit,5931,345,503,848,0,1
reference,miss,5932,208,18,226,0,1
reference,hit,5932,287,491,778,0,1
reference,miss,5933,218,18,236,0,1
reference,hit,5933,279,485,764,0,1
reference,miss,5934,209,18,227,0,1
reference,hit,5934,289,479,768,0,1
reference,miss,5935,285,18,303,0,1
reference,hit,5935,285,501,786,0,1
reference,miss,5936,202,18,220,0,1
reference,hit,5936,285,489,774,0,1
reference,miss,5937,216,18,234,0,1
reference,hit,5937,276,507,783,0,1
reference,miss,5938,209,18,227,0,1
reference,hit,5938,297,513,810,0,1
reference,miss,5939,218,18,236,0,1
reference,hit,5939,355,492,847,0,1
reference,miss,5940,209,17,226,0,1
reference,hit,5940,289,488,777,0,1
reference,miss,5941,222,18,240,0,1
reference,hit,5941,468,490,958,0,1
reference,miss,5942,205,19,224,0,1
reference,hit,5942,1313,859,2172,0,1
reference,miss,5943,219,17,236,0,1
reference,hit,5943,451,597,1048,0,1
reference,miss,5944,203,18,221,0,1
reference,hit,5944,281,517,798,0,1
reference,miss,5945,219,18,237,0,1
reference,hit,5945,285,489,774,0,1
reference,miss,5946,503,17,520,0,1
reference,hit,5946,289,557,846,0,1
reference,miss,5947,282,19,301,0,1
reference,hit,5947,285,572,857,0,1
reference,miss,5948,206,18,224,0,1
reference,hit,5948,281,573,854,0,1
reference,miss,5949,219,18,237,0,1
reference,hit,5949,285,609,894,0,1
reference,miss,5950,204,17,221,0,1
reference,hit,5950,292,495,787,0,1
reference,miss,5951,216,18,234,0,1
reference,hit,5951,285,510,795,0,1
reference,miss,5952,206,18,224,0,1
reference,hit,5952,287,578,865,0,1
reference,miss,5953,216,19,235,0,1
reference,hit,5953,342,549,891,0,1
reference,miss,5954,203,18,221,0,1
reference,hit,5954,347,501,848,0,1
reference,miss,5955,215,18,233,0,1
reference,hit,5955,282,630,912,0,1
reference,miss,5956,208,19,227,0,1
reference,hit,5956,323,556,879,0,1
reference,miss,5957,216,19,235,0,1
reference,hit,5957,274,493,767,0,1
reference,miss,5958,209,17,226,0,1
reference,hit,5958,387,486,873,0,1
reference,miss,5959,219,19,238,0,1
reference,hit,5959,280,501,781,0,1
reference,miss,5960,205,18,223,0,1
reference,hit,5960,281,493,774,0,1
reference,miss,5961,219,19,238,0,1
reference,hit,5961,281,594,875,0,1
reference,miss,5962,209,17,226,0,1
reference,hit,5962,279,532,811,0,1
reference,miss,5963,219,18,237,0,1
reference,hit,5963,274,492,766,0,1
reference,miss,5964,208,18,226,0,1
reference,hit,5964,280,491,771,0,1
reference,miss,5965,217,17,234,0,1
reference,hit,5965,281,519,800,0,1
reference,miss,5966,204,17,221,0,1
reference,hit,5966,336,718,1054,0,1
reference,miss,5967,219,18,237,0,1
reference,hit,5967,300,520,820,0,1
reference,miss,5968,205,18,223,0,1
reference,hit,5968,281,578,859,0,1
reference,miss,5969,215,19,234,0,1
reference,hit,5969,284,752,1036,0,1
reference,miss,5970,206,17,223,0,1
reference,hit,5970,282,629,911,0,1
reference,miss,5971,215,18,233,0,1
reference,hit,5971,336,548,884,0,1
reference,miss,5972,208,17,225,0,1
reference,hit,5972,283,4315,4598,0,1
reference,miss,5973,217,19,236,0,1
reference,hit,5973,322,616,938,0,1
reference,miss,5974,209,17,226,0,1
reference,hit,5974,286,726,1012,0,1
reference,miss,5975,217,18,235,0,1
reference,hit,5975,289,498,787,0,1
reference,miss,5976,208,18,226,0,1
reference,hit,5976,280,494,774,0,1
reference,miss,5977,216,18,234,0,1
reference,hit,5977,288,542,830,0,1
reference,miss,5978,210,17,227,0,1
reference,hit,5978,286,485,771,0,1
reference,miss,5979,216,17,233,0,1
reference,hit,5979,285,533,818,0,1
reference,miss,5980,208,18,226,0,1
reference,hit,5980,292,849,1141,0,1
reference,miss,5981,214,19,233,0,1
reference,hit,5981,287,488,775,0,1
reference,miss,5982,206,18,224,0,1
reference,hit,5982,286,520,806,0,1
reference,miss,5983,217,18,235,0,1
reference,hit,5983,292,566,858,0,1
reference,miss,5984,212,18,230,0,1
reference,hit,5984,287,575,862,0,1
reference,miss,5985,218,17,235,0,1
reference,hit,5985,326,475,801,0,1
reference,miss,5986,208,19,227,0,1
reference,hit,5986,288,482,770,0,1
reference,miss,5987,217,18,235,0,1
reference,hit,5987,290,497,787,0,1
reference,miss,5988,206,17,223,0,1
reference,hit,5988,286,480,766,0,1
reference,miss,5989,219,18,237,0,1
reference,hit,5989,289,513,802,0,1
reference,miss,5990,203,18,221,0,1
reference,hit,5990,289,488,777,0,1
reference,miss,5991,214,18,232,0,1
reference,hit,5991,288,492,780,0,1
reference,miss,5992,204,17,221,0,1
reference,hit,5992,286,489,775,0,1
reference,miss,5993,215,19,234,0,1
reference,hit,5993,284,522,806,0,1
reference,miss,5994,207,18,225,0,1
reference,hit,5994,291,483,774,0,1
reference,miss,5995,217,18,235,0,1
reference,hit,5995,287,482,769,0,1
reference,miss,5996,208,17,225,0,1
reference,hit,5996,286,484,770,0,1
reference,miss,5997,216,17,233,0,1
reference,hit,5997,286,541,827,0,1
reference,miss,5998,204,18,222,0,1
reference,hit,5998,287,502,789,0,1
reference,miss,5999,216,19,235,0,1
reference,hit,5999,283,509,792,0,1
reference,miss,6000,204,18,222,0,1
reference,hit,6000,287,491,778,0,1
reference,miss,6001,217,18,235,0,1
reference,hit,6001,292,509,801,0,1
reference,miss,6002,209,18,227,0,1
reference,hit,6002,287,493,780,0,1
reference,miss,6003,214,18,232,0,1
reference,hit,6003,288,493,781,0,1
reference,miss,6004,209,17,226,0,1
reference,hit,6004,283,489,772,0,1
reference,miss,6005,215,17,232,0,1
reference,hit,6005,289,509,798,0,1
reference,miss,6006,211,18,229,0,1
reference,hit,6006,289,507,796,0,1
reference,miss,6007,217,17,234,0,1
reference,hit,6007,284,499,783,0,1
reference,miss,6008,203,18,221,0,1
reference,hit,6008,285,506,791,0,1
reference,miss,6009,217,18,235,0,1
reference,hit,6009,281,525,806,0,1
reference,miss,6010,206,19,225,0,1
reference,hit,6010,286,499,785,0,1
reference,miss,6011,215,18,233,0,1
reference,hit,6011,288,517,805,0,1
reference,miss,6012,206,18,224,0,1
reference,hit,6012,291,506,797,0,1
reference,miss,6013,217,18,235,0,1
reference,hit,6013,291,486,777,0,1
reference,miss,6014,206,18,224,0,1
reference,hit,6014,293,486,779,0,1
reference,miss,6015,217,17,234,0,1
reference,hit,6015,292,495,787,0,1
reference,miss,6016,210,20,230,0,1
reference,hit,6016,287,502,789,0,1
reference,miss,6017,215,19,234,0,1
reference,hit,6017,285,490,775,0,1
reference,miss,6018,206,18,224,0,1
reference,hit,6018,288,510,798,0,1
reference,miss,6019,217,18,235,0,1
reference,hit,6019,285,480,765,0,1
reference,miss,6020,203,19,222,0,1
reference,hit,6020,289,518,807,0,1
reference,miss,6021,215,18,233,0,1
reference,hit,6021,284,484,768,0,1
reference,miss,6022,206,19,225,0,1
reference,hit,6022,287,481,768,0,1
reference,miss,6023,214,19,233,0,1
reference,hit,6023,289,490,779,0,1
reference,miss,6024,208,18,226,0,1
reference,hit,6024,285,479,764,0,1
reference,miss,6025,216,18,234,0,1
reference,hit,6025,287,497,784,0,1
reference,miss,6026,202,18,220,0,1
reference,hit,6026,288,488,776,0,1
reference,miss,6027,215,18,233,0,1
reference,hit,6027,282,489,771,0,1
reference,miss,6028,207,18,225,0,1
reference,hit,6028,287,486,773,0,1
reference,miss,6029,218,17,235,0,1
reference,hit,6029,307,545,852,0,1
reference,miss,6030,206,18,224,0,1
reference,hit,6030,289,528,817,0,1
reference,miss,6031,220,18,238,0,1
reference,hit,6031,290,515,805,0,1
reference,miss,6032,203,18,221,0,1
reference,hit,6032,288,500,788,0,1
reference,miss,6033,217,17,234,0,1
reference,hit,6033,287,511,798,0,1
reference,miss,6034,207,19,226,0,1
reference,hit,6034,296,492,788,0,1
reference,miss,6035,215,19,234,0,1
reference,hit,6035,284,487,771,0,1
reference,miss,6036,207,19,226,0,1
reference,hit,6036,287,511,798,0,1
reference,miss,6037,216,18,234,0,1
reference,hit,6037,288,496,784,0,1
reference,miss,6038,208,18,226,0,1
reference,hit,6038,287,495,782,0,1
reference,miss,6039,219,17,236,0,1
reference,hit,6039,287,507,794,0,1
reference,miss,6040,210,18,228,0,1
reference,hit,6040,289,512,801,0,1
reference,miss,6041,227,852,1079,0,1
reference,hit,6041,284,1692,1976,0,1
reference,miss,6042,216,18,234,0,1
reference,hit,6042,294,488,782,0,1
reference,miss,6043,220,17,237,0,1
reference,hit,6043,292,483,775,0,1
reference,miss,6044,202,19,221,0,1
reference,hit,6044,284,485,769,0,1
reference,miss,6045,219,18,237,0,1
reference,hit,6045,291,502,793,0,1
reference,miss,6046,203,17,220,0,1
reference,hit,6046,287,490,777,0,1
reference,miss,6047,217,18,235,0,1
reference,hit,6047,291,504,795,0,1
reference,miss,6048,205,18,223,0,1
reference,hit,6048,283,499,782,0,1
reference,miss,6049,216,18,234,0,1
reference,hit,6049,286,484,770,0,1
reference,miss,6050,207,17,224,0,1
reference,hit,6050,289,483,772,0,1
reference,miss,6051,214,17,231,0,1
reference,hit,6051,289,487,776,0,1
reference,miss,6052,204,18,222,0,1
reference,hit,6052,286,506,792,0,1
reference,miss,6053,218,18,236,0,1
reference,hit,6053,289,481,770,0,1
reference,miss,6054,208,17,225,0,1
reference,hit,6054,285,492,777,0,1
reference,miss,6055,216,19,235,0,1
reference,hit,6055,282,491,773,0,1
reference,miss,6056,209,18,227,0,1
reference,hit,6056,284,500,784,0,1
reference,miss,6057,217,18,235,0,1
reference,hit,6057,283,492,775,0,1
reference,miss,6058,208,18,226,0,1
reference,hit,6058,290,495,785,0,1
reference,miss,6059,218,18,236,0,1
reference,hit,6059,284,489,773,0,1
reference,miss,6060,209,18,227,0,1
reference,hit,6060,290,483,773,0,1
reference,miss,6061,213,18,231,0,1
reference,hit,6061,293,503,796,0,1
reference,miss,6062,208,18,226,0,1
reference,hit,6062,288,485,773,0,1
reference,miss,6063,221,17,238,0,1
reference,hit,6063,284,492,776,0,1
reference,miss,6064,210,18,228,0,1
reference,hit,6064,288,491,779,0,1
reference,miss,6065,215,18,233,0,1
reference,hit,6065,289,484,773,0,1
reference,miss,6066,208,18,226,0,1
reference,hit,6066,283,508,791,0,1
reference,miss,6067,220,18,238,0,1
reference,hit,6067,289,493,782,0,1
reference,miss,6068,208,19,227,0,1
reference,hit,6068,287,482,769,0,1
reference,miss,6069,219,18,237,0,1
reference,hit,6069,287,484,771,0,1
reference,miss,6070,206,18,224,0,1
reference,hit,6070,291,496,787,0,1
reference,miss,6071,219,19,238,0,1
reference,hit,6071,293,504,797,0,1
reference,miss,6072,200,18,218,0,1
reference,hit,6072,291,499,790,0,1
reference,miss,6073,217,18,235,0,1
reference,hit,6073,284,527,811,0,1
reference,miss,6074,203,17,220,0,1
reference,hit,6074,288,499,787,0,1
reference,miss,6075,218,19,237,0,1
reference,hit,6075,280,532,812,0,1
reference,miss,6076,203,18,221,0,1
reference,hit,6076,287,491,778,0,1
reference,miss,6077,215,19,234,0,1
reference,hit,6077,286,490,776,0,1
reference,miss,6078,208,17,225,0,1
reference,hit,6078,288,484,772,0,1
reference,miss,6079,217,17,234,0,1
reference,hit,6079,292,483,775,0,1
reference,miss,6080,208,18,226,0,1
reference,hit,6080,291,482,773,0,1
reference,miss,6081,217,18,235,0,1
reference,hit,6081,284,479,763,0,1
reference,miss,6082,207,17,224,0,1
reference,hit,6082,290,487,777,0,1
reference,miss,6083,215,18,233,0,1
reference,hit,6083,290,477,767,0,1
reference,miss,6084,208,18,226,0,1
reference,hit,6084,292,484,776,0,1
reference,miss,6085,218,18,236,0,1
reference,hit,6085,287,486,773,0,1
reference,miss,6086,208,17,225,0,1
reference,hit,6086,289,486,775,0,1
reference,miss,6087,218,17,235,0,1
reference,hit,6087,286,493,779,0,1
reference,miss,6088,208,18,226,0,1
reference,hit,6088,387,742,1129,0,1
reference,miss,6089,218,18,236,0,1
reference,hit,6089,293,494,787,0,1
reference,miss,6090,207,19,226,0,1
reference,hit,6090,292,493,785,0,1
reference,miss,6091,216,19,235,0,1
reference,hit,6091,293,480,773,0,1
reference,miss,6092,210,18,228,0,1
reference,hit,6092,287,488,775,0,1
reference,miss,6093,218,17,235,0,1
reference,hit,6093,292,495,787,0,1
reference,miss,6094,209,17,226,0,1
reference,hit,6094,287,497,784,0,1
reference,miss,6095,220,18,238,0,1
reference,hit,6095,292,494,786,0,1
reference,miss,6096,204,19,223,0,1
reference,hit,6096,294,508,802,0,1
reference,miss,6097,218,19,237,0,1
reference,hit,6097,292,497,789,0,1
reference,miss,6098,208,18,226,0,1
reference,hit,6098,301,484,785,0,1
reference,miss,6099,214,17,231,0,1
reference,hit,6099,296,495,791,0,1
reference,miss,6100,205,18,223,0,1
reference,hit,6100,292,486,778,0,1
reference,miss,6101,217,18,235,0,1
reference,hit,6101,293,482,775,0,1
reference,miss,6102,205,18,223,0,1
reference,hit,6102,295,492,787,0,1
reference,miss,6103,215,18,233,0,1
reference,hit,6103,290,493,783,0,1
reference,miss,6104,207,17,224,0,1
reference,hit,6104,294,485,779,0,1
reference,miss,6105,214,19,233,0,1
reference,hit,6105,297,483,780,0,1
reference,miss,6106,204,18,222,0,1
reference,hit,6106,295,496,791,0,1
reference,miss,6107,216,18,234,0,1
reference,hit,6107,289,529,818,0,1
reference,miss,6108,209,19,228,0,1
reference,hit,6108,296,497,793,0,1
reference,miss,6109,218,18,236,0,1
reference,hit,6109,291,489,780,0,1
reference,miss,6110,212,18,230,0,1
reference,hit,6110,295,481,776,0,1
reference,miss,6111,221,18,239,0,1
reference,hit,6111,300,483,783,0,1
reference,miss,6112,205,18,223,0,1
reference,hit,6112,294,514,808,0,1
reference,miss,6113,217,19,236,0,1
reference,hit,6113,295,480,775,0,1
reference,miss,6114,202,18,220,0,1
reference,hit,6114,288,486,774,0,1
reference,miss,6115,217,18,235,0,1
reference,hit,6115,295,507,802,0,1
reference,miss,6116,208,18,226,0,1
reference,hit,6116,293,481,774,0,1
reference,miss,6117,216,18,234,0,1
reference,hit,6117,294,486,780,0,1
reference,miss,6118,208,18,226,0,1
reference,hit,6118,295,499,794,0,1
reference,miss,6119,217,17,234,0,1
reference,hit,6119,293,496,789,0,1
reference,miss,6120,208,17,225,0,1
reference,hit,6120,292,492,784,0,1
reference,miss,6121,215,18,233,0,1
reference,hit,6121,286,513,799,0,1
reference,miss,6122,206,17,223,0,1
reference,hit,6122,295,495,790,0,1
reference,miss,6123,217,17,234,0,1
reference,hit,6123,295,486,781,0,1
reference,miss,6124,205,17,222,0,1
reference,hit,6124,294,489,783,0,1
reference,miss,6125,217,18,235,0,1
reference,hit,6125,290,539,829,0,1
reference,miss,6126,206,17,223,0,1
reference,hit,6126,294,487,781,0,1
reference,miss,6127,218,18,236,0,1
reference,hit,6127,288,487,775,0,1
reference,miss,6128,208,17,225,0,1
reference,hit,6128,287,491,778,0,1
reference,miss,6129,217,17,234,0,1
reference,hit,6129,292,490,782,0,1
reference,miss,6130,205,18,223,0,1
reference,hit,6130,290,485,775,0,1
reference,miss,6131,213,18,231,0,1
reference,hit,6131,288,481,769,0,1
reference,miss,6132,204,18,222,0,1
reference,hit,6132,296,486,782,0,1
reference,miss,6133,216,18,234,0,1
reference,hit,6133,295,481,776,0,1
reference,miss,6134,210,19,229,0,1
reference,hit,6134,293,486,779,0,1
reference,miss,6135,216,18,234,0,1
reference,hit,6135,292,496,788,0,1
reference,miss,6136,210,18,228,0,1
reference,hit,6136,297,497,794,0,1
reference,miss,6137,218,18,236,0,1
reference,hit,6137,286,489,775,0,1
reference,miss,6138,205,18,223,0,1
reference,hit,6138,287,485,772,0,1
reference,miss,6139,217,18,235,0,1
reference,hit,6139,296,484,780,0,1
reference,miss,6140,209,18,227,0,1
reference,hit,6140,295,488,783,0,1
reference,miss,6141,215,19,234,0,1
reference,hit,6141,293,476,769,0,1
reference,miss,6142,206,17,223,0,1
reference,hit,6142,335,550,885,0,1
reference,miss,6143,220,817,1037,0,1
reference,hit,6143,300,1391,1691,0,1
reference,miss,6144,224,17,241,0,1
reference,hit,6144,291,497,788,0,1
reference,miss,6145,217,17,234,0,1
reference,hit,6145,293,489,782,0,1
reference,miss,6146,206,18,224,0,1
reference,hit,6146,279,502,781,0,1
reference,miss,6147,217,18,235,0,1
reference,hit,6147,298,494,792,0,1
reference,miss,6148,207,18,225,0,1
reference,hit,6148,294,494,788,0,1
reference,miss,6149,221,17,238,0,1
reference,hit,6149,299,489,788,0,1
reference,miss,6150,206,18,224,0,1
reference,hit,6150,292,487,779,0,1
reference,miss,6151,217,18,235,0,1
reference,hit,6151,299,503,802,0,1
reference,miss,6152,205,17,222,0,1
reference,hit,6152,295,503,798,0,1
reference,miss,6153,218,19,237,0,1
reference,hit,6153,300,488,788,0,1
reference,miss,6154,203,17,220,0,1
reference,hit,6154,296,482,778,0,1
reference,miss,6155,219,19,238,0,1
reference,hit,6155,302,626,928,0,1
reference,miss,6156,207,18,225,0,1
reference,hit,6156,294,481,775,0,1
reference,miss,6157,219,19,238,0,1
reference,hit,6157,298,510,808,0,1
reference,miss,6158,203,17,220,0,1
reference,hit,6158,290,497,787,0,1
reference,miss,6159,220,18,238,0,1
reference,hit,6159,293,507,800,0,1
reference,miss,6160,205,17,222,0,1
reference,hit,6160,291,481,772,0,1
reference,miss,6161,217,19,236,0,1
reference,hit,6161,295,486,781,0,1
reference,miss,6162,204,19,223,0,1
reference,hit,6162,293,486,779,0,1
reference,miss,6163,220,18,238,0,1
reference,hit,6163,300,498,798,0,1
reference,miss,6164,206,18,224,0,1
reference,hit,6164,292,488,780,0,1
reference,miss,6165,221,18,239,0,1
reference,hit,6165,304,506,810,0,1
reference,miss,6166,203,18,221,0,1
reference,hit,6166,286,486,772,0,1
reference,miss,6167,216,19,235,0,1
reference,hit,6167,299,488,787,0,1
reference,miss,6168,203,18,221,0,1
reference,hit,6168,291,487,778,0,1
reference,miss,6169,218,19,237,0,1
reference,hit,6169,293,542,835,0,1
reference,miss,6170,204,18,222,0,1
reference,hit,6170,288,481,769,0,1
reference,miss,6171,219,17,236,0,1
reference,hit,6171,292,504,796,0,1
reference,miss,6172,204,18,222,0,1
reference,hit,6172,294,507,801,0,1
reference,miss,6173,219,17,236,0,1
reference,hit,6173,292,510,802,0,1
reference,miss,6174,203,18,221,0,1
reference,hit,6174,287,489,776,0,1
reference,miss,6175,214,19,233,0,1
reference,hit,6175,292,494,786,0,1
reference,miss,6176,209,18,227,0,1
reference,hit,6176,287,483,770,0,1
reference,miss,6177,217,18,235,0,1
reference,hit,6177,282,492,774,0,1
reference,miss,6178,203,18,221,0,1
reference,hit,6178,292,488,780,0,1
reference,miss,6179,216,18,234,0,1
reference,hit,6179,286,488,774,0,1
reference,miss,6180,207,18,225,0,1
reference,hit,6180,294,478,772,0,1
reference,miss,6181,217,19,236,0,1
reference,hit,6181,287,496,783,0,1
reference,miss,6182,208,18,226,0,1
reference,hit,6182,295,523,818,0,1
reference,miss,6183,216,19,235,0,1
reference,hit,6183,286,500,786,0,1
reference,miss,6184,209,18,227,0,1
reference,hit,6184,292,492,784,0,1
reference,miss,6185,220,19,239,0,1
reference,hit,6185,315,555,870,0,1
reference,miss,6186,207,17,224,0,1
reference,hit,6186,282,504,786,0,1
reference,miss,6187,221,19,240,0,1
reference,hit,6187,278,496,774,0,1
reference,miss,6188,203,17,220,0,1
reference,hit,6188,280,496,776,0,1
reference,miss,6189,220,19,239,0,1
reference,hit,6189,277,489,766,0,1
reference,miss,6190,202,18,220,0,1
reference,hit,6190,428,843,1271,0,1
reference,miss,6191,218,18,236,0,1
reference,hit,6191,307,507,814,0,1
reference,miss,6192,202,18,220,0,1
reference,hit,6192,315,554,869,0,1
reference,miss,6193,217,18,235,0,1
reference,hit,6193,293,496,789,0,1
reference,miss,6194,203,18,221,0,1
reference,hit,6194,793,1635,2428,0,1
reference,miss,6195,216,18,234,0,1
reference,hit,6195,656,1275,1931,0,1
reference,miss,6196,206,19,225,0,1
reference,hit,6196,292,708,1000,0,1
reference,miss,6197,213,19,232,0,1
reference,hit,6197,1321,2375,3696,0,1
reference,miss,6198,206,18,224,0,1
reference,hit,6198,290,483,773,0,1
reference,miss,6199,220,18,238,0,1
reference,hit,6199,562,485,1047,0,1
reference,miss,6200,203,18,221,0,1
reference,hit,6200,695,480,1175,0,1
reference,miss,6201,218,17,235,0,1
reference,hit,6201,291,879,1170,0,1
reference,miss,6202,203,17,220,0,1
reference,hit,6202,293,598,891,0,1
reference,miss,6203,214,18,232,0,1
reference,hit,6203,1624,484,2108,0,1
reference,miss,6204,207,18,225,0,1
reference,hit,6204,290,491,781,0,1
reference,miss,6205,216,18,234,0,1
reference,hit,6205,291,479,770,0,1
reference,miss,6206,204,18,222,0,1
reference,hit,6206,645,621,1266,0,1
reference,miss,6207,282,18,300,0,1
reference,hit,6207,294,794,1088,0,1
reference,miss,6208,207,19,226,0,1
reference,hit,6208,288,743,1031,0,1
reference,miss,6209,218,18,236,0,1
reference,hit,6209,288,494,782,0,1
reference,miss,6210,209,17,226,0,1
reference,hit,6210,289,940,1229,0,1
reference,miss,6211,216,17,233,0,1
reference,hit,6211,287,539,826,0,1
reference,miss,6212,203,17,220,0,1
reference,hit,6212,692,636,1328,0,1
reference,miss,6213,215,18,233,0,1
reference,hit,6213,296,1453,1749,0,1
reference,miss,6214,203,18,221,0,1
reference,hit,6214,445,479,924,0,1
reference,miss,6215,217,19,236,0,1
reference,hit,6215,289,495,784,0,1
reference,miss,6216,205,18,223,0,1
reference,hit,6216,510,713,1223,0,1
reference,miss,6217,922,18,940,0,1
reference,hit,6217,351,477,828,0,1
reference,miss,6218,207,19,226,0,1
reference,hit,6218,471,483,954,0,1
reference,miss,6219,215,18,233,0,1
reference,hit,6219,289,544,833,0,1
reference,miss,6220,207,18,225,0,1
reference,hit,6220,289,894,1183,0,1
reference,miss,6221,214,19,233,0,1
reference,hit,6221,289,495,784,0,1
reference,miss,6222,209,18,227,0,1
reference,hit,6222,283,1396,1679,0,1
reference,miss,6223,213,18,231,0,1
reference,hit,6223,285,480,765,0,1
reference,miss,6224,207,18,225,0,1
reference,hit,6224,291,772,1063,0,1
reference,miss,6225,214,19,233,0,1
reference,hit,6225,287,513,800,0,1
reference,miss,6226,205,18,223,0,1
reference,hit,6226,290,476,766,0,1
reference,miss,6227,218,17,235,0,1
reference,hit,6227,284,578,862,0,1
reference,miss,6228,211,17,228,0,1
reference,hit,6228,287,822,1109,0,1
reference,miss,6229,217,18,235,0,1
reference,hit,6229,284,476,760,0,1
reference,miss,6230,206,19,225,0,1
reference,hit,6230,291,483,774,0,1
reference,miss,6231,217,18,235,0,1
reference,hit,6231,289,481,770,0,1
reference,miss,6232,205,17,222,0,1
reference,hit,6232,295,595,890,0,1
reference,miss,6233,215,19,234,0,1
reference,hit,6233,291,491,782,0,1
reference,miss,6234,209,18,227,0,1
reference,hit,6234,289,492,781,0,1
reference,miss,6235,217,18,235,0,1
reference,hit,6235,290,488,778,0,1
reference,miss,6236,209,17,226,0,1
reference,hit,6236,289,482,771,0,1
reference,miss,6237,216,18,234,0,1
reference,hit,6237,282,484,766,0,1
reference,miss,6238,212,18,230,0,1
reference,hit,6238,289,486,775,0,1
reference,miss,6239,215,18,233,0,1
reference,hit,6239,291,541,832,0,1
reference,miss,6240,207,18,225,0,1
reference,hit,6240,289,481,770,0,1
reference,miss,6241,215,17,232,0,1
reference,hit,6241,287,484,771,0,1
reference,miss,6242,207,18,225,0,1
reference,hit,6242,286,481,767,0,1
reference,miss,6243,215,17,232,0,1
reference,hit,6243,288,485,773,0,1
reference,miss,6244,209,19,228,0,1
reference,hit,6244,289,492,781,0,1
reference,miss,6245,216,19,235,0,1
reference,hit,6245,287,481,768,0,1
reference,miss,6246,210,1259,1469,0,1
reference,hit,6246,304,1464,1768,0,1
reference,miss,6247,219,18,237,0,1
reference,hit,6247,295,488,783,0,1
reference,miss,6248,204,17,221,0,1
reference,hit,6248,291,487,778,0,1
reference,miss,6249,214,18,232,0,1
reference,hit,6249,289,696,985,0,1
reference,miss,6250,209,17,226,0,1
reference,hit,6250,287,516,803,0,1
reference,miss,6251,217,18,235,0,1
reference,hit,6251,368,493,861,0,1
reference,miss,6252,203,18,221,0,1
reference,hit,6252,294,536,830,0,1
reference,miss,6253,214,19,233,0,1
reference,hit,6253,286,487,773,0,1
reference,miss,6254,208,18,226,0,1
reference,hit,6254,289,484,773,0,1
reference,miss,6255,214,18,232,0,1
reference,hit,6255,289,515,804,0,1
reference,miss,6256,202,18,220,0,1
reference,hit,6256,283,486,769,0,1
reference,miss,6257,216,18,234,0,1
reference,hit,6257,282,478,760,0,1
reference,miss,6258,206,18,224,0,1
reference,hit,6258,291,557,848,0,1
reference,miss,6259,215,17,232,0,1
reference,hit,6259,287,488,775,0,1
reference,miss,6260,209,18,227,0,1
reference,hit,6260,286,729,1015,0,1
reference,miss,6261,215,18,233,0,1
reference,hit,6261,287,495,782,0,1
reference,miss,6262,204,19,223,0,1
reference,hit,6262,292,514,806,0,1
reference,miss,6263,217,18,235,0,1
reference,hit,6263,282,500,782,0,1
reference,miss,6264,205,18,223,0,1
reference,hit,6264,288,487,775,0,1
reference,miss,6265,215,17,232,0,1
reference,hit,6265,281,483,764,0,1
reference,miss,6266,208,17,225,0,1
reference,hit,6266,287,493,780,0,1
reference,miss,6267,216,17,233,0,1
reference,hit,6267,287,642,929,0,1
reference,miss,6268,211,17,228,0,1
reference,hit,6268,288,490,778,0,1
reference,miss,6269,215,19,234,0,1
reference,hit,6269,549,496,1045,0,1
reference,miss,6270,208,19,227,0,1
reference,hit,6270,286,508,794,0,1
reference,miss,6271,216,19,235,0,1
reference,hit,6271,291,495,786,0,1
reference,miss,6272,207,19,226,0,1
reference,hit,6272,577,489,1066,0,1
reference,miss,6273,212,18,230,0,1
reference,hit,6273,292,507,799,0,1
reference,miss,6274,203,18,221,0,1
reference,hit,6274,290,492,782,0,1
reference,miss,6275,219,17,236,0,1
reference,hit,6275,287,785,1072,0,1
reference,miss,6276,205,17,222,0,1
reference,hit,6276,292,496,788,0,1
reference,miss,6277,214,18,232,0,1
reference,hit,6277,280,1025,1305,0,1
reference,miss,6278,209,17,226,0,1
reference,hit,6278,287,495,782,0,1
reference,miss,6279,216,17,233,0,1
reference,hit,6279,287,483,770,0,1
reference,miss,6280,208,18,226,0,1
reference,hit,6280,288,509,797,0,1
reference,miss,6281,217,19,236,0,1
reference,hit,6281,282,493,775,0,1
reference,miss,6282,208,18,226,0,1
reference,hit,6282,289,477,766,0,1
reference,miss,6283,216,18,234,0,1
reference,hit,6283,285,493,778,0,1
reference,miss,6284,206,18,224,0,1
reference,hit,6284,319,557,876,0,1
reference,miss,6285,218,18,236,0,1
reference,hit,6285,288,491,779,0,1
reference,miss,6286,207,18,225,0,1
reference,hit,6286,284,485,769,0,1
reference,miss,6287,219,17,236,0,1
reference,hit,6287,283,483,766,0,1
reference,miss,6288,208,16,224,0,1
reference,hit,6288,316,477,793,0,1
reference,miss,6289,216,18,234,0,1
reference,hit,6289,287,499,786,0,1
reference,miss,6290,202,18,220,0,1
reference,hit,6290,287,492,779,0,1
reference,miss,6291,216,19,235,0,1
reference,hit,6291,287,500,787,0,1
reference,miss,6292,210,17,227,0,1
reference,hit,6292,292,506,798,0,1
reference,miss,6293,216,18,234,0,1
reference,hit,6293,285,1970,2255,0,1
reference,miss,6294,206,17,223,0,1
reference,hit,6294,289,487,776,0,1
reference,miss,6295,216,18,234,0,1
reference,hit,6295,287,486,773,0,1
reference,miss,6296,208,17,225,0,1
reference,hit,6296,288,805,1093,0,1
reference,miss,6297,215,19,234,0,1
reference,hit,6297,285,483,768,0,1
reference,miss,6298,206,18,224,0,1
reference,hit,6298,281,481,762,0,1
reference,miss,6299,217,18,235,0,1
reference,hit,6299,594,494,1088,0,1
reference,miss,6300,207,18,225,0,1
reference,hit,6300,278,495,773,0,1
reference,miss,6301,216,18,234,0,1
reference,hit,6301,283,508,791,0,1
reference,miss,6302,208,17,225,0,1
reference,hit,6302,283,505,788,0,1
reference,miss,6303,216,19,235,0,1
reference,hit,6303,504,497,1001,0,1
reference,miss,6304,210,17,227,0,1
reference,hit,6304,580,1433,2013,0,1
reference,miss,6305,220,18,238,0,1
reference,hit,6305,629,486,1115,0,1
reference,miss,6306,208,19,227,0,1
reference,hit,6306,291,480,771,0,1
reference,miss,6307,215,19,234,0,1
reference,hit,6307,281,496,777,0,1
reference,miss,6308,209,17,226,0,1
reference,hit,6308,286,485,771,0,1
reference,miss,6309,214,19,233,0,1
reference,hit,6309,282,502,784,0,1
reference,miss,6310,205,18,223,0,1
reference,hit,6310,282,502,784,0,1
reference,miss,6311,215,19,234,0,1
reference,hit,6311,283,659,942,0,1
reference,miss,6312,207,18,225,0,1
reference,hit,6312,284,488,772,0,1
reference,miss,6313,214,18,232,0,1
reference,hit,6313,276,509,785,0,1
reference,miss,6314,206,19,225,0,1
reference,hit,6314,284,494,778,0,1
reference,miss,6315,215,19,234,0,1
reference,hit,6315,959,487,1446,0,1
reference,miss,6316,208,17,225,0,1
reference,hit,6316,286,659,945,0,1
reference,miss,6317,215,19,234,0,1
reference,hit,6317,281,487,768,0,1
reference,miss,6318,205,17,222,0,1
reference,hit,6318,637,966,1603,0,1
reference,miss,6319,218,19,237,0,1
reference,hit,6319,280,495,775,0,1
reference,miss,6320,205,17,222,0,1
reference,hit,6320,284,486,770,0,1
reference,miss,6321,218,18,236,0,1
reference,hit,6321,327,516,843,0,1
reference,miss,6322,205,17,222,0,1
reference,hit,6322,1811,484,2295,0,1
reference,miss,6323,217,18,235,0,1
reference,hit,6323,282,488,770,0,1
reference,miss,6324,211,18,229,0,1
reference,hit,6324,284,494,778,0,1
reference,miss,6325,217,18,235,0,1
reference,hit,6325,286,487,773,0,1
reference,miss,6326,209,19,228,0,1
reference,hit,6326,281,510,791,0,1
reference,miss,6327,215,18,233,0,1
reference,hit,6327,282,487,769,0,1
reference,miss,6328,203,18,221,0,1
reference,hit,6328,283,486,769,0,1
reference,miss,6329,218,17,235,0,1
reference,hit,6329,280,500,780,0,1
reference,miss,6330,203,17,220,0,1
reference,hit,6330,283,541,824,0,1
reference,miss,6331,216,17,233,0,1
reference,hit,6331,280,632,912,0,1
reference,miss,6332,202,18,220,0,1
reference,hit,6332,284,486,770,0,1
reference,miss,6333,220,17,237,0,1
reference,hit,6333,280,505,785,0,1
reference,miss,6334,210,18,228,0,1
reference,hit,6334,346,884,1230,0,1
reference,miss,6335,216,17,233,0,1
reference,hit,6335,302,529,831,0,1
reference,miss,6336,207,17,224,0,1
reference,hit,6336,299,481,780,0,1
reference,miss,6337,217,18,235,0,1
reference,hit,6337,287,504,791,0,1
reference,miss,6338,208,18,226,0,1
reference,hit,6338,293,503,796,0,1
reference,miss,6339,559,18,577,0,1
reference,hit,6339,290,493,783,0,1
reference,miss,6340,205,18,223,0,1
reference,hit,6340,291,493,784,0,1
reference,miss,6341,213,17,230,0,1
reference,hit,6341,293,486,779,0,1
reference,miss,6342,568,17,585,0,1
reference,hit,6342,293,488,781,0,1
reference,miss,6343,216,18,234,0,1
reference,hit,6343,293,480,773,0,1
reference,miss,6344,203,18,221,0,1
reference,hit,6344,291,480,771,0,1
reference,miss,6345,217,17,234,0,1
reference,hit,6345,292,486,778,0,1
reference,miss,6346,208,18,226,0,1
reference,hit,6346,289,488,777,0,1
reference,miss,6347,215,19,234,0,1
reference,hit,6347,295,796,1091,0,1
reference,miss,6348,202,1112,1314,0,1
reference,hit,6348,309,1272,1581,0,1
reference,miss,6349,216,17,233,0,1
reference,hit,6349,297,492,789,0,1
reference,miss,6350,211,17,228,0,1
reference,hit,6350,286,780,1066,0,1
reference,miss,6351,213,18,231,0,1
reference,hit,6351,291,1348,1639,0,1
reference,miss,6352,208,18,226,0,1
reference,hit,6352,293,727,1020,0,1
reference,miss,6353,215,19,234,0,1
reference,hit,6353,291,496,787,0,1
reference,miss,6354,209,17,226,0,1
reference,hit,6354,291,512,803,0,1
reference,miss,6355,218,18,236,0,1
reference,hit,6355,292,515,807,0,1
reference,miss,6356,203,17,220,0,1
reference,hit,6356,285,500,785,0,1
reference,miss,6357,216,17,233,0,1
reference,hit,6357,292,489,781,0,1
reference,miss,6358,202,18,220,0,1
reference,hit,6358,295,485,780,0,1
reference,miss,6359,217,17,234,0,1
reference,hit,6359,293,492,785,0,1
reference,miss,6360,207,18,225,0,1
reference,hit,6360,301,817,1118,0,1
reference,miss,6361,214,19,233,0,1
reference,hit,6361,298,505,803,0,1
reference,miss,6362,206,16,222,0,1
reference,hit,6362,302,500,802,0,1
reference,miss,6363,215,17,232,0,1
reference,hit,6363,302,623,925,0,1
reference,miss,6364,204,17,221,0,1
reference,hit,6364,311,490,801,0,1
reference,miss,6365,215,18,233,0,1
reference,hit,6365,285,497,782,0,1
reference,miss,6366,206,17,223,0,1
reference,hit,6366,290,494,784,0,1
reference,miss,6367,214,18,232,0,1
reference,hit,6367,293,507,800,0,1
reference,miss,6368,206,19,225,0,1
reference,hit,6368,295,496,791,0,1
reference,miss,6369,212,18,230,0,1
reference,hit,6369,293,494,787,0,1
reference,miss,6370,201,18,219,0,1
reference,hit,6370,286,499,785,0,1
reference,miss,6371,218,18,236,0,1
reference,hit,6371,291,493,784,0,1
reference,miss,6372,211,18,229,0,1
reference,hit,6372,289,480,769,0,1
reference,miss,6373,214,18,232,0,1
reference,hit,6373,300,484,784,0,1
reference,miss,6374,205,18,223,0,1
reference,hit,6374,303,735,1038,0,1
reference,miss,6375,214,18,232,0,1
reference,hit,6375,289,497,786,0,1
reference,miss,6376,202,18,220,0,1
reference,hit,6376,303,512,815,0,1
reference,miss,6377,214,17,231,0,1
reference,hit,6377,611,606,1217,0,1
reference,miss,6378,202,18,220,0,1
reference,hit,6378,532,511,1043,0,1
reference,miss,6379,215,18,233,0,1
reference,hit,6379,286,495,781,0,1
reference,miss,6380,208,17,225,0,1
reference,hit,6380,293,535,828,0,1
reference,miss,6381,217,18,235,0,1
reference,hit,6381,280,762,1042,0,1
reference,miss,6382,209,18,227,0,1
reference,hit,6382,3750,643,4393,0,1
reference,miss,6383,217,19,236,0,1
reference,hit,6383,509,1518,2027,0,1
reference,miss,6384,204,18,222,0,1
reference,hit,6384,287,499,786,0,1
reference,miss,6385,216,18,234,0,1
reference,hit,6385,284,487,771,0,1
reference,miss,6386,208,18,226,0,1
reference,hit,6386,282,487,769,0,1
reference,miss,6387,217,18,235,0,1
reference,hit,6387,282,496,778,0,1
reference,miss,6388,208,18,226,0,1
reference,hit,6388,283,487,770,0,1
reference,miss,6389,216,18,234,0,1
reference,hit,6389,281,485,766,0,1
reference,miss,6390,206,17,223,0,1
reference,hit,6390,842,480,1322,0,1
reference,miss,6391,216,18,234,0,1
reference,hit,6391,280,497,777,0,1
reference,miss,6392,206,18,224,0,1
reference,hit,6392,291,491,782,0,1
reference,miss,6393,217,18,235,0,1
reference,hit,6393,282,1059,1341,0,1
reference,miss,6394,202,19,221,0,1
reference,hit,6394,286,488,774,0,1
reference,miss,6395,216,18,234,0,1
reference,hit,6395,278,490,768,0,1
reference,miss,6396,206,16,222,0,1
reference,hit,6396,288,482,770,0,1
reference,miss,6397,215,18,233,0,1
reference,hit,6397,280,479,759,0,1
reference,miss,6398,209,16,225,0,1
reference,hit,6398,283,480,763,0,1
reference,miss,6399,215,18,233,0,1
reference,hit,6399,286,512,798,0,1
reference,miss,6400,208,17,225,0,1
reference,hit,6400,288,507,795,0,1
reference,miss,6401,217,17,234,0,1
reference,hit,6401,278,501,779,0,1
reference,miss,6402,206,17,223,0,1
reference,hit,6402,283,498,781,0,1
reference,miss,6403,219,18,237,0,1
reference,hit,6403,282,494,776,0,1
reference,miss,6404,209,17,226,0,1
reference,hit,6404,282,493,775,0,1
reference,miss,6405,216,17,233,0,1
reference,hit,6405,282,496,778,0,1
reference,miss,6406,208,18,226,0,1
reference,hit,6406,282,492,774,0,1
reference,miss,6407,214,18,232,0,1
reference,hit,6407,282,495,777,0,1
reference,miss,6408,209,16,225,0,1
reference,hit,6408,282,501,783,0,1
reference,miss,6409,212,18,230,0,1
reference,hit,6409,283,480,763,0,1
reference,miss,6410,209,17,226,0,1
reference,hit,6410,277,501,778,0,1
reference,miss,6411,214,18,232,0,1
reference,hit,6411,279,495,774,0,1
reference,miss,6412,202,17,219,0,1
reference,hit,6412,277,486,763,0,1
reference,miss,6413,216,18,234,0,1
reference,hit,6413,277,547,824,0,1
reference,miss,6414,206,18,224,0,1
reference,hit,6414,285,474,759,0,1
reference,miss,6415,214,17,231,0,1
reference,hit,6415,283,480,763,0,1
reference,miss,6416,209,18,227,0,1
reference,hit,6416,280,492,772,0,1
reference,miss,6417,214,18,232,0,1
reference,hit,6417,282,486,768,0,1
reference,miss,6418,206,17,223,0,1
reference,hit,6418,287,496,783,0,1
reference,miss,6419,215,19,234,0,1
reference,hit,6419,284,499,783,0,1
reference,miss,6420,202,19,221,0,1
reference,hit,6420,283,477,760,0,1
reference,miss,6421,217,18,235,0,1
reference,hit,6421,281,485,766,0,1
reference,miss,6422,210,17,227,0,1
reference,hit,6422,280,493,773,0,1
reference,miss,6423,214,16,230,0,1
reference,hit,6423,281,489,770,0,1
reference,miss,6424,203,17,220,0,1
reference,hit,6424,287,508,795,0,1
reference,miss,6425,218,18,236,0,1
reference,hit,6425,282,485,767,0,1
reference,miss,6426,634,19,653,0,1
reference,hit,6426,287,500,787,0,1
reference,miss,6427,217,17,234,0,1
reference,hit,6427,279,480,759,0,1
reference,miss,6428,204,17,221,0,1
reference,hit,6428,290,487,777,0,1
reference,miss,6429,216,18,234,0,1
reference,hit,6429,277,494,771,0,1
reference,miss,6430,205,17,222,0,1
reference,hit,6430,276,499,775,0,1
reference,miss,6431,214,18,232,0,1
reference,hit,6431,281,479,760,0,1
reference,miss,6432,204,16,220,0,1
reference,hit,6432,288,483,771,0,1
reference,miss,6433,215,18,233,0,1
reference,hit,6433,277,481,758,0,1
reference,miss,6434,204,17,221,0,1
reference,hit,6434,282,488,770,0,1
reference,miss,6435,217,18,235,0,1
reference,hit,6435,318,584,902,0,1
reference,miss,6436,207,17,224,0,1
reference,hit,6436,290,492,782,0,1
reference,miss,6437,218,19,237,0,1
reference,hit,6437,279,489,768,0,1
reference,miss,6438,207,16,223,0,1
reference,hit,6438,287,480,767,0,1
reference,miss,6439,214,17,231,0,1
reference,hit,6439,282,499,781,0,1
reference,miss,6440,201,18,219,0,1
reference,hit,6440,288,500,788,0,1
reference,miss,6441,216,19,235,0,1
reference,hit,6441,277,484,761,0,1
reference,miss,6442,204,18,222,0,1
reference,hit,6442,291,487,778,0,1
reference,miss,6443,216,18,234,0,1
reference,hit,6443,275,488,763,0,1
reference,miss,6444,204,18,222,0,1
reference,hit,6444,282,511,793,0,1
reference,miss,6445,219,18,237,0,1
reference,hit,6445,281,494,775,0,1
reference,miss,6446,205,18,223,0,1
reference,hit,6446,287,492,779,0,1
reference,miss,6447,217,18,235,0,1
reference,hit,6447,281,501,782,0,1
reference,miss,6448,207,19,226,0,1
reference,hit,6448,280,478,758,0,1
reference,miss,6449,218,18,236,0,1
reference,hit,6449,278,496,774,0,1
reference,miss,6450,203,18,221,0,1
reference,hit,6450,294,492,786,0,1
reference,miss,6451,216,18,234,0,1
reference,hit,6451,285,498,783,0,1
reference,miss,6452,205,18,223,0,1
reference,hit,6452,283,496,779,0,1
reference,miss,6453,216,19,235,0,1
reference,hit,6453,283,504,787,0,1
reference,miss,6454,206,17,223,0,1
reference,hit,6454,285,479,764,0,1
reference,miss,6455,217,18,235,0,1
reference,hit,6455,280,515,795,0,1
reference,miss,6456,203,19,222,0,1
reference,hit,6456,285,486,771,0,1
reference,miss,6457,218,18,236,0,1
reference,hit,6457,274,481,755,0,1
reference,miss,6458,207,18,225,0,1
reference,hit,6458,287,487,774,0,1
reference,miss,6459,217,18,235,0,1
reference,hit,6459,282,496,778,0,1
reference,miss,6460,203,17,220,0,1
reference,hit,6460,289,491,780,0,1
reference,miss,6461,218,17,235,0,1
reference,hit,6461,285,493,778,0,1
reference,miss,6462,208,18,226,0,1
reference,hit,6462,281,478,759,0,1
reference,miss,6463,217,17,234,0,1
reference,hit,6463,285,513,798,0,1
reference,miss,6464,203,17,220,0,1
reference,hit,6464,283,487,770,0,1
reference,miss,6465,217,18,235,0,1
reference,hit,6465,281,475,756,0,1
reference,miss,6466,205,17,222,0,1
reference,hit,6466,287,518,805,0,1
reference,miss,6467,215,18,233,0,1
reference,hit,6467,276,483,759,0,1
reference,miss,6468,214,16,230,0,1
reference,hit,6468,288,491,779,0,1
reference,miss,6469,214,19,233,0,1
reference,hit,6469,283,516,799,0,1
reference,miss,6470,203,18,221,0,1
reference,hit,6470,288,505,793,0,1
reference,miss,6471,217,17,234,0,1
reference,hit,6471,281,486,767,0,1
reference,miss,6472,204,17,221,0,1
reference,hit,6472,291,504,795,0,1
reference,miss,6473,217,19,236,0,1
reference,hit,6473,283,487,770,0,1
reference,miss,6474,208,19,227,0,1
reference,hit,6474,289,483,772,0,1
reference,miss,6475,216,17,233,0,1
reference,hit,6475,284,517,801,0,1
reference,miss,6476,204,19,223,0,1
reference,hit,6476,282,490,772,0,1
reference,miss,6477,216,18,234,0,1
reference,hit,6477,283,498,781,0,1
reference,miss,6478,209,17,226,0,1
reference,hit,6478,281,476,757,0,1
reference,miss,6479,215,18,233,0,1
reference,hit,6479,281,484,765,0,1
reference,miss,6480,207,18,225,0,1
reference,hit,6480,289,476,765,0,1
reference,miss,6481,220,18,238,0,1
reference,hit,6481,281,486,767,0,1
reference,miss,6482,207,18,225,0,1
reference,hit,6482,282,473,755,0,1
reference,miss,6483,215,19,234,0,1
reference,hit,6483,281,502,783,0,1
reference,miss,6484,207,18,225,0,1
reference,hit,6484,281,500,781,0,1
reference,miss,6485,219,17,236,0,1
reference,hit,6485,280,494,774,0,1
reference,miss,6486,210,18,228,0,1
reference,hit,6486,283,476,759,0,1
reference,miss,6487,216,19,235,0,1
reference,hit,6487,285,486,771,0,1
reference,miss,6488,209,19,228,0,1
reference,hit,6488,282,486,768,0,1
reference,miss,6489,218,18,236,0,1
reference,hit,6489,283,484,767,0,1
reference,miss,6490,212,17,229,0,1
reference,hit,6490,300,543,843,0,1
reference,miss,6491,216,17,233,0,1
reference,hit,6491,287,490,777,0,1
reference,miss,6492,204,18,222,0,1
reference,hit,6492,284,486,770,0,1
reference,miss,6493,216,18,234,0,1
reference,hit,6493,281,482,763,0,1
reference,miss,6494,213,18,231,0,1
reference,hit,6494,287,492,779,0,1
reference,miss,6495,216,19,235,0,1
reference,hit,6495,286,483,769,0,1
reference,miss,6496,209,18,227,0,1
reference,hit,6496,286,482,768,0,1
reference,miss,6497,216,19,235,0,1
reference,hit,6497,275,497,772,0,1
reference,miss,6498,210,17,227,0,1
reference,hit,6498,290,476,766,0,1
reference,miss,6499,217,19,236,0,1
reference,hit,6499,276,493,769,0,1
reference,miss,6500,209,17,226,0,1
reference,hit,6500,282,504,786,0,1
reference,miss,6501,216,19,235,0,1
reference,hit,6501,283,500,783,0,1
reference,miss,6502,203,18,221,0,1
reference,hit,6502,286,481,767,0,1
reference,miss,6503,215,19,234,0,1
reference,hit,6503,283,503,786,0,1
reference,miss,6504,205,18,223,0,1
reference,hit,6504,282,479,761,0,1
reference,miss,6505,215,18,233,0,1
reference,hit,6505,281,473,754,0,1
reference,miss,6506,206,19,225,0,1
reference,hit,6506,282,490,772,0,1
reference,miss,6507,217,19,236,0,1
reference,hit,6507,278,472,750,0,1
reference,miss,6508,205,18,223,0,1
reference,hit,6508,282,525,807,0,1
reference,miss,6509,219,17,236,0,1
reference,hit,6509,280,486,766,0,1
reference,miss,6510,207,18,225,0,1
reference,hit,6510,287,473,760,0,1
reference,miss,6511,217,18,235,0,1
reference,hit,6511,280,500,780,0,1
reference,miss,6512,206,17,223,0,1
reference,hit,6512,277,484,761,0,1
reference,miss,6513,218,18,236,0,1
reference,hit,6513,281,494,775,0,1
reference,miss,6514,208,18,226,0,1
reference,hit,6514,288,493,781,0,1
reference,miss,6515,215,19,234,0,1
reference,hit,6515,275,482,757,0,1
reference,miss,6516,210,17,227,0,1
reference,hit,6516,285,509,794,0,1
reference,miss,6517,215,17,232,0,1
reference,hit,6517,282,486,768,0,1
reference,miss,6518,207,19,226,0,1
reference,hit,6518,289,500,789,0,1
reference,miss,6519,218,17,235,0,1
reference,hit,6519,281,482,763,0,1
reference,miss,6520,207,18,225,0,1
reference,hit,6520,288,477,765,0,1
reference,miss,6521,216,19,235,0,1
reference,hit,6521,282,490,772,0,1
reference,miss,6522,208,18,226,0,1
reference,hit,6522,287,494,781,0,1
reference,miss,6523,215,18,233,0,1
reference,hit,6523,276,496,772,0,1
reference,miss,6524,206,19,225,0,1
reference,hit,6524,285,479,764,0,1
reference,miss,6525,217,18,235,0,1
reference,hit,6525,281,508,789,0,1
reference,miss,6526,210,18,228,0,1
reference,hit,6526,289,489,778,0,1
reference,miss,6527,215,18,233,0,1
reference,hit,6527,287,484,771,0,1
reference,miss,6528,212,18,230,0,1
reference,hit,6528,286,510,796,0,1
reference,miss,6529,216,18,234,0,1
reference,hit,6529,282,491,773,0,1
reference,miss,6530,208,18,226,0,1
reference,hit,6530,285,490,775,0,1
reference,miss,6531,216,17,233,0,1
reference,hit,6531,281,486,767,0,1
reference,miss,6532,210,17,227,0,1
reference,hit,6532,286,502,788,0,1
reference,miss,6533,218,18,236,0,1
reference,hit,6533,283,492,775,0,1
reference,miss,6534,204,18,222,0,1
reference,hit,6534,288,483,771,0,1
reference,miss,6535,216,18,234,0,1
reference,hit,6535,284,490,774,0,1
reference,miss,6536,208,18,226,0,1
reference,hit,6536,282,488,770,0,1
reference,miss,6537,216,18,234,0,1
reference,hit,6537,283,505,788,0,1
reference,miss,6538,210,17,227,0,1
reference,hit,6538,289,504,793,0,1
reference,miss,6539,217,19,236,0,1
reference,hit,6539,281,489,770,0,1
reference,miss,6540,209,17,226,0,1
reference,hit,6540,288,484,772,0,1
reference,miss,6541,216,18,234,0,1
reference,hit,6541,283,493,776,0,1
reference,miss,6542,207,18,225,0,1
reference,hit,6542,285,490,775,0,1
reference,miss,6543,220,17,237,0,1
reference,hit,6543,279,485,764,0,1
reference,miss,6544,205,18,223,0,1
reference,hit,6544,290,489,779,0,1
reference,miss,6545,218,17,235,0,1
reference,hit,6545,304,554,858,0,1
reference,miss,6546,206,19,225,0,1
reference,hit,6546,292,502,794,0,1
reference,miss,6547,216,18,234,0,1
reference,hit,6547,289,490,779,0,1
reference,miss,6548,205,17,222,0,1
reference,hit,6548,290,484,774,0,1
reference,miss,6549,217,18,235,0,1
reference,hit,6549,282,500,782,0,1
reference,miss,6550,202,17,219,0,1
reference,hit,6550,287,500,787,0,1
reference,miss,6551,218,17,235,0,1
reference,hit,6551,284,482,766,0,1
reference,miss,6552,206,17,223,0,1
reference,hit,6552,292,504,796,0,1
reference,miss,6553,230,832,1062,0,1
reference,hit,6553,287,1326,1613,0,1
reference,miss,6554,217,18,235,0,1
reference,hit,6554,292,519,811,0,1
reference,miss,6555,222,19,241,0,1
reference,hit,6555,299,492,791,0,1
reference,miss,6556,206,17,223,0,1
reference,hit,6556,290,498,788,0,1
reference,miss,6557,219,18,237,0,1
reference,hit,6557,288,486,774,0,1
reference,miss,6558,202,17,219,0,1
reference,hit,6558,283,493,776,0,1
reference,miss,6559,215,19,234,0,1
reference,hit,6559,293,491,784,0,1
reference,miss,6560,207,19,226,0,1
reference,hit,6560,286,492,778,0,1
reference,miss,6561,218,18,236,0,1
reference,hit,6561,288,505,793,0,1
reference,miss,6562,209,17,226,0,1
reference,hit,6562,289,513,802,0,1
reference,miss,6563,217,18,235,0,1
reference,hit,6563,291,479,770,0,1
reference,miss,6564,203,17,220,0,1
reference,hit,6564,290,489,779,0,1
reference,miss,6565,215,18,233,0,1
reference,hit,6565,283,477,760,0,1
reference,miss,6566,211,18,229,0,1
reference,hit,6566,287,502,789,0,1
reference,miss,6567,218,18,236,0,1
reference,hit,6567,282,491,773,0,1
reference,miss,6568,210,19,229,0,1
reference,hit,6568,320,616,936,0,1
reference,miss,6569,216,18,234,0,1
reference,hit,6569,283,491,774,0,1
reference,miss,6570,206,17,223,0,1
reference,hit,6570,289,514,803,0,1
reference,miss,6571,219,17,236,0,1
reference,hit,6571,284,482,766,0,1
reference,miss,6572,205,17,222,0,1
reference,hit,6572,281,489,770,0,1
reference,miss,6573,218,18,236,0,1
reference,hit,6573,282,503,785,0,1
reference,miss,6574,212,17,229,0,1
reference,hit,6574,283,488,771,0,1
reference,miss,6575,218,18,236,0,1
reference,hit,6575,283,501,784,0,1
reference,miss,6576,208,18,226,0,1
reference,hit,6576,281,478,759,0,1
reference,miss,6577,218,18,236,0,1
reference,hit,6577,280,488,768,0,1
reference,miss,6578,207,17,224,0,1
reference,hit,6578,283,502,785,0,1
reference,miss,6579,216,18,234,0,1
reference,hit,6579,282,496,778,0,1
reference,miss,6580,202,17,219,0,1
reference,hit,6580,288,495,783,0,1
reference,miss,6581,216,17,233,0,1
reference,hit,6581,275,482,757,0,1
reference,miss,6582,208,18,226,0,1
reference,hit,6582,291,485,776,0,1
reference,miss,6583,217,17,234,0,1
reference,hit,6583,285,483,768,0,1
reference,miss,6584,203,18,221,0,1
reference,hit,6584,284,513,797,0,1
reference,miss,6585,215,18,233,0,1
reference,hit,6585,282,480,762,0,1
reference,miss,6586,201,18,219,0,1
reference,hit,6586,285,487,772,0,1
reference,miss,6587,215,19,234,0,1
reference,hit,6587,277,485,762,0,1
reference,miss,6588,209,19,228,0,1
reference,hit,6588,288,494,782,0,1
reference,miss,6589,218,17,235,0,1
reference,hit,6589,285,485,770,0,1
reference,miss,6590,202,18,220,0,1
reference,hit,6590,289,493,782,0,1
reference,miss,6591,217,18,235,0,1
reference,hit,6591,293,479,772,0,1
reference,miss,6592,203,16,219,0,1
reference,hit,6592,288,500,788,0,1
reference,miss,6593,218,18,236,0,1
reference,hit,6593,282,501,783,0,1
reference,miss,6594,207,18,225,0,1
reference,hit,6594,279,495,774,0,1
reference,miss,6595,222,18,240,0,1
reference,hit,6595,342,577,919,0,1
reference,miss,6596,214,18,232,0,1
reference,hit,6596,293,504,797,0,1
reference,miss,6597,215,18,233,0,1
reference,hit,6597,281,481,762,0,1
reference,miss,6598,203,19,222,0,1
reference,hit,6598,280,486,766,0,1
reference,miss,6599,215,18,233,0,1
reference,hit,6599,287,495,782,0,1
reference,miss,6600,208,18,226,0,1
reference,hit,6600,287,481,768,0,1
reference,miss,6601,216,19,235,0,1
reference,hit,6601,285,483,768,0,1
reference,miss,6602,211,17,228,0,1
reference,hit,6602,305,587,892,0,1
reference,miss,6603,217,18,235,0,1
reference,hit,6603,279,515,794,0,1
reference,miss,6604,206,17,223,0,1
reference,hit,6604,281,480,761,0,1
reference,miss,6605,216,18,234,0,1
reference,hit,6605,275,499,774,0,1
reference,miss,6606,206,17,223,0,1
reference,hit,6606,280,504,784,0,1
reference,miss,6607,217,17,234,0,1
reference,hit,6607,282,488,770,0,1
reference,miss,6608,210,18,228,0,1
reference,hit,6608,286,496,782,0,1
reference,miss,6609,216,19,235,0,1
reference,hit,6609,284,487,771,0,1
reference,miss,6610,209,17,226,0,1
reference,hit,6610,288,479,767,0,1
reference,miss,6611,218,19,237,0,1
reference,hit,6611,279,508,787,0,1
reference,miss,6612,208,18,226,0,1
reference,hit,6612,283,484,767,0,1
reference,miss,6613,218,17,235,0,1
reference,hit,6613,285,477,762,0,1
reference,miss,6614,209,18,227,0,1
reference,hit,6614,286,491,777,0,1
reference,miss,6615,216,18,234,0,1
reference,hit,6615,289,485,774,0,1
reference,miss,6616,203,17,220,0,1
reference,hit,6616,283,476,759,0,1
reference,miss,6617,217,18,235,0,1
reference,hit,6617,279,489,768,0,1
reference,miss,6618,210,17,227,0,1
reference,hit,6618,280,508,788,0,1
reference,miss,6619,214,19,233,0,1
reference,hit,6619,276,484,760,0,1
reference,miss,6620,206,18,224,0,1
reference,hit,6620,284,483,767,0,1
reference,miss,6621,214,17,231,0,1
reference,hit,6621,280,474,754,0,1
reference,miss,6622,206,18,224,0,1
reference,hit,6622,280,479,759,0,1
reference,miss,6623,215,18,233,0,1
reference,hit,6623,290,500,790,0,1
reference,miss,6624,210,18,228,0,1
reference,hit,6624,285,483,768,0,1
reference,miss,6625,216,18,234,0,1
reference,hit,6625,279,480,759,0,1
reference,miss,6626,208,19,227,0,1
reference,hit,6626,281,501,782,0,1
reference,miss,6627,216,18,234,0,1
reference,hit,6627,280,489,769,0,1
reference,miss,6628,203,18,221,0,1
reference,hit,6628,288,503,791,0,1
reference,miss,6629,214,18,232,0,1
reference,hit,6629,286,489,775,0,1
reference,miss,6630,209,19,228,0,1
reference,hit,6630,289,511,800,0,1
reference,miss,6631,214,19,233,0,1
reference,hit,6631,279,495,774,0,1
reference,miss,6632,206,18,224,0,1
reference,hit,6632,286,491,777,0,1
reference,miss,6633,219,18,237,0,1
reference,hit,6633,280,482,762,0,1
reference,miss,6634,207,18,225,0,1
reference,hit,6634,286,485,771,0,1
reference,miss,6635,215,18,233,0,1
reference,hit,6635,279,512,791,0,1
reference,miss,6636,205,18,223,0,1
reference,hit,6636,390,757,1147,0,1
reference,miss,6637,339,22,361,0,1
reference,hit,6637,451,821,1272,0,1
reference,miss,6638,314,20,334,0,1
reference,hit,6638,310,576,886,0,1
reference,miss,6639,218,17,235,0,1
reference,hit,6639,287,524,811,0,1
reference,miss,6640,208,18,226,0,1
reference,hit,6640,293,488,781,0,1
reference,miss,6641,217,17,234,0,1
reference,hit,6641,294,490,784,0,1
reference,miss,6642,207,18,225,0,1
reference,hit,6642,282,487,769,0,1
reference,miss,6643,219,17,236,0,1
reference,hit,6643,281,490,771,0,1
reference,miss,6644,202,18,220,0,1
reference,hit,6644,278,486,764,0,1
reference,miss,6645,217,17,234,0,1
reference,hit,6645,286,485,771,0,1
reference,miss,6646,203,18,221,0,1
reference,hit,6646,288,506,794,0,1
reference,miss,6647,216,18,234,0,1
reference,hit,6647,294,498,792,0,1
reference,miss,6648,204,18,222,0,1
reference,hit,6648,287,488,775,0,1
reference,miss,6649,224,18,242,0,1
reference,hit,6649,298,490,788,0,1
reference,miss,6650,205,18,223,0,1
reference,hit,6650,283,506,789,0,1
reference,miss,6651,222,17,239,0,1
reference,hit,6651,297,496,793,0,1
reference,miss,6652,208,18,226,0,1
reference,hit,6652,288,494,782,0,1
reference,miss,6653,218,17,235,0,1
reference,hit,6653,281,478,759,0,1
reference,miss,6654,204,18,222,0,1
reference,hit,6654,281,488,769,0,1
reference,miss,6655,225,853,1078,0,1
reference,hit,6655,283,1560,1843,0,1
reference,miss,6656,224,19,243,0,1
reference,hit,6656,292,487,779,0,1
reference,miss,6657,219,18,237,0,1
reference,hit,6657,287,494,781,0,1
reference,miss,6658,204,18,222,0,1
reference,hit,6658,295,539,834,0,1
reference,miss,6659,222,17,239,0,1
reference,hit,6659,291,486,777,0,1
reference,miss,6660,207,19,226,0,1
reference,hit,6660,289,501,790,0,1
reference,miss,6661,223,18,241,0,1
reference,hit,6661,286,497,783,0,1
reference,miss,6662,207,18,225,0,1
reference,hit,6662,283,485,768,0,1
reference,miss,6663,220,18,238,0,1
reference,hit,6663,289,477,766,0,1
reference,miss,6664,205,18,223,0,1
reference,hit,6664,280,480,760,0,1
reference,miss,6665,224,18,242,0,1
reference,hit,6665,288,486,774,0,1
reference,miss,6666,207,18,225,0,1
reference,hit,6666,284,496,780,0,1
reference,miss,6667,217,19,236,0,1
reference,hit,6667,288,523,811,0,1
reference,miss,6668,206,16,222,0,1
reference,hit,6668,285,479,764,0,1
reference,miss,6669,222,18,240,0,1
reference,hit,6669,289,482,771,0,1
reference,miss,6670,207,17,224,0,1
reference,hit,6670,288,482,770,0,1
reference,miss,6671,220,18,238,0,1
reference,hit,6671,289,502,791,0,1
reference,miss,6672,211,18,229,0,1
reference,hit,6672,288,488,776,0,1
reference,miss,6673,221,17,238,0,1
reference,hit,6673,291,501,792,0,1
reference,miss,6674,208,17,225,0,1
reference,hit,6674,289,487,776,0,1
reference,miss,6675,223,17,240,0,1
reference,hit,6675,290,514,804,0,1
reference,miss,6676,206,17,223,0,1
reference,hit,6676,288,498,786,0,1
reference,miss,6677,221,18,239,0,1
reference,hit,6677,286,471,757,0,1
reference,miss,6678,206,18,224,0,1
reference,hit,6678,283,482,765,0,1
reference,miss,6679,215,18,233,0,1
reference,hit,6679,282,479,761,0,1
reference,miss,6680,208,17,225,0,1
reference,hit,6680,285,501,786,0,1
reference,miss,6681,219,18,237,0,1
reference,hit,6681,286,482,768,0,1
reference,miss,6682,204,18,222,0,1
reference,hit,6682,288,491,779,0,1
reference,miss,6683,220,18,238,0,1
reference,hit,6683,283,493,776,0,1
reference,miss,6684,205,19,224,0,1
reference,hit,6684,289,485,774,0,1
reference,miss,6685,219,19,238,0,1
reference,hit,6685,291,479,770,0,1
reference,miss,6686,210,18,228,0,1
reference,hit,6686,290,481,771,0,1
reference,miss,6687,214,18,232,0,1
reference,hit,6687,285,480,765,0,1
reference,miss,6688,204,19,223,0,1
reference,hit,6688,276,478,754,0,1
reference,miss,6689,221,18,239,0,1
reference,hit,6689,278,482,760,0,1
reference,miss,6690,209,17,226,0,1
reference,hit,6690,285,482,767,0,1
reference,miss,6691,223,17,240,0,1
reference,hit,6691,284,494,778,0,1
reference,miss,6692,207,18,225,0,1
reference,hit,6692,289,479,768,0,1
reference,miss,6693,220,17,237,0,1
reference,hit,6693,279,490,769,0,1
reference,miss,6694,212,17,229,0,1
reference,hit,6694,278,479,757,0,1
reference,miss,6695,222,17,239,0,1
reference,hit,6695,281,481,762,0,1
reference,miss,6696,211,18,229,0,1
reference,hit,6696,281,474,755,0,1
reference,miss,6697,219,19,238,0,1
reference,hit,6697,282,489,771,0,1
reference,miss,6698,206,18,224,0,1
reference,hit,6698,286,489,775,0,1
reference,miss,6699,219,18,237,0,1
reference,hit,6699,285,485,770,0,1
reference,miss,6700,208,18,226,0,1
reference,hit,6700,284,482,766,0,1
reference,miss,6701,221,18,239,0,1
reference,hit,6701,285,494,779,0,1
reference,miss,6702,212,18,230,0,1
reference,hit,6702,282,480,762,0,1
reference,miss,6703,221,17,238,0,1
reference,hit,6703,285,500,785,0,1
reference,miss,6704,208,18,226,0,1
reference,hit,6704,283,494,777,0,1
reference,miss,6705,221,17,238,0,1
reference,hit,6705,278,482,760,0,1
reference,miss,6706,214,18,232,0,1
reference,hit,6706,290,489,779,0,1
reference,miss,6707,216,19,235,0,1
reference,hit,6707,281,480,761,0,1
reference,miss,6708,207,18,225,0,1
reference,hit,6708,278,477,755,0,1
reference,miss,6709,216,18,234,0,1
reference,hit,6709,285,475,760,0,1
reference,miss,6710,210,17,227,0,1
reference,hit,6710,289,475,764,0,1
reference,miss,6711,216,18,234,0,1
reference,hit,6711,276,490,766,0,1
reference,miss,6712,202,19,221,0,1
reference,hit,6712,324,547,871,0,1
reference,miss,6713,215,18,233,0,1
reference,hit,6713,284,496,780,0,1
reference,miss,6714,205,19,224,0,1
reference,hit,6714,283,484,767,0,1
reference,miss,6715,216,18,234,0,1
reference,hit,6715,286,492,778,0,1
reference,miss,6716,208,18,226,0,1
reference,hit,6716,280,483,763,0,1
reference,miss,6717,223,17,240,0,1
reference,hit,6717,282,483,765,0,1
reference,miss,6718,205,18,223,0,1
reference,hit,6718,276,490,766,0,1
reference,miss,6719,222,18,240,0,1
reference,hit,6719,289,503,792,0,1
reference,miss,6720,211,19,230,0,1
reference,hit,6720,282,492,774,0,1
reference,miss,6721,222,18,240,0,1
reference,hit,6721,280,481,761,0,1
reference,miss,6722,210,18,228,0,1
reference,hit,6722,283,490,773,0,1
reference,miss,6723,221,17,238,0,1
reference,hit,6723,283,483,766,0,1
reference,miss,6724,207,18,225,0,1
reference,hit,6724,283,482,765,0,1
reference,miss,6725,217,18,235,0,1
reference,hit,6725,275,481,756,0,1
reference,miss,6726,206,18,224,0,1
reference,hit,6726,277,493,770,0,1
reference,miss,6727,220,17,237,0,1
reference,hit,6727,283,483,766,0,1
reference,miss,6728,211,18,229,0,1
reference,hit,6728,281,480,761,0,1
reference,miss,6729,221,17,238,0,1
reference,hit,6729,287,490,777,0,1
reference,miss,6730,206,18,224,0,1
reference,hit,6730,287,475,762,0,1
reference,miss,6731,213,17,230,0,1
reference,hit,6731,282,499,781,0,1
reference,miss,6732,205,17,222,0,1
reference,hit,6732,281,497,778,0,1
reference,miss,6733,219,18,237,0,1
reference,hit,6733,279,484,763,0,1
reference,miss,6734,209,17,226,0,1
reference,hit,6734,278,476,754,0,1
reference,miss,6735,222,18,240,0,1
reference,hit,6735,279,473,752,0,1
reference,miss,6736,211,18,229,0,1
reference,hit,6736,281,488,769,0,1
reference,miss,6737,217,18,235,0,1
reference,hit,6737,282,491,773,0,1
reference,miss,6738,202,17,219,0,1
reference,hit,6738,278,486,764,0,1
reference,miss,6739,221,18,239,0,1
reference,hit,6739,280,499,779,0,1
reference,miss,6740,205,18,223,0,1
reference,hit,6740,278,475,753,0,1
reference,miss,6741,216,17,233,0,1
reference,hit,6741,276,480,756,0,1
reference,miss,6742,207,18,225,0,1
reference,hit,6742,286,488,774,0,1
reference,miss,6743,223,18,241,0,1
reference,hit,6743,278,482,760,0,1
reference,miss,6744,211,18,229,0,1
reference,hit,6744,283,475,758,0,1
reference,miss,6745,213,18,231,0,1
reference,hit,6745,281,481,762,0,1
reference,miss,6746,205,17,222,0,1
reference,hit,6746,280,478,758,0,1
reference,miss,6747,215,17,232,0,1
reference,hit,6747,281,480,761,0,1
reference,miss,6748,205,17,222,0,1
reference,hit,6748,281,481,762,0,1
reference,miss,6749,222,18,240,0,1
reference,hit,6749,285,488,773,0,1
reference,miss,6750,210,18,228,0,1
reference,hit,6750,284,476,760,0,1
reference,miss,6751,220,18,238,0,1
reference,hit,6751,288,490,778,0,1
reference,miss,6752,211,18,229,0,1
reference,hit,6752,281,478,759,0,1
reference,miss,6753,222,18,240,0,1
reference,hit,6753,284,519,803,0,1
reference,miss,6754,211,19,230,0,1
reference,hit,6754,280,494,774,0,1
reference,miss,6755,214,19,233,0,1
reference,hit,6755,282,499,781,0,1
reference,miss,6756,205,20,225,0,1
reference,hit,6756,283,475,758,0,1
reference,miss,6757,218,18,236,0,1
reference,hit,6757,283,516,799,0,1
reference,miss,6758,208,959,1167,0,1
reference,hit,6758,298,6254,6552,0,1
reference,miss,6759,216,18,234,0,1
reference,hit,6759,290,487,777,0,1
reference,miss,6760,202,17,219,0,1
reference,hit,6760,285,479,764,0,1
reference,miss,6761,216,18,234,0,1
reference,hit,6761,283,481,764,0,1
reference,miss,6762,202,18,220,0,1
reference,hit,6762,287,486,773,0,1
reference,miss,6763,216,18,234,0,1
reference,hit,6763,276,527,803,0,1
reference,miss,6764,205,17,222,0,1
reference,hit,6764,297,541,838,0,1
reference,miss,6765,217,18,235,0,1
reference,hit,6765,285,500,785,0,1
reference,miss,6766,204,18,222,0,1
reference,hit,6766,284,498,782,0,1
reference,miss,6767,223,18,241,0,1
reference,hit,6767,279,490,769,0,1
reference,miss,6768,205,17,222,0,1
reference,hit,6768,287,492,779,0,1
reference,miss,6769,221,18,239,0,1
reference,hit,6769,285,492,777,0,1
reference,miss,6770,208,18,226,0,1
reference,hit,6770,281,491,772,0,1
reference,miss,6771,220,18,238,0,1
reference,hit,6771,292,489,781,0,1
reference,miss,6772,210,17,227,0,1
reference,hit,6772,280,510,790,0,1
reference,miss,6773,222,19,241,0,1
reference,hit,6773,284,510,794,0,1
reference,miss,6774,208,17,225,0,1
reference,hit,6774,288,522,810,0,1
reference,miss,6775,221,17,238,0,1
reference,hit,6775,283,519,802,0,1
reference,miss,6776,205,17,222,0,1
reference,hit,6776,285,497,782,0,1
reference,miss,6777,221,18,239,0,1
reference,hit,6777,278,497,775,0,1
reference,miss,6778,208,18,226,0,1
reference,hit,6778,286,495,781,0,1
reference,miss,6779,221,18,239,0,1
reference,hit,6779,284,486,770,0,1
reference,miss,6780,209,18,227,0,1
reference,hit,6780,287,501,788,0,1
reference,miss,6781,220,18,238,0,1
reference,hit,6781,276,484,760,0,1
reference,miss,6782,206,18,224,0,1
reference,hit,6782,283,484,767,0,1
reference,miss,6783,224,17,241,0,1
reference,hit,6783,292,500,792,0,1
reference,miss,6784,205,19,224,0,1
reference,hit,6784,280,489,769,0,1
reference,miss,6785,223,18,241,0,1
reference,hit,6785,283,509,792,0,1
reference,miss,6786,206,17,223,0,1
reference,hit,6786,278,510,788,0,1
reference,miss,6787,216,17,233,0,1
reference,hit,6787,281,500,781,0,1
reference,miss,6788,208,18,226,0,1
reference,hit,6788,290,493,783,0,1
reference,miss,6789,222,18,240,0,1
reference,hit,6789,286,479,765,0,1
reference,miss,6790,212,18,230,0,1
reference,hit,6790,287,512,799,0,1
reference,miss,6791,221,18,239,0,1
reference,hit,6791,287,500,787,0,1
reference,miss,6792,210,18,228,0,1
reference,hit,6792,285,481,766,0,1
reference,miss,6793,222,19,241,0,1
reference,hit,6793,284,494,778,0,1
reference,miss,6794,204,17,221,0,1
reference,hit,6794,284,491,775,0,1
reference,miss,6795,221,17,238,0,1
reference,hit,6795,281,489,770,0,1
reference,miss,6796,211,18,229,0,1
reference,hit,6796,282,499,781,0,1
reference,miss,6797,217,18,235,0,1
reference,hit,6797,283,487,770,0,1
reference,miss,6798,210,18,228,0,1
reference,hit,6798,285,495,780,0,1
reference,miss,6799,223,18,241,0,1
reference,hit,6799,286,493,779,0,1
reference,miss,6800,209,18,227,0,1
reference,hit,6800,292,512,804,0,1
reference,miss,6801,219,18,237,0,1
reference,hit,6801,282,485,767,0,1
reference,miss,6802,208,18,226,0,1
reference,hit,6802,286,502,788,0,1
reference,miss,6803,222,18,240,0,1
reference,hit,6803,279,510,789,0,1
reference,miss,6804,209,18,227,0,1
reference,hit,6804,290,488,778,0,1
reference,miss,6805,219,18,237,0,1
reference,hit,6805,284,487,771,0,1
reference,miss,6806,205,18,223,0,1
reference,hit,6806,280,494,774,0,1
reference,miss,6807,222,18,240,0,1
reference,hit,6807,282,505,787,0,1
reference,miss,6808,203,18,221,0,1
reference,hit,6808,289,5110,5399,0,1
reference,miss,6809,221,19,240,0,1
reference,hit,6809,289,492,781,0,1
reference,miss,6810,206,18,224,0,1
reference,hit,6810,282,509,791,0,1
reference,miss,6811,218,18,236,0,1
reference,hit,6811,278,489,767,0,1
reference,miss,6812,209,17,226,0,1
reference,hit,6812,278,495,773,0,1
reference,miss,6813,218,18,236,0,1
reference,hit,6813,277,519,796,0,1
reference,miss,6814,205,17,222,0,1
reference,hit,6814,278,498,776,0,1
reference,miss,6815,237,17,254,0,1
reference,hit,6815,281,490,771,0,1
reference,miss,6816,209,18,227,0,1
reference,hit,6816,282,527,809,0,1
reference,miss,6817,220,18,238,0,1
reference,hit,6817,276,501,777,0,1
reference,miss,6818,211,17,228,0,1
reference,hit,6818,286,504,790,0,1
reference,miss,6819,223,18,241,0,1
reference,hit,6819,278,490,768,0,1
reference,miss,6820,209,19,228,0,1
reference,hit,6820,279,553,832,0,1
reference,miss,6821,217,18,235,0,1
reference,hit,6821,277,533,810,0,1
reference,miss,6822,207,18,225,0,1
reference,hit,6822,278,524,802,0,1
reference,miss,6823,216,18,234,0,1
reference,hit,6823,347,625,972,0,1
reference,miss,6824,208,18,226,0,1
reference,hit,6824,271,626,897,0,1
reference,miss,6825,222,18,240,0,1
reference,hit,6825,278,478,756,0,1
reference,miss,6826,203,18,221,0,1
reference,hit,6826,277,486,763,0,1
reference,miss,6827,222,18,240,0,1
reference,hit,6827,272,483,755,0,1
reference,miss,6828,206,17,223,0,1
reference,hit,6828,285,487,772,0,1
reference,miss,6829,222,18,240,0,1
reference,hit,6829,277,510,787,0,1
reference,miss,6830,209,17,226,0,1
reference,hit,6830,275,514,789,0,1
reference,miss,6831,217,18,235,0,1
reference,hit,6831,271,482,753,0,1
reference,miss,6832,214,17,231,0,1
reference,hit,6832,277,492,769,0,1
reference,miss,6833,222,17,239,0,1
reference,hit,6833,278,483,761,0,1
reference,miss,6834,211,18,229,0,1
reference,hit,6834,278,497,775,0,1
reference,miss,6835,215,18,233,0,1
reference,hit,6835,275,492,767,0,1
reference,miss,6836,206,17,223,0,1
reference,hit,6836,271,493,764,0,1
reference,miss,6837,218,18,236,0,1
reference,hit,6837,277,488,765,0,1
reference,miss,6838,211,17,228,0,1
reference,hit,6838,275,484,759,0,1
reference,miss,6839,217,18,235,0,1
reference,hit,6839,278,488,766,0,1
reference,miss,6840,208,17,225,0,1
reference,hit,6840,276,491,767,0,1
reference,miss,6841,217,18,235,0,1
reference,hit,6841,274,474,748,0,1
reference,miss,6842,206,17,223,0,1
reference,hit,6842,280,481,761,0,1
reference,miss,6843,217,17,234,0,1
reference,hit,6843,277,475,752,0,1
reference,miss,6844,205,17,222,0,1
reference,hit,6844,278,478,756,0,1
reference,miss,6845,219,18,237,0,1
reference,hit,6845,279,478,757,0,1
reference,miss,6846,212,18,230,0,1
reference,hit,6846,278,484,762,0,1
reference,miss,6847,221,18,239,0,1
reference,hit,6847,285,476,761,0,1
reference,miss,6848,210,18,228,0,1
reference,hit,6848,274,479,753,0,1
reference,miss,6849,219,19,238,0,1
reference,hit,6849,279,481,760,0,1
reference,miss,6850,206,18,224,0,1
reference,hit,6850,275,483,758,0,1
reference,miss,6851,223,18,241,0,1
reference,hit,6851,280,485,765,0,1
reference,miss,6852,209,18,227,0,1
reference,hit,6852,281,508,789,0,1
reference,miss,6853,219,19,238,0,1
reference,hit,6853,282,490,772,0,1
reference,miss,6854,206,18,224,0,1
reference,hit,6854,272,486,758,0,1
reference,miss,6855,222,18,240,0,1
reference,hit,6855,276,474,750,0,1
reference,miss,6856,205,17,222,0,1
reference,hit,6856,277,479,756,0,1
reference,miss,6857,227,18,245,0,1
reference,hit,6857,283,481,764,0,1
reference,miss,6858,208,18,226,0,1
reference,hit,6858,271,476,747,0,1
reference,miss,6859,221,17,238,0,1
reference,hit,6859,277,490,767,0,1
reference,miss,6860,205,1045,1250,0,1
reference,hit,6860,292,1195,1487,0,1
reference,miss,6861,217,18,235,0,1
reference,hit,6861,283,497,780,0,1
reference,miss,6862,206,18,224,0,1
reference,hit,6862,276,473,749,0,1
reference,miss,6863,216,19,235,0,1
reference,hit,6863,271,482,753,0,1
reference,miss,6864,204,18,222,0,1
reference,hit,6864,283,474,757,0,1
reference,miss,6865,218,18,236,0,1
reference,hit,6865,277,475,752,0,1
reference,miss,6866,210,18,228,0,1
reference,hit,6866,277,514,791,0,1
reference,miss,6867,222,17,239,0,1
reference,hit,6867,279,473,752,0,1
reference,miss,6868,211,19,230,0,1
reference,hit,6868,278,478,756,0,1
reference,miss,6869,217,19,236,0,1
reference,hit,6869,278,480,758,0,1
reference,miss,6870,206,19,225,0,1
reference,hit,6870,281,484,765,0,1
reference,miss,6871,217,19,236,0,1
reference,hit,6871,318,553,871,0,1
reference,miss,6872,207,19,226,0,1
reference,hit,6872,286,485,771,0,1
reference,miss,6873,221,18,239,0,1
reference,hit,6873,287,484,771,0,1
reference,miss,6874,208,18,226,0,1
reference,hit,6874,285,483,768,0,1
reference,miss,6875,219,18,237,0,1
reference,hit,6875,275,487,762,0,1
reference,miss,6876,209,17,226,0,1
reference,hit,6876,287,503,790,0,1
reference,miss,6877,224,18,242,0,1
reference,hit,6877,283,497,780,0,1
reference,miss,6878,210,18,228,0,1
reference,hit,6878,281,477,758,0,1
reference,miss,6879,220,17,237,0,1
reference,hit,6879,288,481,769,0,1
reference,miss,6880,206,18,224,0,1
reference,hit,6880,287,477,764,0,1
reference,miss,6881,219,18,237,0,1
reference,hit,6881,278,477,755,0,1
reference,miss,6882,209,17,226,0,1
reference,hit,6882,286,477,763,0,1
reference,miss,6883,222,17,239,0,1
reference,hit,6883,278,473,751,0,1
reference,miss,6884,207,18,225,0,1
reference,hit,6884,278,472,750,0,1
reference,miss,6885,214,18,232,0,1
reference,hit,6885,272,469,741,0,1
reference,miss,6886,203,18,221,0,1
reference,hit,6886,283,477,760,0,1
reference,miss,6887,219,17,236,0,1
reference,hit,6887,274,482,756,0,1
reference,miss,6888,206,18,224,0,1
reference,hit,6888,284,510,794,0,1
reference,miss,6889,220,18,238,0,1
reference,hit,6889,272,483,755,0,1
reference,miss,6890,206,17,223,0,1
reference,hit,6890,284,473,757,0,1
reference,miss,6891,219,18,237,0,1
reference,hit,6891,271,518,789,0,1
reference,miss,6892,203,19,222,0,1
reference,hit,6892,277,479,756,0,1
reference,miss,6893,223,17,240,0,1
reference,hit,6893,278,474,752,0,1
reference,miss,6894,211,17,228,0,1
reference,hit,6894,286,476,762,0,1
reference,miss,6895,223,18,241,0,1
reference,hit,6895,281,485,766,0,1
reference,miss,6896,205,18,223,0,1
reference,hit,6896,279,510,789,0,1
reference,miss,6897,217,17,234,0,1
reference,hit,6897,280,492,772,0,1
reference,miss,6898,209,18,227,0,1
reference,hit,6898,278,472,750,0,1
reference,miss,6899,221,19,240,0,1
reference,hit,6899,283,545,828,0,1
reference,miss,6900,210,17,227,0,1
reference,hit,6900,285,477,762,0,1
reference,miss,6901,223,18,241,0,1
reference,hit,6901,279,485,764,0,1
reference,miss,6902,213,18,231,0,1
reference,hit,6902,284,472,756,0,1
reference,miss,6903,219,18,237,0,1
reference,hit,6903,275,480,755,0,1
reference,miss,6904,208,18,226,0,1
reference,hit,6904,287,483,770,0,1
reference,miss,6905,219,17,236,0,1
reference,hit,6905,276,478,754,0,1
reference,miss,6906,203,18,221,0,1
reference,hit,6906,284,477,761,0,1
reference,miss,6907,218,18,236,0,1
reference,hit,6907,270,473,743,0,1
reference,miss,6908,202,19,221,0,1
reference,hit,6908,287,475,762,0,1
reference,miss,6909,222,18,240,0,1
reference,hit,6909,277,503,780,0,1
reference,miss,6910,207,18,225,0,1
reference,hit,6910,281,520,801,0,1
reference,miss,6911,213,19,232,0,1
reference,hit,6911,281,485,766,0,1
reference,miss,6912,209,18,227,0,1
reference,hit,6912,275,474,749,0,1
reference,miss,6913,220,18,238,0,1
reference,hit,6913,274,501,775,0,1
reference,miss,6914,210,18,228,0,1
reference,hit,6914,280,481,761,0,1
reference,miss,6915,218,17,235,0,1
reference,hit,6915,277,475,752,0,1
reference,miss,6916,207,18,225,0,1
reference,hit,6916,284,474,758,0,1
reference,miss,6917,220,18,238,0,1
reference,hit,6917,283,476,759,0,1
reference,miss,6918,210,18,228,0,1
reference,hit,6918,285,472,757,0,1
reference,miss,6919,219,18,237,0,1
reference,hit,6919,278,478,756,0,1
reference,miss,6920,208,17,225,0,1
reference,hit,6920,285,470,755,0,1
reference,miss,6921,217,17,234,0,1
reference,hit,6921,275,490,765,0,1
reference,miss,6922,206,18,224,0,1
reference,hit,6922,274,485,759,0,1
reference,miss,6923,223,18,241,0,1
reference,hit,6923,271,475,746,0,1
reference,miss,6924,207,17,224,0,1
reference,hit,6924,285,503,788,0,1
reference,miss,6925,219,18,237,0,1
reference,hit,6925,279,474,753,0,1
reference,miss,6926,209,17,226,0,1
reference,hit,6926,273,467,740,0,1
reference,miss,6927,221,19,240,0,1
reference,hit,6927,272,472,744,0,1
reference,miss,6928,207,17,224,0,1
reference,hit,6928,296,570,866,0,1
reference,miss,6929,220,19,239,0,1
reference,hit,6929,281,498,779,0,1
reference,miss,6930,211,19,230,0,1
reference,hit,6930,276,481,757,0,1
reference,miss,6931,219,20,239,0,1
reference,hit,6931,278,479,757,0,1
reference,miss,6932,207,18,225,0,1
reference,hit,6932,276,523,799,0,1
reference,miss,6933,216,18,234,0,1
reference,hit,6933,271,492,763,0,1
reference,miss,6934,208,18,226,0,1
reference,hit,6934,277,483,760,0,1
reference,miss,6935,218,18,236,0,1
reference,hit,6935,274,484,758,0,1
reference,miss,6936,210,18,228,0,1
reference,hit,6936,284,487,771,0,1
reference,miss,6937,222,17,239,0,1
reference,hit,6937,279,490,769,0,1
reference,miss,6938,207,18,225,0,1
reference,hit,6938,276,484,760,0,1
reference,miss,6939,221,18,239,0,1
reference,hit,6939,279,488,767,0,1
reference,miss,6940,210,17,227,0,1
reference,hit,6940,273,485,758,0,1
reference,miss,6941,218,18,236,0,1
reference,hit,6941,284,478,762,0,1
reference,miss,6942,208,18,226,0,1
reference,hit,6942,278,486,764,0,1
reference,miss,6943,216,18,234,0,1
reference,hit,6943,279,484,763,0,1
reference,miss,6944,207,18,225,0,1
reference,hit,6944,284,475,759,0,1
reference,miss,6945,218,17,235,0,1
reference,hit,6945,278,476,754,0,1
reference,miss,6946,205,18,223,0,1
reference,hit,6946,282,485,767,0,1
reference,miss,6947,216,18,234,0,1
reference,hit,6947,275,476,751,0,1
reference,miss,6948,207,19,226,0,1
reference,hit,6948,280,493,773,0,1
reference,miss,6949,214,17,231,0,1
reference,hit,6949,279,476,755,0,1
reference,miss,6950,201,18,219,0,1
reference,hit,6950,280,480,760,0,1
reference,miss,6951,216,18,234,0,1
reference,hit,6951,278,476,754,0,1
reference,miss,6952,208,18,226,0,1
reference,hit,6952,283,482,765,0,1
reference,miss,6953,220,17,237,0,1
reference,hit,6953,273,480,753,0,1
reference,miss,6954,211,18,229,0,1
reference,hit,6954,282,505,787,0,1
reference,miss,6955,220,18,238,0,1
reference,hit,6955,280,508,788,0,1
reference,miss,6956,209,17,226,0,1
reference,hit,6956,280,493,773,0,1
reference,miss,6957,221,18,239,0,1
reference,hit,6957,278,496,774,0,1
reference,miss,6958,209,18,227,0,1
reference,hit,6958,284,480,764,0,1
reference,miss,6959,221,18,239,0,1
reference,hit,6959,278,487,765,0,1
reference,miss,6960,207,18,225,0,1
reference,hit,6960,280,484,764,0,1
reference,miss,6961,215,18,233,0,1
reference,hit,6961,271,474,745,0,1
reference,miss,6962,206,19,225,0,1
reference,hit,6962,289,495,784,0,1
reference,miss,6963,222,18,240,0,1
reference,hit,6963,285,487,772,0,1
reference,miss,6964,209,17,226,0,1
reference,hit,6964,284,515,799,0,1
reference,miss,6965,215,18,233,0,1
reference,hit,6965,275,484,759,0,1
reference,miss,6966,202,18,220,0,1
reference,hit,6966,286,484,770,0,1
reference,miss,6967,217,18,235,0,1
reference,hit,6967,277,496,773,0,1
reference,miss,6968,205,19,224,0,1
reference,hit,6968,278,478,756,0,1
reference,miss,6969,218,17,235,0,1
reference,hit,6969,274,491,765,0,1
reference,miss,6970,207,19,226,0,1
reference,hit,6970,284,505,789,0,1
reference,miss,6971,216,18,234,0,1
reference,hit,6971,276,475,751,0,1
reference,miss,6972,204,18,222,0,1
reference,hit,6972,285,478,763,0,1
reference,miss,6973,216,17,233,0,1
reference,hit,6973,283,498,781,0,1
reference,miss,6974,201,18,219,0,1
reference,hit,6974,279,496,775,0,1
reference,miss,6975,217,18,235,0,1
reference,hit,6975,280,492,772,0,1
reference,miss,6976,207,18,225,0,1
reference,hit,6976,279,477,756,0,1
reference,miss,6977,221,17,238,0,1
reference,hit,6977,276,472,748,0,1
reference,miss,6978,205,18,223,0,1
reference,hit,6978,278,492,770,0,1
reference,miss,6979,222,18,240,0,1
reference,hit,6979,278,480,758,0,1
reference,miss,6980,207,18,225,0,1
reference,hit,6980,281,482,763,0,1
reference,miss,6981,223,18,241,0,1
reference,hit,6981,274,477,751,0,1
reference,miss,6982,207,19,226,0,1
reference,hit,6982,283,492,775,0,1
reference,miss,6983,217,19,236,0,1
reference,hit,6983,274,478,752,0,1
reference,miss,6984,207,18,225,0,1
reference,hit,6984,284,488,772,0,1
reference,miss,6985,218,18,236,0,1
reference,hit,6985,286,534,820,0,1
reference,miss,6986,203,18,221,0,1
reference,hit,6986,289,485,774,0,1
reference,miss,6987,216,17,233,0,1
reference,hit,6987,284,484,768,0,1
reference,miss,6988,208,19,227,0,1
reference,hit,6988,276,482,758,0,1
reference,miss,6989,216,18,234,0,1
reference,hit,6989,274,484,758,0,1
reference,miss,6990,202,18,220,0,1
reference,hit,6990,280,486,766,0,1
reference,miss,6991,221,18,239,0,1
reference,hit,6991,285,485,770,0,1
reference,miss,6992,208,19,227,0,1
reference,hit,6992,287,490,777,0,1
reference,miss,6993,214,19,233,0,1
reference,hit,6993,284,514,798,0,1
reference,miss,6994,208,18,226,0,1
reference,hit,6994,280,484,764,0,1
reference,miss,6995,221,17,238,0,1
reference,hit,6995,279,478,757,0,1
reference,miss,6996,210,19,229,0,1
reference,hit,6996,283,522,805,0,1
reference,miss,6997,219,18,237,0,1
reference,hit,6997,283,495,778,0,1
reference,miss,6998,205,17,222,0,1
reference,hit,6998,278,474,752,0,1
reference,miss,6999,216,17,233,0,1
reference,hit,6999,280,481,761,0,1
reference,miss,7000,204,18,222,0,1
reference,hit,7000,288,484,772,0,1
reference,miss,7001,223,18,241,0,1
reference,hit,7001,282,488,770,0,1
reference,miss,7002,203,18,221,0,1
reference,hit,7002,281,488,769,0,1
reference,miss,7003,216,18,234,0,1
reference,hit,7003,281,481,762,0,1
reference,miss,7004,206,19,225,0,1
reference,hit,7004,284,493,777,0,1
reference,miss,7005,222,17,239,0,1
reference,hit,7005,284,479,763,0,1
reference,miss,7006,212,18,230,0,1
reference,hit,7006,284,484,768,0,1
reference,miss,7007,220,17,237,0,1
reference,hit,7007,282,498,780,0,1
reference,miss,7008,209,18,227,0,1
reference,hit,7008,275,511,786,0,1
reference,miss,7009,221,18,239,0,1
reference,hit,7009,284,488,772,0,1
reference,miss,7010,210,17,227,0,1
reference,hit,7010,284,481,765,0,1
reference,miss,7011,216,18,234,0,1
reference,hit,7011,281,492,773,0,1
reference,miss,7012,206,17,223,0,1
reference,hit,7012,289,484,773,0,1
reference,miss,7013,216,19,235,0,1
reference,hit,7013,275,478,753,0,1
reference,miss,7014,208,18,226,0,1
reference,hit,7014,289,492,781,0,1
reference,miss,7015,225,17,242,0,1
reference,hit,7015,282,485,767,0,1
reference,miss,7016,209,18,227,0,1
reference,hit,7016,279,486,765,0,1
reference,miss,7017,222,18,240,0,1
reference,hit,7017,284,482,766,0,1
reference,miss,7018,213,18,231,0,1
reference,hit,7018,287,488,775,0,1
reference,miss,7019,218,18,236,0,1
reference,hit,7019,281,559,840,0,1
reference,miss,7020,206,20,226,0,1
reference,hit,7020,285,496,781,0,1
reference,miss,7021,216,19,235,0,1
reference,hit,7021,280,495,775,0,1
reference,miss,7022,282,18,300,0,1
reference,hit,7022,284,489,773,0,1
reference,miss,7023,221,18,239,0,1
reference,hit,7023,285,492,777,0,1
reference,miss,7024,210,19,229,0,1
reference,hit,7024,280,496,776,0,1
reference,miss,7025,224,18,242,0,1
reference,hit,7025,285,487,772,0,1
reference,miss,7026,208,18,226,0,1
reference,hit,7026,285,496,781,0,1
reference,miss,7027,221,18,239,0,1
reference,hit,7027,285,514,799,0,1
reference,miss,7028,208,18,226,0,1
reference,hit,7028,276,476,752,0,1
reference,miss,7029,221,18,239,0,1
reference,hit,7029,283,480,763,0,1
reference,miss,7030,213,17,230,0,1
reference,hit,7030,279,486,765,0,1
reference,miss,7031,216,17,233,0,1
reference,hit,7031,278,486,764,0,1
reference,miss,7032,207,18,225,0,1
reference,hit,7032,388,587,975,0,1
reference,miss,7033,217,18,235,0,1
reference,hit,7033,275,511,786,0,1
reference,miss,7034,208,18,226,0,1
reference,hit,7034,275,503,778,0,1
reference,miss,7035,224,17,241,0,1
reference,hit,7035,280,492,772,0,1
reference,miss,7036,210,17,227,0,1
reference,hit,7036,273,496,769,0,1
reference,miss,7037,219,17,236,0,1
reference,hit,7037,273,514,787,0,1
reference,miss,7038,209,18,227,0,1
reference,hit,7038,279,483,762,0,1
reference,miss,7039,215,19,234,0,1
reference,hit,7039,309,553,862,0,1
reference,miss,7040,206,17,223,0,1
reference,hit,7040,303,505,808,0,1
reference,miss,7041,221,18,239,0,1
reference,hit,7041,279,503,782,0,1
reference,miss,7042,205,18,223,0,1
reference,hit,7042,279,499,778,0,1
reference,miss,7043,220,18,238,0,1
reference,hit,7043,279,492,771,0,1
reference,miss,7044,213,18,231,0,1
reference,hit,7044,283,484,767,0,1
reference,miss,7045,221,19,240,0,1
reference,hit,7045,277,477,754,0,1
reference,miss,7046,210,18,228,0,1
reference,hit,7046,279,517,796,0,1
reference,miss,7047,217,18,235,0,1
reference,hit,7047,275,487,762,0,1
reference,miss,7048,209,17,226,0,1
reference,hit,7048,279,487,766,0,1
reference,miss,7049,218,17,235,0,1
reference,hit,7049,271,526,797,0,1
reference,miss,7050,202,18,220,0,1
reference,hit,7050,278,492,770,0,1
reference,miss,7051,215,18,233,0,1
reference,hit,7051,277,487,764,0,1
reference,miss,7052,208,18,226,0,1
reference,hit,7052,277,496,773,0,1
reference,miss,7053,298,18,316,0,1
reference,hit,7053,272,485,757,0,1
reference,miss,7054,208,19,227,0,1
reference,hit,7054,329,497,826,0,1
reference,miss,7055,222,18,240,0,1
reference,hit,7055,273,557,830,0,1
reference,miss,7056,210,19,229,0,1
reference,hit,7056,274,504,778,0,1
reference,miss,7057,223,19,242,0,1
reference,hit,7057,345,585,930,0,1
reference,miss,7058,211,18,229,0,1
reference,hit,7058,346,639,985,0,1
reference,miss,7059,220,18,238,0,1
reference,hit,7059,279,584,863,0,1
reference,miss,7060,211,17,228,0,1
reference,hit,7060,279,481,760,0,1
reference,miss,7061,215,18,233,0,1
reference,hit,7061,371,620,991,0,1
reference,miss,7062,208,18,226,0,1
reference,hit,7062,271,487,758,0,1
reference,miss,7063,221,17,238,0,1
reference,hit,7063,375,561,936,0,1
reference,miss,7064,209,19,228,0,1
reference,hit,7064,273,680,953,0,1
reference,miss,7065,618,733,1351,0,1
reference,hit,7065,277,1754,2031,0,1
reference,miss,7066,348,18,366,0,1
reference,hit,7066,676,1942,2618,0,1
reference,miss,7067,362,18,380,0,1
reference,hit,7067,559,865,1424,0,1
reference,miss,7068,418,19,437,0,1
reference,hit,7068,345,1036,1381,0,1
reference,miss,7069,406,21,427,0,1
reference,hit,7069,596,749,1345,0,1
reference,miss,7070,295,18,313,0,1
reference,hit,7070,604,1004,1608,0,1
reference,miss,7071,224,18,242,0,1
reference,hit,7071,335,769,1104,0,1
reference,miss,7072,212,17,229,0,1
reference,hit,7072,289,762,1051,0,1
reference,miss,7073,222,18,240,0,1
reference,hit,7073,285,482,767,0,1
reference,miss,7074,207,18,225,0,1
reference,hit,7074,288,676,964,0,1
reference,miss,7075,284,18,302,0,1
reference,hit,7075,279,553,832,0,1
reference,miss,7076,206,18,224,0,1
reference,hit,7076,409,502,911,0,1
reference,miss,7077,322,23,345,0,1
reference,hit,7077,281,620,901,0,1
reference,miss,7078,296,25,321,0,1
reference,hit,7078,514,807,1321,0,1
reference,miss,7079,229,17,246,0,1
reference,hit,7079,397,703,1100,0,1
reference,miss,7080,206,19,225,0,1
reference,hit,7080,281,576,857,0,1
reference,miss,7081,228,18,246,0,1
reference,hit,7081,354,481,835,0,1
reference,miss,7082,206,17,223,0,1
reference,hit,7082,286,493,779,0,1
reference,miss,7083,221,19,240,0,1
reference,hit,7083,286,494,780,0,1
reference,miss,7084,213,17,230,0,1
reference,hit,7084,290,483,773,0,1
reference,miss,7085,222,18,240,0,1
reference,hit,7085,288,498,786,0,1
reference,miss,7086,210,17,227,0,1
reference,hit,7086,285,502,787,0,1
reference,miss,7087,222,19,241,0,1
reference,hit,7087,287,491,778,0,1
reference,miss,7088,208,17,225,0,1
reference,hit,7088,288,517,805,0,1
reference,miss,7089,222,18,240,0,1
reference,hit,7089,288,497,785,0,1
reference,miss,7090,207,18,225,0,1
reference,hit,7090,283,480,763,0,1
reference,miss,7091,217,18,235,0,1
reference,hit,7091,318,551,869,0,1
reference,miss,7092,203,18,221,0,1
reference,hit,7092,285,491,776,0,1
reference,miss,7093,221,18,239,0,1
reference,hit,7093,290,482,772,0,1
reference,miss,7094,209,18,227,0,1
reference,hit,7094,293,492,785,0,1
reference,miss,7095,216,19,235,0,1
reference,hit,7095,287,483,770,0,1
reference,miss,7096,201,17,218,0,1
reference,hit,7096,288,491,779,0,1
reference,miss,7097,218,17,235,0,1
reference,hit,7097,291,503,794,0,1
reference,miss,7098,202,18,220,0,1
reference,hit,7098,290,491,781,0,1
reference,miss,7099,221,18,239,0,1
reference,hit,7099,293,493,786,0,1
reference,miss,7100,207,18,225,0,1
reference,hit,7100,291,504,795,0,1
reference,miss,7101,220,18,238,0,1
reference,hit,7101,294,561,855,0,1
reference,miss,7102,209,19,228,0,1
reference,hit,7102,374,732,1106,0,1
reference,miss,7103,219,18,237,0,1
reference,hit,7103,331,605,936,0,1
reference,miss,7104,206,18,224,0,1
reference,hit,7104,288,538,826,0,1
reference,miss,7105,216,18,234,0,1
reference,hit,7105,289,489,778,0,1
reference,miss,7106,206,17,223,0,1
reference,hit,7106,288,512,800,0,1
reference,miss,7107,218,18,236,0,1
reference,hit,7107,291,494,785,0,1
reference,miss,7108,210,18,228,0,1
reference,hit,7108,289,499,788,0,1
reference,miss,7109,220,18,238,0,1
reference,hit,7109,291,480,771,0,1
reference,miss,7110,210,18,228,0,1
reference,hit,7110,292,480,772,0,1
reference,miss,7111,214,19,233,0,1
reference,hit,7111,284,495,779,0,1
reference,miss,7112,202,18,220,0,1
reference,hit,7112,288,482,770,0,1
reference,miss,7113,218,18,236,0,1
reference,hit,7113,287,492,779,0,1
reference,miss,7114,208,18,226,0,1
reference,hit,7114,282,488,770,0,1
reference,miss,7115,214,19,233,0,1
reference,hit,7115,287,483,770,0,1
reference,miss,7116,206,18,224,0,1
reference,hit,7116,286,486,772,0,1
reference,miss,7117,215,17,232,0,1
reference,hit,7117,284,486,770,0,1
reference,miss,7118,208,17,225,0,1
reference,hit,7118,288,491,779,0,1
reference,miss,7119,220,18,238,0,1
reference,hit,7119,288,493,781,0,1
reference,miss,7120,208,18,226,0,1
reference,hit,7120,291,512,803,0,1
reference,miss,7121,215,17,232,0,1
reference,hit,7121,284,484,768,0,1
reference,miss,7122,208,18,226,0,1
reference,hit,7122,288,505,793,0,1
reference,miss,7123,219,19,238,0,1
reference,hit,7123,286,498,784,0,1
reference,miss,7124,208,17,225,0,1
reference,hit,7124,289,491,780,0,1
reference,miss,7125,220,17,237,0,1
reference,hit,7125,283,491,774,0,1
reference,miss,7126,211,18,229,0,1
reference,hit,7126,286,508,794,0,1
reference,miss,7127,219,17,236,0,1
reference,hit,7127,284,500,784,0,1
reference,miss,7128,202,18,220,0,1
reference,hit,7128,294,486,780,0,1
reference,miss,7129,219,18,237,0,1
reference,hit,7129,287,499,786,0,1
reference,miss,7130,207,19,226,0,1
reference,hit,7130,291,496,787,0,1
reference,miss,7131,219,18,237,0,1
reference,hit,7131,286,491,777,0,1
reference,miss,7132,206,18,224,0,1
reference,hit,7132,292,491,783,0,1
reference,miss,7133,219,18,237,0,1
reference,hit,7133,289,518,807,0,1
reference,miss,7134,209,18,227,0,1
reference,hit,7134,286,485,771,0,1
reference,miss,7135,215,19,234,0,1
reference,hit,7135,291,500,791,0,1
reference,miss,7136,202,18,220,0,1
reference,hit,7136,289,487,776,0,1
reference,miss,7137,218,18,236,0,1
reference,hit,7137,288,484,772,0,1
reference,miss,7138,210,18,228,0,1
reference,hit,7138,282,482,764,0,1
reference,miss,7139,217,18,235,0,1
reference,hit,7139,287,482,769,0,1
reference,miss,7140,203,17,220,0,1
reference,hit,7140,289,499,788,0,1
reference,miss,7141,219,17,236,0,1
reference,hit,7141,288,505,793,0,1
reference,miss,7142,209,17,226,0,1
reference,hit,7142,288,488,776,0,1
reference,miss,7143,215,17,232,0,1
reference,hit,7143,285,490,775,0,1
reference,miss,7144,204,18,222,0,1
reference,hit,7144,289,500,789,0,1
reference,miss,7145,215,18,233,0,1
reference,hit,7145,286,505,791,0,1
reference,miss,7146,207,17,224,0,1
reference,hit,7146,307,564,871,0,1
reference,miss,7147,219,18,237,0,1
reference,hit,7147,288,556,844,0,1
reference,miss,7148,203,18,221,0,1
reference,hit,7148,292,482,774,0,1
reference,miss,7149,223,18,241,0,1
reference,hit,7149,291,490,781,0,1
reference,miss,7150,211,19,230,0,1
reference,hit,7150,287,513,800,0,1
reference,miss,7151,223,18,241,0,1
reference,hit,7151,287,492,779,0,1
reference,miss,7152,213,17,230,0,1
reference,hit,7152,293,492,785,0,1
reference,miss,7153,221,17,238,0,1
reference,hit,7153,291,489,780,0,1
reference,miss,7154,211,18,229,0,1
reference,hit,7154,288,512,800,0,1
reference,miss,7155,224,17,241,0,1
reference,hit,7155,291,498,789,0,1
reference,miss,7156,209,18,227,0,1
reference,hit,7156,291,495,786,0,1
reference,miss,7157,222,18,240,0,1
reference,hit,7157,291,497,788,0,1
reference,miss,7158,214,17,231,0,1
reference,hit,7158,293,551,844,0,1
reference,miss,7159,216,18,234,0,1
reference,hit,7159,289,491,780,0,1
reference,miss,7160,204,18,222,0,1
reference,hit,7160,288,491,779,0,1
reference,miss,7161,222,19,241,0,1
reference,hit,7161,289,496,785,0,1
reference,miss,7162,211,19,230,0,1
reference,hit,7162,285,495,780,0,1
reference,miss,7163,215,18,233,0,1
reference,hit,7163,287,501,788,0,1
reference,miss,7164,208,19,227,0,1
reference,hit,7164,281,479,760,0,1
reference,miss,7165,216,18,234,0,1
reference,hit,7165,289,479,768,0,1
reference,miss,7166,209,18,227,0,1
reference,hit,7166,284,513,797,0,1
reference,miss,7167,231,850,1081,0,1
reference,hit,7167,293,1834,2127,0,1
reference,miss,7168,216,17,233,0,1
reference,hit,7168,292,509,801,0,1
reference,miss,7169,218,17,235,0,1
reference,hit,7169,290,491,781,0,1
reference,miss,7170,203,18,221,0,1
reference,hit,7170,288,509,797,0,1
reference,miss,7171,216,18,234,0,1
reference,hit,7171,289,505,794,0,1
reference,miss,7172,201,17,218,0,1
reference,hit,7172,285,503,788,0,1
reference,miss,7173,216,19,235,0,1
reference,hit,7173,296,498,794,0,1
reference,miss,7174,205,17,222,0,1
reference,hit,7174,287,496,783,0,1
reference,miss,7175,221,17,238,0,1
reference,hit,7175,297,490,787,0,1
reference,miss,7176,210,18,228,0,1
reference,hit,7176,284,492,776,0,1
reference,miss,7177,221,18,239,0,1
reference,hit,7177,291,510,801,0,1
reference,miss,7178,207,17,224,0,1
reference,hit,7178,287,490,777,0,1
reference,miss,7179,217,18,235,0,1
reference,hit,7179,289,489,778,0,1
reference,miss,7180,204,18,222,0,1
reference,hit,7180,288,480,768,0,1
reference,miss,7181,220,19,239,0,1
reference,hit,7181,295,511,806,0,1
reference,miss,7182,209,17,226,0,1
reference,hit,7182,289,481,770,0,1
reference,miss,7183,222,18,240,0,1
reference,hit,7183,289,485,774,0,1
reference,miss,7184,210,18,228,0,1
reference,hit,7184,289,487,776,0,1
reference,miss,7185,219,19,238,0,1
reference,hit,7185,289,496,785,0,1
reference,miss,7186,208,18,226,0,1
reference,hit,7186,287,495,782,0,1
reference,miss,7187,218,17,235,0,1
reference,hit,7187,290,499,789,0,1
reference,miss,7188,201,17,218,0,1
reference,hit,7188,290,500,790,0,1
reference,miss,7189,223,18,241,0,1
reference,hit,7189,295,489,784,0,1
reference,miss,7190,210,19,229,0,1
reference,hit,7190,290,499,789,0,1
reference,miss,7191,224,18,242,0,1
reference,hit,7191,289,498,787,0,1
reference,miss,7192,209,17,226,0,1
reference,hit,7192,287,500,787,0,1
reference,miss,7193,219,19,238,0,1
reference,hit,7193,295,496,791,0,1
reference,miss,7194,207,18,225,0,1
reference,hit,7194,288,473,761,0,1
reference,miss,7195,225,19,244,0,1
reference,hit,7195,294,489,783,0,1
reference,miss,7196,207,18,225,0,1
reference,hit,7196,285,487,772,0,1
reference,miss,7197,222,17,239,0,1
reference,hit,7197,290,493,783,0,1
reference,miss,7198,206,19,225,0,1
reference,hit,7198,286,483,769,0,1
reference,miss,7199,221,18,239,0,1
reference,hit,7199,294,498,792,0,1
reference,miss,7200,211,18,229,0,1
reference,hit,7200,284,492,776,0,1
reference,miss,7201,219,18,237,0,1
reference,hit,7201,285,491,776,0,1
reference,miss,7202,209,18,227,0,1
reference,hit,7202,288,480,768,0,1
reference,miss,7203,220,18,238,0,1
reference,hit,7203,290,517,807,0,1
reference,miss,7204,212,18,230,0,1
reference,hit,7204,326,555,881,0,1
reference,miss,7205,215,17,232,0,1
reference,hit,7205,291,486,777,0,1
reference,miss,7206,207,17,224,0,1
reference,hit,7206,293,500,793,0,1
reference,miss,7207,220,19,239,0,1
reference,hit,7207,289,490,779,0,1
reference,miss,7208,208,18,226,0,1
reference,hit,7208,289,481,770,0,1
reference,miss,7209,221,18,239,0,1
reference,hit,7209,289,486,775,0,1
reference,miss,7210,209,18,227,0,1
reference,hit,7210,282,481,763,0,1
reference,miss,7211,216,17,233,0,1
reference,hit,7211,289,485,774,0,1
reference,miss,7212,206,18,224,0,1
reference,hit,7212,290,503,793,0,1
reference,miss,7213,216,17,233,0,1
reference,hit,7213,287,514,801,0,1
reference,miss,7214,205,17,222,0,1
reference,hit,7214,290,506,796,0,1
reference,miss,7215,220,17,237,0,1
reference,hit,7215,292,493,785,0,1
reference,miss,7216,206,17,223,0,1
reference,hit,7216,290,510,800,0,1
reference,miss,7217,217,17,234,0,1
reference,hit,7217,287,491,778,0,1
reference,miss,7218,209,17,226,0,1
reference,hit,7218,288,499,787,0,1
reference,miss,7219,222,18,240,0,1
reference,hit,7219,291,487,778,0,1
reference,miss,7220,209,18,227,0,1
reference,hit,7220,289,496,785,0,1
reference,miss,7221,219,19,238,0,1
reference,hit,7221,289,478,767,0,1
reference,miss,7222,205,18,223,0,1
reference,hit,7222,291,501,792,0,1
reference,miss,7223,221,18,239,0,1
reference,hit,7223,290,490,780,0,1
reference,miss,7224,211,17,228,0,1
reference,hit,7224,290,488,778,0,1
reference,miss,7225,222,18,240,0,1
reference,hit,7225,291,512,803,0,1
reference,miss,7226,211,18,229,0,1
reference,hit,7226,290,519,809,0,1
reference,miss,7227,220,18,238,0,1
reference,hit,7227,289,485,774,0,1
reference,miss,7228,205,19,224,0,1
reference,hit,7228,288,516,804,0,1
reference,miss,7229,220,17,237,0,1
reference,hit,7229,289,481,770,0,1
reference,miss,7230,208,18,226,0,1
reference,hit,7230,291,489,780,0,1
reference,miss,7231,217,17,234,0,1
reference,hit,7231,292,496,788,0,1
reference,miss,7232,208,18,226,0,1
reference,hit,7232,289,497,786,0,1
reference,miss,7233,221,18,239,0,1
reference,hit,7233,290,483,773,0,1
reference,miss,7234,212,17,229,0,1
reference,hit,7234,291,490,781,0,1
reference,miss,7235,219,17,236,0,1
reference,hit,7235,389,496,885,0,1
reference,miss,7236,209,19,228,0,1
reference,hit,7236,292,563,855,0,1
reference,miss,7237,216,19,235,0,1
reference,hit,7237,293,623,916,0,1
reference,miss,7238,208,18,226,0,1
reference,hit,7238,341,553,894,0,1
reference,miss,7239,222,17,239,0,1
reference,hit,7239,290,498,788,0,1
reference,miss,7240,209,18,227,0,1
reference,hit,7240,716,790,1506,0,1
reference,miss,7241,220,18,238,0,1
reference,hit,7241,289,544,833,0,1
reference,miss,7242,209,18,227,0,1
reference,hit,7242,347,566,913,0,1
reference,miss,7243,221,18,239,0,1
reference,hit,7243,294,489,783,0,1
reference,miss,7244,210,18,228,0,1
reference,hit,7244,289,487,776,0,1
reference,miss,7245,221,18,239,0,1
reference,hit,7245,290,499,789,0,1
reference,miss,7246,205,18,223,0,1
reference,hit,7246,284,491,775,0,1
reference,miss,7247,220,18,238,0,1
reference,hit,7247,290,552,842,0,1
reference,miss,7248,210,18,228,0,1
reference,hit,7248,495,576,1071,0,1
reference,miss,7249,216,18,234,0,1
reference,hit,7249,336,482,818,0,1
reference,miss,7250,279,17,296,0,1
reference,hit,7250,411,486,897,0,1
reference,miss,7251,220,17,237,0,1
reference,hit,7251,291,489,780,0,1
reference,miss,7252,211,18,229,0,1
reference,hit,7252,456,594,1050,0,1
reference,miss,7253,217,18,235,0,1
reference,hit,7253,365,514,879,0,1
reference,miss,7254,206,18,224,0,1
reference,hit,7254,339,496,835,0,1
reference,miss,7255,217,18,235,0,1
reference,hit,7255,285,492,777,0,1
reference,miss,7256,204,17,221,0,1
reference,hit,7256,286,490,776,0,1
reference,miss,7257,218,19,237,0,1
reference,hit,7257,289,482,771,0,1
reference,miss,7258,208,18,226,0,1
reference,hit,7258,294,560,854,0,1
reference,miss,7259,222,18,240,0,1
reference,hit,7259,289,496,785,0,1
reference,miss,7260,212,18,230,0,1
reference,hit,7260,286,500,786,0,1
reference,miss,7261,218,18,236,0,1
reference,hit,7261,291,493,784,0,1
reference,miss,7262,208,17,225,0,1
reference,hit,7262,285,481,766,0,1
reference,miss,7263,222,17,239,0,1
reference,hit,7263,295,486,781,0,1
reference,miss,7264,210,18,228,0,1
reference,hit,7264,289,490,779,0,1
reference,miss,7265,214,18,232,0,1
reference,hit,7265,288,482,770,0,1
reference,miss,7266,207,18,225,0,1
reference,hit,7266,286,477,763,0,1
reference,miss,7267,221,18,239,0,1
reference,hit,7267,290,480,770,0,1
reference,miss,7268,210,18,228,0,1
reference,hit,7268,290,486,776,0,1
reference,miss,7269,215,18,233,0,1
reference,hit,7269,286,492,778,0,1
reference,miss,7270,207,1008,1215,0,1
reference,hit,7270,300,1252,1552,0,1
reference,miss,7271,216,18,234,0,1
reference,hit,7271,291,508,799,0,1
reference,miss,7272,208,18,226,0,1
reference,hit,7272,291,492,783,0,1
reference,miss,7273,218,18,236,0,1
reference,hit,7273,288,500,788,0,1
reference,miss,7274,207,18,225,0,1
reference,hit,7274,282,554,836,0,1
reference,miss,7275,219,18,237,0,1
reference,hit,7275,286,490,776,0,1
reference,miss,7276,205,18,223,0,1
reference,hit,7276,281,482,763,0,1
reference,miss,7277,220,18,238,0,1
reference,hit,7277,290,487,777,0,1
reference,miss,7278,276,19,295,0,1
reference,hit,7278,288,481,769,0,1
reference,miss,7279,220,18,238,0,1
reference,hit,7279,290,493,783,0,1
reference,miss,7280,206,18,224,0,1
reference,hit,7280,283,486,769,0,1
reference,miss,7281,221,19,240,0,1
reference,hit,7281,370,634,1004,0,1
reference,miss,7282,210,18,228,0,1
reference,hit,7282,281,484,765,0,1
reference,miss,7283,221,19,240,0,1
reference,hit,7283,389,495,884,0,1
reference,miss,7284,206,17,223,0,1
reference,hit,7284,286,518,804,0,1
reference,miss,7285,221,17,238,0,1
reference,hit,7285,288,505,793,0,1
reference,miss,7286,209,17,226,0,1
reference,hit,7286,286,484,770,0,1
reference,miss,7287,218,18,236,0,1
reference,hit,7287,288,495,783,0,1
reference,miss,7288,210,18,228,0,1
reference,hit,7288,287,493,780,0,1
reference,miss,7289,219,17,236,0,1
reference,hit,7289,289,492,781,0,1
reference,miss,7290,210,18,228,0,1
reference,hit,7290,284,508,792,0,1
reference,miss,7291,219,18,237,0,1
reference,hit,7291,282,506,788,0,1
reference,miss,7292,207,17,224,0,1
reference,hit,7292,345,543,888,0,1
reference,miss,7293,216,18,234,0,1
reference,hit,7293,290,507,797,0,1
reference,miss,7294,208,18,226,0,1
reference,hit,7294,288,486,774,0,1
reference,miss,7295,223,19,242,0,1
reference,hit,7295,292,493,785,0,1
reference,miss,7296,208,17,225,0,1
reference,hit,7296,289,498,787,0,1
reference,miss,7297,219,17,236,0,1
reference,hit,7297,289,489,778,0,1
reference,miss,7298,204,18,222,0,1
reference,hit,7298,290,501,791,0,1
reference,miss,7299,222,17,239,0,1
reference,hit,7299,289,493,782,0,1
reference,miss,7300,212,18,230,0,1
reference,hit,7300,289,483,772,0,1
reference,miss,7301,219,17,236,0,1
reference,hit,7301,285,506,791,0,1
reference,miss,7302,209,18,227,0,1
reference,hit,7302,287,502,789,0,1
reference,miss,7303,217,18,235,0,1
reference,hit,7303,285,487,772,0,1
reference,miss,7304,205,19,224,0,1
reference,hit,7304,291,485,776,0,1
reference,miss,7305,221,18,239,0,1
reference,hit,7305,291,482,773,0,1
reference,miss,7306,213,17,230,0,1
reference,hit,7306,286,510,796,0,1
reference,miss,7307,215,18,233,0,1
reference,hit,7307,283,502,785,0,1
reference,miss,7308,203,18,221,0,1
reference,hit,7308,281,537,818,0,1
reference,miss,7309,221,18,239,0,1
reference,hit,7309,291,489,780,0,1
reference,miss,7310,212,18,230,0,1
reference,hit,7310,284,508,792,0,1
reference,miss,7311,220,19,239,0,1
reference,hit,7311,288,497,785,0,1
reference,miss,7312,216,16,232,0,1
reference,hit,7312,284,489,773,0,1
reference,miss,7313,217,17,234,0,1
reference,hit,7313,288,489,777,0,1
reference,miss,7314,210,18,228,0,1
reference,hit,7314,290,480,770,0,1
reference,miss,7315,220,18,238,0,1
reference,hit,7315,288,486,774,0,1
reference,miss,7316,211,17,228,0,1
reference,hit,7316,332,597,929,0,1
reference,miss,7317,222,19,241,0,1
reference,hit,7317,288,484,772,0,1
reference,miss,7318,211,18,229,0,1
reference,hit,7318,288,489,777,0,1
reference,miss,7319,221,18,239,0,1
reference,hit,7319,286,500,786,0,1
reference,miss,7320,210,17,227,0,1
reference,hit,7320,281,477,758,0,1
reference,miss,7321,221,19,240,0,1
reference,hit,7321,288,487,775,0,1
reference,miss,7322,212,18,230,0,1
reference,hit,7322,285,477,762,0,1
reference,miss,7323,221,18,239,0,1
reference,hit,7323,288,489,777,0,1
reference,miss,7324,207,19,226,0,1
reference,hit,7324,287,497,784,0,1
reference,miss,7325,222,18,240,0,1
reference,hit,7325,289,491,780,0,1
reference,miss,7326,208,18,226,0,1
reference,hit,7326,287,480,767,0,1
reference,miss,7327,220,17,237,0,1
reference,hit,7327,296,502,798,0,1
reference,miss,7328,213,18,231,0,1
reference,hit,7328,289,512,801,0,1
reference,miss,7329,221,19,240,0,1
reference,hit,7329,290,490,780,0,1
reference,miss,7330,209,18,227,0,1
reference,hit,7330,290,493,783,0,1
reference,miss,7331,222,19,241,0,1
reference,hit,7331,288,487,775,0,1
reference,miss,7332,209,18,227,0,1
reference,hit,7332,288,485,773,0,1
reference,miss,7333,217,18,235,0,1
reference,hit,7333,287,503,790,0,1
reference,miss,7334,207,18,225,0,1
reference,hit,7334,287,485,772,0,1
reference,miss,7335,216,18,234,0,1
reference,hit,7335,286,484,770,0,1
reference,miss,7336,210,18,228,0,1
reference,hit,7336,286,482,768,0,1
reference,miss,7337,216,18,234,0,1
reference,hit,7337,289,487,776,0,1
reference,miss,7338,206,17,223,0,1
reference,hit,7338,288,484,772,0,1
reference,miss,7339,221,17,238,0,1
reference,hit,7339,287,502,789,0,1
reference,miss,7340,212,18,230,0,1
reference,hit,7340,290,480,770,0,1
reference,miss,7341,214,18,232,0,1
reference,hit,7341,276,479,755,0,1
reference,miss,7342,203,18,221,0,1
reference,hit,7342,275,483,758,0,1
reference,miss,7343,217,18,235,0,1
reference,hit,7343,281,498,779,0,1
reference,miss,7344,205,19,224,0,1
reference,hit,7344,282,489,771,0,1
reference,miss,7345,222,16,238,0,1
reference,hit,7345,285,493,778,0,1
reference,miss,7346,213,17,230,0,1
reference,hit,7346,277,496,773,0,1
reference,miss,7347,223,17,240,0,1
reference,hit,7347,284,497,781,0,1
reference,miss,7348,212,18,230,0,1
reference,hit,7348,284,481,765,0,1
reference,miss,7349,221,18,239,0,1
reference,hit,7349,284,490,774,0,1
reference,miss,7350,212,18,230,0,1
reference,hit,7350,289,478,767,0,1
reference,miss,7351,215,18,233,0,1
reference,hit,7351,282,496,778,0,1
reference,miss,7352,207,18,225,0,1
reference,hit,7352,275,480,755,0,1
reference,miss,7353,215,18,233,0,1
reference,hit,7353,279,487,766,0,1
reference,miss,7354,207,18,225,0,1
reference,hit,7354,282,488,770,0,1
reference,miss,7355,217,19,236,0,1
reference,hit,7355,277,484,761,0,1
reference,miss,7356,206,18,224,0,1
reference,hit,7356,284,488,772,0,1
reference,miss,7357,221,17,238,0,1
reference,hit,7357,281,484,765,0,1
reference,miss,7358,211,18,229,0,1
reference,hit,7358,280,480,760,0,1
reference,miss,7359,218,19,237,0,1
reference,hit,7359,281,488,769,0,1
reference,miss,7360,207,19,226,0,1
reference,hit,7360,278,502,780,0,1
reference,miss,7361,221,19,240,0,1
reference,hit,7361,278,488,766,0,1
reference,miss,7362,213,18,231,0,1
reference,hit,7362,282,487,769,0,1
reference,miss,7363,220,18,238,0,1
reference,hit,7363,277,489,766,0,1
reference,miss,7364,212,18,230,0,1
reference,hit,7364,280,485,765,0,1
reference,miss,7365,222,17,239,0,1
reference,hit,7365,279,504,783,0,1
reference,miss,7366,215,17,232,0,1
reference,hit,7366,282,495,777,0,1
reference,miss,7367,217,18,235,0,1
reference,hit,7367,280,492,772,0,1
reference,miss,7368,210,18,228,0,1
reference,hit,7368,280,501,781,0,1
reference,miss,7369,222,18,240,0,1
reference,hit,7369,279,483,762,0,1
reference,miss,7370,206,18,224,0,1
reference,hit,7370,282,484,766,0,1
reference,miss,7371,219,17,236,0,1
reference,hit,7371,277,511,788,0,1
reference,miss,7372,206,960,1166,0,1
reference,hit,7372,292,1220,1512,0,1
reference,miss,7373,220,18,238,0,1
reference,hit,7373,338,602,940,0,1
reference,miss,7374,203,19,222,0,1
reference,hit,7374,286,496,782,0,1
reference,miss,7375,215,18,233,0,1
reference,hit,7375,284,485,769,0,1
reference,miss,7376,209,18,227,0,1
reference,hit,7376,290,501,791,0,1
reference,miss,7377,222,18,240,0,1
reference,hit,7377,291,490,781,0,1
reference,miss,7378,208,18,226,0,1
reference,hit,7378,289,501,790,0,1
reference,miss,7379,221,17,238,0,1
reference,hit,7379,290,484,774,0,1
reference,miss,7380,213,17,230,0,1
reference,hit,7380,283,482,765,0,1
reference,miss,7381,221,17,238,0,1
reference,hit,7381,289,484,773,0,1
reference,miss,7382,209,18,227,0,1
reference,hit,7382,286,503,789,0,1
reference,miss,7383,223,17,240,0,1
reference,hit,7383,291,481,772,0,1
reference,miss,7384,209,17,226,0,1
reference,hit,7384,287,488,775,0,1
reference,miss,7385,218,18,236,0,1
reference,hit,7385,293,486,779,0,1
reference,miss,7386,208,17,225,0,1
reference,hit,7386,285,502,787,0,1
reference,miss,7387,223,18,241,0,1
reference,hit,7387,282,500,782,0,1
reference,miss,7388,205,18,223,0,1
reference,hit,7388,284,480,764,0,1
reference,miss,7389,219,18,237,0,1
reference,hit,7389,284,500,784,0,1
reference,miss,7390,207,18,225,0,1
reference,hit,7390,287,483,770,0,1
reference,miss,7391,219,18,237,0,1
reference,hit,7391,294,493,787,0,1
reference,miss,7392,212,17,229,0,1
reference,hit,7392,288,480,768,0,1
reference,miss,7393,216,17,233,0,1
reference,hit,7393,284,499,783,0,1
reference,miss,7394,201,18,219,0,1
reference,hit,7394,285,489,774,0,1
reference,miss,7395,221,17,238,0,1
reference,hit,7395,289,498,787,0,1
reference,miss,7396,210,18,228,0,1
reference,hit,7396,289,485,774,0,1
reference,miss,7397,222,18,240,0,1
reference,hit,7397,290,500,790,0,1
reference,miss,7398,207,16,223,0,1
reference,hit,7398,284,482,766,0,1
reference,miss,7399,221,20,241,0,1
reference,hit,7399,289,498,787,0,1
reference,miss,7400,211,19,230,0,1
reference,hit,7400,286,480,766,0,1
reference,miss,7401,218,17,235,0,1
reference,hit,7401,287,486,773,0,1
reference,miss,7402,208,18,226,0,1
reference,hit,7402,285,578,863,0,1
reference,miss,7403,220,18,238,0,1
reference,hit,7403,289,496,785,0,1
reference,miss,7404,213,18,231,0,1
reference,hit,7404,288,586,874,0,1
reference,miss,7405,219,17,236,0,1
reference,hit,7405,289,543,832,0,1
reference,miss,7406,209,18,227,0,1
reference,hit,7406,352,622,974,0,1
reference,miss,7407,219,18,237,0,1
reference,hit,7407,288,500,788,0,1
reference,miss,7408,205,18,223,0,1
reference,hit,7408,283,522,805,0,1
reference,miss,7409,221,18,239,0,1
reference,hit,7409,290,487,777,0,1
reference,miss,7410,211,17,228,0,1
reference,hit,7410,288,486,774,0,1
reference,miss,7411,214,18,232,0,1
reference,hit,7411,285,483,768,0,1
reference,miss,7412,207,19,226,0,1
reference,hit,7412,286,544,830,0,1
reference,miss,7413,218,18,236,0,1
reference,hit,7413,285,499,784,0,1
reference,miss,7414,208,18,226,0,1
reference,hit,7414,288,481,769,0,1
reference,miss,7415,217,18,235,0,1
reference,hit,7415,340,675,1015,0,1
reference,miss,7416,246,18,264,0,1
reference,hit,7416,288,531,819,0,1
reference,miss,7417,218,17,235,0,1
reference,hit,7417,283,633,916,0,1
reference,miss,7418,204,18,222,0,1
reference,hit,7418,286,507,793,0,1
reference,miss,7419,232,20,252,0,1
reference,hit,7419,287,511,798,0,1
reference,miss,7420,248,18,266,0,1
reference,hit,7420,357,537,894,0,1
reference,miss,7421,221,19,240,0,1
reference,hit,7421,284,886,1170,0,1
reference,miss,7422,211,18,229,0,1
reference,hit,7422,395,623,1018,0,1
reference,miss,7423,221,18,239,0,1
reference,hit,7423,289,485,774,0,1
reference,miss,7424,207,18,225,0,1
reference,hit,7424,284,1144,1428,0,1
reference,miss,7425,217,18,235,0,1
reference,hit,7425,339,556,895,0,1
reference,miss,7426,210,18,228,0,1
reference,hit,7426,281,726,1007,0,1
reference,miss,7427,220,17,237,0,1
reference,hit,7427,285,502,787,0,1
reference,miss,7428,206,19,225,0,1
reference,hit,7428,302,622,924,0,1
reference,miss,7429,219,18,237,0,1
reference,hit,7429,285,490,775,0,1
reference,miss,7430,207,18,225,0,1
reference,hit,7430,290,488,778,0,1
reference,miss,7431,221,17,238,0,1
reference,hit,7431,294,478,772,0,1
reference,miss,7432,209,17,226,0,1
reference,hit,7432,290,650,940,0,1
reference,miss,7433,222,18,240,0,1
reference,hit,7433,291,608,899,0,1
reference,miss,7434,209,18,227,0,1
reference,hit,7434,416,483,899,0,1
reference,miss,7435,220,18,238,0,1
reference,hit,7435,366,597,963,0,1
reference,miss,7436,211,18,229,0,1
reference,hit,7436,292,603,895,0,1
reference,miss,7437,221,19,240,0,1
reference,hit,7437,353,501,854,0,1
reference,miss,7438,211,18,229,0,1
reference,hit,7438,290,500,790,0,1
reference,miss,7439,219,19,238,0,1
reference,hit,7439,291,484,775,0,1
reference,miss,7440,203,18,221,0,1
reference,hit,7440,293,500,793,0,1
reference,miss,7441,221,18,239,0,1
reference,hit,7441,293,492,785,0,1
reference,miss,7442,207,18,225,0,1
reference,hit,7442,292,516,808,0,1
reference,miss,7443,219,18,237,0,1
reference,hit,7443,290,492,782,0,1
reference,miss,7444,203,18,221,0,1
reference,hit,7444,294,503,797,0,1
reference,miss,7445,220,17,237,0,1
reference,hit,7445,295,489,784,0,1
reference,miss,7446,205,17,222,0,1
reference,hit,7446,292,482,774,0,1
reference,miss,7447,221,17,238,0,1
reference,hit,7447,291,513,804,0,1
reference,miss,7448,209,17,226,0,1
reference,hit,7448,292,499,791,0,1
reference,miss,7449,217,18,235,0,1
reference,hit,7449,284,498,782,0,1
reference,miss,7450,208,18,226,0,1
reference,hit,7450,289,477,766,0,1
reference,miss,7451,217,18,235,0,1
reference,hit,7451,290,492,782,0,1
reference,miss,7452,203,17,220,0,1
reference,hit,7452,291,493,784,0,1
reference,miss,7453,216,19,235,0,1
reference,hit,7453,292,511,803,0,1
reference,miss,7454,207,18,225,0,1
reference,hit,7454,292,501,793,0,1
reference,miss,7455,216,18,234,0,1
reference,hit,7455,296,480,776,0,1
reference,miss,7456,210,18,228,0,1
reference,hit,7456,283,480,763,0,1
reference,miss,7457,222,18,240,0,1
reference,hit,7457,291,499,790,0,1
reference,miss,7458,206,18,224,0,1
reference,hit,7458,283,512,795,0,1
reference,miss,7459,221,19,240,0,1
reference,hit,7459,292,512,804,0,1
reference,miss,7460,209,18,227,0,1
reference,hit,7460,288,770,1058,0,1
reference,miss,7461,215,18,233,0,1
reference,hit,7461,292,497,789,0,1
reference,miss,7462,201,17,218,0,1
reference,hit,7462,290,498,788,0,1
reference,miss,7463,216,18,234,0,1
reference,hit,7463,288,480,768,0,1
reference,miss,7464,208,17,225,0,1
reference,hit,7464,282,504,786,0,1
reference,miss,7465,220,18,238,0,1
reference,hit,7465,293,501,794,0,1
reference,miss,7466,205,19,224,0,1
reference,hit,7466,284,479,763,0,1
reference,miss,7467,218,17,235,0,1
reference,hit,7467,287,494,781,0,1
reference,miss,7468,205,17,222,0,1
reference,hit,7468,292,489,781,0,1
reference,miss,7469,221,18,239,0,1
reference,hit,7469,292,498,790,0,1
reference,miss,7470,206,17,223,0,1
reference,hit,7470,291,488,779,0,1
reference,miss,7471,222,18,240,0,1
reference,hit,7471,293,496,789,0,1
reference,miss,7472,210,19,229,0,1
reference,hit,7472,291,501,792,0,1
reference,miss,7473,221,17,238,0,1
reference,hit,7473,293,490,783,0,1
reference,miss,7474,211,18,229,0,1
reference,hit,7474,294,506,800,0,1
reference,miss,7475,221,18,239,0,1
reference,hit,7475,296,495,791,0,1
reference,miss,7476,205,19,224,0,1
reference,hit,7476,292,511,803,0,1
reference,miss,7477,215,19,234,0,1
reference,hit,7477,284,510,794,0,1
reference,miss,7478,208,17,225,0,1
reference,hit,7478,357,597,954,0,1
reference,miss,7479,220,18,238,0,1
reference,hit,7479,293,483,776,0,1
reference,miss,7480,203,18,221,0,1
reference,hit,7480,287,498,785,0,1
reference,miss,7481,220,18,238,0,1
reference,hit,7481,283,494,777,0,1
reference,miss,7482,213,18,231,0,1
reference,hit,7482,288,488,776,0,1
reference,miss,7483,216,18,234,0,1
reference,hit,7483,285,485,770,0,1
reference,miss,7484,207,18,225,0,1
reference,hit,7484,316,574,890,0,1
reference,miss,7485,221,19,240,0,1
reference,hit,7485,291,517,808,0,1
reference,miss,7486,208,18,226,0,1
reference,hit,7486,286,478,764,0,1
reference,miss,7487,218,18,236,0,1
reference,hit,7487,293,479,772,0,1
reference,miss,7488,210,17,227,0,1
reference,hit,7488,281,506,787,0,1
reference,miss,7489,218,17,235,0,1
reference,hit,7489,287,482,769,0,1
reference,miss,7490,206,17,223,0,1
reference,hit,7490,283,484,767,0,1
reference,miss,7491,225,17,242,0,1
reference,hit,7491,290,481,771,0,1
reference,miss,7492,209,19,228,0,1
reference,hit,7492,284,474,758,0,1
reference,miss,7493,218,16,234,0,1
reference,hit,7493,287,483,770,0,1
reference,miss,7494,209,18,227,0,1
reference,hit,7494,284,486,770,0,1
reference,miss,7495,223,18,241,0,1
reference,hit,7495,288,504,792,0,1
reference,miss,7496,207,18,225,0,1
reference,hit,7496,289,489,778,0,1
reference,miss,7497,223,18,241,0,1
reference,hit,7497,287,479,766,0,1
reference,miss,7498,209,18,227,0,1
reference,hit,7498,284,476,760,0,1
reference,miss,7499,225,17,242,0,1
reference,hit,7499,284,497,781,0,1
reference,miss,7500,210,18,228,0,1
reference,hit,7500,292,524,816,0,1
reference,miss,7501,219,17,236,0,1
reference,hit,7501,290,489,779,0,1
reference,miss,7502,210,18,228,0,1
reference,hit,7502,288,499,787,0,1
reference,miss,7503,226,18,244,0,1
reference,hit,7503,289,493,782,0,1
reference,miss,7504,208,18,226,0,1
reference,hit,7504,287,476,763,0,1
reference,miss,7505,216,18,234,0,1
reference,hit,7505,287,504,791,0,1
reference,miss,7506,205,18,223,0,1
reference,hit,7506,288,486,774,0,1
reference,miss,7507,219,18,237,0,1
reference,hit,7507,292,513,805,0,1
reference,miss,7508,210,17,227,0,1
reference,hit,7508,280,489,769,0,1
reference,miss,7509,218,18,236,0,1
reference,hit,7509,280,506,786,0,1
reference,miss,7510,208,18,226,0,1
reference,hit,7510,286,489,775,0,1
reference,miss,7511,223,17,240,0,1
reference,hit,7511,284,504,788,0,1
reference,miss,7512,211,17,228,0,1
reference,hit,7512,288,480,768,0,1
reference,miss,7513,220,18,238,0,1
reference,hit,7513,286,482,768,0,1
reference,miss,7514,210,17,227,0,1
reference,hit,7514,284,479,763,0,1
reference,miss,7515,216,17,233,0,1
reference,hit,7515,278,479,757,0,1
reference,miss,7516,205,18,223,0,1
reference,hit,7516,282,483,765,0,1
reference,miss,7517,220,18,238,0,1
reference,hit,7517,282,490,772,0,1
reference,miss,7518,205,19,224,0,1
reference,hit,7518,291,514,805,0,1
reference,miss,7519,217,18,235,0,1
reference,hit,7519,287,486,773,0,1
reference,miss,7520,202,17,219,0,1
reference,hit,7520,284,500,784,0,1
reference,miss,7521,222,16,238,0,1
reference,hit,7521,287,475,762,0,1
reference,miss,7522,210,17,227,0,1
reference,hit,7522,283,474,757,0,1
reference,miss,7523,215,19,234,0,1
reference,hit,7523,281,478,759,0,1
reference,miss,7524,204,17,221,0,1
reference,hit,7524,281,485,766,0,1
reference,miss,7525,223,17,240,0,1
reference,hit,7525,279,477,756,0,1
reference,miss,7526,206,18,224,0,1
reference,hit,7526,278,483,761,0,1
reference,miss,7527,217,18,235,0,1
reference,hit,7527,278,479,757,0,1
reference,miss,7528,206,19,225,0,1
reference,hit,7528,283,488,771,0,1
reference,miss,7529,216,17,233,0,1
reference,hit,7529,275,500,775,0,1
reference,miss,7530,207,18,225,0,1
reference,hit,7530,283,532,815,0,1
reference,miss,7531,218,19,237,0,1
reference,hit,7531,284,483,767,0,1
reference,miss,7532,210,18,228,0,1
reference,hit,7532,283,481,764,0,1
reference,miss,7533,219,19,238,0,1
reference,hit,7533,284,491,775,0,1
reference,miss,7534,210,17,227,0,1
reference,hit,7534,281,488,769,0,1
reference,miss,7535,218,17,235,0,1
reference,hit,7535,277,487,764,0,1
reference,miss,7536,207,19,226,0,1
reference,hit,7536,282,506,788,0,1
reference,miss,7537,216,18,234,0,1
reference,hit,7537,278,487,765,0,1
reference,miss,7538,205,17,222,0,1
reference,hit,7538,283,507,790,0,1
reference,miss,7539,222,18,240,0,1
reference,hit,7539,287,488,775,0,1
reference,miss,7540,211,19,230,0,1
reference,hit,7540,281,490,771,0,1
reference,miss,7541,220,18,238,0,1
reference,hit,7541,283,487,770,0,1
reference,miss,7542,207,17,224,0,1
reference,hit,7542,286,482,768,0,1
reference,miss,7543,215,18,233,0,1
reference,hit,7543,324,625,949,0,1
reference,miss,7544,209,17,226,0,1
reference,hit,7544,285,489,774,0,1
reference,miss,7545,217,19,236,0,1
reference,hit,7545,288,525,813,0,1
reference,miss,7546,209,18,227,0,1
reference,hit,7546,281,510,791,0,1
reference,miss,7547,217,18,235,0,1
reference,hit,7547,286,498,784,0,1
reference,miss,7548,211,18,229,0,1
reference,hit,7548,287,494,781,0,1
reference,miss,7549,222,18,240,0,1
reference,hit,7549,289,508,797,0,1
reference,miss,7550,209,18,227,0,1
reference,hit,7550,284,514,798,0,1
reference,miss,7551,220,18,238,0,1
reference,hit,7551,288,510,798,0,1
reference,miss,7552,211,18,229,0,1
reference,hit,7552,283,485,768,0,1
reference,miss,7553,215,18,233,0,1
reference,hit,7553,283,486,769,0,1
reference,miss,7554,202,19,221,0,1
reference,hit,7554,286,504,790,0,1
reference,miss,7555,220,19,239,0,1
reference,hit,7555,284,491,775,0,1
reference,miss,7556,204,18,222,0,1
reference,hit,7556,282,482,764,0,1
reference,miss,7557,221,18,239,0,1
reference,hit,7557,279,488,767,0,1
reference,miss,7558,207,18,225,0,1
reference,hit,7558,283,479,762,0,1
reference,miss,7559,223,18,241,0,1
reference,hit,7559,286,488,774,0,1
reference,miss,7560,210,17,227,0,1
reference,hit,7560,281,482,763,0,1
reference,miss,7561,220,19,239,0,1
reference,hit,7561,284,496,780,0,1
reference,miss,7562,205,18,223,0,1
reference,hit,7562,287,512,799,0,1
reference,miss,7563,219,18,237,0,1
reference,hit,7563,285,481,766,0,1
reference,miss,7564,207,17,224,0,1
reference,hit,7564,286,480,766,0,1
reference,miss,7565,220,19,239,0,1
reference,hit,7565,286,491,777,0,1
reference,miss,7566,206,19,225,0,1
reference,hit,7566,282,475,757,0,1
reference,miss,7567,215,18,233,0,1
reference,hit,7567,283,505,788,0,1
reference,miss,7568,204,18,222,0,1
reference,hit,7568,282,478,760,0,1
reference,miss,7569,222,18,240,0,1
reference,hit,7569,284,480,764,0,1
reference,miss,7570,212,17,229,0,1
reference,hit,7570,280,483,763,0,1
reference,miss,7571,220,18,238,0,1
reference,hit,7571,287,480,767,0,1
reference,miss,7572,210,17,227,0,1
reference,hit,7572,286,502,788,0,1
reference,miss,7573,219,17,236,0,1
reference,hit,7573,279,496,775,0,1
reference,miss,7574,209,17,226,0,1
reference,hit,7574,284,483,767,0,1
reference,miss,7575,220,18,238,0,1
reference,hit,7575,280,483,763,0,1
reference,miss,7576,205,18,223,0,1
reference,hit,7576,283,482,765,0,1
reference,miss,7577,233,822,1055,0,1
reference,hit,7577,284,1378,1662,0,1
reference,miss,7578,220,16,236,0,1
reference,hit,7578,280,480,760,0,1
reference,miss,7579,218,19,237,0,1
reference,hit,7579,287,498,785,0,1
reference,miss,7580,203,17,220,0,1
reference,hit,7580,284,483,767,0,1
reference,miss,7581,219,18,237,0,1
reference,hit,7581,280,490,770,0,1
reference,miss,7582,204,18,222,0,1
reference,hit,7582,284,535,819,0,1
reference,miss,7583,217,18,235,0,1
reference,hit,7583,284,527,811,0,1
reference,miss,7584,203,19,222,0,1
reference,hit,7584,282,499,781,0,1
reference,miss,7585,220,19,239,0,1
reference,hit,7585,286,499,785,0,1
reference,miss,7586,207,17,224,0,1
reference,hit,7586,288,485,773,0,1
reference,miss,7587,222,18,240,0,1
reference,hit,7587,287,479,766,0,1
reference,miss,7588,206,18,224,0,1
reference,hit,7588,282,481,763,0,1
reference,miss,7589,221,18,239,0,1
reference,hit,7589,287,505,792,0,1
reference,miss,7590,209,19,228,0,1
reference,hit,7590,282,486,768,0,1
reference,miss,7591,220,18,238,0,1
reference,hit,7591,279,482,761,0,1
reference,miss,7592,207,18,225,0,1
reference,hit,7592,277,481,758,0,1
reference,miss,7593,221,17,238,0,1
reference,hit,7593,285,486,771,0,1
reference,miss,7594,211,17,228,0,1
reference,hit,7594,277,485,762,0,1
reference,miss,7595,215,18,233,0,1
reference,hit,7595,278,479,757,0,1
reference,miss,7596,208,18,226,0,1
reference,hit,7596,282,507,789,0,1
reference,miss,7597,217,17,234,0,1
reference,hit,7597,280,515,795,0,1
reference,miss,7598,205,17,222,0,1
reference,hit,7598,281,488,769,0,1
reference,miss,7599,217,17,234,0,1
reference,hit,7599,309,554,863,0,1
reference,miss,7600,208,18,226,0,1
reference,hit,7600,286,504,790,0,1
reference,miss,7601,222,17,239,0,1
reference,hit,7601,286,492,778,0,1
reference,miss,7602,207,18,225,0,1
reference,hit,7602,285,490,775,0,1
reference,miss,7603,222,18,240,0,1
reference,hit,7603,289,480,769,0,1
reference,miss,7604,210,18,228,0,1
reference,hit,7604,282,486,768,0,1
reference,miss,7605,220,18,238,0,1
reference,hit,7605,285,483,768,0,1
reference,miss,7606,202,18,220,0,1
reference,hit,7606,284,509,793,0,1
reference,miss,7607,220,18,238,0,1
reference,hit,7607,285,513,798,0,1
reference,miss,7608,206,18,224,0,1
reference,hit,7608,284,489,773,0,1
reference,miss,7609,215,18,233,0,1
reference,hit,7609,281,486,767,0,1
reference,miss,7610,202,18,220,0,1
reference,hit,7610,285,496,781,0,1
reference,miss,7611,216,18,234,0,1
reference,hit,7611,282,481,763,0,1
reference,miss,7612,206,18,224,0,1
reference,hit,7612,283,484,767,0,1
reference,miss,7613,219,19,238,0,1
reference,hit,7613,284,492,776,0,1
reference,miss,7614,204,19,223,0,1
reference,hit,7614,284,487,771,0,1
reference,miss,7615,216,18,234,0,1
reference,hit,7615,283,484,767,0,1
reference,miss,7616,204,19,223,0,1
reference,hit,7616,282,492,774,0,1
reference,miss,7617,216,19,235,0,1
reference,hit,7617,282,490,772,0,1
reference,miss,7618,205,18,223,0,1
reference,hit,7618,286,494,780,0,1
reference,miss,7619,217,18,235,0,1
reference,hit,7619,283,486,769,0,1
reference,miss,7620,209,18,227,0,1
reference,hit,7620,282,484,766,0,1
reference,miss,7621,222,19,241,0,1
reference,hit,7621,281,487,768,0,1
reference,miss,7622,209,19,228,0,1
reference,hit,7622,284,497,781,0,1
reference,miss,7623,218,17,235,0,1
reference,hit,7623,282,507,789,0,1
reference,miss,7624,208,18,226,0,1
reference,hit,7624,282,498,780,0,1
reference,miss,7625,220,18,238,0,1
reference,hit,7625,286,485,771,0,1
reference,miss,7626,210,18,228,0,1
reference,hit,7626,279,481,760,0,1
reference,miss,7627,223,17,240,0,1
reference,hit,7627,285,514,799,0,1
reference,miss,7628,210,17,227,0,1
reference,hit,7628,282,486,768,0,1
reference,miss,7629,221,19,240,0,1
reference,hit,7629,284,485,769,0,1
reference,miss,7630,211,17,228,0,1
reference,hit,7630,285,492,777,0,1
reference,miss,7631,218,18,236,0,1
reference,hit,7631,287,492,779,0,1
reference,miss,7632,206,19,225,0,1
reference,hit,7632,281,486,767,0,1
reference,miss,7633,220,17,237,0,1
reference,hit,7633,288,502,790,0,1
reference,miss,7634,206,19,225,0,1
reference,hit,7634,286,491,777,0,1
reference,miss,7635,214,18,232,0,1
reference,hit,7635,281,488,769,0,1
reference,miss,7636,206,19,225,0,1
reference,hit,7636,285,487,772,0,1
reference,miss,7637,221,17,238,0,1
reference,hit,7637,284,484,768,0,1
reference,miss,7638,207,18,225,0,1
reference,hit,7638,284,500,784,0,1
reference,miss,7639,220,18,238,0,1
reference,hit,7639,284,510,794,0,1
reference,miss,7640,203,18,221,0,1
reference,hit,7640,286,496,782,0,1
reference,miss,7641,221,18,239,0,1
reference,hit,7641,283,489,772,0,1
reference,miss,7642,204,20,224,0,1
reference,hit,7642,284,509,793,0,1
reference,miss,7643,219,18,237,0,1
reference,hit,7643,278,483,761,0,1
reference,miss,7644,208,18,226,0,1
reference,hit,7644,288,489,777,0,1
reference,miss,7645,221,19,240,0,1
reference,hit,7645,279,495,774,0,1
reference,miss,7646,211,17,228,0,1
reference,hit,7646,286,513,799,0,1
reference,miss,7647,218,18,236,0,1
reference,hit,7647,287,489,776,0,1
reference,miss,7648,206,17,223,0,1
reference,hit,7648,286,479,765,0,1
reference,miss,7649,216,17,233,0,1
reference,hit,7649,282,501,783,0,1
reference,miss,7650,205,18,223,0,1
reference,hit,7650,283,486,769,0,1
reference,miss,7651,216,18,234,0,1
reference,hit,7651,274,483,757,0,1
reference,miss,7652,207,18,225,0,1
reference,hit,7652,282,486,768,0,1
reference,miss,7653,220,17,237,0,1
reference,hit,7653,286,483,769,0,1
reference,miss,7654,209,18,227,0,1
reference,hit,7654,286,489,775,0,1
reference,miss,7655,219,18,237,0,1
reference,hit,7655,277,488,765,0,1
reference,miss,7656,205,19,224,0,1
reference,hit,7656,280,498,778,0,1
reference,miss,7657,3174,19,3193,0,1
reference,hit,7657,284,485,769,0,1
reference,miss,7658,233,18,251,0,1
reference,hit,7658,297,591,888,0,1
reference,miss,7659,220,17,237,0,1
reference,hit,7659,293,511,804,0,1
reference,miss,7660,207,18,225,0,1
reference,hit,7660,295,502,797,0,1
reference,miss,7661,220,17,237,0,1
reference,hit,7661,294,486,780,0,1
reference,miss,7662,206,18,224,0,1
reference,hit,7662,295,512,807,0,1
reference,miss,7663,224,17,241,0,1
reference,hit,7663,295,486,781,0,1
reference,miss,7664,209,17,226,0,1
reference,hit,7664,292,506,798,0,1
reference,miss,7665,223,18,241,0,1
reference,hit,7665,288,510,798,0,1
reference,miss,7666,214,17,231,0,1
reference,hit,7666,296,490,786,0,1
reference,miss,7667,222,18,240,0,1
reference,hit,7667,294,489,783,0,1
reference,miss,7668,210,18,228,0,1
reference,hit,7668,300,495,795,0,1
reference,miss,7669,220,19,239,0,1
reference,hit,7669,291,491,782,0,1
reference,miss,7670,215,19,234,0,1
reference,hit,7670,292,483,775,0,1
reference,miss,7671,221,18,239,0,1
reference,hit,7671,289,508,797,0,1
reference,miss,7672,210,17,227,0,1
reference,hit,7672,287,501,788,0,1
reference,miss,7673,218,18,236,0,1
reference,hit,7673,284,484,768,0,1
reference,miss,7674,208,18,226,0,1
reference,hit,7674,290,497,787,0,1
reference,miss,7675,219,17,236,0,1
reference,hit,7675,284,502,786,0,1
reference,miss,7676,207,19,226,0,1
reference,hit,7676,293,505,798,0,1
reference,miss,7677,223,18,241,0,1
reference,hit,7677,287,502,789,0,1
reference,miss,7678,207,17,224,0,1
reference,hit,7678,292,504,796,0,1
reference,miss,7679,228,815,1043,0,1
reference,hit,7679,302,1304,1606,0,1
reference,miss,7680,227,17,244,0,1
reference,hit,7680,288,491,779,0,1
reference,miss,7681,216,18,234,0,1
reference,hit,7681,294,517,811,0,1
reference,miss,7682,204,18,222,0,1
reference,hit,7682,287,503,790,0,1
reference,miss,7683,223,18,241,0,1
reference,hit,7683,296,508,804,0,1
reference,miss,7684,205,18,223,0,1
reference,hit,7684,291,512,803,0,1
reference,miss,7685,218,18,236,0,1
reference,hit,7685,296,505,801,0,1
reference,miss,7686,202,17,219,0,1
reference,hit,7686,294,495,789,0,1
reference,miss,7687,220,18,238,0,1
reference,hit,7687,297,481,778,0,1
reference,miss,7688,207,18,225,0,1
reference,hit,7688,289,482,771,0,1
reference,miss,7689,223,18,241,0,1
reference,hit,7689,297,483,780,0,1
reference,miss,7690,208,18,226,0,1
reference,hit,7690,288,480,768,0,1
reference,miss,7691,224,18,242,0,1
reference,hit,7691,298,502,800,0,1
reference,miss,7692,206,18,224,0,1
reference,hit,7692,285,486,771,0,1
reference,miss,7693,224,17,241,0,1
reference,hit,7693,296,485,781,0,1
reference,miss,7694,203,19,222,0,1
reference,hit,7694,291,482,773,0,1
reference,miss,7695,217,18,235,0,1
reference,hit,7695,295,484,779,0,1
reference,miss,7696,203,18,221,0,1
reference,hit,7696,290,499,789,0,1
reference,miss,7697,224,18,242,0,1
reference,hit,7697,295,510,805,0,1
reference,miss,7698,206,18,224,0,1
reference,hit,7698,287,484,771,0,1
reference,miss,7699,223,18,241,0,1
reference,hit,7699,297,511,808,0,1
reference,miss,7700,205,17,222,0,1
reference,hit,7700,303,497,800,0,1
reference,miss,7701,221,18,239,0,1
reference,hit,7701,300,508,808,0,1
reference,miss,7702,205,18,223,0,1
reference,hit,7702,283,491,774,0,1
reference,miss,7703,223,18,241,0,1
reference,hit,7703,298,486,784,0,1
reference,miss,7704,208,17,225,0,1
reference,hit,7704,289,489,778,0,1
reference,miss,7705,217,19,236,0,1
reference,hit,7705,297,495,792,0,1
reference,miss,7706,204,17,221,0,1
reference,hit,7706,292,499,791,0,1
reference,miss,7707,226,17,243,0,1
reference,hit,7707,387,586,973,0,1
reference,miss,7708,205,18,223,0,1
reference,hit,7708,282,490,772,0,1
reference,miss,7709,223,17,240,0,1
reference,hit,7709,286,468,754,0,1
reference,miss,7710,210,19,229,0,1
reference,hit,7710,281,506,787,0,1
reference,miss,7711,221,19,240,0,1
reference,hit,7711,285,473,758,0,1
reference,miss,7712,209,18,227,0,1
reference,hit,7712,285,470,755,0,1
reference,miss,7713,217,18,235,0,1
reference,hit,7713,274,466,740,0,1
reference,miss,7714,203,18,221,0,1
reference,hit,7714,312,549,861,0,1
reference,miss,7715,221,18,239,0,1
reference,hit,7715,287,475,762,0,1
reference,miss,7716,206,18,224,0,1
reference,hit,7716,282,487,769,0,1
reference,miss,7717,216,18,234,0,1
reference,hit,7717,287,473,760,0,1
reference,miss,7718,207,18,225,0,1
reference,hit,7718,284,471,755,0,1
reference,miss,7719,221,18,239,0,1
reference,hit,7719,275,504,779,0,1
reference,miss,7720,210,18,228,0,1
reference,hit,7720,284,477,761,0,1
reference,miss,7721,216,18,234,0,1
reference,hit,7721,279,475,754,0,1
reference,miss,7722,207,18,225,0,1
reference,hit,7722,287,470,757,0,1
reference,miss,7723,217,19,236,0,1
reference,hit,7723,278,482,760,0,1
reference,miss,7724,209,17,226,0,1
reference,hit,7724,280,479,759,0,1
reference,miss,7725,218,18,236,0,1
reference,hit,7725,277,467,744,0,1
reference,miss,7726,207,17,224,0,1
reference,hit,7726,281,477,758,0,1
reference,miss,7727,222,18,240,0,1
reference,hit,7727,286,478,764,0,1
reference,miss,7728,204,18,222,0,1
reference,hit,7728,283,479,762,0,1
reference,miss,7729,217,18,235,0,1
reference,hit,7729,286,494,780,0,1
reference,miss,7730,210,18,228,0,1
reference,hit,7730,278,486,764,0,1
reference,miss,7731,220,18,238,0,1
reference,hit,7731,279,482,761,0,1
reference,miss,7732,206,19,225,0,1
reference,hit,7732,284,474,758,0,1
reference,miss,7733,220,18,238,0,1
reference,hit,7733,285,476,761,0,1
reference,miss,7734,213,17,230,0,1
reference,hit,7734,283,479,762,0,1
reference,miss,7735,219,17,236,0,1
reference,hit,7735,278,476,754,0,1
reference,miss,7736,207,18,225,0,1
reference,hit,7736,279,486,765,0,1
reference,miss,7737,217,18,235,0,1
reference,hit,7737,279,472,751,0,1
reference,miss,7738,206,20,226,0,1
reference,hit,7738,283,470,753,0,1
reference,miss,7739,221,18,239,0,1
reference,hit,7739,283,486,769,0,1
reference,miss,7740,205,18,223,0,1
reference,hit,7740,275,478,753,0,1
reference,miss,7741,215,18,233,0,1
reference,hit,7741,274,479,753,0,1
reference,miss,7742,208,18,226,0,1
reference,hit,7742,278,498,776,0,1
reference,miss,7743,213,18,231,0,1
reference,hit,7743,280,480,760,0,1
reference,miss,7744,207,18,225,0,1
reference,hit,7744,276,473,749,0,1
reference,miss,7745,214,18,232,0,1
reference,hit,7745,277,484,761,0,1
reference,miss,7746,202,18,220,0,1
reference,hit,7746,280,507,787,0,1
reference,miss,7747,217,17,234,0,1
reference,hit,7747,278,478,756,0,1
reference,miss,7748,206,18,224,0,1
reference,hit,7748,281,517,798,0,1
reference,miss,7749,214,18,232,0,1
reference,hit,7749,273,470,743,0,1
reference,miss,7750,206,18,224,0,1
reference,hit,7750,277,477,754,0,1
reference,miss,7751,214,19,233,0,1
reference,hit,7751,279,480,759,0,1
reference,miss,7752,208,18,226,0,1
reference,hit,7752,286,487,773,0,1
reference,miss,7753,214,18,232,0,1
reference,hit,7753,279,483,762,0,1
reference,miss,7754,207,19,226,0,1
reference,hit,7754,280,490,770,0,1
reference,miss,7755,217,18,235,0,1
reference,hit,7755,281,479,760,0,1
reference,miss,7756,203,17,220,0,1
reference,hit,7756,281,472,753,0,1
reference,miss,7757,216,17,233,0,1
reference,hit,7757,280,491,771,0,1
reference,miss,7758,204,18,222,0,1
reference,hit,7758,275,476,751,0,1
reference,miss,7759,217,19,236,0,1
reference,hit,7759,278,481,759,0,1
reference,miss,7760,201,18,219,0,1
reference,hit,7760,273,470,743,0,1
reference,miss,7761,218,18,236,0,1
reference,hit,7761,282,490,772,0,1
reference,miss,7762,208,18,226,0,1
reference,hit,7762,279,498,777,0,1
reference,miss,7763,215,18,233,0,1
reference,hit,7763,281,477,758,0,1
reference,miss,7764,206,18,224,0,1
reference,hit,7764,279,477,756,0,1
reference,miss,7765,214,18,232,0,1
reference,hit,7765,275,471,746,0,1
reference,miss,7766,201,18,219,0,1
reference,hit,7766,281,471,752,0,1
reference,miss,7767,218,18,236,0,1
reference,hit,7767,278,496,774,0,1
reference,miss,7768,204,18,222,0,1
reference,hit,7768,279,484,763,0,1
reference,miss,7769,215,19,234,0,1
reference,hit,7769,275,479,754,0,1
reference,miss,7770,204,17,221,0,1
reference,hit,7770,280,471,751,0,1
reference,miss,7771,214,18,232,0,1
reference,hit,7771,274,470,744,0,1
reference,miss,7772,203,17,220,0,1
reference,hit,7772,292,542,834,0,1
reference,miss,7773,218,18,236,0,1
reference,hit,7773,282,486,768,0,1
reference,miss,7774,203,17,220,0,1
reference,hit,7774,290,511,801,0,1
reference,miss,7775,219,18,237,0,1
reference,hit,7775,282,473,755,0,1
reference,miss,7776,207,18,225,0,1
reference,hit,7776,281,490,771,0,1
reference,miss,7777,217,18,235,0,1
reference,hit,7777,277,470,747,0,1
reference,miss,7778,206,18,224,0,1
reference,hit,7778,283,474,757,0,1
reference,miss,7779,216,17,233,0,1
reference,hit,7779,278,478,756,0,1
reference,miss,7780,204,18,222,0,1
reference,hit,7780,282,468,750,0,1
reference,miss,7781,214,18,232,0,1
reference,hit,7781,280,475,755,0,1
reference,miss,7782,209,1055,1264,0,1
reference,hit,7782,298,1205,1503,0,1
reference,miss,7783,216,18,234,0,1
reference,hit,7783,285,473,758,0,1
reference,miss,7784,208,18,226,0,1
reference,hit,7784,287,483,770,0,1
reference,miss,7785,220,18,238,0,1
reference,hit,7785,279,532,811,0,1
reference,miss,7786,202,18,220,0,1
reference,hit,7786,279,501,780,0,1
reference,miss,7787,218,19,237,0,1
reference,hit,7787,279,489,768,0,1
reference,miss,7788,206,18,224,0,1
reference,hit,7788,284,469,753,0,1
reference,miss,7789,215,19,234,0,1
reference,hit,7789,275,482,757,0,1
reference,miss,7790,202,17,219,0,1
reference,hit,7790,281,487,768,0,1
reference,miss,7791,217,19,236,0,1
reference,hit,7791,278,468,746,0,1
reference,miss,7792,208,18,226,0,1
reference,hit,7792,282,484,766,0,1
reference,miss,7793,217,17,234,0,1
reference,hit,7793,280,473,753,0,1
reference,miss,7794,206,18,224,0,1
reference,hit,7794,281,476,757,0,1
reference,miss,7795,215,18,233,0,1
reference,hit,7795,279,486,765,0,1
reference,miss,7796,205,17,222,0,1
reference,hit,7796,283,470,753,0,1
reference,miss,7797,216,17,233,0,1
reference,hit,7797,274,470,744,0,1
reference,miss,7798,207,18,225,0,1
reference,hit,7798,278,487,765,0,1
reference,miss,7799,218,19,237,0,1
reference,hit,7799,273,481,754,0,1
reference,miss,7800,207,18,225,0,1
reference,hit,7800,277,496,773,0,1
reference,miss,7801,217,18,235,0,1
reference,hit,7801,279,475,754,0,1
reference,miss,7802,207,18,225,0,1
reference,hit,7802,273,477,750,0,1
reference,miss,7803,214,19,233,0,1
reference,hit,7803,279,484,763,0,1
reference,miss,7804,209,17,226,0,1
reference,hit,7804,280,469,749,0,1
reference,miss,7805,216,18,234,0,1
reference,hit,7805,275,473,748,0,1
reference,miss,7806,209,18,227,0,1
reference,hit,7806,279,477,756,0,1
reference,miss,7807,216,18,234,0,1
reference,hit,7807,283,481,764,0,1
reference,miss,7808,205,17,222,0,1
reference,hit,7808,278,475,753,0,1
reference,miss,7809,215,17,232,0,1
reference,hit,7809,281,489,770,0,1
reference,miss,7810,206,18,224,0,1
reference,hit,7810,280,507,787,0,1
reference,miss,7811,217,17,234,0,1
reference,hit,7811,280,483,763,0,1
reference,miss,7812,207,18,225,0,1
reference,hit,7812,278,476,754,0,1
reference,miss,7813,214,19,233,0,1
reference,hit,7813,276,474,750,0,1
reference,miss,7814,204,19,223,0,1
reference,hit,7814,280,477,757,0,1
reference,miss,7815,217,18,235,0,1
reference,hit,7815,281,470,751,0,1
reference,miss,7816,203,18,221,0,1
reference,hit,7816,280,484,764,0,1
reference,miss,7817,218,17,235,0,1
reference,hit,7817,278,492,770,0,1
reference,miss,7818,206,18,224,0,1
reference,hit,7818,281,478,759,0,1
reference,miss,7819,223,18,241,0,1
reference,hit,7819,275,480,755,0,1
reference,miss,7820,210,17,227,0,1
reference,hit,7820,275,476,751,0,1
reference,miss,7821,217,18,235,0,1
reference,hit,7821,282,498,780,0,1
reference,miss,7822,207,18,225,0,1
reference,hit,7822,280,489,769,0,1
reference,miss,7823,217,18,235,0,1
reference,hit,7823,275,484,759,0,1
reference,miss,7824,206,17,223,0,1
reference,hit,7824,275,479,754,0,1
reference,miss,7825,216,17,233,0,1
reference,hit,7825,284,489,773,0,1
reference,miss,7826,208,18,226,0,1
reference,hit,7826,282,482,764,0,1
reference,miss,7827,223,18,241,0,1
reference,hit,7827,276,502,778,0,1
reference,miss,7828,206,17,223,0,1
reference,hit,7828,278,475,753,0,1
reference,miss,7829,218,17,235,0,1
reference,hit,7829,300,536,836,0,1
reference,miss,7830,210,17,227,0,1
reference,hit,7830,285,487,772,0,1
reference,miss,7831,217,23,240,0,1
reference,hit,7831,282,496,778,0,1
reference,miss,7832,207,18,225,0,1
reference,hit,7832,285,509,794,0,1
reference,miss,7833,217,18,235,0,1
reference,hit,7833,281,496,777,0,1
reference,miss,7834,206,17,223,0,1
reference,hit,7834,279,502,781,0,1
reference,miss,7835,217,18,235,0,1
reference,hit,7835,272,471,743,0,1
reference,miss,7836,206,18,224,0,1
reference,hit,7836,352,1080,1432,0,1
reference,miss,7837,216,19,235,0,1
reference,hit,7837,951,1422,2373,0,1
reference,miss,7838,202,18,220,0,1
reference,hit,7838,282,1561,1843,0,1
reference,miss,7839,217,18,235,0,1
reference,hit,7839,525,839,1364,0,1
reference,miss,7840,208,17,225,0,1
reference,hit,7840,282,1973,2255,0,1
reference,miss,7841,215,18,233,0,1
reference,hit,7841,352,489,841,0,1
reference,miss,7842,205,18,223,0,1
reference,hit,7842,280,491,771,0,1
reference,miss,7843,215,19,234,0,1
reference,hit,7843,283,471,754,0,1
reference,miss,7844,208,18,226,0,1
reference,hit,7844,276,491,767,0,1
reference,miss,7845,216,18,234,0,1
reference,hit,7845,280,484,764,0,1
reference,miss,7846,201,18,219,0,1
reference,hit,7846,278,471,749,0,1
reference,miss,7847,217,18,235,0,1
reference,hit,7847,280,500,780,0,1
reference,miss,7848,202,18,220,0,1
reference,hit,7848,279,468,747,0,1
reference,miss,7849,217,17,234,0,1
reference,hit,7849,278,624,902,0,1
reference,miss,7850,207,18,225,0,1
reference,hit,7850,611,468,1079,0,1
reference,miss,7851,217,18,235,0,1
reference,hit,7851,713,1041,1754,0,1
reference,miss,7852,203,19,222,0,1
reference,hit,7852,280,485,765,0,1
reference,miss,7853,217,17,234,0,1
reference,hit,7853,918,886,1804,0,1
reference,miss,7854,205,18,223,0,1
reference,hit,7854,276,467,743,0,1
reference,miss,7855,217,18,235,0,1
reference,hit,7855,590,542,1132,0,1
reference,miss,7856,204,17,221,0,1
reference,hit,7856,285,616,901,0,1
reference,miss,7857,215,18,233,0,1
reference,hit,7857,277,654,931,0,1
reference,miss,7858,207,18,225,0,1
reference,hit,7858,286,479,765,0,1
reference,miss,7859,215,18,233,0,1
reference,hit,7859,275,1222,1497,0,1
reference,miss,7860,205,18,223,0,1
reference,hit,7860,279,479,758,0,1
reference,miss,7861,216,18,234,0,1
reference,hit,7861,277,488,765,0,1
reference,miss,7862,209,18,227,0,1
reference,hit,7862,338,803,1141,0,1
reference,miss,7863,214,18,232,0,1
reference,hit,7863,278,611,889,0,1
reference,miss,7864,204,18,222,0,1
reference,hit,7864,279,802,1081,0,1
reference,miss,7865,215,18,233,0,1
reference,hit,7865,275,467,742,0,1
reference,miss,7866,207,17,224,0,1
reference,hit,7866,281,501,782,0,1
reference,miss,7867,216,18,234,0,1
reference,hit,7867,282,474,756,0,1
reference,miss,7868,203,17,220,0,1
reference,hit,7868,283,475,758,0,1
reference,miss,7869,217,19,236,0,1
reference,hit,7869,281,469,750,0,1
reference,miss,7870,205,18,223,0,1
reference,hit,7870,280,470,750,0,1
reference,miss,7871,220,18,238,0,1
reference,hit,7871,287,484,771,0,1
reference,miss,7872,206,17,223,0,1
reference,hit,7872,279,469,748,0,1
reference,miss,7873,215,19,234,0,1
reference,hit,7873,278,474,752,0,1
reference,miss,7874,205,17,222,0,1
reference,hit,7874,275,474,749,0,1
reference,miss,7875,222,18,240,0,1
reference,hit,7875,328,543,871,0,1
reference,miss,7876,211,18,229,0,1
reference,hit,7876,287,478,765,0,1
reference,miss,7877,218,18,236,0,1
reference,hit,7877,288,514,802,0,1
reference,miss,7878,207,17,224,0,1
reference,hit,7878,290,482,772,0,1
reference,miss,7879,217,17,234,0,1
reference,hit,7879,432,510,942,0,1
reference,miss,7880,207,17,224,0,1
reference,hit,7880,289,483,772,0,1
reference,miss,7881,216,18,234,0,1
reference,hit,7881,291,1063,1354,0,1
reference,miss,7882,203,18,221,0,1
reference,hit,7882,291,689,980,0,1
reference,miss,7883,218,17,235,0,1
reference,hit,7883,288,479,767,0,1
reference,miss,7884,207,1045,1252,0,1
reference,hit,7884,306,2589,2895,0,1
reference,miss,7885,219,17,236,0,1
reference,hit,7885,296,481,777,0,1
reference,miss,7886,207,19,226,0,1
reference,hit,7886,288,483,771,0,1
reference,miss,7887,219,18,237,0,1
reference,hit,7887,291,488,779,0,1
reference,miss,7888,205,17,222,0,1
reference,hit,7888,287,479,766,0,1
reference,miss,7889,217,17,234,0,1
reference,hit,7889,291,494,785,0,1
reference,miss,7890,205,18,223,0,1
reference,hit,7890,294,490,784,0,1
reference,miss,7891,216,17,233,0,1
reference,hit,7891,290,497,787,0,1
reference,miss,7892,204,18,222,0,1
reference,hit,7892,289,480,769,0,1
reference,miss,7893,217,18,235,0,1
reference,hit,7893,292,479,771,0,1
reference,miss,7894,210,17,227,0,1
reference,hit,7894,292,497,789,0,1
reference,miss,7895,216,19,235,0,1
reference,hit,7895,291,475,766,0,1
reference,miss,7896,203,18,221,0,1
reference,hit,7896,284,476,760,0,1
reference,miss,7897,217,18,235,0,1
reference,hit,7897,289,494,783,0,1
reference,miss,7898,202,17,219,0,1
reference,hit,7898,291,487,778,0,1
reference,miss,7899,218,18,236,0,1
reference,hit,7899,286,469,755,0,1
reference,miss,7900,206,18,224,0,1
reference,hit,7900,284,510,794,0,1
reference,miss,7901,216,17,233,0,1
reference,hit,7901,283,489,772,0,1
reference,miss,7902,206,18,224,0,1
reference,hit,7902,290,480,770,0,1
reference,miss,7903,215,18,233,0,1
reference,hit,7903,292,488,780,0,1
reference,miss,7904,206,18,224,0,1
reference,hit,7904,291,476,767,0,1
reference,miss,7905,216,19,235,0,1
reference,hit,7905,291,487,778,0,1
reference,miss,7906,202,18,220,0,1
reference,hit,7906,291,482,773,0,1
reference,miss,7907,216,18,234,0,1
reference,hit,7907,291,479,770,0,1
reference,miss,7908,207,18,225,0,1
reference,hit,7908,289,483,772,0,1
reference,miss,7909,217,18,235,0,1
reference,hit,7909,284,489,773,0,1
reference,miss,7910,201,18,219,0,1
reference,hit,7910,283,477,760,0,1
reference,miss,7911,218,17,235,0,1
reference,hit,7911,287,477,764,0,1
reference,miss,7912,207,18,225,0,1
reference,hit,7912,290,481,771,0,1
reference,miss,7913,217,18,235,0,1
reference,hit,7913,290,563,853,0,1
reference,miss,7914,206,18,224,0,1
reference,hit,7914,284,485,769,0,1
reference,miss,7915,216,18,234,0,1
reference,hit,7915,289,482,771,0,1
reference,miss,7916,206,17,223,0,1
reference,hit,7916,291,476,767,0,1
reference,miss,7917,217,18,235,0,1
reference,hit,7917,291,478,769,0,1
reference,miss,7918,202,17,219,0,1
reference,hit,7918,291,498,789,0,1
reference,miss,7919,215,18,233,0,1
reference,hit,7919,286,480,766,0,1
reference,miss,7920,206,18,224,0,1
reference,hit,7920,292,492,784,0,1
reference,miss,7921,219,17,236,0,1
reference,hit,7921,321,530,851,0,1
reference,miss,7922,209,18,227,0,1
reference,hit,7922,287,517,804,0,1
reference,miss,7923,215,18,233,0,1
reference,hit,7923,279,632,911,0,1
reference,miss,7924,207,19,226,0,1
reference,hit,7924,278,3049,3327,0,1
reference,miss,7925,218,17,235,0,1
reference,hit,7925,285,783,1068,0,1
reference,miss,7926,203,17,220,0,1
reference,hit,7926,308,825,1133,0,1
reference,miss,7927,219,18,237,0,1
reference,hit,7927,294,762,1056,0,1
reference,miss,7928,204,18,222,0,1
reference,hit,7928,286,494,780,0,1
reference,miss,7929,217,17,234,0,1
reference,hit,7929,284,499,783,0,1
reference,miss,7930,203,18,221,0,1
reference,hit,7930,279,477,756,0,1
reference,miss,7931,217,18,235,0,1
reference,hit,7931,284,487,771,0,1
reference,miss,7932,203,18,221,0,1
reference,hit,7932,288,484,772,0,1
reference,miss,7933,216,19,235,0,1
reference,hit,7933,279,503,782,0,1
reference,miss,7934,206,18,224,0,1
reference,hit,7934,284,483,767,0,1
reference,miss,7935,219,17,236,0,1
reference,hit,7935,291,481,772,0,1
reference,miss,7936,204,18,222,0,1
reference,hit,7936,281,483,764,0,1
reference,miss,7937,217,18,235,0,1
reference,hit,7937,280,481,761,0,1
reference,miss,7938,202,20,222,0,1
reference,hit,7938,291,479,770,0,1
reference,miss,7939,214,18,232,0,1
reference,hit,7939,280,500,780,0,1
reference,miss,7940,209,17,226,0,1
reference,hit,7940,287,479,766,0,1
reference,miss,7941,217,17,234,0,1
reference,hit,7941,284,477,761,0,1
reference,miss,7942,202,18,220,0,1
reference,hit,7942,287,507,794,0,1
reference,miss,7943,216,18,234,0,1
reference,hit,7943,284,484,768,0,1
reference,miss,7944,207,19,226,0,1
reference,hit,7944,285,479,764,0,1
reference,miss,7945,219,18,237,0,1
reference,hit,7945,267,484,751,0,1
reference,miss,7946,202,18,220,0,1
reference,hit,7946,289,480,769,0,1
reference,miss,7947,214,18,232,0,1
reference,hit,7947,278,489,767,0,1
reference,miss,7948,206,18,224,0,1
reference,hit,7948,279,483,762,0,1
reference,miss,7949,217,18,235,0,1
reference,hit,7949,276,490,766,0,1
reference,miss,7950,206,17,223,0,1
reference,hit,7950,289,550,839,0,1
reference,miss,7951,216,19,235,0,1
reference,hit,7951,284,485,769,0,1
reference,miss,7952,203,18,221,0,1
reference,hit,7952,282,506,788,0,1
reference,miss,7953,216,17,233,0,1
reference,hit,7953,283,503,786,0,1
reference,miss,7954,207,17,224,0,1
reference,hit,7954,284,561,845,0,1
reference,miss,7955,217,17,234,0,1
reference,hit,7955,284,479,763,0,1
reference,miss,7956,203,18,221,0,1
reference,hit,7956,282,482,764,0,1
reference,miss,7957,218,17,235,0,1
reference,hit,7957,284,477,761,0,1
reference,miss,7958,202,19,221,0,1
reference,hit,7958,282,475,757,0,1
reference,miss,7959,222,17,239,0,1
reference,hit,7959,279,476,755,0,1
reference,miss,7960,206,17,223,0,1
reference,hit,7960,443,605,1048,0,1
reference,miss,7961,218,19,237,0,1
reference,hit,7961,280,502,782,0,1
reference,miss,7962,206,17,223,0,1
reference,hit,7962,286,484,770,0,1
reference,miss,7963,215,20,235,0,1
reference,hit,7963,339,483,822,0,1
reference,miss,7964,206,18,224,0,1
reference,hit,7964,284,660,944,0,1
reference,miss,7965,216,17,233,0,1
reference,hit,7965,284,482,766,0,1
reference,miss,7966,205,18,223,0,1
reference,hit,7966,286,486,772,0,1
reference,miss,7967,218,17,235,0,1
reference,hit,7967,287,485,772,0,1
reference,miss,7968,210,17,227,0,1
reference,hit,7968,288,482,770,0,1
reference,miss,7969,216,19,235,0,1
reference,hit,7969,285,482,767,0,1
reference,miss,7970,206,18,224,0,1
reference,hit,7970,289,500,789,0,1
reference,miss,7971,217,19,236,0,1
reference,hit,7971,283,479,762,0,1
reference,miss,7972,203,18,221,0,1
reference,hit,7972,285,495,780,0,1
reference,miss,7973,216,19,235,0,1
reference,hit,7973,284,485,769,0,1
reference,miss,7974,205,17,222,0,1
reference,hit,7974,287,504,791,0,1
reference,miss,7975,218,17,235,0,1
reference,hit,7975,278,485,763,0,1
reference,miss,7976,208,18,226,0,1
reference,hit,7976,281,481,762,0,1
reference,miss,7977,215,18,233,0,1
reference,hit,7977,302,531,833,0,1
reference,miss,7978,203,18,221,0,1
reference,hit,7978,286,517,803,0,1
reference,miss,7979,218,18,236,0,1
reference,hit,7979,286,489,775,0,1
reference,miss,7980,209,18,227,0,1
reference,hit,7980,285,487,772,0,1
reference,miss,7981,214,19,233,0,1
reference,hit,7981,282,507,789,0,1
reference,miss,7982,207,17,224,0,1
reference,hit,7982,285,507,792,0,1
reference,miss,7983,217,17,234,0,1
reference,hit,7983,284,491,775,0,1
reference,miss,7984,207,17,224,0,1
reference,hit,7984,282,485,767,0,1
reference,miss,7985,215,18,233,0,1
reference,hit,7985,290,483,773,0,1
reference,miss,7986,204,17,221,0,1
reference,hit,7986,294,489,783,0,1
reference,miss,7987,217,18,235,0,1
reference,hit,7987,291,487,778,0,1
reference,miss,7988,204,17,221,0,1
reference,hit,7988,287,486,773,0,1
reference,miss,7989,216,18,234,0,1
reference,hit,7989,281,484,765,0,1
reference,miss,7990,205,17,222,0,1
reference,hit,7990,287,498,785,0,1
reference,miss,7991,214,17,231,0,1
reference,hit,7991,281,490,771,0,1
reference,miss,7992,208,18,226,0,1
reference,hit,7992,283,486,769,0,1
reference,miss,7993,214,19,233,0,1
reference,hit,7993,284,487,771,0,1
reference,miss,7994,203,18,221,0,1
reference,hit,7994,286,507,793,0,1
reference,miss,7995,214,18,232,0,1
reference,hit,7995,280,490,770,0,1
reference,miss,7996,210,17,227,0,1
reference,hit,7996,283,482,765,0,1
reference,miss,7997,215,18,233,0,1
reference,hit,7997,287,487,774,0,1
reference,miss,7998,203,18,221,0,1
reference,hit,7998,286,484,770,0,1
reference,miss,7999,217,18,235,0,1
reference,hit,7999,292,489,781,0,1
reference,miss,8000,204,18,222,0,1
reference,hit,8000,288,484,772,0,1
reference,miss,8001,217,18,235,0,1
reference,hit,8001,287,534,821,0,1
reference,miss,8002,204,18,222,0,1
reference,hit,8002,280,498,778,0,1
reference,miss,8003,214,19,233,0,1
reference,hit,8003,284,499,783,0,1
reference,miss,8004,203,19,222,0,1
reference,hit,8004,286,493,779,0,1
reference,miss,8005,217,18,235,0,1
reference,hit,8005,278,489,767,0,1
reference,miss,8006,206,18,224,0,1
reference,hit,8006,286,498,784,0,1
reference,miss,8007,216,17,233,0,1
reference,hit,8007,284,504,788,0,1
reference,miss,8008,204,18,222,0,1
reference,hit,8008,285,477,762,0,1
reference,miss,8009,216,18,234,0,1
reference,hit,8009,281,485,766,0,1
reference,miss,8010,204,19,223,0,1
reference,hit,8010,287,495,782,0,1
reference,miss,8011,217,18,235,0,1
reference,hit,8011,288,497,785,0,1
reference,miss,8012,203,17,220,0,1
reference,hit,8012,286,496,782,0,1
reference,miss,8013,217,18,235,0,1
reference,hit,8013,287,480,767,0,1
reference,miss,8014,204,18,222,0,1
reference,hit,8014,287,493,780,0,1
reference,miss,8015,217,18,235,0,1
reference,hit,8015,286,500,786,0,1
reference,miss,8016,206,19,225,0,1
reference,hit,8016,288,483,771,0,1
reference,miss,8017,218,17,235,0,1
reference,hit,8017,289,500,789,0,1
reference,miss,8018,207,18,225,0,1
reference,hit,8018,284,483,767,0,1
reference,miss,8019,215,19,234,0,1
reference,hit,8019,287,493,780,0,1
reference,miss,8020,201,18,219,0,1
reference,hit,8020,285,477,762,0,1
reference,miss,8021,217,18,235,0,1
reference,hit,8021,287,487,774,0,1
reference,miss,8022,207,18,225,0,1
reference,hit,8022,286,483,769,0,1
reference,miss,8023,215,18,233,0,1
reference,hit,8023,288,509,797,0,1
reference,miss,8024,208,17,225,0,1
reference,hit,8024,281,494,775,0,1
reference,miss,8025,219,17,236,0,1
reference,hit,8025,283,483,766,0,1
reference,miss,8026,201,18,219,0,1
reference,hit,8026,284,488,772,0,1
reference,miss,8027,218,19,237,0,1
reference,hit,8027,280,482,762,0,1
reference,miss,8028,204,18,222,0,1
reference,hit,8028,288,479,767,0,1
reference,miss,8029,214,18,232,0,1
reference,hit,8029,285,485,770,0,1
reference,miss,8030,208,18,226,0,1
reference,hit,8030,285,488,773,0,1
reference,miss,8031,216,19,235,0,1
reference,hit,8031,291,484,775,0,1
reference,miss,8032,204,18,222,0,1
reference,hit,8032,286,485,771,0,1
reference,miss,8033,215,19,234,0,1
reference,hit,8033,287,492,779,0,1
reference,miss,8034,203,17,220,0,1
reference,hit,8034,301,575,876,0,1
reference,miss,8035,216,18,234,0,1
reference,hit,8035,280,491,771,0,1
reference,miss,8036,203,19,222,0,1
reference,hit,8036,286,477,763,0,1
reference,miss,8037,218,18,236,0,1
reference,hit,8037,287,481,768,0,1
reference,miss,8038,210,17,227,0,1
reference,hit,8038,289,494,783,0,1
reference,miss,8039,214,18,232,0,1
reference,hit,8039,285,489,774,0,1
reference,miss,8040,207,19,226,0,1
reference,hit,8040,287,484,771,0,1
reference,miss,8041,216,18,234,0,1
reference,hit,8041,285,554,839,0,1
reference,miss,8042,208,18,226,0,1
reference,hit,8042,291,490,781,0,1
reference,miss,8043,217,18,235,0,1
reference,hit,8043,284,485,769,0,1
reference,miss,8044,207,18,225,0,1
reference,hit,8044,293,487,780,0,1
reference,miss,8045,216,19,235,0,1
reference,hit,8045,285,492,777,0,1
reference,miss,8046,203,19,222,0,1
reference,hit,8046,290,482,772,0,1
reference,miss,8047,215,19,234,0,1
reference,hit,8047,277,506,783,0,1
reference,miss,8048,203,18,221,0,1
reference,hit,8048,284,494,778,0,1
reference,miss,8049,218,18,236,0,1
reference,hit,8049,278,496,774,0,1
reference,miss,8050,204,17,221,0,1
reference,hit,8050,281,484,765,0,1
reference,miss,8051,218,18,236,0,1
reference,hit,8051,286,496,782,0,1
reference,miss,8052,207,18,225,0,1
reference,hit,8052,285,478,763,0,1
reference,miss,8053,216,18,234,0,1
reference,hit,8053,278,496,774,0,1
reference,miss,8054,205,18,223,0,1
reference,hit,8054,291,486,777,0,1
reference,miss,8055,218,17,235,0,1
reference,hit,8055,280,508,788,0,1
reference,miss,8056,204,18,222,0,1
reference,hit,8056,279,494,773,0,1
reference,miss,8057,218,17,235,0,1
reference,hit,8057,286,482,768,0,1
reference,miss,8058,205,17,222,0,1
reference,hit,8058,284,484,768,0,1
reference,miss,8059,217,18,235,0,1
reference,hit,8059,288,491,779,0,1
reference,miss,8060,204,18,222,0,1
reference,hit,8060,286,483,769,0,1
reference,miss,8061,215,19,234,0,1
reference,hit,8061,279,485,764,0,1
reference,miss,8062,203,18,221,0,1
reference,hit,8062,284,508,792,0,1
reference,miss,8063,216,18,234,0,1
reference,hit,8063,292,492,784,0,1
reference,miss,8064,206,18,224,0,1
reference,hit,8064,289,499,788,0,1
reference,miss,8065,215,18,233,0,1
reference,hit,8065,287,479,766,0,1
reference,miss,8066,207,19,226,0,1
reference,hit,8066,286,488,774,0,1
reference,miss,8067,216,18,234,0,1
reference,hit,8067,284,500,784,0,1
reference,miss,8068,210,19,229,0,1
reference,hit,8068,289,501,790,0,1
reference,miss,8069,215,19,234,0,1
reference,hit,8069,286,479,765,0,1
reference,miss,8070,208,17,225,0,1
reference,hit,8070,290,481,771,0,1
reference,miss,8071,216,18,234,0,1
reference,hit,8071,286,477,763,0,1
reference,miss,8072,203,17,220,0,1
reference,hit,8072,282,482,764,0,1
reference,miss,8073,218,19,237,0,1
reference,hit,8073,286,487,773,0,1
reference,miss,8074,210,17,227,0,1
reference,hit,8074,289,488,777,0,1
reference,miss,8075,217,18,235,0,1
reference,hit,8075,279,482,761,0,1
reference,miss,8076,205,18,223,0,1
reference,hit,8076,289,485,774,0,1
reference,miss,8077,216,17,233,0,1
reference,hit,8077,286,480,766,0,1
reference,miss,8078,207,18,225,0,1
reference,hit,8078,354,626,980,0,1
reference,miss,8079,220,18,238,0,1
reference,hit,8079,289,504,793,0,1
reference,miss,8080,209,18,227,0,1
reference,hit,8080,286,496,782,0,1
reference,miss,8081,219,18,237,0,1
reference,hit,8081,289,490,779,0,1
reference,miss,8082,211,18,229,0,1
reference,hit,8082,281,480,761,0,1
reference,miss,8083,218,18,236,0,1
reference,hit,8083,283,486,769,0,1
reference,miss,8084,204,20,224,0,1
reference,hit,8084,280,488,768,0,1
reference,miss,8085,216,19,235,0,1
reference,hit,8085,282,482,764,0,1
reference,miss,8086,209,18,227,0,1
reference,hit,8086,285,485,770,0,1
reference,miss,8087,218,18,236,0,1
reference,hit,8087,290,479,769,0,1
reference,miss,8088,205,18,223,0,1
reference,hit,8088,282,496,778,0,1
reference,miss,8089,229,821,1050,0,1
reference,hit,8089,287,1429,1716,0,1
reference,miss,8090,216,18,234,0,1
reference,hit,8090,285,497,782,0,1
reference,miss,8091,218,18,236,0,1
reference,hit,8091,300,553,853,0,1
reference,miss,8092,205,17,222,0,1
reference,hit,8092,283,507,790,0,1
reference,miss,8093,217,18,235,0,1
reference,hit,8093,291,503,794,0,1
reference,miss,8094,205,18,223,0,1
reference,hit,8094,284,495,779,0,1
reference,miss,8095,216,17,233,0,1
reference,hit,8095,293,485,778,0,1
reference,miss,8096,202,18,220,0,1
reference,hit,8096,287,488,775,0,1
reference,miss,8097,217,18,235,0,1
reference,hit,8097,285,497,782,0,1
reference,miss,8098,210,17,227,0,1
reference,hit,8098,288,488,776,0,1
reference,miss,8099,219,18,237,0,1
reference,hit,8099,285,500,785,0,1
reference,miss,8100,206,17,223,0,1
reference,hit,8100,281,487,768,0,1
reference,miss,8101,216,17,233,0,1
reference,hit,8101,285,513,798,0,1
reference,miss,8102,208,18,226,0,1
reference,hit,8102,288,484,772,0,1
reference,miss,8103,216,19,235,0,1
reference,hit,8103,280,496,776,0,1
reference,miss,8104,204,18,222,0,1
reference,hit,8104,285,506,791,0,1
reference,miss,8105,217,18,235,0,1
reference,hit,8105,288,490,778,0,1
reference,miss,8106,208,18,226,0,1
reference,hit,8106,288,499,787,0,1
reference,miss,8107,216,18,234,0,1
reference,hit,8107,288,494,782,0,1
reference,miss,8108,203,19,222,0,1
reference,hit,8108,288,488,776,0,1
reference,miss,8109,217,18,235,0,1
reference,hit,8109,282,485,767,0,1
reference,miss,8110,204,18,222,0,1
reference,hit,8110,283,498,781,0,1
reference,miss,8111,217,17,234,0,1
reference,hit,8111,287,494,781,0,1
reference,miss,8112,205,18,223,0,1
reference,hit,8112,286,513,799,0,1
reference,miss,8113,216,18,234,0,1
reference,hit,8113,288,488,776,0,1
reference,miss,8114,209,17,226,0,1
reference,hit,8114,290,487,777,0,1
reference,miss,8115,220,17,237,0,1
reference,hit,8115,287,542,829,0,1
reference,miss,8116,209,19,228,0,1
reference,hit,8116,286,490,776,0,1
reference,miss,8117,216,18,234,0,1
reference,hit,8117,288,486,774,0,1
reference,miss,8118,209,17,226,0,1
reference,hit,8118,287,500,787,0,1
reference,miss,8119,215,19,234,0,1
reference,hit,8119,281,486,767,0,1
reference,miss,8120,208,17,225,0,1
reference,hit,8120,290,488,778,0,1
reference,miss,8121,221,17,238,0,1
reference,hit,8121,286,483,769,0,1
reference,miss,8122,206,19,225,0,1
reference,hit,8122,289,492,781,0,1
reference,miss,8123,219,18,237,0,1
reference,hit,8123,290,510,800,0,1
reference,miss,8124,204,19,223,0,1
reference,hit,8124,295,509,804,0,1
reference,miss,8125,216,18,234,0,1
reference,hit,8125,296,510,806,0,1
reference,miss,8126,209,19,228,0,1
reference,hit,8126,284,526,810,0,1
reference,miss,8127,218,18,236,0,1
reference,hit,8127,295,484,779,0,1
reference,miss,8128,205,17,222,0,1
reference,hit,8128,289,514,803,0,1
reference,miss,8129,218,19,237,0,1
reference,hit,8129,283,508,791,0,1
reference,miss,8130,206,19,225,0,1
reference,hit,8130,287,491,778,0,1
reference,miss,8131,216,18,234,0,1
reference,hit,8131,285,506,791,0,1
reference,miss,8132,207,17,224,0,1
reference,hit,8132,292,487,779,0,1
reference,miss,8133,218,18,236,0,1
reference,hit,8133,286,506,792,0,1
reference,miss,8134,209,17,226,0,1
reference,hit,8134,286,490,776,0,1
reference,miss,8135,221,17,238,0,1
reference,hit,8135,288,513,801,0,1
reference,miss,8136,208,19,227,0,1
reference,hit,8136,286,505,791,0,1
reference,miss,8137,219,18,237,0,1
reference,hit,8137,288,503,791,0,1
reference,miss,8138,202,17,219,0,1
reference,hit,8138,286,493,779,0,1
reference,miss,8139,216,18,234,0,1
reference,hit,8139,283,483,766,0,1
reference,miss,8140,202,18,220,0,1
reference,hit,8140,323,573,896,0,1
reference,miss,8141,219,17,236,0,1
reference,hit,8141,289,531,820,0,1
reference,miss,8142,203,19,222,0,1
reference,hit,8142,288,498,786,0,1
reference,miss,8143,216,18,234,0,1
reference,hit,8143,290,488,778,0,1
reference,miss,8144,208,18,226,0,1
reference,hit,8144,281,480,761,0,1
reference,miss,8145,214,19,233,0,1
reference,hit,8145,292,482,774,0,1
reference,miss,8146,209,19,228,0,1
reference,hit,8146,371,551,922,0,1
reference,miss,8147,217,18,235,0,1
reference,hit,8147,302,505,807,0,1
reference,miss,8148,210,18,228,0,1
reference,hit,8148,287,523,810,0,1
reference,miss,8149,219,18,237,0,1
reference,hit,8149,286,483,769,0,1
reference,miss,8150,207,19,226,0,1
reference,hit,8150,286,496,782,0,1
reference,miss,8151,215,19,234,0,1
reference,hit,8151,286,491,777,0,1
reference,miss,8152,204,18,222,0,1
reference,hit,8152,288,492,780,0,1
reference,miss,8153,217,18,235,0,1
reference,hit,8153,287,495,782,0,1
reference,miss,8154,203,18,221,0,1
reference,hit,8154,286,510,796,0,1
reference,miss,8155,218,18,236,0,1
reference,hit,8155,286,494,780,0,1
reference,miss,8156,210,18,228,0,1
reference,hit,8156,282,491,773,0,1
reference,miss,8157,217,18,235,0,1
reference,hit,8157,279,503,782,0,1
reference,miss,8158,202,18,220,0,1
reference,hit,8158,287,486,773,0,1
reference,miss,8159,214,18,232,0,1
reference,hit,8159,291,497,788,0,1
reference,miss,8160,202,18,220,0,1
reference,hit,8160,287,488,775,0,1
reference,miss,8161,217,18,235,0,1
reference,hit,8161,282,489,771,0,1
reference,miss,8162,209,18,227,0,1
reference,hit,8162,287,496,783,0,1
reference,miss,8163,216,19,235,0,1
reference,hit,8163,286,483,769,0,1
reference,miss,8164,208,18,226,0,1
reference,hit,8164,286,491,777,0,1
reference,miss,8165,217,19,236,0,1
reference,hit,8165,280,504,784,0,1
reference,miss,8166,203,18,221,0,1
reference,hit,8166,285,493,778,0,1
reference,miss,8167,216,18,234,0,1
reference,hit,8167,287,495,782,0,1
reference,miss,8168,204,18,222,0,1
reference,hit,8168,285,499,784,0,1
reference,miss,8169,217,17,234,0,1
reference,hit,8169,286,534,820,0,1
reference,miss,8170,205,18,223,0,1
reference,hit,8170,284,508,792,0,1
reference,miss,8171,216,19,235,0,1
reference,hit,8171,284,496,780,0,1
reference,miss,8172,204,18,222,0,1
reference,hit,8172,288,491,779,0,1
reference,miss,8173,213,18,231,0,1
reference,hit,8173,281,493,774,0,1
reference,miss,8174,204,18,222,0,1
reference,hit,8174,282,497,779,0,1
reference,miss,8175,216,19,235,0,1
reference,hit,8175,280,509,789,0,1
reference,miss,8176,204,18,222,0,1
reference,hit,8176,284,517,801,0,1
reference,miss,8177,219,19,238,0,1
reference,hit,8177,280,492,772,0,1
reference,miss,8178,204,18,222,0,1
reference,hit,8178,287,497,784,0,1
reference,miss,8179,215,19,234,0,1
reference,hit,8179,281,498,779,0,1
reference,miss,8180,210,17,227,0,1
reference,hit,8180,280,492,772,0,1
reference,miss,8181,219,18,237,0,1
reference,hit,8181,287,500,787,0,1
reference,miss,8182,203,18,221,0,1
reference,hit,8182,289,487,776,0,1
reference,miss,8183,217,19,236,0,1
reference,hit,8183,282,492,774,0,1
reference,miss,8184,203,19,222,0,1
reference,hit,8184,286,490,776,0,1
reference,miss,8185,216,17,233,0,1
reference,hit,8185,282,505,787,0,1
reference,miss,8186,206,18,224,0,1
reference,hit,8186,287,486,773,0,1
reference,miss,8187,216,19,235,0,1
reference,hit,8187,286,496,782,0,1
reference,miss,8188,205,17,222,0,1
reference,hit,8188,285,499,784,0,1
reference,miss,8189,218,18,236,0,1
reference,hit,8189,283,491,774,0,1
reference,miss,8190,204,17,221,0,1
reference,hit,8190,289,494,783,0,1
reference,miss,8191,232,864,1096,0,1
reference,hit,8191,291,1398,1689,0,1
reference,miss,8192,216,18,234,0,1
reference,hit,8192,292,489,781,0,1
reference,miss,8193,219,17,236,0,1
reference,hit,8193,293,493,786,0,1
reference,miss,8194,204,18,222,0,1
reference,hit,8194,284,517,801,0,1
reference,miss,8195,215,17,232,0,1
reference,hit,8195,289,486,775,0,1
reference,miss,8196,203,18,221,0,1
reference,hit,8196,288,512,800,0,1
reference,miss,8197,217,18,235,0,1
reference,hit,8197,291,488,779,0,1
reference,miss,8198,204,17,221,0,1
reference,hit,8198,286,489,775,0,1
reference,miss,8199,219,18,237,0,1
reference,hit,8199,291,496,787,0,1
reference,miss,8200,204,17,221,0,1
reference,hit,8200,287,495,782,0,1
reference,miss,8201,218,18,236,0,1
reference,hit,8201,286,489,775,0,1
reference,miss,8202,205,18,223,0,1
reference,hit,8202,288,519,807,0,1
reference,miss,8203,217,18,235,0,1
reference,hit,8203,296,490,786,0,1
reference,miss,8204,205,18,223,0,1
reference,hit,8204,330,565,895,0,1
reference,miss,8205,220,18,238,0,1
reference,hit,8205,292,486,778,0,1
reference,miss,8206,209,17,226,0,1
reference,hit,8206,289,486,775,0,1
reference,miss,8207,221,18,239,0,1
reference,hit,8207,288,493,781,0,1
reference,miss,8208,208,17,225,0,1
reference,hit,8208,288,523,811,0,1
reference,miss,8209,217,19,236,0,1
reference,hit,8209,293,497,790,0,1
reference,miss,8210,204,17,221,0,1
reference,hit,8210,288,498,786,0,1
reference,miss,8211,217,17,234,0,1
reference,hit,8211,290,496,786,0,1
reference,miss,8212,205,18,223,0,1
reference,hit,8212,286,491,777,0,1
reference,miss,8213,220,17,237,0,1
reference,hit,8213,286,499,785,0,1
reference,miss,8214,205,18,223,0,1
reference,hit,8214,287,484,771,0,1
reference,miss,8215,215,18,233,0,1
reference,hit,8215,287,496,783,0,1
reference,miss,8216,205,17,222,0,1
reference,hit,8216,286,485,771,0,1
reference,miss,8217,219,17,236,0,1
reference,hit,8217,287,495,782,0,1
reference,miss,8218,205,18,223,0,1
reference,hit,8218,287,498,785,0,1
reference,miss,8219,219,18,237,0,1
reference,hit,8219,291,497,788,0,1
reference,miss,8220,202,18,220,0,1
reference,hit,8220,286,492,778,0,1
reference,miss,8221,218,17,235,0,1
reference,hit,8221,293,505,798,0,1
reference,miss,8222,202,17,219,0,1
reference,hit,8222,286,483,769,0,1
reference,miss,8223,219,17,236,0,1
reference,hit,8223,287,494,781,0,1
reference,miss,8224,205,17,222,0,1
reference,hit,8224,281,491,772,0,1
reference,miss,8225,220,18,238,0,1
reference,hit,8225,286,492,778,0,1
reference,miss,8226,208,17,225,0,1
reference,hit,8226,287,487,774,0,1
reference,miss,8227,215,19,234,0,1
reference,hit,8227,287,479,766,0,1
reference,miss,8228,208,18,226,0,1
reference,hit,8228,288,489,777,0,1
reference,miss,8229,215,19,234,0,1
reference,hit,8229,280,488,768,0,1
reference,miss,8230,208,19,227,0,1
reference,hit,8230,289,497,786,0,1
reference,miss,8231,219,18,237,0,1
reference,hit,8231,288,510,798,0,1
reference,miss,8232,206,17,223,0,1
reference,hit,8232,280,490,770,0,1
reference,miss,8233,219,18,237,0,1
reference,hit,8233,288,504,792,0,1
reference,miss,8234,205,17,222,0,1
reference,hit,8234,287,485,772,0,1
reference,miss,8235,217,20,237,0,1
reference,hit,8235,287,490,777,0,1
reference,miss,8236,206,18,224,0,1
reference,hit,8236,288,494,782,0,1
reference,miss,8237,219,17,236,0,1
reference,hit,8237,288,514,802,0,1
reference,miss,8238,205,18,223,0,1
reference,hit,8238,282,491,773,0,1
reference,miss,8239,218,18,236,0,1
reference,hit,8239,286,494,780,0,1
reference,miss,8240,207,18,225,0,1
reference,hit,8240,282,500,782,0,1
reference,miss,8241,215,20,235,0,1
reference,hit,8241,289,496,785,0,1
reference,miss,8242,211,17,228,0,1
reference,hit,8242,280,514,794,0,1
reference,miss,8243,219,18,237,0,1
reference,hit,8243,286,494,780,0,1
reference,miss,8244,205,17,222,0,1
reference,hit,8244,285,487,772,0,1
reference,miss,8245,219,17,236,0,1
reference,hit,8245,287,486,773,0,1
reference,miss,8246,211,17,228,0,1
reference,hit,8246,279,508,787,0,1
reference,miss,8247,217,18,235,0,1
reference,hit,8247,289,485,774,0,1
reference,miss,8248,203,18,221,0,1
reference,hit,8248,290,503,793,0,1
reference,miss,8249,215,18,233,0,1
reference,hit,8249,286,488,774,0,1
reference,miss,8250,204,18,222,0,1
reference,hit,8250,288,493,781,0,1
reference,miss,8251,218,18,236,0,1
reference,hit,8251,282,493,775,0,1
reference,miss,8252,207,17,224,0,1
reference,hit,8252,287,499,786,0,1
reference,miss,8253,217,17,234,0,1
reference,hit,8253,287,507,794,0,1
reference,miss,8254,208,18,226,0,1
reference,hit,8254,286,505,791,0,1
reference,miss,8255,217,17,234,0,1
reference,hit,8255,293,493,786,0,1
reference,miss,8256,203,19,222,0,1
reference,hit,8256,283,489,772,0,1
reference,miss,8257,218,18,236,0,1
reference,hit,8257,281,513,794,0,1
reference,miss,8258,205,18,223,0,1
reference,hit,8258,289,489,778,0,1
reference,miss,8259,218,19,237,0,1
reference,hit,8259,285,489,774,0,1
reference,miss,8260,201,18,219,0,1
reference,hit,8260,285,497,782,0,1
reference,miss,8261,217,18,235,0,1
reference,hit,8261,316,526,842,0,1
reference,miss,8262,208,18,226,0,1
reference,hit,8262,281,502,783,0,1
reference,miss,8263,217,18,235,0,1
reference,hit,8263,287,497,784,0,1
reference,miss,8264,203,18,221,0,1
reference,hit,8264,287,485,772,0,1
reference,miss,8265,216,18,234,0,1
reference,hit,8265,285,499,784,0,1
reference,miss,8266,203,18,221,0,1
reference,hit,8266,284,496,780,0,1
reference,miss,8267,217,18,235,0,1
reference,hit,8267,287,481,768,0,1
reference,miss,8268,209,18,227,0,1
reference,hit,8268,287,500,787,0,1
reference,miss,8269,218,18,236,0,1
reference,hit,8269,281,504,785,0,1
reference,miss,8270,209,18,227,0,1
reference,hit,8270,289,496,785,0,1
reference,miss,8271,218,18,236,0,1
reference,hit,8271,280,514,794,0,1
reference,miss,8272,205,18,223,0,1
reference,hit,8272,290,483,773,0,1
reference,miss,8273,218,18,236,0,1
reference,hit,8273,282,480,762,0,1
reference,miss,8274,208,18,226,0,1
reference,hit,8274,286,487,773,0,1
reference,miss,8275,217,18,235,0,1
reference,hit,8275,284,504,788,0,1
reference,miss,8276,204,18,222,0,1
reference,hit,8276,288,491,779,0,1
reference,miss,8277,216,19,235,0,1
reference,hit,8277,288,483,771,0,1
reference,miss,8278,208,18,226,0,1
reference,hit,8278,287,485,772,0,1
reference,miss,8279,217,18,235,0,1
reference,hit,8279,284,511,795,0,1
reference,miss,8280,204,18,222,0,1
reference,hit,8280,286,491,777,0,1
reference,miss,8281,217,17,234,0,1
reference,hit,8281,281,483,764,0,1
reference,miss,8282,206,18,224,0,1
reference,hit,8282,290,500,790,0,1
reference,miss,8283,217,17,234,0,1
reference,hit,8283,278,483,761,0,1
reference,miss,8284,208,18,226,0,1
reference,hit,8284,286,492,778,0,1
reference,miss,8285,219,17,236,0,1
reference,hit,8285,282,483,765,0,1
reference,miss,8286,208,18,226,0,1
reference,hit,8286,287,479,766,0,1
reference,miss,8287,216,18,234,0,1
reference,hit,8287,292,511,803,0,1
reference,miss,8288,206,17,223,0,1
reference,hit,8288,290,493,783,0,1
reference,miss,8289,219,18,237,0,1
reference,hit,8289,287,482,769,0,1
reference,miss,8290,209,18,227,0,1
reference,hit,8290,286,489,775,0,1
reference,miss,8291,217,18,235,0,1
reference,hit,8291,286,505,791,0,1
reference,miss,8292,205,17,222,0,1
reference,hit,8292,282,492,774,0,1
reference,miss,8293,218,17,235,0,1
reference,hit,8293,282,485,767,0,1
reference,miss,8294,208,840,1048,0,1
reference,hit,8294,303,1204,1507,0,1
reference,miss,8295,216,18,234,0,1
reference,hit,8295,288,479,767,0,1
reference,miss,8296,207,18,225,0,1
reference,hit,8296,293,539,832,0,1
reference,miss,8297,217,18,235,0,1
reference,hit,8297,287,491,778,0,1
reference,miss,8298,207,17,224,0,1
reference,hit,8298,282,493,775,0,1
reference,miss,8299,216,18,234,0,1
reference,hit,8299,284,490,774,0,1
reference,miss,8300,207,17,224,0,1
reference,hit,8300,281,539,820,0,1
reference,miss,8301,215,19,234,0,1
reference,hit,8301,284,509,793,0,1
reference,miss,8302,206,18,224,0,1
reference,hit,8302,286,497,783,0,1
reference,miss,8303,217,18,235,0,1
reference,hit,8303,281,498,779,0,1
reference,miss,8304,204,18,222,0,1
reference,hit,8304,287,509,796,0,1
reference,miss,8305,216,18,234,0,1
reference,hit,8305,286,510,796,0,1
reference,miss,8306,209,18,227,0,1
reference,hit,8306,280,504,784,0,1
reference,miss,8307,216,18,234,0,1
reference,hit,8307,286,504,790,0,1
reference,miss,8308,201,19,220,0,1
reference,hit,8308,286,486,772,0,1
reference,miss,8309,215,19,234,0,1
reference,hit,8309,288,502,790,0,1
reference,miss,8310,203,19,222,0,1
reference,hit,8310,287,504,791,0,1
reference,miss,8311,217,17,234,0,1
reference,hit,8311,286,499,785,0,1
reference,miss,8312,205,17,222,0,1
reference,hit,8312,281,498,779,0,1
reference,miss,8313,217,19,236,0,1
reference,hit,8313,286,494,780,0,1
reference,miss,8314,209,18,227,0,1
reference,hit,8314,286,502,788,0,1
reference,miss,8315,217,18,235,0,1
reference,hit,8315,281,499,780,0,1
reference,miss,8316,205,18,223,0,1
reference,hit,8316,289,494,783,0,1
reference,miss,8317,216,18,234,0,1
reference,hit,8317,296,536,832,0,1
reference,miss,8318,211,18,229,0,1
reference,hit,8318,295,514,809,0,1
reference,miss,8319,222,19,241,0,1
reference,hit,8319,300,509,809,0,1
reference,miss,8320,203,17,220,0,1
reference,hit,8320,294,496,790,0,1
reference,miss,8321,218,18,236,0,1
reference,hit,8321,298,499,797,0,1
reference,miss,8322,204,17,221,0,1
reference,hit,8322,297,513,810,0,1
reference,miss,8323,217,19,236,0,1
reference,hit,8323,293,485,778,0,1
reference,miss,8324,206,19,225,0,1
reference,hit,8324,297,513,810,0,1
reference,miss,8325,221,18,239,0,1
reference,hit,8325,297,519,816,0,1
reference,miss,8326,205,17,222,0,1
reference,hit,8326,297,504,801,0,1
reference,miss,8327,222,18,240,0,1
reference,hit,8327,297,499,796,0,1
reference,miss,8328,208,17,225,0,1
reference,hit,8328,295,487,782,0,1
reference,miss,8329,221,18,239,0,1
reference,hit,8329,291,515,806,0,1
reference,miss,8330,204,18,222,0,1
reference,hit,8330,307,498,805,0,1
reference,miss,8331,220,17,237,0,1
reference,hit,8331,296,495,791,0,1
reference,miss,8332,204,19,223,0,1
reference,hit,8332,297,490,787,0,1
reference,miss,8333,220,18,238,0,1
reference,hit,8333,299,515,814,0,1
reference,miss,8334,205,18,223,0,1
reference,hit,8334,297,480,777,0,1
reference,miss,8335,219,18,237,0,1
reference,hit,8335,296,483,779,0,1
reference,miss,8336,203,19,222,0,1
reference,hit,8336,290,482,772,0,1
reference,miss,8337,218,19,237,0,1
reference,hit,8337,297,510,807,0,1
reference,miss,8338,209,18,227,0,1
reference,hit,8338,298,505,803,0,1
reference,miss,8339,219,17,236,0,1
reference,hit,8339,299,491,790,0,1
reference,miss,8340,215,16,231,0,1
reference,hit,8340,294,487,781,0,1
reference,miss,8341,220,18,238,0,1
reference,hit,8341,298,493,791,0,1
reference,miss,8342,206,18,224,0,1
reference,hit,8342,294,484,778,0,1
reference,miss,8343,216,18,234,0,1
reference,hit,8343,292,487,779,0,1
reference,miss,8344,204,18,222,0,1
reference,hit,8344,291,517,808,0,1
reference,miss,8345,219,18,237,0,1
reference,hit,8345,298,498,796,0,1
reference,miss,8346,204,18,222,0,1
reference,hit,8346,297,489,786,0,1
reference,miss,8347,216,18,234,0,1
reference,hit,8347,289,516,805,0,1
reference,miss,8348,206,17,223,0,1
reference,hit,8348,292,504,796,0,1
reference,miss,8349,219,17,236,0,1
reference,hit,8349,291,496,787,0,1
reference,miss,8350,203,18,221,0,1
reference,hit,8350,290,491,781,0,1
reference,miss,8351,222,18,240,0,1
reference,hit,8351,298,492,790,0,1
reference,miss,8352,209,17,226,0,1
reference,hit,8352,294,512,806,0,1
reference,miss,8353,220,18,238,0,1
reference,hit,8353,294,492,786,0,1
reference,miss,8354,210,18,228,0,1
reference,hit,8354,297,488,785,0,1
reference,miss,8355,219,17,236,0,1
reference,hit,8355,298,502,800,0,1
reference,miss,8356,200,19,219,0,1
reference,hit,8356,298,498,796,0,1
reference,miss,8357,218,19,237,0,1
reference,hit,8357,289,498,787,0,1
reference,miss,8358,208,17,225,0,1
reference,hit,8358,294,496,790,0,1
reference,miss,8359,217,19,236,0,1
reference,hit,8359,292,494,786,0,1
reference,miss,8360,208,17,225,0,1
reference,hit,8360,297,512,809,0,1
reference,miss,8361,221,18,239,0,1
reference,hit,8361,296,500,796,0,1
reference,miss,8362,206,18,224,0,1
reference,hit,8362,298,484,782,0,1
reference,miss,8363,220,17,237,0,1
reference,hit,8363,296,496,792,0,1
reference,miss,8364,206,18,224,0,1
reference,hit,8364,296,502,798,0,1
reference,miss,8365,218,17,235,0,1
reference,hit,8365,296,508,804,0,1
reference,miss,8366,207,18,225,0,1
reference,hit,8366,297,505,802,0,1
reference,miss,8367,225,17,242,0,1
reference,hit,8367,358,579,937,0,1
reference,miss,8368,211,17,228,0,1
reference,hit,8368,288,517,805,0,1
reference,miss,8369,219,18,237,0,1
reference,hit,8369,294,503,797,0,1
reference,miss,8370,209,19,228,0,1
reference,hit,8370,286,497,783,0,1
reference,miss,8371,220,18,238,0,1
reference,hit,8371,294,490,784,0,1
reference,miss,8372,208,18,226,0,1
reference,hit,8372,285,474,759,0,1
reference,miss,8373,218,19,237,0,1
reference,hit,8373,349,585,934,0,1
reference,miss,8374,204,18,222,0,1
reference,hit,8374,299,516,815,0,1
reference,miss,8375,221,19,240,0,1
reference,hit,8375,288,508,796,0,1
reference,miss,8376,204,18,222,0,1
reference,hit,8376,291,481,772,0,1
reference,miss,8377,218,19,237,0,1
reference,hit,8377,298,481,779,0,1
reference,miss,8378,207,17,224,0,1
reference,hit,8378,290,497,787,0,1
reference,miss,8379,222,17,239,0,1
reference,hit,8379,295,484,779,0,1
reference,miss,8380,206,18,224,0,1
reference,hit,8380,290,492,782,0,1
reference,miss,8381,221,18,239,0,1
reference,hit,8381,289,514,803,0,1
reference,miss,8382,207,18,225,0,1
reference,hit,8382,288,495,783,0,1
reference,miss,8383,220,16,236,0,1
reference,hit,8383,296,489,785,0,1
reference,miss,8384,205,19,224,0,1
reference,hit,8384,292,487,779,0,1
reference,miss,8385,219,17,236,0,1
reference,hit,8385,284,488,772,0,1
reference,miss,8386,206,18,224,0,1
reference,hit,8386,290,495,785,0,1
reference,miss,8387,219,18,237,0,1
reference,hit,8387,291,495,786,0,1
reference,miss,8388,208,18,226,0,1
reference,hit,8388,288,504,792,0,1
reference,miss,8389,217,18,235,0,1
reference,hit,8389,290,491,781,0,1
reference,miss,8390,206,18,224,0,1
reference,hit,8390,291,502,793,0,1
reference,miss,8391,218,17,235,0,1
reference,hit,8391,289,481,770,0,1
reference,miss,8392,203,18,221,0,1
reference,hit,8392,288,489,777,0,1
reference,miss,8393,219,17,236,0,1
reference,hit,8393,289,500,789,0,1
reference,miss,8394,211,17,228,0,1
reference,hit,8394,290,487,777,0,1
reference,miss,8395,220,17,237,0,1
reference,hit,8395,288,494,782,0,1
reference,miss,8396,208,2528,2736,0,1
reference,hit,8396,302,1259,1561,0,1
reference,miss,8397,220,18,238,0,1
reference,hit,8397,298,497,795,0,1
reference,miss,8398,208,17,225,0,1
reference,hit,8398,292,483,775,0,1
reference,miss,8399,217,18,235,0,1
reference,hit,8399,291,495,786,0,1
reference,miss,8400,209,18,227,0,1
reference,hit,8400,291,487,778,0,1
reference,miss,8401,218,18,236,0,1
reference,hit,8401,283,481,764,0,1
reference,miss,8402,209,18,227,0,1
reference,hit,8402,293,490,783,0,1
reference,miss,8403,220,18,238,0,1
reference,hit,8403,289,508,797,0,1
reference,miss,8404,208,18,226,0,1
reference,hit,8404,291,488,779,0,1
reference,miss,8405,219,17,236,0,1
reference,hit,8405,289,485,774,0,1
reference,miss,8406,209,17,226,0,1
reference,hit,8406,291,491,782,0,1
reference,miss,8407,220,18,238,0,1
reference,hit,8407,290,496,786,0,1
reference,miss,8408,209,17,226,0,1
reference,hit,8408,292,514,806,0,1
reference,miss,8409,218,17,235,0,1
reference,hit,8409,288,490,778,0,1
reference,miss,8410,206,17,223,0,1
reference,hit,8410,291,491,782,0,1
reference,miss,8411,219,18,237,0,1
reference,hit,8411,286,488,774,0,1
reference,miss,8412,209,17,226,0,1
reference,hit,8412,290,485,775,0,1
reference,miss,8413,218,18,236,0,1
reference,hit,8413,288,480,768,0,1
reference,miss,8414,211,18,229,0,1
reference,hit,8414,292,504,796,0,1
reference,miss,8415,218,18,236,0,1
reference,hit,8415,297,497,794,0,1
reference,miss,8416,211,18,229,0,1
reference,hit,8416,294,506,800,0,1
reference,miss,8417,217,18,235,0,1
reference,hit,8417,292,488,780,0,1
reference,miss,8418,206,18,224,0,1
reference,hit,8418,291,493,784,0,1
reference,miss,8419,219,17,236,0,1
reference,hit,8419,289,492,781,0,1
reference,miss,8420,206,18,224,0,1
reference,hit,8420,292,480,772,0,1
reference,miss,8421,220,18,238,0,1
reference,hit,8421,292,480,772,0,1
reference,miss,8422,213,17,230,0,1
reference,hit,8422,292,502,794,0,1
reference,miss,8423,222,18,240,0,1
reference,hit,8423,290,486,776,0,1
reference,miss,8424,208,18,226,0,1
reference,hit,8424,285,545,830,0,1
reference,miss,8425,219,17,236,0,1
reference,hit,8425,290,486,776,0,1
reference,miss,8426,208,17,225,0,1
reference,hit,8426,288,484,772,0,1
reference,miss,8427,217,17,234,0,1
reference,hit,8427,286,483,769,0,1
reference,miss,8428,203,18,221,0,1
reference,hit,8428,291,501,792,0,1
reference,miss,8429,216,18,234,0,1
reference,hit,8429,287,483,770,0,1
reference,miss,8430,206,17,223,0,1
reference,hit,8430,307,550,857,0,1
reference,miss,8431,219,17,236,0,1
reference,hit,8431,287,504,791,0,1
reference,miss,8432,216,18,234,0,1
reference,hit,8432,287,501,788,0,1
reference,miss,8433,217,19,236,0,1
reference,hit,8433,286,492,778,0,1
reference,miss,8434,206,18,224,0,1
reference,hit,8434,282,494,776,0,1
reference,miss,8435,215,18,233,0,1
reference,hit,8435,289,484,773,0,1
reference,miss,8436,208,17,225,0,1
reference,hit,8436,286,496,782,0,1
reference,miss,8437,216,18,234,0,1
reference,hit,8437,287,485,772,0,1
reference,miss,8438,209,17,226,0,1
reference,hit,8438,287,480,767,0,1
reference,miss,8439,216,19,235,0,1
reference,hit,8439,290,479,769,0,1
reference,miss,8440,208,17,225,0,1
reference,hit,8440,281,481,762,0,1
reference,miss,8441,216,18,234,0,1
reference,hit,8441,284,495,779,0,1
reference,miss,8442,203,18,221,0,1
reference,hit,8442,281,502,783,0,1
reference,miss,8443,218,18,236,0,1
reference,hit,8443,287,504,791,0,1
reference,miss,8444,205,17,222,0,1
reference,hit,8444,281,483,764,0,1
reference,miss,8445,217,18,235,0,1
reference,hit,8445,288,487,775,0,1
reference,miss,8446,206,19,225,0,1
reference,hit,8446,286,486,772,0,1
reference,miss,8447,216,17,233,0,1
reference,hit,8447,294,487,781,0,1
reference,miss,8448,206,17,223,0,1
reference,hit,8448,285,531,816,0,1
reference,miss,8449,217,18,235,0,1
reference,hit,8449,290,509,799,0,1
reference,miss,8450,208,18,226,0,1
reference,hit,8450,287,508,795,0,1
reference,miss,8451,218,17,235,0,1
reference,hit,8451,282,496,778,0,1
reference,miss,8452,206,18,224,0,1
reference,hit,8452,287,504,791,0,1
reference,miss,8453,215,18,233,0,1
reference,hit,8453,287,504,791,0,1
reference,miss,8454,205,17,222,0,1
reference,hit,8454,286,489,775,0,1
reference,miss,8455,217,18,235,0,1
reference,hit,8455,289,501,790,0,1
reference,miss,8456,208,18,226,0,1
reference,hit,8456,288,492,780,0,1
reference,miss,8457,219,19,238,0,1
reference,hit,8457,289,484,773,0,1
reference,miss,8458,203,18,221,0,1
reference,hit,8458,286,503,789,0,1
reference,miss,8459,214,19,233,0,1
reference,hit,8459,290,489,779,0,1
reference,miss,8460,206,18,224,0,1
reference,hit,8460,285,478,763,0,1
reference,miss,8461,216,19,235,0,1
reference,hit,8461,289,491,780,0,1
reference,miss,8462,209,18,227,0,1
reference,hit,8462,286,496,782,0,1
reference,miss,8463,217,18,235,0,1
reference,hit,8463,291,489,780,0,1
reference,miss,8464,204,19,223,0,1
reference,hit,8464,286,481,767,0,1
reference,miss,8465,214,18,232,0,1
reference,hit,8465,290,484,774,0,1
reference,miss,8466,208,18,226,0,1
reference,hit,8466,286,494,780,0,1
reference,miss,8467,214,19,233,0,1
reference,hit,8467,289,484,773,0,1
reference,miss,8468,207,18,225,0,1
reference,hit,8468,287,477,764,0,1
reference,miss,8469,215,18,233,0,1
reference,hit,8469,289,484,773,0,1
reference,miss,8470,206,18,224,0,1
reference,hit,8470,286,479,765,0,1
reference,miss,8471,215,19,234,0,1
reference,hit,8471,291,503,794,0,1
reference,miss,8472,203,18,221,0,1
reference,hit,8472,285,479,764,0,1
reference,miss,8473,218,18,236,0,1
reference,hit,8473,290,493,783,0,1
reference,miss,8474,209,18,227,0,1
reference,hit,8474,287,512,799,0,1
reference,miss,8475,218,18,236,0,1
reference,hit,8475,291,487,778,0,1
reference,miss,8476,207,17,224,0,1
reference,hit,8476,288,494,782,0,1
reference,miss,8477,215,18,233,0,1
reference,hit,8477,288,488,776,0,1
reference,miss,8478,207,19,226,0,1
reference,hit,8478,287,502,789,0,1
reference,miss,8479,216,18,234,0,1
reference,hit,8479,296,488,784,0,1
reference,miss,8480,208,18,226,0,1
reference,hit,8480,287,503,790,0,1
reference,miss,8481,215,18,233,0,1
reference,hit,8481,289,501,790,0,1
reference,miss,8482,206,18,224,0,1
reference,hit,8482,287,487,774,0,1
reference,miss,8483,215,19,234,0,1
reference,hit,8483,290,507,797,0,1
reference,miss,8484,203,17,220,0,1
reference,hit,8484,288,484,772,0,1
reference,miss,8485,217,18,235,0,1
reference,hit,8485,283,502,785,0,1
reference,miss,8486,204,17,221,0,1
reference,hit,8486,290,487,777,0,1
reference,miss,8487,229,18,247,0,1
reference,hit,8487,283,489,772,0,1
reference,miss,8488,207,18,225,0,1
reference,hit,8488,301,533,834,0,1
reference,miss,8489,219,18,237,0,1
reference,hit,8489,291,518,809,0,1
reference,miss,8490,204,18,222,0,1
reference,hit,8490,289,489,778,0,1
reference,miss,8491,218,17,235,0,1
reference,hit,8491,290,499,789,0,1
reference,miss,8492,202,20,222,0,1
reference,hit,8492,286,496,782,0,1
reference,miss,8493,217,17,234,0,1
reference,hit,8493,290,504,794,0,1
reference,miss,8494,208,18,226,0,1
reference,hit,8494,287,487,774,0,1
reference,miss,8495,215,18,233,0,1
reference,hit,8495,291,493,784,0,1
reference,miss,8496,209,17,226,0,1
reference,hit,8496,287,506,793,0,1
reference,miss,8497,214,18,232,0,1
reference,hit,8497,289,488,777,0,1
reference,miss,8498,207,17,224,0,1
reference,hit,8498,296,520,816,0,1
reference,miss,8499,215,17,232,0,1
reference,hit,8499,295,489,784,0,1
reference,miss,8500,209,18,227,0,1
reference,hit,8500,286,502,788,0,1
reference,miss,8501,215,19,234,0,1
reference,hit,8501,288,492,780,0,1
reference,miss,8502,205,18,223,0,1
reference,hit,8502,286,489,775,0,1
reference,miss,8503,215,18,233,0,1
reference,hit,8503,292,496,788,0,1
reference,miss,8504,206,17,223,0,1
reference,hit,8504,287,510,797,0,1
reference,miss,8505,218,17,235,0,1
reference,hit,8505,293,487,780,0,1
reference,miss,8506,210,17,227,0,1
reference,hit,8506,287,576,863,0,1
reference,miss,8507,219,18,237,0,1
reference,hit,8507,290,489,779,0,1
reference,miss,8508,207,18,225,0,1
reference,hit,8508,288,481,769,0,1
reference,miss,8509,217,18,235,0,1
reference,hit,8509,290,1516,1806,0,1
reference,miss,8510,206,18,224,0,1
reference,hit,8510,878,1915,2793,0,1
reference,miss,8511,218,17,235,0,1
reference,hit,8511,766,714,1480,0,1
reference,miss,8512,208,18,226,0,1
reference,hit,8512,717,1087,1804,0,1
reference,miss,8513,216,19,235,0,1
reference,hit,8513,350,495,845,0,1
reference,miss,8514,206,18,224,0,1
reference,hit,8514,286,2088,2374,0,1
reference,miss,8515,217,18,235,0,1
reference,hit,8515,375,520,895,0,1
reference,miss,8516,204,17,221,0,1
reference,hit,8516,287,705,992,0,1
reference,miss,8517,215,17,232,0,1
reference,hit,8517,633,501,1134,0,1
reference,miss,8518,205,18,223,0,1
reference,hit,8518,357,515,872,0,1
reference,miss,8519,217,17,234,0,1
reference,hit,8519,814,914,1728,0,1
reference,miss,8520,210,18,228,0,1
reference,hit,8520,289,2402,2691,0,1
reference,miss,8521,215,19,234,0,1
reference,hit,8521,290,563,853,0,1
reference,miss,8522,202,18,220,0,1
reference,hit,8522,291,558,849,0,1
reference,miss,8523,217,17,234,0,1
reference,hit,8523,998,489,1487,0,1
reference,miss,8524,209,19,228,0,1
reference,hit,8524,285,485,770,0,1
reference,miss,8525,218,17,235,0,1
reference,hit,8525,289,587,876,0,1
reference,miss,8526,211,18,229,0,1
reference,hit,8526,286,484,770,0,1
reference,miss,8527,216,18,234,0,1
reference,hit,8527,289,560,849,0,1
reference,miss,8528,203,18,221,0,1
reference,hit,8528,288,1609,1897,0,1
reference,miss,8529,218,19,237,0,1
reference,hit,8529,809,500,1309,0,1
reference,miss,8530,206,18,224,0,1
reference,hit,8530,283,485,768,0,1
reference,miss,8531,241,17,258,0,1
reference,hit,8531,1087,559,1646,0,1
reference,miss,8532,208,17,225,0,1
reference,hit,8532,287,979,1266,0,1
reference,miss,8533,218,19,237,0,1
reference,hit,8533,293,500,793,0,1
reference,miss,8534,212,19,231,0,1
reference,hit,8534,288,485,773,0,1
reference,miss,8535,215,19,234,0,1
reference,hit,8535,291,488,779,0,1
reference,miss,8536,206,18,224,0,1
reference,hit,8536,310,592,902,0,1
reference,miss,8537,219,18,237,0,1
reference,hit,8537,288,508,796,0,1
reference,miss,8538,210,18,228,0,1
reference,hit,8538,286,500,786,0,1
reference,miss,8539,216,18,234,0,1
reference,hit,8539,288,506,794,0,1
reference,miss,8540,208,18,226,0,1
reference,hit,8540,287,695,982,0,1
reference,miss,8541,216,18,234,0,1
reference,hit,8541,287,664,951,0,1
reference,miss,8542,201,18,219,0,1
reference,hit,8542,287,515,802,0,1
reference,miss,8543,216,18,234,0,1
reference,hit,8543,294,505,799,0,1
reference,miss,8544,205,18,223,0,1
reference,hit,8544,286,573,859,0,1
reference,miss,8545,217,19,236,0,1
reference,hit,8545,281,486,767,0,1
reference,miss,8546,211,17,228,0,1
reference,hit,8546,498,496,994,0,1
reference,miss,8547,219,18,237,0,1
reference,hit,8547,368,491,859,0,1
reference,miss,8548,208,18,226,0,1
reference,hit,8548,287,495,782,0,1
reference,miss,8549,216,17,233,0,1
reference,hit,8549,283,500,783,0,1
reference,miss,8550,204,18,222,0,1
reference,hit,8550,287,508,795,0,1
reference,miss,8551,216,18,234,0,1
reference,hit,8551,287,493,780,0,1
reference,miss,8552,202,18,220,0,1
reference,hit,8552,293,608,901,0,1
reference,miss,8553,217,17,234,0,1
reference,hit,8553,284,537,821,0,1
reference,miss,8554,206,18,224,0,1
reference,hit,8554,286,532,818,0,1
reference,miss,8555,215,18,233,0,1
reference,hit,8555,286,482,768,0,1
reference,miss,8556,207,17,224,0,1
reference,hit,8556,285,525,810,0,1
reference,miss,8557,215,18,233,0,1
reference,hit,8557,285,488,773,0,1
reference,miss,8558,207,18,225,0,1
reference,hit,8558,286,495,781,0,1
reference,miss,8559,218,18,236,0,1
reference,hit,8559,282,552,834,0,1
reference,miss,8560,207,17,224,0,1
reference,hit,8560,291,506,797,0,1
reference,miss,8561,218,18,236,0,1
reference,hit,8561,282,498,780,0,1
reference,miss,8562,210,18,228,0,1
reference,hit,8562,278,953,1231,0,1
reference,miss,8563,216,17,233,0,1
reference,hit,8563,283,488,771,0,1
reference,miss,8564,207,18,225,0,1
reference,hit,8564,280,486,766,0,1
reference,miss,8565,217,18,235,0,1
reference,hit,8565,286,488,774,0,1
reference,miss,8566,205,18,223,0,1
reference,hit,8566,281,489,770,0,1
reference,miss,8567,218,18,236,0,1
reference,hit,8567,279,503,782,0,1
reference,miss,8568,201,19,220,0,1
reference,hit,8568,281,491,772,0,1
reference,miss,8569,218,19,237,0,1
reference,hit,8569,282,488,770,0,1
reference,miss,8570,210,18,228,0,1
reference,hit,8570,531,637,1168,0,1
reference,miss,8571,218,18,236,0,1
reference,hit,8571,282,492,774,0,1
reference,miss,8572,207,19,226,0,1
reference,hit,8572,281,494,775,0,1
reference,miss,8573,217,17,234,0,1
reference,hit,8573,287,481,768,0,1
reference,miss,8574,208,17,225,0,1
reference,hit,8574,285,492,777,0,1
reference,miss,8575,217,18,235,0,1
reference,hit,8575,286,484,770,0,1
reference,miss,8576,209,18,227,0,1
reference,hit,8576,284,490,774,0,1
reference,miss,8577,217,18,235,0,1
reference,hit,8577,288,493,781,0,1
reference,miss,8578,207,18,225,0,1
reference,hit,8578,289,506,795,0,1
reference,miss,8579,214,19,233,0,1
reference,hit,8579,285,488,773,0,1
reference,miss,8580,204,17,221,0,1
reference,hit,8580,288,509,797,0,1
reference,miss,8581,215,19,234,0,1
reference,hit,8581,287,481,768,0,1
reference,miss,8582,221,18,239,0,1
reference,hit,8582,291,523,814,0,1
reference,miss,8583,217,17,234,0,1
reference,hit,8583,293,493,786,0,1
reference,miss,8584,208,18,226,0,1
reference,hit,8584,296,492,788,0,1
reference,miss,8585,216,18,234,0,1
reference,hit,8585,287,492,779,0,1
reference,miss,8586,205,19,224,0,1
reference,hit,8586,288,490,778,0,1
reference,miss,8587,217,18,235,0,1
reference,hit,8587,293,549,842,0,1
reference,miss,8588,203,17,220,0,1
reference,hit,8588,287,522,809,0,1
reference,miss,8589,218,18,236,0,1
reference,hit,8589,290,501,791,0,1
reference,miss,8590,206,18,224,0,1
reference,hit,8590,289,501,790,0,1
reference,miss,8591,221,18,239,0,1
reference,hit,8591,288,492,780,0,1
reference,miss,8592,209,19,228,0,1
reference,hit,8592,289,489,778,0,1
reference,miss,8593,220,18,238,0,1
reference,hit,8593,287,495,782,0,1
reference,miss,8594,209,18,227,0,1
reference,hit,8594,283,511,794,0,1
reference,miss,8595,1261,17,1278,0,1
reference,hit,8595,289,488,777,0,1
reference,miss,8596,209,18,227,0,1
reference,hit,8596,291,489,780,0,1
reference,miss,8597,219,17,236,0,1
reference,hit,8597,290,493,783,0,1
reference,miss,8598,210,17,227,0,1
reference,hit,8598,284,488,772,0,1
reference,miss,8599,222,17,239,0,1
reference,hit,8599,293,502,795,0,1
reference,miss,8600,211,18,229,0,1
reference,hit,8600,289,489,778,0,1
reference,miss,8601,226,1441,1667,0,1
reference,hit,8601,288,3276,3564,0,1
reference,miss,8602,227,18,245,0,1
reference,hit,8602,290,536,826,0,1
reference,miss,8603,220,17,237,0,1
reference,hit,8603,298,496,794,0,1
reference,miss,8604,207,20,227,0,1
reference,hit,8604,292,498,790,0,1
reference,miss,8605,223,19,242,0,1
reference,hit,8605,297,739,1036,0,1
reference,miss,8606,207,18,225,0,1
reference,hit,8606,292,497,789,0,1
reference,miss,8607,218,18,236,0,1
reference,hit,8607,294,496,790,0,1
reference,miss,8608,209,18,227,0,1
reference,hit,8608,292,494,786,0,1
reference,miss,8609,219,17,236,0,1
reference,hit,8609,285,502,787,0,1
reference,miss,8610,210,18,228,0,1
reference,hit,8610,292,501,793,0,1
reference,miss,8611,220,17,237,0,1
reference,hit,8611,290,488,778,0,1
reference,miss,8612,214,18,232,0,1
reference,hit,8612,291,487,778,0,1
reference,miss,8613,220,18,238,0,1
reference,hit,8613,289,499,788,0,1
reference,miss,8614,208,18,226,0,1
reference,hit,8614,290,482,772,0,1
reference,miss,8615,219,18,237,0,1
reference,hit,8615,285,494,779,0,1
reference,miss,8616,209,18,227,0,1
reference,hit,8616,290,491,781,0,1
reference,miss,8617,222,20,242,0,1
reference,hit,8617,290,484,774,0,1
reference,miss,8618,209,17,226,0,1
reference,hit,8618,291,484,775,0,1
reference,miss,8619,221,17,238,0,1
reference,hit,8619,284,479,763,0,1
reference,miss,8620,204,18,222,0,1
reference,hit,8620,290,517,807,0,1
reference,miss,8621,225,17,242,0,1
reference,hit,8621,287,488,775,0,1
reference,miss,8622,205,18,223,0,1
reference,hit,8622,292,513,805,0,1
reference,miss,8623,219,17,236,0,1
reference,hit,8623,290,488,778,0,1
reference,miss,8624,212,18,230,0,1
reference,hit,8624,290,505,795,0,1
reference,miss,8625,221,18,239,0,1
reference,hit,8625,284,483,767,0,1
reference,miss,8626,211,18,229,0,1
reference,hit,8626,287,488,775,0,1
reference,miss,8627,222,17,239,0,1
reference,hit,8627,283,488,771,0,1
reference,miss,8628,207,18,225,0,1
reference,hit,8628,292,476,768,0,1
reference,miss,8629,221,18,239,0,1
reference,hit,8629,291,503,794,0,1
reference,miss,8630,208,17,225,0,1
reference,hit,8630,294,492,786,0,1
reference,miss,8631,220,18,238,0,1
reference,hit,8631,286,500,786,0,1
reference,miss,8632,207,18,225,0,1
reference,hit,8632,295,505,800,0,1
reference,miss,8633,218,18,236,0,1
reference,hit,8633,284,495,779,0,1
reference,miss,8634,209,18,227,0,1
reference,hit,8634,294,496,790,0,1
reference,miss,8635,220,18,238,0,1
reference,hit,8635,283,505,788,0,1
reference,miss,8636,206,18,224,0,1
reference,hit,8636,286,488,774,0,1
reference,miss,8637,219,18,237,0,1
reference,hit,8637,289,482,771,0,1
reference,miss,8638,206,18,224,0,1
reference,hit,8638,286,487,773,0,1
reference,miss,8639,220,17,237,0,1
reference,hit,8639,293,482,775,0,1
reference,miss,8640,209,19,228,0,1
reference,hit,8640,293,484,777,0,1
reference,miss,8641,219,18,237,0,1
reference,hit,8641,292,547,839,0,1
reference,miss,8642,206,18,224,0,1
reference,hit,8642,284,494,778,0,1
reference,miss,8643,218,19,237,0,1
reference,hit,8643,290,481,771,0,1
reference,miss,8644,211,17,228,0,1
reference,hit,8644,290,481,771,0,1
reference,miss,8645,221,19,240,0,1
reference,hit,8645,291,484,775,0,1
reference,miss,8646,206,18,224,0,1
reference,hit,8646,287,487,774,0,1
reference,miss,8647,220,19,239,0,1
reference,hit,8647,285,491,776,0,1
reference,miss,8648,205,17,222,0,1
reference,hit,8648,291,479,770,0,1
reference,miss,8649,218,18,236,0,1
reference,hit,8649,290,485,775,0,1
reference,miss,8650,205,18,223,0,1
reference,hit,8650,286,514,800,0,1
reference,miss,8651,221,18,239,0,1
reference,hit,8651,283,480,763,0,1
reference,miss,8652,209,20,229,0,1
reference,hit,8652,293,479,772,0,1
reference,miss,8653,221,18,239,0,1
reference,hit,8653,289,496,785,0,1
reference,miss,8654,210,18,228,0,1
reference,hit,8654,288,480,768,0,1
reference,miss,8655,219,17,236,0,1
reference,hit,8655,284,493,777,0,1
reference,miss,8656,210,18,228,0,1
reference,hit,8656,286,494,780,0,1
reference,miss,8657,219,18,237,0,1
reference,hit,8657,291,489,780,0,1
reference,miss,8658,206,18,224,0,1
reference,hit,8658,290,481,771,0,1
reference,miss,8659,223,18,241,0,1
reference,hit,8659,288,482,770,0,1
reference,miss,8660,205,19,224,0,1
reference,hit,8660,294,484,778,0,1
reference,miss,8661,221,18,239,0,1
reference,hit,8661,289,479,768,0,1
reference,miss,8662,206,19,225,0,1
reference,hit,8662,294,485,779,0,1
reference,miss,8663,218,18,236,0,1
reference,hit,8663,291,482,773,0,1
reference,miss,8664,210,18,228,0,1
reference,hit,8664,292,504,796,0,1
reference,miss,8665,220,18,238,0,1
reference,hit,8665,289,486,775,0,1
reference,miss,8666,207,18,225,0,1
reference,hit,8666,285,488,773,0,1
reference,miss,8667,218,17,235,0,1
reference,hit,8667,290,490,780,0,1
reference,miss,8668,209,18,227,0,1
reference,hit,8668,293,500,793,0,1
reference,miss,8669,219,17,236,0,1
reference,hit,8669,295,513,808,0,1
reference,miss,8670,211,18,229,0,1
reference,hit,8670,292,489,781,0,1
reference,miss,8671,220,18,238,0,1
reference,hit,8671,289,482,771,0,1
reference,miss,8672,209,19,228,0,1
reference,hit,8672,287,489,776,0,1
reference,miss,8673,219,17,236,0,1
reference,hit,8673,282,495,777,0,1
reference,miss,8674,209,16,225,0,1
reference,hit,8674,293,491,784,0,1
reference,miss,8675,219,19,238,0,1
reference,hit,8675,286,494,780,0,1
reference,miss,8676,211,18,229,0,1
reference,hit,8676,286,508,794,0,1
reference,miss,8677,220,18,238,0,1
reference,hit,8677,284,500,784,0,1
reference,miss,8678,209,16,225,0,1
reference,hit,8678,288,481,769,0,1
reference,miss,8679,218,17,235,0,1
reference,hit,8679,284,484,768,0,1
reference,miss,8680,209,18,227,0,1
reference,hit,8680,291,534,825,0,1
reference,miss,8681,221,17,238,0,1
reference,hit,8681,288,487,775,0,1
reference,miss,8682,206,18,224,0,1
reference,hit,8682,286,494,780,0,1
reference,miss,8683,216,19,235,0,1
reference,hit,8683,282,484,766,0,1
reference,miss,8684,208,18,226,0,1
reference,hit,8684,294,488,782,0,1
reference,miss,8685,221,18,239,0,1
reference,hit,8685,285,491,776,0,1
reference,miss,8686,206,17,223,0,1
reference,hit,8686,286,496,782,0,1
reference,miss,8687,219,18,237,0,1
reference,hit,8687,289,488,777,0,1
reference,miss,8688,209,17,226,0,1
reference,hit,8688,295,517,812,0,1
reference,miss,8689,221,17,238,0,1
reference,hit,8689,283,483,766,0,1
reference,miss,8690,209,17,226,0,1
reference,hit,8690,286,491,777,0,1
reference,miss,8691,222,19,241,0,1
reference,hit,8691,284,501,785,0,1
reference,miss,8692,212,18,230,0,1
reference,hit,8692,289,501,790,0,1
reference,miss,8693,217,19,236,0,1
reference,hit,8693,289,509,798,0,1
reference,miss,8694,211,18,229,0,1
reference,hit,8694,290,483,773,0,1
reference,miss,8695,220,18,238,0,1
reference,hit,8695,285,489,774,0,1
reference,miss,8696,209,19,228,0,1
reference,hit,8696,293,484,777,0,1
reference,miss,8697,221,17,238,0,1
reference,hit,8697,318,576,894,0,1
reference,miss,8698,210,17,227,0,1
reference,hit,8698,292,505,797,0,1
reference,miss,8699,220,18,238,0,1
reference,hit,8699,290,477,767,0,1
reference,miss,8700,211,18,229,0,1
reference,hit,8700,291,500,791,0,1
reference,miss,8701,219,17,236,0,1
reference,hit,8701,290,475,765,0,1
reference,miss,8702,212,18,230,0,1
reference,hit,8702,290,480,770,0,1
reference,miss,8703,224,830,1054,0,1
reference,hit,8703,293,1353,1646,0,1
reference,miss,8704,227,18,245,0,1
reference,hit,8704,289,490,779,0,1
reference,miss,8705,219,19,238,0,1
reference,hit,8705,296,484,780,0,1
reference,miss,8706,206,18,224,0,1
reference,hit,8706,294,486,780,0,1
reference,miss,8707,223,17,240,0,1
reference,hit,8707,287,480,767,0,1
reference,miss,8708,208,18,226,0,1
reference,hit,8708,287,490,777,0,1
reference,miss,8709,222,17,239,0,1
reference,hit,8709,295,494,789,0,1
reference,miss,8710,211,18,229,0,1
reference,hit,8710,292,499,791,0,1
reference,miss,8711,224,18,242,0,1
reference,hit,8711,297,477,774,0,1
reference,miss,8712,208,17,225,0,1
reference,hit,8712,292,494,786,0,1
reference,miss,8713,225,18,243,0,1
reference,hit,8713,289,496,785,0,1
reference,miss,8714,208,17,225,0,1
reference,hit,8714,290,484,774,0,1
reference,miss,8715,222,19,241,0,1
reference,hit,8715,292,503,795,0,1
reference,miss,8716,205,19,224,0,1
reference,hit,8716,290,498,788,0,1
reference,miss,8717,221,18,239,0,1
reference,hit,8717,295,488,783,0,1
reference,miss,8718,208,18,226,0,1
reference,hit,8718,291,495,786,0,1
reference,miss,8719,220,18,238,0,1
reference,hit,8719,297,487,784,0,1
reference,miss,8720,208,17,225,0,1
reference,hit,8720,287,485,772,0,1
reference,miss,8721,222,19,241,0,1
reference,hit,8721,293,486,779,0,1
reference,miss,8722,207,17,224,0,1
reference,hit,8722,294,485,779,0,1
reference,miss,8723,223,18,241,0,1
reference,hit,8723,295,517,812,0,1
reference,miss,8724,207,17,224,0,1
reference,hit,8724,290,492,782,0,1
reference,miss,8725,220,18,238,0,1
reference,hit,8725,299,495,794,0,1
reference,miss,8726,212,19,231,0,1
reference,hit,8726,292,501,793,0,1
reference,miss,8727,220,19,239,0,1
reference,hit,8727,297,492,789,0,1
reference,miss,8728,204,19,223,0,1
reference,hit,8728,291,494,785,0,1
reference,miss,8729,221,18,239,0,1
reference,hit,8729,293,502,795,0,1
reference,miss,8730,208,17,225,0,1
reference,hit,8730,292,493,785,0,1
reference,miss,8731,221,17,238,0,1
reference,hit,8731,298,485,783,0,1
reference,miss,8732,208,18,226,0,1
reference,hit,8732,293,485,778,0,1
reference,miss,8733,222,19,241,0,1
reference,hit,8733,296,500,796,0,1
reference,miss,8734,210,18,228,0,1
reference,hit,8734,287,516,803,0,1
reference,miss,8735,220,18,238,0,1
reference,hit,8735,297,499,796,0,1
reference,miss,8736,207,19,226,0,1
reference,hit,8736,291,492,783,0,1
reference,miss,8737,219,18,237,0,1
reference,hit,8737,289,490,779,0,1
reference,miss,8738,206,19,225,0,1
reference,hit,8738,298,491,789,0,1
reference,miss,8739,217,18,235,0,1
reference,hit,8739,293,487,780,0,1
reference,miss,8740,204,18,222,0,1
reference,hit,8740,296,510,806,0,1
reference,miss,8741,215,18,233,0,1
reference,hit,8741,291,487,778,0,1
reference,miss,8742,206,18,224,0,1
reference,hit,8742,293,509,802,0,1
reference,miss,8743,215,18,233,0,1
reference,hit,8743,289,482,771,0,1
reference,miss,8744,206,18,224,0,1
reference,hit,8744,296,505,801,0,1
reference,miss,8745,219,19,238,0,1
reference,hit,8745,290,516,806,0,1
reference,miss,8746,207,17,224,0,1
reference,hit,8746,298,484,782,0,1
reference,miss,8747,221,19,240,0,1
reference,hit,8747,283,489,772,0,1
reference,miss,8748,208,18,226,0,1
reference,hit,8748,294,483,777,0,1
reference,miss,8749,216,17,233,0,1
reference,hit,8749,289,499,788,0,1
reference,miss,8750,207,18,225,0,1
reference,hit,8750,291,490,781,0,1
reference,miss,8751,218,18,236,0,1
reference,hit,8751,289,493,782,0,1
reference,miss,8752,209,18,227,0,1
reference,hit,8752,286,494,780,0,1
reference,miss,8753,219,17,236,0,1
reference,hit,8753,287,500,787,0,1
reference,miss,8754,212,18,230,0,1
reference,hit,8754,311,566,877,0,1
reference,miss,8755,219,17,236,0,1
reference,hit,8755,299,495,794,0,1
reference,miss,8756,209,18,227,0,1
reference,hit,8756,298,510,808,0,1
reference,miss,8757,221,19,240,0,1
reference,hit,8757,298,496,794,0,1
reference,miss,8758,208,18,226,0,1
reference,hit,8758,376,686,1062,0,1
reference,miss,8759,221,19,240,0,1
reference,hit,8759,317,566,883,0,1
reference,miss,8760,207,18,225,0,1
reference,hit,8760,289,490,779,0,1
reference,miss,8761,216,19,235,0,1
reference,hit,8761,294,507,801,0,1
reference,miss,8762,204,18,222,0,1
reference,hit,8762,294,498,792,0,1
reference,miss,8763,219,19,238,0,1
reference,hit,8763,292,511,803,0,1
reference,miss,8764,203,18,221,0,1
reference,hit,8764,294,495,789,0,1
reference,miss,8765,217,17,234,0,1
reference,hit,8765,294,483,777,0,1
reference,miss,8766,207,18,225,0,1
reference,hit,8766,291,493,784,0,1
reference,miss,8767,218,17,235,0,1
reference,hit,8767,295,492,787,0,1
reference,miss,8768,208,17,225,0,1
reference,hit,8768,290,501,791,0,1
reference,miss,8769,220,19,239,0,1
reference,hit,8769,293,481,774,0,1
reference,miss,8770,208,17,225,0,1
reference,hit,8770,292,490,782,0,1
reference,miss,8771,219,17,236,0,1
reference,hit,8771,292,479,771,0,1
reference,miss,8772,212,18,230,0,1
reference,hit,8772,287,483,770,0,1
reference,miss,8773,219,19,238,0,1
reference,hit,8773,289,490,779,0,1
reference,miss,8774,210,17,227,0,1
reference,hit,8774,292,490,782,0,1
reference,miss,8775,219,18,237,0,1
reference,hit,8775,291,501,792,0,1
reference,miss,8776,214,18,232,0,1
reference,hit,8776,293,493,786,0,1
reference,miss,8777,221,18,239,0,1
reference,hit,8777,292,514,806,0,1
reference,miss,8778,208,18,226,0,1
reference,hit,8778,290,507,797,0,1
reference,miss,8779,218,18,236,0,1
reference,hit,8779,293,474,767,0,1
reference,miss,8780,212,17,229,0,1
reference,hit,8780,292,500,792,0,1
reference,miss,8781,218,17,235,0,1
reference,hit,8781,288,508,796,0,1
reference,miss,8782,204,18,222,0,1
reference,hit,8782,288,489,777,0,1
reference,miss,8783,216,18,234,0,1
reference,hit,8783,286,481,767,0,1
reference,miss,8784,209,18,227,0,1
reference,hit,8784,293,482,775,0,1
reference,miss,8785,220,17,237,0,1
reference,hit,8785,292,487,779,0,1
reference,miss,8786,209,18,227,0,1
reference,hit,8786,289,490,779,0,1
reference,miss,8787,219,17,236,0,1
reference,hit,8787,287,507,794,0,1
reference,miss,8788,210,17,227,0,1
reference,hit,8788,287,484,771,0,1
reference,miss,8789,218,18,236,0,1
reference,hit,8789,284,497,781,0,1
reference,miss,8790,206,18,224,0,1
reference,hit,8790,290,496,786,0,1
reference,miss,8791,218,19,237,0,1
reference,hit,8791,288,486,774,0,1
reference,miss,8792,206,17,223,0,1
reference,hit,8792,289,478,767,0,1
reference,miss,8793,220,19,239,0,1
reference,hit,8793,282,508,790,0,1
reference,miss,8794,209,17,226,0,1
reference,hit,8794,281,493,774,0,1
reference,miss,8795,219,19,238,0,1
reference,hit,8795,287,484,771,0,1
reference,miss,8796,210,18,228,0,1
reference,hit,8796,286,512,798,0,1
reference,miss,8797,218,18,236,0,1
reference,hit,8797,288,509,797,0,1
reference,miss,8798,209,18,227,0,1
reference,hit,8798,286,495,781,0,1
reference,miss,8799,218,19,237,0,1
reference,hit,8799,295,490,785,0,1
reference,miss,8800,207,18,225,0,1
reference,hit,8800,288,498,786,0,1
reference,miss,8801,219,18,237,0,1
reference,hit,8801,287,498,785,0,1
reference,miss,8802,204,17,221,0,1
reference,hit,8802,288,491,779,0,1
reference,miss,8803,217,18,235,0,1
reference,hit,8803,287,484,771,0,1
reference,miss,8804,210,18,228,0,1
reference,hit,8804,328,585,913,0,1
reference,miss,8805,217,18,235,0,1
reference,hit,8805,280,504,784,0,1
reference,miss,8806,208,1037,1245,0,1
reference,hit,8806,294,1310,1604,0,1
reference,miss,8807,223,18,241,0,1
reference,hit,8807,292,534,826,0,1
reference,miss,8808,210,19,229,0,1
reference,hit,8808,282,502,784,0,1
reference,miss,8809,219,18,237,0,1
reference,hit,8809,283,498,781,0,1
reference,miss,8810,210,19,229,0,1
reference,hit,8810,302,553,855,0,1
reference,miss,8811,215,18,233,0,1
reference,hit,8811,282,496,778,0,1
reference,miss,8812,208,18,226,0,1
reference,hit,8812,283,480,763,0,1
reference,miss,8813,223,18,241,0,1
reference,hit,8813,287,499,786,0,1
reference,miss,8814,205,18,223,0,1
reference,hit,8814,275,507,782,0,1
reference,miss,8815,220,17,237,0,1
reference,hit,8815,288,495,783,0,1
reference,miss,8816,208,19,227,0,1
reference,hit,8816,282,504,786,0,1
reference,miss,8817,221,18,239,0,1
reference,hit,8817,282,512,794,0,1
reference,miss,8818,208,18,226,0,1
reference,hit,8818,278,492,770,0,1
reference,miss,8819,221,17,238,0,1
reference,hit,8819,286,492,778,0,1
reference,miss,8820,212,17,229,0,1
reference,hit,8820,282,500,782,0,1
reference,miss,8821,219,19,238,0,1
reference,hit,8821,284,488,772,0,1
reference,miss,8822,212,19,231,0,1
reference,hit,8822,282,488,770,0,1
reference,miss,8823,219,18,237,0,1
reference,hit,8823,283,478,761,0,1
reference,miss,8824,204,18,222,0,1
reference,hit,8824,279,480,759,0,1
reference,miss,8825,219,18,237,0,1
reference,hit,8825,285,484,769,0,1
reference,miss,8826,208,18,226,0,1
reference,hit,8826,278,487,765,0,1
reference,miss,8827,215,18,233,0,1
reference,hit,8827,282,486,768,0,1
reference,miss,8828,203,18,221,0,1
reference,hit,8828,273,482,755,0,1
reference,miss,8829,223,18,241,0,1
reference,hit,8829,284,498,782,0,1
reference,miss,8830,211,17,228,0,1
reference,hit,8830,280,474,754,0,1
reference,miss,8831,218,19,237,0,1
reference,hit,8831,291,513,804,0,1
reference,miss,8832,209,17,226,0,1
reference,hit,8832,275,485,760,0,1
reference,miss,8833,220,18,238,0,1
reference,hit,8833,285,481,766,0,1
reference,miss,8834,207,19,226,0,1
reference,hit,8834,283,488,771,0,1
reference,miss,8835,219,18,237,0,1
reference,hit,8835,284,486,770,0,1
reference,miss,8836,209,18,227,0,1
reference,hit,8836,277,490,767,0,1
reference,miss,8837,222,18,240,0,1
reference,hit,8837,279,498,777,0,1
reference,miss,8838,205,19,224,0,1
reference,hit,8838,273,480,753,0,1
reference,miss,8839,213,18,231,0,1
reference,hit,8839,283,480,763,0,1
reference,miss,8840,203,17,220,0,1
reference,hit,8840,280,490,770,0,1
reference,miss,8841,217,18,235,0,1
reference,hit,8841,277,479,756,0,1
reference,miss,8842,204,18,222,0,1
reference,hit,8842,275,485,760,0,1
reference,miss,8843,216,18,234,0,1
reference,hit,8843,284,490,774,0,1
reference,miss,8844,205,18,223,0,1
reference,hit,8844,274,501,775,0,1
reference,miss,8845,214,18,232,0,1
reference,hit,8845,282,499,781,0,1
reference,miss,8846,204,17,221,0,1
reference,hit,8846,279,485,764,0,1
reference,miss,8847,215,19,234,0,1
reference,hit,8847,281,485,766,0,1
reference,miss,8848,201,18,219,0,1
reference,hit,8848,281,479,760,0,1
reference,miss,8849,215,17,232,0,1
reference,hit,8849,282,486,768,0,1
reference,miss,8850,206,18,224,0,1
reference,hit,8850,276,479,755,0,1
reference,miss,8851,216,18,234,0,1
reference,hit,8851,276,482,758,0,1
reference,miss,8852,204,18,222,0,1
reference,hit,8852,279,496,775,0,1
reference,miss,8853,217,19,236,0,1
reference,hit,8853,282,494,776,0,1
reference,miss,8854,203,18,221,0,1
reference,hit,8854,280,499,779,0,1
reference,miss,8855,215,18,233,0,1
reference,hit,8855,281,485,766,0,1
reference,miss,8856,209,17,226,0,1
reference,hit,8856,280,478,758,0,1
reference,miss,8857,215,18,233,0,1
reference,hit,8857,275,481,756,0,1
reference,miss,8858,208,17,225,0,1
reference,hit,8858,274,509,783,0,1
reference,miss,8859,216,18,234,0,1
reference,hit,8859,277,480,757,0,1
reference,miss,8860,206,18,224,0,1
reference,hit,8860,279,481,760,0,1
reference,miss,8861,214,18,232,0,1
reference,hit,8861,275,488,763,0,1
reference,miss,8862,201,18,219,0,1
reference,hit,8862,279,480,759,0,1
reference,miss,8863,218,18,236,0,1
reference,hit,8863,287,509,796,0,1
reference,miss,8864,205,17,222,0,1
reference,hit,8864,279,492,771,0,1
reference,miss,8865,215,18,233,0,1
reference,hit,8865,283,490,773,0,1
reference,miss,8866,207,18,225,0,1
reference,hit,8866,303,544,847,0,1
reference,miss,8867,217,17,234,0,1
reference,hit,8867,280,493,773,0,1
reference,miss,8868,201,17,218,0,1
reference,hit,8868,279,486,765,0,1
reference,miss,8869,216,18,234,0,1
reference,hit,8869,277,505,782,0,1
reference,miss,8870,209,17,226,0,1
reference,hit,8870,280,479,759,0,1
reference,miss,8871,214,19,233,0,1
reference,hit,8871,281,492,773,0,1
reference,miss,8872,205,19,224,0,1
reference,hit,8872,281,490,771,0,1
reference,miss,8873,214,19,233,0,1
reference,hit,8873,283,484,767,0,1
reference,miss,8874,207,18,225,0,1
reference,hit,8874,274,478,752,0,1
reference,miss,8875,215,19,234,0,1
reference,hit,8875,281,479,760,0,1
reference,miss,8876,208,18,226,0,1
reference,hit,8876,279,498,777,0,1
reference,miss,8877,216,18,234,0,1
reference,hit,8877,282,497,779,0,1
reference,miss,8878,207,17,224,0,1
reference,hit,8878,280,496,776,0,1
reference,miss,8879,215,18,233,0,1
reference,hit,8879,282,495,777,0,1
reference,miss,8880,205,18,223,0,1
reference,hit,8880,275,491,766,0,1
reference,miss,8881,214,19,233,0,1
reference,hit,8881,281,486,767,0,1
reference,miss,8882,206,17,223,0,1
reference,hit,8882,280,493,773,0,1
reference,miss,8883,214,18,232,0,1
reference,hit,8883,273,496,769,0,1
reference,miss,8884,207,17,224,0,1
reference,hit,8884,274,483,757,0,1
reference,miss,8885,215,18,233,0,1
reference,hit,8885,281,491,772,0,1
reference,miss,8886,203,18,221,0,1
reference,hit,8886,280,478,758,0,1
reference,miss,8887,217,17,234,0,1
reference,hit,8887,280,490,770,0,1
reference,miss,8888,207,17,224,0,1
reference,hit,8888,279,479,758,0,1
reference,miss,8889,217,18,235,0,1
reference,hit,8889,282,488,770,0,1
reference,miss,8890,208,18,226,0,1
reference,hit,8890,279,511,790,0,1
reference,miss,8891,214,19,233,0,1
reference,hit,8891,282,490,772,0,1
reference,miss,8892,209,17,226,0,1
reference,hit,8892,280,493,773,0,1
reference,miss,8893,217,17,234,0,1
reference,hit,8893,281,503,784,0,1
reference,miss,8894,205,17,222,0,1
reference,hit,8894,280,486,766,0,1
reference,miss,8895,216,19,235,0,1
reference,hit,8895,287,488,775,0,1
reference,miss,8896,207,19,226,0,1
reference,hit,8896,281,506,787,0,1
reference,miss,8897,217,18,235,0,1
reference,hit,8897,276,483,759,0,1
reference,miss,8898,200,18,218,0,1
reference,hit,8898,279,492,771,0,1
reference,miss,8899,215,19,234,0,1
reference,hit,8899,280,492,772,0,1
reference,miss,8900,201,18,219,0,1
reference,hit,8900,281,485,766,0,1
reference,miss,8901,216,18,234,0,1
reference,hit,8901,284,502,786,0,1
reference,miss,8902,207,17,224,0,1
reference,hit,8902,280,477,757,0,1
reference,miss,8903,216,19,235,0,1
reference,hit,8903,283,484,767,0,1
reference,miss,8904,209,17,226,0,1
reference,hit,8904,279,475,754,0,1
reference,miss,8905,215,18,233,0,1
reference,hit,8905,277,554,831,0,1
reference,miss,8906,207,18,225,0,1
reference,hit,8906,285,476,761,0,1
reference,miss,8907,218,19,237,0,1
reference,hit,8907,281,487,768,0,1
reference,miss,8908,202,998,1200,0,1
reference,hit,8908,307,1226,1533,0,1
reference,miss,8909,217,18,235,0,1
reference,hit,8909,287,558,845,0,1
reference,miss,8910,207,17,224,0,1
reference,hit,8910,281,520,801,0,1
reference,miss,8911,217,18,235,0,1
reference,hit,8911,279,482,761,0,1
reference,miss,8912,206,18,224,0,1
reference,hit,8912,280,490,770,0,1
reference,miss,8913,214,18,232,0,1
reference,hit,8913,280,512,792,0,1
reference,miss,8914,207,18,225,0,1
reference,hit,8914,281,522,803,0,1
reference,miss,8915,215,18,233,0,1
reference,hit,8915,282,495,777,0,1
reference,miss,8916,205,18,223,0,1
reference,hit,8916,279,473,752,0,1
reference,miss,8917,216,18,234,0,1
reference,hit,8917,282,504,786,0,1
reference,miss,8918,204,17,221,0,1
reference,hit,8918,279,479,758,0,1
reference,miss,8919,217,18,235,0,1
reference,hit,8919,279,495,774,0,1
reference,miss,8920,203,18,221,0,1
reference,hit,8920,283,473,756,0,1
reference,miss,8921,218,18,236,0,1
reference,hit,8921,289,527,816,0,1
reference,miss,8922,204,18,222,0,1
reference,hit,8922,287,511,798,0,1
reference,miss,8923,214,18,232,0,1
reference,hit,8923,278,506,784,0,1
reference,miss,8924,200,18,218,0,1
reference,hit,8924,288,492,780,0,1
reference,miss,8925,217,17,234,0,1
reference,hit,8925,279,481,760,0,1
reference,miss,8926,203,18,221,0,1
reference,hit,8926,282,493,775,0,1
reference,miss,8927,214,19,233,0,1
reference,hit,8927,284,488,772,0,1
reference,miss,8928,203,18,221,0,1
reference,hit,8928,278,482,760,0,1
reference,miss,8929,215,18,233,0,1
reference,hit,8929,279,487,766,0,1
reference,miss,8930,207,18,225,0,1
reference,hit,8930,284,476,760,0,1
reference,miss,8931,217,17,234,0,1
reference,hit,8931,280,474,754,0,1
reference,miss,8932,207,18,225,0,1
reference,hit,8932,283,495,778,0,1
reference,miss,8933,215,18,233,0,1
reference,hit,8933,273,483,756,0,1
reference,miss,8934,207,18,225,0,1
reference,hit,8934,278,478,756,0,1
reference,miss,8935,217,17,234,0,1
reference,hit,8935,279,529,808,0,1
reference,miss,8936,204,17,221,0,1
reference,hit,8936,285,489,774,0,1
reference,miss,8937,214,19,233,0,1
reference,hit,8937,279,478,757,0,1
reference,miss,8938,202,17,219,0,1
reference,hit,8938,289,491,780,0,1
reference,miss,8939,217,17,234,0,1
reference,hit,8939,273,490,763,0,1
reference,miss,8940,202,18,220,0,1
reference,hit,8940,290,472,762,0,1
reference,miss,8941,216,18,234,0,1
reference,hit,8941,279,475,754,0,1
reference,miss,8942,201,19,220,0,1
reference,hit,8942,276,484,760,0,1
reference,miss,8943,214,18,232,0,1
reference,hit,8943,273,494,767,0,1
reference,miss,8944,205,19,224,0,1
reference,hit,8944,281,499,780,0,1
reference,miss,8945,215,18,233,0,1
reference,hit,8945,276,473,749,0,1
reference,miss,8946,204,18,222,0,1
reference,hit,8946,277,504,781,0,1
reference,miss,8947,214,18,232,0,1
reference,hit,8947,279,495,774,0,1
reference,miss,8948,205,18,223,0,1
reference,hit,8948,283,485,768,0,1
reference,miss,8949,216,18,234,0,1
reference,hit,8949,279,476,755,0,1
reference,miss,8950,203,17,220,0,1
reference,hit,8950,277,486,763,0,1
reference,miss,8951,215,18,233,0,1
reference,hit,8951,277,479,756,0,1
reference,miss,8952,207,19,226,0,1
reference,hit,8952,277,488,765,0,1
reference,miss,8953,214,19,233,0,1
reference,hit,8953,278,479,757,0,1
reference,miss,8954,207,19,226,0,1
reference,hit,8954,282,483,765,0,1
reference,miss,8955,215,18,233,0,1
reference,hit,8955,280,478,758,0,1
reference,miss,8956,208,18,226,0,1
reference,hit,8956,278,486,764,0,1
reference,miss,8957,218,17,235,0,1
reference,hit,8957,274,482,756,0,1
reference,miss,8958,203,18,221,0,1
reference,hit,8958,284,483,767,0,1
reference,miss,8959,215,19,234,0,1
reference,hit,8959,283,490,773,0,1
reference,miss,8960,204,17,221,0,1
reference,hit,8960,285,502,787,0,1
reference,miss,8961,213,18,231,0,1
reference,hit,8961,279,476,755,0,1
reference,miss,8962,206,18,224,0,1
reference,hit,8962,282,504,786,0,1
reference,miss,8963,217,18,235,0,1
reference,hit,8963,279,483,762,0,1
reference,miss,8964,207,19,226,0,1
reference,hit,8964,284,488,772,0,1
reference,miss,8965,214,19,233,0,1
reference,hit,8965,279,491,770,0,1
reference,miss,8966,204,18,222,0,1
reference,hit,8966,283,482,765,0,1
reference,miss,8967,215,18,233,0,1
reference,hit,8967,279,484,763,0,1
reference,miss,8968,207,19,226,0,1
reference,hit,8968,282,490,772,0,1
reference,miss,8969,214,18,232,0,1
reference,hit,8969,279,479,758,0,1
reference,miss,8970,208,17,225,0,1
reference,hit,8970,283,483,766,0,1
reference,miss,8971,216,18,234,0,1
reference,hit,8971,275,488,763,0,1
reference,miss,8972,200,17,217,0,1
reference,hit,8972,284,489,773,0,1
reference,miss,8973,214,18,232,0,1
reference,hit,8973,278,492,770,0,1
reference,miss,8974,206,17,223,0,1
reference,hit,8974,281,477,758,0,1
reference,miss,8975,216,18,234,0,1
reference,hit,8975,273,498,771,0,1
reference,miss,8976,205,18,223,0,1
reference,hit,8976,278,494,772,0,1
reference,miss,8977,216,18,234,0,1
reference,hit,8977,274,484,758,0,1
reference,miss,8978,208,18,226,0,1
reference,hit,8978,277,491,768,0,1
reference,miss,8979,3089,17,3106,0,1
reference,hit,8979,282,503,785,0,1
reference,miss,8980,219,18,237,0,1
reference,hit,8980,292,546,838,0,1
reference,miss,8981,215,18,233,0,1
reference,hit,8981,284,494,778,0,1
reference,miss,8982,203,18,221,0,1
reference,hit,8982,282,490,772,0,1
reference,miss,8983,216,18,234,0,1
reference,hit,8983,282,511,793,0,1
reference,miss,8984,208,18,226,0,1
reference,hit,8984,283,489,772,0,1
reference,miss,8985,216,18,234,0,1
reference,hit,8985,283,483,766,0,1
reference,miss,8986,205,17,222,0,1
reference,hit,8986,286,484,770,0,1
reference,miss,8987,216,18,234,0,1
reference,hit,8987,281,498,779,0,1
reference,miss,8988,206,17,223,0,1
reference,hit,8988,285,506,791,0,1
reference,miss,8989,215,18,233,0,1
reference,hit,8989,282,485,767,0,1
reference,miss,8990,203,18,221,0,1
reference,hit,8990,281,489,770,0,1
reference,miss,8991,216,18,234,0,1
reference,hit,8991,287,505,792,0,1
reference,miss,8992,205,18,223,0,1
reference,hit,8992,284,495,779,0,1
reference,miss,8993,215,17,232,0,1
reference,hit,8993,286,484,770,0,1
reference,miss,8994,206,16,222,0,1
reference,hit,8994,282,476,758,0,1
reference,miss,8995,216,19,235,0,1
reference,hit,8995,283,475,758,0,1
reference,miss,8996,206,19,225,0,1
reference,hit,8996,290,488,778,0,1
reference,miss,8997,217,18,235,0,1
reference,hit,8997,285,504,789,0,1
reference,miss,8998,209,19,228,0,1
reference,hit,8998,285,488,773,0,1
reference,miss,8999,216,17,233,0,1
reference,hit,8999,286,490,776,0,1
reference,miss,9000,205,18,223,0,1
reference,hit,9000,279,499,778,0,1
reference,miss,9001,218,18,236,0,1
reference,hit,9001,279,491,770,0,1
reference,miss,9002,206,19,225,0,1
reference,hit,9002,278,490,768,0,1
reference,miss,9003,218,17,235,0,1
reference,hit,9003,285,495,780,0,1
reference,miss,9004,208,18,226,0,1
reference,hit,9004,289,477,766,0,1
reference,miss,9005,218,18,236,0,1
reference,hit,9005,280,487,767,0,1
reference,miss,9006,207,17,224,0,1
reference,hit,9006,284,481,765,0,1
reference,miss,9007,215,18,233,0,1
reference,hit,9007,282,492,774,0,1
reference,miss,9008,203,18,221,0,1
reference,hit,9008,287,489,776,0,1
reference,miss,9009,217,18,235,0,1
reference,hit,9009,283,476,759,0,1
reference,miss,9010,201,19,220,0,1
reference,hit,9010,300,513,813,0,1
reference,miss,9011,218,18,236,0,1
reference,hit,9011,298,492,790,0,1
reference,miss,9012,207,18,225,0,1
reference,hit,9012,283,478,761,0,1
reference,miss,9013,218,17,235,0,1
reference,hit,9013,284,482,766,0,1
reference,miss,9014,205,17,222,0,1
reference,hit,9014,283,522,805,0,1
reference,miss,9015,217,18,235,0,1
reference,hit,9015,280,496,776,0,1
reference,miss,9016,203,17,220,0,1
reference,hit,9016,285,495,780,0,1
reference,miss,9017,217,18,235,0,1
reference,hit,9017,279,497,776,0,1
reference,miss,9018,201,19,220,0,1
reference,hit,9018,280,490,770,0,1
reference,miss,9019,216,18,234,0,1
reference,hit,9019,283,481,764,0,1
reference,miss,9020,200,18,218,0,1
reference,hit,9020,280,498,778,0,1
reference,miss,9021,217,18,235,0,1
reference,hit,9021,284,479,763,0,1
reference,miss,9022,200,19,219,0,1
reference,hit,9022,279,489,768,0,1
reference,miss,9023,216,17,233,0,1
reference,hit,9023,289,490,779,0,1
reference,miss,9024,203,18,221,0,1
reference,hit,9024,285,494,779,0,1
reference,miss,9025,216,17,233,0,1
reference,hit,9025,284,475,759,0,1
reference,miss,9026,205,19,224,0,1
reference,hit,9026,285,490,775,0,1
reference,miss,9027,215,18,233,0,1
reference,hit,9027,284,488,772,0,1
reference,miss,9028,205,18,223,0,1
reference,hit,9028,283,492,775,0,1
reference,miss,9029,214,19,233,0,1
reference,hit,9029,306,557,863,0,1
reference,miss,9030,208,18,226,0,1
reference,hit,9030,279,510,789,0,1
reference,miss,9031,215,18,233,0,1
reference,hit,9031,278,482,760,0,1
reference,miss,9032,209,18,227,0,1
reference,hit,9032,286,487,773,0,1
reference,miss,9033,215,19,234,0,1
reference,hit,9033,274,479,753,0,1
reference,miss,9034,211,18,229,0,1
reference,hit,9034,285,488,773,0,1
reference,miss,9035,216,18,234,0,1
reference,hit,9035,278,481,759,0,1
reference,miss,9036,207,19,226,0,1
reference,hit,9036,283,560,843,0,1
reference,miss,9037,218,18,236,0,1
reference,hit,9037,278,500,778,0,1
reference,miss,9038,210,18,228,0,1
reference,hit,9038,278,493,771,0,1
reference,miss,9039,217,18,235,0,1
reference,hit,9039,276,491,767,0,1
reference,miss,9040,210,18,228,0,1
reference,hit,9040,278,475,753,0,1
reference,miss,9041,216,18,234,0,1
reference,hit,9041,280,499,779,0,1
reference,miss,9042,202,19,221,0,1
reference,hit,9042,281,492,773,0,1
reference,miss,9043,217,18,235,0,1
reference,hit,9043,281,482,763,0,1
reference,miss,9044,203,18,221,0,1
reference,hit,9044,284,479,763,0,1
reference,miss,9045,219,18,237,0,1
reference,hit,9045,279,479,758,0,1
reference,miss,9046,207,17,224,0,1
reference,hit,9046,279,480,759,0,1
reference,miss,9047,217,17,234,0,1
reference,hit,9047,279,477,756,0,1
reference,miss,9048,208,18,226,0,1
reference,hit,9048,275,485,760,0,1
reference,miss,9049,217,18,235,0,1
reference,hit,9049,279,497,776,0,1
reference,miss,9050,202,18,220,0,1
reference,hit,9050,278,480,758,0,1
reference,miss,9051,216,18,234,0,1
reference,hit,9051,278,496,774,0,1
reference,miss,9052,207,17,224,0,1
reference,hit,9052,275,486,761,0,1
reference,miss,9053,215,18,233,0,1
reference,hit,9053,275,490,765,0,1
reference,miss,9054,201,19,220,0,1
reference,hit,9054,275,504,779,0,1
reference,miss,9055,219,19,238,0,1
reference,hit,9055,285,491,776,0,1
reference,miss,9056,207,18,225,0,1
reference,hit,9056,276,485,761,0,1
reference,miss,9057,218,18,236,0,1
reference,hit,9057,280,484,764,0,1
reference,miss,9058,209,18,227,0,1
reference,hit,9058,274,502,776,0,1
reference,miss,9059,216,18,234,0,1
reference,hit,9059,280,494,774,0,1
reference,miss,9060,207,18,225,0,1
reference,hit,9060,277,487,764,0,1
reference,miss,9061,218,18,236,0,1
reference,hit,9061,281,489,770,0,1
reference,miss,9062,208,17,225,0,1
reference,hit,9062,277,491,768,0,1
reference,miss,9063,218,18,236,0,1
reference,hit,9063,274,530,804,0,1
reference,miss,9064,206,19,225,0,1
reference,hit,9064,277,500,777,0,1
reference,miss,9065,217,18,235,0,1
reference,hit,9065,279,489,768,0,1
reference,miss,9066,202,17,219,0,1
reference,hit,9066,280,480,760,0,1
reference,miss,9067,214,18,232,0,1
reference,hit,9067,274,502,776,0,1
reference,miss,9068,203,19,222,0,1
reference,hit,9068,277,482,759,0,1
reference,miss,9069,217,18,235,0,1
reference,hit,9069,281,481,762,0,1
reference,miss,9070,203,19,222,0,1
reference,hit,9070,275,504,779,0,1
reference,miss,9071,215,18,233,0,1
reference,hit,9071,281,501,782,0,1
reference,miss,9072,203,18,221,0,1
reference,hit,9072,277,484,761,0,1
reference,miss,9073,216,18,234,0,1
reference,hit,9073,280,486,766,0,1
reference,miss,9074,207,18,225,0,1
reference,hit,9074,273,494,767,0,1
reference,miss,9075,216,18,234,0,1
reference,hit,9075,279,509,788,0,1
reference,miss,9076,203,18,221,0,1
reference,hit,9076,280,495,775,0,1
reference,miss,9077,215,17,232,0,1
reference,hit,9077,280,511,791,0,1
reference,miss,9078,203,19,222,0,1
reference,hit,9078,279,489,768,0,1
reference,miss,9079,214,17,231,0,1
reference,hit,9079,280,479,759,0,1
reference,miss,9080,201,17,218,0,1
reference,hit,9080,279,484,763,0,1
reference,miss,9081,215,19,234,0,1
reference,hit,9081,278,494,772,0,1
reference,miss,9082,203,17,220,0,1
reference,hit,9082,280,528,808,0,1
reference,miss,9083,214,17,231,0,1
reference,hit,9083,274,488,762,0,1
reference,miss,9084,208,18,226,0,1
reference,hit,9084,285,481,766,0,1
reference,miss,9085,217,17,234,0,1
reference,hit,9085,280,485,765,0,1
reference,miss,9086,201,18,219,0,1
reference,hit,9086,271,498,769,0,1
reference,miss,9087,216,18,234,0,1
reference,hit,9087,511,572,1083,0,1
reference,miss,9088,205,19,224,0,1
reference,hit,9088,341,610,951,0,1
reference,miss,9089,217,18,235,0,1
reference,hit,9089,279,486,765,0,1
reference,miss,9090,207,18,225,0,1
reference,hit,9090,336,548,884,0,1
reference,miss,9091,218,18,236,0,1
reference,hit,9091,280,486,766,0,1
reference,miss,9092,201,18,219,0,1
reference,hit,9092,278,485,763,0,1
reference,miss,9093,217,18,235,0,1
reference,hit,9093,280,505,785,0,1
reference,miss,9094,207,18,225,0,1
reference,hit,9094,278,592,870,0,1
reference,miss,9095,215,17,232,0,1
reference,hit,9095,279,490,769,0,1
reference,miss,9096,207,17,224,0,1
reference,hit,9096,280,480,760,0,1
reference,miss,9097,216,18,234,0,1
reference,hit,9097,277,509,786,0,1
reference,miss,9098,205,18,223,0,1
reference,hit,9098,272,502,774,0,1
reference,miss,9099,215,18,233,0,1
reference,hit,9099,278,482,760,0,1
reference,miss,9100,207,17,224,0,1
reference,hit,9100,279,484,763,0,1
reference,miss,9101,275,18,293,0,1
reference,hit,9101,278,487,765,0,1
reference,miss,9102,204,18,222,0,1
reference,hit,9102,274,479,753,0,1
reference,miss,9103,218,18,236,0,1
reference,hit,9103,272,482,754,0,1
reference,miss,9104,203,19,222,0,1
reference,hit,9104,280,518,798,0,1
reference,miss,9105,216,19,235,0,1
reference,hit,9105,281,481,762,0,1
reference,miss,9106,205,19,224,0,1
reference,hit,9106,278,485,763,0,1
reference,miss,9107,217,19,236,0,1
reference,hit,9107,273,487,760,0,1
reference,miss,9108,205,17,222,0,1
reference,hit,9108,275,478,753,0,1
reference,miss,9109,217,18,235,0,1
reference,hit,9109,276,495,771,0,1
reference,miss,9110,203,18,221,0,1
reference,hit,9110,272,484,756,0,1
reference,miss,9111,219,18,237,0,1
reference,hit,9111,277,482,759,0,1
reference,miss,9112,204,17,221,0,1
reference,hit,9112,273,489,762,0,1
reference,miss,9113,226,802,1028,0,1
reference,hit,9113,280,1397,1677,0,1
reference,miss,9114,224,18,242,0,1
reference,hit,9114,283,496,779,0,1
reference,miss,9115,214,18,232,0,1
reference,hit,9115,283,482,765,0,1
reference,miss,9116,203,17,220,0,1
reference,hit,9116,278,483,761,0,1
reference,miss,9117,218,18,236,0,1
reference,hit,9117,284,484,768,0,1
reference,miss,9118,208,17,225,0,1
reference,hit,9118,277,504,781,0,1
reference,miss,9119,217,18,235,0,1
reference,hit,9119,284,491,775,0,1
reference,miss,9120,207,17,224,0,1
reference,hit,9120,279,485,764,0,1
reference,miss,9121,216,17,233,0,1
reference,hit,9121,279,482,761,0,1
reference,miss,9122,207,18,225,0,1
reference,hit,9122,278,497,775,0,1
reference,miss,9123,217,17,234,0,1
reference,hit,9123,277,483,760,0,1
reference,miss,9124,202,18,220,0,1
reference,hit,9124,277,475,752,0,1
reference,miss,9125,214,18,232,0,1
reference,hit,9125,274,497,771,0,1
reference,miss,9126,212,17,229,0,1
reference,hit,9126,280,494,774,0,1
reference,miss,9127,277,17,294,0,1
reference,hit,9127,279,488,767,0,1
reference,miss,9128,275,19,294,0,1
reference,hit,9128,345,480,825,0,1
reference,miss,9129,217,18,235,0,1
reference,hit,9129,279,524,803,0,1
reference,miss,9130,202,18,220,0,1
reference,hit,9130,344,482,826,0,1
reference,miss,9131,217,18,235,0,1
reference,hit,9131,276,484,760,0,1
reference,miss,9132,207,18,225,0,1
reference,hit,9132,278,499,777,0,1
reference,miss,9133,217,19,236,0,1
reference,hit,9133,278,482,760,0,1
reference,miss,9134,201,19,220,0,1
reference,hit,9134,273,489,762,0,1
reference,miss,9135,217,18,235,0,1
reference,hit,9135,279,494,773,0,1
reference,miss,9136,204,17,221,0,1
reference,hit,9136,278,493,771,0,1
reference,miss,9137,215,18,233,0,1
reference,hit,9137,278,485,763,0,1
reference,miss,9138,209,17,226,0,1
reference,hit,9138,272,495,767,0,1
reference,miss,9139,215,18,233,0,1
reference,hit,9139,277,517,794,0,1
reference,miss,9140,206,18,224,0,1
reference,hit,9140,279,498,777,0,1
reference,miss,9141,216,18,234,0,1
reference,hit,9141,281,485,766,0,1
reference,miss,9142,207,18,225,0,1
reference,hit,9142,387,542,929,0,1
reference,miss,9143,217,18,235,0,1
reference,hit,9143,273,485,758,0,1
reference,miss,9144,207,18,225,0,1
reference,hit,9144,271,524,795,0,1
reference,miss,9145,217,17,234,0,1
reference,hit,9145,277,499,776,0,1
reference,miss,9146,203,18,221,0,1
reference,hit,9146,277,489,766,0,1
reference,miss,9147,217,17,234,0,1
reference,hit,9147,281,496,777,0,1
reference,miss,9148,205,18,223,0,1
reference,hit,9148,278,496,774,0,1
reference,miss,9149,218,18,236,0,1
reference,hit,9149,279,492,771,0,1
reference,miss,9150,202,18,220,0,1
reference,hit,9150,273,479,752,0,1
reference,miss,9151,217,18,235,0,1
reference,hit,9151,309,542,851,0,1
reference,miss,9152,209,18,227,0,1
reference,hit,9152,281,496,777,0,1
reference,miss,9153,217,18,235,0,1
reference,hit,9153,278,510,788,0,1
reference,miss,9154,209,17,226,0,1
reference,hit,9154,279,496,775,0,1
reference,miss,9155,217,17,234,0,1
reference,hit,9155,273,492,765,0,1
reference,miss,9156,204,18,222,0,1
reference,hit,9156,280,487,767,0,1
reference,miss,9157,221,18,239,0,1
reference,hit,9157,276,495,771,0,1
reference,miss,9158,209,17,226,0,1
reference,hit,9158,280,505,785,0,1
reference,miss,9159,216,18,234,0,1
reference,hit,9159,278,521,799,0,1
reference,miss,9160,203,19,222,0,1
reference,hit,9160,280,489,769,0,1
reference,miss,9161,217,17,234,0,1
reference,hit,9161,277,485,762,0,1
reference,miss,9162,203,17,220,0,1
reference,hit,9162,274,508,782,0,1
reference,miss,9163,217,18,235,0,1
reference,hit,9163,276,490,766,0,1
reference,miss,9164,207,18,225,0,1
reference,hit,9164,282,505,787,0,1
reference,miss,9165,216,19,235,0,1
reference,hit,9165,276,497,773,0,1
reference,miss,9166,207,17,224,0,1
reference,hit,9166,280,501,781,0,1
reference,miss,9167,215,17,232,0,1
reference,hit,9167,277,489,766,0,1
reference,miss,9168,207,18,225,0,1
reference,hit,9168,278,503,781,0,1
reference,miss,9169,217,18,235,0,1
reference,hit,9169,270,489,759,0,1
reference,miss,9170,208,18,226,0,1
reference,hit,9170,279,503,782,0,1
reference,miss,9171,214,18,232,0,1
reference,hit,9171,276,483,759,0,1
reference,miss,9172,209,19,228,0,1
reference,hit,9172,280,488,768,0,1
reference,miss,9173,215,19,234,0,1
reference,hit,9173,279,488,767,0,1
reference,miss,9174,208,18,226,0,1
reference,hit,9174,279,523,802,0,1
reference,miss,9175,215,17,232,0,1
reference,hit,9175,277,484,761,0,1
reference,miss,9176,204,19,223,0,1
reference,hit,9176,281,481,762,0,1
reference,miss,9177,217,18,235,0,1
reference,hit,9177,271,501,772,0,1
reference,miss,9178,206,17,223,0,1
reference,hit,9178,279,492,771,0,1
reference,miss,9179,216,19,235,0,1
reference,hit,9179,274,484,758,0,1
reference,miss,9180,207,18,225,0,1
reference,hit,9180,281,496,777,0,1
reference,miss,9181,218,18,236,0,1
reference,hit,9181,276,484,760,0,1
reference,miss,9182,208,18,226,0,1
reference,hit,9182,365,1549,1914,0,1
reference,miss,9183,218,18,236,0,1
reference,hit,9183,294,506,800,0,1
reference,miss,9184,204,17,221,0,1
reference,hit,9184,283,483,766,0,1
reference,miss,9185,220,18,238,0,1
reference,hit,9185,279,475,754,0,1
reference,miss,9186,208,18,226,0,1
reference,hit,9186,283,491,774,0,1
reference,miss,9187,219,19,238,0,1
reference,hit,9187,280,476,756,0,1
reference,miss,9188,206,18,224,0,1
reference,hit,9188,276,479,755,0,1
reference,miss,9189,219,19,238,0,1
reference,hit,9189,283,485,768,0,1
reference,miss,9190,206,18,224,0,1
reference,hit,9190,286,493,779,0,1
reference,miss,9191,217,19,236,0,1
reference,hit,9191,278,541,819,0,1
reference,miss,9192,200,19,219,0,1
reference,hit,9192,288,486,774,0,1
reference,miss,9193,214,18,232,0,1
reference,hit,9193,278,497,775,0,1
reference,miss,9194,204,18,222,0,1
reference,hit,9194,278,485,763,0,1
reference,miss,9195,214,18,232,0,1
reference,hit,9195,271,503,774,0,1
reference,miss,9196,203,17,220,0,1
reference,hit,9196,283,486,769,0,1
reference,miss,9197,217,18,235,0,1
reference,hit,9197,274,481,755,0,1
reference,miss,9198,209,17,226,0,1
reference,hit,9198,278,500,778,0,1
reference,miss,9199,222,17,239,0,1
reference,hit,9199,281,497,778,0,1
reference,miss,9200,211,19,230,0,1
reference,hit,9200,277,508,785,0,1
reference,miss,9201,215,18,233,0,1
reference,hit,9201,278,479,757,0,1
reference,miss,9202,207,17,224,0,1
reference,hit,9202,276,506,782,0,1
reference,miss,9203,218,19,237,0,1
reference,hit,9203,280,486,766,0,1
reference,miss,9204,211,18,229,0,1
reference,hit,9204,276,489,765,0,1
reference,miss,9205,218,17,235,0,1
reference,hit,9205,279,497,776,0,1
reference,miss,9206,207,17,224,0,1
reference,hit,9206,284,484,768,0,1
reference,miss,9207,213,18,231,0,1
reference,hit,9207,277,504,781,0,1
reference,miss,9208,202,17,219,0,1
reference,hit,9208,287,479,766,0,1
reference,miss,9209,248,18,266,0,1
reference,hit,9209,281,4055,4336,0,1
reference,miss,9210,208,18,226,0,1
reference,hit,9210,291,507,798,0,1
reference,miss,9211,218,18,236,0,1
reference,hit,9211,294,509,803,0,1
reference,miss,9212,202,17,219,0,1
reference,hit,9212,284,488,772,0,1
reference,miss,9213,218,18,236,0,1
reference,hit,9213,294,488,782,0,1
reference,miss,9214,205,17,222,0,1
reference,hit,9214,297,487,784,0,1
reference,miss,9215,220,841,1061,0,1
reference,hit,9215,297,1362,1659,0,1
reference,miss,9216,224,18,242,0,1
reference,hit,9216,291,496,787,0,1
reference,miss,9217,219,17,236,0,1
reference,hit,9217,294,492,786,0,1
reference,miss,9218,202,17,219,0,1
reference,hit,9218,292,482,774,0,1
reference,miss,9219,218,18,236,0,1
reference,hit,9219,296,494,790,0,1
reference,miss,9220,201,18,219,0,1
reference,hit,9220,292,489,781,0,1
reference,miss,9221,217,17,234,0,1
reference,hit,9221,296,484,780,0,1
reference,miss,9222,206,17,223,0,1
reference,hit,9222,294,488,782,0,1
reference,miss,9223,223,18,241,0,1
reference,hit,9223,296,490,786,0,1
reference,miss,9224,206,18,224,0,1
reference,hit,9224,295,483,778,0,1
reference,miss,9225,222,18,240,0,1
reference,hit,9225,298,486,784,0,1
reference,miss,9226,209,18,227,0,1
reference,hit,9226,291,492,783,0,1
reference,miss,9227,221,18,239,0,1
reference,hit,9227,295,489,784,0,1
reference,miss,9228,206,16,222,0,1
reference,hit,9228,290,497,787,0,1
reference,miss,9229,218,18,236,0,1
reference,hit,9229,296,503,799,0,1
reference,miss,9230,203,17,220,0,1
reference,hit,9230,288,479,767,0,1
reference,miss,9231,223,18,241,0,1
reference,hit,9231,297,513,810,0,1
reference,miss,9232,206,18,224,0,1
reference,hit,9232,287,496,783,0,1
reference,miss,9233,218,18,236,0,1
reference,hit,9233,295,481,776,0,1
reference,miss,9234,202,17,219,0,1
reference,hit,9234,290,483,773,0,1
reference,miss,9235,217,18,235,0,1
reference,hit,9235,294,489,783,0,1
reference,miss,9236,208,19,227,0,1
reference,hit,9236,285,478,763,0,1
reference,miss,9237,224,18,242,0,1
reference,hit,9237,298,489,787,0,1
reference,miss,9238,208,17,225,0,1
reference,hit,9238,290,493,783,0,1
reference,miss,9239,216,20,236,0,1
reference,hit,9239,293,499,792,0,1
reference,miss,9240,211,18,229,0,1
reference,hit,9240,286,486,772,0,1
reference,miss,9241,217,17,234,0,1
reference,hit,9241,293,482,775,0,1
reference,miss,9242,202,18,220,0,1
reference,hit,9242,289,505,794,0,1
reference,miss,9243,216,18,234,0,1
reference,hit,9243,294,483,777,0,1
reference,miss,9244,203,17,220,0,1
reference,hit,9244,291,494,785,0,1
reference,miss,9245,221,18,239,0,1
reference,hit,9245,295,496,791,0,1
reference,miss,9246,208,18,226,0,1
reference,hit,9246,289,477,766,0,1
reference,miss,9247,216,18,234,0,1
reference,hit,9247,296,502,798,0,1
reference,miss,9248,208,17,225,0,1
reference,hit,9248,292,492,784,0,1
reference,miss,9249,220,18,238,0,1
reference,hit,9249,292,481,773,0,1
reference,miss,9250,206,17,223,0,1
reference,hit,9250,291,494,785,0,1
reference,miss,9251,215,18,233,0,1
reference,hit,9251,284,467,751,0,1
reference,miss,9252,208,18,226,0,1
reference,hit,9252,290,488,778,0,1
reference,miss,9253,221,18,239,0,1
reference,hit,9253,284,500,784,0,1
reference,miss,9254,207,17,224,0,1
reference,hit,9254,290,492,782,0,1
reference,miss,9255,216,19,235,0,1
reference,hit,9255,291,490,781,0,1
reference,miss,9256,207,18,225,0,1
reference,hit,9256,288,500,788,0,1
reference,miss,9257,219,19,238,0,1
reference,hit,9257,292,496,788,0,1
reference,miss,9258,208,17,225,0,1
reference,hit,9258,289,487,776,0,1
reference,miss,9259,220,18,238,0,1
reference,hit,9259,292,513,805,0,1
reference,miss,9260,211,17,228,0,1
reference,hit,9260,297,545,842,0,1
reference,miss,9261,217,18,235,0,1
reference,hit,9261,284,518,802,0,1
reference,miss,9262,207,18,225,0,1
reference,hit,9262,283,492,775,0,1
reference,miss,9263,222,18,240,0,1
reference,hit,9263,283,499,782,0,1
reference,miss,9264,211,18,229,0,1
reference,hit,9264,283,506,789,0,1
reference,miss,9265,223,18,241,0,1
reference,hit,9265,283,513,796,0,1
reference,miss,9266,212,18,230,0,1
reference,hit,9266,283,480,763,0,1
reference,miss,9267,222,18,240,0,1
reference,hit,9267,302,530,832,0,1
reference,miss,9268,205,17,222,0,1
reference,hit,9268,283,495,778,0,1
reference,miss,9269,215,18,233,0,1
reference,hit,9269,281,478,759,0,1
reference,miss,9270,209,17,226,0,1
reference,hit,9270,278,479,757,0,1
reference,miss,9271,222,18,240,0,1
reference,hit,9271,284,490,774,0,1
reference,miss,9272,205,18,223,0,1
reference,hit,9272,276,481,757,0,1
reference,miss,9273,220,18,238,0,1
reference,hit,9273,286,484,770,0,1
reference,miss,9274,213,18,231,0,1
reference,hit,9274,282,485,767,0,1
reference,miss,9275,218,18,236,0,1
reference,hit,9275,282,479,761,0,1
reference,miss,9276,207,17,224,0,1
reference,hit,9276,278,481,759,0,1
reference,miss,9277,221,18,239,0,1
reference,hit,9277,286,485,771,0,1
reference,miss,9278,212,17,229,0,1
reference,hit,9278,281,478,759,0,1
reference,miss,9279,221,19,240,0,1
reference,hit,9279,292,482,774,0,1
reference,miss,9280,210,19,229,0,1
reference,hit,9280,285,489,774,0,1
reference,miss,9281,224,18,242,0,1
reference,hit,9281,285,482,767,0,1
reference,miss,9282,209,18,227,0,1
reference,hit,9282,280,483,763,0,1
reference,miss,9283,215,19,234,0,1
reference,hit,9283,283,517,800,0,1
reference,miss,9284,209,18,227,0,1
reference,hit,9284,283,478,761,0,1
reference,miss,9285,220,18,238,0,1
reference,hit,9285,283,491,774,0,1
reference,miss,9286,209,17,226,0,1
reference,hit,9286,280,480,760,0,1
reference,miss,9287,218,17,235,0,1
reference,hit,9287,277,493,770,0,1
reference,miss,9288,210,18,228,0,1
reference,hit,9288,276,475,751,0,1
reference,miss,9289,224,18,242,0,1
reference,hit,9289,283,505,788,0,1
reference,miss,9290,208,19,227,0,1
reference,hit,9290,288,493,781,0,1
reference,miss,9291,222,18,240,0,1
reference,hit,9291,284,478,762,0,1
reference,miss,9292,213,18,231,0,1
reference,hit,9292,287,476,763,0,1
reference,miss,9293,219,19,238,0,1
reference,hit,9293,285,494,779,0,1
reference,miss,9294,211,18,229,0,1
reference,hit,9294,282,504,786,0,1
reference,miss,9295,222,16,238,0,1
reference,hit,9295,285,479,764,0,1
reference,miss,9296,213,17,230,0,1
reference,hit,9296,280,480,760,0,1
reference,miss,9297,219,18,237,0,1
reference,hit,9297,285,489,774,0,1
reference,miss,9298,211,17,228,0,1
reference,hit,9298,284,489,773,0,1
reference,miss,9299,221,18,239,0,1
reference,hit,9299,285,498,783,0,1
reference,miss,9300,207,18,225,0,1
reference,hit,9300,281,482,763,0,1
reference,miss,9301,212,18,230,0,1
reference,hit,9301,289,485,774,0,1
reference,miss,9302,209,19,228,0,1
reference,hit,9302,281,484,765,0,1
reference,miss,9303,218,17,235,0,1
reference,hit,9303,282,482,764,0,1
reference,miss,9304,208,17,225,0,1
reference,hit,9304,282,493,775,0,1
reference,miss,9305,220,18,238,0,1
reference,hit,9305,283,514,797,0,1
reference,miss,9306,210,17,227,0,1
reference,hit,9306,282,484,766,0,1
reference,miss,9307,218,17,235,0,1
reference,hit,9307,281,500,781,0,1
reference,miss,9308,205,18,223,0,1
reference,hit,9308,282,484,766,0,1
reference,miss,9309,222,17,239,0,1
reference,hit,9309,283,488,771,0,1
reference,miss,9310,210,19,229,0,1
reference,hit,9310,283,490,773,0,1
reference,miss,9311,222,19,241,0,1
reference,hit,9311,289,491,780,0,1
reference,miss,9312,209,18,227,0,1
reference,hit,9312,281,485,766,0,1
reference,miss,9313,217,18,235,0,1
reference,hit,9313,282,486,768,0,1
reference,miss,9314,206,18,224,0,1
reference,hit,9314,284,482,766,0,1
reference,miss,9315,221,18,239,0,1
reference,hit,9315,283,503,786,0,1
reference,miss,9316,210,19,229,0,1
reference,hit,9316,281,497,778,0,1
reference,miss,9317,221,18,239,0,1
reference,hit,9317,285,483,768,0,1
reference,miss,9318,207,1008,1215,0,1
reference,hit,9318,302,1280,1582,0,1
reference,miss,9319,221,18,239,0,1
reference,hit,9319,296,482,778,0,1
reference,miss,9320,210,18,228,0,1
reference,hit,9320,285,490,775,0,1
reference,miss,9321,217,18,235,0,1
reference,hit,9321,280,506,786,0,1
reference,miss,9322,203,17,220,0,1
reference,hit,9322,282,490,772,0,1
reference,miss,9323,217,17,234,0,1
reference,hit,9323,282,492,774,0,1
reference,miss,9324,208,19,227,0,1
reference,hit,9324,284,488,772,0,1
reference,miss,9325,218,18,236,0,1
reference,hit,9325,311,578,889,0,1
reference,miss,9326,207,17,224,0,1
reference,hit,9326,281,490,771,0,1
reference,miss,9327,221,18,239,0,1
reference,hit,9327,289,510,799,0,1
reference,miss,9328,211,19,230,0,1
reference,hit,9328,282,497,779,0,1
reference,miss,9329,221,17,238,0,1
reference,hit,9329,285,512,797,0,1
reference,miss,9330,207,18,225,0,1
reference,hit,9330,282,492,774,0,1
reference,miss,9331,215,17,232,0,1
reference,hit,9331,282,495,777,0,1
reference,miss,9332,207,18,225,0,1
reference,hit,9332,284,485,769,0,1
reference,miss,9333,218,19,237,0,1
reference,hit,9333,287,525,812,0,1
reference,miss,9334,206,18,224,0,1
reference,hit,9334,285,485,770,0,1
reference,miss,9335,218,18,236,0,1
reference,hit,9335,284,486,770,0,1
reference,miss,9336,210,18,228,0,1
reference,hit,9336,284,517,801,0,1
reference,miss,9337,214,18,232,0,1
reference,hit,9337,284,490,774,0,1
reference,miss,9338,203,18,221,0,1
reference,hit,9338,284,504,788,0,1
reference,miss,9339,221,18,239,0,1
reference,hit,9339,279,510,789,0,1
reference,miss,9340,208,19,227,0,1
reference,hit,9340,282,494,776,0,1
reference,miss,9341,219,18,237,0,1
reference,hit,9341,290,504,794,0,1
reference,miss,9342,206,17,223,0,1
reference,hit,9342,291,525,816,0,1
reference,miss,9343,220,18,238,0,1
reference,hit,9343,289,518,807,0,1
reference,miss,9344,210,18,228,0,1
reference,hit,9344,286,487,773,0,1
reference,miss,9345,220,17,237,0,1
reference,hit,9345,284,503,787,0,1
reference,miss,9346,209,17,226,0,1
reference,hit,9346,280,488,768,0,1
reference,miss,9347,220,17,237,0,1
reference,hit,9347,286,485,771,0,1
reference,miss,9348,209,19,228,0,1
reference,hit,9348,286,490,776,0,1
reference,miss,9349,219,20,239,0,1
reference,hit,9349,284,483,767,0,1
reference,miss,9350,210,18,228,0,1
reference,hit,9350,284,487,771,0,1
reference,miss,9351,219,17,236,0,1
reference,hit,9351,277,481,758,0,1
reference,miss,9352,208,18,226,0,1
reference,hit,9352,284,487,771,0,1
reference,miss,9353,221,18,239,0,1
reference,hit,9353,285,509,794,0,1
reference,miss,9354,210,19,229,0,1
reference,hit,9354,284,478,762,0,1
reference,miss,9355,222,18,240,0,1
reference,hit,9355,287,509,796,0,1
reference,miss,9356,209,17,226,0,1
reference,hit,9356,279,509,788,0,1
reference,miss,9357,218,19,237,0,1
reference,hit,9357,282,495,777,0,1
reference,miss,9358,208,17,225,0,1
reference,hit,9358,285,483,768,0,1
reference,miss,9359,220,18,238,0,1
reference,hit,9359,284,491,775,0,1
reference,miss,9360,214,18,232,0,1
reference,hit,9360,276,502,778,0,1
reference,miss,9361,220,18,238,0,1
reference,hit,9361,286,490,776,0,1
reference,miss,9362,210,17,227,0,1
reference,hit,9362,283,480,763,0,1
reference,miss,9363,216,19,235,0,1
reference,hit,9363,286,485,771,0,1
reference,miss,9364,206,18,224,0,1
reference,hit,9364,279,510,789,0,1
reference,miss,9365,220,17,237,0,1
reference,hit,9365,283,490,773,0,1
reference,miss,9366,205,18,223,0,1
reference,hit,9366,284,488,772,0,1
reference,miss,9367,216,17,233,0,1
reference,hit,9367,282,496,778,0,1
reference,miss,9368,205,18,223,0,1
reference,hit,9368,283,490,773,0,1
reference,miss,9369,218,17,235,0,1
reference,hit,9369,285,491,776,0,1
reference,miss,9370,201,19,220,0,1
reference,hit,9370,284,502,786,0,1
reference,miss,9371,220,18,238,0,1
reference,hit,9371,282,488,770,0,1
reference,miss,9372,207,17,224,0,1
reference,hit,9372,285,483,768,0,1
reference,miss,9373,214,19,233,0,1
reference,hit,9373,283,483,766,0,1
reference,miss,9374,202,17,219,0,1
reference,hit,9374,285,483,768,0,1
reference,miss,9375,219,18,237,0,1
reference,hit,9375,287,516,803,0,1
reference,miss,9376,210,17,227,0,1
reference,hit,9376,284,483,767,0,1
reference,miss,9377,223,17,240,0,1
reference,hit,9377,286,487,773,0,1
reference,miss,9378,210,17,227,0,1
reference,hit,9378,285,487,772,0,1
reference,miss,9379,218,18,236,0,1
reference,hit,9379,280,501,781,0,1
reference,miss,9380,204,18,222,0,1
reference,hit,9380,281,485,766,0,1
reference,miss,9381,215,19,234,0,1
reference,hit,9381,284,482,766,0,1
reference,miss,9382,203,18,221,0,1
reference,hit,9382,284,484,768,0,1
reference,miss,9383,222,17,239,0,1
reference,hit,9383,283,479,762,0,1
reference,miss,9384,207,19,226,0,1
reference,hit,9384,321,616,937,0,1
reference,miss,9385,222,17,239,0,1
reference,hit,9385,287,507,794,0,1
reference,miss,9386,211,17,228,0,1
reference,hit,9386,286,500,786,0,1
reference,miss,9387,221,17,238,0,1
reference,hit,9387,290,493,783,0,1
reference,miss,9388,211,17,228,0,1
reference,hit,9388,288,478,766,0,1
reference,miss,9389,221,18,239,0,1
reference,hit,9389,294,484,778,0,1
reference,miss,9390,207,18,225,0,1
reference,hit,9390,281,485,766,0,1
reference,miss,9391,221,18,239,0,1
reference,hit,9391,291,505,796,0,1
reference,miss,9392,210,19,229,0,1
reference,hit,9392,289,494,783,0,1
reference,miss,9393,221,18,239,0,1
reference,hit,9393,290,491,781,0,1
reference,miss,9394,208,18,226,0,1
reference,hit,9394,292,507,799,0,1
reference,miss,9395,220,17,237,0,1
reference,hit,9395,293,488,781,0,1
reference,miss,9396,205,18,223,0,1
reference,hit,9396,288,481,769,0,1
reference,miss,9397,220,17,237,0,1
reference,hit,9397,290,514,804,0,1
reference,miss,9398,212,18,230,0,1
reference,hit,9398,287,490,777,0,1
reference,miss,9399,213,17,230,0,1
reference,hit,9399,290,499,789,0,1
reference,miss,9400,208,17,225,0,1
reference,hit,9400,283,484,767,0,1
reference,miss,9401,214,18,232,0,1
reference,hit,9401,289,487,776,0,1
reference,miss,9402,207,19,226,0,1
reference,hit,9402,288,514,802,0,1
reference,miss,9403,216,18,234,0,1
reference,hit,9403,286,502,788,0,1
reference,miss,9404,206,18,224,0,1
reference,hit,9404,282,483,765,0,1
reference,miss,9405,216,19,235,0,1
reference,hit,9405,298,483,781,0,1
reference,miss,9406,204,18,222,0,1
reference,hit,9406,295,493,788,0,1
reference,miss,9407,222,17,239,0,1
reference,hit,9407,294,493,787,0,1
reference,miss,9408,213,19,232,0,1
reference,hit,9408,281,491,772,0,1
reference,miss,9409,217,17,234,0,1
reference,hit,9409,289,487,776,0,1
reference,miss,9410,201,18,219,0,1
reference,hit,9410,287,483,770,0,1
reference,miss,9411,220,18,238,0,1
reference,hit,9411,291,491,782,0,1
reference,miss,9412,207,18,225,0,1
reference,hit,9412,288,476,764,0,1
reference,miss,9413,222,18,240,0,1
reference,hit,9413,288,491,779,0,1
reference,miss,9414,209,18,227,0,1
reference,hit,9414,290,505,795,0,1
reference,miss,9415,218,18,236,0,1
reference,hit,9415,291,514,805,0,1
reference,miss,9416,210,18,228,0,1
reference,hit,9416,289,500,789,0,1
reference,miss,9417,216,18,234,0,1
reference,hit,9417,283,489,772,0,1
reference,miss,9418,205,17,222,0,1
reference,hit,9418,294,482,776,0,1
reference,miss,9419,219,18,237,0,1
reference,hit,9419,284,492,776,0,1
reference,miss,9420,213,1011,1224,0,1
reference,hit,9420,299,1208,1507,0,1
reference,miss,9421,216,18,234,0,1
reference,hit,9421,295,482,777,0,1
reference,miss,9422,206,18,224,0,1
reference,hit,9422,291,483,774,0,1
reference,miss,9423,220,19,239,0,1
reference,hit,9423,285,500,785,0,1
reference,miss,9424,208,18,226,0,1
reference,hit,9424,292,481,773,0,1
reference,miss,9425,219,18,237,0,1
reference,hit,9425,290,512,802,0,1
reference,miss,9426,209,17,226,0,1
reference,hit,9426,290,516,806,0,1
reference,miss,9427,216,18,234,0,1
reference,hit,9427,288,500,788,0,1
reference,miss,9428,205,18,223,0,1
reference,hit,9428,285,498,783,0,1
reference,miss,9429,216,17,233,0,1
reference,hit,9429,289,496,785,0,1
reference,miss,9430,206,18,224,0,1
reference,hit,9430,288,492,780,0,1
reference,miss,9431,214,19,233,0,1
reference,hit,9431,290,498,788,0,1
reference,miss,9432,206,17,223,0,1
reference,hit,9432,287,507,794,0,1
reference,miss,9433,220,18,238,0,1
reference,hit,9433,289,487,776,0,1
reference,miss,9434,210,17,227,0,1
reference,hit,9434,284,489,773,0,1
reference,miss,9435,217,17,234,0,1
reference,hit,9435,282,481,763,0,1
reference,miss,9436,203,17,220,0,1
reference,hit,9436,291,497,788,0,1
reference,miss,9437,219,19,238,0,1
reference,hit,9437,287,496,783,0,1
reference,miss,9438,203,17,220,0,1
reference,hit,9438,279,488,767,0,1
reference,miss,9439,221,18,239,0,1
reference,hit,9439,296,496,792,0,1
reference,miss,9440,209,19,228,0,1
reference,hit,9440,286,495,781,0,1
reference,miss,9441,215,19,234,0,1
reference,hit,9441,284,482,766,0,1
reference,miss,9442,207,18,225,0,1
reference,hit,9442,324,520,844,0,1
reference,miss,9443,223,19,242,0,1
reference,hit,9443,712,492,1204,0,1
reference,miss,9444,210,18,228,0,1
reference,hit,9444,297,480,777,0,1
reference,miss,9445,223,19,242,0,1
reference,hit,9445,298,491,789,0,1
reference,miss,9446,207,18,225,0,1
reference,hit,9446,295,536,831,0,1
reference,miss,9447,223,18,241,0,1
reference,hit,9447,298,494,792,0,1
reference,miss,9448,207,18,225,0,1
reference,hit,9448,294,480,774,0,1
reference,miss,9449,222,18,240,0,1
reference,hit,9449,295,480,775,0,1
reference,miss,9450,206,18,224,0,1
reference,hit,9450,296,502,798,0,1
reference,miss,9451,217,17,234,0,1
reference,hit,9451,290,484,774,0,1
reference,miss,9452,205,18,223,0,1
reference,hit,9452,295,484,779,0,1
reference,miss,9453,220,19,239,0,1
reference,hit,9453,291,512,803,0,1
reference,miss,9454,210,18,228,0,1
reference,hit,9454,292,481,773,0,1
reference,miss,9455,219,18,237,0,1
reference,hit,9455,289,487,776,0,1
reference,miss,9456,205,18,223,0,1
reference,hit,9456,288,496,784,0,1
reference,miss,9457,221,18,239,0,1
reference,hit,9457,294,506,800,0,1
reference,miss,9458,210,18,228,0,1
reference,hit,9458,288,489,777,0,1
reference,miss,9459,224,18,242,0,1
reference,hit,9459,287,494,781,0,1
reference,miss,9460,204,18,222,0,1
reference,hit,9460,297,494,791,0,1
reference,miss,9461,219,19,238,0,1
reference,hit,9461,289,484,773,0,1
reference,miss,9462,209,17,226,0,1
reference,hit,9462,294,494,788,0,1
reference,miss,9463,219,19,238,0,1
reference,hit,9463,287,506,793,0,1
reference,miss,9464,208,17,225,0,1
reference,hit,9464,292,477,769,0,1
reference,miss,9465,218,18,236,0,1
reference,hit,9465,296,491,787,0,1
reference,miss,9466,207,18,225,0,1
reference,hit,9466,293,495,788,0,1
reference,miss,9467,217,18,235,0,1
reference,hit,9467,293,486,779,0,1
reference,miss,9468,206,18,224,0,1
reference,hit,9468,294,487,781,0,1
reference,miss,9469,222,17,239,0,1
reference,hit,9469,298,489,787,0,1
reference,miss,9470,209,18,227,0,1
reference,hit,9470,293,482,775,0,1
reference,miss,9471,217,19,236,0,1
reference,hit,9471,298,500,798,0,1
reference,miss,9472,210,18,228,0,1
reference,hit,9472,293,489,782,0,1
reference,miss,9473,223,18,241,0,1
reference,hit,9473,293,488,781,0,1
reference,miss,9474,204,18,222,0,1
reference,hit,9474,293,495,788,0,1
reference,miss,9475,221,18,239,0,1
reference,hit,9475,293,500,793,0,1
reference,miss,9476,208,18,226,0,1
reference,hit,9476,286,502,788,0,1
reference,miss,9477,216,18,234,0,1
reference,hit,9477,290,488,778,0,1
reference,miss,9478,201,18,219,0,1
reference,hit,9478,295,480,775,0,1
reference,miss,9479,217,17,234,0,1
reference,hit,9479,286,485,771,0,1
reference,miss,9480,199,18,217,0,1
reference,hit,9480,296,501,797,0,1
reference,miss,9481,217,18,235,0,1
reference,hit,9481,292,483,775,0,1
reference,miss,9482,202,18,220,0,1
reference,hit,9482,296,487,783,0,1
reference,miss,9483,222,19,241,0,1
reference,hit,9483,287,486,773,0,1
reference,miss,9484,206,18,224,0,1
reference,hit,9484,291,489,780,0,1
reference,miss,9485,217,18,235,0,1
reference,hit,9485,292,488,780,0,1
reference,miss,9486,209,18,227,0,1
reference,hit,9486,286,508,794,0,1
reference,miss,9487,221,18,239,0,1
reference,hit,9487,287,498,785,0,1
reference,miss,9488,210,18,228,0,1
reference,hit,9488,289,511,800,0,1
reference,miss,9489,222,19,241,0,1
reference,hit,9489,293,495,788,0,1
reference,miss,9490,208,18,226,0,1
reference,hit,9490,292,494,786,0,1
reference,miss,9491,221,18,239,0,1
reference,hit,9491,294,501,795,0,1
reference,miss,9492,204,18,222,0,1
reference,hit,9492,331,589,920,0,1
reference,miss,9493,228,18,246,0,1
reference,hit,9493,292,493,785,0,1
reference,miss,9494,209,18,227,0,1
reference,hit,9494,293,480,773,0,1
reference,miss,9495,224,17,241,0,1
reference,hit,9495,288,488,776,0,1
reference,miss,9496,206,19,225,0,1
reference,hit,9496,281,488,769,0,1
reference,miss,9497,219,18,237,0,1
reference,hit,9497,287,482,769,0,1
reference,miss,9498,207,18,225,0,1
reference,hit,9498,287,480,767,0,1
reference,miss,9499,217,18,235,0,1
reference,hit,9499,304,551,855,0,1
reference,miss,9500,206,18,224,0,1
reference,hit,9500,287,488,775,0,1
reference,miss,9501,220,17,237,0,1
reference,hit,9501,280,514,794,0,1
reference,miss,9502,210,17,227,0,1
reference,hit,9502,292,486,778,0,1
reference,miss,9503,226,17,243,0,1
reference,hit,9503,291,483,774,0,1
reference,miss,9504,210,18,228,0,1
reference,hit,9504,288,485,773,0,1
reference,miss,9505,219,18,237,0,1
reference,hit,9505,282,485,767,0,1
reference,miss,9506,203,18,221,0,1
reference,hit,9506,290,501,791,0,1
reference,miss,9507,223,19,242,0,1
reference,hit,9507,291,484,775,0,1
reference,miss,9508,207,18,225,0,1
reference,hit,9508,288,487,775,0,1
reference,miss,9509,223,18,241,0,1
reference,hit,9509,293,487,780,0,1
reference,miss,9510,205,17,222,0,1
reference,hit,9510,283,481,764,0,1
reference,miss,9511,222,18,240,0,1
reference,hit,9511,282,492,774,0,1
reference,miss,9512,208,18,226,0,1
reference,hit,9512,289,489,778,0,1
reference,miss,9513,218,18,236,0,1
reference,hit,9513,292,501,793,0,1
reference,miss,9514,207,18,225,0,1
reference,hit,9514,288,497,785,0,1
reference,miss,9515,219,17,236,0,1
reference,hit,9515,291,492,783,0,1
reference,miss,9516,208,18,226,0,1
reference,hit,9516,282,491,773,0,1
reference,miss,9517,219,18,237,0,1
reference,hit,9517,290,496,786,0,1
reference,miss,9518,203,18,221,0,1
reference,hit,9518,293,493,786,0,1
reference,miss,9519,217,19,236,0,1
reference,hit,9519,287,503,790,0,1
reference,miss,9520,202,19,221,0,1
reference,hit,9520,286,499,785,0,1
reference,miss,9521,223,18,241,0,1
reference,hit,9521,286,484,770,0,1
reference,miss,9522,208,18,226,0,1
reference,hit,9522,304,484,788,0,1
reference,miss,9523,222,17,239,0,1
reference,hit,9523,298,504,802,0,1
reference,miss,9524,207,17,224,0,1
reference,hit,9524,297,491,788,0,1
reference,miss,9525,222,17,239,0,1
reference,hit,9525,291,494,785,0,1
reference,miss,9526,213,17,230,0,1
reference,hit,9526,288,498,786,0,1
reference,miss,9527,222,19,241,0,1
reference,hit,9527,291,508,799,0,1
reference,miss,9528,212,18,230,0,1
reference,hit,9528,289,495,784,0,1
reference,miss,9529,221,18,239,0,1
reference,hit,9529,293,486,779,0,1
reference,miss,9530,211,17,228,0,1
reference,hit,9530,291,491,782,0,1
reference,miss,9531,220,17,237,0,1
reference,hit,9531,289,489,778,0,1
reference,miss,9532,210,17,227,0,1
reference,hit,9532,280,489,769,0,1
reference,miss,9533,220,18,238,0,1
reference,hit,9533,292,483,775,0,1
reference,miss,9534,206,19,225,0,1
reference,hit,9534,293,496,789,0,1
reference,miss,9535,217,18,235,0,1
reference,hit,9535,288,491,779,0,1
reference,miss,9536,203,18,221,0,1
reference,hit,9536,288,477,765,0,1
reference,miss,9537,220,19,239,0,1
reference,hit,9537,287,484,771,0,1
reference,miss,9538,214,17,231,0,1
reference,hit,9538,283,489,772,0,1
reference,miss,9539,222,17,239,0,1
reference,hit,9539,289,482,771,0,1
reference,miss,9540,207,18,225,0,1
reference,hit,9540,283,490,773,0,1
reference,miss,9541,218,18,236,0,1
reference,hit,9541,285,499,784,0,1
reference,miss,9542,204,17,221,0,1
reference,hit,9542,289,488,777,0,1
reference,miss,9543,215,18,233,0,1
reference,hit,9543,285,491,776,0,1
reference,miss,9544,204,18,222,0,1
reference,hit,9544,290,478,768,0,1
reference,miss,9545,218,18,236,0,1
reference,hit,9545,287,495,782,0,1
reference,miss,9546,204,19,223,0,1
reference,hit,9546,284,523,807,0,1
reference,miss,9547,220,18,238,0,1
reference,hit,9547,284,507,791,0,1
reference,miss,9548,205,17,222,0,1
reference,hit,9548,289,500,789,0,1
reference,miss,9549,215,19,234,0,1
reference,hit,9549,284,488,772,0,1
reference,miss,9550,205,18,223,0,1
reference,hit,9550,286,486,772,0,1
reference,miss,9551,221,16,237,0,1
reference,hit,9551,284,490,774,0,1
reference,miss,9552,208,18,226,0,1
reference,hit,9552,284,496,780,0,1
reference,miss,9553,222,19,241,0,1
reference,hit,9553,290,480,770,0,1
reference,miss,9554,205,19,224,0,1
reference,hit,9554,285,488,773,0,1
reference,miss,9555,220,17,237,0,1
reference,hit,9555,280,479,759,0,1
reference,miss,9556,206,18,224,0,1
reference,hit,9556,289,484,773,0,1
reference,miss,9557,219,18,237,0,1
reference,hit,9557,280,480,760,0,1
reference,miss,9558,210,18,228,0,1
reference,hit,9558,322,553,875,0,1
reference,miss,9559,221,18,239,0,1
reference,hit,9559,290,494,784,0,1
reference,miss,9560,208,18,226,0,1
reference,hit,9560,286,501,787,0,1
reference,miss,9561,220,18,238,0,1
reference,hit,9561,287,498,785,0,1
reference,miss,9562,210,18,228,0,1
reference,hit,9562,284,489,773,0,1
reference,miss,9563,219,18,237,0,1
reference,hit,9563,284,496,780,0,1
reference,miss,9564,206,19,225,0,1
reference,hit,9564,285,492,777,0,1
reference,miss,9565,222,18,240,0,1
reference,hit,9565,290,522,812,0,1
reference,miss,9566,206,18,224,0,1
reference,hit,9566,281,492,773,0,1
reference,miss,9567,215,18,233,0,1
reference,hit,9567,289,491,780,0,1
reference,miss,9568,206,18,224,0,1
reference,hit,9568,284,476,760,0,1
reference,miss,9569,218,18,236,0,1
reference,hit,9569,280,481,761,0,1
reference,miss,9570,204,17,221,0,1
reference,hit,9570,279,483,762,0,1
reference,miss,9571,222,19,241,0,1
reference,hit,9571,290,482,772,0,1
reference,miss,9572,207,17,224,0,1
reference,hit,9572,284,482,766,0,1
reference,miss,9573,221,17,238,0,1
reference,hit,9573,288,482,770,0,1
reference,miss,9574,208,18,226,0,1
reference,hit,9574,282,537,819,0,1
reference,miss,9575,219,18,237,0,1
reference,hit,9575,289,484,773,0,1
reference,miss,9576,209,18,227,0,1
reference,hit,9576,285,486,771,0,1
reference,miss,9577,223,17,240,0,1
reference,hit,9577,287,483,770,0,1
reference,miss,9578,207,17,224,0,1
reference,hit,9578,290,480,770,0,1
reference,miss,9579,220,17,237,0,1
reference,hit,9579,287,505,792,0,1
reference,miss,9580,208,17,225,0,1
reference,hit,9580,286,514,800,0,1
reference,miss,9581,216,18,234,0,1
reference,hit,9581,287,488,775,0,1
reference,miss,9582,208,17,225,0,1
reference,hit,9582,287,487,774,0,1
reference,miss,9583,217,18,235,0,1
reference,hit,9583,282,483,765,0,1
reference,miss,9584,202,18,220,0,1
reference,hit,9584,287,488,775,0,1
reference,miss,9585,220,18,238,0,1
reference,hit,9585,281,486,767,0,1
reference,miss,9586,209,17,226,0,1
reference,hit,9586,281,484,765,0,1
reference,miss,9587,221,18,239,0,1
reference,hit,9587,284,489,773,0,1
reference,miss,9588,210,17,227,0,1
reference,hit,9588,279,483,762,0,1
reference,miss,9589,216,19,235,0,1
reference,hit,9589,282,497,779,0,1
reference,miss,9590,208,17,225,0,1
reference,hit,9590,288,490,778,0,1
reference,miss,9591,215,19,234,0,1
reference,hit,9591,275,489,764,0,1
reference,miss,9592,206,17,223,0,1
reference,hit,9592,281,482,763,0,1
reference,miss,9593,220,18,238,0,1
reference,hit,9593,284,493,777,0,1
reference,miss,9594,211,17,228,0,1
reference,hit,9594,280,494,774,0,1
reference,miss,9595,218,17,235,0,1
reference,hit,9595,283,503,786,0,1
reference,miss,9596,205,17,222,0,1
reference,hit,9596,288,489,777,0,1
reference,miss,9597,224,18,242,0,1
reference,hit,9597,278,490,768,0,1
reference,miss,9598,212,18,230,0,1
reference,hit,9598,281,501,782,0,1
reference,miss,9599,216,18,234,0,1
reference,hit,9599,289,496,785,0,1
reference,miss,9600,210,19,229,0,1
reference,hit,9600,282,508,790,0,1
reference,miss,9601,215,19,234,0,1
reference,hit,9601,284,486,770,0,1
reference,miss,9602,207,19,226,0,1
reference,hit,9602,280,489,769,0,1
reference,miss,9603,217,17,234,0,1
reference,hit,9603,280,507,787,0,1
reference,miss,9604,207,18,225,0,1
reference,hit,9604,282,488,770,0,1
reference,miss,9605,221,18,239,0,1
reference,hit,9605,281,484,765,0,1
reference,miss,9606,209,18,227,0,1
reference,hit,9606,274,497,771,0,1
reference,miss,9607,222,18,240,0,1
reference,hit,9607,280,484,764,0,1
reference,miss,9608,207,18,225,0,1
reference,hit,9608,281,496,777,0,1
reference,miss,9609,221,17,238,0,1
reference,hit,9609,283,494,777,0,1
reference,miss,9610,213,17,230,0,1
reference,hit,9610,280,481,761,0,1
reference,miss,9611,217,17,234,0,1
reference,hit,9611,278,490,768,0,1
reference,miss,9612,203,19,222,0,1
reference,hit,9612,278,480,758,0,1
reference,miss,9613,220,18,238,0,1
reference,hit,9613,286,503,789,0,1
reference,miss,9614,207,17,224,0,1
reference,hit,9614,281,483,764,0,1
reference,miss,9615,219,19,238,0,1
reference,hit,9615,281,478,759,0,1
reference,miss,9616,205,17,222,0,1
reference,hit,9616,377,542,919,0,1
reference,miss,9617,222,19,241,0,1
reference,hit,9617,290,506,796,0,1
reference,miss,9618,207,17,224,0,1
reference,hit,9618,288,500,788,0,1
reference,miss,9619,216,18,234,0,1
reference,hit,9619,278,480,758,0,1
reference,miss,9620,209,18,227,0,1
reference,hit,9620,288,512,800,0,1
reference,miss,9621,223,18,241,0,1
reference,hit,9621,289,486,775,0,1
reference,miss,9622,209,17,226,0,1
reference,hit,9622,281,477,758,0,1
reference,miss,9623,222,18,240,0,1
reference,hit,9623,290,499,789,0,1
reference,miss,9624,211,18,229,0,1
reference,hit,9624,290,513,803,0,1
reference,miss,9625,219,838,1057,0,1
reference,hit,9625,280,1375,1655,0,1
reference,miss,9626,222,18,240,0,1
reference,hit,9626,282,486,768,0,1
reference,miss,9627,217,18,235,0,1
reference,hit,9627,291,491,782,0,1
reference,miss,9628,204,18,222,0,1
reference,hit,9628,283,482,765,0,1
reference,miss,9629,219,17,236,0,1
reference,hit,9629,290,553,843,0,1
reference,miss,9630,204,18,222,0,1
reference,hit,9630,283,490,773,0,1
reference,miss,9631,217,17,234,0,1
reference,hit,9631,290,504,794,0,1
reference,miss,9632,207,18,225,0,1
reference,hit,9632,278,480,758,0,1
reference,miss,9633,221,17,238,0,1
reference,hit,9633,287,487,774,0,1
reference,miss,9634,211,18,229,0,1
reference,hit,9634,287,486,773,0,1
reference,miss,9635,220,18,238,0,1
reference,hit,9635,290,501,791,0,1
reference,miss,9636,206,18,224,0,1
reference,hit,9636,287,488,775,0,1
reference,miss,9637,221,18,239,0,1
reference,hit,9637,282,487,769,0,1
reference,miss,9638,205,17,222,0,1
reference,hit,9638,288,499,787,0,1
reference,miss,9639,220,18,238,0,1
reference,hit,9639,291,485,776,0,1
reference,miss,9640,211,18,229,0,1
reference,hit,9640,287,476,763,0,1
reference,miss,9641,218,17,235,0,1
reference,hit,9641,288,481,769,0,1
reference,miss,9642,208,18,226,0,1
reference,hit,9642,280,482,762,0,1
reference,miss,9643,218,19,237,0,1
reference,hit,9643,288,490,778,0,1
reference,miss,9644,211,18,229,0,1
reference,hit,9644,289,481,770,0,1
reference,miss,9645,219,18,237,0,1
reference,hit,9645,285,486,771,0,1
reference,miss,9646,204,19,223,0,1
reference,hit,9646,290,504,794,0,1
reference,miss,9647,221,17,238,0,1
reference,hit,9647,289,481,770,0,1
reference,miss,9648,209,18,227,0,1
reference,hit,9648,285,479,764,0,1
reference,miss,9649,219,18,237,0,1
reference,hit,9649,287,485,772,0,1
reference,miss,9650,204,18,222,0,1
reference,hit,9650,280,477,757,0,1
reference,miss,9651,219,18,237,0,1
reference,hit,9651,285,517,802,0,1
reference,miss,9652,206,17,223,0,1
reference,hit,9652,286,481,767,0,1
reference,miss,9653,216,17,233,0,1
reference,hit,9653,287,492,779,0,1
reference,miss,9654,205,17,222,0,1
reference,hit,9654,285,484,769,0,1
reference,miss,9655,217,17,234,0,1
reference,hit,9655,284,490,774,0,1
reference,miss,9656,201,17,218,0,1
reference,hit,9656,283,483,766,0,1
reference,miss,9657,222,16,238,0,1
reference,hit,9657,289,510,799,0,1
reference,miss,9658,208,19,227,0,1
reference,hit,9658,291,495,786,0,1
reference,miss,9659,221,18,239,0,1
reference,hit,9659,290,485,775,0,1
reference,miss,9660,208,18,226,0,1
reference,hit,9660,287,482,769,0,1
reference,miss,9661,219,18,237,0,1
reference,hit,9661,283,497,780,0,1
reference,miss,9662,208,19,227,0,1
reference,hit,9662,285,476,761,0,1
reference,miss,9663,223,18,241,0,1
reference,hit,9663,291,496,787,0,1
reference,miss,9664,204,19,223,0,1
reference,hit,9664,286,495,781,0,1
reference,miss,9665,219,17,236,0,1
reference,hit,9665,291,514,805,0,1
reference,miss,9666,207,19,226,0,1
reference,hit,9666,283,486,769,0,1
reference,miss,9667,221,19,240,0,1
reference,hit,9667,283,486,769,0,1
reference,miss,9668,210,18,228,0,1
reference,hit,9668,286,509,795,0,1
reference,miss,9669,218,17,235,0,1
reference,hit,9669,279,486,765,0,1
reference,miss,9670,203,18,221,0,1
reference,hit,9670,292,481,773,0,1
reference,miss,9671,222,18,240,0,1
reference,hit,9671,284,488,772,0,1
reference,miss,9672,207,19,226,0,1
reference,hit,9672,287,477,764,0,1
reference,miss,9673,219,17,236,0,1
reference,hit,9673,361,554,915,0,1
reference,miss,9674,205,19,224,0,1
reference,hit,9674,300,489,789,0,1
reference,miss,9675,218,18,236,0,1
reference,hit,9675,290,518,808,0,1
reference,miss,9676,203,18,221,0,1
reference,hit,9676,285,491,776,0,1
reference,miss,9677,220,18,238,0,1
reference,hit,9677,292,487,779,0,1
reference,miss,9678,206,18,224,0,1
reference,hit,9678,287,484,771,0,1
reference,miss,9679,223,18,241,0,1
reference,hit,9679,289,534,823,0,1
reference,miss,9680,205,18,223,0,1
reference,hit,9680,284,499,783,0,1
reference,miss,9681,220,18,238,0,1
reference,hit,9681,287,484,771,0,1
reference,miss,9682,210,18,228,0,1
reference,hit,9682,289,495,784,0,1
reference,miss,9683,221,17,238,0,1
reference,hit,9683,290,492,782,0,1
reference,miss,9684,208,18,226,0,1
reference,hit,9684,292,499,791,0,1
reference,miss,9685,216,17,233,0,1
reference,hit,9685,292,488,780,0,1
reference,miss,9686,208,18,226,0,1
reference,hit,9686,289,483,772,0,1
reference,miss,9687,221,19,240,0,1
reference,hit,9687,291,502,793,0,1
reference,miss,9688,210,18,228,0,1
reference,hit,9688,291,494,785,0,1
reference,miss,9689,222,17,239,0,1
reference,hit,9689,290,485,775,0,1
reference,miss,9690,211,19,230,0,1
reference,hit,9690,289,502,791,0,1
reference,miss,9691,216,19,235,0,1
reference,hit,9691,291,486,777,0,1
reference,miss,9692,204,18,222,0,1
reference,hit,9692,283,510,793,0,1
reference,miss,9693,220,17,237,0,1
reference,hit,9693,288,510,798,0,1
reference,miss,9694,212,18,230,0,1
reference,hit,9694,291,479,770,0,1
reference,miss,9695,222,17,239,0,1
reference,hit,9695,297,487,784,0,1
reference,miss,9696,209,18,227,0,1
reference,hit,9696,283,505,788,0,1
reference,miss,9697,220,18,238,0,1
reference,hit,9697,290,487,777,0,1
reference,miss,9698,204,19,223,0,1
reference,hit,9698,291,522,813,0,1
reference,miss,9699,222,18,240,0,1
reference,hit,9699,292,499,791,0,1
reference,miss,9700,209,17,226,0,1
reference,hit,9700,295,491,786,0,1
reference,miss,9701,221,18,239,0,1
reference,hit,9701,288,502,790,0,1
reference,miss,9702,209,17,226,0,1
reference,hit,9702,294,527,821,0,1
reference,miss,9703,220,17,237,0,1
reference,hit,9703,290,505,795,0,1
reference,miss,9704,206,20,226,0,1
reference,hit,9704,284,497,781,0,1
reference,miss,9705,216,18,234,0,1
reference,hit,9705,289,493,782,0,1
reference,miss,9706,207,18,225,0,1
reference,hit,9706,291,510,801,0,1
reference,miss,9707,220,18,238,0,1
reference,hit,9707,291,492,783,0,1
reference,miss,9708,213,18,231,0,1
reference,hit,9708,289,490,779,0,1
reference,miss,9709,214,18,232,0,1
reference,hit,9709,291,498,789,0,1
reference,miss,9710,206,18,224,0,1
reference,hit,9710,286,517,803,0,1
reference,miss,9711,218,18,236,0,1
reference,hit,9711,292,487,779,0,1
reference,miss,9712,209,18,227,0,1
reference,hit,9712,284,506,790,0,1
reference,miss,9713,220,19,239,0,1
reference,hit,9713,290,501,791,0,1
reference,miss,9714,205,18,223,0,1
reference,hit,9714,285,492,777,0,1
reference,miss,9715,221,17,238,0,1
reference,hit,9715,289,521,810,0,1
reference,miss,9716,210,17,227,0,1
reference,hit,9716,291,486,777,0,1
reference,miss,9717,221,17,238,0,1
reference,hit,9717,290,487,777,0,1
reference,miss,9718,210,18,228,0,1
reference,hit,9718,286,486,772,0,1
reference,miss,9719,217,18,235,0,1
reference,hit,9719,286,491,777,0,1
reference,miss,9720,203,17,220,0,1
reference,hit,9720,293,512,805,0,1
reference,miss,9721,220,18,238,0,1
reference,hit,9721,291,511,802,0,1
reference,miss,9722,210,19,229,0,1
reference,hit,9722,284,493,777,0,1
reference,miss,9723,218,19,237,0,1
reference,hit,9723,286,517,803,0,1
reference,miss,9724,205,18,223,0,1
reference,hit,9724,289,492,781,0,1
reference,miss,9725,220,18,238,0,1
reference,hit,9725,321,534,855,0,1
reference,miss,9726,208,18,226,0,1
reference,hit,9726,286,492,778,0,1
reference,miss,9727,223,915,1138,0,1
reference,hit,9727,287,1333,1620,0,1
reference,miss,9728,226,19,245,0,1
reference,hit,9728,288,491,779,0,1
reference,miss,9729,221,17,238,0,1
reference,hit,9729,293,484,777,0,1
reference,miss,9730,207,17,224,0,1
reference,hit,9730,287,495,782,0,1
reference,miss,9731,220,17,237,0,1
reference,hit,9731,292,486,778,0,1
reference,miss,9732,230,18,248,0,1
reference,hit,9732,297,538,835,0,1
reference,miss,9733,220,18,238,0,1
reference,hit,9733,290,501,791,0,1
reference,miss,9734,207,18,225,0,1
reference,hit,9734,285,500,785,0,1
reference,miss,9735,222,18,240,0,1
reference,hit,9735,293,499,792,0,1
reference,miss,9736,206,17,223,0,1
reference,hit,9736,286,492,778,0,1
reference,miss,9737,217,18,235,0,1
reference,hit,9737,286,482,768,0,1
reference,miss,9738,204,17,221,0,1
reference,hit,9738,291,481,772,0,1
reference,miss,9739,220,17,237,0,1
reference,hit,9739,289,489,778,0,1
reference,miss,9740,212,18,230,0,1
reference,hit,9740,283,493,776,0,1
reference,miss,9741,221,17,238,0,1
reference,hit,9741,291,524,815,0,1
reference,miss,9742,209,17,226,0,1
reference,hit,9742,283,488,771,0,1
reference,miss,9743,222,18,240,0,1
reference,hit,9743,287,492,779,0,1
reference,miss,9744,208,19,227,0,1
reference,hit,9744,285,509,794,0,1
reference,miss,9745,221,18,239,0,1
reference,hit,9745,293,498,791,0,1
reference,miss,9746,205,18,223,0,1
reference,hit,9746,287,497,784,0,1
reference,miss,9747,220,17,237,0,1
reference,hit,9747,292,500,792,0,1
reference,miss,9748,203,17,220,0,1
reference,hit,9748,281,485,766,0,1
reference,miss,9749,222,18,240,0,1
reference,hit,9749,294,508,802,0,1
reference,miss,9750,211,18,229,0,1
reference,hit,9750,281,486,767,0,1
reference,miss,9751,221,19,240,0,1
reference,hit,9751,293,490,783,0,1
reference,miss,9752,208,19,227,0,1
reference,hit,9752,286,489,775,0,1
reference,miss,9753,224,18,242,0,1
reference,hit,9753,293,492,785,0,1
reference,miss,9754,208,18,226,0,1
reference,hit,9754,286,478,764,0,1
reference,miss,9755,221,19,240,0,1
reference,hit,9755,293,501,794,0,1
reference,miss,9756,206,18,224,0,1
reference,hit,9756,287,485,772,0,1
reference,miss,9757,217,17,234,0,1
reference,hit,9757,286,482,768,0,1
reference,miss,9758,204,17,221,0,1
reference,hit,9758,289,480,769,0,1
reference,miss,9759,221,17,238,0,1
reference,hit,9759,293,496,789,0,1
reference,miss,9760,209,18,227,0,1
reference,hit,9760,280,485,765,0,1
reference,miss,9761,216,18,234,0,1
reference,hit,9761,289,486,775,0,1
reference,miss,9762,208,18,226,0,1
reference,hit,9762,282,484,766,0,1
reference,miss,9763,214,18,232,0,1
reference,hit,9763,286,492,778,0,1
reference,miss,9764,200,18,218,0,1
reference,hit,9764,285,484,769,0,1
reference,miss,9765,221,18,239,0,1
reference,hit,9765,286,491,777,0,1
reference,miss,9766,210,17,227,0,1
reference,hit,9766,291,504,795,0,1
reference,miss,9767,220,17,237,0,1
reference,hit,9767,282,496,778,0,1
reference,miss,9768,212,17,229,0,1
reference,hit,9768,599,506,1105,0,1
reference,miss,9769,217,17,234,0,1
reference,hit,9769,285,497,782,0,1
reference,miss,9770,205,18,223,0,1
reference,hit,9770,286,483,769,0,1
reference,miss,9771,221,18,239,0,1
reference,hit,9771,287,486,773,0,1
reference,miss,9772,206,17,223,0,1
reference,hit,9772,285,484,769,0,1
reference,miss,9773,221,16,237,0,1
reference,hit,9773,283,483,766,0,1
reference,miss,9774,210,18,228,0,1
reference,hit,9774,285,486,771,0,1
reference,miss,9775,215,19,234,0,1
reference,hit,9775,284,492,776,0,1
reference,miss,9776,208,17,225,0,1
reference,hit,9776,280,497,777,0,1
reference,miss,9777,219,18,237,0,1
reference,hit,9777,288,515,803,0,1
reference,miss,9778,209,19,228,0,1
reference,hit,9778,283,510,793,0,1
reference,miss,9779,223,18,241,0,1
reference,hit,9779,290,493,783,0,1
reference,miss,9780,210,18,228,0,1
reference,hit,9780,285,495,780,0,1
reference,miss,9781,223,19,242,0,1
reference,hit,9781,289,483,772,0,1
reference,miss,9782,212,18,230,0,1
reference,hit,9782,288,488,776,0,1
reference,miss,9783,220,18,238,0,1
reference,hit,9783,287,501,788,0,1
reference,miss,9784,203,17,220,0,1
reference,hit,9784,286,493,779,0,1
reference,miss,9785,217,18,235,0,1
reference,hit,9785,285,489,774,0,1
reference,miss,9786,209,16,225,0,1
reference,hit,9786,287,503,790,0,1
reference,miss,9787,220,18,238,0,1
reference,hit,9787,285,506,791,0,1
reference,miss,9788,208,18,226,0,1
reference,hit,9788,287,494,781,0,1
reference,miss,9789,215,19,234,0,1
reference,hit,9789,283,502,785,0,1
reference,miss,9790,204,19,223,0,1
reference,hit,9790,309,549,858,0,1
reference,miss,9791,216,19,235,0,1
reference,hit,9791,289,498,787,0,1
reference,miss,9792,204,17,221,0,1
reference,hit,9792,280,503,783,0,1
reference,miss,9793,214,18,232,0,1
reference,hit,9793,281,485,766,0,1
reference,miss,9794,202,18,220,0,1
reference,hit,9794,287,490,777,0,1
reference,miss,9795,221,17,238,0,1
reference,hit,9795,288,484,772,0,1
reference,miss,9796,211,18,229,0,1
reference,hit,9796,285,499,784,0,1
reference,miss,9797,218,19,237,0,1
reference,hit,9797,287,501,788,0,1
reference,miss,9798,208,18,226,0,1
reference,hit,9798,286,496,782,0,1
reference,miss,9799,221,17,238,0,1
reference,hit,9799,288,500,788,0,1
reference,miss,9800,206,18,224,0,1
reference,hit,9800,285,498,783,0,1
reference,miss,9801,215,19,234,0,1
reference,hit,9801,285,526,811,0,1
reference,miss,9802,204,18,222,0,1
reference,hit,9802,283,496,779,0,1
reference,miss,9803,220,18,238,0,1
reference,hit,9803,287,510,797,0,1
reference,miss,9804,207,18,225,0,1
reference,hit,9804,290,483,773,0,1
reference,miss,9805,217,18,235,0,1
reference,hit,9805,285,500,785,0,1
reference,miss,9806,210,18,228,0,1
reference,hit,9806,283,499,782,0,1
reference,miss,9807,224,17,241,0,1
reference,hit,9807,281,504,785,0,1
reference,miss,9808,206,17,223,0,1
reference,hit,9808,286,481,767,0,1
reference,miss,9809,217,18,235,0,1
reference,hit,9809,278,491,769,0,1
reference,miss,9810,207,18,225,0,1
reference,hit,9810,285,489,774,0,1
reference,miss,9811,216,18,234,0,1
reference,hit,9811,282,500,782,0,1
reference,miss,9812,203,18,221,0,1
reference,hit,9812,289,482,771,0,1
reference,miss,9813,217,17,234,0,1
reference,hit,9813,287,486,773,0,1
reference,miss,9814,209,17,226,0,1
reference,hit,9814,286,489,775,0,1
reference,miss,9815,220,17,237,0,1
reference,hit,9815,289,479,768,0,1
reference,miss,9816,209,18,227,0,1
reference,hit,9816,286,486,772,0,1
reference,miss,9817,221,19,240,0,1
reference,hit,9817,287,492,779,0,1
reference,miss,9818,212,19,231,0,1
reference,hit,9818,291,477,768,0,1
reference,miss,9819,214,18,232,0,1
reference,hit,9819,285,491,776,0,1
reference,miss,9820,206,19,225,0,1
reference,hit,9820,289,490,779,0,1
reference,miss,9821,224,17,241,0,1
reference,hit,9821,287,521,808,0,1
reference,miss,9822,206,19,225,0,1
reference,hit,9822,288,485,773,0,1
reference,miss,9823,221,17,238,0,1
reference,hit,9823,293,492,785,0,1
reference,miss,9824,206,18,224,0,1
reference,hit,9824,284,487,771,0,1
reference,miss,9825,218,18,236,0,1
reference,hit,9825,290,494,784,0,1
reference,miss,9826,211,17,228,0,1
reference,hit,9826,285,496,781,0,1
reference,miss,9827,218,19,237,0,1
reference,hit,9827,283,522,805,0,1
reference,miss,9828,202,17,219,0,1
reference,hit,9828,287,489,776,0,1
reference,miss,9829,220,19,239,0,1
reference,hit,9829,286,498,784,0,1
reference,miss,9830,207,976,1183,0,1
reference,hit,9830,295,1195,1490,0,1
reference,miss,9831,216,17,233,0,1
reference,hit,9831,363,497,860,0,1
reference,miss,9832,201,18,219,0,1
reference,hit,9832,285,494,779,0,1
reference,miss,9833,216,18,234,0,1
reference,hit,9833,287,495,782,0,1
reference,miss,9834,204,18,222,0,1
reference,hit,9834,285,555,840,0,1
reference,miss,9835,217,18,235,0,1
reference,hit,9835,286,489,775,0,1
reference,miss,9836,209,18,227,0,1
reference,hit,9836,277,498,775,0,1
reference,miss,9837,218,17,235,0,1
reference,hit,9837,288,483,771,0,1
reference,miss,9838,203,17,220,0,1
reference,hit,9838,282,490,772,0,1
reference,miss,9839,223,18,241,0,1
reference,hit,9839,290,493,783,0,1
reference,miss,9840,208,16,224,0,1
reference,hit,9840,280,497,777,0,1
reference,miss,9841,218,18,236,0,1
reference,hit,9841,290,488,778,0,1
reference,miss,9842,204,18,222,0,1
reference,hit,9842,286,553,839,0,1
reference,miss,9843,217,18,235,0,1
reference,hit,9843,285,504,789,0,1
reference,miss,9844,207,17,224,0,1
reference,hit,9844,283,497,780,0,1
reference,miss,9845,217,18,235,0,1
reference,hit,9845,285,497,782,0,1
reference,miss,9846,203,17,220,0,1
reference,hit,9846,315,578,893,0,1
reference,miss,9847,218,17,235,0,1
reference,hit,9847,288,516,804,0,1
reference,miss,9848,204,17,221,0,1
reference,hit,9848,285,489,774,0,1
reference,miss,9849,216,19,235,0,1
reference,hit,9849,280,493,773,0,1
reference,miss,9850,207,18,225,0,1
reference,hit,9850,284,508,792,0,1
reference,miss,9851,216,18,234,0,1
reference,hit,9851,282,487,769,0,1
reference,miss,9852,207,18,225,0,1
reference,hit,9852,283,488,771,0,1
reference,miss,9853,219,18,237,0,1
reference,hit,9853,288,494,782,0,1
reference,miss,9854,212,18,230,0,1
reference,hit,9854,286,508,794,0,1
reference,miss,9855,218,18,236,0,1
reference,hit,9855,289,487,776,0,1
reference,miss,9856,209,17,226,0,1
reference,hit,9856,282,481,763,0,1
reference,miss,9857,221,18,239,0,1
reference,hit,9857,288,488,776,0,1
reference,miss,9858,210,19,229,0,1
reference,hit,9858,277,498,775,0,1
reference,miss,9859,220,18,238,0,1
reference,hit,9859,287,516,803,0,1
reference,miss,9860,206,18,224,0,1
reference,hit,9860,283,484,767,0,1
reference,miss,9861,222,18,240,0,1
reference,hit,9861,288,495,783,0,1
reference,miss,9862,210,18,228,0,1
reference,hit,9862,289,487,776,0,1
reference,miss,9863,221,17,238,0,1
reference,hit,9863,288,490,778,0,1
reference,miss,9864,209,18,227,0,1
reference,hit,9864,288,496,784,0,1
reference,miss,9865,222,18,240,0,1
reference,hit,9865,282,494,776,0,1
reference,miss,9866,211,17,228,0,1
reference,hit,9866,280,499,779,0,1
reference,miss,9867,222,17,239,0,1
reference,hit,9867,283,485,768,0,1
reference,miss,9868,207,18,225,0,1
reference,hit,9868,281,487,768,0,1
reference,miss,9869,221,17,238,0,1
reference,hit,9869,289,532,821,0,1
reference,miss,9870,206,17,223,0,1
reference,hit,9870,282,490,772,0,1
reference,miss,9871,215,17,232,0,1
reference,hit,9871,287,496,783,0,1
reference,miss,9872,208,18,226,0,1
reference,hit,9872,279,483,762,0,1
reference,miss,9873,223,17,240,0,1
reference,hit,9873,289,482,771,0,1
reference,miss,9874,208,18,226,0,1
reference,hit,9874,287,484,771,0,1
reference,miss,9875,222,18,240,0,1
reference,hit,9875,282,495,777,0,1
reference,miss,9876,208,18,226,0,1
reference,hit,9876,280,484,764,0,1
reference,miss,9877,217,20,237,0,1
reference,hit,9877,286,483,769,0,1
reference,miss,9878,205,17,222,0,1
reference,hit,9878,284,477,761,0,1
reference,miss,9879,222,20,242,0,1
reference,hit,9879,280,489,769,0,1
reference,miss,9880,208,17,225,0,1
reference,hit,9880,283,488,771,0,1
reference,miss,9881,222,18,240,0,1
reference,hit,9881,284,493,777,0,1
reference,miss,9882,212,18,230,0,1
reference,hit,9882,286,486,772,0,1
reference,miss,9883,218,17,235,0,1
reference,hit,9883,291,522,813,0,1
reference,miss,9884,202,17,219,0,1
reference,hit,9884,286,482,768,0,1
reference,miss,9885,219,18,237,0,1
reference,hit,9885,283,489,772,0,1
reference,miss,9886,213,18,231,0,1
reference,hit,9886,285,520,805,0,1
reference,miss,9887,215,18,233,0,1
reference,hit,9887,290,485,775,0,1
reference,miss,9888,206,19,225,0,1
reference,hit,9888,282,486,768,0,1
reference,miss,9889,222,19,241,0,1
reference,hit,9889,281,487,768,0,1
reference,miss,9890,206,18,224,0,1
reference,hit,9890,281,482,763,0,1
reference,miss,9891,220,19,239,0,1
reference,hit,9891,287,510,797,0,1
reference,miss,9892,207,18,225,0,1
reference,hit,9892,285,481,766,0,1
reference,miss,9893,218,19,237,0,1
reference,hit,9893,287,494,781,0,1
reference,miss,9894,206,18,224,0,1
reference,hit,9894,284,505,789,0,1
reference,miss,9895,218,18,236,0,1
reference,hit,9895,281,498,779,0,1
reference,miss,9896,206,16,222,0,1
reference,hit,9896,283,480,763,0,1
reference,miss,9897,215,18,233,0,1
reference,hit,9897,283,491,774,0,1
reference,miss,9898,206,17,223,0,1
reference,hit,9898,280,492,772,0,1
reference,miss,9899,216,18,234,0,1
reference,hit,9899,286,510,796,0,1
reference,miss,9900,204,17,221,0,1
reference,hit,9900,286,492,778,0,1
reference,miss,9901,216,17,233,0,1
reference,hit,9901,287,494,781,0,1
reference,miss,9902,205,18,223,0,1
reference,hit,9902,286,522,808,0,1
reference,miss,9903,226,18,244,0,1
reference,hit,9903,300,533,833,0,1
reference,miss,9904,208,18,226,0,1
reference,hit,9904,291,496,787,0,1
reference,miss,9905,226,18,244,0,1
reference,hit,9905,293,493,786,0,1
reference,miss,9906,214,18,232,0,1
reference,hit,9906,292,492,784,0,1
reference,miss,9907,219,18,237,0,1
reference,hit,9907,290,486,776,0,1
reference,miss,9908,205,18,223,0,1
reference,hit,9908,292,512,804,0,1
reference,miss,9909,226,18,244,0,1
reference,hit,9909,290,506,796,0,1
reference,miss,9910,208,17,225,0,1
reference,hit,9910,290,493,783,0,1
reference,miss,9911,269,19,288,0,1
reference,hit,9911,289,498,787,0,1
reference,miss,9912,300,21,321,0,1
reference,hit,9912,321,607,928,0,1
reference,miss,9913,221,18,239,0,1
reference,hit,9913,301,508,809,0,1
reference,miss,9914,210,18,228,0,1
reference,hit,9914,289,522,811,0,1
reference,miss,9915,222,17,239,0,1
reference,hit,9915,290,502,792,0,1
reference,miss,9916,209,18,227,0,1
reference,hit,9916,291,503,794,0,1
reference,miss,9917,225,17,242,0,1
reference,hit,9917,290,492,782,0,1
reference,miss,9918,207,19,226,0,1
reference,hit,9918,299,524,823,0,1
reference,miss,9919,223,17,240,0,1
reference,hit,9919,298,495,793,0,1
reference,miss,9920,207,19,226,0,1
reference,hit,9920,288,489,777,0,1
reference,miss,9921,219,17,236,0,1
reference,hit,9921,287,492,779,0,1
reference,miss,9922,208,17,225,0,1
reference,hit,9922,289,485,774,0,1
reference,miss,9923,220,18,238,0,1
reference,hit,9923,289,479,768,0,1
reference,miss,9924,211,17,228,0,1
reference,hit,9924,289,502,791,0,1
reference,miss,9925,222,18,240,0,1
reference,hit,9925,291,501,792,0,1
reference,miss,9926,205,17,222,0,1
reference,hit,9926,286,486,772,0,1
reference,miss,9927,220,18,238,0,1
reference,hit,9927,294,491,785,0,1
reference,miss,9928,212,17,229,0,1
reference,hit,9928,291,489,780,0,1
reference,miss,9929,219,18,237,0,1
reference,hit,9929,290,508,798,0,1
reference,miss,9930,209,18,227,0,1
reference,hit,9930,288,484,772,0,1
reference,miss,9931,223,18,241,0,1
reference,hit,9931,291,493,784,0,1
reference,miss,9932,205,1043,1248,0,1
reference,hit,9932,316,1245,1561,0,1
reference,miss,9933,221,19,240,0,1
reference,hit,9933,301,495,796,0,1
reference,miss,9934,204,18,222,0,1
reference,hit,9934,294,506,800,0,1
reference,miss,9935,224,18,242,0,1
reference,hit,9935,293,494,787,0,1
reference,miss,9936,211,17,228,0,1
reference,hit,9936,291,496,787,0,1
reference,miss,9937,223,18,241,0,1
reference,hit,9937,292,501,793,0,1
reference,miss,9938,212,17,229,0,1
reference,hit,9938,293,501,794,0,1
reference,miss,9939,215,18,233,0,1
reference,hit,9939,289,526,815,0,1
reference,miss,9940,208,17,225,0,1
reference,hit,9940,289,486,775,0,1
reference,miss,9941,220,19,239,0,1
reference,hit,9941,293,485,778,0,1
reference,miss,9942,204,18,222,0,1
reference,hit,9942,291,493,784,0,1
reference,miss,9943,220,17,237,0,1
reference,hit,9943,293,495,788,0,1
reference,miss,9944,204,19,223,0,1
reference,hit,9944,294,482,776,0,1
reference,miss,9945,217,17,234,0,1
reference,hit,9945,288,490,778,0,1
reference,miss,9946,208,18,226,0,1
reference,hit,9946,293,486,779,0,1
reference,miss,9947,221,18,239,0,1
reference,hit,9947,287,509,796,0,1
reference,miss,9948,205,18,223,0,1
reference,hit,9948,291,492,783,0,1
reference,miss,9949,218,17,235,0,1
reference,hit,9949,292,500,792,0,1
reference,miss,9950,202,18,220,0,1
reference,hit,9950,291,537,828,0,1
reference,miss,9951,219,19,238,0,1
reference,hit,9951,290,480,770,0,1
reference,miss,9952,207,18,225,0,1
reference,hit,9952,290,493,783,0,1
reference,miss,9953,227,18,245,0,1
reference,hit,9953,333,571,904,0,1
reference,miss,9954,214,18,232,0,1
reference,hit,9954,290,490,780,0,1
reference,miss,9955,223,18,241,0,1
reference,hit,9955,285,513,798,0,1
reference,miss,9956,209,18,227,0,1
reference,hit,9956,289,481,770,0,1
reference,miss,9957,222,18,240,0,1
reference,hit,9957,284,559,843,0,1
reference,miss,9958,208,19,227,0,1
reference,hit,9958,287,479,766,0,1
reference,miss,9959,221,17,238,0,1
reference,hit,9959,275,493,768,0,1
reference,miss,9960,206,18,224,0,1
reference,hit,9960,313,573,886,0,1
reference,miss,9961,220,18,238,0,1
reference,hit,9961,278,499,777,0,1
reference,miss,9962,209,18,227,0,1
reference,hit,9962,278,474,752,0,1
reference,miss,9963,222,18,240,0,1
reference,hit,9963,280,498,778,0,1
reference,miss,9964,207,18,225,0,1
reference,hit,9964,279,486,765,0,1
reference,miss,9965,216,18,234,0,1
reference,hit,9965,277,500,777,0,1
reference,miss,9966,208,18,226,0,1
reference,hit,9966,269,503,772,0,1
reference,miss,9967,223,17,240,0,1
reference,hit,9967,273,489,762,0,1
reference,miss,9968,210,18,228,0,1
reference,hit,9968,283,511,794,0,1
reference,miss,9969,216,19,235,0,1
reference,hit,9969,275,492,767,0,1
reference,miss,9970,201,17,218,0,1
reference,hit,9970,278,498,776,0,1
reference,miss,9971,220,18,238,0,1
reference,hit,9971,278,492,770,0,1
reference,miss,9972,209,17,226,0,1
reference,hit,9972,284,509,793,0,1
reference,miss,9973,220,18,238,0,1
reference,hit,9973,277,484,761,0,1
reference,miss,9974,211,17,228,0,1
reference,hit,9974,280,530,810,0,1
reference,miss,9975,215,18,233,0,1
reference,hit,9975,276,489,765,0,1
reference,miss,9976,206,18,224,0,1
reference,hit,9976,271,491,762,0,1
reference,miss,9977,218,17,235,0,1
reference,hit,9977,273,490,763,0,1
reference,miss,9978,206,18,224,0,1
reference,hit,9978,284,503,787,0,1
reference,miss,9979,215,18,233,0,1
reference,hit,9979,274,495,769,0,1
reference,miss,9980,208,18,226,0,1
reference,hit,9980,276,485,761,0,1
reference,miss,9981,218,19,237,0,1
reference,hit,9981,276,490,766,0,1
reference,miss,9982,204,17,221,0,1
reference,hit,9982,285,483,768,0,1
reference,miss,9983,217,18,235,0,1
reference,hit,9983,285,514,799,0,1
reference,miss,9984,206,18,224,0,1
reference,hit,9984,281,497,778,0,1
reference,miss,9985,218,17,235,0,1
reference,hit,9985,275,491,766,0,1
reference,miss,9986,202,18,220,0,1
reference,hit,9986,286,503,789,0,1
reference,miss,9987,215,19,234,0,1
reference,hit,9987,275,490,765,0,1
reference,miss,9988,204,18,222,0,1
reference,hit,9988,284,493,777,0,1
reference,miss,9989,218,18,236,0,1
reference,hit,9989,282,498,780,0,1
reference,miss,9990,208,18,226,0,1
reference,hit,9990,284,499,783,0,1
reference,miss,9991,213,19,232,0,1
reference,hit,9991,279,484,763,0,1
reference,miss,9992,200,18,218,0,1
reference,hit,9992,284,487,771,0,1
reference,miss,9993,216,18,234,0,1
reference,hit,9993,278,488,766,0,1
reference,miss,9994,204,18,222,0,1
reference,hit,9994,285,502,787,0,1
reference,miss,9995,214,18,232,0,1
reference,hit,9995,274,490,764,0,1
reference,miss,9996,199,19,218,0,1
reference,hit,9996,284,495,779,0,1
reference,miss,9997,216,18,234,0,1
reference,hit,9997,274,498,772,0,1
reference,miss,9998,208,17,225,0,1
reference,hit,9998,284,491,775,0,1
reference,miss,9999,216,18,234,0,1
reference,hit,9999,278,483,761,0,1
