trial_id,event_start_ns,event,error
1,443476422378,0,0
2,443481947614,1,0
3,443487455062,1,0
4,443492518984,1,0
5,443497617118,1,0
6,443502654015,1,0
7,443507673974,1,0
8,443512708628,1,0
9,443517730367,0,0
10,443523245771,0,0
11,443528716244,1,0
12,443533741925,1,0
13,443539038123,1,0
14,443544266409,0,0
15,443550036128,1,0
16,443555122933,0,0
17,443560780426,0,0
18,443566289402,1,0
19,443571441749,1,0
20,443576511304,0,0
21,443582034152,0,0
22,443587823841,0,0
23,443593608958,1,0
24,443598718395,0,0
25,443604448890,0,0
26,443609997108,0,0
27,443615564470,0,0
28,443621074603,0,0
29,443626542531,1,0
30,443631775453,1,0
31,443636871539,1,0
32,443641986053,1,0
33,443647126844,0,0
34,443652953657,1,0
35,443658128660,1,0
36,443663555649,1,0
37,443668621715,0,0
38,443674350180,0,0
39,443680118034,0,0
40,443685685242,1,0
41,443690983822,1,0
42,443696463093,0,0
43,443702132708,0,0
44,443707704560,0,0
45,443713544691,1,0
46,443718750731,0,0
47,443724450151,0,0
48,443730167264,1,0
49,443735278105,0,0
50,443741116992,0,0
51,443746591346,0,0
52,443752433255,1,0
53,443757754559,1,0
54,443763123902,0,0
55,443768661568,0,0
56,443774295583,0,0
57,443779901907,0,0
58,443785505655,0,0
59,443791188103,1,0
60,443796378857,0,0
61,443801924957,0,0
62,443807707326,0,0
63,443813288995,1,0
64,443818553369,1,0
65,443823696901,1,0
66,443828726054,1,0
67,443833871883,1,0
68,443839050283,1,0
69,443844221730,1,0
70,443849386125,0,0
71,443855154223,0,0
72,443860789192,1,0
73,443865835484,0,0
74,443871496717,0,0
75,443877125210,1,0
76,443882237629,1,0
77,443887288821,0,0
78,443892865984,1,0
79,443897890139,0,0
80,443903311892,1,0
81,443908493935,0,0
82,443914228123,0,0
83,443920035476,0,0
84,443925944925,0,0
85,443931669127,0,0
86,443937140518,0,0
87,443942884823,0,0
88,443948521389,1,0
89,443953719473,0,0
90,443959298058,1,0
91,443964455057,1,0
92,443969604403,0,0
93,443975066096,0,0
94,443980521558,0,0
95,443986117378,0,0
96,443991678038,0,0
97,443997009209,1,0
98,444002009165,0,0
99,444007635773,1,0
100,444012669354,1,0
101,444017749103,1,0
102,444022843179,1,0
103,444028046159,0,0
104,444033490453,1,0
105,444038531221,1,0
106,444043712343,0,0
107,444049576898,1,0
108,444055041662,1,0
109,444060184893,1,0
110,444065413638,1,0
111,444070860057,0,0
112,444076670822,0,0
113,444082230419,0,0
114,444087664851,1,0
115,444092732732,1,0
116,444097779995,1,0
117,444102821254,0,0
118,444108422293,1,0
119,444113793752,1,0
120,444118822585,0,0
121,444124519924,0,0
122,444130388002,1,0
123,444135598073,0,0
124,444141108794,0,0
125,444146651081,0,0
126,444152286821,1,0
127,444157513885,1,0
128,444162927387,1,0
129,444167943886,0,0
130,444173314044,1,0
131,444178621762,1,0
132,444183777072,1,0
133,444188983906,1,0
134,444194048516,0,0
135,444199470269,0,0
136,444205066100,1,0
137,444210106013,0,0
138,444215836733,1,0
139,444220967973,0,0
140,444226368388,1,0
141,444231553576,1,0
142,444236736394,0,0
143,444242552242,0,0
144,444248232251,1,0
145,444253255095,0,0
146,444258533073,1,0
147,444263583107,0,0
148,444268977849,0,0
149,444274451552,0,0
150,444279810331,1,0
151,444285102869,1,0
152,444290128877,1,0
153,444295156061,1,0
154,444300179582,1,0
155,444305206752,1,0
156,444310207356,1,0
157,444315198496,1,0
158,444320204638,1,0
159,444325245434,1,0
160,444330255029,0,0
161,444335548507,1,0
162,444340639340,0,0
163,444345956102,1,0
164,444351123133,0,0
165,444356422368,1,0
166,444362321344,1,0
167,444367517504,0,0
168,444373124149,1,0
169,444378209588,1,0
170,444386736442,1,0
171,444393145156,0,0
172,444399125993,1,0
173,444404913594,1,0
174,444410054294,0,0
175,444415457046,0,0
176,444421064422,1,0
177,444426127783,1,0
178,444431211096,0,0
179,444436770621,0,0
180,444442266858,1,0
181,444447454635,1,0
182,444452629584,1,0
183,444458368149,0,0
184,444464260834,1,0
185,444469448199,0,0
186,444475103034,1,0
187,444480189907,0,0
188,444485652240,0,0
189,444491130838,0,0
190,444496410352,1,0
191,444501665324,1,0
192,444506765549,1,0
193,444512088016,0,0
194,444518230724,0,0
195,444524168477,0,0
196,444531179514,1,0
197,444536328109,0,0
198,444542026451,1,0
199,444547231351,1,0
200,444553145993,0,0
201,444558588339,0,0
202,444564125310,1,0
203,444569118893,0,0
204,444574756516,0,0
205,444580685040,0,0
206,444586011428,0,0
207,444591393636,1,0
208,444596393631,1,0
209,444601449240,0,0
210,444606995539,0,0
211,444612512755,1,0
212,444617854111,0,0
213,444623263916,1,0
214,444628700193,0,0
215,444634099421,1,0
216,444639078104,0,0
217,444645403737,0,0
218,444650913437,0,0
219,444656266364,1,0
220,444661263947,1,0
221,444666257073,0,0
222,444671738378,0,0
223,444677359724,1,0
224,444682351515,0,0
225,444687715047,0,0
226,444694538476,0,0
227,444699888094,0,0
228,444705227002,1,0
229,444710248423,0,0
230,444715672634,0,0
231,444721008295,1,0
232,444726009685,1,0
233,444731007621,0,0
234,444736454096,0,0
235,444741826926,0,0
236,444747199050,1,0
237,444752184120,0,0
238,444757743035,1,0
239,444762833270,0,0
240,444768117840,1,0
241,444773249129,0,0
242,444778792601,0,0
243,444784243028,0,0
244,444789568697,1,0
245,444794610423,1,0
246,444799646639,0,0
247,444805079653,0,0
248,444811323845,1,0
249,444817587215,0,0
250,444826554858,0,0
251,444832135201,0,0
252,444838146312,0,0
253,444844156164,0,0
254,444850149548,0,0
255,444856130879,1,0
256,444862262037,1,0
257,444869158889,0,0
258,444874641531,0,0
259,444880092005,1,0
260,444886134403,0,0
261,444892144321,1,0
262,444897184086,0,0
263,444903095391,1,0
264,444909119516,0,0
265,444914409509,0,0
266,444919840243,1,0
267,444924796829,0,0
268,444930436733,1,0
269,444935577083,0,0
270,444941096222,0,0
271,444947371515,1,0
272,444955023513,1,0
273,444959764283,1,0
274,444966662073,0,0
275,444972553860,1,0
276,444977929630,0,0
277,444983647528,1,0
278,444988945147,0,0
279,444994687679,1,0
280,444999888153,1,0
281,445005032607,1,0
282,445010219539,0,0
283,445015783083,1,0
284,445020905279,0,0
285,445026323005,1,0
286,445031465145,0,0
287,445037040386,0,0
288,445042544460,0,0
289,445048029243,0,0
290,445053564647,1,0
291,445058744146,1,0
292,445063921762,1,0
293,445069032616,1,0
294,445074118751,1,0
295,445079245257,1,0
296,445084303646,0,0
297,445089960407,0,0
298,445095470428,1,0
299,445100538825,0,0
300,445105871534,1,0
301,445111068215,1,0
302,445116158509,1,0
303,445121281424,0,0
304,445126654471,1,0
305,445131772649,1,0
306,445136904629,1,0
307,445142054837,1,0
308,445147196851,0,0
309,445152637853,1,0
310,445157886533,0,0
311,445163485275,1,0
312,445168754006,1,0
313,445173988326,0,0
314,445179688690,1,0
315,445184956648,1,0
316,445190135157,1,0
317,445195498425,1,0
318,445200669961,1,0
319,445205679532,0,0
320,445211441425,0,0
321,445216975197,1,0
322,445222034016,0,0
323,445227524539,1,0
324,445232711510,1,0
325,445237860267,0,0
326,445243314252,1,0
327,445248437733,1,0
328,445253567767,0,0
329,445259020500,0,0
330,445264532546,1,0
331,445269576346,1,0
332,445274713755,1,0
333,445279856144,1,0
334,445284949974,1,0
335,445290087750,0,0
336,445295574515,0,0
337,445301118663,0,0
338,445306538932,1,0
339,445311709951,0,0
340,445317482667,0,0
341,445323065900,0,0
342,445328603366,0,0
343,445334217993,0,0
344,445339767769,1,0
345,445344870539,0,0
346,445350476817,1,0
347,445355712124,1,0
348,445360778480,1,0
349,445365805748,1,0
350,445370862561,0,0
351,445376574549,1,0
352,445381769233,1,0
353,445386858363,0,0
354,445392425664,1,0
355,445397627667,1,0
356,445402800723,1,0
357,445407897480,0,0
358,445413643802,1,0
359,445418724283,1,0
360,445423774551,0,0
361,445429296597,0,0
362,445434947127,0,0
363,445440346474,0,0
364,445445884750,0,0
365,445451424545,0,0
366,445457108105,1,0
367,445462524707,1,0
368,445467740776,0,0
369,445473566889,1,0
370,445478835389,0,0
371,445484627618,0,0
372,445490590116,0,0
373,445496196175,0,0
374,445501771535,0,0
375,445507309862,0,0
376,445512914314,0,0
377,445518372080,0,0
378,445523950125,1,0
379,445529339189,0,0
380,445535341701,0,0
381,445541100335,0,0
382,445546811864,1,0
383,445552019555,1,0
384,445557118713,0,0
385,445562682998,1,0
386,445567758931,0,0
387,445573313492,1,0
388,445578508483,1,0
389,445583670753,0,0
390,445589421937,1,0
391,445594644486,1,0
392,445599725050,0,0
393,445605317035,1,0
394,445610536022,1,0
395,445615566995,1,0
396,445620763177,0,0
397,445626339154,1,0
398,445631542734,1,0
399,445636628926,0,0
400,445642111521,1,0
401,445647188293,1,0
402,445652383747,1,0
403,445657484468,1,0
404,445662603105,0,0
405,445668249713,1,0
406,445673229587,0,0
407,445678780029,0,0
408,445684535829,1,0
409,445689727145,0,0
410,445695370054,1,0
411,445700498665,0,0
412,445705950653,0,0
413,445711260382,0,0
414,445716800709,1,0
415,445721930346,1,0
416,445727017273,1,0
417,445732530416,1,0
418,445737561702,0,0
419,445743158072,0,0
420,445748739294,0,0
421,445754202331,0,0
422,445759526589,1,0
423,445764585649,1,0
424,445769610878,1,0
425,445774661773,1,0
426,445779698336,1,0
427,445784791436,0,0
428,445790398111,1,0
429,445795573342,1,0
430,445800773178,1,0
431,445805968066,0,0
432,445811421389,1,0
433,445816542851,0,0
434,445822026059,0,0
435,445827746333,0,0
436,445833671349,0,0
437,445839328617,1,0
438,445844652442,0,0
439,445850442193,1,0
440,445855539332,0,0
441,445860972569,0,0
442,445866509463,0,0
443,445872130752,1,0
444,445877297385,1,0
445,445882549236,1,0
446,445887727993,0,0
447,445893266440,1,0
448,445898663275,1,0
449,445903763337,1,0
450,445908845182,1,0
451,445913901174,1,0
452,445919793205,0,0
453,445925513132,0,0
454,445931151013,1,0
455,445936415110,0,0
456,445942041629,1,0
457,445947133349,0,0
458,445952834774,1,0
459,445957888438,1,0
460,445963035895,0,0
461,445968697131,1,0
462,445973888105,1,0
463,445979020228,1,0
464,445984142913,0,0
465,445989939671,1,0
466,445995206798,1,0
467,446000531939,0,0
468,446005969393,1,0
469,446011083927,1,0
470,446015991174,1,0
471,446021024577,0,0
472,446026786130,1,0
473,446032129854,0,0
474,446037471508,1,0
475,446042692467,0,0
476,446048426706,1,0
477,446053663531,0,0
478,446059381533,0,0
479,446064968742,0,0
480,446070471574,1,0
481,446075681237,1,0
482,446080788497,0,0
483,446086634115,1,0
484,446091885707,0,0
485,446097552378,1,0
486,446102640695,1,0
487,446107782266,1,0
488,446112810277,1,0
489,446117908635,0,0
490,446123696226,1,0
491,446128969339,1,0
492,446133976979,1,0
493,446139120880,1,0
494,446144316983,1,0
495,446149701695,0,0
496,446155272101,1,0
497,446160541029,0,0
498,446166330154,1,0
499,446171522087,0,0
500,446177125638,1,0
501,446182214721,1,0
502,446187284187,0,0
503,446192964316,0,0
504,446198457628,0,0
505,446204182000,1,0
506,446209267390,1,0
507,446214405125,0,0
508,446220128044,1,0
509,446225596505,0,0
510,446231420282,0,0
511,446237387551,1,0
512,446242595761,1,0
513,446247777274,1,0
514,446252853337,1,0
515,446258030490,0,0
516,446263495520,1,0
517,446268692774,0,0
518,446274279221,1,0
519,446279480188,1,0
520,446284716719,1,0
521,446289967510,0,0
522,446295516129,1,0
523,446300763020,1,0
524,446306037683,1,0
525,446311157498,1,0
526,446316249783,1,0
527,446321262281,0,0
528,446326781921,1,0
529,446331783884,0,0
530,446337388157,0,0
531,446342889800,0,0
532,446348384350,0,0
533,446353967184,1,0
534,446358998881,1,0
535,446363985528,0,0
536,446369451269,1,0
537,446374624269,1,0
538,446379818371,1,0
539,446384902094,0,0
540,446390763840,1,0
541,446395851210,0,0
542,446401307100,1,0
543,446406510611,1,0
544,446411715663,1,0
545,446416752898,0,0
546,446422176749,1,0
547,446427305529,0,0
548,446432758384,1,0
549,446437836150,1,0
550,446442811165,1,0
551,446447868133,1,0
552,446452917303,1,0
553,446458195237,1,0
554,446463174599,0,0
555,446468653796,1,0
556,446473692784,1,0
557,446478684723,0,0
558,446484159346,1,0
559,446489264588,0,0
560,446494966168,0,0
561,446500250230,1,0
562,446505247641,0,0
563,446510736394,1,0
564,446516030730,0,0
565,446521481883,0,0
566,446526803841,0,0
567,446532246809,0,0
568,446537644699,0,0
569,446543315889,0,0
570,446549067502,0,0
571,446554522024,0,0
572,446560043835,0,0
573,446565451724,1,0
574,446570564232,1,0
575,446575700719,1,0
576,446580939941,1,0
577,446586116282,0,0
578,446591311942,0,0
579,446596552820,1,0
580,446601608653,0,0
581,446606866658,1,0
582,446612015129,0,0
583,446617510832,0,0
584,446622893927,1,0
585,446627976644,0,0
586,446633568735,0,0
587,446639020011,1,0
588,446644203382,1,0
589,446649271677,1,0
590,446654286933,0,0
591,446659602583,1,0
592,446664639177,1,0
593,446669688352,0,0
594,446675122826,0,0
595,446680604401,1,0
596,446685687325,1,0
597,446690733512,0,0
598,446696098807,0,0
599,446701468818,1,0
600,446706524150,0,0
601,446711939299,0,0
602,446717467494,1,0
603,446722678083,1,0
604,446727777538,1,0
605,446732865019,1,0
606,446737922279,1,0
607,446742997093,1,0
608,446748029811,1,0
609,446753489896,0,0
610,446758973761,0,0
611,446764268799,1,0
612,446769468175,0,0
613,446775113920,0,0
614,446780588039,1,0
615,446785717934,1,0
616,446790766071,1,0
617,446795913126,0,0
618,446801276876,1,0
619,446806342734,1,0
620,446811494694,0,0
621,446816872204,0,0
622,446822342341,1,0
623,446827479750,1,0
624,446832574039,0,0
625,446838263572,0,0
626,446843678364,0,0
627,446849285654,0,0
628,446854781836,1,0
629,446859848300,1,0
630,446864938164,1,0
631,446870262543,1,0
632,446875460492,1,0
633,446880548508,1,0
634,446885701720,0,0
635,446891174790,1,0
636,446896306638,1,0
637,446901649438,0,0
638,446907487409,1,0
639,446912691178,0,0
640,446918308445,0,0
641,446923985416,1,0
642,446929035388,0,0
643,446934532813,0,0
644,446939994073,1,0
645,446945108129,0,0
646,446950867510,0,0
647,446956550605,1,0
648,446961639189,0,0
649,446967031741,0,0
650,446972517504,0,0
651,446978091218,0,0
652,446983750331,1,0
653,446988884495,1,0
654,446993912341,0,0
655,446999591627,0,0
656,447005034450,1,0
657,447010047930,0,0
658,447015702984,1,0
659,447020907769,0,0
660,447026535917,1,0
661,447031685522,0,0
662,447037323716,0,0
663,447042582089,0,0
664,447047892285,0,0
665,447053519513,1,0
666,447059020564,1,0
667,447064107232,0,0
668,447069543681,0,0
669,447075719694,1,0
670,447080871832,1,0
671,447086160021,0,0
672,447091770558,0,0
673,447097478661,0,0
674,447103108825,1,0
675,447108247967,0,0
676,447113663351,0,0
677,447119230230,0,0
678,447124783492,0,0
679,447130348628,0,0
680,447136073226,0,0
681,447141663740,0,0
682,447147351772,1,0
683,447152741900,1,0
684,447158042658,0,0
685,447165823440,1,0
686,447170986949,1,0
687,447176164928,1,0
688,447181297937,1,0
689,447186479372,0,0
690,447192090303,0,0
691,447197875087,0,0
692,447203303272,0,0
693,447209042130,0,0
694,447214520934,0,0
695,447220054441,1,0
696,447225120899,0,0
697,447230594514,1,0
698,447235865333,1,0
699,447240965819,0,0
700,447246887480,1,0
701,447251992285,1,0
702,447257201854,1,0
703,447262616881,1,0
704,447267663656,1,0
705,447272825595,0,0
706,447278512484,0,0
707,447284292409,1,0
708,447289431518,1,0
709,447294562019,1,0
710,447299713524,1,0
711,447304873509,0,0
712,447310291339,1,0
713,447315554410,0,0
714,447321018708,1,0
715,447326191928,0,0
716,447331970868,0,0
717,447337141049,1,0
718,447342208387,1,0
719,447347271932,1,0
720,447352297254,0,0
721,447357703939,0,0
722,447363189009,0,0
723,447368773137,1,0
724,447373888887,1,0
725,447378898497,0,0
726,447384420608,0,0
727,447389823720,0,0
728,447395384068,1,0
729,447400562413,1,0
730,447405720969,1,0
731,447410867202,1,0
732,447415940894,0,0
733,447421501434,0,0
734,447426984578,0,0
735,447432573350,1,0
736,447437625899,1,0
737,447442722236,1,0
738,447447778637,1,0
739,447452877313,1,0
740,447457987376,0,0
741,447463584244,0,0
742,447469116079,0,0
743,447474531676,1,0
744,447479832896,1,0
745,447484812355,1,0
746,447489860998,0,0
747,447495818217,0,0
748,447501672037,1,0
749,447506879258,0,0
750,447512613120,0,0
751,447518532086,0,0
752,447524214106,1,0
753,447529296189,1,0
754,447535766675,0,0
755,447541479890,0,0
756,447547504099,1,0
757,447552933537,0,0
758,447558541731,0,0
759,447564423458,1,0
760,447569704270,1,0
761,447574912269,1,0
762,447579991733,1,0
763,447585020816,0,0
764,447590507542,0,0
765,447596216009,0,0
766,447601678072,1,0
767,447606833316,0,0
768,447612451249,0,0
769,447618097059,1,0
770,447623214286,0,0
771,447628923122,0,0
772,447634697208,0,0
773,447640518031,1,0
774,447645728606,1,0
775,447650913371,1,0
776,447656048902,0,0
777,447661769569,0,0
778,447667449279,0,0
779,447673028753,0,0
780,447678532673,0,0
781,447684161667,0,0
782,447689616744,0,0
783,447695622643,1,0
784,447700738408,1,0
785,447705834729,0,0
786,447711479018,1,0
787,447716755414,0,0
788,447722451848,1,0
789,447727631845,0,0
790,447733249122,0,0
791,447738746765,0,0
792,447744187541,0,0
793,447749663167,0,0
794,447755340362,0,0
795,447761067947,1,0
796,447766164540,0,0
797,447771979281,0,0
798,447777387136,1,0
799,447782609409,1,0
800,447787774664,1,0
801,447792892031,1,0
802,447797952030,1,0
803,447803059145,0,0
804,447808499458,1,0
805,447813687461,0,0
806,447819331396,1,0
807,447824527348,0,0
808,447830025248,1,0
809,447835143433,1,0
810,447840264492,1,0
811,447845312648,1,0
812,447850451897,1,0
813,447855510991,0,0
814,447861024491,1,0
815,447866145101,0,0
816,447871507571,0,0
817,447876903602,0,0
818,447882500856,1,0
819,447887603653,0,0
820,447893104158,1,0
821,447898123885,1,0
822,447903172583,0,0
823,447908565761,0,0
824,447914011939,0,0
825,447919472812,1,0
826,447924584315,0,0
827,447930120219,1,0
828,447935412046,0,0
829,447940883913,0,0
830,447946364078,1,0
831,447951623749,1,0
832,447956924599,0,0
833,447962437671,1,0
834,447967782766,0,0
835,447973263938,0,0
836,447978824119,1,0
837,447983940617,0,0
838,447989504663,1,0
839,447994672963,1,0
840,447999751165,0,0
841,448005244162,1,0
842,448010247476,1,0
843,448015270495,1,0
844,448020306514,1,0
845,448025363265,1,0
846,448030407713,0,0
847,448035890784,0,0
848,448041309586,1,0
849,448046309051,0,0
850,448051775213,0,0
851,448057224888,0,0
852,448062719905,0,0
853,448068221318,1,0
854,448073229690,0,0
855,448078630908,1,0
856,448083668119,1,0
857,448088774175,0,0
858,448094245674,0,0
859,448099681571,1,0
860,448104706074,0,0
861,448110013000,1,0
862,448115087336,1,0
863,448120132147,0,0
864,448125608305,1,0
865,448130815156,0,0
866,448136224297,0,0
867,448141940977,1,0
868,448146926774,0,0
869,448152652581,1,0
870,448157965287,0,0
871,448163445553,0,0
872,448168996603,1,0
873,448174165143,1,0
874,448179231904,1,0
875,448184215506,0,0
876,448189549894,1,0
877,448194682935,1,0
878,448199730441,0,0
879,448205202271,1,0
880,448210293104,0,0
881,448215638168,0,0
882,448220901679,1,0
883,448225956762,0,0
884,448231217595,0,0
885,448236717397,0,0
886,448242010470,0,0
887,448247418420,1,0
888,448252503723,1,0
889,448257586895,1,0
890,448262845851,0,0
891,448268469764,1,0
892,448273614482,0,0
893,448278909383,1,0
894,448284020812,0,0
895,448289429417,0,0
896,448294704707,1,0
897,448300018315,0,0
898,448305659012,0,0
899,448311163958,0,0
900,448316814117,1,0
901,448321982369,1,0
902,448327499512,0,0
903,448333532075,0,0
904,448339059853,0,0
905,448344640117,0,0
906,448350319326,0,0
907,448355984080,0,0
908,448361312591,1,0
909,448366492891,1,0
910,448371748216,1,0
911,448376906728,0,0
912,448382445946,1,0
913,448387755510,1,0
914,448392837483,1,0
915,448397903394,1,0
916,448403034835,0,0
917,448408610474,0,0
918,448414053211,1,0
919,448419465054,0,0
920,448425131533,1,0
921,448430218007,0,0
922,448435712301,1,0
923,448440925508,0,0
924,448446515430,1,0
925,448451670570,1,0
926,448456836707,1,0
927,448461931185,1,0
928,448467109936,1,0
929,448472200782,1,0
930,448477276545,0,0
931,448482635076,1,0
932,448487718999,0,0
933,448493255051,1,0
934,448498324387,0,0
935,448503873989,1,0
936,448508947295,0,0
937,448514374515,0,0
938,448519691643,0,0
939,448525429097,0,0
940,448530825852,1,0
941,448535924916,1,0
942,448541025177,1,0
943,448546511870,1,0
944,448551781258,0,0
945,448557278876,0,0
946,448562747783,1,0
947,448567995334,1,0
948,448573100326,0,0
949,448578530972,0,0
950,448583957243,1,0
951,448589096557,1,0
952,448594271403,1,0
953,448599698604,0,0
954,448605276358,0,0
955,448610705628,0,0
956,448616096507,0,0
957,448621474757,1,0
958,448626628175,1,0
959,448631760788,1,0
960,448636823632,0,0
961,448642294319,1,0
962,448647587590,0,0
963,448652763732,0,0
964,448658020986,0,0
965,448663447789,1,0
966,448668816305,0,0
967,448674524052,1,0
968,448679615639,1,0
969,448684790874,0,0
970,448690410905,0,0
971,448695969138,0,0
972,448702124989,1,0
973,448707536205,1,0
974,448712780385,0,0
975,448718548333,0,0
976,448724662587,1,0
977,448729769035,1,0
978,448735043549,1,0
979,448740181513,1,0
980,448745541183,1,0
981,448750612277,1,0
982,448755678481,0,0
983,448760878749,1,0
984,448765950774,1,0
985,448771021654,0,0
986,448776756942,1,0
987,448781922760,1,0
988,448787135845,0,0
989,448792812311,1,0
990,448797944635,1,0
991,448803298012,1,0
992,448808387768,0,0
993,448813662418,1,0
994,448818729172,0,0
995,448824552905,1,0
996,448829691075,0,0
997,448835529169,0,0
998,448841520508,0,0
999,448847333583,1,0
1000,448852553982,1,0
1001,448857636124,1,0
1002,448862758025,1,0
1003,448867890829,0,0
1004,448873425949,0,0
1005,448878637603,1,0
1006,448883727454,1,0
1007,448888792920,1,0
1008,448893892595,1,0
1009,448898940271,0,0
1010,448904388436,0,0
1011,448909610534,0,0
1012,448914886688,0,0
1013,448920110519,0,0
1014,448925483490,1,0
1015,448930578780,0,0
1016,448936298598,1,0
1017,448941369592,0,0
1018,448946696541,0,0
1019,448952295905,0,0
1020,448957726700,1,0
1021,448963070564,1,0
1022,448968136276,0,0
1023,448973650475,0,0
1024,448979110361,1,0
1025,448984160478,0,0
1026,448989553066,0,0
1027,448995106750,0,0
1028,449000784953,0,0
1029,449006312510,1,0
1030,449011499089,0,0
1031,449017138800,1,0
1032,449022267227,0,0
1033,449027927080,0,0
1034,449033687065,1,0
1035,449038914746,1,0
1036,449044035595,1,0
1037,449049156569,1,0
1038,449054262827,0,0
1039,449059646016,1,0
1040,449064706844,1,0
1041,449069760296,1,0
1042,449074825796,1,0
1043,449079893827,0,0
1044,449085346058,0,0
1045,449091041533,0,0
1046,449096334479,0,0
1047,449101817034,1,0
1048,449107025926,0,0
1049,449112473127,1,0
1050,449117604633,1,0
1051,449122705568,1,0
1052,449127796044,1,0
1053,449132926599,0,0
1054,449138623350,0,0
1055,449144441235,1,0
1056,449149539466,1,0
1057,449154599035,1,0
1058,449159645007,1,0
1059,449164702059,0,0
1060,449170081801,0,0
1061,449175446448,1,0
1062,449180438815,0,0
1063,449185879113,1,0
1064,449190946404,0,0
1065,449196379615,0,0
1066,449201592405,0,0
1067,449207016330,0,0
1068,449212414584,1,0
1069,449217553617,0,0
1070,449223113758,0,0
1071,449228496640,1,0
1072,449233696110,1,0
1073,449238884400,0,0
1074,449244422461,1,0
1075,449249718269,1,0
1076,449255020517,1,0
1077,449260183139,1,0
1078,449265377196,1,0
1079,449270399380,0,0
1080,449275754080,0,0
1081,449281155359,1,0
1082,449286337664,1,0
1083,449291457510,0,0
1084,449296895357,0,0
1085,449302475965,1,0
1086,449307918418,0,0
1087,449313644637,0,0
1088,449319317000,0,0
1089,449324997844,1,0
1090,449330129585,1,0
1091,449335235176,0,0
1092,449340835757,1,0
1093,449346034708,1,0
1094,449351019676,1,0
1095,449356044563,0,0
1096,449361751557,0,0
1097,449367419467,0,0
1098,449372911039,1,0
1099,449377950636,0,0
1100,449383744620,1,0
1101,449388772661,0,0
1102,449394344950,1,0
1103,449399527352,0,0
1104,449405236583,1,0
1105,449410583640,0,0
1106,449416380159,0,0
1107,449422098675,1,0
1108,449427317974,0,0
1109,449433108120,1,0
1110,449438209405,0,0
1111,449443631469,1,0
1112,449449052512,1,0
1113,449454213705,1,0
1114,449459378438,1,0
1115,449464680408,0,0
1116,449470241932,1,0
1117,449475237474,0,0
1118,449480670719,1,0
1119,449485820236,1,0
1120,449490942162,1,0
1121,449496226251,1,0
1122,449501581276,0,0
1123,449507376616,1,0
1124,449512686626,0,0
1125,449518434419,1,0
1126,449523649138,0,0
1127,449529524889,1,0
1128,449534907312,0,0
1129,449540254697,0,0
1130,449546150559,0,0
1131,449551452897,0,0
1132,449557124606,1,0
1133,449562217084,0,0
1134,449567954799,0,0
1135,449573552034,1,0
1136,449578693633,1,0
1137,449583742554,1,0
1138,449588754632,0,0
1139,449594310622,0,0
1140,449600064273,1,0
1141,449605166272,1,0
1142,449610265905,1,0
1143,449615476358,1,0
1144,449620677550,0,0
1145,449626440983,1,0
1146,449631663215,0,0
1147,449637362953,1,0
1148,449642510115,1,0
1149,449647642677,1,0
1150,449652932457,1,0
1151,449657897310,1,0
1152,449662941164,1,0
1153,449668068392,1,0
1154,449673195075,1,0
1155,449678314364,0,0
1156,449684074394,0,0
1157,449689683449,1,0
1158,449694747807,1,0
1159,449699786204,0,0
1160,449705319294,1,0
1161,449710468188,1,0
1162,449715610420,0,0
1163,449721027768,1,0
1164,449726130421,1,0
1165,449731218988,0,0
1166,449736667308,1,0
1167,449741809528,1,0
1168,449746885924,1,0
1169,449751951449,0,0
1170,449757589568,1,0
1171,449762637601,1,0
1172,449767688018,1,0
1173,449772736940,1,0
1174,449777730749,0,0
1175,449783370001,0,0
1176,449789040025,1,0
1177,449793946979,0,0
1178,449799736453,1,0
1179,449804802156,0,0
1180,449810387042,0,0
1181,449816073165,1,0
1182,449821192562,0,0
1183,449826903998,1,0
1184,449831945128,0,0
1185,449837543006,1,0
1186,449842617074,0,0
1187,449848409497,1,0
1188,449853711686,0,0
1189,449859601092,1,0
1190,449864742632,0,0
1191,449870382577,1,0
1192,449875537355,0,0
1193,449881147099,1,0
1194,449886224810,0,0
1195,449891948748,1,0
1196,449896916944,0,0
1197,449902569040,1,0
1198,449907803502,1,0
1199,449912898775,1,0
1200,449917940335,1,0
1201,449922944590,1,0
1202,449927983010,1,0
1203,449933026763,0,0
1204,449938538053,0,0
1205,449943988478,1,0
1206,449949130827,0,0
1207,449954605912,1,0
1208,449959850025,0,0
1209,449965504564,1,0
1210,449970766968,0,0
1211,449976445080,0,0
1212,449981950730,0,0
1213,449987607463,0,0
1214,449993342317,0,0
1215,449998552293,1,0
1216,450003676094,0,0
1217,450009269170,0,0
1218,450014808399,1,0
1219,450019958313,0,0
1220,450025258612,0,0
1221,450030952260,1,0
1222,450035929995,0,0
1223,450041249275,0,0
1224,450046582668,1,0
1225,450052149459,1,0
1226,450057113227,0,0
1227,450063504661,1,0
1228,450068621949,0,0
1229,450074114344,1,0
1230,450079167535,0,0
1231,450084694700,0,0
1232,450090218696,0,0
1233,450095734641,0,0
1234,450101266992,0,0
1235,450106663451,1,0
1236,450111717555,0,0
1237,450117175331,0,0
1238,450122483337,0,0
1239,450127808819,0,0
1240,450133110047,0,0
1241,450138422559,0,0
1242,450144019484,1,0
1243,450150091570,1,0
1244,450155170595,1,0
1245,450160281790,0,0
1246,450165717671,0,0
1247,450171216602,0,0
1248,450176850905,0,0
1249,450182418214,0,0
1250,450188414015,1,0
1251,450193553312,0,0
1252,450199222561,1,0
1253,450204193991,0,0
1254,450209785149,0,0
1255,450214902165,0,0
1256,450220783706,1,0
1257,450226610767,0,0
1258,450231899501,1,0
1259,450236926430,0,0
1260,450243101202,0,0
1261,450248577133,0,0
1262,450254127673,0,0
1263,450259720280,1,0
1264,450264793546,0,0
1265,450270406320,0,0
1266,450276042689,1,0
1267,450280957837,1,0
1268,450286268426,1,0
1269,450291421089,1,0
1270,450296585262,0,0
1271,450302211890,1,0
1272,450307257733,0,0
1273,450312742274,1,0
1274,450317752196,1,0
1275,450322791275,0,0
1276,450328227614,0,0
1277,450333666823,1,0
1278,450338754369,1,0
1279,450343818925,0,0
1280,450349239941,1,0
1281,450354225274,1,0
1282,450359179391,0,0
1283,450364506904,1,0
1284,450369663157,0,0
1285,450375203547,1,0
1286,450380261424,0,0
1287,450385559652,0,0
1288,450390935118,0,0
1289,450396416188,1,0
1290,450401539971,0,0
1291,450407323475,0,0
1292,450413085677,1,0
1293,450418049089,0,0
1294,450423473894,1,0
1295,450428607608,1,0
1296,450433629638,1,0
1297,450438730779,1,0
1298,450443838220,0,0
1299,450449568798,0,0
1300,450455207482,1,0
1301,450460240114,0,0
1302,450465701215,0,0
1303,450471319952,1,0
1304,450476476931,0,0
1305,450482065221,0,0
1306,450487627013,0,0
1307,450493201602,1,0
1308,450498287281,1,0
1309,450503467464,1,0
1310,450508605617,1,0
1311,450513769345,1,0
1312,450518802527,0,0
1313,450524411513,1,0
1314,450529743329,1,0
1315,450534692405,0,0
1316,450540220899,1,0
1317,450545288543,0,0
1318,450551036761,1,0
1319,450556053356,0,0
1320,450561546710,1,0
1321,450566746971,0,0
1322,450572340164,1,0
1323,450577637294,1,0
1324,450582606230,0,0
1325,450588100270,0,0
1326,450593666680,1,0
1327,450598855532,0,0
1328,450604548370,0,0
1329,450610474981,0,0
1330,450616169914,0,0
1331,450621729240,0,0
1332,450627347019,0,0
1333,450633105772,0,0
1334,450638606608,1,0
1335,450643737288,0,0
1336,450649362588,0,0
1337,450655114566,1,0
1338,450660161403,0,0
1339,450665865719,1,0
1340,450670946440,1,0
1341,450676036087,0,0
1342,450681899226,1,0
1343,450687092360,0,0
1344,450692736557,1,0
1345,450697816268,1,0
1346,450702877144,1,0
1347,450707916412,1,0
1348,450712955989,0,0
1349,450718555446,1,0
1350,450723829110,1,0
1351,450728920586,1,0
1352,450734241146,1,0
1353,450739297530,0,0
1354,450744846558,1,0
1355,450749912892,0,0
1356,450755451584,0,0
1357,450760965178,1,0
1358,450766012203,1,0
1359,450771083117,0,0
1360,450776775982,0,0
1361,450782263055,1,0
1362,450787463900,0,0
1363,450793268649,0,0
1364,450798943077,1,0
1365,450804019445,1,0
1366,450809310349,0,0
1367,450815092825,0,0
1368,450820762868,0,0
1369,450826559865,0,0
1370,450832089623,0,0
1371,450837575651,1,0
1372,450842587936,0,0
1373,450848205092,0,0
1374,450853927207,0,0
1375,450859420803,0,0
1376,450864968908,1,0
1377,450870023168,1,0
1378,450875111663,0,0
1379,450880672121,1,0
1380,450885731077,1,0
1381,450890773105,1,0
1382,450895775957,1,0
1383,450900923888,0,0
1384,450906347330,1,0
1385,450911535452,0,0
1386,450917170719,1,0
1387,450922214905,0,0
1388,450927684444,0,0
1389,450933278975,0,0
1390,450938815949,1,0
1391,450943873873,1,0
1392,450948918496,1,0
1393,450954032209,0,0
1394,450959777485,1,0
1395,450964989263,1,0
1396,450970022617,1,0
1397,450975173795,0,0
1398,450980782242,1,0
1399,450985849041,1,0
1400,450990982500,0,0
1401,450996664780,1,0
1402,451001960854,1,0
1403,451006910346,1,0
1404,451012157004,0,0
1405,451017875005,1,0
1406,451023021803,0,0
1407,451028768176,1,0
1408,451033867573,1,0
1409,451038864962,0,0
1410,451044546208,1,0
1411,451049744004,0,0
1412,451055368146,0,0
1413,451060934037,0,0
1414,451066485946,1,0
1415,451071722086,1,0
1416,451076848010,0,0
1417,451082652063,0,0
1418,451088306060,1,0
1419,451093465852,1,0
1420,451098608947,1,0
1421,451103741848,1,0
1422,451108914836,1,0
1423,451113916120,0,0
1424,451119295321,1,0
1425,451124452357,1,0
1426,451129666301,0,0
1427,451135329498,0,0
1428,451140808334,0,0
1429,451146409844,0,0
1430,451152024825,1,0
1431,451157124797,1,0
1432,451162159315,0,0
1433,451167923498,1,0
1434,451173052568,0,0
1435,451178912663,1,0
1436,451184047860,0,0
1437,451189769852,0,0
1438,451195376411,0,0
1439,451200911018,0,0
1440,451206428094,0,0
1441,451212091842,0,0
1442,451217598593,1,0
1443,451222686937,0,0
1444,451228123215,1,0
1445,451233209082,0,0
1446,451238589572,1,0
1447,451243817611,0,0
1448,451249388195,1,0
1449,451254511681,1,0
1450,451259666755,0,0
1451,451265331697,1,0
1452,451270476694,0,0
1453,451276120276,1,0
1454,451281603411,0,0
1455,451287286925,0,0
1456,451292794575,1,0
1457,451297854276,1,0
1458,451302884578,0,0
1459,451308346108,0,0
1460,451314071903,0,0
1461,451319609269,1,0
1462,451324672061,1,0
1463,451329733796,1,0
1464,451334756936,0,0
1465,451340265474,0,0
1466,451345979070,1,0
1467,451351349521,1,0
1468,451356490258,1,0
1469,451361666650,1,0
1470,451366738677,0,0
1471,451372393818,1,0
1472,451377585222,1,0
1473,451382778457,0,0
1474,451388415789,0,0
1475,451393674987,1,0
1476,451398948270,1,0
1477,451404046487,1,0
1478,451409180516,1,0
1479,451414442335,0,0
1480,451420131690,0,0
1481,451425663149,0,0
1482,451431705864,1,0
1483,451436959792,1,0
1484,451442104779,0,0
1485,451447789437,0,0
1486,451453524755,0,0
1487,451459354252,1,0
1488,451464620332,1,0
1489,451469899465,0,0
1490,451475577274,0,0
1491,451481343566,0,0
1492,451487038586,0,0
1493,451492775723,0,0
1494,451498326415,0,0
1495,451504079720,0,0
1496,451509600924,0,0
1497,451515186951,1,0
1498,451520241455,0,0
1499,451525697904,1,0
1500,451530820391,1,0
1501,451536024585,1,0
1502,451541129520,0,0
1503,451546865747,1,0
1504,451551979122,0,0
1505,451557282717,1,0
1506,451562458696,0,0
1507,451568056127,1,0
1508,451572959297,0,0
1509,451578673558,0,0
1510,451584690428,1,0
1511,451589931094,0,0
1512,451595606243,0,0
1513,451601236380,1,0
1514,451606261911,1,0
1515,451611300970,1,0
1516,451616544833,0,0
1517,451622310923,0,0
1518,451627969850,1,0
1519,451633027256,0,0
1520,451638511238,1,0
1521,451643663881,0,0
1522,451649421903,1,0
1523,451654569490,0,0
1524,451660235707,0,0
1525,451665733163,1,0
1526,451670757635,0,0
1527,451676239698,1,0
1528,451681346528,0,0
1529,451687118640,0,0
1530,451692627177,1,0
1531,451697680911,1,0
1532,451702822369,0,0
1533,451708390463,1,0
1534,451713452564,1,0
1535,451718516156,0,0
1536,451724174393,1,0
1537,451729297054,0,0
1538,451734872329,1,0
1539,451739933065,0,0
1540,451745428383,1,0
1541,451750532896,1,0
1542,451755627663,1,0
1543,451760883762,0,0
1544,451766309454,1,0
1545,451771644359,1,0
1546,451776545467,1,0
1547,451781651466,1,0
1548,451786708247,1,0
1549,451791861999,1,0
1550,451796875347,0,0
1551,451802494019,0,0
1552,451808303208,0,0
1553,451813972879,0,0
1554,451819657296,1,0
1555,451824832723,0,0
1556,451830540860,1,0
1557,451835704226,1,0
1558,451840780829,1,0
1559,451845972811,0,0
1560,451851487335,1,0
1561,451856685272,0,0
1562,451862401067,0,0
1563,451868251401,1,0
1564,451873256790,1,0
1565,451878462921,0,0
1566,451883992392,0,0
1567,451889607348,0,0
1568,451895263922,1,0
1569,451900454381,0,0
1570,451906033932,1,0
1571,451911207964,0,0
1572,451916842542,1,0
1573,451921946365,0,0
1574,451927603406,0,0
1575,451933213336,1,0
1576,451938298354,1,0
1577,451943490142,1,0
1578,451948669384,1,0
1579,451953688882,1,0
1580,451958777205,0,0
1581,451964305501,0,0
1582,451970088257,0,0
1583,451975554575,0,0
1584,451981233623,0,0
1585,451987054501,1,0
1586,451991921308,0,0
1587,451997129435,1,0
1588,452002178646,0,0
1589,452008075221,0,0
1590,452013507268,0,0
1591,452019080037,0,0
1592,452024603734,1,0
1593,452029664939,1,0
1594,452034721929,1,0
1595,452039752540,1,0
1596,452044803856,0,0
1597,452050255154,1,0
1598,452055290473,1,0
1599,452060362866,1,0
1600,452065356941,1,0
1601,452070357952,0,0
1602,452075792285,1,0
1603,452080833148,1,0
1604,452085870878,0,0
1605,452091308975,1,0
1606,452096376042,0,0
1607,452101525805,0,0
1608,452107064127,1,0
1609,452112076346,0,0
1610,452117579796,0,0
1611,452123259135,1,0
1612,452128440440,1,0
1613,452133532858,1,0
1614,452138612623,1,0
1615,452143924984,1,0
1616,452149038756,1,0
1617,452154124569,1,0
1618,452159292115,1,0
1619,452164493534,0,0
1620,452170093094,1,0
1621,452175036708,0,0
1622,452180702587,0,0
1623,452186422597,1,0
1624,452191584458,1,0
1625,452196792875,0,0
1626,452202604276,0,0
1627,452208530097,1,0
1628,452213794499,1,0
1629,452218939206,1,0
1630,452224033691,0,0
1631,452229659747,0,0
1632,452235290514,1,0
1633,452240488128,0,0
1634,452245924165,0,0
1635,452251402208,1,0
1636,452256532042,1,0
1637,452261701884,1,0
1638,452266818195,0,0
1639,452272098620,1,0
1640,452277295288,1,0
1641,452282402203,1,0
1642,452287597262,0,0
1643,452293063559,1,0
1644,452298126149,1,0
1645,452303203962,1,0
1646,452308523192,0,0
1647,452313890040,1,0
1648,452318899724,0,0
1649,452324167580,0,0
1650,452329471434,1,0
1651,452334637426,1,0
1652,452339696570,1,0
1653,452344733446,0,0
1654,452350205687,1,0
1655,452355409692,0,0
1656,452360700960,1,0
1657,452365971563,0,0
1658,452371566991,0,0
1659,452377242681,1,0
1660,452382251157,1,0
1661,452387285089,0,0
1662,452393038945,0,0
1663,452398423396,1,0
1664,452403549981,0,0
1665,452409202177,0,0
1666,452414974965,0,0
1667,452420728692,1,0
1668,452425942759,0,0
1669,452431595951,0,0
1670,452437494891,1,0
1671,452442876741,0,0
1672,452448469784,0,0
1673,452454127519,0,0
1674,452459864260,1,0
1675,452464987536,1,0
1676,452470170672,0,0
1677,452475707483,0,0
1678,452481345558,1,0
1679,452486613628,1,0
1680,452491871265,1,0
1681,452497027408,1,0
1682,452502179593,1,0
1683,452507273695,0,0
1684,452512681449,1,0
1685,452517720740,0,0
1686,452523208684,1,0
1687,452528306051,1,0
1688,452533357689,0,0
1689,452538627025,1,0
1690,452543688900,0,0
1691,452549179551,0,0
1692,452554707035,0,0
1693,452560188832,1,0
1694,452565246460,1,0
1695,452570245692,0,0
1696,452575825279,1,0
1697,452580901056,0,0
1698,452586435715,0,0
1699,452592105586,0,0
1700,452597621251,1,0
1701,452602679181,1,0
1702,452607703177,1,0
1703,452612734638,1,0
1704,452617738791,1,0
1705,452622792754,1,0
1706,452627822033,1,0
1707,452632842078,0,0
1708,452638517091,0,0
1709,452643974815,0,0
1710,452649599236,1,0
1711,452654782057,0,0
1712,452660285296,0,0
1713,452665720122,0,0
1714,452671147600,1,0
1715,452676149477,0,0
1716,452681592284,1,0
1717,452686657470,0,0
1718,452692225614,0,0
1719,452697827627,0,0
1720,452703608326,0,0
1721,452709453462,0,0
1722,452715029243,0,0
1723,452720982950,1,0
1724,452726027060,0,0
1725,452731523335,0,0
1726,452736960632,1,0
1727,452742164795,0,0
1728,452747624388,0,0
1729,452753135530,1,0
1730,452758218617,0,0
1731,452763695738,0,0
1732,452769201186,1,0
1733,452774249529,0,0
1734,452779666872,0,0
1735,452785456400,1,0
1736,452790620132,0,0
1737,452796251721,0,0
1738,452802086364,0,0
1739,452807598503,0,0
1740,452813255466,0,0
1741,452818732148,1,0
1742,452823879885,1,0
1743,452828936679,1,0
1744,452834038520,1,0
1745,452839322560,0,0
1746,452844995709,1,0
1747,452850483551,1,0
1748,452855854218,1,0
1749,452861028840,1,0
1750,452866089504,0,0
1751,452872029083,1,0
1752,452877033836,0,0
1753,452882783708,1,0
1754,452887878088,0,0
1755,452893744076,1,0
1756,452898984359,1,0
1757,452904111896,1,0
1758,452909260886,0,0
1759,452914841066,0,0
1760,452920431276,1,0
1761,452925642021,0,0
1762,452931376284,1,0
1763,452936436106,1,0
1764,452941614824,0,0
1765,452947583888,1,0
1766,452952626618,0,0
1767,452958138171,1,0
1768,452963200664,1,0
1769,452968194181,0,0
1770,452973747208,1,0
1771,452978807392,0,0
1772,452984130928,0,0
1773,452989763933,1,0
1774,452994802852,1,0
1775,452999841488,1,0
1776,453004899384,0,0
1777,453010344258,0,0
1778,453015820605,0,0
1779,453021412684,0,0
1780,453026887189,1,0
1781,453032031209,0,0
1782,453037365260,1,0
1783,453042666841,0,0
1784,453048170749,0,0
1785,453053891442,1,0
1786,453059026589,0,0
1787,453064615134,1,0
1788,453069929911,1,0
1789,453075042687,1,0
1790,453080420543,0,0
1791,453086059879,0,0
1792,453091613073,1,0
1793,453096834287,0,0
1794,453102385633,1,0
1795,453107522330,1,0
1796,453112728581,0,0
1797,453118235839,1,0
1798,453123264719,0,0
1799,453128685089,1,0
1800,453133893460,0,0
1801,453139516278,1,0
1802,453144790502,0,0
1803,453150402091,0,0
1804,453156133384,0,0
1805,453161736256,0,0
1806,453167415067,1,0
1807,453172791303,0,0
1808,453178571933,1,0
1809,453183693153,0,0
1810,453189318441,1,0
1811,453194494348,1,0
1812,453199666629,1,0
1813,453204694915,0,0
1814,453210245601,0,0
1815,453215763317,0,0
1816,453221271239,0,0
1817,453226972308,0,0
1818,453232320662,0,0
1819,453237953940,1,0
1820,453242993969,0,0
1821,453248494181,0,0
1822,453254106691,0,0
1823,453259752212,0,0
1824,453265327842,1,0
1825,453270456501,0,0
1826,453276080293,0,0
1827,453281591018,1,0
1828,453286835937,0,0
1829,453292675805,0,0
1830,453298240322,1,0
1831,453303263270,0,0
1832,453308956830,0,0
1833,453314620007,0,0
1834,453320382356,0,0
1835,453326131301,0,0
1836,453331651799,0,0
1837,453337105966,0,0
1838,453342749894,0,0
1839,453348299565,1,0
1840,453353439119,0,0
1841,453359145283,0,0
1842,453364892921,0,0
1843,453370431482,0,0
1844,453376371422,1,0
1845,453381550637,0,0
1846,453387241825,0,0
1847,453392797834,1,0
1848,453397898028,0,0
1849,453403562591,0,0
1850,453409275909,0,0
1851,453414972308,1,0
1852,453420023351,0,0
1853,453425554126,0,0
1854,453431206226,1,0
1855,453436153684,1,0
1856,453441268949,0,0
1857,453447119934,0,0
1858,453452720250,0,0
1859,453458364779,1,0
1860,453463552811,1,0
1861,453468802303,0,0
1862,453474688172,0,0
1863,453480592699,1,0
1864,453485744939,1,0
1865,453490833073,1,0
1866,453495954121,0,0
1867,453501558947,1,0
1868,453506655745,1,0
1869,453511795362,0,0
1870,453517481375,0,0
1871,453522975614,0,0
1872,453528413212,0,0
1873,453533838442,1,0
1874,453538899110,1,0
1875,453544018443,0,0
1876,453549685059,0,0
1877,453555410075,0,0
1878,453561105520,0,0
1879,453566726068,0,0
1880,453572350827,1,0
1881,453577398743,1,0
1882,453582379332,0,0
1883,453587844229,1,0
1884,453592864681,0,0
1885,453598545027,0,0
1886,453604432963,0,0
1887,453609882645,0,0
1888,453615405700,1,0
1889,453620498752,1,0
1890,453625680696,1,0
1891,453630779508,1,0
1892,453635797479,1,0
1893,453640855308,1,0
1894,453645875632,0,0
1895,453651384746,1,0
1896,453656436013,1,0
1897,453661751068,1,0
1898,453666946757,1,0
1899,453672112042,0,0
1900,453677705959,1,0
1901,453682996962,1,0
1902,453688096839,0,0
1903,453693955216,0,0
1904,453699711895,0,0
1905,453705456025,0,0
1906,453711298339,1,0
1907,453716455748,1,0
1908,453721600520,0,0
1909,453727560606,0,0
1910,453733396323,1,0
1911,453738548820,1,0
1912,453743634645,1,0
1913,453748720180,0,0
1914,453754394159,0,0
1915,453760111225,1,0
1916,453765274361,1,0
1917,453770450718,1,0
1918,453775553431,1,0
1919,453780601638,1,0
1920,453785732936,1,0
1921,453790831069,1,0
1922,453795921426,1,0
1923,453801150335,0,0
1924,453806611877,1,0
1925,453811892870,0,0
1926,453817530821,0,0
1927,453823577524,1,0
1928,453828741829,1,0
1929,453833915340,0,0
1930,453839676177,0,0
1931,453845504532,0,0
1932,453851488831,0,0
1933,453857479441,0,0
1934,453863192289,0,0
1935,453868654970,1,0
1936,453873947427,0,0
1937,453879643077,0,0
1938,453885567808,0,0
1939,453891285119,1,0
1940,453896420073,0,0
1941,453902029747,1,0
1942,453907032534,1,0
1943,453912133172,1,0
1944,453917295968,0,0
1945,453922797581,0,0
1946,453928256021,1,0
1947,453933284082,0,0
1948,453938784813,0,0
1949,453944249698,1,0
1950,453949501553,0,0
1951,453955133440,1,0
1952,453960177135,1,0
1953,453965322503,1,0
1954,453970501805,0,0
1955,453976126387,1,0
1956,453981159790,0,0
1957,453986882010,0,0
1958,453992531285,1,0
1959,453997887974,1,0
1960,454002962521,1,0
1961,454008023714,0,0
1962,454013801361,1,0
1963,454018834754,1,0
1964,454023958373,0,0
1965,454029567674,0,0
1966,454035186428,1,0
1967,454040261946,1,0
1968,454045417459,1,0
1969,454050616529,1,0
1970,454055665288,0,0
1971,454061394096,0,0
1972,454066922723,1,0
1973,454072020868,1,0
1974,454077446787,1,0
1975,454082581095,1,0
1976,454087672391,0,0
1977,454093308040,0,0
1978,454098852783,0,0
1979,454104288731,0,0
1980,454109963700,0,0
1981,454115395638,0,0
1982,454120945272,0,0
1983,454126641555,0,0
1984,454132231604,1,0
1985,454137304605,0,0
1986,454143068735,1,0
1987,454148018014,1,0
1988,454153341275,0,0
1989,454158996217,1,0
1990,454164036242,0,0
1991,454169670541,0,0
1992,454175234118,0,0
1993,454180607898,0,0
1994,454186207076,1,0
1995,454191305540,0,0
1996,454197125289,0,0
1997,454202666823,0,0
1998,454208242701,1,0
1999,454213327548,0,0
2000,454219150930,1,0
2001,454224042178,1,0
2002,454229228172,1,0
2003,454234302561,1,0
2004,454239380991,0,0
2005,454244780577,1,0
2006,454249846465,0,0
2007,454255266625,1,0
2008,454260315705,1,0
2009,454265365129,1,0
2010,454270456402,0,0
2011,454275880360,1,0
2012,454281017343,0,0
2013,454286441846,1,0
2014,454291556812,1,0
2015,454296783371,0,0
2016,454302445716,1,0
2017,454307524573,1,0
2018,454312770531,1,0
2019,454317916794,0,0
2020,454323642234,0,0
2021,454329689339,0,0
2022,454335377288,0,0
2023,454341093384,1,0
2024,454346032673,0,0
2025,454351600665,1,0
2026,454356794609,1,0
2027,454361865937,1,0
2028,454366961292,0,0
2029,454372557453,0,0
2030,454378370323,0,0
2031,454384030067,0,0
2032,454389764358,1,0
2033,454394911754,1,0
2034,454400232955,1,0
2035,454405494213,0,0
2036,454411104862,0,0
2037,454416531223,1,0
2038,454421733258,1,0
2039,454426821857,0,0
2040,454432446737,0,0
2041,454438123950,1,0
2042,454443149335,1,0
2043,454448232489,1,0
2044,454453280372,1,0
2045,454458508292,0,0
2046,454464308578,0,0
2047,454470105361,0,0
2048,454475480044,0,0
2049,454481115567,1,0
2050,454486114043,0,0
2051,454491709753,1,0
2052,454496881858,0,0
2053,454502600509,0,0
2054,454508177623,0,0
2055,454513886219,1,0
2056,454518898331,1,0
2057,454524031780,0,0
2058,454529641874,1,0
2059,454534744829,0,0
2060,454540585933,0,0
2061,454546113077,0,0
2062,454551588311,0,0
2063,454557131397,1,0
2064,454562212103,1,0
2065,454567261061,0,0
2066,454572898763,0,0
2067,454578427897,1,0
2068,454583555005,1,0
2069,454588884769,0,0
2070,454594614359,1,0
2071,454600100209,0,0
2072,454605637650,0,0
2073,454611266410,0,0
2074,454617161569,0,0
2075,454622961055,1,0
2076,454628158013,1,0
2077,454633249753,1,0
2078,454638249799,1,0
2079,454643238039,1,0
2080,454648269812,1,0
2081,454653668669,0,0
2082,454659178010,0,0
2083,454664843011,0,0
2084,454670719285,0,0
2085,454676568982,1,0
2086,454681665373,1,0
2087,454686734374,1,0
2088,454691808266,1,0
2089,454696912691,1,0
2090,454701968456,1,0
2091,454707042514,0,0
2092,454712688707,0,0
2093,454718231680,1,0
2094,454723413377,0,0
2095,454729025774,0,0
2096,454734738207,0,0
2097,454740399269,1,0
2098,454745547956,0,0
2099,454751109831,1,0
2100,454756162179,0,0
2101,454762018840,1,0
2102,454767116797,0,0
2103,454772663741,1,0
2104,454777750753,0,0
2105,454783175952,0,0
2106,454788756986,0,0
2107,454794652330,1,0
2108,454799976686,0,0
2109,454805609095,1,0
2110,454810781801,0,0
2111,454816409751,0,0
2112,454822038097,0,0
2113,454827464649,1,0
2114,454832631606,0,0
2115,454838323887,1,0
2116,454843613631,1,0
2117,454848957660,0,0
2118,454854779459,0,0
2119,454860572365,1,0
2120,454865990562,0,0
2121,454871673148,0,0
2122,454877489819,0,0
2123,454883148400,1,0
2124,454888267865,1,0
2125,454893475063,0,0
2126,454899108899,0,0
2127,454904607233,1,0
2128,454909880606,1,0
2129,454914977203,0,0
2130,454920681133,1,0
2131,454925843594,0,0
2132,454931237785,1,0
2133,454936242420,1,0
2134,454941275251,0,0
2135,454946774533,1,0
2136,454951807836,0,0
2137,454957342629,0,0
2138,454962845096,0,0
2139,454968290370,1,0
2140,454973360199,1,0
2141,454978369804,0,0
2142,454983781469,1,0
2143,454988807121,0,0
2144,454994213375,0,0
2145,454999731440,1,0
2146,455004755387,0,0
2147,455010318443,0,0
2148,455016038004,1,0
2149,455021174857,1,0
2150,455026291394,0,0
2151,455031922116,1,0
2152,455037143906,1,0
2153,455042024797,1,0
2154,455047129026,1,0
2155,455052153614,1,0
2156,455057130421,0,0
2157,455062767828,0,0
2158,455068418779,0,0
2159,455074119811,1,0
2160,455079235768,1,0
2161,455084266911,1,0
2162,455089409335,0,0
2163,455095377232,0,0
2164,455100853198,1,0
2165,455106028749,0,0
2166,455111483685,0,0
2167,455116967442,1,0
2168,455122097106,1,0
2169,455127434136,1,0
2170,455132592499,1,0
2171,455137739575,1,0
2172,455142880559,0,0
2173,455148233369,0,0
2174,455153598550,0,0
2175,455158895736,1,0
2176,455164025296,1,0
2177,455169107305,1,0
2178,455174296385,1,0
2179,455179413141,1,0
2180,455184430036,1,0
2181,455189431265,0,0
2182,455194976788,0,0
2183,455200705400,0,0
2184,455206307507,1,0
2185,455211681397,0,0
2186,455217685313,0,0
2187,455223697933,1,0
2188,455228792501,0,0
2189,455234442503,0,0
2190,455240199114,1,0
2191,455245674407,0,0
2192,455251611791,1,0
2193,455256865566,0,0
2194,455262428513,0,0
2195,455268104399,0,0
2196,455273562947,1,0
2197,455278882148,1,0
2198,455283821360,0,0
2199,455289352520,0,0
2200,455295032566,1,0
2201,455300100051,1,0
2202,455305827028,1,0
2203,455310935834,1,0
2204,455316051926,0,0
2205,455321721603,1,0
2206,455326981747,0,0
2207,455332757762,1,0
2208,455338049689,1,0
2209,455343183282,1,0
2210,455348587954,1,0
2211,455353775901,0,0
2212,455359318142,0,0
2213,455364929673,1,0
2214,455370206880,0,0
2215,455376045150,0,0
2216,455381560095,0,0
2217,455387288341,1,0
2218,455392416699,1,0
2219,455397559326,1,0
2220,455402726520,0,0
2221,455408536072,1,0
2222,455413627901,0,0
2223,455419538884,0,0
2224,455425044110,1,0
2225,455430407492,0,0
2226,455436039841,1,0
2227,455441540998,1,0
2228,455446817870,0,0
2229,455452398694,1,0
2230,455457529362,1,0
2231,455462656890,0,0
2232,455468106854,0,0
2233,455473515664,0,0
2234,455479089157,1,0
2235,455484019739,0,0
2236,455489502136,1,0
2237,455494738627,0,0
2238,455500558884,0,0
2239,455506430803,1,0
2240,455511676879,1,0
2241,455516895631,0,0
2242,455522722015,1,0
2243,455528326894,1,0
2244,455533541324,1,0
2245,455538722072,1,0
2246,455543798472,1,0
2247,455548854696,1,0
2248,455553880129,0,0
2249,455559297572,0,0
2250,455564777641,0,0
2251,455570430727,0,0
2252,455575996466,0,0
2253,455581661048,0,0
2254,455587591976,1,0
2255,455592723356,1,0
2256,455597938252,0,0
2257,455603710531,0,0
2258,455609547717,1,0
2259,455614728039,1,0
2260,455619806763,0,0
2261,455625425037,0,0
2262,455631131750,1,0
2263,455636469388,1,0
2264,455641798102,1,0
2265,455646986364,0,0
2266,455652528949,1,0
2267,455657818423,0,0
2268,455663564948,0,0
2269,455669322091,0,0
2270,455674903984,1,0
2271,455680135684,0,0
2272,455685558416,0,0
2273,455691320844,1,0
2274,455696513733,1,0
2275,455701764004,1,0
2276,455706972007,1,0
2277,455712026884,0,0
2278,455717545754,0,0
2279,455723118253,1,0
2280,455728176506,1,0
2281,455733608993,0,0
2282,455739597195,1,0
2283,455744739966,0,0
2284,455750162051,0,0
2285,455755489769,1,0
2286,455760578881,1,0
2287,455765769931,0,0
2288,455771465584,1,0
2289,455776798231,0,0
2290,455782320252,1,0
2291,455787396798,1,0
2292,455792427432,1,0
2293,455797510276,1,0
2294,455802682408,0,0
2295,455808336764,1,0
2296,455813557377,0,0
2297,455819198482,1,0
2298,455824323961,1,0
2299,455829578237,0,0
2300,455835331959,0,0
2301,455841125580,0,0
2302,455846928223,1,0
2303,455852036990,0,0
2304,455857689538,1,0
2305,455863028188,0,0
2306,455868979928,0,0
2307,455874693169,0,0
2308,455880447332,0,0
2309,455886073118,1,0
2310,455891033818,1,0
2311,455896035515,0,0
2312,455901673231,0,0
2313,455907368947,0,0
2314,455913091583,1,0
2315,455918107848,1,0
2316,455923031159,1,0
2317,455928166723,1,0
2318,455933236639,0,0
2319,455939055479,0,0
2320,455944612263,0,0
2321,455950398422,0,0
2322,455956170227,1,0
2323,455961237204,0,0
2324,455966979409,1,0
2325,455972043469,0,0
2326,455977679739,1,0
2327,455982844506,1,0
2328,455987939670,1,0
2329,455993042874,1,0
2330,455998455484,0,0
2331,456004053549,0,0
2332,456009944523,0,0
2333,456015703754,0,0
2334,456021396684,0,0
2335,456027042433,1,0
2336,456032315891,1,0
2337,456037554058,1,0
2338,456042836054,0,0
2339,456048312392,0,0
2340,456053880654,1,0
2341,456059007146,1,0
2342,456064100540,0,0
2343,456069565757,0,0
2344,456075103809,0,0
2345,456081064216,0,0
2346,456086473543,0,0
2347,456091983103,0,0
2348,456097443177,0,0
2349,456103248097,1,0
2350,456108593003,1,0
2351,456113771843,1,0
2352,456118923587,0,0
2353,456124623723,1,0
2354,456129868168,0,0
2355,456135455424,0,0
2356,456141120380,1,0
2357,456146684501,1,0
2358,456151917255,1,0
2359,456157093294,1,0
2360,456162104548,0,0
2361,456167820142,0,0
2362,456173424126,1,0
2363,456178620563,0,0
2364,456184119615,1,0
2365,456189174344,0,0
2366,456194867891,1,0
2367,456200030382,1,0
2368,456204979103,1,0
2369,456210030638,1,0
2370,456215123827,0,0
2371,456220635719,1,0
2372,456225710693,1,0
2373,456230987607,1,0
2374,456236023829,0,0
2375,456241599574,0,0
2376,456247103305,0,0
2377,456252615942,0,0
2378,456258017003,0,0
2379,456263534201,0,0
2380,456268911670,0,0
2381,456274390056,0,0
2382,456279802900,1,0
2383,456284921044,0,0
2384,456290311036,0,0
2385,456295828390,0,0
2386,456301462174,0,0
2387,456307016901,1,0
2388,456312171141,1,0
2389,456317512406,1,0
2390,456322707651,1,0
2391,456327792270,0,0
2392,456333243245,1,0
2393,456338216623,1,0
2394,456343206344,0,0
2395,456348611457,0,0
2396,456354113672,0,0
2397,456359838970,1,0
2398,456365015392,1,0
2399,456370109424,1,0
2400,456375399455,1,0
2401,456380524218,0,0
2402,456386019433,0,0
2403,456391743888,0,0
2404,456397382421,0,0
2405,456402803422,0,0
2406,456408289000,0,0
2407,456413710855,0,0
2408,456419125202,1,0
2409,456424428021,1,0
2410,456429597680,1,0
2411,456434946473,0,0
2412,456440432593,1,0
2413,456445590739,0,0
2414,456451215087,1,0
2415,456456390005,1,0
2416,456461574343,1,0
2417,456466780689,1,0
2418,456471847520,1,0
2419,456476905434,0,0
2420,456482311192,0,0
2421,456487628252,0,0
2422,456493511108,0,0
2423,456499148177,1,0
2424,456504527230,0,0
2425,456510062669,0,0
2426,456515775295,0,0
2427,456521542178,1,0
2428,456526883905,1,0
2429,456532042180,0,0
2430,456537563618,0,0
2431,456543137185,1,0
2432,456548122696,1,0
2433,456553688414,0,0
2434,456559439480,0,0
2435,456564910554,1,0
2436,456570121962,1,0
2437,456575360791,0,0
2438,456580645424,0,0
2439,456586057548,1,0
2440,456591294081,1,0
2441,456598296469,0,0
2442,456603946922,1,0
2443,456609149536,0,0
2444,456614745215,1,0
2445,456619898995,1,0
2446,456625072903,1,0
2447,456630224580,1,0
2448,456635546437,1,0
2449,456640693843,0,0
2450,456646100186,0,0
2451,456651777137,1,0
2452,456657054516,0,0
2453,456662538950,1,0
2454,456667682242,0,0
2455,456673182585,1,0
2456,456678326424,1,0
2457,456683628012,0,0
2458,456688945322,0,0
2459,456694471413,1,0
2460,456699686536,0,0
2461,456705671725,0,0
2462,456711238780,1,0
2463,456716449891,0,0
2464,456722220959,1,0
2465,456727232923,0,0
2466,456732785507,0,0
2467,456738603840,0,0
2468,456744198603,1,0
2469,456749597951,1,0
2470,456754747279,0,0
2471,456760354430,0,0
2472,456765883708,1,0
2473,456770916931,1,0
2474,456776038129,0,0
2475,456781906495,1,0
2476,456787258683,1,0
2477,456792458475,1,0
2478,456797634468,0,0
2479,456803217769,0,0
2480,456809138496,1,0
2481,456814266855,1,0
2482,456819470723,0,0
2483,456825221725,0,0
2484,456831212906,1,0
2485,456835892048,1,0
2486,456841035882,0,0
2487,456847048035,1,0
2488,456852465730,1,0
2489,456857866328,0,0
2490,456863708649,1,0
2491,456869159404,1,0
2492,456874141479,1,0
2493,456879245941,1,0
2494,456884347454,0,0
2495,456890094312,1,0
2496,456895233144,0,0
2497,456900772809,0,0
2498,456906383023,1,0
2499,456911554360,0,0
2500,456917326160,1,0
2501,456922718196,1,0
2502,456927798475,0,0
2503,456933387211,1,0
2504,456938570880,1,0
2505,456943763850,1,0
2506,456948914558,0,0
2507,456954415400,1,0
2508,456959544040,0,0
2509,456965027181,1,0
2510,456970135355,1,0
2511,456975654653,0,0
2512,456981417473,0,0
2513,456986806541,0,0
2514,456992237483,0,0
2515,456997575243,1,0
2516,457002789366,1,0
2517,457007883031,1,0
2518,457012993073,0,0
2519,457018775669,0,0
2520,457024287506,0,0
2521,457030132844,1,0
2522,457035165361,1,0
2523,457040322940,0,0
2524,457046039280,1,0
2525,457051039564,1,0
2526,457056102412,0,0
2527,457061710141,1,0
2528,457066924644,1,0
2529,457071964583,1,0
2530,457077150848,1,0
2531,457082600569,1,0
2532,457087810760,1,0
2533,457093018483,0,0
2534,457098418424,1,0
2535,457103503084,1,0
2536,457108573832,1,0
2537,457113628819,1,0
2538,457118820703,0,0
2539,457124283935,0,0
2540,457130029651,1,0
2541,457135247143,1,0
2542,457140520270,0,0
2543,457146056160,1,0
2544,457151209356,0,0
2545,457157132950,0,0
2546,457162608943,0,0
2547,457168186822,0,0
2548,457173808655,1,0
2549,457178877290,0,0
2550,457184162091,1,0
2551,457189269697,0,0
2552,457194617657,1,0
2553,457199693430,1,0
2554,457204830759,1,0
2555,457209937544,1,0
2556,457215213384,1,0
2557,457220369854,1,0
2558,457225636282,1,0
2559,457230774157,0,0
2560,457236363313,1,0
2561,457241529760,1,0
2562,457246568597,1,0
2563,457251711910,1,0
2564,457256800300,1,0
2565,457261861339,1,0
2566,457267041614,1,0
2567,457272404824,0,0
2568,457277848385,0,0
2569,457283180105,0,0
2570,457288695282,0,0
2571,457294365799,0,0
2572,457299942085,0,0
2573,457305455064,1,0
2574,457310495091,1,0
2575,457315549487,0,0
2576,457320959976,1,0
2577,457326036562,0,0
2578,457331640396,0,0
2579,457337025564,1,0
2580,457342140019,1,0
2581,457347335385,0,0
2582,457352809062,0,0
2583,457358202573,0,0
2584,457363631256,0,0
2585,457369030663,1,0
2586,457374290269,1,0
2587,457379560235,0,0
2588,457385045730,1,0
2589,457390414988,0,0
2590,457396067428,0,0
2591,457401618537,1,0
2592,457408022426,0,0
2593,457412376395,1,0
2594,457417464715,0,0
2595,457423047234,1,0
2596,457428060103,1,0
2597,457433300930,1,0
2598,457438487434,1,0
2599,457443692312,1,0
2600,457448934973,1,0
2601,457454033689,0,0
2602,457459585972,0,0
2603,457465104972,0,0
2604,457470641706,1,0
2605,457475742389,0,0
2606,457481073264,1,0
2607,457486429572,0,0
2608,457492206001,0,0
2609,457497827863,0,0
2610,457503411674,1,0
2611,457508656444,1,0
2612,457514028575,0,0
2613,457519466091,1,0
2614,457524743900,1,0
2615,457529872697,0,0
2616,457535497944,1,0
2617,457540650023,1,0
2618,457545815499,0,0
2619,457551194087,1,0
2620,457556338958,0,0
2621,457561685077,1,0
2622,457566897484,0,0
2623,457572520474,0,0
2624,457577961155,1,0
2625,457583052033,0,0
2626,457588531940,1,0
2627,457593620336,0,0
2628,457598933094,0,0
2629,457604299032,1,0
2630,457609299890,1,0
2631,457614304212,1,0
2632,457619290657,1,0
2633,457624302582,0,0
2634,457629706267,0,0
2635,457635064802,1,0
2636,457640299356,1,0
2637,457645409312,1,0
2638,457650589280,0,0
2639,457655904674,0,0
2640,457661462314,1,0
2641,457666760727,1,0
2642,457672068300,0,0
2643,457677714318,0,0
2644,457683504743,0,0
2645,457689082043,1,0
2646,457694067803,1,0
2647,457699469054,0,0
2648,457704755390,0,0
2649,457710054232,0,0
2650,457715350960,0,0
2651,457720658557,0,0
2652,457726161189,0,0
2653,457731696430,1,0
2654,457736788001,0,0
2655,457742264323,0,0
2656,457747969933,1,0
2657,457753185007,0,0
2658,457758748366,1,0
2659,457763879815,0,0
2660,457769520877,0,0
2661,457775418033,1,0
2662,457780665469,0,0
2663,457786388764,1,0
2664,457791590738,0,0
2665,457797218222,1,0
2666,457802314917,0,0
2667,457807940320,1,0
2668,457813076132,1,0
2669,457818215704,1,0
2670,457823383480,0,0
2671,457829042941,0,0
2672,457834692795,1,0
2673,457839934452,1,0
2674,457845172987,0,0
2675,457850805767,1,0
2676,457855944562,0,0
2677,457861800361,0,0
2678,457867854872,0,0
2679,457873842348,0,0
2680,457879793649,1,0
2681,457884910530,0,0
2682,457890639378,0,0
2683,457896425255,0,0
2684,457902173635,0,0
2685,457907699503,0,0
2686,457913278211,1,0
2687,457918475838,0,0
2688,457924040968,1,0
2689,457929074090,0,0
2690,457934659230,1,0
2691,457939805262,0,0
2692,457945618290,1,0
2693,457950867484,0,0
2694,457956528587,0,0
2695,457962403404,0,0
2696,457968146963,1,0
2697,457973147225,0,0
2698,457978932607,1,0
2699,457984020787,0,0
2700,457989718692,1,0
2701,457995016771,0,0
2702,458000736099,1,0
2703,458005886645,0,0
2704,458011499564,0,0
2705,458017346748,1,0
2706,458022807028,0,0
2707,458028452426,0,0
2708,458034159752,0,0
2709,458039745510,1,0
2710,458044876283,0,0
2711,458050356126,1,0
2712,458055631899,0,0
2713,458061313621,0,0
2714,458066878914,1,0
2715,458072019271,0,0
2716,458077716984,0,0
2717,458083398271,1,0
2718,458088536431,0,0
2719,458094119257,1,0
2720,458099180824,1,0
2721,458104257789,1,0
2722,458109550131,0,0
2723,458115163907,0,0
2724,458120833989,1,0
2725,458125926698,0,0
2726,458131648265,0,0
2727,458137285118,0,0
2728,458143159970,1,0
2729,458148212435,1,0
2730,458153325132,1,0
2731,458158725313,0,0
2732,458164424122,0,0
2733,458170140792,1,0
2734,458175142834,0,0
2735,458180824977,0,0
2736,458186495116,1,0
2737,458191720921,1,0
2738,458196879761,0,0
2739,458202738877,1,0
2740,458207861961,1,0
2741,458212896827,0,0
2742,458218581824,1,0
2743,458223840601,0,0
2744,458229644122,0,0
2745,458235641999,0,0
2746,458241743389,1,0
2747,458247190276,1,0
2748,458252092710,0,0
2749,458257786999,1,0
2750,458262800417,0,0
2751,458268413704,1,0
2752,458273579163,0,0
2753,458279223072,0,0
2754,458284974729,1,0
2755,458290529825,0,0
2756,458295798610,1,0
2757,458300898158,1,0
2758,458305919328,1,0
2759,458311026466,1,0
2760,458316127188,0,0
2761,458321695999,0,0
2762,458327202929,1,0
2763,458332599908,0,0
2764,458338540640,1,0
2765,458343724158,1,0
2766,458349052022,0,0
2767,458354442733,0,0
2768,458360130900,0,0
2769,458365546947,1,0
2770,458370709297,0,0
2771,458376307245,0,0
2772,458382035431,1,0
2773,458386940515,1,0
2774,458392034354,0,0
2775,458397482503,0,0
2776,458403152557,1,0
2777,458408191142,0,0
2778,458413838334,0,0
2779,458419467625,1,0
2780,458424688789,1,0
2781,458429744797,1,0
2782,458434811013,1,0
2783,458439897985,1,0
2784,458444969548,0,0
2785,458450472723,0,0
2786,458455915148,0,0
2787,458461243620,1,0
2788,458466259600,1,0
2789,458471302304,1,0
2790,458476313174,0,0
2791,458481638396,0,0
2792,458487198931,1,0
2793,458492430109,1,0
2794,458497460324,0,0
2795,458503032806,0,0
2796,458508529269,1,0
2797,458513581701,0,0
2798,458519070973,1,0
2799,458524250241,0,0
2800,458529703930,1,0
2801,458534771562,0,0
2802,458540443634,1,0
2803,458545521254,1,0
2804,458550679319,1,0
2805,458555767796,1,0
2806,458560840523,0,0
2807,458566378891,1,0
2808,458571640021,1,0
2809,458576721124,0,0
2810,458582325772,1,0
2811,458587387079,1,0
2812,458592605392,0,0
2813,458597984199,0,0
2814,458603689699,0,0
2815,458609142944,1,0
2816,458614729161,0,0
2817,458620772864,1,0
2818,458626047780,0,0
2819,458631933885,1,0
2820,458637083223,0,0
2821,458642749020,1,0
2822,458647978573,1,0
2823,458653150591,1,0
2824,458658628878,1,0
2825,458663728131,0,0
2826,458669317460,1,0
2827,458674471336,1,0
2828,458679611165,0,0
2829,458685199440,1,0
2830,458690302281,1,0
2831,458695482360,1,0
2832,458700693218,1,0
2833,458706088305,0,0
2834,458711404112,0,0
2835,458716844865,0,0
2836,458722383842,0,0
2837,458727518679,1,0
2838,458732770566,0,0
2839,458738258652,0,0
2840,458743655012,1,0
2841,458748963183,1,0
2842,458754150835,1,0
2843,458759143217,0,0
2844,458764560109,0,0
2845,458770051215,0,0
2846,458775307603,0,0
2847,458780743549,1,0
2848,458786043274,1,0
2849,458791491136,1,0
2850,458796709794,1,0
2851,458802148813,0,0
2852,458807583782,1,0
2853,458812788160,0,0
2854,458818603129,0,0
2855,458824276772,0,0
2856,458829741452,1,0
2857,458834940709,1,0
2858,458840073742,1,0
2859,458845217596,1,0
2860,458850466694,0,0
2861,458856061228,0,0
2862,458861600146,1,0
2863,458867165805,1,0
2864,458872696252,0,0
2865,458878665703,0,0
2866,458884145050,1,0
2867,458889777893,0,0
2868,458895156736,0,0
2869,458900605755,1,0
2870,458906047179,0,0
2871,458911661285,0,0
2872,458917521498,1,0
2873,458922800512,1,0
2874,458928093845,0,0
2875,458933700639,1,0
2876,458939034831,0,0
2877,458944601711,0,0
2878,458950280882,0,0
2879,458956078604,0,0
2880,458961679633,1,0
2881,458966961765,0,0
2882,458972464390,1,0
2883,458977647767,1,0
2884,458982807845,0,0
2885,458988693790,1,0
2886,458993835623,0,0
2887,458999469953,0,0
2888,459004838484,0,0
2889,459010579127,1,0
2890,459015627423,0,0
2891,459020960393,1,0
2892,459026025247,0,0
2893,459031596697,1,0
2894,459036738246,0,0
2895,459042540850,1,0
2896,459047739517,0,0
2897,459053491224,1,0
2898,459058870753,0,0
2899,459064593412,1,0
2900,459069913764,1,0
2901,459075047456,1,0
2902,459080578318,1,0
2903,459085864454,1,0
2904,459091171394,1,0
2905,459096597003,1,0
2906,459101803983,1,0
2907,459106891153,0,0
2908,459112508734,1,0
2909,459117714816,1,0
2910,459122972899,1,0
2911,459128112843,1,0
2912,459133467637,0,0
2913,459139449448,0,0
2914,459145142260,1,0
2915,459150857721,1,0
2916,459156034553,1,0
2917,459161129721,1,0
2918,459166533428,1,0
2919,459171755151,0,0
2920,459177532147,1,0
2921,459182741319,1,0
2922,459187922477,1,0
2923,459193458124,1,0
2924,459198726014,0,0
2925,459204648633,1,0
2926,459210031948,0,0
2927,459215631347,1,0
2928,459220947593,0,0
2929,459226855836,0,0
2930,459232545440,1,0
2931,459237829825,0,0
2932,459243819749,0,0
2933,459249797613,1,0
2934,459255090633,1,0
2935,459260479454,0,0
2936,459266121327,0,0
2937,459272136395,0,0
2938,459278161287,0,0
2939,459283950720,0,0
2940,459289731452,1,0
2941,459294865222,1,0
2942,459299951102,0,0
2943,459305780992,1,0
2944,459311079605,0,0
2945,459316768432,1,0
2946,459322169570,0,0
2947,459327626850,0,0
2948,459332990369,0,0
2949,459338568265,0,0
2950,459344050377,1,0
2951,459349151072,0,0
2952,459354947080,1,0
2953,459360052631,0,0
2954,459365935904,0,0
2955,459371885702,0,0
2956,459377529266,1,0
2957,459382763466,0,0
2958,459388576063,1,0
2959,459393874187,0,0
2960,459399725250,0,0
2961,459405599982,1,0
2962,459410830345,0,0
2963,459416605891,1,0
2964,459421779624,1,0
2965,459427149460,1,0
2966,459432549926,1,0
2967,459437796036,1,0
2968,459443178206,0,0
2969,459449367076,0,0
2970,459455359069,0,0
2971,459461031189,0,0
2972,459466938962,0,0
2973,459472694941,0,0
2974,459478573495,1,0
2975,459483815717,0,0
2976,459489592538,0,0
2977,459495486700,0,0
2978,459501059120,0,0
2979,459506618603,1,0
2980,459511880825,1,0
2981,459517081437,0,0
2982,459522942934,1,0
2983,459528500585,0,0
2984,459534072219,1,0
2985,459539583654,1,0
2986,459544846555,1,0
2987,459550149999,1,0
2988,459555549418,0,0
2989,459561196167,1,0
2990,459566535438,1,0
2991,459571748162,1,0
2992,459576927037,1,0
2993,459582077657,0,0
2994,459588081812,0,0
2995,459593838555,0,0
2996,459599627350,0,0
2997,459605485535,0,0
2998,459611091672,0,0
2999,459616947912,1,0
3000,459622210706,1,0
3001,459627650566,1,0
3002,459632798313,1,0
3003,459637955792,1,0
3004,459643078334,0,0
3005,459648678305,0,0
3006,459654638877,1,0
3007,459659927867,0,0
3008,459665651018,1,0
3009,459670943910,1,0
3010,459676584343,1,0
3011,459681743872,0,0
3012,459687744170,0,0
3013,459693641222,0,0
3014,459699567680,0,0
3015,459705197656,1,0
3016,459710492158,1,0
3017,459715870203,0,0
3018,459721758394,0,0
3019,459727593018,0,0
3020,459733621143,0,0
3021,459739527535,0,0
3022,459745281164,0,0
3023,459751100632,1,0
3024,459756585696,0,0
3025,459762173689,0,0
3026,459767989653,0,0
3027,459773857357,1,0
3028,459778980339,0,0
3029,459784716177,1,0
3030,459789982104,1,0
3031,459795085767,0,0
3032,459800812747,0,0
3033,459806539882,1,0
3034,459811799095,1,0
3035,459816966911,0,0
3036,459822742336,0,0
3037,459828524251,1,0
3038,459833806466,1,0
3039,459839092938,1,0
3040,459844270398,0,0
3041,459850139238,1,0
3042,459855714825,0,0
3043,459861713066,1,0
3044,459867239289,0,0
3045,459872743301,1,0
3046,459878099291,1,0
3047,459883216688,0,0
3048,459889148280,0,0
3049,459895070810,0,0
3050,459900790586,0,0
3051,459906535760,0,0
3052,459912197921,0,0
3053,459917936799,0,0
3054,459923742487,1,0
3055,459929040686,1,0
3056,459934086279,0,0
3057,459939778904,0,0
3058,459945643684,1,0
3059,459951059365,1,0
3060,459956260970,0,0
3061,459962187655,1,0
3062,459967583419,0,0
3063,459973281948,0,0
3064,459978855175,1,0
3065,459984200359,1,0
3066,459989715427,1,0
3067,459995026573,1,0
3068,460000446571,1,0
3069,460005729398,0,0
3070,460011667093,1,0
3071,460016933808,0,0
3072,460022654212,1,0
3073,460027931727,0,0
3074,460033583060,0,0
3075,460039077661,0,0
3076,460045205515,0,0
3077,460050882397,1,0
3078,460056076401,1,0
3079,460061219394,0,0
3080,460067167447,1,0
3081,460072210909,0,0
3082,460078147814,0,0
3083,460083994378,1,0
3084,460089092419,0,0
3085,460094942344,0,0
3086,460100598863,0,0
3087,460106135893,1,0
3088,460111525853,0,0
3089,460117276595,0,0
3090,460122959400,0,0
3091,460128673797,1,0
3092,460133966135,0,0
3093,460139714444,1,0
3094,460144969889,1,0
3095,460150181519,0,0
3096,460156054044,1,0
3097,460161152611,0,0
3098,460166693909,0,0
3099,460172597627,1,0
3100,460177860962,0,0
3101,460183650398,1,0
3102,460188937973,1,0
3103,460194281602,1,0
3104,460199634190,1,0
3105,460204968468,0,0
3106,460210662621,1,0
3107,460215975061,1,0
3108,460221143658,0,0
3109,460226945741,0,0
3110,460232657117,0,0
3111,460238447330,1,0
3112,460243784607,0,0
3113,460249634356,1,0
3114,460254944062,1,0
3115,460260159622,0,0
3116,460265942286,1,0
3117,460271080385,1,0
3118,460276151406,0,0
3119,460282144586,1,0
3120,460287101926,0,0
3121,460293186482,0,0
3122,460298949834,1,0
3123,460304062488,0,0
3124,460309696277,1,0
3125,460314952539,0,0
3126,460320513575,1,0
3127,460325748011,0,0
3128,460331622796,1,0
3129,460336872151,1,0
3130,460342076973,1,0
3131,460347163556,0,0
3132,460352844266,0,0
3133,460358679867,1,0
3134,460363954138,1,0
3135,460369050119,1,0
3136,460374081778,0,0
3137,460379668088,0,0
3138,460385572614,1,0
3139,460390877690,0,0
3140,460396551469,0,0
3141,460402340573,1,0
3142,460407573521,0,0
3143,460413169235,1,0
3144,460418481616,0,0
3145,460424082775,1,0
3146,460429075523,0,0
3147,460434438082,0,0
3148,460439922441,0,0
3149,460445394679,1,0
3150,460450652760,0,0
3151,460456160385,1,0
3152,460461517844,0,0
3153,460467159161,1,0
3154,460472231856,0,0
3155,460477704293,0,0
3156,460483264832,0,0
3157,460488625061,0,0
3158,460494325536,0,0
3159,460500087099,1,0
3160,460505178352,1,0
3161,460510173578,1,0
3162,460515336473,0,0
3163,460520985262,1,0
3164,460526142519,0,0
3165,460531917940,1,0
3166,460536885276,0,0
3167,460542466404,1,0
3168,460547687392,0,0
3169,460553424098,1,0
3170,460558664716,1,0
3171,460563885433,1,0
3172,460568930255,0,0
3173,460574543412,1,0
3174,460579754390,0,0
3175,460585585372,0,0
3176,460591482714,1,0
3177,460596799733,0,0
3178,460602599493,1,0
3179,460607808438,1,0
3180,460613053928,0,0
3181,460618719150,0,0
3182,460624720489,1,0
3183,460630062630,0,0
3184,460635872460,1,0
3185,460640941162,0,0
3186,460646663995,1,0
3187,460651937413,0,0
3188,460657676641,1,0
3189,460663305551,0,0
3190,460668860718,0,0
3191,460674485321,1,0
3192,460679736561,0,0
3193,460685539934,0,0
3194,460691348385,0,0
3195,460697088458,0,0
3196,460702878802,0,0
3197,460708869309,1,0
3198,460714078221,1,0
3199,460719517672,0,0
3200,460725140853,0,0
3201,460731194822,1,0
3202,460736595871,0,0
3203,460742454402,1,0
3204,460747694536,0,0
3205,460753509149,0,0
3206,460759530274,0,0
3207,460765506702,0,0
3208,460771076520,0,0
3209,460776922312,1,0
3210,460782124524,1,0
3211,460787473704,0,0
3212,460793153839,1,0
3213,460798732521,1,0
3214,460803911781,0,0
3215,460809475302,1,0
3216,460814609420,1,0
3217,460819699856,0,0
3218,460825543881,0,0
3219,460831167474,0,0
3220,460836644833,0,0
3221,460842517709,0,0
3222,460848149639,1,0
3223,460853462317,1,0
3224,460858730177,1,0
3225,460863948534,0,0
3226,460869729959,0,0
3227,460875533506,1,0
3228,460880914703,0,0
3229,460886678089,1,0
3230,460892064119,0,0
3231,460897723547,1,0
3232,460902935960,1,0
3233,460908066467,0,0
3234,460913775218,0,0
3235,460919615857,0,0
3236,460925435734,0,0
3237,460931155735,1,0
3238,460936224512,0,0
3239,460942189951,1,0
3240,460947696109,1,0
3241,460952933998,0,0
3242,460958718980,0,0
3243,460964087542,1,0
3244,460969394811,1,0
3245,460974680363,0,0
3246,460980582342,1,0
3247,460985929442,0,0
3248,460991637253,1,0
3249,460996977622,1,0
3250,461002208657,1,0
3251,461007559339,0,0
3252,461013078004,0,0
3253,461019054533,1,0
3254,461024650561,1,0
3255,461029914527,0,0
3256,461035681878,0,0
3257,461041538083,1,0
3258,461046756900,1,0
3259,461052082550,0,0
3260,461058447239,0,0
3261,461064582522,1,0
3262,461069920674,1,0
3263,461075080935,1,0
3264,461080172994,0,0
3265,461085787847,1,0
3266,461090936156,1,0
3267,461096271619,0,0
3268,461101928649,0,0
3269,461107591495,0,0
3270,461113150050,0,0
3271,461118775066,1,0
3272,461124075489,1,0
3273,461129256392,1,0
3274,461134614456,0,0
3275,461140473734,0,0
3276,461146074256,0,0
3277,461151846949,1,0
3278,461157165572,1,0
3279,461162669561,0,0
3280,461168648303,1,0
3281,461173975919,1,0
3282,461179145433,0,0
3283,461184913790,0,0
3284,461190655227,1,0
3285,461195857460,0,0
3286,461201538778,0,0
3287,461207146105,0,0
3288,461212894651,1,0
3289,461218054831,0,0
3290,461223679276,1,0
3291,461228864883,0,0
3292,461234679151,0,0
3293,461240159280,0,0
3294,461246160394,1,0
3295,461251598170,1,0
3296,461256867607,0,0
3297,461262706029,0,0
3298,461268681752,0,0
3299,461274461787,0,0
3300,461280161322,0,0
3301,461286050242,0,0
3302,461291455904,1,0
3303,461296661506,0,0
3304,461302072590,1,0
3305,461307529532,0,0
3306,461313140532,1,0
3307,461318647921,1,0
3308,461323788946,1,0
3309,461328903253,1,0
3310,461334090995,1,0
3311,461339164684,0,0
3312,461344833747,1,0
3313,461350033816,1,0
3314,461355156999,1,0
3315,461360456595,0,0
3316,461366034864,0,0
3317,461371679334,0,0
3318,461377753096,0,0
3319,461383429891,1,0
3320,461388719480,1,0
3321,461393959082,0,0
3322,461399833669,1,0
3323,461404961011,0,0
3324,461410691413,0,0
3325,461416658838,1,0
3326,461421887033,0,0
3327,461427840796,1,0
3328,461433225849,0,0
3329,461439082841,0,0
3330,461444903093,0,0
3331,461450617157,0,0
3332,461456621906,0,0
3333,461462653486,0,0
3334,461468565841,0,0
3335,461474321251,1,0
3336,461479675679,0,0
3337,461485507577,1,0
3338,461490924127,1,0
3339,461496047199,1,0
3340,461501070116,1,0
3341,461506180949,1,0
3342,461511669292,0,0
3343,461517694568,1,0
3344,461522931746,1,0
3345,461528225258,0,0
3346,461534124217,1,0
3347,461539476671,1,0
3348,461544768541,0,0
3349,461550639169,0,0
3350,461556732078,0,0
3351,461562465623,1,0
3352,461567810139,1,0
3353,461572873258,0,0
3354,461578634513,1,0
3355,461583752824,1,0
3356,461588826394,0,0
3357,461594763114,0,0
3358,461600590085,1,0
3359,461605854460,0,0
3360,461611697916,0,0
3361,461617519809,0,0
3362,461623440682,1,0
3363,461628869786,0,0
3364,461634573716,0,0
3365,461640406596,1,0
3366,461645764054,1,0
3367,461650835109,0,0
3368,461656348037,0,0
3369,461662143772,0,0
3370,461667691842,1,0
3371,461672541626,1,0
3372,461677833857,1,0
3373,461682901009,0,0
3374,461688337072,0,0
3375,461694172739,1,0
3376,461699179623,1,0
3377,461704282370,0,0
3378,461709687732,1,0
3379,461714820438,1,0
3380,461719964804,0,0
3381,461725362493,1,0
3382,461730589638,1,0
3383,461735897712,1,0
3384,461740967666,0,0
3385,461746469456,1,0
3386,461751650295,0,0
3387,461757375750,0,0
3388,461763148151,1,0
3389,461768161436,0,0
3390,461773634567,1,0
3391,461778834203,1,0
3392,461783934079,0,0
3393,461789555416,1,0
3394,461794933386,0,0
3395,461800358820,0,0
3396,461806553938,0,0
3397,461812249561,1,0
3398,461817775271,1,0
3399,461822888761,0,0
3400,461828653230,0,0
3401,461834586542,1,0
3402,461840021285,1,0
3403,461845174174,1,0
3404,461850916426,0,0
3405,461856636236,1,0
3406,461861909106,1,0
3407,461867263905,0,0
3408,461872878170,0,0
3409,461878578092,0,0
3410,461884549909,0,0
3411,461890517593,1,0
3412,461895851912,1,0
3413,461901073287,0,0
3414,461906793720,0,0
3415,461912516719,1,0
3416,461917754938,0,0
3417,461923583895,1,0
3418,461928831563,1,0
3419,461933909058,1,0
3420,461939084516,1,0
3421,461944340140,0,0
3422,461950067392,0,0
3423,461955857513,1,0
3424,461961047188,1,0
3425,461966182633,1,0
3426,461971442124,0,0
3427,461976960205,1,0
3428,461982100727,0,0
3429,461987639813,1,0
3430,461992905180,0,0
3431,461998679886,0,0
3432,462004551129,0,0
3433,462010081459,0,0
3434,462015874383,1,0
3435,462020989646,0,0
3436,462026640417,1,0
3437,462031863110,0,0
3438,462037537940,1,0
3439,462042750517,0,0
3440,462048615389,0,0
3441,462054486470,0,0
3442,462060138029,0,0
3443,462066071615,1,0
3444,462071057678,0,0
3445,462076589639,0,0
3446,462082074449,0,0
3447,462088023427,0,0
3448,462093635146,1,0
3449,462098869049,0,0
3450,462104645962,1,0
3451,462109848139,0,0
3452,462115500006,0,0
3453,462121090349,0,0
3454,462126933640,0,0
3455,462132379293,0,0
3456,462137948451,1,0
3457,462143154494,1,0
3458,462148645199,0,0
3459,462154588885,0,0
3460,462160801875,0,0
3461,462166665339,1,0
3462,462171895469,1,0
3463,462177079412,1,0
3464,462182496674,0,0
3465,462188168107,0,0
3466,462193941323,0,0
3467,462199758727,0,0
3468,462205810648,1,0
3469,462210973412,1,0
3470,462216087677,0,0
3471,462222588477,0,0
3472,462228547535,0,0
3473,462234619926,1,0
3474,462239709814,0,0
3475,462245599538,0,0
3476,462251315972,0,0
3477,462257121899,1,0
3478,462262028861,0,0
3479,462267764783,0,0
3480,462273064106,1,0
3481,462278167930,0,0
3482,462283830478,1,0
3483,462288937297,1,0
3484,462293990092,0,0
3485,462299639261,1,0
3486,462304896390,0,0
3487,462310504416,1,0
3488,462315717726,1,0
3489,462320902059,1,0
3490,462325926911,1,0
3491,462331052363,1,0
3492,462336067740,1,0
3493,462341051946,1,0
3494,462346093352,0,0
3495,462351766967,1,0
3496,462356843608,1,0
3497,462361947361,0,0
3498,462367841923,1,0
3499,462373149010,1,0
3500,462378082159,0,0
3501,462384096889,1,0
3502,462388994077,0,0
3503,462394559750,1,0
3504,462399778912,0,0
3505,462405539934,0,0
3506,462411105352,0,0
3507,462416924208,1,0
3508,462422076659,1,0
3509,462427158611,1,0
3510,462432715694,1,0
3511,462437933904,1,0
3512,462443094962,0,0
3513,462448793967,0,0
3514,462454696250,1,0
3515,462459858688,0,0
3516,462465802092,0,0
3517,462471660930,1,0
3518,462476849481,0,0
3519,462482635569,0,0
3520,462488691685,1,0
3521,462493957982,1,0
3522,462499080503,0,0
3523,462504876619,0,0
3524,462510674556,1,0
3525,462516104308,0,0
3526,462521754363,0,0
3527,462527400469,1,0
3528,462532928536,1,0
3529,462538121027,0,0
3530,462543781741,0,0
3531,462549478222,0,0
3532,462555080564,0,0
3533,462560726707,1,0
3534,462565911369,0,0
3535,462571838261,0,0
3536,462577608569,1,0
3537,462582857171,1,0
3538,462588069855,0,0
3539,462593788874,1,0
3540,462599218474,1,0
3541,462604913756,0,0
3542,462610552648,0,0
3543,462616497334,0,0
3544,462622067963,0,0
3545,462627868069,1,0
3546,462633436767,1,0
3547,462638903519,0,0
3548,462644588224,0,0
3549,462650478784,1,0
3550,462655710511,1,0
3551,462660851674,1,0
3552,462665945740,0,0
3553,462671528077,1,0
3554,462676767234,1,0
3555,462681953780,0,0
3556,462687656701,1,0
3557,462693066736,1,0
3558,462698480535,1,0
3559,462703842772,1,0
3560,462709056645,1,0
3561,462714410675,0,0
3562,462720103521,1,0
3563,462725474000,1,0
3564,462730921408,1,0
3565,462736575712,1,0
3566,462741796025,0,0
3567,462747458608,0,0
3568,462752928057,0,0
3569,462758619173,1,0
3570,462763906952,1,0
3571,462769069502,0,0
3572,462774701101,0,0
3573,462780607178,0,0
3574,462786580282,1,0
3575,462791816554,0,0
3576,462797680641,1,0
3577,462802867225,1,0
3578,462807969892,1,0
3579,462813017045,1,0
3580,462818072398,1,0
3581,462823306310,1,0
3582,462828596740,1,0
3583,462833750745,1,0
3584,462838988881,0,0
3585,462844654514,1,0
3586,462849868206,1,0
3587,462855095793,1,0
3588,462860857113,1,0
3589,462866181248,0,0
3590,462872026812,1,0
3591,462877229616,1,0
3592,462882904891,0,0
3593,462888905558,1,0
3594,462894197612,0,0
3595,462899982727,1,0
3596,462905513691,1,0
3597,462910774946,1,0
3598,462915957333,1,0
3599,462921039348,0,0
3600,462926904183,0,0
3601,462932784914,1,0
3602,462938156236,0,0
3603,462943935467,1,0
3604,462949075243,0,0
3605,462954854544,1,0
3606,462960546693,0,0
3607,462966467045,0,0
3608,462972124633,0,0
3609,462977625121,0,0
3610,462983435250,0,0
3611,462989021918,1,0
3612,462994102048,1,0
3613,462999653211,1,0
3614,463004770794,0,0
3615,463010560467,1,0
3616,463015816018,0,0
3617,463021529387,0,0
3618,463027072138,1,0
3619,463032485469,1,0
3620,463037851256,1,0
3621,463043055762,1,0
3622,463048069340,1,0
3623,463053210910,1,0
3624,463058604599,0,0
3625,463064173994,1,0
3626,463069425002,1,0
3627,463074683282,0,0
3628,463080472421,1,0
3629,463085751470,1,0
3630,463090872699,1,0
3631,463095949803,1,0
3632,463101140374,0,0
3633,463106947891,0,0
3634,463112697565,0,0
3635,463118515248,0,0
3636,463124334926,1,0
3637,463129912238,0,0
3638,463135680882,0,0
3639,463141579001,1,0
3640,463146713707,0,0
3641,463152066315,1,0
3642,463157152121,0,0
3643,463163087796,1,0
3644,463168182049,1,0
3645,463173219699,0,0
3646,463179090486,1,0
3647,463184148370,0,0
3648,463189642607,1,0
3649,463194734532,1,0
3650,463199813593,1,0
3651,463204871668,0,0
3652,463210409562,0,0
3653,463216089656,0,0
3654,463221831481,0,0
3655,463227645274,1,0
3656,463232953963,0,0
3657,463238735330,1,0
3658,463244128054,0,0
3659,463250079083,0,0
3660,463255685555,0,0
3661,463261423760,0,0
3662,463267157316,0,0
3663,463272716177,0,0
3664,463278678704,1,0
3665,463284076600,1,0
3666,463289235242,1,0
3667,463294727565,1,0
3668,463299865821,1,0
3669,463304991723,0,0
3670,463310774945,0,0
3671,463316393937,0,0
3672,463321936044,1,0
3673,463327504865,0,0
3674,463333644172,1,0
3675,463338722946,1,0
3676,463343817820,1,0
3677,463349044225,1,0
3678,463354156928,1,0
3679,463359437294,1,0
3680,463364498529,1,0
3681,463369631227,1,0
3682,463374680290,0,0
3683,463380152910,0,0
3684,463385598342,0,0
3685,463390956535,0,0
3686,463396197055,0,0
3687,463401483091,0,0
3688,463406695965,1,0
3689,463411825157,1,0
3690,463416946368,1,0
3691,463421972927,1,0
3692,463426979962,0,0
3693,463432389724,0,0
3694,463437850204,1,0
3695,463442934100,0,0
3696,463448515437,0,0
3697,463453984086,0,0
3698,463459470802,0,0
3699,463464898695,0,0
3700,463470422024,1,0
3701,463475511618,0,0
3702,463480957755,1,0
3703,463486031986,1,0
3704,463491076207,1,0
3705,463496283276,1,0
3706,463501345791,1,0
3707,463506547095,0,0
3708,463512440545,1,0
3709,463517594601,0,0
3710,463523249446,1,0
3711,463528460237,1,0
3712,463533548924,1,0
3713,463538631939,1,0
3714,463543778371,1,0
3715,463549017072,0,0
3716,463554630710,1,0
3717,463559680407,1,0
3718,463564796354,1,0
3719,463570077448,0,0
3720,463575900679,1,0
3721,463581098348,1,0
3722,463586660173,1,0
3723,463591965573,0,0
3724,463597756418,0,0
3725,463603589960,1,0
3726,463608936242,1,0
3727,463614443848,1,0
3728,463619900541,0,0
3729,463625710746,1,0
3730,463630856092,0,0
3731,463636635691,0,0
3732,463642549201,0,0
3733,463648531781,0,0
3734,463654162846,1,0
3735,463659591743,0,0
3736,463665438108,0,0
3737,463670997926,0,0
3738,463676750110,1,0
3739,463681903813,0,0
3740,463687548714,0,0
3741,463693145131,0,0
3742,463698661896,1,0
3743,463703982880,0,0
3744,463709622886,0,0
3745,463715347287,1,0
3746,463720558277,0,0
3747,463726185755,0,0
3748,463731761410,1,0
3749,463736795866,0,0
3750,463742277224,0,0
3751,463748140424,1,0
3752,463753082012,1,0
3753,463758220526,0,0
3754,463763619451,1,0
3755,463768942335,0,0
3756,463774442461,0,0
3757,463780128164,0,0
3758,463785667192,1,0
3759,463791035409,0,0
3760,463796394744,0,0
3761,463802152767,1,0
3762,463807071286,0,0
3763,463812741568,1,0
3764,463817760805,1,0
3765,463822787539,1,0
3766,463828074119,1,0
3767,463833207666,0,0
3768,463838901606,0,0
3769,463844546008,0,0
3770,463850125232,1,0
3771,463855250018,0,0
3772,463860976169,1,0
3773,463866079207,0,0
3774,463871725374,1,0
3775,463876993444,0,0
3776,463882776904,1,0
3777,463888072954,0,0
3778,463893648708,0,0
3779,463899608175,0,0
3780,463905539931,1,0
3781,463910687761,0,0
3782,463916614740,0,0
3783,463922270936,0,0
3784,463928166447,0,0
3785,463933874388,1,0
3786,463938941142,1,0
3787,463943985579,0,0
3788,463949449437,1,0
3789,463954624999,0,0
3790,463960270550,0,0
3791,463965956190,0,0
3792,463971389705,1,0
3793,463976643582,0,0
3794,463982387317,0,0
3795,463987887541,0,0
3796,463993459980,1,0
3797,463998485482,1,0
3798,464003621167,0,0
3799,464009281467,0,0
3800,464015137474,1,0
3801,464020334030,0,0
3802,464025838367,1,0
3803,464030986485,1,0
3804,464035972986,1,0
3805,464041050552,0,0
3806,464046819067,1,0
3807,464051973522,0,0
3808,464057447299,0,0
3809,464063180012,1,0
3810,464068082557,0,0
3811,464073761800,1,0
3812,464078850413,1,0
3813,464083968428,1,0
3814,464089052116,0,0
3815,464094584054,1,0
3816,464099759738,0,0
3817,464105217458,0,0
3818,464110716681,1,0
3819,464115942784,0,0
3820,464121651450,1,0
3821,464126902751,1,0
3822,464132154922,1,0
3823,464137641738,0,0
3824,464143462834,1,0
3825,464148780506,1,0
3826,464154080116,0,0
3827,464159741581,0,0
3828,464165599643,0,0
3829,464171191119,1,0
3830,464176357424,0,0
3831,464182148633,1,0
3832,464187162849,0,0
3833,464192726929,0,0
3834,464198338036,1,0
3835,464203557643,0,0
3836,464209640054,1,0
3837,464214800476,0,0
3838,464220388299,1,0
3839,464225445554,1,0
3840,464230584241,0,0
3841,464236342439,0,0
3842,464242129465,1,0
3843,464247082395,1,0
3844,464252082481,1,0
3845,464257280896,1,0
3846,464262410170,1,0
3847,464267593783,0,0
3848,464273307544,1,0
3849,464278499669,0,0
3850,464284198839,1,0
3851,464289227975,1,0
3852,464294259205,0,0
3853,464299980110,1,0
3854,464304945971,1,0
3855,464310161125,1,0
3856,464315079651,0,0
3857,464320755723,1,0
3858,464325789728,1,0
3859,464330849364,0,0
3860,464336369942,1,0
3861,464341567803,0,0
3862,464347195595,1,0
3863,464352225598,1,0
3864,464357336244,1,0
3865,464362466878,0,0
3866,464368166997,1,0
3867,464373171279,1,0
3868,464378214397,1,0
3869,464383279856,0,0
3870,464388928764,0,0
3871,464394443230,0,0
3872,464400090257,0,0
3873,464405708947,0,0
3874,464411409303,1,0
3875,464416761865,1,0
3876,464421904497,1,0
3877,464427050802,1,0
3878,464432121179,0,0
3879,464437928124,0,0
3880,464443794852,1,0
3881,464448901737,1,0
3882,464454114124,0,0
3883,464459782555,1,0
3884,464464868202,0,0
3885,464470418590,0,0
3886,464475900858,1,0
3887,464480966370,0,0
3888,464486591287,1,0
3889,464491700155,0,0
3890,464497150487,0,0
3891,464502627909,1,0
3892,464507710270,0,0
3893,464513237494,0,0
3894,464518663103,0,0
3895,464524187387,1,0
3896,464529215765,1,0
3897,464534280039,0,0
3898,464539951048,1,0
3899,464545022888,0,0
3900,464550668778,0,0
3901,464556359656,1,0
3902,464561469409,0,0
3903,464567176932,0,0
3904,464572950655,1,0
3905,464578083983,1,0
3906,464583185736,0,0
3907,464588950399,0,0
3908,464594561805,0,0
3909,464600079361,0,0
3910,464605627539,1,0
3911,464610741042,1,0
3912,464615826446,0,0
3913,464621428950,0,0
3914,464627133057,0,0
3915,464632615264,0,0
3916,464638281892,0,0
3917,464644059617,1,0
3918,464649061000,0,0
3919,464654460355,0,0
3920,464660042794,0,0
3921,464665603171,1,0
3922,464670799342,1,0
3923,464675849819,0,0
3924,464681335953,0,0
3925,464686911591,1,0
3926,464691925589,1,0
3927,464696928193,1,0
3928,464701947392,1,0
3929,464707051844,0,0
3930,464712653986,0,0
3931,464718158131,0,0
3932,464723637103,1,0
3933,464728720765,1,0
3934,464733923579,1,0
3935,464739055775,1,0
3936,464744129605,0,0
3937,464750084421,1,0
3938,464755274432,0,0
3939,464761118961,0,0
3940,464766771325,0,0
3941,464772535488,0,0
3942,464778180811,1,0
3943,464783441236,0,0
3944,464789177455,1,0
3945,464794196320,0,0
3946,464799959452,0,0
3947,464805597307,1,0
3948,464810813889,0,0
3949,464816332273,1,0
3950,464821423775,1,0
3951,464826478267,0,0
3952,464832066308,1,0
3953,464837232431,0,0
3954,464843040708,1,0
3955,464848048837,0,0
3956,464853848320,1,0
3957,464858983939,1,0
3958,464864265167,1,0
3959,464869322515,0,0
3960,464875036088,1,0
3961,464880197098,0,0
3962,464886172089,1,0
3963,464891060764,1,0
3964,464896509023,1,0
3965,464901551357,1,0
3966,464906632324,1,0
3967,464911708636,1,0
3968,464916781704,0,0
3969,464922334029,1,0
3970,464927349567,1,0
3971,464932354635,1,0
3972,464937358945,0,0
3973,464942842382,0,0
3974,464948350841,0,0
3975,464953705479,1,0
3976,464958738297,1,0
3977,464963751462,1,0
3978,464968818168,1,0
3979,464973815541,0,0
3980,464979244438,1,0
3981,464984227010,1,0
3982,464989263119,1,0
3983,464994475301,0,0
3984,465000184715,1,0
3985,465005134367,1,0
3986,465010231407,1,0
3987,465015228053,0,0
3988,465021138238,0,0
3989,465026506135,1,0
3990,465031574544,1,0
3991,465036757288,1,0
3992,465041884590,1,0
3993,465046894077,1,0
3994,465051920403,0,0
3995,465057582969,1,0
3996,465062743616,0,0
3997,465068349523,1,0
3998,465073591901,1,0
3999,465078650711,0,0
4000,465084586647,0,0
4001,465090624472,0,0
4002,465096205757,1,0
4003,465101586101,1,0
4004,465106832972,1,0
4005,465111899396,0,0
4006,465117636642,1,0
4007,465122976083,0,0
4008,465128666911,1,0
4009,465133996992,1,0
4010,465139187013,1,0
4011,465144336593,0,0
4012,465149811291,1,0
4013,465154953397,0,0
4014,465160723390,1,0
4015,465165920913,0,0
4016,465171424224,1,0
4017,465176670793,0,0
4018,465182625572,1,0
4019,465187820733,0,0
4020,465193583341,0,0
4021,465199554501,1,0
4022,465205041989,0,0
4023,465210704806,0,0
4024,465216376580,1,0
4025,465221581133,1,0
4026,465226702631,1,0
4027,465231799464,1,0
4028,465236893369,1,0
4029,465242168902,0,0
4030,465247706997,1,0
4031,465252933646,0,0
4032,465258777514,0,0
4033,465264352208,1,0
4034,465269448255,0,0
4035,465274947398,0,0
4036,465280363603,0,0
4037,465285830460,1,0
4038,465290859501,0,0
4039,465296485322,1,0
4040,465301522916,0,0
4041,465307062248,0,0
4042,465312570609,0,0
4043,465318171153,1,0
4044,465323234529,0,0
4045,465328850236,0,0
4046,465334330274,1,0
4047,465339470024,1,0
4048,465344596598,0,0
4049,465350189585,0,0
4050,465356094502,1,0
4051,465361654694,1,0
4052,465366882805,0,0
4053,465372514736,0,0
4054,465378156770,1,0
4055,465383195914,1,0
4056,465388554003,1,0
4057,465393799343,0,0
4058,465399374633,1,0
4059,465404547211,1,0
4060,465409682934,0,0
4061,465415286753,1,0
4062,465420565756,0,0
4063,465426259938,1,0
4064,465431544550,0,0
4065,465437206537,0,0
4066,465442957892,1,0
4067,465448097574,0,0
4068,465453829845,1,0
4069,465458980598,0,0
4070,465464702881,1,0
4071,465469927917,1,0
4072,465474855055,0,0
4073,465480311622,0,0
4074,465485909424,0,0
4075,465491655540,1,0
4076,465496735013,0,0
4077,465502383705,0,0
4078,465507992120,1,0
4079,465513115502,1,0
4080,465518366693,0,0
4081,465523727649,1,0
4082,465528960540,0,0
4083,465534507302,0,0
4084,465540037743,1,0
4085,465545518737,0,0
4086,465551230985,0,0
4087,465557023436,0,0
4088,465562686060,1,0
4089,465567773201,0,0
4090,465573316920,0,0
4091,465579050018,1,0
4092,465584024405,0,0
4093,465589675595,1,0
4094,465594767407,1,0
4095,465599893299,0,0
4096,465605506396,1,0
4097,465610720979,0,0
4098,465616324076,1,0
4099,465621478917,0,0
4100,465627043641,0,0
4101,465632389482,0,0
4102,465637842241,1,0
4103,465642923615,0,0
4104,465648593984,0,0
4105,465654210580,1,0
4106,465659841303,0,0
4107,465665628153,0,0
4108,465671519369,1,0
4109,465676704029,1,0
4110,465681802801,0,0
4111,465687459542,0,0
4112,465693659870,1,0
4113,465698916741,0,0
4114,465704573133,0,0
4115,465710231586,1,0
4116,465715336325,1,0
4117,465720625759,1,0
4118,465725749767,0,0
4119,465731440783,1,0
4120,465736658198,0,0
4121,465742354852,0,0
4122,465748075563,1,0
4123,465753281277,1,0
4124,465758493174,1,0
4125,465763825058,0,0
4126,465769219539,0,0
4127,465774558947,1,0
4128,465779590361,0,0
4129,465785034379,0,0
4130,465790615007,0,0
4131,465796374548,1,0
4132,465801676369,1,0
4133,465806731415,0,0
4134,465812279281,1,0
4135,465817465695,1,0
4136,465822701349,0,0
4137,465828451678,0,0
4138,465834336716,1,0
4139,465839525010,0,0
4140,465845130058,0,0
4141,465851151152,1,0
4142,465856670785,1,0
4143,465861950565,1,0
4144,465867151021,1,0
4145,465872528074,1,0
4146,465877824929,1,0
4147,465882957225,1,0
4148,465888046658,0,0
4149,465893949916,1,0
4150,465899599412,1,0
4151,465904855453,0,0
4152,465910561513,0,0
4153,465916075294,0,0
4154,465921789668,0,0
4155,465927836889,1,0
4156,465933059455,1,0
4157,465938052414,1,0
4158,465943111233,1,0
4159,465948504531,0,0
4160,465953955710,0,0
4161,465959469597,1,0
4162,465964685901,0,0
4163,465970284646,0,0
4164,465975883705,1,0
4165,465981068041,0,0
4166,465986617940,1,0
4167,465991996535,1,0
4168,465997021670,0,0
4169,466002725461,1,0
4170,466007920905,0,0
4171,466013595920,0,0
4172,466019310052,0,0
4173,466024993213,1,0
4174,466030130524,1,0
4175,466035133394,1,0
4176,466040415223,1,0
4177,466045633423,1,0
4178,466050948554,0,0
4179,466056609699,1,0
4180,466061875300,1,0
4181,466066989286,0,0
4182,466072625095,0,0
4183,466078191363,0,0
4184,466083911987,1,0
4185,466089217873,1,0
4186,466094604383,0,0
4187,466100241992,0,0
4188,466105911029,0,0
4189,466111328406,0,0
4190,466117061266,1,0
4191,466122055720,1,0
4192,466127202756,0,0
4193,466132727741,1,0
4194,466138036737,1,0
4195,466143026447,1,0
4196,466148065073,1,0
4197,466153132256,1,0
4198,466158204535,0,0
4199,466163866240,0,0
4200,466169360385,1,0
4201,466174570358,1,0
4202,466179773560,0,0
4203,466185353152,0,0
4204,466191160291,0,0
4205,466196683229,1,0
4206,466201887305,0,0
4207,466207370998,1,0
4208,466212545691,1,0
4209,466217688724,1,0
4210,466222857562,0,0
4211,466228405541,0,0
4212,466234173652,0,0
4213,466239555217,0,0
4214,466245180507,1,0
4215,466250067186,1,0
4216,466255227395,0,0
4217,466260779782,1,0
4218,466265849686,0,0
4219,466271370600,0,0
4220,466276791554,0,0
4221,466282271958,0,0
4222,466288065146,1,0
4223,466293178745,1,0
4224,466298157281,0,0
4225,466303811992,0,0
4226,466309325054,0,0
4227,466314810238,0,0
4228,466320254156,0,0
4229,466325893385,1,0
4230,466331070623,1,0
4231,466336226082,0,0
4232,466341993852,0,0
4233,466347367147,0,0
4234,466353036286,1,0
4235,466358064096,1,0
4236,466363210557,1,0
4237,466368250787,0,0
4238,466373838197,1,0
4239,466378968331,0,0
4240,466384375050,0,0
4241,466389989775,0,0
4242,466395577227,1,0
4243,466400740311,0,0
4244,466406550907,1,0
4245,466411835393,1,0
4246,466417039602,0,0
4247,466422601738,0,0
4248,466428141136,0,0
4249,466433824381,1,0
4250,466439044085,0,0
4251,466444335512,0,0
4252,466450182273,0,0
4253,466455576019,0,0
4254,466461222201,0,0
4255,466467087519,0,0
4256,466472395185,0,0
4257,466478167050,0,0
4258,466483530155,1,0
4259,466488802011,1,0
4260,466493898405,0,0
4261,466499512992,0,0
4262,466505112167,0,0
4263,466511023119,0,0
4264,466516737618,1,0
4265,466521883428,1,0
4266,466526928049,1,0
4267,466532072310,0,0
4268,466537798374,0,0
4269,466543406318,0,0
4270,466549183360,1,0
4271,466554041921,1,0
4272,466559378495,0,0
4273,466565056503,0,0
4274,466570555890,1,0
4275,466575626572,0,0
4276,466581138929,1,0
4277,466586547103,0,0
4278,466592081358,1,0
4279,466597266544,0,0
4280,466602974836,0,0
4281,466608664364,0,0
4282,466614248623,1,0
4283,466619506200,0,0
4284,466625066769,0,0
4285,466630994854,1,0
4286,466636018822,0,0
4287,466641809966,1,0
4288,466646880225,1,0
4289,466652047389,0,0
4290,466657553200,0,0
4291,466663186636,1,0
4292,466668290187,1,0
4293,466673684592,1,0
4294,466678722361,0,0
4295,466684385899,0,0
4296,466690062542,1,0
4297,466695154717,0,0
4298,466701081861,1,0
4299,466706166793,0,0
4300,466711726766,1,0
4301,466716828545,1,0
4302,466721930201,1,0
4303,466727072265,1,0
4304,466732289349,0,0
4305,466737829827,0,0
4306,466743324417,0,0
4307,466749168590,0,0
4308,466754587711,0,0
4309,466760083260,0,0
4310,466766042481,1,0
4311,466771070073,0,0
4312,466776732635,0,0
4313,466782417367,0,0
4314,466788114752,1,0
4315,466793285766,0,0
4316,466799070381,0,0
4317,466805073606,0,0
4318,466810519632,0,0
4319,466816142528,0,0
4320,466821813328,0,0
4321,466827384270,0,0
4322,466833052960,0,0
4323,466838735643,0,0
4324,466844235697,1,0
4325,466849398788,1,0
4326,466854636174,1,0
4327,466859902274,0,0
4328,466865658671,0,0
4329,466871231380,0,0
4330,466876796945,1,0
4331,466882203525,0,0
4332,466888156951,1,0
4333,466893316630,1,0
4334,466898574014,0,0
4335,466904548319,0,0
4336,466910062429,1,0
4337,466915144107,0,0
4338,466920848807,0,0
4339,466926362598,0,0
4340,466932031563,1,0
4341,466937056574,0,0
4342,466942628049,1,0
4343,466947636010,0,0
4344,466953287520,1,0
4345,466958518466,0,0
4346,466964131560,1,0
4347,466969227452,1,0
4348,466974457913,1,0
4349,466979669599,0,0
4350,466985216229,0,0
4351,466990668465,1,0
4352,466995764437,1,0
4353,467000948209,1,0
4354,467006026361,0,0
4355,467012121448,1,0
4356,467017059527,1,0
4357,467022230064,1,0
4358,467027287698,0,0
4359,467033292217,0,0
4360,467038929082,0,0
4361,467044495832,0,0
4362,467050072119,1,0
4363,467055247800,1,0
4364,467060358596,1,0
4365,467065581202,0,0
4366,467071227439,1,0
4367,467076276941,1,0
4368,467081453858,0,0
4369,467087070423,0,0
4370,467092658253,1,0
4371,467097984995,1,0
4372,467103140090,0,0
4373,467109077313,1,0
4374,467114321173,1,0
4375,467119720019,0,0
4376,467125292675,1,0
4377,467130548005,1,0
4378,467135802743,1,0
4379,467141082824,0,0
4380,467146869613,1,0
4381,467152148004,1,0
4382,467157401760,1,0
4383,467162639008,1,0
4384,467168221807,0,0
4385,467174221490,0,0
4386,467180053156,1,0
4387,467185062909,1,0
4388,467190153509,1,0
4389,467195239101,0,0
4390,467200960504,1,0
4391,467206058286,0,0
4392,467211696804,0,0
4393,467217221051,0,0
4394,467223133837,0,0
4395,467228544600,0,0
4396,467234194092,0,0
4397,467240060952,1,0
4398,467245158362,0,0
4399,467250642309,1,0
4400,467255738027,1,0
4401,467260823036,0,0
4402,467266489580,1,0
4403,467271617882,0,0
4404,467277059909,0,0
4405,467282551654,1,0
4406,467287717945,1,0
4407,467292816087,0,0
4408,467298222458,0,0
4409,467303875245,1,0
4410,467309031898,1,0
4411,467314054380,1,0
4412,467319278079,0,0
4413,467324807408,0,0
4414,467330300849,0,0
4415,467336237660,1,0
4416,467341785129,0,0
4417,467347580989,0,0
4418,467353238273,0,0
4419,467359028016,0,0
4420,467364710471,0,0
4421,467370449974,0,0
4422,467376056268,1,0
4423,467381172346,1,0
4424,467386229216,1,0
4425,467391223104,1,0
4426,467396260164,0,0
4427,467402038898,1,0
4428,467407144443,0,0
4429,467412791040,1,0
4430,467417836771,1,0
4431,467422925830,0,0
4432,467428500991,1,0
4433,467433570471,1,0
4434,467438909037,1,0
4435,467444144220,0,0
4436,467449765933,1,0
4437,467454940099,0,0
4438,467460683462,0,0
4439,467466421613,0,0
4440,467472184268,1,0
4441,467477144413,0,0
4442,467482701569,1,0
4443,467487791934,0,0
4444,467493337872,0,0
4445,467499093783,0,0
4446,467504793705,0,0
4447,467510381795,1,0
4448,467515641580,0,0
4449,467521411630,0,0
4450,467527091845,1,0
4451,467532469906,1,0
4452,467537725843,1,0
4453,467543044143,1,0
4454,467548069251,0,0
4455,467553803956,0,0
4456,467559287493,1,0
4457,467564710744,0,0
4458,467570667767,0,0
4459,467576362632,0,0
4460,467582057786,1,0
4461,467586974450,0,0
4462,467592498967,0,0
4463,467598183652,1,0
4464,467603333188,1,0
4465,467608655056,0,0
4466,467614292823,0,0
4467,467619982979,1,0
4468,467625027814,1,0
4469,467630312493,1,0
4470,467635535601,0,0
4471,467641380147,1,0
4472,467646488145,0,0
4473,467652089942,0,0
4474,467657471545,1,0
4475,467662565490,1,0
4476,467667635028,0,0
4477,467673432281,1,0
4478,467678523411,0,0
4479,467684168197,1,0
4480,467689286387,0,0
4481,467694979328,0,0
4482,467700694842,1,0
4483,467705856980,0,0
4484,467711618873,1,0
4485,467716707724,0,0
4486,467722055663,0,0
4487,467727283115,0,0
4488,467732531485,1,0
4489,467737681531,0,0
4490,467743157068,0,0
4491,467748994610,1,0
4492,467754053613,1,0
4493,467759214401,0,0
4494,467764806897,0,0
4495,467770281766,0,0
4496,467775851975,0,0
4497,467781373933,1,0
4498,467786621509,1,0
4499,467791757440,0,0
4500,467797308695,1,0
4501,467802523936,1,0
4502,467807638039,1,0
4503,467812748717,1,0
4504,467818045376,1,0
4505,467823303536,1,0
4506,467828475023,1,0
4507,467833659601,1,0
4508,467838709799,0,0
4509,467843980628,1,0
4510,467849050407,0,0
4511,467854656416,1,0
4512,467859752532,0,0
4513,467865150932,0,0
4514,467870620947,0,0
4515,467876163928,0,0
4516,467881563680,0,0
4517,467886760509,0,0
4518,467892021756,0,0
4519,467897219962,0,0
4520,467902458836,0,0
4521,467907681677,1,0
4522,467912919250,1,0
4523,467918051513,0,0
4524,467923605358,1,0
4525,467928839632,0,0
4526,467934284919,1,0
4527,467939571332,1,0
4528,467944818531,1,0
4529,467949967713,1,0
4530,467955059544,1,0
4531,467960252400,0,0
4532,467965860288,1,0
4533,467971011722,1,0
4534,467976140203,1,0
4535,467981340120,1,0
4536,467986665812,0,0
4537,467992169693,1,0
4538,467997380572,0,0
4539,468002991731,0,0
4540,468008578800,0,0
4541,468014036291,1,0
4542,468019147682,0,0
4543,468024777932,1,0
4544,468029937603,0,0
4545,468035572918,0,0
4546,468040918065,1,0
4547,468045995029,1,0
4548,468051054816,1,0
4549,468056082949,1,0
4550,468061250233,1,0
4551,468066302918,1,0
4552,468071436279,1,0
4553,468076572785,1,0
4554,468081673655,0,0
4555,468087100811,1,0
4556,468092162351,1,0
4557,468097366789,0,0
4558,468102711140,0,0
4559,468108065015,1,0
4560,468113055869,0,0
4561,468118313646,0,0
4562,468123648824,0,0
4563,468129021616,1,0
4564,468134163508,1,0
4565,468139324752,1,0
4566,468144541926,1,0
4567,468149804066,1,0
4568,468154949170,1,0
4569,468160060668,1,0
4570,468165130853,0,0
4571,468170456426,0,0
4572,468175727421,1,0
4573,468181012945,1,0
4574,468186061923,0,0
4575,468191456893,1,0
4576,468196436898,1,0
4577,468201437087,1,0
4578,468206468275,0,0
4579,468211618571,0,0
4580,468217068593,0,0
4581,468222496406,0,0
4582,468228026534,0,0
4583,468233631247,1,0
4584,468238681549,1,0
4585,468243691543,0,0
4586,468249155531,0,0
4587,468254613612,0,0
4588,468260010919,1,0
4589,468265047359,0,0
4590,468270432066,1,0
4591,468275479400,1,0
4592,468280627524,1,0
4593,468285792242,1,0
4594,468291288182,1,0
4595,468296538057,0,0
4596,468301834855,0,0
4597,468307275515,0,0
4598,468312561246,1,0
4599,468317735429,0,0
4600,468323281275,0,0
4601,468328915779,0,0
4602,468334075754,1,0
4603,468339285546,1,0
4604,468344544995,1,0
4605,468349833866,1,0
4606,468355062768,0,0
4607,468360686946,0,0
4608,468366265019,0,0
4609,468372037681,1,0
4610,468377029481,0,0
4611,468382370772,0,0
4612,468387967217,1,0
4613,468393060456,1,0
4614,468398137958,1,0
4615,468403251056,1,0
4616,468408314341,1,0
4617,468413754979,1,0
4618,468419048216,0,0
4619,468424894555,0,0
4620,468430482215,1,0
4621,468435764299,1,0
4622,468440923949,0,0
4623,468446445447,0,0
4624,468452070793,0,0
4625,468457760702,1,0
4626,468462834466,0,0
4627,468468392203,0,0
4628,468474115277,0,0
4629,468479578912,0,0
4630,468485178816,0,0
4631,468490817650,1,0
4632,468495895792,1,0
4633,468500952360,0,0
4634,468506344560,0,0
4635,468511993089,0,0
4636,468517526805,0,0
4637,468523538269,0,0
4638,468529105978,0,0
4639,468534670758,0,0
4640,468540186849,1,0
4641,468545557860,1,0
4642,468550861106,1,0
4643,468555965990,0,0
4644,468561724707,1,0
4645,468567021645,0,0
4646,468572477749,1,0
4647,468577718584,1,0
4648,468582845605,0,0
4649,468588213729,0,0
4650,468593801840,1,0
4651,468598992804,1,0
4652,468604157566,0,0
4653,468609913002,0,0
4654,468615437747,1,0
4655,468620698803,0,0
4656,468626565091,0,0
4657,468632172717,0,0
4658,468638044619,1,0
4659,468643063403,1,0
4660,468648214747,1,0
4661,468653277172,1,0
4662,468658479691,1,0
4663,468663641256,0,0
4664,468669279678,1,0
4665,468674522876,1,0
4666,468679821078,0,0
4667,468685299097,0,0
4668,468690869461,1,0
4669,468696089531,1,0
4670,468701070768,0,0
4671,468706853134,1,0
4672,468712080354,0,0
4673,468717878739,1,0
4674,468723077662,0,0
4675,468729026587,1,0
4676,468734067559,1,0
4677,468739140990,1,0
4678,468744237156,0,0
4679,468750049665,1,0
4680,468755061248,1,0
4681,468760220084,0,0
4682,468765988200,1,0
4683,468771071190,0,0
4684,468777074859,1,0
4685,468782318391,0,0
4686,468787982497,0,0
4687,468793373262,0,0
4688,468799063131,0,0
4689,468804659641,1,0
4690,468809975698,0,0
4691,468815734908,1,0
4692,468820793198,0,0
4693,468826382332,0,0
4694,468832166537,1,0
4695,468837078477,1,0
4696,468842316345,1,0
4697,468847623979,1,0
4698,468852766336,0,0
4699,468858618613,1,0
4700,468863954652,0,0
4701,468869675710,0,0
4702,468875662854,1,0
4703,468880893109,1,0
4704,468886143991,0,0
4705,468891793734,0,0
4706,468897756151,0,0
4707,468903562207,1,0
4708,468908739214,0,0
4709,468914374055,1,0
4710,468919805890,0,0
4711,468925402166,0,0
4712,468931142195,0,0
4713,468937424079,0,0
4714,468943172741,0,0
4715,468949097423,0,0
4716,468954566833,1,0
4717,468959703907,0,0
4718,468965426894,0,0
4719,468971094055,1,0
4720,468976255563,1,0
4721,468981289884,0,0
4722,468986900774,0,0
4723,468992545160,0,0
4724,468998108116,1,0
4725,469003144225,0,0
4726,469008894370,0,0
4727,469014555782,0,0
4728,469020073207,1,0
4729,469025213533,1,0
4730,469030290518,0,0
4731,469036071314,1,0
4732,469041061271,0,0
4733,469046783499,1,0
4734,469052056065,1,0
4735,469056983791,0,0
4736,469062737586,0,0
4737,469068211939,0,0
4738,469074025602,0,0
4739,469079789018,1,0
4740,469084920983,0,0
4741,469090541426,0,0
4742,469096150813,0,0
4743,469101740447,1,0
4744,469106884308,0,0
4745,469112436195,1,0
4746,469117535034,1,0
4747,469122795839,0,0
4748,469128500499,0,0
4749,469134152732,1,0
4750,469139260739,0,0
4751,469145052594,0,0
4752,469150841505,0,0
4753,469156632253,1,0
4754,469161970593,1,0
4755,469167184416,1,0
4756,469172329491,1,0
4757,469177662370,0,0
4758,469183286422,1,0
4759,469188544023,0,0
4760,469194112358,1,0
4761,469199216397,0,0
4762,469205035453,1,0
4763,469210067546,0,0
4764,469215775063,1,0
4765,469220846329,1,0
4766,469225913195,1,0
4767,469230997953,1,0
4768,469236062981,0,0
4769,469242080103,1,0
4770,469247556104,0,0
4771,469253143311,0,0
4772,469258905135,0,0
4773,469264574732,1,0
4774,469269737183,1,0
4775,469274922379,1,0
4776,469280039778,1,0
4777,469285057207,1,0
4778,469290229551,0,0
4779,469299555210,1,0
4780,469304773027,1,0
4781,469310055061,1,0
4782,469315617720,0,0
4783,469321154091,1,0
4784,469326411469,1,0
4785,469331619259,0,0
4786,469337281218,0,0
4787,469342893347,1,0
4788,469348090134,1,0
4789,469353329402,1,0
4790,469358454909,0,0
4791,469363925435,1,0
4792,469369156109,0,0
4793,469374947533,1,0
4794,469380086944,0,0
4795,469385787515,1,0
4796,469390930497,0,0
4797,469396644722,1,0
4798,469401741505,0,0
4799,469407363674,1,0
4800,469412620668,1,0
4801,469417983196,0,0
4802,469423578371,1,0
4803,469428792896,0,0
4804,469434474265,0,0
4805,469440199614,1,0
4806,469445248286,1,0
4807,469450594146,0,0
4808,469456118635,1,0
4809,469461195693,1,0
4810,469466532199,1,0
4811,469471649471,1,0
4812,469476684226,0,0
4813,469482537866,0,0
4814,469488112146,1,0
4815,469493195878,1,0
4816,469498308953,1,0
4817,469503623324,0,0
4818,469509198096,0,0
4819,469515122755,0,0
4820,469520386182,0,0
4821,469526121877,1,0
4822,469531146887,0,0
4823,469536709633,1,0
4824,469541784035,0,0
4825,469547284082,0,0
4826,469552982492,0,0
4827,469558600402,1,0
4828,469563795073,0,0
4829,469569336892,0,0
4830,469574947231,0,0
4831,469580658351,1,0
4832,469585828747,1,0
4833,469590933761,0,0
4834,469596506924,1,0
4835,469601726234,1,0
4836,469606750111,0,0
4837,469612441362,0,0
4838,469618156984,1,0
4839,469623573330,0,0
4840,469629311234,1,0
4841,469634572723,0,0
4842,469640111002,0,0
4843,469645921637,1,0
4844,469651192035,0,0
4845,469656789212,0,0
4846,469662347058,1,0
4847,469667481780,0,0
4848,469673164038,1,0
4849,469678072121,0,0
4850,469684032704,0,0
4851,469689623406,1,0
4852,469694901157,0,0
4853,469700672602,0,0
4854,469706422999,0,0
4855,469712319481,0,0
4856,469718103500,0,0
4857,469723690706,1,0
4858,469728832757,0,0
4859,469734347846,1,0
4860,469739499503,1,0
4861,469744976529,0,0
4862,469750838050,0,0
4863,469756761402,0,0
4864,469762625618,1,0
4865,469767957968,1,0
4866,469773085289,1,0
4867,469778427857,1,0
4868,469783820576,0,0
4869,469789388807,1,0
4870,469794637416,1,0
4871,469799900205,0,0
4872,469805393482,1,0
4873,469810632194,1,0
4874,469815805108,0,0
4875,469821608865,0,0
4876,469827070409,0,0
4877,469832793964,0,0
4878,469838334719,0,0
4879,469843874073,1,0
4880,469848931285,0,0
4881,469854538213,1,0
4882,469859630593,1,0
4883,469864725803,1,0
4884,469869783121,0,0
4885,469875516347,0,0
4886,469881234020,1,0
4887,469886608819,1,0
4888,469891858062,0,0
4889,469897854391,0,0
4890,469903714591,0,0
4891,469909405606,1,0
4892,469914676493,1,0
4893,469920030957,1,0
4894,469924986001,1,0
4895,469930038571,0,0
4896,469935629933,1,0
4897,469940767051,1,0
4898,469945896168,0,0
4899,469951799967,1,0
4900,469956846834,1,0
4901,469961862685,0,0
4902,469967384296,0,0
4903,469972967761,1,0
4904,469978048968,1,0
4905,469983083616,0,0
4906,469988701511,1,0
4907,469993760024,1,0
4908,469998970191,1,0
4909,470004091951,1,0
4910,470009113129,1,0
4911,470014199251,0,0
4912,470020064471,0,0
4913,470025631559,1,0
4914,470030855517,1,0
4915,470035921616,1,0
4916,470040955444,0,0
4917,470046402162,0,0
4918,470051920690,1,0
4919,470056936653,0,0
4920,470062363202,1,0
4921,470067392251,1,0
4922,470072414422,1,0
4923,470077448605,1,0
4924,470082668326,0,0
4925,470088156185,0,0
4926,470093756781,0,0
4927,470099250511,0,0
4928,470104706896,0,0
4929,470110264442,1,0
4930,470115407868,0,0
4931,470120848745,1,0
4932,470125955383,1,0
4933,470131047583,1,0
4934,470136127481,1,0
4935,470141231740,0,0
4936,470146687291,0,0
4937,470152268404,0,0
4938,470157908505,0,0
4939,470163347695,1,0
4940,470168563931,0,0
4941,470174113260,0,0
4942,470179507507,0,0
4943,470185247186,1,0
4944,470190264571,0,0
4945,470195943465,1,0
4946,470201263905,0,0
4947,470206981932,0,0
4948,470212644183,1,0
4949,470217972880,0,0
4950,470223641979,0,0
4951,470229257998,1,0
4952,470234471583,0,0
4953,470240111388,0,0
4954,470245731042,1,0
4955,470250845361,1,0
4956,470255918871,0,0
4957,470261641529,0,0
4958,470267133515,1,0
4959,470272243893,0,0
4960,470277922407,0,0
4961,470283806189,1,0
4962,470288995254,0,0
4963,470294535638,0,0
4964,470300179558,0,0
4965,470306019978,1,0
4966,470311061553,1,0
4967,470316117676,0,0
4968,470321840643,1,0
4969,470326981452,0,0
4970,470332535720,0,0
4971,470338064724,1,0
4972,470343311835,1,0
4973,470348494800,1,0
4974,470353701871,0,0
4975,470359235638,0,0
4976,470364840060,1,0
4977,470369906072,1,0
4978,470374898237,1,0
4979,470379920935,0,0
4980,470385177700,1,0
4981,470390347003,0,0
4982,470395948537,1,0
4983,470400991938,1,0
4984,470406052076,1,0
4985,470411045756,0,0
4986,470416792026,1,0
4987,470421953535,0,0
4988,470427638935,1,0
4989,470432792358,1,0
4990,470437957954,0,0
4991,470443641591,1,0
4992,470448759516,0,0
4993,470454490123,1,0
4994,470459756284,0,0
4995,470465417697,1,0
4996,470470650009,1,0
4997,470475815546,0,0
4998,470481555705,1,0
4999,470486935229,1,0
5000,470492021370,0,0
5001,470497329521,1,0
5002,470502692197,1,0
5003,470507906679,1,0
5004,470513016154,1,0
5005,470518051685,0,0
5006,470523785570,0,0
5007,470529319917,0,0
5008,470535082423,0,0
5009,470540575879,0,0
5010,470546246704,0,0
5011,470551867463,0,0
5012,470557408045,1,0
5013,470562544311,1,0
5014,470567682792,0,0
5015,470573279749,0,0
5016,470578849909,1,0
5017,470583937477,1,0
5018,470589092392,1,0
5019,470594054680,0,0
5020,470599617554,1,0
5021,470604727323,1,0
5022,470609750999,0,0
5023,470615380312,0,0
5024,470621041023,1,0
5025,470626116393,1,0
5026,470631184678,0,0
5027,470636843023,1,0
5028,470642056768,0,0
5029,470647771058,1,0
5030,470652849551,1,0
5031,470657948181,0,0
5032,470663513329,0,0
5033,470669115078,0,0
5034,470674578491,0,0
5035,470680076120,1,0
5036,470685237184,0,0
5037,470691055346,0,0
5038,470696804625,0,0
5039,470702428585,1,0
5040,470707662027,0,0
5041,470713416365,1,0
5042,470718670238,1,0
5043,470723891814,1,0
5044,470728967412,1,0
5045,470734105930,1,0
5046,470739311722,1,0
5047,470744725150,0,0
5048,470750584391,1,0
5049,470755929485,0,0
5050,470761560834,0,0
5051,470767178699,1,0
5052,470772608431,1,0
5053,470777834413,1,0
5054,470782936710,1,0
5055,470788029098,0,0
5056,470793460455,1,0
5057,470799090497,0,0
5058,470804664773,1,0
5059,470809864715,1,0
5060,470814987526,0,0
5061,470820637577,0,0
5062,470826057285,0,0
5063,470831792248,1,0
5064,470837057609,0,0
5065,470842714277,0,0
5066,470848367213,0,0
5067,470853905577,0,0
5068,470859663039,0,0
5069,470865360022,1,0
5070,470870447395,0,0
5071,470876122270,1,0
5072,470881476737,1,0
5073,470887056800,0,0
5074,470892857045,0,0
5075,470898489810,1,0
5076,470903650193,0,0
5077,470909321875,0,0
5078,470914900582,0,0
5079,470920725667,0,0
5080,470926475392,0,0
5081,470932108622,0,0
5082,470937569491,0,0
5083,470943208062,1,0
5084,470948313226,0,0
5085,470954065134,0,0
5086,470959657615,0,0
5087,470965214338,0,0
5088,470970884239,0,0
5089,470976344941,0,0
5090,470981945586,0,0
5091,470987599661,0,0
5092,470993249382,1,0
5093,470998255367,1,0
5094,471003336400,0,0
5095,471009031625,0,0
5096,471014538319,1,0
5097,471019912046,1,0
5098,471025183657,0,0
5099,471030813358,0,0
5100,471036354120,1,0
5101,471041534738,0,0
5102,471047200600,0,0
5103,471053115621,0,0
5104,471058614570,0,0
5105,471064120075,0,0
5106,471069801883,1,0
5107,471075033622,1,0
5108,471080062911,0,0
5109,471085585530,1,0
5110,471090822411,1,0
5111,471095955934,1,0
5112,471100966556,1,0
5113,471106147033,0,0
5114,471111576687,1,0
5115,471116746282,1,0
5116,471121968841,1,0
5117,471127021167,1,0
5118,471132067224,0,0
5119,471137643401,0,0
5120,471143263485,1,0
5121,471148563717,0,0
5122,471154571317,0,0
5123,471160185556,1,0
5124,471165060163,0,0
5125,471170751304,0,0
5126,471176853412,0,0
5127,471182758553,0,0
5128,471188675294,1,0
5129,471193998074,1,0
5130,471199079288,1,0
5131,471204389753,1,0
5132,471209562039,0,0
5133,471215304816,1,0
5134,471220458118,1,0
5135,471225718781,1,0
5136,471230861599,1,0
5137,471236286738,0,0
5138,471242129311,0,0
5139,471247980651,0,0
5140,471254035846,0,0
5141,471259715154,1,0
5142,471264968384,0,0
5143,471270570260,1,0
5144,471275625691,0,0
5145,471281243758,0,0
5146,471287023582,0,0
5147,471292557856,0,0
5148,471298255650,1,0
5149,471303430217,0,0
5150,471309068054,0,0
5151,471314768077,1,0
5152,471319881683,0,0
5153,471325429877,0,0
5154,471331069034,0,0
5155,471336743678,1,0
5156,471341726937,1,0
5157,471346971760,0,0
5158,471352683058,0,0
5159,471358321296,1,0
5160,471363544977,1,0
5161,471368800650,1,0
5162,471373865206,1,0
5163,471379035437,1,0
5164,471384265201,1,0
5165,471389444703,1,0
5166,471394708077,0,0
5167,471400274762,0,0
5168,471405723450,1,0
5169,471410845100,0,0
5170,471416340359,1,0
5171,471421838126,0,0
5172,471427362002,1,0
5173,471432593564,1,0
5174,471437795489,1,0
5175,471442932871,1,0
5176,471448027798,0,0
5177,471453600150,0,0
5178,471459258946,1,0
5179,471464501309,1,0
5180,471469653741,1,0
5181,471474683689,1,0
5182,471479717047,1,0
5183,471484796358,1,0
5184,471489882681,1,0
5185,471494933707,0,0
5186,471500798176,1,0
5187,471505905003,0,0
5188,471511602263,0,0
5189,471517204366,0,0
5190,471523098948,1,0
5191,471528052123,1,0
5192,471533196959,1,0
5193,471538623075,1,0
5194,471543876491,0,0
5195,471549394300,0,0
5196,471555028833,0,0
5197,471560544258,0,0
5198,471566221741,0,0
5199,471571979804,0,0
5200,471577530461,0,0
5201,471583122657,1,0
5202,471588447908,1,0
5203,471593595753,0,0
5204,471599226939,0,0
5205,471604878821,1,0
5206,471610023257,1,0
5207,471615028319,1,0
5208,471620030179,0,0
5209,471625299698,1,0
5210,471630321877,0,0
5211,471636093393,0,0
5212,471641719399,1,0
5213,471646846317,0,0
5214,471652351884,0,0
5215,471658121707,1,0
5216,471663207688,0,0
5217,471669041778,1,0
5218,471674139098,0,0
5219,471679869034,1,0
5220,471685181069,0,0
5221,471690965462,1,0
5222,471696192748,1,0
5223,471701299563,1,0
5224,471706639228,0,0
5225,471712153339,0,0
5226,471718148992,1,0
5227,471723316738,1,0
5228,471728567812,1,0
5229,471733853799,0,0
5230,471739791127,1,0
5231,471745034139,0,0
5232,471750659527,0,0
5233,471756464832,1,0
5234,471761772228,1,0
5235,471766857973,1,0
5236,471771951716,1,0
5237,471777075387,0,0
5238,471782870751,0,0
5239,471788434475,0,0
5240,471794173166,0,0
5241,471799692937,1,0
5242,471804744984,1,0
5243,471809782633,1,0
5244,471814832876,1,0
5245,471819921000,0,0
5246,471825867853,0,0
5247,471831412806,1,0
5248,471836704574,0,0
5249,471842432894,1,0
5250,471847653614,0,0
5251,471853153323,0,0
5252,471858937362,0,0
5253,471864447439,1,0
5254,471869714836,0,0
5255,471875417217,1,0
5256,471880728428,1,0
5257,471886092703,0,0
5258,471891800885,1,0
5259,471897066377,0,0
5260,471902624661,0,0
5261,471908311671,0,0
5262,471914086156,0,0
5263,471919450583,0,0
5264,471925064085,0,0
5265,471930689748,1,0
5266,471935902141,0,0
5267,471941568710,0,0
5268,471947059638,0,0
5269,471952540022,1,0
5270,471957684700,1,0
5271,471962886220,1,0
5272,471967902499,1,0
5273,471972971826,1,0
5274,471978023173,1,0
5275,471983063850,1,0
5276,471988063658,0,0
5277,471993796554,1,0
5278,471998976771,1,0
5279,472004043928,1,0
5280,472009059397,1,0
5281,472014114131,1,0
5282,472019185733,1,0
5283,472024258573,1,0
5284,472029622337,1,0
5285,472034649226,1,0
5286,472039749140,1,0
5287,472044845708,1,0
5288,472049923687,0,0
5289,472055425551,0,0
5290,472061155179,0,0
5291,472066776530,1,0
5292,472071816722,0,0
5293,472077340318,0,0
5294,472083126386,0,0
5295,472088589185,1,0
5296,472093810420,0,0
5297,472099577773,0,0
5298,472106514062,1,0
5299,472111754806,0,0
5300,472117552897,1,0
5301,472122819754,0,0
5302,472128647310,0,0
5303,472134180411,1,0
5304,472139368639,0,0
5305,472145143910,1,0
5306,472150115702,0,0
5307,472155703356,0,0
5308,472161288475,1,0
5309,472166585196,1,0
5310,472171640486,1,0
5311,472176811552,1,0
5312,472181914433,1,0
5313,472187059910,1,0
5314,472192199882,1,0
5315,472197327797,1,0
5316,472202411598,0,0
5317,472207910976,0,0
5318,472213311056,0,0
5319,472218768968,0,0
5320,472224159310,0,0
5321,472229676936,1,0
5322,472234776189,1,0
5323,472239869606,0,0
5324,472245261925,1,0
5325,472250305944,0,0
5326,472255931124,1,0
5327,472261045539,0,0
5328,472266577077,1,0
5329,472271592895,0,0
5330,472276882596,1,0
5331,472281935715,0,0
5332,472287196831,0,0
5333,472292689782,1,0
5334,472297790312,0,0
5335,472303390607,1,0
5336,472308614272,0,0
5337,472314210140,0,0
5338,472319706561,1,0
5339,472324889878,1,0
5340,472330030176,1,0
5341,472335065485,0,0
5342,472340612647,0,0
5343,472346106580,0,0
5344,472351702183,0,0
5345,472357209654,1,0
5346,472362359712,1,0
5347,472367578770,0,0
5348,472373233416,0,0
5349,472378737768,1,0
5350,472383972298,0,0
5351,472389525589,0,0
5352,472394977907,1,0
5353,472400056546,1,0
5354,472405056350,0,0
5355,472410904308,1,0
5356,472416029793,0,0
5357,472421774976,0,0
5358,472427600310,1,0
5359,472432708514,1,0
5360,472437884430,1,0
5361,472442991994,1,0
5362,472448061383,1,0
5363,472453067641,0,0
5364,472458991941,0,0
5365,472464612130,0,0
5366,472470328604,1,0
5367,472475777209,1,0
5368,472480943588,1,0
5369,472486030221,0,0
5370,472491594634,1,0
5371,472496736294,0,0
5372,472502381100,1,0
5373,472507746386,0,0
5374,472513407635,1,0
5375,472518581610,0,0
5376,472524192765,0,0
5377,472529962567,1,0
5378,472535196078,1,0
5379,472540276311,1,0
5380,472545326461,1,0
5381,472550386800,1,0
5382,472555656031,0,0
5383,472561377491,0,0
5384,472567050600,1,0
5385,472571996074,0,0
5386,472577509240,1,0
5387,472582592400,0,0
5388,472588227674,0,0
5389,472593937878,0,0
5390,472599497120,1,0
5391,472604653336,0,0
5392,472610193625,0,0
5393,472615824141,0,0
5394,472621396489,0,0
5395,472626913686,0,0
5396,472632456182,1,0
5397,472637676236,0,0
5398,472643363411,1,0
5399,472648549703,0,0
5400,472654075396,0,0
5401,472659794147,1,0
5402,472664866275,1,0
5403,472670051917,1,0
5404,472675287665,0,0
5405,472680517332,1,0
5406,472685606095,0,0
5407,472691207787,1,0
5408,472696292915,1,0
5409,472701367793,0,0
5410,472706954540,0,0
5411,472712702913,1,0
5412,472717764346,1,0
5413,472722978587,0,0
5414,472728410499,1,0
5415,472733479651,1,0
5416,472738592873,0,0
5417,472744102741,1,0
5418,472749201349,1,0
5419,472754607372,1,0
5420,472759808432,1,0
5421,472764972982,0,0
5422,472770783784,0,0
5423,472776823288,0,0
5424,472782480146,0,0
5425,472788371750,1,0
5426,472793714156,1,0
5427,472798790289,0,0
5428,472804199851,0,0
5429,472809577041,1,0
5430,472814604399,1,0
5431,472819708190,0,0
5432,472825261644,1,0
5433,472830412806,1,0
5434,472835454618,1,0
5435,472840545381,1,0
5436,472845762294,0,0
5437,472851281140,1,0
5438,472856384304,1,0
5439,472861464045,1,0
5440,472866550324,1,0
5441,472871630135,1,0
5442,472876836079,1,0
5443,472882150468,1,0
5444,472887470726,0,0
5445,472893260322,0,0
5446,472898983665,0,0
5447,472904507863,1,0
5448,472909705878,1,0
5449,472914802909,0,0
5450,472920448161,0,0
5451,472926148121,0,0
5452,472931812647,1,0
5453,472936866024,0,0
5454,472942694329,0,0
5455,472948322767,0,0
5456,472954106975,1,0
5457,472959116467,0,0
5458,472964679463,0,0
5459,472970155717,0,0
5460,472975870898,1,0
5461,472980892264,1,0
5462,472985985628,0,0
5463,472991804742,1,0
5464,472996926570,1,0
5465,473002017884,1,0
5466,473007055528,0,0
5467,473012789655,0,0
5468,473018365174,0,0
5469,473024117840,1,0
5470,473029362530,1,0
5471,473034678729,1,0
5472,473039832167,0,0
5473,473045220298,0,0
5474,473050590033,0,0
5475,473056064790,0,0
5476,473061725719,0,0
5477,473067208486,0,0
5478,473072588732,0,0
5479,473078137548,0,0
5480,473083582839,0,0
5481,473089024553,0,0
5482,473094712742,0,0
5483,473100386159,1,0
5484,473105705052,0,0
5485,473111462831,1,0
5486,473116703405,0,0
5487,473122365122,1,0
5488,473127468776,1,0
5489,473132561038,1,0
5490,473137671312,0,0
5491,473143234610,1,0
5492,473148304453,0,0
5493,473153714996,1,0
5494,473159068306,0,0
5495,473164723320,1,0
5496,473169973736,1,0
5497,473175022648,1,0
5498,473180059749,1,0
5499,473185170731,1,0
5500,473190793215,1,0
5501,473195909153,0,0
5502,473201616078,1,0
5503,473206927883,0,0
5504,473212592616,0,0
5505,473218203749,1,0
5506,473223447999,1,0
5507,473228624756,1,0
5508,473233868877,0,0
5509,473239646572,0,0
5510,473245556110,0,0
5511,473251141526,0,0
5512,473256884880,0,0
5513,473262415705,1,0
5514,473267594695,0,0
5515,473273144335,1,0
5516,473278062167,1,0
5517,473283154353,0,0
5518,473288977122,1,0
5519,473294117343,0,0
5520,473299758719,1,0
5521,473304731726,1,0
5522,473309952420,0,0
5523,473315845861,1,0
5524,473320993277,0,0
5525,473326581120,1,0
5526,473331614895,1,0
5527,473336787178,1,0
5528,473341954033,0,0
5529,473347519199,0,0
5530,473353061134,0,0
5531,473358847924,1,0
5532,473363932834,0,0
5533,473369557278,0,0
5534,473374923787,0,0
5535,473380326708,1,0
5536,473385447633,0,0
5537,473391222426,1,0
5538,473396306738,0,0
5539,473401929159,0,0
5540,473407395744,0,0
5541,473412919192,1,0
5542,473417978897,0,0
5543,473423800847,0,0
5544,473429649288,0,0
5545,473435239657,0,0
5546,473441218270,0,0
5547,473447085076,1,0
5548,473452212480,1,0
5549,473457422808,0,0
5550,473463208684,0,0
5551,473468995144,1,0
5552,473474064481,1,0
5553,473479350824,1,0
5554,473484720684,1,0
5555,473490050133,0,0
5556,473496067335,0,0
5557,473501681440,1,0
5558,473506852187,0,0
5559,473512576911,1,0
5560,473517837284,0,0
5561,473523411542,1,0
5562,473528652907,1,0
5563,473533846080,1,0
5564,473538978307,1,0
5565,473544065328,1,0
5566,473549066733,1,0
5567,473554299968,1,0
5568,473559600911,1,0
5569,473564903743,0,0
5570,473570698658,0,0
5571,473576138690,0,0
5572,473581934459,1,0
5573,473587031424,1,0
5574,473591975482,0,0
5575,473597614755,1,0
5576,473602760220,0,0
5577,473608280162,0,0
5578,473614019043,1,0
5579,473619066295,1,0
5580,473624164215,1,0
5581,473629289701,1,0
5582,473634421761,0,0
5583,473639935737,1,0
5584,473644950027,0,0
5585,473650356817,0,0
5586,473656078599,1,0
5587,473661227786,0,0
5588,473666916985,1,0
5589,473672017648,1,0
5590,473677029557,0,0
5591,473682630381,0,0
5592,473688258365,0,0
5593,473694123105,0,0
5594,473699400223,1,0
5595,473704590774,1,0
5596,473709782550,0,0
5597,473715329753,1,0
5598,473720438981,0,0
5599,473726216898,1,0
5600,473731208638,1,0
5601,473736227748,1,0
5602,473741408846,1,0
5603,473746408110,0,0
5604,473751796539,0,0
5605,473757445305,0,0
5606,473763141550,1,0
5607,473768219160,1,0
5608,473773212064,1,0
5609,473778222584,1,0
5610,473783277122,0,0
5611,473789223263,1,0
5612,473794175576,0,0
5613,473799746573,1,0
5614,473805015871,1,0
5615,473810060848,1,0
5616,473815122096,1,0
5617,473820242647,1,0
5618,473825295766,0,0
5619,473830897732,1,0
5620,473836029728,0,0
5621,473841326801,1,0
5622,473846519576,0,0
5623,473852068136,1,0
5624,473857074390,1,0
5625,473862234487,1,0
5626,473867356519,0,0
5627,473872847810,1,0
5628,473878037997,1,0
5629,473883350797,1,0
5630,473888744397,0,0
5631,473894301952,1,0
5632,473899720686,1,0
5633,473904887772,0,0
5634,473910593065,0,0
5635,473916350006,1,0
5636,473921577631,0,0
5637,473927308589,1,0
5638,473932456029,0,0
5639,473938062663,0,0
5640,473943819421,0,0
5641,473949564561,0,0
5642,473955168107,1,0
5643,473960392934,0,0
5644,473965976827,0,0
5645,473971580007,1,0
5646,473976697576,0,0
5647,473982248713,0,0
5648,473987911830,1,0
5649,473993040267,0,0
5650,473998574948,1,0
5651,474003728758,1,0
5652,474008915367,0,0
5653,474014487659,0,0
5654,474020236192,0,0
5655,474026116538,0,0
5656,474031638047,1,0
5657,474036739673,1,0
5658,474041882030,0,0
5659,474047599311,1,0
5660,474052768497,0,0
5661,474058414093,1,0
5662,474063610913,0,0
5663,474069291886,0,0
5664,474075124306,0,0
5665,474080733951,0,0
5666,474086223908,1,0
5667,474091252165,1,0
5668,474096479647,0,0
5669,474102056622,0,0
5670,474107451863,0,0
5671,474112793036,1,0
5672,474117848542,0,0
5673,474123263938,0,0
5674,474128629519,1,0
5675,474133992897,0,0
5676,474139575477,1,0
5677,474144696548,0,0
5678,474150206249,0,0
5679,474155725018,0,0
5680,474160988605,1,0
5681,474166018241,1,0
5682,474171038142,0,0
5683,474176408846,0,0
5684,474181820707,1,0
5685,474186925261,1,0
5686,474192056002,0,0
5687,474197538872,1,0
5688,474202760434,1,0
5689,474207850363,1,0
5690,474212905298,1,0
5691,474217968794,1,0
5692,474223103198,0,0
5693,474228452401,1,0
5694,474233495098,0,0
5695,474238804061,0,0
5696,474244116595,1,0
5697,474249090926,0,0
5698,474254471878,0,0
5699,474259984884,1,0
5700,474265026213,1,0
5701,474270028599,1,0
5702,474275051851,1,0
5703,474280050464,1,0
5704,474285170915,0,0
5705,474290913621,1,0
5706,474295979855,1,0
5707,474300982719,0,0
5708,474306479725,0,0
5709,474312135076,0,0
5710,474317304647,0,0
5711,474322775627,0,0
5712,474328165770,0,0
5713,474333686008,0,0
5714,474339210061,0,0
5715,474344571016,0,0
5716,474349981474,1,0
5717,474354881602,0,0
5718,474360237270,1,0
5719,474365152986,0,0
5720,474370598620,1,0
5721,474375750136,0,0
5722,474381148466,0,0
5723,474386761471,1,0
5724,474391739854,0,0
5725,474397154846,0,0
5726,474402554172,1,0
5727,474407635787,1,0
5728,474412751654,1,0
5729,474417961719,0,0
5730,474423661658,0,0
5731,474429293489,0,0
5732,474435070406,1,0
5733,474440212277,1,0
5734,474445518201,0,0
5735,474451151276,0,0
5736,474456929102,0,0
5737,474462536368,1,0
5738,474467755176,0,0
5739,474473284814,1,0
5740,474478330482,0,0
5741,474483864300,0,0
5742,474489415969,0,0
5743,474495067513,0,0
5744,474500890729,1,0
5745,474505975262,0,0
5746,474511369499,0,0
5747,474516702987,0,0
5748,474522401810,0,0
5749,474527924232,1,0
5750,474533046578,0,0
5751,474538535233,0,0
5752,474544041607,0,0
5753,474549443717,0,0
5754,474555118450,1,0
5755,474560231096,1,0
5756,474565259063,1,0
5757,474570437016,1,0
5758,474575618334,1,0
5759,474580719157,1,0
5760,474585801123,0,0
5761,474591217249,0,0
5762,474597167749,0,0
5763,474602936948,0,0
5764,474608416248,0,0
5765,474614155466,1,0
5766,474619314641,0,0
5767,474625033876,0,0
5768,474630519839,1,0
5769,474635716160,1,0
5770,474640815077,0,0
5771,474646308486,0,0
5772,474652025007,1,0
5773,474657129385,1,0
5774,474662232675,0,0
5775,474667797374,0,0
5776,474673162640,0,0
5777,474678663667,1,0
5778,474683778688,0,0
5779,474689318888,0,0
5780,474694943449,0,0
5781,474700509427,0,0
5782,474706152167,0,0
5783,474711818486,0,0
5784,474717298186,1,0
5785,474722488653,1,0
5786,474727733810,0,0
5787,474733344145,0,0
5788,474739043735,1,0
5789,474744144243,0,0
5790,474749721532,0,0
5791,474755184095,0,0
5792,474760817501,1,0
5793,474766039075,1,0
5794,474771054214,1,0
5795,474776226301,1,0
5796,474781349042,1,0
5797,474786563905,0,0
5798,474792157265,1,0
5799,474797307742,0,0
5800,474802835304,1,0
5801,474807933034,0,0
5802,474813352951,1,0
5803,474818438443,0,0
5804,474823807263,1,0
5805,474828857402,0,0
5806,474834307619,1,0
5807,474839389446,0,0
5808,474844915383,1,0
5809,474849991593,1,0
5810,474855063719,0,0
5811,474860806999,1,0
5812,474865878491,0,0
5813,474871614459,1,0
5814,474876688818,0,0
5815,474882427159,1,0
5816,474887731744,0,0
5817,474893632563,1,0
5818,474899303209,1,0
5819,474904596931,1,0
5820,474909851276,1,0
5821,474914954735,0,0
5822,474920223748,0,0
5823,474925832513,0,0
5824,474931477795,0,0
5825,474937124137,1,0
5826,474942281993,1,0
5827,474947774091,0,0
5828,474953078778,0,0
5829,474958936285,0,0
5830,474964597728,0,0
5831,474970156302,1,0
5832,474975463647,0,0
5833,474981057161,1,0
5834,474986051281,0,0
5835,474991477354,0,0
5836,474997119717,0,0
5837,475002837388,0,0
5838,475008368522,0,0
5839,475014133511,1,0
5840,475019058923,0,0
5841,475024797954,1,0
5842,475029885913,0,0
5843,475035474082,0,0
5844,475040829478,1,0
5845,475045918983,0,0
5846,475051395394,0,0
5847,475056955552,1,0
5848,475062045806,0,0
5849,475067777554,0,0
5850,475073239076,0,0
5851,475078801230,0,0
5852,475084356215,0,0
5853,475089859417,1,0
5854,475095078575,1,0
5855,475100133210,0,0
5856,475105706953,0,0
5857,475111135738,1,0
5858,475116188022,0,0
5859,475121736499,1,0
5860,475127053359,1,0
5861,475132105291,0,0
5862,475137694626,1,0
5863,475142755907,1,0
5864,475147949777,0,0
5865,475153666589,1,0
5866,475158907049,1,0
5867,475164033285,1,0
5868,475169116793,1,0
5869,475174257732,0,0
5870,475180276231,1,0
5871,475185332006,0,0
5872,475191130939,1,0
5873,475196248676,0,0
5874,475201725161,0,0
5875,475207475269,0,0
5876,475213083228,0,0
5877,475218607422,1,0
5878,475223781110,1,0
5879,475228856882,0,0
5880,475234356757,0,0
5881,475240072679,1,0
5882,475245247158,1,0
5883,475250262609,1,0
5884,475255465308,0,0
5885,475261126146,0,0
5886,475266867947,0,0
5887,475272468857,0,0
5888,475277833585,1,0
5889,475283023367,1,0
5890,475288050556,1,0
5891,475293136022,1,0
5892,475298256535,1,0
5893,475303308320,1,0
5894,475308430719,1,0
5895,475313542041,1,0
5896,475318756879,1,0
5897,475323861362,0,0
5898,475329672153,0,0
5899,475335278752,0,0
5900,475340932577,0,0
5901,475346488108,0,0
5902,475351891119,1,0
5903,475356916036,0,0
5904,475362347219,1,0
5905,475367398664,1,0
5906,475372604119,0,0
5907,475378020467,0,0
5908,475383577993,0,0
5909,475389037550,0,0
5910,475394419411,0,0
5911,475399863155,0,0
5912,475405269825,0,0
5913,475411044568,1,0
5914,475416061244,1,0
5915,475421126718,0,0
5916,475426677750,1,0
5917,475431838997,0,0
5918,475437429137,1,0
5919,475442569405,0,0
5920,475448136442,0,0
5921,475453647743,0,0
5922,475459202916,0,0
5923,475465037911,1,0
5924,475470230729,0,0
5925,475475945545,1,0
5926,475480996014,0,0
5927,475486603924,0,0
5928,475492193132,0,0
5929,475497728895,0,0
5930,475503294221,1,0
5931,475508443926,0,0
5932,475513689455,1,0
5933,475518851543,0,0
5934,475524569624,0,0
5935,475530264110,0,0
5936,475535656584,1,0
5937,475541061684,1,0
5938,475546173707,0,0
5939,475551720573,1,0
5940,475556972202,0,0
5941,475562497699,1,0
5942,475567589126,0,0
5943,475573243931,1,0
5944,475578296017,0,0
5945,475584160397,1,0
5946,475589372381,0,0
5947,475595058447,1,0
5948,475600155797,1,0
5949,475605257665,1,0
5950,475610248052,1,0
5951,475615249497,0,0
5952,475620782440,1,0
5953,475625931230,0,0
5954,475631551983,0,0
5955,475637627943,1,0
5956,475642735739,0,0
5957,475648122747,0,0
5958,475653815662,0,0
5959,475659323558,0,0
5960,475664864007,1,0
5961,475670064565,0,0
5962,475675601139,0,0
5963,475681045180,0,0
5964,475686492987,1,0
5965,475691597890,1,0
5966,475696686515,1,0
5967,475701824588,0,0
5968,475707431151,1,0
5969,475712516228,0,0
5970,475717910675,0,0
5971,475723408505,0,0
5972,475728911181,0,0
5973,475734539518,1,0
5974,475739642812,0,0
5975,475745334669,0,0
5976,475751126090,0,0
5977,475756851080,1,0
5978,475762075841,1,0
5979,475767140788,1,0
5980,475772263433,0,0
5981,475778316444,1,0
5982,475783336579,1,0
5983,475788377459,0,0
5984,475794119159,1,0
5985,475799357780,0,0
5986,475804839568,0,0
5987,475810271546,0,0
5988,475815794746,1,0
5989,475820954445,1,0
5990,475826060611,1,0
5991,475831151980,0,0
5992,475836644791,1,0
5993,475841833846,1,0
5994,475846942841,0,0
5995,475852457079,1,0
5996,475857667750,0,0
5997,475863208913,0,0
5998,475868926155,0,0
5999,475874508106,0,0
6000,475879973407,0,0
6001,475885439933,0,0
6002,475891127844,1,0
6003,475896290898,0,0
6004,475902128504,1,0
6005,475907262936,1,0
6006,475912746123,1,0
6007,475917852624,0,0
6008,475923391573,0,0
6009,475928945822,1,0
6010,475934059218,0,0
6011,475939563576,1,0
6012,475944773549,0,0
6013,475950066201,1,0
6014,475955170949,1,0
6015,475960296598,0,0
6016,475965660092,0,0
6017,475971185100,0,0
6018,475976708903,0,0
6019,475982238196,1,0
6020,475987349611,1,0
6021,475992399594,1,0
6022,475997506886,0,0
6023,476003145085,0,0
6024,476008740333,1,0
6025,476013804660,0,0
6026,476019413865,0,0
6027,476025120144,0,0
6028,476030578893,0,0
6029,476036113228,1,0
6030,476041201131,1,0
6031,476046243414,0,0
6032,476051659275,0,0
6033,476057402090,1,0
6034,476062677385,0,0
6035,476068412613,0,0
6036,476073848944,0,0
6037,476079264532,1,0
6038,476084300586,1,0
6039,476089308998,1,0
6040,476094503775,0,0
6041,476099920172,0,0
6042,476105366766,1,0
6043,476110496037,0,0
6044,476115961870,0,0
6045,476121384597,1,0
6046,476126564995,1,0
6047,476131770603,0,0
6048,476137411707,0,0
6049,476143064055,0,0
6050,476148727627,0,0
6051,476154325538,0,0
6052,476159866649,1,0
6053,476164888061,1,0
6054,476169947194,1,0
6055,476174935233,0,0
6056,476180446974,1,0
6057,476185587179,0,0
6058,476191064033,1,0
6059,476196152995,1,0
6060,476201332149,0,0
6061,476206887673,1,0
6062,476212130927,0,0
6063,476217704600,1,0
6064,476222943292,1,0
6065,476228018729,0,0
6066,476233669186,1,0
6067,476238918001,0,0
6068,476244490699,1,0
6069,476249694454,0,0
6070,476255247978,1,0
6071,476260581358,1,0
6072,476265882050,0,0
6073,476271404565,0,0
6074,476276893240,0,0
6075,476282577876,0,0
6076,476288181628,0,0
6077,476293844884,1,0
6078,476298900335,0,0
6079,476304371762,1,0
6080,476309584778,0,0
6081,476314975090,1,0
6082,476320021253,0,0
6083,476325648419,1,0
6084,476330709604,0,0
6085,476336259496,1,0
6086,476341452599,0,0
6087,476346859087,0,0
6088,476352337479,1,0
6089,476357536994,0,0
6090,476363138799,0,0
6091,476368784189,0,0
6092,476374454245,1,0
6093,476379691944,0,0
6094,476385195707,0,0
6095,476390886907,1,0
6096,476395935636,0,0
6097,476401620398,0,0
6098,476407167602,1,0
6099,476412253366,1,0
6100,476417308224,0,0
6101,476422873799,1,0
6102,476428055943,1,0
6103,476433068144,1,0
6104,476438144462,1,0
6105,476443243921,1,0
6106,476448264347,1,0
6107,476453254815,1,0
6108,476458448563,0,0
6109,476464131804,0,0
6110,476469647666,1,0
6111,476474714804,0,0
6112,476480208451,1,0
6113,476485260760,1,0
6114,476490431400,1,0
6115,476495616702,0,0
6116,476501067703,1,0
6117,476506184075,0,0
6118,476511706924,0,0
6119,476517147596,1,0
6120,476522197985,1,0
6121,476527262867,1,0
6122,476532434371,0,0
6123,476538130836,0,0
6124,476543447658,1,0
6125,476548700880,0,0
6126,476554047556,0,0
6127,476559676432,1,0
6128,476564927716,0,0
6129,476570660140,0,0
6130,476576523569,0,0
6131,476582120094,1,0
6132,476587213970,1,0
6133,476592269392,1,0
6134,476597435952,1,0
6135,476602615161,0,0
6136,476608120286,1,0
6137,476613171072,0,0
6138,476619073852,0,0
6139,476624732840,0,0
6140,476630278184,1,0
6141,476635350434,0,0
6142,476640812729,1,0
6143,476645970067,0,0
6144,476651487956,1,0
6145,476656805436,1,0
6146,476661927937,1,0
6147,476667069731,1,0
6148,476672148523,0,0
6149,476677949195,1,0
6150,476683057097,0,0
6151,476688761471,0,0
6152,476694326298,1,0
6153,476699460578,0,0
6154,476705250661,1,0
6155,476710288095,1,0
6156,476715501547,1,0
6157,476720747228,0,0
6158,476726396521,0,0
6159,476732180400,1,0
6160,476737216258,1,0
6161,476742660714,0,0
6162,476748180650,1,0
6163,476753409799,1,0
6164,476758485302,1,0
6165,476763682034,0,0
6166,476769435878,1,0
6167,476774629820,0,0
6168,476780259660,0,0
6169,476786050094,0,0
6170,476791786050,1,0
6171,476796915195,0,0
6172,476802339823,0,0
6173,476807940154,1,0
6174,476813042829,1,0
6175,476818058687,0,0
6176,476823474544,0,0
6177,476828860549,0,0
6178,476834336557,0,0
6179,476840062618,1,0
6180,476845188987,1,0
6181,476850360372,0,0
6182,476855991516,0,0
6183,476861604001,1,0
6184,476866767399,1,0
6185,476871843285,1,0
6186,476876919604,1,0
6187,476882061239,1,0
6188,476887254213,0,0
6189,476892945254,0,0
6190,476898409056,0,0
6191,476904058424,1,0
6192,476909195246,0,0
6193,476914854478,0,0
6194,476920647822,1,0
6195,476925856789,0,0
6196,476931573335,1,0
6197,476936677549,1,0
6198,476941875534,1,0
6199,476947039886,0,0
6200,476952767276,0,0
6201,476958437824,0,0
6202,476964058124,0,0
6203,476969726919,0,0
6204,476975367777,0,0
6205,476980951774,1,0
6206,476986029267,1,0
6207,476991047477,1,0
6208,476996130025,1,0
6209,477001280269,0,0
6210,477006542153,0,0
6211,477012172460,1,0
6212,477017138456,1,0
6213,477022219897,1,0
6214,477027276405,0,0
6215,477032971291,0,0
6216,477038681498,0,0
6217,477044389069,1,0
6218,477049767791,1,0
6219,477054846902,1,0
6220,477059920437,0,0
6221,477065259012,0,0
6222,477070901325,1,0
6223,477076018973,1,0
6224,477081056541,0,0
6225,477086732145,1,0
6226,477091925210,1,0
6227,477096963419,1,0
6228,477102022452,1,0
6229,477107044538,1,0
6230,477112185667,0,0
6231,477118200862,1,0
6232,477123500386,0,0
6233,477129177654,1,0
6234,477134292990,1,0
6235,477139744551,1,0
6236,477145024247,0,0
6237,477150615947,1,0
6238,477155855474,1,0
6239,477161037057,0,0
6240,477166692654,0,0
6241,477172215218,1,0
6242,477177763740,1,0
6243,477182986448,1,0
6244,477188112345,0,0
6245,477193849758,0,0
6246,477199364461,1,0
6247,477204540264,1,0
6248,477209661067,1,0
6249,477214733839,1,0
6250,477219931074,0,0
6251,477225600697,1,0
6252,477230883028,0,0
6253,477236634592,1,0
6254,477241801917,0,0
6255,477247423009,1,0
6256,477252665367,1,0
6257,477257793819,1,0
6258,477262934378,0,0
6259,477268345186,1,0
6260,477273438878,1,0
6261,477278570207,0,0
6262,477284014414,0,0
6263,477289224591,1,0
6264,477294288507,0,0
6265,477300265409,1,0
6266,477305816184,1,0
6267,477310955893,0,0
6268,477316660150,1,0
6269,477321928041,0,0
6270,477327527118,1,0
6271,477332679890,1,0
6272,477337814617,0,0
6273,477343766706,1,0
6274,477348887844,0,0
6275,477354325681,0,0
6276,477359813285,1,0
6277,477364948975,0,0
6278,477370385435,0,0
6279,477376016052,0,0
6280,477381650680,1,0
6281,477386773926,1,0
6282,477392072741,1,0
6283,477397224364,1,0
6284,477402280065,1,0
6285,477407526694,1,0
6286,477412894459,1,0
6287,477417988678,0,0
6288,477423753522,1,0
6289,477428923969,1,0
6290,477434080857,0,0
6291,477439954716,0,0
6292,477445649503,0,0
6293,477451395767,1,0
6294,477456681384,1,0
6295,477461767089,0,0
6296,477467331470,1,0
6297,477472688804,1,0
6298,477477895210,0,0
6299,477483386769,1,0
6300,477488673093,1,0
6301,477493883989,0,0
6302,477499588412,1,0
6303,477504955741,1,0
6304,477510074618,1,0
6305,477515232019,1,0
6306,477520326354,0,0
6307,477525967214,1,0
6308,477531103340,0,0
6309,477536697420,1,0
6310,477541894754,0,0
6311,477547427885,0,0
6312,477552969509,0,0
6313,477558587171,1,0
6314,477563781891,0,0
6315,477569315005,1,0
6316,477574712464,1,0
6317,477579861755,0,0
6318,477585394899,1,0
6319,477590646974,0,0
6320,477596262963,0,0
6321,477601633371,0,0
6322,477607418137,1,0
6323,477612769305,1,0
6324,477617995133,0,0
6325,477623992248,0,0
6326,477629609020,0,0
6327,477635302234,0,0
6328,477641032934,0,0
6329,477646755479,0,0
6330,477652486607,1,0
6331,477657654241,1,0
6332,477662787298,0,0
6333,477668340457,1,0
6334,477673884079,1,0
6335,477679056505,0,0
6336,477684438541,1,0
6337,477689816508,0,0
6338,477695735985,0,0
6339,477701406322,1,0
6340,477706785668,0,0
6341,477712369018,0,0
6342,477717982277,1,0
6343,477723059666,0,0
6344,477728621460,1,0
6345,477733687988,1,0
6346,477738991959,1,0
6347,477744113285,0,0
6348,477749598414,1,0
6349,477754786835,0,0
6350,477760480127,0,0
6351,477766297893,0,0
6352,477772198339,0,0
6353,477778161913,1,0
6354,477783353960,0,0
6355,477788813805,0,0
6356,477794530303,1,0
6357,477799424140,0,0
6358,477805069164,0,0
6359,477810765813,1,0
6360,477815985449,1,0
6361,477820917753,0,0
6362,477826573812,1,0
6363,477831640085,1,0
6364,477836937609,0,0
6365,477842562316,0,0
6366,477848262977,0,0
6367,477853672969,1,0
6368,477858751467,1,0
6369,477863822004,0,0
6370,477869373706,0,0
6371,477875153165,1,0
6372,477880455690,0,0
6373,477886127928,1,0
6374,477891302372,0,0
6375,477897165256,1,0
6376,477902421429,0,0
6377,477908183415,1,0
6378,477913410519,0,0
6379,477919151898,0,0
6380,477924879177,0,0
6381,477930424184,0,0
6382,477936266602,1,0
6383,477941427517,0,0
6384,477946956180,0,0
6385,477952672676,0,0
6386,477958296412,0,0
6387,477963918170,1,0
6388,477969054336,0,0
6389,477974527743,1,0
6390,477979778258,1,0
6391,477984839990,0,0
6392,477990219499,1,0
6393,477995280697,0,0
6394,478000897913,0,0
6395,478006382583,0,0
6396,478011991294,0,0
6397,478017520708,0,0
6398,478023142065,1,0
6399,478028055328,1,0
6400,478033175126,0,0
6401,478038773891,1,0
6402,478043981069,1,0
6403,478048914299,0,0
6404,478054233722,0,0
6405,478059845810,1,0
6406,478064908589,1,0
6407,478069960892,1,0
6408,478075027283,1,0
6409,478080053808,1,0
6410,478085117865,1,0
6411,478090211851,0,0
6412,478095796923,0,0
6413,478101373223,1,0
6414,478106540419,1,0
6415,478111829032,1,0
6416,478116899065,1,0
6417,478121928712,0,0
6418,478127498814,0,0
6419,478133072834,1,0
6420,478138277023,0,0
6421,478144068845,0,0
6422,478149725649,1,0
6423,478154940984,0,0
6424,478160399897,0,0
6425,478165991003,0,0
6426,478171689536,1,0
6427,478176890735,1,0
6428,478182011207,0,0
6429,478187395251,1,0
6430,478192583210,1,0
6431,478197802685,0,0
6432,478203394239,0,0
6433,478208973501,1,0
6434,478214306289,0,0
6435,478219941702,1,0
6436,478225065490,0,0
6437,478230717887,1,0
6438,478236131256,1,0
6439,478241341111,1,0
6440,478246646153,0,0
6441,478252230524,1,0
6442,478257270775,1,0
6443,478262466541,1,0
6444,478267760223,1,0
6445,478272833271,0,0
6446,478278308946,0,0
6447,478283927792,1,0
6448,478288962817,1,0
6449,478294128604,1,0
6450,478299056250,1,0
6451,478304146038,1,0
6452,478309190459,1,0
6453,478314275368,1,0
6454,478319239147,0,0
6455,478324852880,1,0
6456,478329889371,0,0
6457,478335408395,0,0
6458,478340870151,0,0
6459,478346182144,1,0
6460,478351288155,0,0
6461,478356712153,0,0
6462,478362056504,0,0
6463,478367288069,0,0
6464,478372638588,1,0
6465,478377873803,1,0
6466,478382992860,0,0
6467,478388457618,0,0
6468,478393869717,0,0
6469,478399221442,0,0
6470,478404702888,0,0
6471,478410023653,1,0
6472,478415147658,0,0
6473,478420610683,1,0
6474,478425749343,1,0
6475,478430910337,1,0
6476,478436160112,0,0
6477,478441443680,0,0
6478,478446848975,0,0
6479,478452286400,0,0
6480,478457644356,1,0
6481,478462767401,0,0
6482,478468020758,1,0
6483,478473042337,1,0
6484,478478111654,0,0
6485,478483371249,1,0
6486,478488625537,1,0
6487,478493732800,0,0
6488,478498981977,1,0
6489,478504013881,0,0
6490,478509209607,0,0
6491,478514414293,1,0
6492,478519486819,0,0
6493,478525031879,1,0
6494,478530116466,0,0
6495,478535397996,0,0
6496,478540893494,0,0
6497,478546302977,1,0
6498,478551637399,1,0
6499,478556764525,1,0
6500,478561855620,1,0
6501,478566918807,0,0
6502,478572160337,1,0
6503,478577277846,0,0
6504,478582700096,0,0
6505,478588147359,0,0
6506,478593513816,1,0
6507,478598622656,0,0
6508,478604070849,1,0
6509,478609289665,0,0
6510,478614656250,0,0
6511,478620059066,1,0
6512,478625118996,1,0
6513,478630139715,0,0
6514,478635533378,1,0
6515,478640657145,1,0
6516,478645739891,0,0
6517,478651060370,1,0
6518,478656138074,0,0
6519,478661610055,1,0
6520,478666812696,1,0
6521,478671881315,0,0
6522,478677273436,1,0
6523,478682436606,1,0
6524,478687679581,0,0
6525,478693210792,1,0
6526,478698361473,0,0
6527,478703793793,1,0
6528,478709058007,1,0
6529,478714446115,1,0
6530,478719704822,0,0
6531,478725423037,0,0
6532,478731119333,1,0
6533,478736200994,1,0
6534,478741225550,0,0
6535,478746674470,1,0
6536,478751655114,1,0
6537,478756648927,1,0
6538,478761620204,1,0
6539,478766558037,1,0
6540,478771741824,0,0
6541,478777049681,1,0
6542,478782049463,0,0
6543,478787355120,0,0
6544,478792871118,1,0
6545,478797885068,0,0
6546,478803915894,0,0
6547,478809461693,1,0
6548,478814613498,1,0
6549,478819726185,1,0
6550,478824800695,1,0
6551,478829810237,1,0
6552,478834854750,1,0
6553,478839890361,0,0
6554,478845512306,0,0
6555,478850927284,0,0
6556,478856391866,1,0
6557,478861394798,0,0
6558,478866768996,1,0
6559,478871745295,1,0
6560,478876724334,0,0
6561,478881887341,0,0
6562,478887275194,1,0
6563,478892263057,0,0
6564,478897612267,0,0
6565,478902962103,1,0
6566,478908080885,1,0
6567,478913274548,1,0
6568,478918397225,0,0
6569,478923932892,1,0
6570,478928970254,0,0
6571,478934189140,1,0
6572,478939345446,0,0
6573,478944748393,0,0
6574,478950278609,0,0
6575,478955752354,1,0
6576,478960912647,0,0
6577,478966394459,1,0
6578,478971660843,1,0
6579,478976753392,1,0
6580,478981858402,1,0
6581,478986923403,0,0
6582,478992386607,0,0
6583,478997873691,0,0
6584,479003265240,1,0
6585,479008406169,0,0
6586,479013994267,0,0
6587,479019442229,1,0
6588,479024496400,1,0
6589,479029562907,1,0
6590,479034653273,0,0
6591,479040019850,0,0
6592,479045307098,0,0
6593,479050692751,1,0
6594,479055719870,0,0
6595,479061160089,0,0
6596,479066704845,1,0
6597,479071942313,1,0
6598,479077023496,1,0
6599,479082059945,0,0
6600,479087757009,0,0
6601,479093348504,0,0
6602,479098982351,0,0
6603,479104732778,1,0
6604,479109804422,0,0
6605,479115235648,1,0
6606,479120229553,0,0
6607,479125718839,1,0
6608,479130896857,1,0
6609,479136056509,1,0
6610,479141127218,1,0
6611,479146213972,0,0
6612,479151717166,0,0
6613,479156973353,1,0
6614,479162153188,1,0
6615,479167171491,0,0
6616,479172840334,0,0
6617,479178337949,1,0
6618,479183432689,0,0
6619,479188989344,0,0
6620,479194472361,1,0
6621,479199583133,1,0
6622,479204700818,0,0
6623,479210286428,1,0
6624,479215423169,1,0
6625,479220546696,0,0
6626,479225991198,1,0
6627,479231055368,1,0
6628,479236177285,1,0
6629,479241385900,1,0
6630,479246538805,0,0
6631,479252047348,1,0
6632,479257418014,1,0
6633,479262556396,1,0
6634,479267776961,1,0
6635,479272892954,0,0
6636,479278583679,0,0
6637,479284189773,1,0
6638,479289276203,0,0
6639,479295028258,1,0
6640,479300050670,0,0
6641,479305663341,0,0
6642,479311388755,1,0
6643,479316601640,0,0
6644,479322215980,1,0
6645,479327614657,0,0
6646,479333328577,0,0
6647,479339184813,1,0
6648,479344195070,0,0
6649,479349820725,1,0
6650,479354903151,0,0
6651,479360490852,1,0
6652,479365525716,0,0
6653,479371206290,0,0
6654,479376722765,1,0
6655,479381939849,1,0
6656,479387027797,0,0
6657,479392379847,0,0
6658,479397625299,0,0
6659,479403214407,1,0
6660,479408456470,1,0
6661,479413591693,1,0
6662,479418679443,1,0
6663,479423744007,0,0
6664,479429221235,0,0
6665,479434768506,1,0
6666,479439814740,0,0
6667,479445492356,1,0
6668,479450509159,1,0
6669,479455587519,1,0
6670,479460617969,0,0
6671,479466034601,0,0
6672,479471476647,0,0
6673,479477046597,0,0
6674,479483074977,1,0
6675,479488122513,1,0
6676,479493282492,1,0
6677,479498309643,1,0
6678,479503501037,1,0
6679,479508712947,0,0
6680,479514207298,0,0
6681,479519802756,0,0
6682,479525430863,0,0
6683,479531068046,0,0
6684,479536653980,0,0
6685,479542332731,1,0
6686,479547659787,1,0
6687,479552812430,1,0
6688,479557984128,1,0
6689,479563192250,0,0
6690,479568547392,1,0
6691,479573827948,1,0
6692,479578941715,0,0
6693,479584637477,0,0
6694,479590361891,0,0
6695,479596157091,0,0
6696,479601897198,0,0
6697,479607698474,0,0
6698,479613418244,1,0
6699,479618619106,1,0
6700,479623635375,1,0
6701,479628683343,1,0
6702,479633695483,0,0
6703,479639243734,1,0
6704,479644396243,0,0
6705,479649836307,1,0
6706,479654954768,1,0
6707,479660056490,0,0
6708,479665309904,1,0
6709,479670549935,0,0
6710,479676089841,0,0
6711,479681564238,0,0
6712,479687316628,0,0
6713,479692907704,1,0
6714,479698137142,1,0
6715,479703376274,1,0
6716,479708695487,0,0
6717,479714391948,0,0
6718,479720054930,0,0
6719,479725551292,1,0
6720,479730809969,1,0
6721,479736073869,0,0
6722,479741899737,1,0
6723,479747453827,0,0
6724,479753153603,0,0
6725,479758927655,0,0
6726,479764682582,1,0
6727,479770085208,0,0
6728,479775786041,0,0
6729,479781419848,0,0
6730,479787058857,1,0
6731,479792054446,0,0
6732,479797748483,1,0
6733,479802871167,0,0
6734,479808528793,0,0
6735,479814053875,0,0
6736,479819705965,1,0
6737,479824748481,0,0
6738,479830252016,1,0
6739,479835223783,0,0
6740,479840710215,0,0
6741,479846217278,1,0
6742,479851246135,1,0
6743,479856212988,1,0
6744,479861227465,1,0
6745,479866217224,1,0
6746,479871234179,1,0
6747,479876245312,0,0
6748,479881806505,1,0
6749,479886912921,0,0
6750,479892281471,0,0
6751,479897915460,0,0
6752,479903504491,0,0
6753,479909102219,0,0
6754,479914426465,1,0
6755,479919775459,1,0
6756,479924864434,0,0
6757,479930342050,1,0
6758,479935451015,1,0
6759,479940505393,0,0
6760,479946020427,0,0
6761,479951474293,0,0
6762,479956988306,1,0
6763,479962050694,0,0
6764,479967474501,0,0
6765,479972873501,1,0
6766,479978028475,0,0
6767,479983452850,0,0
6768,479988977679,0,0
6769,479994496681,1,0
6770,479999609060,1,0
6771,480004652956,1,0
6772,480009662184,1,0
6773,480014674924,1,0
6774,480019697771,1,0
6775,480024754810,0,0
6776,480030218982,0,0
6777,480035754571,1,0
6778,480040800937,1,0
6779,480045857965,0,0
6780,480051305088,0,0
6781,480056700441,0,0
6782,480062121525,0,0
6783,480067707747,0,0
6784,480073186076,0,0
6785,480078778456,0,0
6786,480084162420,0,0
6787,480089624080,1,0
6788,480094693408,0,0
6789,480100118083,0,0
6790,480105512055,1,0
6791,480110574941,1,0
6792,480115592840,0,0
6793,480121050911,1,0
6794,480126125973,0,0
6795,480131532134,0,0
6796,480137024094,0,0
6797,480142543668,1,0
6798,480147556295,0,0
6799,480152902376,0,0
6800,480158191923,1,0
6801,480163218367,0,0
6802,480168540183,1,0
6803,480173647866,1,0
6804,480178897484,1,0
6805,480184047432,0,0
6806,480189345971,0,0
6807,480194594507,1,0
6808,480199821484,0,0
6809,480205044497,0,0
6810,480210365023,1,0
6811,480215354889,1,0
6812,480220585067,0,0
6813,480226065817,1,0
6814,480231261196,0,0
6815,480236938077,1,0
6816,480243033900,1,0
6817,480247843708,0,0
6818,480254016277,1,0
6819,480260604053,1,0
6820,480265709205,1,0
6821,480270802631,0,0
6822,480276296336,0,0
6823,480281747455,1,0
6824,480286994548,1,0
6825,480292154860,1,0
6826,480297304034,1,0
6827,480302563225,1,0
6828,480307835995,1,0
6829,480312996727,1,0
6830,480318122966,0,0
6831,480323608391,1,0
6832,480328842226,0,0
6833,480334312825,1,0
6834,480339563234,0,0
6835,480345082323,1,0
6836,480350188868,1,0
6837,480355297545,1,0
6838,480360550809,0,0
6839,480366069851,0,0
6840,480371830521,0,0
6841,480377300193,0,0
6842,480383021051,1,0
6843,480388115679,1,0
6844,480393244186,0,0
6845,480400864241,0,0
6846,480406443966,0,0
6847,480411957178,1,0
6848,480417058086,1,0
6849,480422147057,1,0
6850,480427241123,0,0
6851,480432639335,0,0
6852,480438019023,1,0
6853,480443069388,1,0
6854,480448139654,1,0
6855,480453294542,0,0
6856,480458538260,0,0
6857,480463942332,0,0
6858,480469335013,0,0
6859,480474734400,1,0
6860,480479744816,0,0
6861,480485045887,0,0
6862,480490439659,1,0
6863,480495643576,0,0
6864,480501027221,0,0
6865,480506204264,0,0
6866,480511539389,1,0
6867,480516783408,0,0
6868,480522132765,0,0
6869,480527384927,0,0
6870,480532652151,1,0
6871,480537854587,1,0
6872,480543073039,1,0
6873,480548201214,0,0
6874,480553915035,1,0
6875,480559062550,1,0
6876,480564139122,1,0
6877,480569258968,1,0
6878,480574268890,0,0
6879,480579885098,0,0
6880,480585352352,1,0
6881,480590501533,0,0
6882,480596216232,1,0
6883,480601336932,0,0
6884,480606735729,1,0
6885,480611756271,1,0
6886,480616828201,1,0
6887,480621920899,0,0
6888,480627311718,1,0
6889,480632443431,0,0
6890,480637747788,1,0
6891,480642767661,1,0
6892,480647867396,1,0
6893,480652937011,0,0
6894,480658197419,0,0
6895,480663477119,0,0
6896,480668763203,0,0
6897,480674162043,1,0
6898,480679198195,0,0
6899,480684561710,0,0
6900,480689722627,1,0
6901,480694777871,1,0
6902,480699824721,1,0
6903,480704905431,1,0
6904,480710040074,0,0
6905,480715339261,1,0
6906,480720417379,1,0
6907,480725477173,0,0
6908,480730828924,0,0
6909,480736123715,0,0
6910,480741408594,1,0
6911,480746424882,0,0
6912,480751621257,1,0
6913,480756625411,1,0
6914,480761635460,1,0
6915,480766673173,0,0
6916,480771949582,0,0
6917,480777150589,0,0
6918,480782381343,0,0
6919,480787694432,1,0
6920,480792759931,0,0
6921,480798029145,1,0
6922,480803218508,1,0
6923,480808315991,1,0
6924,480813366091,1,0
6925,480818386194,0,0
6926,480823937632,1,0
6927,480829013442,1,0
6928,480834033892,0,0
6929,480839560638,0,0
6930,480845019663,1,0
6931,480850039351,1,0
6932,480855103986,0,0
6933,480860595568,0,0
6934,480865964328,1,0
6935,480871044288,0,0
6936,480876320231,0,0
6937,480881517465,0,0
6938,480886799352,1,0
6939,480891913728,1,0
6940,480897017216,0,0
6941,480902218729,1,0
6942,480907331992,1,0
6943,480912508490,0,0
6944,480917905121,1,0
6945,480923025508,1,0
6946,480928064300,0,0
6947,480933319527,0,0
6948,480938631887,0,0
6949,480944043997,1,0
6950,480949193313,1,0
6951,480954332651,1,0
6952,480959931164,1,0
6953,480965256058,0,0
6954,480970841955,1,0
6955,480976120639,0,0
6956,480981805432,0,0
6957,480987249774,0,0
6958,480992737727,1,0
6959,480997957414,1,0
6960,481003072650,1,0
6961,481008147726,1,0
6962,481013310982,1,0
6963,481018502488,1,0
6964,481023797832,1,0
6965,481029045164,1,0
6966,481034133325,1,0
6967,481039244990,1,0
6968,481044273262,1,0
6969,481049425125,0,0
6970,481054877189,0,0
6971,481060324923,0,0
6972,481065862816,1,0
6973,481070939944,0,0
6974,481076383048,0,0
6975,481081737009,0,0
6976,481087209024,1,0
6977,481092243362,1,0
6978,481097254074,1,0
6979,481102420320,0,0
6980,481107835793,1,0
6981,481113156088,0,0
6982,481118655858,0,0
6983,481124148077,1,0
6984,481129202623,0,0
6985,481134812256,0,0
6986,481140247506,0,0
6987,481145678709,0,0
6988,481151156583,1,0
6989,481156246304,1,0
6990,481161261331,1,0
6991,481166514166,0,0
6992,481172238250,1,0
6993,481177252611,1,0
6994,481182372939,0,0
6995,481187861504,0,0
6996,481193460610,1,0
6997,481198754226,0,0
6998,481204376180,0,0
6999,481209968227,0,0
7000,481215316234,0,0
7001,481221138690,0,0
7002,481226832979,0,0
7003,481232537004,1,0
7004,481237875991,0,0
7005,481243453769,1,0
7006,481248566439,0,0
7007,481254190365,0,0
7008,481259660256,0,0
7009,481265036406,1,0
7010,481270109199,0,0
7011,481275702222,0,0
7012,481281068458,1,0
7013,481286248948,0,0
7014,481291911795,1,0
7015,481297064254,0,0
7016,481302760031,1,0
7017,481308019282,0,0
7018,481313682322,0,0
7019,481319311230,0,0
7020,481324997855,1,0
7021,481330126879,0,0
7022,481335660271,0,0
7023,481341182819,1,0
7024,481346391145,0,0
7025,481351879228,0,0
7026,481357254135,0,0
7027,481362617648,1,0
7028,481367853984,0,0
7029,481373317864,0,0
7030,481378726929,0,0
7031,481383952478,1,0
7032,481389075222,1,0
7033,481394303007,1,0
7034,481399560826,0,0
7035,481405230463,0,0
7036,481410802724,0,0
7037,481416306780,1,0
7038,481421494560,0,0
7039,481427211823,0,0
7040,481433021111,0,0
7041,481438549010,0,0
7042,481444179276,1,0
7043,481449315319,0,0
7044,481454972822,0,0
7045,481460248454,0,0
7046,481465714776,0,0
7047,481471283546,0,0
7048,481476940323,1,0
7049,481482025633,1,0
7050,481487116836,0,0
7051,481492567821,1,0
7052,481497863472,0,0
7053,481503706609,1,0
7054,481509039674,1,0
7055,481514267990,0,0
7056,481519616058,0,0
7057,481525193269,0,0
7058,481530965224,0,0
7059,481536317116,1,0
7060,481541505718,1,0
7061,481546694854,0,0
7062,481552398388,1,0
7063,481557981968,0,0
7064,481563326565,0,0
7065,481569064669,0,0
7066,481574730185,1,0
7067,481579811636,0,0
7068,481585411343,0,0
7069,481591059968,0,0
7070,481596737903,1,0
7071,481602034608,0,0
7072,481607729104,0,0
7073,481613224401,0,0
7074,481618870208,1,0
7075,481624041679,1,0
7076,481629156196,0,0
7077,481634777273,1,0
7078,481639904969,1,0
7079,481645055000,0,0
7080,481650653577,0,0
7081,481656045538,0,0
7082,481661478325,0,0
7083,481667059986,1,0
7084,481672101673,0,0
7085,481677590478,0,0
7086,481683031675,0,0
7087,481688362092,0,0
7088,481693836127,0,0
7089,481699305267,0,0
7090,481704843130,0,0
7091,481710311941,1,0
7092,481715543572,1,0
7093,481720785279,1,0
7094,481725911983,1,0
7095,481731036810,1,0
7096,481736198997,1,0
7097,481741285950,1,0
7098,481746508031,1,0
7099,481751876296,1,0
7100,481757063234,0,0
7101,481762775516,1,0
7102,481767904032,0,0
7103,481773427342,1,0
7104,481778655222,0,0
7105,481784184441,1,0
7106,481789267137,1,0
7107,481794377182,0,0
7108,481800016123,1,0
7109,481805121678,1,0
7110,481810276066,1,0
7111,481815491266,1,0
7112,481820762268,1,0
7113,481825815946,0,0
7114,481831145056,1,0
7115,481836185368,1,0
7116,481841212542,0,0
7117,481846529519,0,0
7118,481851884070,0,0
7119,481857208082,1,0
7120,481862233616,0,0
7121,481867657272,0,0
7122,481873098005,0,0
7123,481878534149,1,0
7124,481883722530,1,0
7125,481888835492,1,0
7126,481894050850,1,0
7127,481899175640,1,0
7128,481904264853,1,0
7129,481909336566,1,0
7130,481914387444,0,0
7131,481919870806,0,0
7132,481925315989,1,0
7133,481930455512,1,0
7134,481935580658,0,0
7135,481941184304,1,0
7136,481946340298,0,0
7137,481951891449,0,0
7138,481957449255,0,0
7139,481963214753,1,0
7140,481968267066,0,0
7141,481973863457,1,0
7142,481978908953,1,0
7143,481983962688,1,0
7144,481989047866,1,0
7145,481994072588,1,0
7146,481999138202,1,0
7147,482004245966,0,0
7148,482009866332,1,0
7149,482015048560,0,0
7150,482020609633,0,0
7151,482026043453,0,0
7152,482031498789,0,0
7153,482036958339,1,0
7154,482041967107,1,0
7155,482047043304,0,0
7156,482052509490,0,0
7157,482058013232,0,0
7158,482063355459,0,0
7159,482068559039,1,0
7160,482073665276,0,0
7161,482078950334,1,0
7162,482084049809,0,0
7163,482089585013,0,0
7164,482095022214,1,0
7165,482100047070,1,0
7166,482105028795,0,0
7167,482110593777,1,0
7168,482115616758,1,0
7169,482120640510,1,0
7170,482125675947,1,0
7171,482130725958,1,0
7172,482135746547,0,0
7173,482141103540,1,0
7174,482146161885,0,0
7175,482151910726,1,0
7176,482157021518,0,0
7177,482162452775,1,0
7178,482167521419,0,0
7179,482173015044,1,0
7180,482178071135,1,0
7181,482183262924,1,0
7182,482188315798,1,0
7183,482193387760,0,0
7184,482199059137,1,0
7185,482204219796,0,0
7186,482209807980,1,0
7187,482214916677,1,0
7188,482219977709,0,0
7189,482225551064,0,0
7190,482231129419,1,0
7191,482236208542,1,0
7192,482241256844,1,0
7193,482246408779,1,0
7194,482251601967,0,0
7195,482257223880,1,0
7196,482262235589,0,0
7197,482267822292,1,0
7198,482272927977,0,0
7199,482278118947,0,0
7200,482283349492,1,0
7201,482288553270,1,0
7202,482294020450,0,0
7203,482299428686,1,0
7204,482304559552,0,0
7205,482310049262,1,0
7206,482315137346,0,0
7207,482320628166,1,0
7208,482325707800,1,0
7209,482330820657,1,0
7210,482335862662,0,0
7211,482341175988,1,0
7212,482346261175,1,0
7213,482351311483,0,0
7214,482356869125,0,0
7215,482362331118,1,0
7216,482367460019,1,0
7217,482372608143,0,0
7218,482378291209,0,0
7219,482383768152,0,0
7220,482389141960,1,0
7221,482394192789,0,0
7222,482399814831,1,0
7223,482404948995,1,0
7224,482410325924,1,0
7225,482415518172,0,0
7226,482421064337,0,0
7227,482426620398,1,0
7228,482431749007,1,0
7229,482436872167,0,0
7230,482442367979,0,0
7231,482447797790,0,0
7232,482453269075,1,0
7233,482458389776,0,0
7234,482463931327,0,0
7235,482469403800,0,0
7236,482475164231,0,0
7237,482480452626,0,0
7238,482486118892,1,0
7239,482491189596,0,0
7240,482496947710,1,0
7241,482502169967,0,0
7242,482507467193,1,0
7243,482512541075,1,0
7244,482517712430,0,0
7245,482523337167,0,0
7246,482528982553,1,0
7247,482534020863,0,0
7248,482539869894,1,0
7249,482545111777,0,0
7250,482550492347,0,0
7251,482556169668,1,0
7252,482561336099,1,0
7253,482566598364,0,0
7254,482572178758,0,0
7255,482577585700,0,0
7256,482583020187,1,0
7257,482588156259,0,0
7258,482593701651,1,0
7259,482598948115,0,0
7260,482604476207,0,0
7261,482609771347,0,0
7262,482615338253,0,0
7263,482620849722,0,0
7264,482626342342,0,0
7265,482631963200,1,0
7266,482637126999,1,0
7267,482642257609,0,0
7268,482647734667,1,0
7269,482652862618,0,0
7270,482658352117,1,0
7271,482663534604,0,0
7272,482669299490,1,0
7273,482674434646,0,0
7274,482679963087,1,0
7275,482685205403,0,0
7276,482690856726,0,0
7277,482696348428,0,0
7278,482701978189,0,0
7279,482707749678,0,0
7280,482713287839,1,0
7281,482718553768,1,0
7282,482723655485,0,0
7283,482729342314,1,0
7284,482734598776,0,0
7285,482740397675,0,0
7286,482745969810,1,0
7287,482751069748,1,0
7288,482756229572,1,0
7289,482761263057,1,0
7290,482766414154,1,0
7291,482771760999,0,0
7292,482777480883,1,0
7293,482782870212,0,0
7294,482788517919,0,0
7295,482794215546,1,0
7296,482799273882,0,0
7297,482804913945,1,0
7298,482810486654,1,0
7299,482815729676,0,0
7300,482821364380,0,0
7301,482826941065,0,0
7302,482832487251,1,0
7303,482837678425,0,0
7304,482843357618,1,0
7305,482849024124,0,0
7306,482854820410,0,0
7307,482860429801,1,0
7308,482865644850,1,0
7309,482870837238,0,0
7310,482876502938,0,0
7311,482882178364,1,0
7312,482887412585,0,0
7313,482893089979,1,0
7314,482898361686,1,0
7315,482903736440,0,0
7316,482909296151,1,0
7317,482914495524,1,0
7318,482919677548,0,0
7319,482925359633,0,0
7320,482931087098,0,0
7321,482936823176,1,0
7322,482942046729,1,0
7323,482947143187,1,0
7324,482952281393,0,0
7325,482957858160,0,0
7326,482963466194,0,0
7327,482969219353,0,0
7328,482974925117,1,0
7329,482980036502,1,0
7330,482985062036,1,0
7331,482990061275,1,0
7332,482995199229,0,0
7333,483000903462,0,0
7334,483006500399,1,0
7335,483011497808,0,0
7336,483017248645,1,0
7337,483022370477,0,0
7338,483028070415,1,0
7339,483033403780,0,0
7340,483039056383,1,0
7341,483044181722,0,0
7342,483049864116,1,0
7343,483055025391,1,0
7344,483060120434,0,0
7345,483065759775,0,0
7346,483071278457,1,0
7347,483076542841,0,0
7348,483082207849,0,0
7349,483087833707,1,0
7350,483092982471,0,0
7351,483098450422,0,0
7352,483104076419,1,0
7353,483109237065,0,0
7354,483114990616,1,0
7355,483120060231,0,0
7356,483125743006,0,0
7357,483131373291,0,0
7358,483136967182,0,0
7359,483142520307,1,0
7360,483147709511,1,0
7361,483152801887,0,0
7362,483158570864,1,0
7363,483163799610,0,0
7364,483169295814,1,0
7365,483174526183,0,0
7366,483180068695,0,0
7367,483185653695,1,0
7368,483190851533,0,0
7369,483196277071,1,0
7370,483201283639,0,0
7371,483206708388,1,0
7372,483211858139,0,0
7373,483217331937,1,0
7374,483222524276,1,0
7375,483227702872,1,0
7376,483232887084,0,0
7377,483238220416,0,0
7378,483243856468,1,0
7379,483248990151,0,0
7380,483254228195,1,0
7381,483259397239,1,0
7382,483264549525,0,0
7383,483270301453,0,0
7384,483276042125,1,0
7385,483281123231,0,0
7386,483286653181,1,0
7387,483291875039,1,0
7388,483296959270,1,0
7389,483302045934,1,0
7390,483307142230,1,0
7391,483312202196,0,0
7392,483317789649,1,0
7393,483323061805,1,0
7394,483328139507,1,0
7395,483333297717,0,0
7396,483338724039,0,0
7397,483344319421,1,0
7398,483349516183,1,0
7399,483354720466,1,0
7400,483359842331,0,0
7401,483365350309,1,0
7402,483370436479,1,0
7403,483375582478,1,0
7404,483380815856,1,0
7405,483386066111,1,0
7406,483391647209,1,0
7407,483396975521,1,0
7408,483402057696,0,0
7409,483407668755,1,0
7410,483412813480,0,0
7411,483418275989,0,0
7412,483423805139,0,0
7413,483429135618,0,0
7414,483434549482,1,0
7415,483439716576,0,0
7416,483444992796,1,0
7417,483450130995,1,0
7418,483455356090,1,0
7419,483460651252,1,0
7420,483465809321,0,0
7421,483471349583,0,0
7422,483476881106,1,0
7423,483481994570,0,0
7424,483487214376,0,0
7425,483492536229,0,0
7426,483498172469,0,0
7427,483503677296,0,0
7428,483509353945,1,0
7429,483514469429,0,0
7430,483520264589,0,0
7431,483525849966,1,0
7432,483531262313,1,0
7433,483536433335,0,0
7434,483541974396,1,0
7435,483547064393,0,0
7436,483552723513,0,0
7437,483558185494,0,0
7438,483563797940,1,0
7439,483568907124,1,0
7440,483573988316,0,0
7441,483579165585,1,0
7442,483584237957,1,0
7443,483589239040,1,0
7444,483594253655,1,0
7445,483599345669,1,0
7446,483604544195,0,0
7447,483610268803,0,0
7448,483615773909,1,0
7449,483620950601,1,0
7450,483626066148,0,0
7451,483631834513,1,0
7452,483636918399,0,0
7453,483642599699,0,0
7454,483648266657,0,0
7455,483653858320,1,0
7456,483658885260,1,0
7457,483663964072,1,0
7458,483668999674,1,0
7459,483674124329,1,0
7460,483679161681,0,0
7461,483684966285,0,0
7462,483690226092,0,0
7463,483695992972,1,0
7464,483701216901,0,0
7465,483706886672,0,0
7466,483712430866,0,0
7467,483718038677,1,0
7468,483723092152,1,0
7469,483728161999,1,0
7470,483733213242,0,0
7471,483739213860,1,0
7472,483744265539,1,0
7473,483749428942,1,0
7474,483754670210,0,0
7475,483760212359,1,0
7476,483765248039,0,0
7477,483771079914,1,0
7478,483776055132,0,0
7479,483781581422,0,0
7480,483787146002,0,0
7481,483792863497,1,0
7482,483798168648,0,0
7483,483803729203,1,0
7484,483808861096,0,0
7485,483814370275,0,0
7486,483820212138,1,0
7487,483825259642,0,0
7488,483830934166,1,0
7489,483836023124,1,0
7490,483841055479,0,0
7491,483846375004,0,0
7492,483851960734,1,0
7493,483857115245,0,0
7494,483862534417,1,0
7495,483867730755,0,0
7496,483873343979,1,0
7497,483878382809,1,0
7498,483883513254,0,0
7499,483889069170,0,0
7500,483895073625,1,0
7501,483900139076,0,0
7502,483905782239,1,0
7503,483911148260,1,0
7504,483916216247,1,0
7505,483921272248,1,0
7506,483926520780,0,0
7507,483932240690,1,0
7508,483937265751,0,0
7509,483942950037,1,0
7510,483948050272,0,0
7511,483953691842,1,0
7512,483958770399,0,0
7513,483964365320,1,0
7514,483969831659,0,0
7515,483975612549,1,0
7516,483980918079,0,0
7517,483986777404,0,0
7518,483992306460,0,0
7519,483997816067,0,0
7520,484003359664,1,0
7521,484008761775,0,0
7522,484014129141,1,0
7523,484019261950,0,0
7524,484024919394,0,0
7525,484030532137,0,0
7526,484036151370,0,0
7527,484041771853,1,0
7528,484046887832,1,0
7529,484051963678,1,0
7530,484057066757,0,0
7531,484062688718,0,0
7532,484068279467,0,0
7533,484073831867,0,0
7534,484079306021,1,0
7535,484084536308,0,0
7536,484090104475,1,0
7537,484095244301,1,0
7538,484100463905,1,0
7539,484105607756,0,0
7540,484111137411,0,0
7541,484116885123,1,0
7542,484122068901,0,0
7543,484127559553,1,0
7544,484132918414,1,0
7545,484138167494,1,0
7546,484143185231,0,0
7547,484148879100,0,0
7548,484154384493,1,0
7549,484159567316,1,0
7550,484164644007,1,0
7551,484169803173,0,0
7552,484175638913,0,0
7553,484181178619,0,0
7554,484186867724,0,0
7555,484192368505,0,0
7556,484198017011,1,0
7557,484203026597,0,0
7558,484208577507,0,0
7559,484214305652,0,0
7560,484219951341,0,0
7561,484225721651,1,0
7562,484230821878,1,0
7563,484235885955,0,0
7564,484241272114,1,0
7565,484246327964,1,0
7566,484251343332,1,0
7567,484256408648,1,0
7568,484261497488,1,0
7569,484266615034,0,0
7570,484272096743,0,0
7571,484277783249,1,0
7572,484282768777,0,0
7573,484288204631,0,0
7574,484293850938,0,0
7575,484299176701,0,0
7576,484304758155,0,0
7577,484310378049,0,0
7578,484316056811,1,0
7579,484321066620,0,0
7580,484326729217,1,0
7581,484331821519,1,0
7582,484336888309,1,0
7583,484342024183,0,0
7584,484347262633,1,0
7585,484352249329,1,0
7586,484357223776,1,0
7587,484362224481,0,0
7588,484368076988,1,0
7589,484373164287,0,0
7590,484378745414,1,0
7591,484383813306,0,0
7592,484389433866,0,0
7593,484395087066,1,0
7594,484400301080,1,0
7595,484405548922,0,0
7596,484411276583,0,0
7597,484416527509,0,0
7598,484422149897,0,0
7599,484427828209,0,0
7600,484433363090,1,0
7601,484438607621,0,0
7602,484444136907,0,0
7603,484449602822,1,0
7604,484455032415,0,0
7605,484460538641,0,0
7606,484466223510,0,0
7607,484471892334,1,0
7608,484476945502,0,0
7609,484482918574,0,0
7610,484488491247,1,0
7611,484493549497,0,0
7612,484499360237,0,0
7613,484505059314,1,0
7614,484510058254,1,0
7615,484515180472,0,0
7616,484520905900,1,0
7617,484525962202,1,0
7618,484531018809,1,0
7619,484536062159,1,0
7620,484541118321,1,0
7621,484546189365,0,0
7622,484551622606,1,0
7623,484556700527,0,0
7624,484562267390,0,0
7625,484567860706,0,0
7626,484573357361,0,0
7627,484578932830,0,0
7628,484584439166,0,0
7629,484590030261,1,0
7630,484595058206,1,0
7631,484600139549,1,0
7632,484605408524,1,0
7633,484610475472,0,0
7634,484616062768,0,0
7635,484621665163,0,0
7636,484627273748,0,0
7637,484632861886,1,0
7638,484638034064,1,0
7639,484643275746,0,0
7640,484648761110,0,0
7641,484654415878,1,0
7642,484659684714,0,0
7643,484665142156,0,0
7644,484670808479,1,0
7645,484675834593,1,0
7646,484680961522,1,0
7647,484686070277,0,0
7648,484691600637,1,0
7649,484696686594,0,0
7650,484702191950,0,0
7651,484707705403,0,0
7652,484713149348,1,0
7653,484718277036,1,0
7654,484723380788,0,0
7655,484728910708,1,0
7656,484734114096,1,0
7657,484739240230,0,0
7658,484744748258,0,0
7659,484750191973,0,0
7660,484755447694,0,0
7661,484760935772,1,0
7662,484766057351,1,0
7663,484771212027,1,0
7664,484776466132,1,0
7665,484781702519,1,0
7666,484786870976,1,0
7667,484792033768,1,0
7668,484797178909,0,0
7669,484803111848,1,0
7670,484808167217,0,0
7671,484813722695,0,0
7672,484819223440,1,0
7673,484824251812,0,0
7674,484829523058,1,0
7675,484834886983,0,0
7676,484840156727,0,0
7677,484845515077,1,0
7678,484850704538,1,0
7679,484855806138,1,0
7680,484860915232,1,0
7681,484866028013,0,0
7682,484871337854,0,0
7683,484876711606,1,0
7684,484881779899,1,0
7685,484886847451,0,0
7686,484892054973,0,0
7687,484897569595,0,0
7688,484903054905,1,0
7689,484908288988,0,0
7690,484913679870,1,0
7691,484918764801,0,0
7692,484924360691,0,0
7693,484930092888,0,0
7694,484935683344,0,0
7695,484941165868,0,0
7696,484946633045,0,0
7697,484952183518,1,0
7698,484957237466,1,0
7699,484962303382,0,0
7700,484967612764,0,0
7701,484972972899,1,0
7702,484978068010,1,0
7703,484983210708,1,0
7704,484988277720,0,0
7705,484993911341,1,0
7706,484998932645,0,0
7707,485004628847,1,0
7708,485009925396,0,0
7709,485015678281,0,0
7710,485021285691,0,0
7711,485027064143,1,0
7712,485032065041,1,0
7713,485037212845,1,0
7714,485042244606,0,0
7715,485047831340,1,0
7716,485053018097,0,0
7717,485058466207,0,0
7718,485064086233,0,0
7719,485069783006,1,0
7720,485074991399,0,0
7721,485080292667,0,0
7722,485086029402,0,0
7723,485091452634,1,0
7724,485096689933,0,0
7725,485102190156,1,0
7726,485107396550,1,0
7727,485112642367,0,0
7728,485118150549,1,0
7729,485123403901,0,0
7730,485129045570,0,0
7731,485134442468,0,0
7732,485139924966,1,0
7733,485145062851,1,0
7734,485150133246,0,0
7735,485155663818,1,0
7736,485160789628,0,0
7737,485166275823,0,0
7738,485171796019,1,0
7739,485176948018,1,0
7740,485182060453,1,0
7741,485187178220,0,0
7742,485192731831,1,0
7743,485197855165,0,0
7744,485203390683,0,0
7745,485208804863,0,0
7746,485214066490,1,0
7747,485219360825,1,0
7748,485224708653,0,0
7749,485230147425,1,0
7750,485235325368,1,0
7751,485240449529,0,0
7752,485245795770,1,0
7753,485250984882,0,0
7754,485256313952,0,0
7755,485261786854,0,0
7756,485267261076,0,0
7757,485272839351,0,0
7758,485278268571,0,0
7759,485283768305,1,0
7760,485288997911,0,0
7761,485294434020,0,0
7762,485300291643,0,0
7763,485305920376,0,0
7764,485311439876,0,0
7765,485317119947,1,0
7766,485322277772,1,0
7767,485327545872,0,0
7768,485333141042,0,0
7769,485338816763,1,0
7770,485343975863,0,0
7771,485349468910,1,0
7772,485354736089,0,0
7773,485360297090,0,0
7774,485365854202,0,0
7775,485371406965,0,0
7776,485376940377,0,0
7777,485382570043,0,0
7778,485388183544,1,0
7779,485393225612,1,0
7780,485398233050,1,0
7781,485403260760,1,0
7782,485408282137,0,0
7783,485413807447,1,0
7784,485418859354,1,0
7785,485423943434,1,0
7786,485429042081,0,0
7787,485434620625,0,0
7788,485440215485,1,0
7789,485445219776,0,0
7790,485451066741,1,0
7791,485456124746,0,0
7792,485461886725,1,0
7793,485466971985,1,0
7794,485472020930,0,0
7795,485477491748,0,0
7796,485483017316,1,0
7797,485488050097,1,0
7798,485493108726,1,0
7799,485498262803,0,0
7800,485503735683,1,0
7801,485508812372,1,0
7802,485513825254,1,0
7803,485518921443,0,0
7804,485524171420,0,0
7805,485529741344,0,0
7806,485535043011,0,0
7807,485540257809,1,0
7808,485545221708,1,0
7809,485550257793,1,0
7810,485555249728,1,0
7811,485560273687,0,0
7812,485565585092,1,0
7813,485570743949,0,0
7814,485575999982,0,0
7815,485581236010,1,0
7816,485586252764,0,0
7817,485591398958,1,0
7818,485596472293,0,0
7819,485601656940,0,0
7820,485606946835,0,0
7821,485612577255,0,0
7822,485618225794,1,0
7823,485623259410,0,0
7824,485628979552,1,0
7825,485634055036,1,0
7826,485639054332,0,0
7827,485644516757,1,0
7828,485649564436,0,0
7829,485655197732,0,0
7830,485660874142,0,0
7831,485666528565,1,0
7832,485671624680,0,0
7833,485677320466,1,0
7834,485682437376,0,0
7835,485688188765,0,0
7836,485693868307,1,0
7837,485699038406,0,0
7838,485704564724,1,0
7839,485709651844,0,0
7840,485715031157,0,0
7841,485720458206,0,0
7842,485725958023,0,0
7843,485731479527,1,0
7844,485736524658,1,0
7845,485741609101,1,0
7846,485746630000,0,0
7847,485752391953,0,0
7848,485758045037,0,0
7849,485763987263,0,0
7850,485769531894,0,0
7851,485775225179,0,0
7852,485780959852,1,0
7853,485785961794,1,0
7854,485791032361,0,0
7855,485796594059,0,0
7856,485802315142,0,0
7857,485808203745,0,0
7858,485813896677,1,0
7859,485818987233,1,0
7860,485824039355,0,0
7861,485829652747,1,0
7862,485834722364,1,0
7863,485839759423,1,0
7864,485844786874,0,0
7865,485850395013,1,0
7866,485855556171,1,0
7867,485860816537,1,0
7868,485865881000,0,0
7869,485871330461,1,0
7870,485876469040,0,0
7871,485882187625,1,0
7872,485887246950,1,0
7873,485892225855,0,0
7874,485897850805,0,0
7875,485903324423,1,0
7876,485908511272,1,0
7877,485913609985,0,0
7878,485919335067,0,0
7879,485925037343,1,0
7880,485930069925,1,0
7881,485935238722,1,0
7882,485940265124,0,0
7883,485945724670,1,0
7884,485950906707,1,0
7885,485956061248,0,0
7886,485961521044,0,0
7887,485967392948,1,0
7888,485972583183,0,0
7889,485978069135,0,0
7890,485983560869,1,0
7891,485988740052,0,0
7892,485994302484,1,0
7893,485999504053,0,0
7894,486005020711,0,0
7895,486010627639,1,0
7896,486015900808,1,0
7897,486021031162,0,0
7898,486026397962,0,0
7899,486031766748,1,0
7900,486036931879,1,0
7901,486042062368,0,0
7902,486047521801,0,0
7903,486052956811,0,0
7904,486058390863,0,0
7905,486063814555,0,0
7906,486069218374,0,0
7907,486074594735,0,0
7908,486079972993,0,0
7909,486085232475,1,0
7910,486090387932,1,0
7911,486095647285,1,0
7912,486100963197,1,0
7913,486106272141,0,0
7914,486111914258,1,0
7915,486117077054,1,0
7916,486122217378,1,0
7917,486127271930,0,0
7918,486132882395,0,0
7919,486138252118,1,0
7920,486143460614,1,0
7921,486148562991,0,0
7922,486153928434,1,0
7923,486159027915,0,0
7924,486164426539,1,0
7925,486169472841,0,0
7926,486174988671,1,0
7927,486180261711,1,0
7928,486185277393,1,0
7929,486190253754,0,0
7930,486195604059,0,0
7931,486201180661,1,0
7932,486206295474,1,0
7933,486211475664,0,0
7934,486216911381,1,0
7935,486222059072,0,0
7936,486227330447,1,0
7937,486232480392,0,0
7938,486237955312,0,0
7939,486243390796,0,0
7940,486248905332,0,0
7941,486254266926,0,0
7942,486259637267,0,0
7943,486265034699,0,0
7944,486270484848,1,0
7945,486275830699,0,0
7946,486281344721,0,0
7947,486286846803,0,0
7948,486292373578,1,0
7949,486297572573,0,0
7950,486303035677,0,0
7951,486308523648,0,0
7952,486314021233,1,0
7953,486319135267,1,0
7954,486324252446,0,0
7955,486329587415,1,0
7956,486334718307,1,0
7957,486339818331,0,0
7958,486345038826,1,0
7959,486350049966,1,0
7960,486355050250,1,0
7961,486360171832,1,0
7962,486365247869,0,0
7963,486370392032,0,0
7964,486375596589,1,0
7965,486380648278,0,0
7966,486386140505,0,0
7967,486391759433,1,0
7968,486396873348,1,0
7969,486402019599,1,0
7970,486407054041,0,0
7971,486412653725,1,0
7972,486417759356,1,0
7973,486422834557,0,0
7974,486428053472,1,0
7975,486433163015,0,0
7976,486438486872,0,0
7977,486443835499,0,0
7978,486449212984,0,0
7979,486454473559,0,0
7980,486459903465,0,0
7981,486465171455,0,0
7982,486470709076,0,0
7983,486476113945,1,0
7984,486481160780,1,0
7985,486486187862,0,0
7986,486491570420,1,0
7987,486496604501,1,0
7988,486502544270,1,0
7989,486508555269,0,0
7990,486513969745,0,0
7991,486519150788,0,0
7992,486524371219,1,0
7993,486530126738,1,0
7994,486535222350,0,0
7995,486540600031,0,0
7996,486546165357,0,0
7997,486551526709,0,0
7998,486557118061,1,0
7999,486562245614,1,0
8000,486567239242,1,0
8001,486572315278,1,0
8002,486577554928,1,0
8003,486582719272,0,0
8004,486589306458,1,0
8005,486594321106,0,0
8006,486599716604,0,0
8007,486605183613,1,0
8008,486610240535,0,0
8009,486615635396,0,0
8010,486622130720,0,0
8011,486627595012,1,0
8012,486632747867,1,0
8013,486637735922,0,0
8014,486643039527,0,0
8015,486648902993,0,0
8016,486655016608,1,0
8017,486660052372,1,0
8018,486668296598,0,0
8019,486673584690,0,0
8020,486680386865,0,0
8021,486686514492,1,0
8022,486691760257,0,0
8023,486699041003,0,0
8024,486703775189,1,0
8025,486708984143,0,0
8026,486714226590,0,0
8027,486719747637,1,0
8028,486725455586,0,0
8029,486730737973,1,0
8030,486735801494,0,0
8031,486741188790,1,0
8032,486746237678,0,0
8033,486751627359,1,0
8034,486756894460,0,0
8035,486762257520,0,0
8036,486767518613,1,0
8037,486772695297,1,0
8038,486777847313,1,0
8039,486782989958,1,0
8040,486788139354,0,0
8041,486793499654,1,0
8042,486798634091,0,0
8043,486803996140,1,0
8044,486809055246,1,0
8045,486814115478,0,0
8046,486819745691,1,0
8047,486824821583,1,0
8048,486829898011,0,0
8049,486835509503,0,0
8050,486841030562,1,0
8051,486846141557,0,0
8052,486851845168,1,0
8053,486856895432,1,0
8054,486861914454,0,0
8055,486867344073,1,0
8056,486872330711,1,0
8057,486877404531,1,0
8058,486882408406,0,0
8059,486888261033,1,0
8060,486893350193,0,0
8061,486899129306,0,0
8062,486904577128,1,0
8063,486909921187,0,0
8064,486915565879,1,0
8065,486920648993,1,0
8066,486925912939,1,0
8067,486931048438,1,0
8068,486936045212,1,0
8069,486941176231,0,0
8070,486946890956,0,0
8071,486952500615,0,0
8072,486958260977,0,0
8073,486963843805,1,0
8074,486968921687,0,0
8075,486974630048,1,0
8076,486979761212,0,0
8077,486985420436,0,0
8078,486991054673,0,0
8079,486996581761,0,0
8080,487002291941,0,0
8081,487008226064,0,0
8082,487013858623,0,0
8083,487019421196,0,0
8084,487025067184,1,0
8085,487030167524,0,0
8086,487036166716,1,0
8087,487041277090,0,0
8088,487046855527,1,0
8089,487051882744,1,0
8090,487056885901,0,0
8091,487062320371,0,0
8092,487067817617,1,0
8093,487072855529,0,0
8094,487078332559,1,0
8095,487083355088,0,0
8096,487088828695,1,0
8097,487093902594,0,0
8098,487099185398,1,0
8099,487104222910,1,0
8100,487109234290,0,0
8101,487114719010,0,0
8102,487120330562,0,0
8103,487125963073,1,0
8104,487130976478,0,0
8105,487136405648,1,0
8106,487141345184,1,0
8107,487146328109,1,0
8108,487151407870,0,0
8109,487156905102,0,0
8110,487162448954,0,0
8111,487167914969,1,0
8112,487173000131,0,0
8113,487178323662,0,0
8114,487183786062,0,0
8115,487189151209,1,0
8116,487194200459,1,0
8117,487199217085,0,0
8118,487204578250,0,0
8119,487210142581,0,0
8120,487215747537,0,0
8121,487221050176,1,0
8122,487226148106,0,0
8123,487231643774,0,0
8124,487237395738,1,0
8125,487242570762,0,0
8126,487248232447,0,0
8127,487253758758,0,0
8128,487259383114,1,0
8129,487264463033,1,0
8130,487269492955,0,0
8131,487274725620,0,0
8132,487279841380,0,0
8133,487285211499,1,0
8134,487290348533,0,0
8135,487295715485,0,0
8136,487301141000,1,0
8137,487306239306,0,0
8138,487311830851,0,0
8139,487317236892,1,0
8140,487322278133,1,0
8141,487327352834,1,0
8142,487332445076,0,0
8143,487337932948,0,0
8144,487343529526,1,0
8145,487348681573,1,0
8146,487353759936,1,0
8147,487358763692,0,0
8148,487364201363,1,0
8149,487369215545,0,0
8150,487375127527,1,0
8151,487380211359,0,0
8152,487385765550,0,0
8153,487391263229,0,0
8154,487396669874,0,0
8155,487402132192,0,0
8156,487407736853,0,0
8157,487413319526,0,0
8158,487418789181,1,0
8159,487423865831,1,0
8160,487428900711,0,0
8161,487434295795,0,0
8162,487440022208,1,0
8163,487445051601,1,0
8164,487450052960,0,0
8165,487455803531,0,0
8166,487461281395,1,0
8167,487466471467,0,0
8168,487472069023,0,0
8169,487477803200,1,0
8170,487482874508,1,0
8171,487487909063,0,0
8172,487493606372,1,0
8173,487498638872,1,0
8174,487503732119,1,0
8175,487508928307,1,0
8176,487513857938,1,0
8177,487519073010,0,0
8178,487524556279,0,0
8179,487530204471,0,0
8180,487535985326,1,0
8181,487541041937,1,0
8182,487546148934,1,0
8183,487551154973,1,0
8184,487556207646,1,0
8185,487561191017,1,0
8186,487566209430,1,0
8187,487571230549,0,0
8188,487576959190,0,0
8189,487582457992,0,0
8190,487588065548,1,0
8191,487593075149,1,0
8192,487598234900,0,0
8193,487603856526,0,0
8194,487609474086,1,0
8195,487614550809,0,0
8196,487620258081,1,0
8197,487625443191,1,0
8198,487630690329,1,0
8199,487635922352,0,0
8200,487641600261,1,0
8201,487646989415,1,0
8202,487652052942,0,0
8203,487657551212,1,0
8204,487662786516,1,0
8205,487667810779,0,0
8206,487673507475,1,0
8207,487678569354,1,0
8208,487683714545,1,0
8209,487688794948,0,0
8210,487694416877,0,0
8211,487700077237,1,0
8212,487705257494,0,0
8213,487710962853,0,0
8214,487716571407,0,0
8215,487722296784,0,0
8216,487728065144,0,0
8217,487733638768,0,0
8218,487739218588,1,0
8219,487744247841,1,0
8220,487749452907,0,0
8221,487755119118,1,0
8222,487760261096,1,0
8223,487765249844,0,0
8224,487771074910,1,0
8225,487776120783,1,0
8226,487781208556,1,0
8227,487786237449,0,0
8228,487791921876,1,0
8229,487797026642,0,0
8230,487802459958,0,0
8231,487808192860,1,0
8232,487813281569,1,0
8233,487818388536,1,0
8234,487823608281,0,0
8235,487829387558,0,0
8236,487835030701,1,0
8237,487840125884,1,0
8238,487845260797,0,0
8239,487850937526,1,0
8240,487856027854,1,0
8241,487861067693,1,0
8242,487866153534,0,0
8243,487871798779,0,0
8244,487877435317,0,0
8245,487882872563,1,0
8246,487887953867,1,0
8247,487893023748,1,0
8248,487898054046,1,0
8249,487903239795,0,0
8250,487909023336,1,0
8251,487914201689,0,0
8252,487919924290,0,0
8253,487925844945,0,0
8254,487931298835,0,0
8255,487937023696,0,0
8256,487942541185,1,0
8257,487947949614,1,0
8258,487953063500,1,0
8259,487958175460,1,0
8260,487963280268,0,0
8261,487968959489,1,0
8262,487974066330,1,0
8263,487979212487,0,0
8264,487984933354,1,0
8265,487990021813,1,0
8266,487995172854,0,0
8267,488000850086,1,0
8268,488005969081,0,0
8269,488011422874,0,0
8270,488016995394,1,0
8271,488022049836,0,0
8272,488027465382,0,0
8273,488032973468,0,0
8274,488038436160,0,0
8275,488043846033,0,0
8276,488049217138,0,0
8277,488054509511,1,0
8278,488059626290,1,0
8279,488064666856,0,0
8280,488070074354,1,0
8281,488075213118,0,0
8282,488080666102,0,0
8283,488086049256,1,0
8284,488091165224,1,0
8285,488096249430,0,0
8286,488101762342,0,0
8287,488107421770,0,0
8288,488112883738,1,0
8289,488118089953,1,0
8290,488123230950,0,0
8291,488128652796,1,0
8292,488133843104,0,0
8293,488139318683,1,0
8294,488144467479,0,0
8295,488150176241,1,0
8296,488155247119,0,0
8297,488160923992,0,0
8298,488166439760,1,0
8299,488171461095,1,0
8300,488176477982,1,0
8301,488181520413,1,0
8302,488186535633,1,0
8303,488191597444,0,0
8304,488197275125,1,0
8305,488202358301,0,0
8306,488208071623,1,0
8307,488213058715,1,0
8308,488218218117,1,0
8309,488223272870,0,0
8310,488229025780,0,0
8311,488234487079,0,0
8312,488240211563,1,0
8313,488245242878,0,0
8314,488250901299,1,0
8315,488255976097,1,0
8316,488261047278,1,0
8317,488266125712,1,0
8318,488271226674,1,0
8319,488276214493,0,0
8320,488281899064,0,0
8321,488287608714,0,0
8322,488293218302,1,0
8323,488298249346,1,0
8324,488303240338,0,0
8325,488308940653,1,0
8326,488313982473,0,0
8327,488319447806,0,0
8328,488325188039,1,0
8329,488330219578,0,0
8330,488335803902,1,0
8331,488340850248,0,0
8332,488346561502,1,0
8333,488352031422,1,0
8334,488357166167,1,0
8335,488362259803,1,0
8336,488367436561,1,0
8337,488372757348,1,0
8338,488377897034,1,0
8339,488383019666,0,0
8340,488388467125,0,0
8341,488394062871,0,0
8342,488399590058,1,0
8343,488404927587,1,0
8344,488410062286,0,0
8345,488415572071,1,0
8346,488420860462,1,0
8347,488425992416,1,0
8348,488431218934,1,0
8349,488436275626,1,0
8350,488441335661,0,0
8351,488447260084,1,0
8352,488452414675,0,0
8353,488458021070,0,0
8354,488463641444,0,0
8355,488469354351,1,0
8356,488474596505,0,0
8357,488480329103,0,0
8358,488485933635,0,0
8359,488491540627,1,0
8360,488497052941,0,0
8361,488502842667,1,0
8362,488507904303,1,0
8363,488512948024,0,0
8364,488518618366,0,0
8365,488524054553,1,0
8366,488529065332,0,0
8367,488534823269,0,0
8368,488540374473,1,0
8369,488545552416,0,0
8370,488551140435,0,0
8371,488556646827,1,0
8372,488561688665,0,0
8373,488567203570,0,0
8374,488572908294,0,0
8375,488578471974,1,0
8376,488583520043,1,0
8377,488588795462,0,0
8378,488594127619,0,0
8379,488599683619,1,0
8380,488604770178,1,0
8381,488609814630,0,0
8382,488615309280,1,0
8383,488620445892,1,0
8384,488625638943,1,0
8385,488630674821,0,0
8386,488636452404,1,0
8387,488641741295,0,0
8388,488647509374,1,0
8389,488652707943,1,0
8390,488657807806,0,0
8391,488663554298,1,0
8392,488668662023,1,0
8393,488673750063,1,0
8394,488678830544,1,0
8395,488683829720,1,0
8396,488688921723,1,0
8397,488693961906,1,0
8398,488699110565,0,0
8399,488705033965,1,0
8400,488710042710,0,0
8401,488715596253,0,0
8402,488721294515,0,0
8403,488727158363,0,0
8404,488732743884,0,0
8405,488738374739,1,0
8406,488743641510,1,0
8407,488748746411,1,0
8408,488753874267,0,0
8409,488759395941,0,0
8410,488765053365,1,0
8411,488770188768,1,0
8412,488775357096,1,0
8413,488780624844,1,0
8414,488785849430,1,0
8415,488791030774,0,0
8416,488796479509,1,0
8417,488801584715,0,0
8418,488807223256,1,0
8419,488812451364,0,0
8420,488818182061,1,0
8421,488823345753,1,0
8422,488828523263,1,0
8423,488833608097,0,0
8424,488839247433,1,0
8425,488844350249,0,0
8426,488849969851,0,0
8427,488855670088,1,0
8428,488860970756,0,0
8429,488866615826,0,0
8430,488872520417,0,0
8431,488878306891,1,0
8432,488883440106,0,0
8433,488889058173,1,0
8434,488894202388,0,0
8435,488899857685,0,0
8436,488905540654,0,0
8437,488911465564,0,0
8438,488917423074,1,0
8439,488922663535,1,0
8440,488927757291,0,0
8441,488933456315,0,0
8442,488938935278,1,0
8443,488944025201,1,0
8444,488949151486,1,0
8445,488954417262,1,0
8446,488959515337,1,0
8447,488964668813,1,0
8448,488969759951,0,0
8449,488975127380,1,0
8450,488980290261,1,0
8451,488985611029,0,0
8452,488991214058,1,0
8453,488996302220,1,0
8454,489001445272,1,0
8455,489006499573,0,0
8456,489012056429,1,0
8457,489017202587,1,0
8458,489022304139,0,0
8459,489028043031,0,0
8460,489033662416,1,0
8461,489038785788,0,0
8462,489044066883,1,0
8463,489049408837,0,0
8464,489054936413,0,0
8465,489060517221,1,0
8466,489065702926,1,0
8467,489070978948,1,0
8468,489075961355,1,0
8469,489081043854,0,0
8470,489086620897,0,0
8471,489091903306,1,0
8472,489096998085,1,0
8473,489102047841,1,0
8474,489107207938,1,0
8475,489112326727,1,0
8476,489117428191,1,0
8477,489122523254,1,0
8478,489127911575,0,0
8479,489133668143,1,0
8480,489138882198,0,0
8481,489144856024,0,0
8482,489151074055,1,0
8483,489156177683,0,0
8484,489162060156,1,0
8485,489167201836,0,0
8486,489172579724,0,0
8487,489178443142,1,0
8488,489183658211,0,0
8489,489189288348,0,0
8490,489194621043,0,0
8491,489200215082,0,0
8492,489205698490,0,0
8493,489211170111,0,0
8494,489216517222,1,0
8495,489221651424,1,0
8496,489226916829,0,0
8497,489232490469,0,0
8498,489238047178,0,0
8499,489243336224,1,0
8500,489248438407,1,0
8501,489253463632,1,0
8502,489258675652,0,0
8503,489264429600,0,0
8504,489270039882,1,0
8505,489275190444,0,0
8506,489280623245,1,0
8507,489285961956,0,0
8508,489291518050,1,0
8509,489296619890,0,0
8510,489302171420,1,0
8511,489307417731,0,0
8512,489313502843,0,0
8513,489319413699,0,0
8514,489325126865,0,0
8515,489330892928,0,0
8516,489336509620,1,0
8517,489341731987,1,0
8518,489347053120,1,0
8519,489352252312,0,0
8520,489357823185,1,0
8521,489363200009,1,0
8522,489368344160,1,0
8523,489373578977,1,0
8524,489378846167,0,0
8525,489384491725,0,0
8526,489390046697,1,0
8527,489395215926,0,0
8528,489401054071,1,0
8529,489406122613,0,0
8530,489411538612,1,0
8531,489416790072,1,0
8532,489421875154,1,0
8533,489427033273,1,0
8534,489432241377,0,0
8535,489438058150,0,0
8536,489443742111,0,0
8537,489449442072,1,0
8538,489454503499,1,0
8539,489459643238,0,0
8540,489465232499,1,0
8541,489470375782,0,0
8542,489475813643,0,0
8543,489481302766,0,0
8544,489486492676,1,0
8545,489491556928,0,0
8546,489496995274,0,0
8547,489502311523,1,0
8548,489507522931,0,0
8549,489513179177,0,0
8550,489518815868,1,0
8551,489523807866,0,0
8552,489529172297,1,0
8553,489534177807,0,0
8554,489539751284,1,0
8555,489544711496,0,0
8556,489550052462,1,0
8557,489555049488,0,0
8558,489560432763,0,0
8559,489565889911,0,0
8560,489571384450,0,0
8561,489577101195,1,0
8562,489582275984,1,0
8563,489587401636,1,0
8564,489592662722,0,0
8565,489598177880,0,0
8566,489603594588,0,0
8567,489609060265,1,0
8568,489614187030,0,0
8569,489619638846,1,0
8570,489624686728,1,0
8571,489629762862,1,0
8572,489634847971,1,0
8573,489639898836,0,0
8574,489645235538,1,0
8575,489650245823,0,0
8576,489655742413,1,0
8577,489660790769,0,0
8578,489666181188,1,0
8579,489671232340,0,0
8580,489676687575,0,0
8581,489682166176,0,0
8582,489687385288,1,0
8583,489692502302,1,0
8584,489697677583,1,0
8585,489702759474,1,0
8586,489707888345,0,0
8587,489713203630,1,0
8588,489718305147,0,0
8589,489723677774,0,0
8590,489729091579,1,0
8591,489734239438,0,0
8592,489739538235,1,0
8593,489744651316,0,0
8594,489750330097,0,0
8595,489755961762,1,0
8596,489761038718,0,0
8597,489766484775,0,0
8598,489771956789,1,0
8599,489777045029,0,0
8600,489782532863,1,0
8601,489787873489,1,0
8602,489792898315,0,0
8603,489798334397,0,0
8604,489803891612,0,0
8605,489809466191,1,0
8606,489814639510,1,0
8607,489819774098,0,0
8608,489825055317,0,0
8609,489830482037,1,0
8610,489835701675,1,0
8611,489840774032,0,0
8612,489846119754,1,0
8613,489851223805,0,0
8614,489856511296,0,0
8615,489862029381,0,0
8616,489867458670,1,0
8617,489872749813,0,0
8618,489878269424,1,0
8619,489883458438,0,0
8620,489889017249,1,0
8621,489894062169,1,0
8622,489899126072,0,0
8623,489904648860,0,0
8624,489910442131,1,0
8625,489915669616,0,0
8626,489921281146,1,0
8627,489926434778,1,0
8628,489931468878,0,0
8629,489937098433,1,0
8630,489942032074,0,0
8631,489947650286,0,0
8632,489953635974,0,0
8633,489959220127,1,0
8634,489964318418,0,0
8635,489969848085,1,0
8636,489975036711,1,0
8637,489980164775,1,0
8638,489985343667,1,0
8639,489990547933,1,0
8640,489995648831,1,0
8641,490000710685,0,0
8642,490006335303,1,0
8643,490011524546,1,0
8644,490016638143,0,0
8645,490022263746,1,0
8646,490027432546,1,0
8647,490032460945,1,0
8648,490037650937,0,0
8649,490043167217,1,0
8650,490048252061,1,0
8651,490053222330,0,0
8652,490058782674,1,0
8653,490063808218,1,0
8654,490068834071,1,0
8655,490073901887,1,0
8656,490078991969,0,0
8657,490084498651,0,0
8658,490089992591,1,0
8659,490095050840,1,0
8660,490100130735,1,0
8661,490105168491,0,0
8662,490110482014,1,0
8663,490115539762,0,0
8664,490121216568,1,0
8665,490126336159,0,0
8666,490131952795,0,0
8667,490137588412,1,0
8668,490143034744,1,0
8669,490148250295,0,0
8670,490154052824,0,0
8671,490159542703,1,0
8672,490164828650,1,0
8673,490169892182,0,0
8674,490175436031,1,0
8675,490180551469,1,0
8676,490185625639,0,0
8677,490191217493,0,0
8678,490196816437,0,0
8679,490202397282,0,0
8680,490207848937,0,0
8681,490213289369,0,0
8682,490219015058,0,0
8683,490224330010,1,0
8684,490229582522,0,0
8685,490235239832,1,0
8686,490240309526,1,0
8687,490245547549,0,0
8688,490251290857,0,0
8689,490256887676,1,0
8690,490262023026,1,0
8691,490267444883,0,0
8692,490272983445,1,0
8693,490278061259,1,0
8694,490283058940,0,0
8695,490288575295,0,0
8696,490293987631,1,0
8697,490299072379,1,0
8698,490304137237,0,0
8699,490310059923,1,0
8700,490315161653,1,0
8701,490320385722,0,0
8702,490326078740,1,0
8703,490331305490,0,0
8704,490336972721,0,0
8705,490342980143,0,0
8706,490348562114,0,0
8707,490354222270,0,0
8708,490359833829,1,0
8709,490364861988,0,0
8710,490370305204,1,0
8711,490375492509,1,0
8712,490380599736,1,0
8713,490385730729,0,0
8714,490391326510,1,0
8715,490396580943,1,0
8716,490401669015,1,0
8717,490406814707,1,0
8718,490411892724,1,0
8719,490416994722,0,0
8720,490422718290,1,0
8721,490427873620,1,0
8722,490433144756,0,0
8723,490438834549,0,0
8724,490444256381,0,0
8725,490449948383,1,0
8726,490455057443,1,0
8727,490460183007,1,0
8728,490465125209,1,0
8729,490470256881,0,0
8730,490475949828,1,0
8731,490481064897,1,0
8732,490486106401,1,0
8733,490491167181,1,0
8734,490496190897,1,0
8735,490501239205,0,0
8736,490506735478,1,0
8737,490511784337,1,0
8738,490516925120,1,0
8739,490521833227,0,0
8740,490527329700,0,0
8741,490533069236,0,0
8742,490538727331,1,0
8743,490543831435,1,0
8744,490548911548,0,0
8745,490554665913,0,0
8746,490560062227,1,0
8747,490565140358,1,0
8748,490570178311,0,0
8749,490575680589,1,0
8750,490580701497,0,0
8751,490586149410,0,0
8752,490591805909,1,0
8753,490596838821,0,0
8754,490602247144,0,0
8755,490607995118,1,0
8756,490613048410,1,0
8757,490618052460,0,0
8758,490623641960,1,0
8759,490628736520,1,0
8760,490633893526,1,0
8761,490638929609,1,0
8762,490643990477,0,0
8763,490649608753,1,0
8764,490654852657,0,0
8765,490660344190,0,0
8766,490666020147,0,0
8767,490671474076,0,0
8768,490677105302,0,0
8769,490684277601,1,0
8770,490689495371,1,0
8771,490694741469,0,0
8772,490700644941,0,0
8773,490706439111,0,0
8774,490712165286,0,0
8775,490717613960,0,0
8776,490723500586,0,0
8777,490729068552,1,0
8778,490734172489,1,0
8779,490739314484,1,0
8780,490744535298,0,0
8781,490750275245,1,0
8782,490755554871,0,0
8783,490761121659,1,0
8784,490766251652,1,0
8785,490771227544,1,0
8786,490776210254,1,0
8787,490781274125,1,0
8788,490786475809,0,0
8789,490792035147,1,0
8790,490797057879,1,0
8791,490802193793,1,0
8792,490807591858,1,0
8793,490812661287,1,0
8794,490817751254,1,0
8795,490822749833,0,0
8796,490828147542,1,0
8797,490833235258,1,0
8798,490838225778,1,0
8799,490843332467,0,0
8800,490848955875,1,0
8801,490854068257,0,0
8802,490859881954,1,0
8803,490865027449,0,0
8804,490870534355,0,0
8805,490876282459,0,0
8806,490881732681,1,0
8807,490887241887,1,0
8808,490892328185,0,0
8809,490897928202,1,0
8810,490903087152,0,0
8811,490908757841,1,0
8812,490913957410,0,0
8813,490919515918,1,0
8814,490924710740,1,0
8815,490929844853,0,0
8816,490935336363,1,0
8817,490940483799,1,0
8818,490945668967,0,0
8819,490951053364,0,0
8820,490956486376,0,0
8821,490961928430,0,0
8822,490967308212,0,0
8823,490972598140,1,0
8824,490977806913,0,0
8825,490983452200,0,0
8826,490989064394,1,0
8827,490994271357,0,0
8828,490999763444,0,0
8829,491005126107,1,0
8830,491010244357,0,0
8831,491015719023,1,0
8832,491020916126,1,0
8833,491026058001,1,0
8834,491031237922,1,0
8835,491036361908,0,0
8836,491041959338,0,0
8837,491047391230,1,0
8838,491052633911,1,0
8839,491058014936,0,0
8840,491063685039,1,0
8841,491068847592,1,0
8842,491074063849,1,0
8843,491079199162,0,0
8844,491084853751,0,0
8845,491090473821,1,0
8846,491095627747,1,0
8847,491100775259,0,0
8848,491106322358,0,0
8849,491111819386,0,0
8850,491117381411,0,0
8851,491122949152,1,0
8852,491128120400,0,0
8853,491133578468,1,0
8854,491139056021,1,0
8855,491144124872,0,0
8856,491149867432,0,0
8857,491155340595,0,0
8858,491160977077,0,0
8859,491166868812,1,0
8860,491172026423,1,0
8861,491177188717,0,0
8862,491182946323,0,0
8863,491188619055,1,0
8864,491193982213,1,0
8865,491199082963,1,0
8866,491204146996,1,0
8867,491209235530,1,0
8868,491214194710,1,0
8869,491219224593,1,0
8870,491224221072,1,0
8871,491229211834,0,0
8872,491234805890,1,0
8873,491240037675,0,0
8874,491245725812,0,0
8875,491251312481,0,0
8876,491257046454,1,0
8877,491262174861,0,0
8878,491268075517,0,0
8879,491273736081,1,0
8880,491278905102,1,0
8881,491284183256,1,0
8882,491289295718,1,0
8883,491294506945,1,0
8884,491299622933,1,0
8885,491305169756,0,0
8886,491310653584,1,0
8887,491315699490,1,0
8888,491320819150,0,0
8889,491326376818,0,0
8890,491331914260,1,0
8891,491336956547,0,0
8892,491342429706,1,0
8893,491347590957,0,0
8894,491353288173,1,0
8895,491358484556,0,0
8896,491364025246,1,0
8897,491369036969,0,0
8898,491374532227,0,0
8899,491380243712,1,0
8900,491385440901,1,0
8901,491390557745,0,0
8902,491396342214,0,0
8903,491402064988,0,0
8904,491407785532,0,0
8905,491413444627,1,0
8906,491418525134,1,0
8907,491424057396,1,0
8908,491429054245,0,0
8909,491434682395,0,0
8910,491440178923,1,0
8911,491445222214,1,0
8912,491450258003,0,0
8913,491455939794,0,0
8914,491461524967,0,0
8915,491467109396,1,0
8916,491472409218,0,0
8917,491478032026,1,0
8918,491483129615,0,0
8919,491488853843,1,0
8920,491493973747,1,0
8921,491499038053,1,0
8922,491504123716,1,0
8923,491509237473,1,0
8924,491514255773,0,0
8925,491519776629,1,0
8926,491524840000,1,0
8927,491529884977,1,0
8928,491535177426,1,0
8929,491540231255,0,0
8930,491545855552,1,0
8931,491550865701,1,0
8932,491556049508,1,0
8933,491560979977,1,0
8934,491566048583,1,0
8935,491571055101,0,0
8936,491576721704,1,0
8937,491581848848,0,0
8938,491587563975,1,0
8939,491592893488,1,0
8940,491597981712,1,0
8941,491603085221,0,0
8942,491608563581,0,0
8943,491614324517,1,0
8944,491619556228,0,0
8945,491624959659,1,0
8946,491630156567,0,0
8947,491635545431,0,0
8948,491641207536,0,0
8949,491646845387,0,0
8950,491652427474,1,0
8951,491657654110,1,0
8952,491662924531,0,0
8953,491668511889,0,0
8954,491674060045,1,0
8955,491679120808,0,0
8956,491684832263,1,0
8957,491689885997,0,0
8958,491695365056,1,0
8959,491700507437,1,0
8960,491705703832,1,0
8961,491710717143,1,0
8962,491715819690,1,0
8963,491720912088,1,0
8964,491726068863,0,0
8965,491731639999,1,0
8966,491736832954,0,0
8967,491742366036,1,0
8968,491747407257,0,0
8969,491753147495,0,0
8970,491759057175,1,0
8971,491764122923,1,0
8972,491769230247,0,0
8973,491774694162,0,0
8974,491780444099,0,0
8975,491786067553,1,0
8976,491791220673,0,0
8977,491796932540,0,0
8978,491802479295,0,0
8979,491808057054,0,0
8980,491813673503,0,0
8981,491819198643,1,0
8982,491824208717,0,0
8983,491829992921,1,0
8984,491835164476,0,0
8985,491840671045,0,0
8986,491846264407,0,0
8987,491852029256,0,0
8988,491857609519,0,0
8989,491863321045,1,0
8990,491868493004,1,0
8991,491873566207,0,0
8992,491879228605,1,0
8993,491884305999,1,0
8994,491889397850,0,0
8995,491895048835,0,0
8996,491900889383,1,0
8997,491906202347,0,0
8998,491911898370,0,0
8999,491917545156,0,0
9000,491923159220,1,0
9001,491928241471,0,0
9002,491933942755,0,0
9003,491939579150,1,0
9004,491944720743,0,0
9005,491950478861,1,0
9006,491955692444,1,0
9007,491960760377,1,0
9008,491965825831,1,0
9009,491970897036,1,0
9010,491975946497,1,0
9011,491980997870,1,0
9012,491986045730,0,0
9013,491991679442,1,0
9014,491996745663,1,0
9015,492001842529,0,0
9016,492007408370,0,0
9017,492013031711,1,0
9018,492018059343,1,0
9019,492023055728,0,0
9020,492028660715,0,0
9021,492034061501,1,0
9022,492039171780,1,0
9023,492044238552,0,0
9024,492049721385,0,0
9025,492055366638,0,0
9026,492060981691,0,0
9027,492066416292,0,0
9028,492072052800,0,0
9029,492077506794,1,0
9030,492082526531,0,0
9031,492088070784,1,0
9032,492093177184,0,0
9033,492098598491,0,0
9034,492103864567,0,0
9035,492109025161,0,0
9036,492114306144,1,0
9037,492119462279,0,0
9038,492124899574,0,0
9039,492130389461,1,0
9040,492135602498,0,0
9041,492140920486,1,0
9042,492145942591,1,0
9043,492150972425,1,0
9044,492155994768,1,0
9045,492161030675,1,0
9046,492166040702,0,0
9047,492171556466,0,0
9048,492177027829,0,0
9049,492182475668,0,0
9050,492188057738,1,0
9051,492193071654,0,0
9052,492198504249,1,0
9053,492203617990,0,0
9054,492208930881,0,0
9055,492214204497,0,0
9056,492219600174,1,0
9057,492224851150,1,0
9058,492229866442,0,0
9059,492235514479,1,0
9060,492240556857,1,0
9061,492245736392,1,0
9062,492252467248,1,0
9063,492257558534,1,0
9064,492262726210,0,0
9065,492268092086,0,0
9066,492274143020,0,0
9067,492280141950,1,0
9068,492287028626,0,0
9069,492293368445,0,0
9070,492298706578,1,0
9071,492303995305,1,0
9072,492309125612,1,0
9073,492314247387,0,0
9074,492319989949,0,0
9075,492325363588,0,0
9076,492330709390,1,0
9077,492335975069,0,0
9078,492341315372,0,0
9079,492346713391,1,0
9080,492352331120,0,0
9081,492358044411,1,0
9082,492363890990,1,0
9083,492368980164,1,0
9084,492374362061,1,0
9085,492379352326,1,0
9086,492386050765,1,0
9087,492391600022,1,0
9088,492396723105,0,0
9089,492403374733,1,0
9090,492408393639,1,0
9091,492413568830,0,0
9092,492419143959,0,0
9093,492426138581,0,0
9094,492431382539,1,0
9095,492436671131,1,0
9096,492441534259,1,0
9097,492446867102,0,0
9098,492453029615,0,0
9099,492458735553,0,0
9100,492464148726,0,0
9101,492469564436,0,0
9102,492476136889,1,0
9103,492481219854,0,0
9104,492486614341,1,0
9105,492491772882,1,0
9106,492496824730,0,0
9107,492502463198,1,0
9108,492507550926,1,0
9109,492512652026,0,0
9110,492518026008,0,0
9111,492523403950,0,0
9112,492528881230,1,0
9113,492533926586,0,0
9114,492539266565,1,0
9115,492544277158,0,0
9116,492549831951,0,0
9117,492555239736,0,0
9118,492560921727,0,0
9119,492566502642,0,0
9120,492572158039,1,0
9121,492577265183,1,0
9122,492582305939,0,0
9123,492587736828,0,0
9124,492593201121,1,0
9125,492598262304,1,0
9126,492603268587,0,0
9127,492608663715,0,0
9128,492614095229,1,0
9129,492619191428,1,0
9130,492624268328,1,0
9131,492629291010,1,0
9132,492634306866,1,0
9133,492639332064,0,0
9134,492644877395,1,0
9135,492649934040,1,0
9136,492655013818,0,0
9137,492660497126,1,0
9138,492665492659,1,0
9139,492670515769,0,0
9140,492676045436,1,0
9141,492681048437,0,0
9142,492686604424,1,0
9143,492691647790,1,0
9144,492696643680,1,0
9145,492701655402,0,0
9146,492707322874,0,0
9147,492713088654,1,0
9148,492718200019,1,0
9149,492723248845,0,0
9150,492728827829,0,0
9151,492734179472,1,0
9152,492739226663,1,0
9153,492744226935,0,0
9154,492749678895,0,0
9155,492755047234,1,0
9156,492760127896,1,0
9157,492765184822,1,0
9158,492770220914,1,0
9159,492775232792,0,0
9160,492780822768,0,0
9161,492786251548,0,0
9162,492791622050,1,0
9163,492796684068,0,0
9164,492802047701,1,0
9165,492807090475,1,0
9166,492812178534,1,0
9167,492817238721,0,0
9168,492822635075,1,0
9169,492827706418,1,0
9170,492832771541,0,0
9171,492838152081,0,0
9172,492843639907,1,0
9173,492848678872,0,0
9174,492854224177,1,0
9175,492859228873,0,0
9176,492864500599,0,0
9177,492869966435,0,0
9178,492875326330,1,0
9179,492880384019,0,0
9180,492885925746,0,0
9181,492891345847,0,0
9182,492896816076,1,0
9183,492901954975,1,0
9184,492907032036,1,0
9185,492912254007,0,0
9186,492917882292,0,0
9187,492923274034,1,0
9188,492928468783,0,0
9189,492934135220,1,0
9190,492939290826,1,0
9191,492944513103,1,0
9192,492949719321,1,0
9193,492954824686,1,0
9194,492959903909,0,0
9195,492965478428,1,0
9196,492970589114,1,0
9197,492975923780,1,0
9198,492981073512,1,0
9199,492986172892,0,0
9200,492991713264,1,0
9201,492996765188,1,0
9202,493001859298,0,0
9203,493007329960,1,0
9204,493012514316,1,0
9205,493017553111,0,0
9206,493023117657,0,0
9207,493028737793,1,0
9208,493033853571,1,0
9209,493038912908,0,0
9210,493044512568,1,0
9211,493049546646,0,0
9212,493055183054,0,0
9213,493060870278,1,0
9214,493065906378,1,0
9215,493070911016,0,0
9216,493076220459,1,0
9217,493081243089,0,0
9218,493086671652,1,0
9219,493091732464,1,0
9220,493096754338,0,0
9221,493102224218,0,0
9222,493107634644,0,0
9223,493113039635,1,0
9224,493118130994,0,0
9225,493123510821,1,0
9226,493128525462,1,0
9227,493133634883,1,0
9228,493138732112,1,0
9229,493144053736,0,0
9230,493149636481,0,0
9231,493155052016,0,0
9232,493160764181,1,0
9233,493165922079,0,0
9234,493171689276,0,0
9235,493177353921,1,0
9236,493182503951,1,0
9237,493187730988,1,0
9238,493192900049,0,0
9239,493198575044,1,0
9240,493204173612,0,0
9241,493209735358,1,0
9242,493214835432,1,0
9243,493220056321,0,0
9244,493225590981,0,0
9245,493231609123,1,0
9246,493236787078,0,0
9247,493242382284,0,0
9248,493247789125,0,0
9249,493253328495,0,0
9250,493258749565,0,0
9251,493264251040,0,0
9252,493269759247,0,0
9253,493275284322,1,0
9254,493280357957,0,0
9255,493285962450,0,0
9256,493291585807,1,0
9257,493296848800,0,0
9258,493303591160,0,0
9259,493309186969,1,0
9260,493314427129,1,0
9261,493319574000,0,0
9262,493325456030,1,0
9263,493330957062,1,0
9264,493336137482,0,0
9265,493342072659,1,0
9266,493347165087,1,0
9267,493352324814,0,0
9268,493357920311,1,0
9269,493363042922,1,0
9270,493368076920,1,0
9271,493373290510,0,0
9272,493379035514,0,0
9273,493384642987,0,0
9274,493390212631,0,0
9275,493395699114,0,0
9276,493401131041,1,0
9277,493406217584,1,0
9278,493411269668,1,0
9279,493416351066,1,0
9280,493421591438,1,0
9281,493426860864,0,0
9282,493432571875,0,0
9283,493438324737,0,0
9284,493444128547,0,0
9285,493449916462,0,0
9286,493455701274,1,0
9287,493460902191,0,0
9288,493466355776,1,0
9289,493471506775,1,0
9290,493476749604,0,0
9291,493482395931,1,0
9292,493487575264,0,0
9293,493493119685,0,0
9294,493498812626,1,0
9295,493503823747,1,0
9296,493508827211,1,0
9297,493513859181,1,0
9298,493518869364,1,0
9299,493523932570,1,0
9300,493528979843,0,0
9301,493534564018,1,0
9302,493539662480,1,0
9303,493544732879,0,0
9304,493550497019,0,0
9305,493556118275,1,0
9306,493561145369,0,0
9307,493566741633,0,0
9308,493572142257,1,0
9309,493577240523,1,0
9310,493582242216,1,0
9311,493587265165,1,0
9312,493592262401,0,0
9313,493597602875,1,0
9314,493602949504,1,0
9315,493608000050,1,0
9316,493613046105,0,0
9317,493618295161,0,0
9318,493623673383,1,0
9319,493628689896,1,0
9320,493633694532,1,0
9321,493638696783,1,0
9322,493643721122,0,0
9323,493649188883,0,0
9324,493654885270,0,0
9325,493660516748,0,0
9326,493665977216,1,0
9327,493671041372,0,0
9328,493676465478,1,0
9329,493681526201,0,0
9330,493687052877,1,0
9331,493692116608,0,0
9332,493697495084,0,0
9333,493702740466,1,0
9334,493707741909,0,0
9335,493713050831,1,0
9336,493718191422,0,0
9337,493723497018,0,0
9338,493728749537,0,0
9339,493733987302,0,0
9340,493739268822,1,0
9341,493744323672,0,0
9342,493749694748,1,0
9343,493754754743,0,0
9344,493760019669,1,0
9345,493765097054,0,0
9346,493770409044,0,0
9347,493775592815,0,0
9348,493780929679,1,0
9349,493785983619,0,0
9350,493791231189,0,0
9351,493796444413,0,0
9352,493801625729,1,0
9353,493806704696,1,0
9354,493811815579,0,0
9355,493817048965,1,0
9356,493822174052,0,0
9357,493827476870,1,0
9358,493832516850,1,0
9359,493837568215,1,0
9360,493842680999,0,0
9361,493848061499,1,0
9362,493853186530,0,0
9363,493858872342,0,0
9364,493864504307,1,0
9365,493869682447,0,0
9366,493875339379,0,0
9367,493881049285,1,0
9368,493886059734,1,0
9369,493891212969,1,0
9370,493896229897,0,0
9371,493901858930,0,0
9372,493907359409,0,0
9373,493912978520,0,0
9374,493918579893,1,0
9375,493923771382,0,0
9376,493929334983,1,0
9377,493934545672,1,0
9378,493939632792,1,0
9379,493944746770,0,0
9380,493950424416,0,0
9381,493956019272,0,0
9382,493961553641,0,0
9383,493967341587,0,0
9384,493973035680,1,0
9385,493978182479,0,0
9386,493984045252,0,0
9387,493989998369,0,0
9388,493995477903,0,0
9389,494001068993,0,0
9390,494006650620,0,0
9391,494012258990,1,0
9392,494017502977,0,0
9393,494023130976,0,0
9394,494028778390,0,0
9395,494034369876,1,0
9396,494039632848,1,0
9397,494044751943,1,0
9398,494049905332,1,0
9399,494055016871,1,0
9400,494060058313,0,0
9401,494065932640,0,0
9402,494071393311,0,0
9403,494077019698,0,0
9404,494082672675,0,0
9405,494088354242,0,0
9406,494094012323,1,0
9407,494099063752,0,0
9408,494104594769,1,0
9409,494109552450,0,0
9410,494115211104,1,0
9411,494120253722,1,0
9412,494125231328,1,0
9413,494130256096,0,0
9414,494135794618,0,0
9415,494141331092,0,0
9416,494147265216,1,0
9417,494152291079,1,0
9418,494157554207,1,0
9419,494162600246,0,0
9420,494168264453,1,0
9421,494173441472,0,0
9422,494179187491,1,0
9423,494184259190,1,0
9424,494189286289,0,0
9425,494194902169,1,0
9426,494199931168,0,0
9427,494205500108,1,0
9428,494210537935,1,0
9429,494215554174,1,0
9430,494220633203,0,0
9431,494226232493,1,0
9432,494231214297,0,0
9433,494236884958,0,0
9434,494242389670,1,0
9435,494247580635,1,0
9436,494252662972,1,0
9437,494257877046,1,0
9438,494262963244,1,0
9439,494268023305,0,0
9440,494273601825,0,0
9441,494279439246,1,0
9442,494284675862,1,0
9443,494289980838,1,0
9444,494295058991,1,0
9445,494300122514,1,0
9446,494305183980,1,0
9447,494310275259,1,0
9448,494315354135,1,0
9449,494320347644,0,0
9450,494325866819,0,0
9451,494331281266,0,0
9452,494336722198,1,0
9453,494341851866,0,0
9454,494347427649,1,0
9455,494352505989,1,0
9456,494357590430,0,0
9457,494363233054,0,0
9458,494368717999,1,0
9459,494373739117,0,0
9460,494379254089,1,0
9461,494384257133,1,0
9462,494389278807,1,0
9463,494394430923,1,0
9464,494399588383,0,0
9465,494405248797,0,0
9466,494410751603,0,0
9467,494416277622,0,0
9468,494421914783,1,0
9469,494426972249,0,0
9470,494432475561,0,0
9471,494438055660,1,0
9472,494443068621,0,0
9473,494448863804,1,0
9474,494453911918,0,0
9475,494459484140,1,0
9476,494464640902,0,0
9477,494470296969,0,0
9478,494475965138,0,0
9479,494481559840,1,0
9480,494486643371,0,0
9481,494492164200,0,0
9482,494497778330,0,0
9483,494503294553,0,0
9484,494508992954,1,0
9485,494514053750,1,0
9486,494519132556,1,0
9487,494524249183,1,0
9488,494529266656,0,0
9489,494534905833,1,0
9490,494540055113,1,0
9491,494545128472,0,0
9492,494550745243,0,0
9493,494556297468,1,0
9494,494561435761,0,0
9495,494566957404,1,0
9496,494572053417,0,0
9497,494577735376,1,0
9498,494582687967,1,0
9499,494587842136,0,0
9500,494593435024,0,0
9501,494598850199,1,0
9502,494603935505,1,0
9503,494609065881,0,0
9504,494614722663,1,0
9505,494619759494,0,0
9506,494625469322,1,0
9507,494630527466,0,0
9508,494636116951,1,0
9509,494641238536,1,0
9510,494646306875,1,0
9511,494651535747,1,0
9512,494656847967,0,0
9513,494662385274,0,0
9514,494668018299,0,0
9515,494673523585,0,0
9516,494679225464,1,0
9517,494684254154,1,0
9518,494689593460,1,0
9519,494694737185,0,0
9520,494700119702,0,0
9521,494705742599,1,0
9522,494710890741,0,0
9523,494716333000,1,0
9524,494721561619,1,0
9525,494726695149,0,0
9526,494732338587,0,0
9527,494737833706,1,0
9528,494743016904,0,0
9529,494748427244,1,0
9530,494753529791,0,0
9531,494758959840,0,0
9532,494764224917,1,0
9533,494769250211,0,0
9534,494774588941,0,0
9535,494780252279,0,0
9536,494785981193,1,0
9537,494791064902,1,0
9538,494796068692,0,0
9539,494801674041,0,0
9540,494807165526,1,0
9541,494812202786,0,0
9542,494818072856,1,0
9543,494823121192,0,0
9544,494828692778,1,0
9545,494833732552,1,0
9546,494838864816,0,0
9547,494844302333,1,0
9548,494849538078,0,0
9549,494855061644,1,0
9550,494860235106,0,0
9551,494865620030,0,0
9552,494871269055,0,0
9553,494876763320,0,0
9554,494882439361,1,0
9555,494887747951,0,0
9556,494893286002,1,0
9557,494898472001,1,0
9558,494903582886,0,0
9559,494909369550,0,0
9560,494915476775,1,0
9561,494920927964,1,0
9562,494926139262,0,0
9563,494931891110,1,0
9564,494936936544,1,0
9565,494941979857,0,0
9566,494947296206,0,0
9567,494952772367,0,0
9568,494958329095,0,0
9569,494963948811,1,0
9570,494968991906,0,0
9571,494974514364,0,0
9572,494980162794,1,0
9573,494985232348,0,0
9574,494990920149,1,0
9575,494995972523,1,0
9576,495001041083,0,0
9577,495006647281,1,0
9578,495011700612,0,0
9579,495017354465,1,0
9580,495022435105,1,0
9581,495027587230,1,0
9582,495032835677,1,0
9583,495037877939,0,0
9584,495043248373,1,0
9585,495048355436,0,0
9586,495054149060,0,0
9587,495059791895,1,0
9588,495064882966,1,0
9589,495069949079,0,0
9590,495075515407,0,0
9591,495081128994,1,0
9592,495086219737,0,0
9593,495092041156,1,0
9594,495097058187,1,0
9595,495102052868,0,0
9596,495107397697,1,0
9597,495112541001,0,0
9598,495118032209,1,0
9599,495123026548,0,0
9600,495128490257,1,0
9601,495133640370,0,0
9602,495139211619,0,0
9603,495144506108,1,0
9604,495149538027,0,0
9605,495155298544,1,0
9606,495160472563,0,0
9607,495165988569,0,0
9608,495171598123,1,0
9609,495176710506,1,0
9610,495181860344,0,0
9611,495187366188,0,0
9612,495193076513,1,0
9613,495198154726,1,0
9614,495203235563,0,0
9615,495209133046,0,0
9616,495214886705,1,0
9617,495219955694,0,0
9618,495225506798,0,0
9619,495231071174,0,0
9620,495236686060,0,0
9621,495242329988,0,0
9622,495248194715,1,0
9623,495253289456,1,0
9624,495258429112,0,0
9625,495263973561,1,0
9626,495269052403,1,0
9627,495274142618,1,0
9628,495279194382,1,0
9629,495284335469,1,0
9630,495289634600,0,0
9631,495295363554,1,0
9632,495300529605,0,0
9633,495306288938,1,0
9634,495311607317,1,0
9635,495316766093,0,0
9636,495322416911,0,0
9637,495328186431,1,0
9638,495333230824,0,0
9639,495338794983,1,0
9640,495343784526,0,0
9641,495349194599,1,0
9642,495354330785,0,0
9643,495359846717,0,0
9644,495365267226,0,0
9645,495370651768,0,0
9646,495376360635,0,0
9647,495381878988,1,0
9648,495387066042,1,0
9649,495392274543,0,0
9650,495398204894,0,0
9651,495403736746,1,0
9652,495408797385,1,0
9653,495413856293,0,0
9654,495419277813,1,0
9655,495424422241,0,0
9656,495429700689,0,0
9657,495435161448,0,0
9658,495440954233,0,0
9659,495446673152,0,0
9660,495452415053,0,0
9661,495458029733,1,0
9662,495463112228,0,0
9663,495468628847,0,0
9664,495474052142,1,0
9665,495479197000,0,0
9666,495485016953,0,0
9667,495490512494,0,0
9668,495496168570,1,0
9669,495501235752,1,0
9670,495506237342,0,0
9671,495511834053,0,0
9672,495517448658,1,0
9673,495522701802,0,0
9674,495528542963,1,0
9675,495533839981,0,0
9676,495539445490,1,0
9677,495544694579,1,0
9678,495549823405,1,0
9679,495555064568,1,0
9680,495560116837,1,0
9681,495565193510,1,0
9682,495570257732,0,0
9683,495575603007,0,0
9684,495581045786,1,0
9685,495586134140,1,0
9686,495591194486,1,0
9687,495596255378,1,0
9688,495601305555,0,0
9689,495606883645,1,0
9690,495611924608,0,0
9691,495617242808,1,0
9692,495622326719,1,0
9693,495627648738,0,0
9694,495633215079,0,0
9695,495638695715,1,0
9696,495643730889,0,0
9697,495649061607,0,0
9698,495654699527,0,0
9699,495660407671,0,0
9700,495666045319,1,0
9701,495671117029,1,0
9702,495676189974,1,0
9703,495681214622,0,0
9704,495686750247,1,0
9705,495691785026,1,0
9706,495696813174,1,0
9707,495701913068,0,0
9708,495707394982,0,0
9709,495712881379,1,0
9710,495717883765,0,0
9711,495723300971,1,0
9712,495728384754,0,0
9713,495734065611,0,0
9714,495739489724,1,0
9715,495744566956,1,0
9716,495749649991,1,0
9717,495754731378,0,0
9718,495760226396,0,0
9719,495766014848,0,0
9720,495771588219,0,0
9721,495777226209,1,0
9722,495782293737,0,0
9723,495787734822,0,0
9724,495793263845,0,0
9725,495798874982,0,0
9726,495804348479,0,0
9727,495809956963,1,0
9728,495815034258,0,0
9729,495820553212,1,0
9730,495825877702,1,0
9731,495830989574,0,0
9732,495836235833,1,0
9733,495841254503,1,0
9734,495846456857,0,0
9735,495851885621,0,0
9736,495857221923,1,0
9737,495862272099,1,0
9738,495867297953,0,0
9739,495872721090,1,0
9740,495877866913,0,0
9741,495883181500,1,0
9742,495888282357,0,0
9743,495893876446,1,0
9744,495899130765,1,0
9745,495904222848,1,0
9746,495909274922,0,0
9747,495914833984,1,0
9748,495919962724,0,0
9749,495925341571,0,0
9750,495930679545,1,0
9751,495935766212,0,0
9752,495941175358,0,0
9753,495946762756,0,0
9754,495952332810,1,0
9755,495957525804,0,0
9756,495963119838,0,0
9757,495968709245,1,0
9758,495973745071,0,0
9759,495979329322,0,0
9760,495985071946,1,0
9761,495990221590,1,0
9762,495995267327,0,0
9763,496001037841,0,0
9764,496006651570,0,0
9765,496012467904,1,0
9766,496017562142,0,0
9767,496023177243,0,0
9768,496028695284,0,0
9769,496034304429,0,0
9770,496039647688,0,0
9771,496045170465,1,0
9772,496050250176,1,0
9773,496055267044,1,0
9774,496060281935,0,0
9775,496065848769,1,0
9776,496070867635,1,0
9777,496075931744,0,0
9778,496081537136,1,0
9779,496086611385,1,0
9780,496091958656,0,0
9781,496097143624,0,0
9782,496102603022,0,0
9783,496108134506,1,0
9784,496113232116,0,0
9785,496118680170,0,0
9786,496124238708,1,0
9787,496129408758,0,0
9788,496135073587,0,0
9789,496140569276,1,0
9790,496145990456,1,0
9791,496151057228,1,0
9792,496156143263,0,0
9793,496161943206,1,0
9794,496167139018,1,0
9795,496172062179,0,0
9796,496177628048,1,0
9797,496182639894,0,0
9798,496188274128,1,0
9799,496193451644,1,0
9800,496198470333,0,0
9801,496204046002,1,0
9802,496209059478,0,0
9803,496214611830,0,0
9804,496220255247,1,0
9805,496225439992,1,0
9806,496230513972,0,0
9807,496236059071,0,0
9808,496241611793,1,0
9809,496246671167,1,0
9810,496251773842,1,0
9811,496256870906,0,0
9812,496262332135,1,0
9813,496267534635,0,0
9814,496272982901,0,0
9815,496278446185,0,0
9816,496283791475,1,0
9817,496288988768,1,0
9818,496294046170,1,0
9819,496299049372,0,0
9820,496304339450,0,0
9821,496309976266,1,0
9822,496315063476,1,0
9823,496320160454,1,0
9824,496325243629,1,0
9825,496330288216,1,0
9826,496335323320,0,0
9827,496340754022,1,0
9828,496345764401,1,0
9829,496350745975,1,0
9830,496355745388,0,0
9831,496361293683,0,0
9832,496366695861,1,0
9833,496371813340,1,0
9834,496377042626,1,0
9835,496382238365,0,0
9836,496387937363,0,0
9837,496393598812,1,0
9838,496398896438,0,0
9839,496404527025,1,0
9840,496409866537,0,0
9841,496415366369,0,0
9842,496421068257,1,0
9843,496426069450,1,0
9844,496431213852,0,0
9845,496437058982,1,0
9846,496442065022,1,0
9847,496447067069,1,0
9848,496452134030,0,0
9849,496457653993,1,0
9850,496462752064,1,0
9851,496467861530,1,0
9852,496472889746,0,0
9853,496478271395,0,0
9854,496483834884,1,0
9855,496488912287,0,0
9856,496494407330,0,0
9857,496500146632,0,0
9858,496505628926,1,0
9859,496510916120,0,0
9860,496516318403,0,0
9861,496521799071,0,0
9862,496527457373,0,0
9863,496532996659,0,0
9864,496538408690,0,0
9865,496544035248,0,0
9866,496549736320,0,0
9867,496555457237,1,0
9868,496560509130,1,0
9869,496565523914,1,0
9870,496570536938,1,0
9871,496575560018,1,0
9872,496580617131,1,0
9873,496585895386,0,0
9874,496591453907,1,0
9875,496596561296,1,0
9876,496601620375,0,0
9877,496607112895,1,0
9878,496612207023,1,0
9879,496617241885,0,0
9880,496623060228,0,0
9881,496628544087,1,0
9882,496633633083,1,0
9883,496638707374,1,0
9884,496643781907,0,0
9885,496649452072,1,0
9886,496654559892,0,0
9887,496660341589,1,0
9888,496665557949,0,0
9889,496671109896,1,0
9890,496676182586,1,0
9891,496681206125,0,0
9892,496686787257,0,0
9893,496692269088,0,0
9894,496697652127,1,0
9895,496702796673,0,0
9896,496708238309,1,0
9897,496713209430,0,0
9898,496718766173,0,0
9899,496724242021,0,0
9900,496729743165,1,0
9901,496734783900,0,0
9902,496740202646,0,0
9903,496745656048,0,0
9904,496751018849,0,0
9905,496756638450,1,0
9906,496761757657,1,0
9907,496766847632,1,0
9908,496771812948,0,0
9909,496777295416,1,0
9910,496782457049,1,0
9911,496787554712,1,0
9912,496792575695,1,0
9913,496797699750,0,0
9914,496803707170,1,0
9915,496808774785,0,0
9916,496814307291,0,0
9917,496819880052,1,0
9918,496824925296,0,0
9919,496830722117,0,0
9920,496836338946,0,0
9921,496841781576,0,0
9922,496847385967,0,0
9923,496853131480,0,0
9924,496858704656,1,0
9925,496863898421,0,0
9926,496869690033,0,0
9927,496875191946,0,0
9928,496880944231,1,0
9929,496886069965,1,0
9930,496891343641,0,0
9931,496897069707,1,0
9932,496902280876,0,0
9933,496907904008,1,0
9934,496913029748,0,0
9935,496918834591,0,0
9936,496924330625,1,0
9937,496929610405,1,0
9938,496934700410,1,0
9939,496939757577,1,0
9940,496944877036,0,0
9941,496950458597,1,0
9942,496955557546,1,0
9943,496960594310,0,0
9944,496966268060,1,0
9945,496971298906,0,0
9946,496976906627,0,0
9947,496982406320,0,0
9948,496987938035,0,0
9949,496993610549,1,0
9950,496998706334,0,0
9951,497004037378,0,0
9952,497009507244,0,0
9953,497015057411,0,0
9954,497020356519,0,0
9955,497025908427,0,0
9956,497031629711,1,0
9957,497036722812,1,0
9958,497041782767,0,0
9959,497047540437,1,0
9960,497052554037,0,0
9961,497058227163,1,0
9962,497063324765,0,0
9963,497068968987,0,0
9964,497074483420,0,0
9965,497080205895,1,0
9966,497085207773,0,0
9967,497090917859,1,0
9968,497096071256,1,0
9969,497101172898,1,0
9970,497106216366,0,0
9971,497111520263,1,0
9972,497116644144,0,0
9973,497122368656,0,0
9974,497127885522,0,0
9975,497133530867,1,0
9976,497138850170,0,0
9977,497144443476,1,0
9978,497149526775,1,0
9979,497154551041,1,0
9980,497159981249,1,0
9981,497165046597,1,0
9982,497170167473,1,0
9983,497175262408,1,0
9984,497180524649,1,0
9985,497185577570,1,0
9986,497190899520,0,0
9987,497196410561,0,0
9988,497201940516,0,0
9989,497207473992,1,0
9990,497212536169,0,0
9991,497218022642,1,0
9992,497223016246,0,0
9993,497228693784,0,0
9994,497234283616,1,0
9995,497239322662,0,0
9996,497244713252,1,0
9997,497249775494,1,0
9998,497254802920,1,0
9999,497259883802,1,0
10000,497264888050,1,0
