trial_id,event_start_ns,event,error
1,390081166363,0,0
2,390086925922,1,0
3,390092518449,1,0
4,390097661896,1,0
5,390102954294,1,0
6,390108071735,1,0
7,390113071374,1,0
8,390118306806,1,0
9,390123688823,0,0
10,390129446880,0,0
11,390134847300,1,0
12,390139926621,1,0
13,390145022832,1,0
14,390150495316,0,0
15,390156090843,1,0
16,390161512997,0,0
17,390166991304,0,0
18,390172659274,1,0
19,390177834939,1,0
20,390182924601,0,0
21,390188563560,0,0
22,390193997527,0,0
23,390199747209,1,0
24,390204934486,0,0
25,390210483025,0,0
26,390216085782,0,0
27,390221641954,0,0
28,390227178951,0,0
29,390232711256,1,0
30,390237880114,1,0
31,390242970006,1,0
32,390248071771,1,0
33,390253289909,0,0
34,390258880897,1,0
35,390264073275,1,0
36,390269173646,1,0
37,390274434884,0,0
38,390280085613,0,0
39,390285730465,0,0
40,390291649296,1,0
41,390296905627,1,0
42,390302031131,0,0
43,390307561087,0,0
44,390313154376,0,0
45,390318774255,1,0
46,390324032609,0,0
47,390329548850,0,0
48,390335341575,1,0
49,390340650937,0,0
50,390346348279,0,0
51,390351951790,0,0
52,390357367923,1,0
53,390362539835,1,0
54,390367615860,0,0
55,390373262980,0,0
56,390378981754,0,0
57,390384528623,0,0
58,390390184841,0,0
59,390395974309,1,0
60,390400974073,0,0
61,390406541138,0,0
62,390412258697,0,0
63,390418110226,1,0
64,390423174204,1,0
65,390428016661,1,0
66,390433173659,1,0
67,390438075874,1,0
68,390443197390,1,0
69,390448274225,1,0
70,390453264151,0,0
71,390458997374,0,0
72,390464356714,1,0
73,390469493551,0,0
74,390475191675,0,0
75,390480665274,1,0
76,390485747789,1,0
77,390490825417,0,0
78,390496183185,1,0
79,390501481335,0,0
80,390507185742,1,0
81,390512412867,0,0
82,390518073633,0,0
83,390523823599,0,0
84,390529649121,0,0
85,390535085921,0,0
86,390540575655,0,0
87,390546407424,0,0
88,390552159519,1,0
89,390557456690,0,0
90,390563050216,1,0
91,390568200565,1,0
92,390573482021,0,0
93,390578970091,0,0
94,390584759984,0,0
95,390590629349,0,0
96,390596670121,0,0
97,390602550675,1,0
98,390607716713,0,0
99,390613385141,1,0
100,390618548273,1,0
101,390623656972,1,0
102,390628702759,1,0
103,390633752599,0,0
104,390639339743,1,0
105,390644412771,1,0
106,390649472391,0,0
107,390654823272,1,0
108,390659851104,1,0
109,390664880754,1,0
110,390669884360,1,0
111,390674919368,0,0
112,390680611410,0,0
113,390686572662,0,0
114,390692476530,1,0
115,390697643688,1,0
116,390702684636,1,0
117,390707821110,0,0
118,390713440137,1,0
119,390718572633,1,0
120,390723870368,0,0
121,390729529941,0,0
122,390735021254,1,0
123,390740355092,0,0
124,390746085373,0,0
125,390751642238,0,0
126,390757622356,1,0
127,390762959686,1,0
128,390768331549,1,0
129,390773611138,0,0
130,390779684315,1,0
131,390784968650,1,0
132,390790190735,1,0
133,390795945811,1,0
134,390801088312,0,0
135,390806707425,0,0
136,390812613822,1,0
137,390818020822,0,0
138,390823726667,1,0
139,390829219551,0,0
140,390834848867,1,0
141,390839991085,1,0
142,390845084008,0,0
143,390850944617,0,0
144,390856690155,1,0
145,390861983651,0,0
146,390867690893,1,0
147,390872976781,0,0
148,390878948660,0,0
149,390884844440,0,0
150,390890744347,1,0
151,390896154013,1,0
152,390901545434,1,0
153,390906734396,1,0
154,390911880666,1,0
155,390916938963,1,0
156,390922082391,1,0
157,390927174814,1,0
158,390932295612,1,0
159,390937541863,1,0
160,390943100500,0,0
161,390949183871,1,0
162,390954489221,0,0
163,390960616788,1,0
164,390965861089,0,0
165,390971691535,1,0
166,390976985238,1,0
167,390982077569,0,0
168,390987799991,1,0
169,390993108090,1,0
170,390998217412,1,0
171,391003469497,0,0
172,391009051640,1,0
173,391014605734,1,0
174,391019866821,0,0
175,391025777933,0,0
176,391031674592,1,0
177,391036837255,1,0
178,391042082288,0,0
179,391047887349,0,0
180,391053555031,1,0
181,391058877952,1,0
182,391064202250,1,0
183,391069424550,0,0
184,391075081128,1,0
185,391080507663,0,0
186,391086092243,1,0
187,391091835020,0,0
188,391097676677,0,0
189,391103276936,0,0
190,391108715308,1,0
191,391113747340,1,0
192,391118946632,1,0
193,391124025593,0,0
194,391129750632,0,0
195,391135596560,0,0
196,391141056922,1,0
197,391146171680,0,0
198,391151882980,1,0
199,391157020992,1,0
200,391162090051,0,0
201,391167500317,0,0
202,391173078195,1,0
203,391178057529,0,0
204,391183707324,0,0
205,391189235896,0,0
206,391195193870,0,0
207,391200585238,1,0
208,391205833590,1,0
209,391210942317,0,0
210,391216341959,0,0
211,391221957201,1,0
212,391227143042,0,0
213,391232556607,1,0
214,391237614932,0,0
215,391243168745,1,0
216,391248368317,0,0
217,391253952492,0,0
218,391259538633,0,0
219,391265045670,1,0
220,391270189081,1,0
221,391275268426,0,0
222,391280697298,0,0
223,391286289583,1,0
224,391291357315,0,0
225,391296799857,0,0
226,391302450006,0,0
227,391308026358,0,0
228,391313595927,1,0
229,391318664912,0,0
230,391324167367,0,0
231,391329803081,1,0
232,391334967061,1,0
233,391340026877,0,0
234,391345813852,0,0
235,391351364208,0,0
236,391356815269,1,0
237,391361934684,0,0
238,391367471874,1,0
239,391372660490,0,0
240,391378152362,1,0
241,391383233375,0,0
242,391388760295,0,0
243,391394335858,0,0
244,391399828364,1,0
245,391404943532,1,0
246,391409958726,0,0
247,391415421669,0,0
248,391420853236,1,0
249,391425948165,0,0
250,391431508755,0,0
251,391436946025,0,0
252,391442496673,0,0
253,391448057210,0,0
254,391453469780,0,0
255,391458998369,1,0
256,391464041605,1,0
257,391469211935,0,0
258,391474600492,0,0
259,391480326416,1,0
260,391485481971,0,0
261,391491020756,1,0
262,391496157669,0,0
263,391502022010,1,0
264,391507242945,0,0
265,391512944992,0,0
266,391518660684,1,0
267,391523881301,0,0
268,391529765361,1,0
269,391535023975,0,0
270,391540488475,0,0
271,391546225642,1,0
272,391551486788,1,0
273,391556634953,1,0
274,391561805400,0,0
275,391567387321,1,0
276,391572704894,0,0
277,391578536934,1,0
278,391583579079,0,0
279,391589059561,1,0
280,391594298033,1,0
281,391599619155,1,0
282,391604910566,0,0
283,391610690754,1,0
284,391615970713,0,0
285,391621543324,1,0
286,391626731797,0,0
287,391632629797,0,0
288,391638537473,0,0
289,391643942055,0,0
290,391649651965,1,0
291,391654889312,1,0
292,391660023959,1,0
293,391665385402,1,0
294,391670531105,1,0
295,391675779887,1,0
296,391680817396,0,0
297,391686642507,0,0
298,391692476594,1,0
299,391697758134,0,0
300,391703594949,1,0
301,391708809469,1,0
302,391714031161,1,0
303,391719063763,0,0
304,391724729419,1,0
305,391730017864,1,0
306,391735193623,1,0
307,391740441750,1,0
308,391745724555,0,0
309,391751469896,1,0
310,391756697460,0,0
311,391762691749,1,0
312,391768035344,1,0
313,391773167012,0,0
314,391778944016,1,0
315,391784034541,1,0
316,391789141817,1,0
317,391794702143,1,0
318,391800017058,1,0
319,391805083324,0,0
320,391810728247,0,0
321,391816526077,1,0
322,391822513038,0,0
323,391828449837,1,0
324,391833712609,1,0
325,391838765849,0,0
326,391844312811,1,0
327,391849500513,1,0
328,391854664428,0,0
329,391860213166,0,0
330,391865736898,1,0
331,391871052263,1,0
332,391876194293,1,0
333,391881348462,1,0
334,391886666818,1,0
335,391891798975,0,0
336,391897616114,0,0
337,391903263617,0,0
338,391909139063,1,0
339,391914036098,0,0
340,391919905157,0,0
341,391925368567,0,0
342,391931036943,0,0
343,391936654744,0,0
344,391942233831,1,0
345,391947302817,0,0
346,391952820562,1,0
347,391958065225,1,0
348,391963462451,1,0
349,391968680741,1,0
350,391973931854,0,0
351,391979462368,1,0
352,391984671056,1,0
353,391990021535,0,0
354,391995637089,1,0
355,392000923301,1,0
356,392006057986,1,0
357,392011168093,0,0
358,392016823056,1,0
359,392021939727,1,0
360,392026959876,0,0
361,392032544154,0,0
362,392038134622,0,0
363,392043691304,0,0
364,392049368824,0,0
365,392055056385,0,0
366,392060484194,1,0
367,392065651156,1,0
368,392070842156,0,0
369,392076478031,1,0
370,392081691276,0,0
371,392087170296,0,0
372,392092395759,0,0
373,392098030462,0,0
374,392103619862,0,0
375,392109146275,0,0
376,392114623725,0,0
377,392119905346,0,0
378,392125486803,1,0
379,392130591530,0,0
380,392136094830,0,0
381,392141545487,0,0
382,392147188706,1,0
383,392152567997,1,0
384,392157758187,0,0
385,392163599335,1,0
386,392168877509,0,0
387,392174428297,1,0
388,392179562418,1,0
389,392184788504,0,0
390,392190365231,1,0
391,392195718523,1,0
392,392200869753,0,0
393,392206321653,1,0
394,392211307970,1,0
395,392216403127,1,0
396,392221466538,0,0
397,392226844929,1,0
398,392231909716,1,0
399,392236971297,0,0
400,392242595494,1,0
401,392247852258,1,0
402,392253024955,1,0
403,392258071820,1,0
404,392263258799,0,0
405,392268523555,1,0
406,392273663902,0,0
407,392279055252,0,0
408,392284508489,1,0
409,392289510627,0,0
410,392294755781,1,0
411,392299737951,0,0
412,392305042278,0,0
413,392310628491,0,0
414,392315978413,1,0
415,392320929847,1,0
416,392325838510,1,0
417,392330984206,1,0
418,392336026633,0,0
419,392341517017,0,0
420,392346854133,0,0
421,392352517212,0,0
422,392358120424,1,0
423,392363193126,1,0
424,392368240762,1,0
425,392373241660,1,0
426,392378250332,1,0
427,392383271799,0,0
428,392389032815,1,0
429,392393942855,1,0
430,392398997141,1,0
431,392404120524,0,0
432,392409721225,1,0
433,392414726231,0,0
434,392420269189,0,0
435,392425764299,0,0
436,392431356715,0,0
437,392437077501,1,0
438,392442102529,0,0
439,392447536502,1,0
440,392452776316,0,0
441,392458332639,0,0
442,392464116679,0,0
443,392469310839,1,0
444,392474466551,1,0
445,392479618808,1,0
446,392484931737,0,0
447,392490334450,1,0
448,392495700321,1,0
449,392500889090,1,0
450,392505918416,1,0
451,392510909840,1,0
452,392515953945,0,0
453,392521371774,0,0
454,392527030278,1,0
455,392531957200,0,0
456,392537368749,1,0
457,392542489015,0,0
458,392548066944,1,0
459,392553128879,1,0
460,392558205650,0,0
461,392563655553,1,0
462,392568708778,1,0
463,392573761894,1,0
464,392578807259,0,0
465,392584383378,1,0
466,392589573733,1,0
467,392594731289,0,0
468,392600552409,1,0
469,392605792163,1,0
470,392610819889,1,0
471,392615977578,0,0
472,392621645506,1,0
473,392626932540,0,0
474,392632613772,1,0
475,392637948555,0,0
476,392643528539,1,0
477,392648785678,0,0
478,392654427461,0,0
479,392660232931,0,0
480,392665498756,1,0
481,392670765220,1,0
482,392676044448,0,0
483,392681500749,1,0
484,392686627770,0,0
485,392692221940,1,0
486,392697322403,1,0
487,392702451968,1,0
488,392707466793,1,0
489,392712524213,0,0
490,392717842000,1,0
491,392722893953,1,0
492,392727906940,1,0
493,392733178077,1,0
494,392738321599,1,0
495,392743309271,0,0
496,392748741066,1,0
497,392753777633,0,0
498,392759249955,1,0
499,392764312397,0,0
500,392769794409,1,0
501,392775025921,1,0
502,392780059060,0,0
503,392785698272,0,0
504,392791521079,0,0
505,392797528560,1,0
506,392802722873,1,0
507,392807933714,0,0
508,392813825939,1,0
509,392818990104,0,0
510,392824626303,0,0
511,392830634293,1,0
512,392835756430,1,0
513,392840802073,1,0
514,392845906322,1,0
515,392850996870,0,0
516,392856542733,1,0
517,392861682485,0,0
518,392867200311,1,0
519,392872704680,1,0
520,392877964680,1,0
521,392883148115,0,0
522,392888665746,1,0
523,392893908480,1,0
524,392899219160,1,0
525,392904534478,1,0
526,392909711958,1,0
527,392914786427,0,0
528,392920604491,1,0
529,392925833083,0,0
530,392931466569,0,0
531,392937467252,0,0
532,392942689022,0,0
533,392948487436,1,0
534,392953844388,1,0
535,392959046041,0,0
536,392964736927,1,0
537,392969795555,1,0
538,392974821922,1,0
539,392979834690,0,0
540,392985568106,1,0
541,392990716316,0,0
542,392996408622,1,0
543,393001564577,1,0
544,393006767016,1,0
545,393011807719,0,0
546,393017381525,1,0
547,393022624758,0,0
548,393028135738,1,0
549,393033343579,1,0
550,393038498964,1,0
551,393043741064,1,0
552,393048907565,1,0
553,393054067043,1,0
554,393059130654,0,0
555,393064802078,1,0
556,393070033534,1,0
557,393075150005,0,0
558,393080751936,1,0
559,393085966676,0,0
560,393091511927,0,0
561,393097124714,1,0
562,393102153133,0,0
563,393108053761,1,0
564,393112983774,0,0
565,393118384906,0,0
566,393124142314,0,0
567,393129617301,0,0
568,393135078862,0,0
569,393140806344,0,0
570,393146661978,0,0
571,393152389620,0,0
572,393158081235,0,0
573,393163470428,1,0
574,393168656877,1,0
575,393173817168,1,0
576,393179055943,1,0
577,393184066389,0,0
578,393189354554,0,0
579,393194770735,1,0
580,393199879452,0,0
581,393205468496,1,0
582,393210724091,0,0
583,393216286129,0,0
584,393221958624,1,0
585,393227159456,0,0
586,393233071086,0,0
587,393238601782,1,0
588,393243763669,1,0
589,393248810917,1,0
590,393253884290,0,0
591,393259332222,1,0
592,393264324713,1,0
593,393269347579,0,0
594,393274834426,0,0
595,393280385244,1,0
596,393285596709,1,0
597,393290827259,0,0
598,393296345782,0,0
599,393302032390,1,0
600,393306937292,0,0
601,393312332622,0,0
602,393317845625,1,0
603,393322918122,1,0
604,393328063626,1,0
605,393333278901,1,0
606,393338277139,1,0
607,393343573729,1,0
608,393348780755,1,0
609,393353953432,0,0
610,393359623070,0,0
611,393365054063,1,0
612,393370471133,0,0
613,393375726513,0,0
614,393381052726,1,0
615,393386178708,1,0
616,393391273900,1,0
617,393396452044,0,0
618,393401932910,1,0
619,393407119653,1,0
620,393412181873,0,0
621,393417836430,0,0
622,393424880272,1,0
623,393430029402,1,0
624,393435113111,0,0
625,393441689940,0,0
626,393447901986,0,0
627,393452726435,0,0
628,393458063646,1,0
629,393463454690,1,0
630,393469012758,1,0
631,393473652976,1,0
632,393479199827,1,0
633,393484941900,1,0
634,393490172989,0,0
635,393497136544,1,0
636,393504470059,1,0
637,393509529195,0,0
638,393515053691,1,0
639,393520158465,0,0
640,393526073046,0,0
641,393531558486,1,0
642,393536968578,0,0
643,393542475812,0,0
644,393547940078,1,0
645,393553459439,0,0
646,393558984115,0,0
647,393565511110,1,0
648,393570662557,0,0
649,393576012043,0,0
650,393581298239,0,0
651,393588724141,0,0
652,393594599631,1,0
653,393600939169,1,0
654,393606041566,0,0
655,393611826156,0,0
656,393617457785,1,0
657,393622966637,0,0
658,393628432914,1,0
659,393634662789,0,0
660,393640077903,1,0
661,393645374004,0,0
662,393651611026,0,0
663,393657525337,0,0
664,393663764519,0,0
665,393669507023,1,0
666,393674410207,1,0
667,393679723442,0,0
668,393686397388,0,0
669,393691877206,1,0
670,393697022530,1,0
671,393701979909,0,0
672,393707681532,0,0
673,393713401931,0,0
674,393718905437,1,0
675,393724025440,0,0
676,393729545695,0,0
677,393734971984,0,0
678,393740541852,0,0
679,393746080126,0,0
680,393751954682,0,0
681,393757596891,0,0
682,393763310031,1,0
683,393768722399,1,0
684,393773914106,0,0
685,393779461522,1,0
686,393784595119,1,0
687,393789631124,1,0
688,393794628103,1,0
689,393799658221,0,0
690,393805251263,0,0
691,393810567586,0,0
692,393816084764,0,0
693,393821678923,0,0
694,393827142402,0,0
695,393832725671,1,0
696,393838033360,0,0
697,393843331950,1,0
698,393848580190,1,0
699,393853673087,0,0
700,393858912291,1,0
701,393864031698,1,0
702,393869198758,1,0
703,393874236526,1,0
704,393879243515,1,0
705,393884277469,0,0
706,393889543555,0,0
707,393894873710,1,0
708,393899906974,1,0
709,393904961597,1,0
710,393909988554,1,0
711,393915073478,0,0
712,393920385063,1,0
713,393925539846,0,0
714,393931081869,1,0
715,393935974944,0,0
716,393941343158,0,0
717,393946682843,1,0
718,393951884472,1,0
719,393956983981,1,0
720,393962046402,0,0
721,393967387965,0,0
722,393972742432,0,0
723,393978261561,1,0
724,393983212895,1,0
725,393988293652,0,0
726,393993514716,0,0
727,393998813925,0,0
728,394004265239,1,0
729,394009369260,1,0
730,394014495835,1,0
731,394019545303,1,0
732,394024600339,0,0
733,394030046279,0,0
734,394035456059,0,0
735,394040893497,1,0
736,394045927799,1,0
737,394051048712,1,0
738,394056131001,1,0
739,394061238874,1,0
740,394066648578,0,0
741,394072243035,0,0
742,394077744428,0,0
743,394083782245,1,0
744,394088818074,1,0
745,394093876449,1,0
746,394098937032,0,0
747,394104577496,0,0
748,394110149732,1,0
749,394115059106,0,0
750,394120681208,0,0
751,394126412187,0,0
752,394132125553,1,0
753,394137164894,1,0
754,394142131219,0,0
755,394147750759,0,0
756,394153450329,1,0
757,394158588957,0,0
758,394164326442,0,0
759,394170187972,1,0
760,394175058643,1,0
761,394180476281,1,0
762,394185666798,1,0
763,394190830467,0,0
764,394196892132,0,0
765,394202572502,0,0
766,394208165712,1,0
767,394213704021,0,0
768,394219283882,0,0
769,394225186441,1,0
770,394230096216,0,0
771,394235591329,0,0
772,394241133760,0,0
773,394246702483,1,0
774,394252030382,1,0
775,394256936770,1,0
776,394261955949,0,0
777,394267508311,0,0
778,394273035391,0,0
779,394278583519,0,0
780,394284132762,0,0
781,394289699437,0,0
782,394295212559,0,0
783,394300773952,1,0
784,394305758685,1,0
785,394310823092,0,0
786,394316385438,1,0
787,394321291741,0,0
788,394326653334,1,0
789,394331837483,0,0
790,394337494191,0,0
791,394343166983,0,0
792,394348835552,0,0
793,394354613359,0,0
794,394360256134,0,0
795,394365909152,1,0
796,394370927388,0,0
797,394376607208,0,0
798,394382073041,1,0
799,394387148568,1,0
800,394392239317,1,0
801,394397271479,1,0
802,394402546460,1,0
803,394407563550,0,0
804,394413128182,1,0
805,394418200550,0,0
806,394423772298,1,0
807,394428996638,0,0
808,394434503278,1,0
809,394439703410,1,0
810,394444756101,1,0
811,394449807877,1,0
812,394454865357,1,0
813,394459886872,0,0
814,394465355322,1,0
815,394470529921,0,0
816,394476161358,0,0
817,394481850791,0,0
818,394487517731,1,0
819,394492857509,0,0
820,394498396070,1,0
821,394503645398,1,0
822,394508924638,0,0
823,394514597642,0,0
824,394520065503,0,0
825,394525814431,1,0
826,394530905254,0,0
827,394536371803,1,0
828,394541513952,0,0
829,394547186849,0,0
830,394552736467,1,0
831,394557868123,1,0
832,394562892011,0,0
833,394568478744,1,0
834,394573335840,0,0
835,394579030322,0,0
836,394584376839,1,0
837,394589726153,0,0
838,394595552872,1,0
839,394600723586,1,0
840,394605963382,0,0
841,394611629799,1,0
842,394616859309,1,0
843,394621917697,1,0
844,394626997545,1,0
845,394632188834,1,0
846,394637071325,0,0
847,394642792902,0,0
848,394648345258,1,0
849,394653523091,0,0
850,394659155825,0,0
851,394664567340,0,0
852,394670168009,0,0
853,394675836176,1,0
854,394681030173,0,0
855,394686766508,1,0
856,394691885227,1,0
857,394697139691,0,0
858,394702875955,0,0
859,394708611245,1,0
860,394713815613,0,0
861,394719754729,1,0
862,394725056773,1,0
863,394730175229,0,0
864,394735841932,1,0
865,394740942323,0,0
866,394746476417,0,0
867,394752037613,1,0
868,394757225909,0,0
869,394762905392,1,0
870,394768161329,0,0
871,394773950362,0,0
872,394779686539,1,0
873,394784827817,1,0
874,394789971610,1,0
875,394795086896,0,0
876,394800776810,1,0
877,394805810220,1,0
878,394810856322,0,0
879,394816343205,1,0
880,394821469027,0,0
881,394827068841,0,0
882,394832699890,1,0
883,394837889931,0,0
884,394843325578,0,0
885,394849058986,0,0
886,394854677705,0,0
887,394860418701,1,0
888,394865711775,1,0
889,394870772283,1,0
890,394875786300,0,0
891,394881372028,1,0
892,394886856729,0,0
893,394892669722,1,0
894,394897774673,0,0
895,394903450535,0,0
896,394908855568,1,0
897,394913853263,0,0
898,394919252908,0,0
899,394924806382,0,0
900,394930367102,1,0
901,394935581597,1,0
902,394940689099,0,0
903,394946265235,0,0
904,394951836437,0,0
905,394957349051,0,0
906,394962818489,0,0
907,394968433709,0,0
908,394973994146,1,0
909,394978960857,1,0
910,394983948616,1,0
911,394988957735,0,0
912,394994458591,1,0
913,394999618090,1,0
914,395004756895,1,0
915,395009781204,1,0
916,395014807530,0,0
917,395020335484,0,0
918,395026062647,1,0
919,395031169272,0,0
920,395036600075,1,0
921,395041716404,0,0
922,395047321598,1,0
923,395052409204,0,0
924,395058018090,1,0
925,395063161150,1,0
926,395068544368,1,0
927,395073831615,1,0
928,395079040723,1,0
929,395084157800,1,0
930,395089318685,0,0
931,395095177785,1,0
932,395100224434,0,0
933,395105833047,1,0
934,395111040524,0,0
935,395116588117,1,0
936,395121897951,0,0
937,395127700116,0,0
938,395133434859,0,0
939,395138902376,0,0
940,395144761193,1,0
941,395149820182,1,0
942,395154908203,1,0
943,395160066858,1,0
944,395165233234,0,0
945,395171168439,0,0
946,395176674724,1,0
947,395181815572,1,0
948,395186945785,0,0
949,395192379087,0,0
950,395198054595,1,0
951,395203825355,1,0
952,395208974278,1,0
953,395214040224,0,0
954,395219765451,0,0
955,395225637720,0,0
956,395231986634,0,0
957,395237615205,1,0
958,395242765136,1,0
959,395247827374,1,0
960,395252854686,0,0
961,395258372844,1,0
962,395263580201,0,0
963,395269369039,0,0
964,395275061818,0,0
965,395280538508,1,0
966,395285619607,0,0
967,395291082877,1,0
968,395296257987,1,0
969,395301211313,0,0
970,395306753858,0,0
971,395312069200,0,0
972,395317420084,1,0
973,395322614619,1,0
974,395327686668,0,0
975,395333320753,0,0
976,395339053761,1,0
977,395344048998,1,0
978,395349051549,1,0
979,395354156268,1,0
980,395359409995,1,0
981,395364574159,1,0
982,395369636992,0,0
983,395375313736,1,0
984,395380558891,1,0
985,395385622139,0,0
986,395391371980,1,0
987,395396571302,1,0
988,395401910396,0,0
989,395407540966,1,0
990,395412733044,1,0
991,395418029591,1,0
992,395422962493,0,0
993,395428663441,1,0
994,395433733434,0,0
995,395439379153,1,0
996,395444534872,0,0
997,395450178075,0,0
998,395455935546,0,0
999,395461500271,1,0
1000,395466737343,1,0
1001,395472029044,1,0
1002,395477059878,1,0
1003,395482204236,0,0
1004,395487761865,0,0
1005,395493380835,1,0
1006,395498606260,1,0
1007,395503683677,1,0
1008,395508768556,1,0
1009,395513861809,0,0
1010,395519501329,0,0
1011,395524896162,0,0
1012,395530147379,0,0
1013,395535737567,0,0
1014,395541275036,1,0
1015,395546316668,0,0
1016,395551805882,1,0
1017,395556849886,0,0
1018,395562303437,0,0
1019,395567694828,0,0
1020,395573176189,1,0
1021,395578223939,1,0
1022,395583281854,0,0
1023,395588781492,0,0
1024,395594592436,1,0
1025,395599850781,0,0
1026,395605576951,0,0
1027,395610977619,0,0
1028,395616585385,0,0
1029,395622151738,1,0
1030,395627266198,0,0
1031,395632977582,1,0
1032,395638039846,0,0
1033,395643584654,0,0
1034,395649122433,1,0
1035,395654171666,1,0
1036,395659487199,1,0
1037,395664791297,1,0
1038,395669833891,0,0
1039,395675581445,1,0
1040,395680794663,1,0
1041,395685890757,1,0
1042,395691060356,1,0
1043,395696113159,0,0
1044,395701841701,0,0
1045,395707477381,0,0
1046,395713068417,0,0
1047,395718591862,1,0
1048,395723802741,0,0
1049,395729428742,1,0
1050,395734622655,1,0
1051,395739654384,1,0
1052,395744823709,1,0
1053,395749872808,0,0
1054,395755358981,0,0
1055,395760623774,1,0
1056,395765749529,1,0
1057,395770933851,1,0
1058,395776049830,1,0
1059,395781162077,0,0
1060,395786633018,0,0
1061,395791954102,1,0
1062,395797118163,0,0
1063,395802698655,1,0
1064,395807818711,0,0
1065,395813304977,0,0
1066,395818746074,0,0
1067,395824268512,0,0
1068,395829831028,1,0
1069,395834939897,0,0
1070,395840441286,0,0
1071,395846157565,1,0
1072,395851382483,1,0
1073,395856540771,0,0
1074,395862215927,1,0
1075,395867297255,1,0
1076,395872331482,1,0
1077,395877328143,1,0
1078,395882338214,1,0
1079,395887392880,0,0
1080,395892926797,0,0
1081,395898369801,1,0
1082,395903628370,1,0
1083,395908908415,0,0
1084,395914417556,0,0
1085,395920166241,1,0
1086,395925152675,0,0
1087,395930696288,0,0
1088,395936273872,0,0
1089,395941828064,1,0
1090,395946950153,1,0
1091,395951994137,0,0
1092,395957245660,1,0
1093,395962263568,1,0
1094,395967294618,1,0
1095,395972426900,0,0
1096,395977968709,0,0
1097,395983399656,0,0
1098,395989103441,1,0
1099,395994019451,0,0
1100,395999575789,1,0
1101,396004773136,0,0
1102,396010302875,1,0
1103,396015446617,0,0
1104,396021073064,1,0
1105,396026070922,0,0
1106,396031655872,0,0
1107,396037062536,1,0
1108,396042062807,0,0
1109,396047704440,1,0
1110,396052743257,0,0
1111,396058190640,1,0
1112,396063282290,1,0
1113,396068433879,1,0
1114,396073806041,1,0
1115,396078976026,0,0
1116,396084631005,1,0
1117,396089783704,0,0
1118,396095390851,1,0
1119,396100569226,1,0
1120,396105741485,1,0
1121,396110829955,1,0
1122,396115823442,0,0
1123,396121283101,1,0
1124,396126235654,0,0
1125,396131607551,1,0
1126,396136644110,0,0
1127,396142201798,1,0
1128,396147657604,0,0
1129,396153169910,0,0
1130,396158884697,0,0
1131,396164405707,0,0
1132,396169907305,1,0
1133,396175063487,0,0
1134,396181161310,0,0
1135,396186630095,1,0
1136,396191728937,1,0
1137,396196802185,1,0
1138,396201846278,0,0
1139,396207187956,0,0
1140,396212623426,1,0
1141,396217872906,1,0
1142,396222960665,1,0
1143,396228055745,1,0
1144,396233130065,0,0
1145,396238847112,1,0
1146,396243787652,0,0
1147,396249344415,1,0
1148,396254530832,1,0
1149,396259634265,1,0
1150,396264700422,1,0
1151,396269873907,1,0
1152,396274926072,1,0
1153,396279928990,1,0
1154,396285036297,1,0
1155,396290062937,0,0
1156,396295838516,0,0
1157,396301667804,1,0
1158,396306970308,1,0
1159,396311886758,0,0
1160,396317493918,1,0
1161,396322623350,1,0
1162,396327687526,0,0
1163,396333442556,1,0
1164,396338226422,1,0
1165,396343251052,0,0
1166,396348972396,1,0
1167,396354035111,1,0
1168,396359057083,1,0
1169,396364050625,0,0
1170,396369641608,1,0
1171,396374807507,1,0
1172,396379866617,1,0
1173,396384924085,1,0
1174,396390059611,0,0
1175,396395207239,0,0
1176,396400807917,1,0
1177,396405868904,0,0
1178,396411225086,1,0
1179,396416289390,0,0
1180,396421818961,0,0
1181,396427783487,1,0
1182,396433020595,0,0
1183,396438750681,1,0
1184,396443838802,0,0
1185,396449351703,1,0
1186,396454540772,0,0
1187,396460117865,1,0
1188,396465177185,0,0
1189,396470824160,1,0
1190,396475984905,0,0
1191,396481765601,1,0
1192,396486874172,0,0
1193,396492598434,1,0
1194,396497702987,0,0
1195,396503439815,1,0
1196,396508532228,0,0
1197,396514120754,1,0
1198,396519232822,1,0
1199,396524318574,1,0
1200,396529494194,1,0
1201,396534691367,1,0
1202,396539903738,1,0
1203,396544970165,0,0
1204,396550623277,0,0
1205,396556210683,1,0
1206,396561657301,0,0
1207,396567509076,1,0
1208,396572712731,0,0
1209,396578304571,1,0
1210,396583426806,0,0
1211,396589078555,0,0
1212,396594341575,0,0
1213,396599694996,0,0
1214,396605224316,0,0
1215,396611050274,1,0
1216,396616037778,0,0
1217,396621673979,0,0
1218,396627063471,1,0
1219,396632075067,0,0
1220,396637851705,0,0
1221,396643313043,1,0
1222,396648317780,0,0
1223,396654072357,0,0
1224,396659379824,1,0
1225,396664614240,1,0
1226,396669778426,0,0
1227,396675398080,1,0
1228,396680563434,0,0
1229,396686119070,1,0
1230,396691180624,0,0
1231,396696822644,0,0
1232,396702560659,0,0
1233,396708056821,0,0
1234,396713845710,0,0
1235,396719474948,1,0
1236,396724847770,0,0
1237,396730218370,0,0
1238,396736112022,0,0
1239,396741573262,0,0
1240,396747126437,0,0
1241,396752682110,0,0
1242,396758172287,1,0
1243,396763398383,1,0
1244,396768674541,1,0
1245,396773818288,0,0
1246,396779685837,0,0
1247,396785296190,0,0
1248,396791043329,0,0
1249,396796517835,0,0
1250,396802240050,1,0
1251,396807316744,0,0
1252,396812847892,1,0
1253,396817909457,0,0
1254,396823310353,0,0
1255,396828701728,0,0
1256,396833963860,1,0
1257,396839164058,0,0
1258,396844367814,1,0
1259,396849527963,0,0
1260,396855070388,0,0
1261,396860379608,0,0
1262,396865703267,0,0
1263,396870947373,1,0
1264,396876072054,0,0
1265,396881601799,0,0
1266,396886917427,1,0
1267,396892045616,1,0
1268,396897178239,1,0
1269,396902330574,1,0
1270,396907466725,0,0
1271,396912776392,1,0
1272,396917970452,0,0
1273,396923800969,1,0
1274,396929130533,1,0
1275,396934276314,0,0
1276,396939717394,0,0
1277,396945285941,1,0
1278,396950711811,1,0
1279,396955789726,0,0
1280,396961397623,1,0
1281,396966572813,1,0
1282,396971627921,0,0
1283,396977209597,1,0
1284,396982274566,0,0
1285,396987835118,1,0
1286,396992870663,0,0
1287,396998270714,0,0
1288,397003868713,0,0
1289,397009538735,1,0
1290,397014629306,0,0
1291,397020205621,0,0
1292,397025706987,1,0
1293,397030767161,0,0
1294,397036195352,1,0
1295,397041280218,1,0
1296,397046317497,1,0
1297,397051383116,1,0
1298,397056404202,0,0
1299,397061868757,0,0
1300,397067490287,1,0
1301,397072573950,0,0
1302,397078048042,0,0
1303,397083683995,1,0
1304,397088662702,0,0
1305,397094017403,0,0
1306,397099750743,0,0
1307,397105415686,1,0
1308,397110651537,1,0
1309,397115815137,1,0
1310,397120975502,1,0
1311,397126071596,1,0
1312,397131174926,0,0
1313,397136835916,1,0
1314,397141887437,1,0
1315,397147034386,0,0
1316,397152744108,1,0
1317,397157876001,0,0
1318,397163281998,1,0
1319,397168343419,0,0
1320,397174238151,1,0
1321,397179429260,0,0
1322,397184720141,1,0
1323,397189853845,1,0
1324,397194925821,0,0
1325,397200267742,0,0
1326,397205945611,1,0
1327,397210985997,0,0
1328,397216372318,0,0
1329,397222175365,0,0
1330,397228041352,0,0
1331,397233488249,0,0
1332,397239059720,0,0
1333,397244742515,0,0
1334,397250573156,1,0
1335,397255689595,0,0
1336,397261393076,0,0
1337,397267086088,1,0
1338,397272210407,0,0
1339,397277849781,1,0
1340,397282814590,1,0
1341,397287988192,0,0
1342,397293834867,1,0
1343,397299062719,0,0
1344,397304772208,1,0
1345,397309904001,1,0
1346,397315045564,1,0
1347,397320190627,1,0
1348,397325333650,0,0
1349,397331022437,1,0
1350,397336135238,1,0
1351,397341211519,1,0
1352,397346285084,1,0
1353,397351300776,0,0
1354,397356910201,1,0
1355,397361948834,0,0
1356,397367396272,0,0
1357,397373181727,1,0
1358,397378379945,1,0
1359,397383576277,0,0
1360,397389074851,0,0
1361,397394793068,1,0
1362,397399857030,0,0
1363,397405334351,0,0
1364,397410896866,1,0
1365,397415903345,1,0
1366,397421228266,0,0
1367,397426782061,0,0
1368,397432194473,0,0
1369,397437737572,0,0
1370,397443789535,0,0
1371,397449427028,1,0
1372,397454624563,0,0
1373,397460273537,0,0
1374,397465873166,0,0
1375,397471342474,0,0
1376,397477095823,1,0
1377,397482014994,1,0
1378,397487029007,0,0
1379,397492651805,1,0
1380,397497780965,1,0
1381,397502804576,1,0
1382,397507980528,1,0
1383,397513063234,0,0
1384,397518706156,1,0
1385,397523761856,0,0
1386,397529437422,1,0
1387,397534683645,0,0
1388,397540290109,0,0
1389,397545951440,0,0
1390,397551572193,1,0
1391,397556648212,1,0
1392,397561924122,1,0
1393,397566971756,0,0
1394,397572605129,1,0
1395,397577675441,1,0
1396,397582747719,1,0
1397,397587784577,0,0
1398,397593396195,1,0
1399,397598580152,1,0
1400,397603688820,0,0
1401,397609388778,1,0
1402,397614608062,1,0
1403,397619769364,1,0
1404,397624814765,0,0
1405,397630353357,1,0
1406,397635696025,0,0
1407,397641484178,1,0
1408,397646673798,1,0
1409,397651696900,0,0
1410,397657364133,1,0
1411,397662565674,0,0
1412,397668145373,0,0
1413,397673647774,0,0
1414,397679316523,1,0
1415,397684439137,1,0
1416,397689620253,0,0
1417,397695130024,0,0
1418,397700729698,1,0
1419,397705895656,1,0
1420,397710958711,1,0
1421,397716019604,1,0
1422,397721068894,1,0
1423,397726068361,0,0
1424,397731591698,1,0
1425,397736698450,1,0
1426,397741881305,0,0
1427,397747652601,0,0
1428,397753073857,0,0
1429,397758681090,0,0
1430,397764299936,1,0
1431,397769691766,1,0
1432,397774893832,0,0
1433,397780401523,1,0
1434,397785562046,0,0
1435,397791058914,1,0
1436,397796058229,0,0
1437,397801287976,0,0
1438,397806800864,0,0
1439,397812383805,0,0
1440,397818104128,0,0
1441,397823856114,0,0
1442,397829713431,1,0
1443,397834993866,0,0
1444,397840601330,1,0
1445,397845869481,0,0
1446,397851351694,1,0
1447,397856369032,0,0
1448,397861706929,1,0
1449,397867067048,1,0
1450,397872118486,0,0
1451,397877839795,1,0
1452,397883132306,0,0
1453,397888668049,1,0
1454,397893956761,0,0
1455,397899535246,0,0
1456,397905211740,1,0
1457,397910404137,1,0
1458,397915629214,0,0
1459,397920986139,0,0
1460,397926445697,0,0
1461,397931931977,1,0
1462,397937042820,1,0
1463,397942142478,1,0
1464,397947328547,0,0
1465,397952906662,0,0
1466,397958335712,1,0
1467,397963792626,1,0
1468,397968946034,1,0
1469,397974077751,1,0
1470,397979387822,0,0
1471,397984748408,1,0
1472,397989954021,1,0
1473,397995027005,0,0
1474,398000572192,0,0
1475,398005793208,1,0
1476,398010841431,1,0
1477,398015862392,1,0
1478,398020884324,1,0
1479,398025901945,0,0
1480,398031392264,0,0
1481,398037197886,0,0
1482,398042998418,1,0
1483,398047903498,1,0
1484,398052946487,0,0
1485,398058360272,0,0
1486,398063950179,0,0
1487,398069546146,1,0
1488,398074678974,1,0
1489,398079832083,0,0
1490,398085491173,0,0
1491,398090848431,0,0
1492,398096296211,0,0
1493,398101862968,0,0
1494,398107354789,0,0
1495,398112931643,0,0
1496,398118297355,0,0
1497,398123807663,1,0
1498,398128885411,0,0
1499,398134352663,1,0
1500,398139413333,1,0
1501,398144478753,1,0
1502,398149524683,0,0
1503,398155022154,1,0
1504,398160048597,0,0
1505,398165814700,1,0
1506,398170871534,0,0
1507,398176406805,1,0
1508,398181452205,0,0
1509,398186952447,0,0
1510,398192549852,1,0
1511,398197576890,0,0
1512,398203043475,0,0
1513,398208776075,1,0
1514,398213875841,1,0
1515,398218960213,1,0
1516,398224063977,0,0
1517,398229744973,0,0
1518,398235633278,1,0
1519,398240916818,0,0
1520,398246570051,1,0
1521,398251606057,0,0
1522,398257036401,1,0
1523,398262054508,0,0
1524,398267698824,0,0
1525,398273370850,1,0
1526,398278588990,0,0
1527,398284142875,1,0
1528,398289191492,0,0
1529,398294834647,0,0
1530,398300445948,1,0
1531,398305621451,1,0
1532,398310815528,0,0
1533,398316390771,1,0
1534,398321531281,1,0
1535,398326669985,0,0
1536,398332228376,1,0
1537,398337548440,0,0
1538,398343467600,1,0
1539,398348642941,0,0
1540,398354146834,1,0
1541,398359162046,1,0
1542,398364492674,1,0
1543,398369704357,0,0
1544,398375112702,1,0
1545,398380136239,1,0
1546,398385193769,1,0
1547,398390303801,1,0
1548,398395439809,1,0
1549,398400590386,1,0
1550,398405761496,0,0
1551,398411298541,0,0
1552,398417153309,0,0
1553,398422323095,0,0
1554,398428155437,1,0
1555,398433194645,0,0
1556,398438802427,1,0
1557,398443845595,1,0
1558,398448837492,1,0
1559,398453904797,0,0
1560,398459252328,1,0
1561,398464228345,0,0
1562,398469856089,0,0
1563,398475388549,1,0
1564,398480562277,1,0
1565,398485643326,0,0
1566,398491070905,0,0
1567,398496756084,0,0
1568,398502407525,1,0
1569,398507563027,0,0
1570,398513064392,1,0
1571,398518147114,0,0
1572,398523757791,1,0
1573,398528922894,0,0
1574,398534599756,0,0
1575,398540066796,1,0
1576,398545149045,1,0
1577,398550185789,1,0
1578,398555187143,1,0
1579,398560202987,1,0
1580,398565273127,0,0
1581,398570930207,0,0
1582,398576542177,0,0
1583,398582046060,0,0
1584,398587605903,0,0
1585,398593198760,1,0
1586,398598253584,0,0
1587,398603777692,1,0
1588,398608976838,0,0
1589,398614546256,0,0
1590,398620576056,0,0
1591,398626228862,0,0
1592,398631946827,1,0
1593,398637138613,1,0
1594,398642388767,1,0
1595,398647689785,1,0
1596,398652912310,0,0
1597,398658370582,1,0
1598,398663657470,1,0
1599,398668752050,1,0
1600,398673873891,1,0
1601,398678951450,0,0
1602,398684571473,1,0
1603,398689840814,1,0
1604,398694795493,0,0
1605,398700467272,1,0
1606,398705588595,0,0
1607,398711210712,0,0
1608,398716660143,1,0
1609,398721776317,0,0
1610,398727700521,0,0
1611,398733303211,1,0
1612,398738454591,1,0
1613,398743649694,1,0
1614,398748809284,1,0
1615,398753871752,1,0
1616,398758842189,1,0
1617,398763846410,1,0
1618,398768980634,1,0
1619,398774066253,0,0
1620,398779795403,1,0
1621,398784920574,0,0
1622,398790445217,0,0
1623,398796543848,1,0
1624,398801785126,1,0
1625,398806952136,0,0
1626,398812879591,0,0
1627,398818638684,1,0
1628,398823769670,1,0
1629,398828847185,1,0
1630,398833896074,0,0
1631,398839210982,0,0
1632,398845049309,1,0
1633,398850138305,0,0
1634,398856064652,0,0
1635,398861687954,1,0
1636,398866849114,1,0
1637,398871907247,1,0
1638,398876994293,0,0
1639,398882367138,1,0
1640,398887696269,1,0
1641,398892807611,1,0
1642,398897845108,0,0
1643,398903381837,1,0
1644,398908622582,1,0
1645,398913663633,1,0
1646,398918703345,0,0
1647,398924375496,1,0
1648,398929447751,0,0
1649,398935212629,0,0
1650,398941056830,1,0
1651,398946042100,1,0
1652,398951060647,1,0
1653,398956111700,0,0
1654,398961728150,1,0
1655,398966732752,0,0
1656,398972371723,1,0
1657,398977646442,0,0
1658,398983158883,0,0
1659,398988655062,1,0
1660,398993863473,1,0
1661,398998928815,0,0
1662,399004444769,0,0
1663,399010057050,1,0
1664,399015199774,0,0
1665,399021066961,0,0
1666,399026685412,0,0
1667,399032670923,1,0
1668,399037889990,0,0
1669,399043428780,0,0
1670,399049075398,1,0
1671,399054550643,0,0
1672,399059862295,0,0
1673,399065257072,0,0
1674,399070831750,1,0
1675,399075880651,1,0
1676,399081069824,0,0
1677,399086775206,0,0
1678,399092225308,1,0
1679,399097437938,1,0
1680,399102599579,1,0
1681,399107735434,1,0
1682,399112804088,1,0
1683,399117855956,0,0
1684,399123598244,1,0
1685,399128867316,0,0
1686,399134671214,1,0
1687,399143707296,1,0
1688,399148897239,0,0
1689,399154471306,1,0
1690,399159696538,0,0
1691,399165382083,0,0
1692,399171067584,0,0
1693,399176564710,1,0
1694,399181748118,1,0
1695,399186839300,0,0
1696,399192390595,1,0
1697,399197651120,0,0
1698,399203320900,0,0
1699,399208832125,0,0
1700,399214347235,1,0
1701,399219423308,1,0
1702,399224548737,1,0
1703,399229721887,1,0
1704,399234766511,1,0
1705,399239857590,1,0
1706,399244980035,1,0
1707,399250079659,0,0
1708,399255821636,0,0
1709,399261351081,0,0
1710,399267154121,1,0
1711,399272061549,0,0
1712,399277616318,0,0
1713,399283313261,0,0
1714,399288900061,1,0
1715,399293994359,0,0
1716,399299635264,1,0
1717,399304882077,0,0
1718,399310355819,0,0
1719,399315804123,0,0
1720,399321284007,0,0
1721,399326862848,0,0
1722,399332637186,0,0
1723,399338272138,1,0
1724,399343245593,0,0
1725,399348935622,0,0
1726,399354652089,1,0
1727,399359857783,0,0
1728,399365363986,0,0
1729,399370931600,1,0
1730,399375978839,0,0
1731,399381666115,0,0
1732,399387340818,1,0
1733,399392533922,0,0
1734,399398218996,0,0
1735,399403859355,1,0
1736,399408906287,0,0
1737,399414632194,0,0
1738,399420218573,0,0
1739,399425798724,0,0
1740,399431343137,0,0
1741,399436903702,1,0
1742,399441940434,1,0
1743,399447028095,1,0
1744,399452034173,1,0
1745,399457047854,0,0
1746,399462678776,1,0
1747,399467698404,1,0
1748,399472690170,1,0
1749,399477804033,1,0
1750,399482868820,0,0
1751,399488402299,1,0
1752,399493559234,0,0
1753,399499166282,1,0
1754,399504244638,0,0
1755,399509922659,1,0
1756,399514968807,1,0
1757,399520133188,1,0
1758,399525213897,0,0
1759,399530876757,0,0
1760,399536389936,1,0
1761,399541662565,0,0
1762,399547321449,1,0
1763,399552560779,1,0
1764,399557702061,0,0
1765,399563145167,1,0
1766,399568144235,0,0
1767,399573652112,1,0
1768,399578776928,1,0
1769,399583849271,0,0
1770,399589392773,1,0
1771,399594575518,0,0
1772,399600147389,0,0
1773,399605471780,1,0
1774,399610623422,1,0
1775,399615719851,1,0
1776,399620756034,0,0
1777,399626215006,0,0
1778,399631686957,0,0
1779,399637037020,0,0
1780,399642403694,1,0
1781,399647402028,0,0
1782,399652852448,1,0
1783,399657890357,0,0
1784,399663335092,0,0
1785,399668752040,1,0
1786,399673747572,0,0
1787,399679046780,1,0
1788,399684025476,1,0
1789,399689105356,1,0
1790,399694052309,0,0
1791,399699572833,0,0
1792,399705078428,1,0
1793,399710082897,0,0
1794,399715534273,1,0
1795,399720783510,1,0
1796,399725801563,0,0
1797,399731370407,1,0
1798,399736360339,0,0
1799,399741943171,1,0
1800,399747052143,0,0
1801,399752590555,1,0
1802,399757698689,0,0
1803,399763383142,0,0
1804,399769161992,0,0
1805,399774728197,0,0
1806,399780404623,1,0
1807,399785607024,0,0
1808,399791150060,1,0
1809,399796117379,0,0
1810,399801751256,1,0
1811,399806779371,1,0
1812,399811822736,1,0
1813,399816867989,0,0
1814,399822212249,0,0
1815,399827611733,0,0
1816,399833127996,0,0
1817,399838381217,0,0
1818,399844029452,0,0
1819,399849338037,1,0
1820,399854830458,0,0
1821,399860385988,0,0
1822,399866161091,0,0
1823,399871670526,0,0
1824,399877224279,1,0
1825,399882313142,0,0
1826,399887923997,0,0
1827,399893479377,1,0
1828,399898642712,0,0
1829,399904203353,0,0
1830,399909974693,1,0
1831,399915030344,0,0
1832,399920397460,0,0
1833,399926054878,0,0
1834,399931357245,0,0
1835,399936934420,0,0
1836,399942440000,0,0
1837,399948153117,0,0
1838,399953420227,0,0
1839,399959155491,1,0
1840,399964065090,0,0
1841,399969712436,0,0
1842,399975231537,0,0
1843,399980857132,0,0
1844,399986385155,1,0
1845,399991531958,0,0
1846,399997083558,0,0
1847,400002390329,1,0
1848,400007592626,0,0
1849,400013068176,0,0
1850,400018822467,0,0
1851,400024200947,1,0
1852,400029230867,0,0
1853,400034870953,0,0
1854,400040270465,1,0
1855,400045256237,1,0
1856,400050251964,0,0
1857,400055819818,0,0
1858,400061213389,0,0
1859,400066480511,1,0
1860,400071662329,1,0
1861,400076811260,0,0
1862,400082367267,0,0
1863,400088054793,1,0
1864,400093056585,1,0
1865,400098055243,1,0
1866,400103118802,0,0
1867,400108763133,1,0
1868,400113834848,1,0
1869,400119111791,0,0
1870,400124522345,0,0
1871,400130119452,0,0
1872,400135588600,0,0
1873,400140980878,1,0
1874,400146017851,1,0
1875,400151024429,0,0
1876,400156528837,0,0
1877,400161957715,0,0
1878,400167404202,0,0
1879,400172908026,0,0
1880,400178403948,1,0
1881,400183442210,1,0
1882,400188500428,0,0
1883,400193992304,1,0
1884,400199019370,0,0
1885,400204408211,0,0
1886,400209707970,0,0
1887,400215128080,0,0
1888,400220703249,1,0
1889,400225709583,1,0
1890,400230736065,1,0
1891,400235777862,1,0
1892,400240831026,1,0
1893,400245857966,1,0
1894,400250895174,0,0
1895,400256356992,1,0
1896,400261375309,1,0
1897,400266355717,1,0
1898,400271370543,1,0
1899,400276349852,0,0
1900,400281936884,1,0
1901,400287038627,1,0
1902,400292043427,0,0
1903,400297558399,0,0
1904,400302988399,0,0
1905,400308377079,0,0
1906,400313677713,1,0
1907,400319305276,1,0
1908,400324427330,0,0
1909,400330075734,0,0
1910,400335656842,1,0
1911,400340858430,1,0
1912,400345918064,1,0
1913,400350895527,0,0
1914,400356321886,0,0
1915,400361892259,1,0
1916,400367136421,1,0
1917,400372327752,1,0
1918,400377349838,1,0
1919,400382422965,1,0
1920,400387759022,1,0
1921,400392841709,1,0
1922,400397944526,1,0
1923,400403128652,0,0
1924,400408818298,1,0
1925,400413899836,0,0
1926,400419329498,0,0
1927,400424930567,1,0
1928,400429931660,1,0
1929,400435018785,0,0
1930,400440426842,0,0
1931,400446159638,0,0
1932,400451582644,0,0
1933,400457236251,0,0
1934,400462769479,0,0
1935,400468382274,1,0
1936,400473555087,0,0
1937,400479160088,0,0
1938,400484706404,0,0
1939,400490418827,1,0
1940,400495785974,0,0
1941,400501216506,1,0
1942,400506245452,1,0
1943,400511226117,1,0
1944,400516223283,0,0
1945,400521733953,0,0
1946,400527146486,1,0
1947,400532256084,0,0
1948,400537829719,0,0
1949,400543276833,1,0
1950,400548326396,0,0
1951,400553786965,1,0
1952,400558891530,1,0
1953,400563873642,1,0
1954,400568968002,0,0
1955,400574574600,1,0
1956,400579735796,0,0
1957,400585311266,0,0
1958,400590911377,1,0
1959,400595928284,1,0
1960,400600924826,1,0
1961,400605971711,0,0
1962,400611590328,1,0
1963,400616628697,1,0
1964,400621719234,0,0
1965,400627295021,0,0
1966,400633039000,1,0
1967,400638132485,1,0
1968,400643169499,1,0
1969,400648260777,1,0
1970,400653324046,0,0
1971,400658957469,0,0
1972,400664223229,1,0
1973,400669257223,1,0
1974,400674590323,1,0
1975,400680066279,1,0
1976,400685246526,0,0
1977,400690869439,0,0
1978,400696366613,0,0
1979,400702119532,0,0
1980,400707710912,0,0
1981,400713328748,0,0
1982,400718926016,0,0
1983,400724410535,0,0
1984,400730196011,1,0
1985,400735245148,0,0
1986,400740884913,1,0
1987,400745932841,1,0
1988,400750941458,0,0
1989,400756649932,1,0
1990,400761981554,0,0
1991,400767473673,0,0
1992,400773077310,0,0
1993,400778866591,0,0
1994,400784814019,1,0
1995,400789955927,0,0
1996,400795449505,0,0
1997,400800992670,0,0
1998,400806298063,1,0
1999,400811322423,0,0
2000,400816890078,1,0
2001,400821989166,1,0
2002,400827028035,1,0
2003,400832224406,1,0
2004,400837454754,0,0
2005,400842945133,1,0
2006,400847929503,0,0
2007,400853311642,1,0
2008,400858328917,1,0
2009,400863432239,1,0
2010,400868828174,0,0
2011,400874380252,1,0
2012,400879561227,0,0
2013,400885153172,1,0
2014,400890246919,1,0
2015,400895263678,0,0
2016,400900871108,1,0
2017,400905935777,1,0
2018,400910950612,1,0
2019,400915966600,0,0
2020,400921534666,0,0
2021,400927067793,0,0
2022,400932751623,0,0
2023,400938684514,1,0
2024,400943781083,0,0
2025,400949729661,1,0
2026,400954797647,1,0
2027,400959848933,1,0
2028,400965034934,0,0
2029,400970496400,0,0
2030,400976159886,0,0
2031,400982069891,0,0
2032,400988016659,1,0
2033,400993058465,1,0
2034,400998107400,1,0
2035,401003132917,0,0
2036,401008605044,0,0
2037,401014179107,1,0
2038,401019265741,1,0
2039,401024319222,0,0
2040,401029919820,0,0
2041,401035786737,1,0
2042,401040875464,1,0
2043,401045928907,1,0
2044,401050970300,1,0
2045,401056057037,0,0
2046,401061655233,0,0
2047,401067146698,0,0
2048,401072673385,0,0
2049,401078191251,1,0
2050,401083306301,0,0
2051,401088933179,1,0
2052,401094043843,0,0
2053,401099229116,0,0
2054,401104855539,0,0
2055,401110387813,1,0
2056,401115664851,1,0
2057,401120866033,0,0
2058,401126431216,1,0
2059,401131826844,0,0
2060,401137560580,0,0
2061,401143346652,0,0
2062,401149182713,0,0
2063,401154366955,1,0
2064,401159546581,1,0
2065,401164750487,0,0
2066,401170275759,0,0
2067,401175932450,1,0
2068,401181074855,1,0
2069,401186258474,0,0
2070,401192150118,1,0
2071,401197145852,0,0
2072,401202689099,0,0
2073,401208247886,0,0
2074,401214271035,0,0
2075,401219955079,1,0
2076,401225125826,1,0
2077,401230152013,1,0
2078,401235194570,1,0
2079,401240189817,1,0
2080,401245271647,1,0
2081,401250691525,0,0
2082,401256454716,0,0
2083,401261957016,0,0
2084,401267460691,0,0
2085,401273022870,1,0
2086,401278061577,1,0
2087,401283062260,1,0
2088,401288152652,1,0
2089,401293619456,1,0
2090,401298816644,1,0
2091,401303987680,0,0
2092,401310152789,0,0
2093,401315826993,1,0
2094,401320934124,0,0
2095,401326356193,0,0
2096,401332154286,0,0
2097,401337742622,1,0
2098,401342762826,0,0
2099,401348740011,1,0
2100,401353876003,0,0
2101,401359575260,1,0
2102,401364631321,0,0
2103,401370142333,1,0
2104,401375083615,0,0
2105,401380851565,0,0
2106,401386676812,0,0
2107,401392339793,1,0
2108,401397476480,0,0
2109,401403256002,1,0
2110,401408268806,0,0
2111,401414074580,0,0
2112,401419778677,0,0
2113,401425457739,1,0
2114,401430639652,0,0
2115,401436116282,1,0
2116,401441189220,1,0
2117,401446197166,0,0
2118,401452228558,0,0
2119,401458255782,1,0
2120,401463450156,0,0
2121,401469236639,0,0
2122,401475158972,0,0
2123,401480544664,1,0
2124,401485737066,1,0
2125,401490794819,0,0
2126,401496388979,0,0
2127,401502251432,1,0
2128,401507440192,1,0
2129,401512693548,0,0
2130,401518221366,1,0
2131,401523268045,0,0
2132,401529026796,1,0
2133,401534256208,1,0
2134,401539496772,0,0
2135,401545292738,1,0
2136,401550374624,0,0
2137,401556292032,0,0
2138,401561593236,0,0
2139,401567062668,1,0
2140,401572056847,1,0
2141,401577169865,0,0
2142,401582782659,1,0
2143,401588047809,0,0
2144,401593270924,0,0
2145,401598717352,1,0
2146,401603880514,0,0
2147,401609338580,0,0
2148,401614813178,1,0
2149,401619809379,1,0
2150,401624815654,0,0
2151,401630155669,1,0
2152,401635133362,1,0
2153,401640103585,1,0
2154,401645148710,1,0
2155,401650225663,1,0
2156,401655245219,0,0
2157,401660475871,0,0
2158,401665810183,0,0
2159,401671182815,1,0
2160,401676187680,1,0
2161,401681181141,1,0
2162,401686201134,0,0
2163,401691868638,0,0
2164,401697506964,1,0
2165,401702503172,0,0
2166,401707760525,0,0
2167,401713153846,1,0
2168,401718166163,1,0
2169,401723188640,1,0
2170,401728250155,1,0
2171,401733221946,1,0
2172,401738204056,0,0
2173,401744049068,0,0
2174,401749649066,0,0
2175,401755236485,1,0
2176,401760358275,1,0
2177,401765351174,1,0
2178,401770366050,1,0
2179,401775400005,1,0
2180,401780640677,1,0
2181,401785905914,0,0
2182,401791788950,0,0
2183,401797448283,0,0
2184,401803511990,1,0
2185,401808686029,0,0
2186,401814429779,0,0
2187,401819996893,1,0
2188,401825055422,0,0
2189,401830607453,0,0
2190,401836072936,1,0
2191,401841738061,0,0
2192,401847718603,1,0
2193,401853072125,0,0
2194,401858830146,0,0
2195,401864616316,0,0
2196,401870140249,1,0
2197,401875239683,1,0
2198,401880259447,0,0
2199,401886122928,0,0
2200,401891594222,1,0
2201,401896708562,1,0
2202,401901711599,1,0
2203,401906752534,1,0
2204,401911793124,0,0
2205,401917311652,1,0
2206,401922374967,0,0
2207,401927943299,1,0
2208,401932992765,1,0
2209,401938062160,1,0
2210,401943065496,1,0
2211,401948094370,0,0
2212,401953866590,0,0
2213,401959391726,1,0
2214,401964432695,0,0
2215,401970075823,0,0
2216,401975241443,0,0
2217,401980660713,1,0
2218,401985716813,1,0
2219,401990905402,1,0
2220,401995864508,0,0
2221,402001229837,1,0
2222,402006212399,0,0
2223,402011917296,0,0
2224,402017492177,1,0
2225,402022644530,0,0
2226,402028030067,1,0
2227,402033022262,1,0
2228,402038020525,0,0
2229,402043637115,1,0
2230,402048660612,1,0
2231,402053857592,0,0
2232,402059382378,0,0
2233,402064910689,0,0
2234,402070320025,1,0
2235,402075654960,0,0
2236,402081128094,1,0
2237,402086152543,0,0
2238,402091674689,0,0
2239,402097112765,1,0
2240,402102144689,1,0
2241,402107179769,0,0
2242,402112810463,1,0
2243,402118042566,1,0
2244,402122897399,1,0
2245,402127920317,1,0
2246,402133062253,1,0
2247,402138061426,1,0
2248,402143177860,0,0
2249,402148756385,0,0
2250,402154341397,0,0
2251,402159993477,0,0
2252,402165328727,0,0
2253,402171141255,0,0
2254,402176702806,1,0
2255,402181911932,1,0
2256,402187131439,0,0
2257,402192666978,0,0
2258,402198342337,1,0
2259,402203533779,1,0
2260,402208713716,0,0
2261,402214382997,0,0
2262,402219974156,1,0
2263,402225059189,1,0
2264,402230053770,1,0
2265,402235176929,0,0
2266,402240983421,1,0
2267,402246067298,0,0
2268,402251600104,0,0
2269,402257230645,0,0
2270,402262752856,1,0
2271,402267861909,0,0
2272,402273467577,0,0
2273,402278819364,1,0
2274,402283891205,1,0
2275,402288953473,1,0
2276,402294064668,1,0
2277,402299149985,0,0
2278,402304609385,0,0
2279,402310022068,1,0
2280,402315052746,1,0
2281,402320063202,0,0
2282,402325733497,1,0
2283,402330787542,0,0
2284,402336271408,0,0
2285,402341754259,1,0
2286,402346870870,1,0
2287,402351996526,0,0
2288,402357703786,1,0
2289,402362908010,0,0
2290,402368206942,1,0
2291,402373505697,1,0
2292,402378822150,1,0
2293,402383922962,1,0
2294,402388986998,0,0
2295,402394639539,1,0
2296,402399839563,0,0
2297,402405436335,1,0
2298,402410837913,1,0
2299,402415992843,0,0
2300,402421518675,0,0
2301,402427129803,0,0
2302,402432646639,1,0
2303,402437730193,0,0
2304,402443241421,1,0
2305,402448279344,0,0
2306,402453577226,0,0
2307,402459023685,0,0
2308,402464480354,0,0
2309,402469915538,1,0
2310,402475014037,1,0
2311,402480118477,0,0
2312,402485705541,0,0
2313,402491054632,0,0
2314,402496716463,1,0
2315,402501932401,1,0
2316,402507074149,1,0
2317,402512071825,1,0
2318,402517065064,0,0
2319,402522722728,0,0
2320,402528246850,0,0
2321,402533757296,0,0
2322,402539564273,1,0
2323,402544481205,0,0
2324,402550187198,1,0
2325,402555248074,0,0
2326,402561120592,1,0
2327,402566041882,1,0
2328,402571029458,1,0
2329,402576022184,1,0
2330,402581138050,0,0
2331,402586945636,0,0
2332,402592890689,0,0
2333,402598724459,0,0
2334,402604181450,0,0
2335,402609497582,1,0
2336,402614623176,1,0
2337,402619665768,1,0
2338,402624754580,0,0
2339,402630049526,0,0
2340,402635323955,1,0
2341,402640429342,1,0
2342,402645516601,0,0
2343,402650975159,0,0
2344,402656323469,0,0
2345,402661659912,0,0
2346,402667026714,0,0
2347,402672386684,0,0
2348,402677865102,0,0
2349,402683292687,1,0
2350,402688409116,1,0
2351,402693662287,1,0
2352,402698806824,0,0
2353,402704312565,1,0
2354,402709597271,0,0
2355,402714876682,0,0
2356,402720468839,1,0
2357,402725692253,1,0
2358,402730754507,1,0
2359,402735834252,1,0
2360,402740915847,0,0
2361,402746139175,0,0
2362,402751379874,1,0
2363,402756446915,0,0
2364,402761894567,1,0
2365,402766981639,0,0
2366,402772313901,1,0
2367,402777616561,1,0
2368,402782746427,1,0
2369,402787793326,1,0
2370,402792876813,0,0
2371,402798349219,1,0
2372,402803371367,1,0
2373,402808367612,1,0
2374,402813373266,0,0
2375,402818911250,0,0
2376,402824691043,0,0
2377,402830398652,0,0
2378,402835983883,0,0
2379,402841595702,0,0
2380,402847146527,0,0
2381,402852707618,0,0
2382,402858278229,1,0
2383,402863495390,0,0
2384,402869133067,0,0
2385,402874767391,0,0
2386,402880391610,0,0
2387,402886030570,1,0
2388,402891068754,1,0
2389,402896102637,1,0
2390,402901380714,1,0
2391,402906437913,0,0
2392,402912138816,1,0
2393,402917028427,1,0
2394,402922089158,0,0
2395,402927783164,0,0
2396,402933518272,0,0
2397,402938887491,1,0
2398,402944032530,1,0
2399,402949161647,1,0
2400,402954361895,1,0
2401,402959675720,0,0
2402,402965288040,0,0
2403,402970933107,0,0
2404,402976575677,0,0
2405,402982109958,0,0
2406,402987492422,0,0
2407,402993128580,0,0
2408,402998873893,1,0
2409,403004029652,1,0
2410,403009050046,1,0
2411,403014158633,0,0
2412,403019733719,1,0
2413,403025071906,0,0
2414,403030714226,1,0
2415,403035832158,1,0
2416,403040978011,1,0
2417,403046107402,1,0
2418,403051273547,1,0
2419,403056365150,0,0
2420,403062039810,0,0
2421,403067647835,0,0
2422,403073070058,0,0
2423,403078898082,1,0
2424,403084024969,0,0
2425,403089589234,0,0
2426,403095067670,0,0
2427,403100353924,1,0
2428,403105561700,1,0
2429,403110748678,0,0
2430,403116291543,0,0
2431,403121620745,1,0
2432,403126643018,1,0
2433,403131670344,0,0
2434,403137192555,0,0
2435,403142923996,1,0
2436,403147998281,1,0
2437,403153058736,0,0
2438,403158496510,0,0
2439,403164069706,1,0
2440,403169152829,1,0
2441,403174230367,0,0
2442,403179652826,1,0
2443,403184704437,0,0
2444,403190193248,1,0
2445,403195344592,1,0
2446,403200602417,1,0
2447,403205582824,1,0
2448,403210611916,1,0
2449,403215606161,0,0
2450,403221126597,0,0
2451,403226819025,1,0
2452,403231978306,0,0
2453,403237554331,1,0
2454,403242711042,0,0
2455,403248285573,1,0
2456,403253374323,1,0
2457,403258454909,0,0
2458,403264070912,0,0
2459,403269597548,1,0
2460,403274697866,0,0
2461,403280147426,0,0
2462,403285746134,1,0
2463,403290789415,0,0
2464,403296376089,1,0
2465,403301544594,0,0
2466,403307124145,0,0
2467,403312489810,0,0
2468,403318189754,1,0
2469,403323355280,1,0
2470,403328552355,0,0
2471,403334196965,0,0
2472,403339736990,1,0
2473,403344749105,1,0
2474,403349842154,0,0
2475,403355223955,1,0
2476,403360252619,1,0
2477,403365382139,1,0
2478,403370788615,0,0
2479,403376195851,0,0
2480,403381874937,1,0
2481,403386942579,1,0
2482,403392072027,0,0
2483,403397746073,0,0
2484,403403644973,1,0
2485,403408918387,1,0
2486,403414024691,0,0
2487,403419434170,1,0
2488,403424752092,1,0
2489,403429801945,0,0
2490,403435271668,1,0
2491,403440296214,1,0
2492,403445285694,1,0
2493,403450498497,1,0
2494,403455686984,0,0
2495,403461278736,1,0
2496,403466385636,0,0
2497,403472127391,0,0
2498,403477749552,1,0
2499,403482751169,0,0
2500,403488271142,1,0
2501,403493263189,1,0
2502,403498267017,0,0
2503,403504274581,1,0
2504,403509768797,1,0
2505,403514873797,1,0
2506,403520016510,0,0
2507,403525426063,1,0
2508,403530718453,0,0
2509,403536366079,1,0
2510,403541573192,1,0
2511,403546609895,0,0
2512,403552179289,0,0
2513,403558077914,0,0
2514,403563854261,0,0
2515,403569374725,1,0
2516,403574408941,1,0
2517,403579388749,1,0
2518,403584361035,0,0
2519,403589923116,0,0
2520,403595430151,0,0
2521,403601162887,1,0
2522,403606185514,1,0
2523,403611276771,0,0
2524,403617048750,1,0
2525,403622134716,1,0
2526,403627283476,0,0
2527,403633021294,1,0
2528,403638160522,1,0
2529,403643276003,1,0
2530,403648258091,1,0
2531,403653459034,1,0
2532,403658732438,1,0
2533,403663961617,0,0
2534,403669528965,1,0
2535,403674676820,1,0
2536,403679812428,1,0
2537,403684881698,1,0
2538,403689971396,0,0
2539,403695686065,0,0
2540,403702022472,1,0
2541,403706645009,1,0
2542,403711680974,0,0
2543,403717272087,1,0
2544,403722376397,0,0
2545,403727822277,0,0
2546,403733279387,0,0
2547,403738806279,0,0
2548,403744382755,1,0
2549,403749683853,0,0
2550,403755158625,1,0
2551,403760277424,0,0
2552,403766081150,1,0
2553,403771213336,1,0
2554,403776860607,1,0
2555,403782102055,1,0
2556,403787376034,1,0
2557,403792419631,1,0
2558,403797447014,1,0
2559,403802500515,0,0
2560,403808132431,1,0
2561,403813064950,1,0
2562,403818061274,1,0
2563,403823193649,1,0
2564,403828238742,1,0
2565,403833273317,1,0
2566,403838257902,1,0
2567,403843232552,0,0
2568,403848786310,0,0
2569,403854590503,0,0
2570,403860071281,0,0
2571,403865679298,0,0
2572,403871121136,0,0
2573,403876684522,1,0
2574,403881841734,1,0
2575,403886932550,0,0
2576,403892411740,1,0
2577,403897731116,0,0
2578,403903270538,0,0
2579,403908906769,1,0
2580,403913939150,1,0
2581,403919157856,0,0
2582,403924990188,0,0
2583,403930369456,0,0
2584,403935814386,0,0
2585,403941179537,1,0
2586,403946261200,1,0
2587,403951335891,0,0
2588,403956859279,1,0
2589,403961872650,0,0
2590,403967263665,0,0
2591,403972987498,1,0
2592,403978046288,0,0
2593,403983510607,1,0
2594,403988766823,0,0
2595,403994330050,1,0
2596,403999431692,1,0
2597,404004511877,1,0
2598,404009520856,1,0
2599,404014519960,1,0
2600,404019609125,1,0
2601,404024630012,0,0
2602,404029847696,0,0
2603,404035366901,0,0
2604,404040868298,1,0
2605,404045943914,0,0
2606,404051456207,1,0
2607,404056603992,0,0
2608,404061933061,0,0
2609,404067305601,0,0
2610,404072740499,1,0
2611,404077962699,1,0
2612,404083042011,0,0
2613,404088399561,1,0
2614,404093647798,1,0
2615,404098982335,0,0
2616,404104588228,1,0
2617,404109766480,1,0
2618,404114862608,0,0
2619,404120148283,1,0
2620,404125218159,0,0
2621,404130708261,1,0
2622,404135673026,0,0
2623,404141050111,0,0
2624,404146844949,1,0
2625,404151928320,0,0
2626,404157199342,1,0
2627,404162215162,0,0
2628,404167684067,0,0
2629,404172954511,1,0
2630,404178313033,1,0
2631,404183526412,1,0
2632,404188751374,1,0
2633,404193882109,0,0
2634,404199270607,0,0
2635,404204600307,1,0
2636,404209823000,1,0
2637,404214997191,1,0
2638,404220129530,0,0
2639,404225666206,0,0
2640,404231166140,1,0
2641,404236473362,1,0
2642,404241411514,0,0
2643,404246899398,0,0
2644,404252243456,0,0
2645,404257706091,1,0
2646,404262767023,1,0
2647,404267852963,0,0
2648,404273233830,0,0
2649,404278606116,0,0
2650,404284123998,0,0
2651,404289665795,0,0
2652,404295101965,0,0
2653,404300835636,1,0
2654,404305973621,0,0
2655,404311463277,0,0
2656,404316897133,1,0
2657,404322151470,0,0
2658,404328070878,1,0
2659,404333182501,0,0
2660,404338568744,0,0
2661,404343921250,1,0
2662,404349065694,0,0
2663,404354376623,1,0
2664,404359465326,0,0
2665,404364963496,1,0
2666,404370039644,0,0
2667,404375531544,1,0
2668,404380760811,1,0
2669,404385901432,1,0
2670,404391031309,0,0
2671,404396424609,0,0
2672,404401858239,1,0
2673,404406925241,1,0
2674,404411991023,0,0
2675,404417286806,1,0
2676,404422344509,0,0
2677,404427591410,0,0
2678,404432974248,0,0
2679,404438526395,0,0
2680,404444287631,1,0
2681,404449530351,0,0
2682,404455353957,0,0
2683,404461061389,0,0
2684,404466512679,0,0
2685,404471793192,0,0
2686,404477188596,1,0
2687,404482207597,0,0
2688,404487707784,1,0
2689,404492792223,0,0
2690,404498163843,1,0
2691,404503213514,0,0
2692,404508762372,1,0
2693,404513834948,0,0
2694,404519285475,0,0
2695,404524707733,0,0
2696,404529816361,1,0
2697,404534843912,0,0
2698,404540131194,1,0
2699,404545274608,0,0
2700,404550497287,1,0
2701,404555592804,0,0
2702,404560876682,1,0
2703,404565955712,0,0
2704,404571211656,0,0
2705,404576484246,1,0
2706,404581570855,0,0
2707,404586944305,0,0
2708,404592544564,0,0
2709,404597982980,1,0
2710,404603199645,0,0
2711,404608797595,1,0
2712,404613915601,0,0
2713,404619462193,0,0
2714,404624893194,1,0
2715,404630132050,0,0
2716,404635243585,0,0
2717,404640761096,1,0
2718,404645830604,0,0
2719,404651282310,1,0
2720,404656303373,1,0
2721,404661401268,1,0
2722,404666880329,0,0
2723,404672714388,0,0
2724,404678318799,1,0
2725,404683346461,0,0
2726,404688477194,0,0
2727,404693764891,0,0
2728,404699323231,1,0
2729,404704451656,1,0
2730,404709609380,1,0
2731,404714788297,0,0
2732,404720402342,0,0
2733,404726155909,1,0
2734,404731378046,0,0
2735,404736871543,0,0
2736,404742210670,1,0
2737,404747268949,1,0
2738,404752270704,0,0
2739,404757711746,1,0
2740,404762743301,1,0
2741,404767940544,0,0
2742,404773428214,1,0
2743,404778470485,0,0
2744,404784050616,0,0
2745,404789797234,0,0
2746,404795288539,1,0
2747,404800460402,1,0
2748,404805713445,0,0
2749,404811218983,1,0
2750,404816301011,0,0
2751,404821863595,1,0
2752,404826862602,0,0
2753,404832382923,0,0
2754,404838061253,1,0
2755,404843180327,0,0
2756,404848734430,1,0
2757,404853807290,1,0
2758,404858821352,1,0
2759,404863878995,1,0
2760,404868908609,0,0
2761,404874661907,0,0
2762,404880302362,1,0
2763,404885433776,0,0
2764,404891057634,1,0
2765,404896070378,1,0
2766,404901133073,0,0
2767,404906850230,0,0
2768,404912455921,0,0
2769,404918153901,1,0
2770,404923211162,0,0
2771,404928662944,0,0
2772,404933977988,1,0
2773,404939052737,1,0
2774,404944055751,0,0
2775,404949508747,0,0
2776,404954908819,1,0
2777,404960015211,0,0
2778,404965377313,0,0
2779,404970658818,1,0
2780,404975743275,1,0
2781,404980846753,1,0
2782,404985881229,1,0
2783,404990988326,1,0
2784,404996068615,0,0
2785,405001716868,0,0
2786,405007563671,0,0
2787,405013138163,1,0
2788,405018304032,1,0
2789,405023475935,1,0
2790,405028513353,0,0
2791,405034148127,0,0
2792,405039773907,1,0
2793,405044926163,1,0
2794,405049919820,0,0
2795,405055549218,0,0
2796,405060943476,1,0
2797,405065963906,0,0
2798,405071971891,1,0
2799,405077056602,0,0
2800,405082750283,1,0
2801,405087859964,0,0
2802,405093437919,1,0
2803,405098545727,1,0
2804,405103805594,1,0
2805,405108981299,1,0
2806,405114042795,0,0
2807,405119664518,1,0
2808,405124693181,1,0
2809,405129865486,0,0
2810,405135394067,1,0
2811,405140542481,1,0
2812,405145672259,0,0
2813,405151211870,0,0
2814,405157461021,0,0
2815,405163199447,1,0
2816,405168241200,0,0
2817,405174067734,1,0
2818,405179188545,0,0
2819,405184962634,1,0
2820,405190037166,0,0
2821,405195695832,1,0
2822,405200850673,1,0
2823,405206059551,1,0
2824,405211054876,1,0
2825,405216067125,0,0
2826,405221887379,1,0
2827,405227063059,1,0
2828,405232073203,0,0
2829,405237552152,1,0
2830,405242627708,1,0
2831,405247850106,1,0
2832,405252959589,1,0
2833,405258012394,0,0
2834,405263421337,0,0
2835,405269050049,0,0
2836,405274563411,0,0
2837,405280465565,1,0
2838,405285935990,0,0
2839,405291545728,0,0
2840,405297172992,1,0
2841,405302261022,1,0
2842,405307367873,1,0
2843,405312723619,0,0
2844,405318160358,0,0
2845,405323798900,0,0
2846,405329223939,0,0
2847,405334794864,1,0
2848,405339928244,1,0
2849,405345307400,1,0
2850,405350447802,1,0
2851,405355548798,0,0
2852,405361141062,1,0
2853,405366124546,0,0
2854,405371840245,0,0
2855,405377291302,0,0
2856,405382946943,1,0
2857,405388182208,1,0
2858,405393237100,1,0
2859,405398296264,1,0
2860,405403486241,0,0
2861,405409259259,0,0
2862,405414736037,1,0
2863,405419768200,1,0
2864,405424909802,0,0
2865,405430410360,0,0
2866,405436127106,1,0
2867,405441054648,0,0
2868,405446784395,0,0
2869,405452288838,1,0
2870,405457436970,0,0
2871,405463113226,0,0
2872,405468710507,1,0
2873,405473742452,1,0
2874,405478880970,0,0
2875,405484313543,1,0
2876,405489520373,0,0
2877,405494979820,0,0
2878,405500353156,0,0
2879,405505741396,0,0
2880,405511292602,1,0
2881,405516279102,0,0
2882,405521895973,1,0
2883,405527202381,1,0
2884,405532297113,0,0
2885,405538174430,1,0
2886,405543423825,0,0
2887,405548952655,0,0
2888,405554553938,0,0
2889,405560146679,1,0
2890,405565160779,0,0
2891,405571303330,1,0
2892,405576212644,0,0
2893,405581899781,1,0
2894,405587032494,0,0
2895,405592562678,1,0
2896,405597750657,0,0
2897,405603397280,1,0
2898,405608432945,0,0
2899,405613903154,1,0
2900,405618912060,1,0
2901,405624200892,1,0
2902,405629450312,1,0
2903,405634778550,1,0
2904,405639799746,1,0
2905,405645011908,1,0
2906,405650135112,1,0
2907,405655204417,0,0
2908,405660718241,1,0
2909,405665794145,1,0
2910,405670862821,1,0
2911,405675932618,1,0
2912,405680939809,0,0
2913,405686464166,0,0
2914,405692026267,1,0
2915,405697094514,1,0
2916,405702176431,1,0
2917,405707196176,1,0
2918,405712247430,1,0
2919,405717193713,0,0
2920,405722798650,1,0
2921,405727786114,1,0
2922,405732954344,1,0
2923,405737988472,1,0
2924,405743040464,0,0
2925,405748720117,1,0
2926,405753756052,0,0
2927,405759333690,1,0
2928,405764501633,0,0
2929,405770065683,0,0
2930,405775503102,1,0
2931,405780855641,0,0
2932,405786850547,0,0
2933,405792426754,1,0
2934,405797490820,1,0
2935,405802817336,0,0
2936,405808780069,0,0
2937,405814696051,0,0
2938,405820309153,0,0
2939,405825652771,0,0
2940,405831391739,1,0
2941,405836626252,1,0
2942,405841868550,0,0
2943,405847555084,1,0
2944,405852765285,0,0
2945,405858349615,1,0
2946,405863419927,0,0
2947,405869224134,0,0
2948,405875052005,0,0
2949,405880772743,0,0
2950,405886188308,1,0
2951,405891218968,0,0
2952,405896759547,1,0
2953,405901880387,0,0
2954,405907426920,0,0
2955,405913057951,0,0
2956,405918636254,1,0
2957,405923682174,0,0
2958,405929133756,1,0
2959,405934165527,0,0
2960,405940017060,0,0
2961,405945511524,1,0
2962,405950640861,0,0
2963,405956365137,1,0
2964,405961731796,1,0
2965,405966767899,1,0
2966,405971847981,1,0
2967,405977066836,1,0
2968,405982200017,0,0
2969,405987771390,0,0
2970,405993342943,0,0
2971,405998984084,0,0
2972,406004386137,0,0
2973,406009833792,0,0
2974,406015321650,1,0
2975,406020687177,0,0
2976,406025997039,0,0
2977,406031529420,0,0
2978,406037122440,0,0
2979,406042512146,1,0
2980,406047676092,1,0
2981,406052896187,0,0
2982,406058214993,1,0
2983,406063231108,0,0
2984,406069096976,1,0
2985,406074050804,1,0
2986,406079179778,1,0
2987,406084228983,1,0
2988,406089261833,0,0
2989,406094446559,1,0
2990,406099476766,1,0
2991,406104503784,1,0
2992,406109505068,1,0
2993,406114472871,0,0
2994,406119709457,0,0
2995,406125304106,0,0
2996,406130689481,0,0
2997,406136257100,0,0
2998,406141594327,0,0
2999,406146938504,1,0
3000,406151963957,1,0
3001,406157050359,1,0
3002,406162060327,1,0
3003,406167150489,1,0
3004,406172197871,0,0
3005,406177834724,0,0
3006,406183295637,1,0
3007,406188462179,0,0
3008,406194070115,1,0
3009,406199441616,1,0
3010,406204576590,1,0
3011,406209612175,0,0
3012,406214914914,0,0
3013,406220253329,0,0
3014,406225786172,0,0
3015,406231352128,1,0
3016,406236557252,1,0
3017,406241640165,0,0
3018,406247153279,0,0
3019,406252743481,0,0
3020,406258336034,0,0
3021,406263826789,0,0
3022,406269383939,0,0
3023,406274848364,1,0
3024,406279944161,0,0
3025,406285308229,0,0
3026,406290709767,0,0
3027,406296661887,1,0
3028,406301771952,0,0
3029,406307250093,1,0
3030,406312325823,1,0
3031,406317560305,0,0
3032,406323021667,0,0
3033,406328510054,1,0
3034,406333717167,1,0
3035,406338814499,0,0
3036,406344098274,0,0
3037,406349501529,1,0
3038,406354620589,1,0
3039,406359667283,1,0
3040,406364716468,0,0
3041,406369927247,1,0
3042,406375055597,0,0
3043,406380433435,1,0
3044,406385479436,0,0
3045,406391066209,1,0
3046,406396176149,1,0
3047,406401267097,0,0
3048,406406802266,0,0
3049,406412243554,0,0
3050,406417761843,0,0
3051,406423381012,0,0
3052,406428899246,0,0
3053,406434343086,0,0
3054,406439922558,1,0
3055,406444956464,1,0
3056,406449980182,0,0
3057,406455936630,0,0
3058,406461424271,1,0
3059,406466747493,1,0
3060,406471877508,0,0
3061,406477389178,1,0
3062,406482508157,0,0
3063,406488163195,0,0
3064,406493650394,1,0
3065,406498666342,1,0
3066,406503662305,1,0
3067,406508640885,1,0
3068,406513692044,1,0
3069,406518958388,0,0
3070,406524379367,1,0
3071,406529456976,0,0
3072,406534855830,1,0
3073,406539955365,0,0
3074,406545226131,0,0
3075,406550697844,0,0
3076,406556157531,0,0
3077,406561713583,1,0
3078,406566831554,1,0
3079,406571936324,0,0
3080,406577434188,1,0
3081,406582672913,0,0
3082,406588165125,0,0
3083,406593769272,1,0
3084,406598806369,0,0
3085,406604221147,0,0
3086,406609604434,0,0
3087,406615033137,1,0
3088,406620320905,0,0
3089,406626045805,0,0
3090,406631397888,0,0
3091,406637165803,1,0
3092,406642120998,0,0
3093,406647771438,1,0
3094,406652865836,1,0
3095,406657917009,0,0
3096,406663412055,1,0
3097,406668708033,0,0
3098,406674260907,0,0
3099,406679876554,1,0
3100,406684894712,0,0
3101,406690381961,1,0
3102,406695501035,1,0
3103,406700797952,1,0
3104,406705843369,1,0
3105,406710905799,0,0
3106,406716516839,1,0
3107,406721767567,1,0
3108,406726948557,0,0
3109,406732824328,0,0
3110,406738345079,0,0
3111,406744157102,1,0
3112,406749112149,0,0
3113,406754711537,1,0
3114,406759808500,1,0
3115,406764831914,0,0
3116,406770499843,1,0
3117,406775576518,1,0
3118,406780813206,0,0
3119,406786317774,1,0
3120,406791423716,0,0
3121,406797077847,0,0
3122,406802610954,1,0
3123,406807791757,0,0
3124,406813268443,1,0
3125,406818226495,0,0
3126,406823835828,1,0
3127,406829059973,0,0
3128,406834888658,1,0
3129,406840161149,1,0
3130,406845208442,1,0
3131,406850192594,0,0
3132,406856045987,0,0
3133,406861529329,1,0
3134,406866652474,1,0
3135,406871708717,1,0
3136,406876902154,0,0
3137,406882547966,0,0
3138,406887756078,1,0
3139,406892766309,0,0
3140,406898192014,0,0
3141,406903776924,1,0
3142,406908839846,0,0
3143,406914338406,1,0
3144,406919810577,0,0
3145,406925401784,1,0
3146,406930484457,0,0
3147,406936197411,0,0
3148,406942051632,0,0
3149,406947667449,1,0
3150,406952820465,0,0
3151,406958257454,1,0
3152,406963360059,0,0
3153,406968981200,1,0
3154,406974059426,0,0
3155,406979477277,0,0
3156,406985051474,0,0
3157,406990504405,0,0
3158,406996142780,0,0
3159,407001899129,1,0
3160,407006989570,1,0
3161,407011941582,1,0
3162,407017030973,0,0
3163,407022864710,1,0
3164,407027777815,0,0
3165,407033445549,1,0
3166,407038703914,0,0
3167,407044209774,1,0
3168,407049218239,0,0
3169,407054730127,1,0
3170,407059760221,1,0
3171,407064817949,1,0
3172,407070041603,0,0
3173,407075725037,1,0
3174,407080989655,0,0
3175,407086431428,0,0
3176,407092067989,1,0
3177,407097197372,0,0
3178,407102998016,1,0
3179,407108054818,1,0
3180,407113072763,0,0
3181,407118734908,0,0
3182,407124282722,1,0
3183,407129414085,0,0
3184,407135253931,1,0
3185,407140347516,0,0
3186,407146206430,1,0
3187,407151245309,0,0
3188,407157215735,1,0
3189,407162495649,0,0
3190,407167896240,0,0
3191,407173411932,1,0
3192,407178779097,0,0
3193,407184433664,0,0
3194,407190233966,0,0
3195,407195811637,0,0
3196,407201323251,0,0
3197,407206957906,1,0
3198,407212016624,1,0
3199,407217066974,0,0
3200,407223019109,0,0
3201,407228743110,1,0
3202,407233775201,0,0
3203,407239404037,1,0
3204,407244484384,0,0
3205,407250222987,0,0
3206,407255929662,0,0
3207,407261424593,0,0
3208,407267115304,0,0
3209,407272526367,1,0
3210,407277619636,1,0
3211,407282671086,0,0
3212,407288193342,1,0
3213,407293233539,1,0
3214,407298322485,0,0
3215,407303795673,1,0
3216,407308803484,1,0
3217,407313824425,0,0
3218,407319244695,0,0
3219,407324731869,0,0
3220,407330166432,0,0
3221,407335647171,0,0
3222,407341043035,1,0
3223,407346041670,1,0
3224,407351106472,1,0
3225,407356132635,0,0
3226,407361577594,0,0
3227,407367052510,1,0
3228,407372048420,0,0
3229,407377465341,1,0
3230,407382479320,0,0
3231,407387962300,1,0
3232,407392960422,1,0
3233,407397943748,0,0
3234,407403416767,0,0
3235,407408852662,0,0
3236,407414339565,0,0
3237,407419854617,1,0
3238,407424842037,0,0
3239,407430179661,1,0
3240,407435230298,1,0
3241,407440252264,0,0
3242,407445850063,0,0
3243,407451252629,1,0
3244,407456208059,1,0
3245,407461155157,0,0
3246,407467124862,1,0
3247,407472312581,0,0
3248,407477892330,1,0
3249,407482907738,1,0
3250,407487933213,1,0
3251,407492945572,0,0
3252,407498397053,0,0
3253,407503881688,1,0
3254,407508837705,1,0
3255,407513826496,0,0
3256,407519247484,0,0
3257,407524926584,1,0
3258,407529933207,1,0
3259,407535129280,0,0
3260,407541070153,0,0
3261,407546830610,1,0
3262,407551877916,1,0
3263,407557060652,1,0
3264,407562053542,0,0
3265,407567415083,1,0
3266,407572485440,1,0
3267,407577672673,0,0
3268,407582976585,0,0
3269,407588327005,0,0
3270,407593683158,0,0
3271,407598883148,1,0
3272,407603976331,1,0
3273,407609137828,1,0
3274,407614270099,0,0
3275,407619867432,0,0
3276,407625551533,0,0
3277,407631031149,1,0
3278,407636112163,1,0
3279,407641099719,0,0
3280,407646904408,1,0
3281,407651880176,1,0
3282,407656858117,0,0
3283,407662357592,0,0
3284,407667919335,1,0
3285,407673153469,0,0
3286,407679042710,0,0
3287,407684781936,0,0
3288,407690388802,1,0
3289,407695570263,0,0
3290,407701258152,1,0
3291,407706260180,0,0
3292,407711839540,0,0
3293,407717264224,0,0
3294,407722816098,1,0
3295,407727850119,1,0
3296,407733022220,0,0
3297,407738753638,0,0
3298,407744292229,0,0
3299,407749804665,0,0
3300,407755423918,0,0
3301,407761021086,0,0
3302,407766553797,1,0
3303,407771760362,0,0
3304,407777417639,1,0
3305,407782927160,0,0
3306,407788576969,1,0
3307,407793770306,1,0
3308,407798955267,1,0
3309,407804081657,1,0
3310,407809344841,1,0
3311,407814649352,0,0
3312,407820079316,1,0
3313,407825294497,1,0
3314,407830555547,1,0
3315,407835817994,0,0
3316,407841483264,0,0
3317,407847149935,0,0
3318,407852827599,0,0
3319,407858509698,1,0
3320,407863591029,1,0
3321,407868824576,0,0
3322,407874344721,1,0
3323,407879504658,0,0
3324,407884874563,0,0
3325,407890351915,1,0
3326,407895517606,0,0
3327,407901179106,1,0
3328,407906202499,0,0
3329,407911730864,0,0
3330,407917144059,0,0
3331,407922578483,0,0
3332,407928125130,0,0
3333,407933768633,0,0
3334,407939343352,0,0
3335,407944930345,1,0
3336,407950061841,0,0
3337,407955711151,1,0
3338,407960771259,1,0
3339,407965794986,1,0
3340,407970936890,1,0
3341,407975986458,1,0
3342,407980980095,0,0
3343,407986326982,1,0
3344,407991534378,1,0
3345,407996617784,0,0
3346,408001996885,1,0
3347,408007063342,1,0
3348,408012496111,0,0
3349,408017981932,0,0
3350,408023269005,0,0
3351,408028771210,1,0
3352,408033827616,1,0
3353,408038908336,0,0
3354,408044552767,1,0
3355,408049660322,1,0
3356,408054798604,0,0
3357,408060415261,0,0
3358,408066188737,1,0
3359,408071284095,0,0
3360,408076902980,0,0
3361,408082840692,0,0
3362,408088579774,1,0
3363,408093638426,0,0
3364,408099338133,0,0
3365,408104896114,1,0
3366,408110178494,1,0
3367,408115331988,0,0
3368,408120839616,0,0
3369,408126367699,0,0
3370,408131843632,1,0
3371,408136958493,1,0
3372,408142326921,1,0
3373,408147909042,0,0
3374,408153675554,0,0
3375,408159121454,1,0
3376,408164200579,1,0
3377,408169193076,0,0
3378,408174835983,1,0
3379,408179975963,1,0
3380,408184903640,0,0
3381,408190551273,1,0
3382,408195783468,1,0
3383,408200867544,1,0
3384,408205898407,0,0
3385,408211419401,1,0
3386,408216582712,0,0
3387,408222342525,0,0
3388,408227952497,1,0
3389,408233210142,0,0
3390,408238560436,1,0
3391,408243669812,1,0
3392,408248949152,0,0
3393,408254521061,1,0
3394,408259679056,0,0
3395,408265120254,0,0
3396,408270662505,0,0
3397,408276261310,1,0
3398,408281464606,1,0
3399,408286525315,0,0
3400,408292049322,0,0
3401,408297529177,1,0
3402,408302575144,1,0
3403,408307595927,1,0
3404,408312654639,0,0
3405,408318223561,1,0
3406,408323264860,1,0
3407,408328224295,0,0
3408,408333911976,0,0
3409,408339406159,0,0
3410,408344905932,0,0
3411,408350417383,1,0
3412,408355555061,1,0
3413,408360593009,0,0
3414,408366123756,0,0
3415,408371776001,1,0
3416,408376825782,0,0
3417,408382801406,1,0
3418,408387883818,1,0
3419,408392911580,1,0
3420,408397912928,1,0
3421,408403208665,0,0
3422,408408971118,0,0
3423,408414454873,1,0
3424,408419759527,1,0
3425,408424597062,1,0
3426,408429837584,0,0
3427,408435292307,1,0
3428,408440536183,0,0
3429,408446343169,1,0
3430,408451568930,0,0
3431,408457374050,0,0
3432,408462947509,0,0
3433,408468820341,0,0
3434,408474380148,1,0
3435,408479399041,0,0
3436,408485060984,1,0
3437,408490063422,0,0
3438,408495875808,1,0
3439,408500907306,0,0
3440,408506396829,0,0
3441,408512127944,0,0
3442,408517800411,0,0
3443,408523340937,1,0
3444,408528406389,0,0
3445,408534065532,0,0
3446,408539827068,0,0
3447,408545324412,0,0
3448,408551015666,1,0
3449,408556023183,0,0
3450,408561713125,1,0
3451,408566728581,0,0
3452,408572226132,0,0
3453,408577823088,0,0
3454,408583485897,0,0
3455,408589052238,0,0
3456,408594419082,1,0
3457,408599471324,1,0
3458,408604600773,0,0
3459,408610244677,0,0
3460,408616056240,0,0
3461,408621777658,1,0
3462,408626872021,1,0
3463,408632029958,1,0
3464,408637076918,0,0
3465,408642706695,0,0
3466,408648439347,0,0
3467,408654030664,0,0
3468,408659755738,1,0
3469,408664910872,1,0
3470,408669964464,0,0
3471,408675597604,0,0
3472,408681274440,0,0
3473,408686642830,1,0
3474,408691733853,0,0
3475,408697295682,0,0
3476,408702817297,0,0
3477,408708411258,1,0
3478,408713574342,0,0
3479,408719343959,0,0
3480,408724893240,1,0
3481,408730147352,0,0
3482,408736066401,1,0
3483,408741066874,1,0
3484,408746150307,0,0
3485,408751813995,1,0
3486,408756855338,0,0
3487,408762344918,1,0
3488,408767513494,1,0
3489,408772803143,1,0
3490,408778151868,1,0
3491,408783044983,1,0
3492,408788149471,1,0
3493,408793334000,1,0
3494,408798563964,0,0
3495,408803942467,1,0
3496,408808979643,1,0
3497,408813961124,0,0
3498,408819575863,1,0
3499,408824691635,1,0
3500,408829871575,0,0
3501,408835615186,1,0
3502,408840741479,0,0
3503,408846240870,1,0
3504,408851379196,0,0
3505,408857301614,0,0
3506,408862939359,0,0
3507,408868455708,1,0
3508,408873504947,1,0
3509,408878699571,1,0
3510,408883817315,1,0
3511,408888823108,1,0
3512,408893831484,0,0
3513,408899236667,0,0
3514,408904697522,1,0
3515,408909740799,0,0
3516,408915435714,0,0
3517,408920951898,1,0
3518,408925984983,0,0
3519,408931521010,0,0
3520,408937262639,1,0
3521,408942352021,1,0
3522,408947546764,0,0
3523,408953250223,0,0
3524,408958899630,1,0
3525,408964032180,0,0
3526,408969604470,0,0
3527,408975271937,1,0
3528,408980258073,1,0
3529,408985222426,0,0
3530,408990794225,0,0
3531,408996328143,0,0
3532,409001876351,0,0
3533,409007597248,1,0
3534,409012820793,0,0
3535,409018416925,0,0
3536,409024020345,1,0
3537,409029137635,1,0
3538,409034244479,0,0
3539,409040089638,1,0
3540,409045230522,1,0
3541,409050397950,0,0
3542,409055963655,0,0
3543,409061529045,0,0
3544,409067209643,0,0
3545,409072732249,1,0
3546,409077887295,1,0
3547,409083119313,0,0
3548,409088895311,0,0
3549,409094305190,1,0
3550,409099571251,1,0
3551,409104854540,1,0
3552,409110026887,0,0
3553,409115635018,1,0
3554,409120930230,1,0
3555,409126061667,0,0
3556,409131505269,1,0
3557,409136737325,1,0
3558,409141849610,1,0
3559,409147071412,1,0
3560,409152242780,1,0
3561,409157370794,0,0
3562,409163403347,1,0
3563,409168553348,1,0
3564,409173631518,1,0
3565,409178769904,1,0
3566,409183902531,0,0
3567,409189285207,0,0
3568,409194563592,0,0
3569,409199776969,1,0
3570,409204953332,1,0
3571,409209991719,0,0
3572,409215357458,0,0
3573,409223939190,0,0
3574,409229344820,1,0
3575,409234492900,0,0
3576,409240020919,1,0
3577,409245104515,1,0
3578,409250214703,1,0
3579,409255233876,1,0
3580,409260230717,1,0
3581,409265157080,1,0
3582,409271442166,1,0
3583,409276624043,1,0
3584,409281906006,0,0
3585,409287591311,1,0
3586,409294553334,1,0
3587,409301133112,1,0
3588,409307127762,1,0
3589,409313173159,0,0
3590,409318729041,1,0
3591,409323833109,1,0
3592,409328888260,0,0
3593,409334522284,1,0
3594,409339745286,0,0
3595,409345147097,1,0
3596,409350236964,1,0
3597,409355352497,1,0
3598,409360383407,1,0
3599,409365552529,0,0
3600,409371035891,0,0
3601,409376664601,1,0
3602,409381720845,0,0
3603,409388284775,1,0
3604,409393401141,0,0
3605,409398726061,1,0
3606,409404538629,0,0
3607,409410169166,0,0
3608,409415828755,0,0
3609,409421731614,0,0
3610,409428478320,0,0
3611,409433939281,1,0
3612,409439030474,1,0
3613,409444215359,1,0
3614,409451884558,0,0
3615,409456350964,1,0
3616,409461382600,0,0
3617,409467314006,0,0
3618,409473020587,1,0
3619,409478902050,1,0
3620,409484453894,1,0
3621,409489629334,1,0
3622,409495312014,1,0
3623,409500403988,1,0
3624,409505652472,0,0
3625,409511500164,1,0
3626,409516631845,1,0
3627,409521705731,0,0
3628,409527388187,1,0
3629,409532603236,1,0
3630,409537690606,1,0
3631,409542779869,1,0
3632,409547881849,0,0
3633,409553721663,0,0
3634,409559464434,0,0
3635,409564992437,0,0
3636,409570464157,1,0
3637,409575537936,0,0
3638,409581052858,0,0
3639,409586775699,1,0
3640,409591827615,0,0
3641,409597395092,1,0
3642,409602621497,0,0
3643,409608432506,1,0
3644,409613751804,1,0
3645,409619023074,0,0
3646,409624820195,1,0
3647,409630246482,0,0
3648,409635579229,1,0
3649,409640636460,1,0
3650,409645608713,1,0
3651,409650599045,0,0
3652,409656182790,0,0
3653,409661777959,0,0
3654,409667306335,0,0
3655,409672977402,1,0
3656,409678045023,0,0
3657,409683763538,1,0
3658,409688845843,0,0
3659,409694498190,0,0
3660,409700463574,0,0
3661,409706147034,0,0
3662,409711758620,0,0
3663,409717263619,0,0
3664,409722818552,1,0
3665,409727985248,1,0
3666,409733057098,1,0
3667,409738073612,1,0
3668,409743189355,1,0
3669,409748305809,0,0
3670,409754074484,0,0
3671,409759938061,0,0
3672,409765673465,1,0
3673,409770765479,0,0
3674,409776281395,1,0
3675,409781362698,1,0
3676,409786522025,1,0
3677,409791624111,1,0
3678,409796754079,1,0
3679,409802029391,1,0
3680,409807068014,1,0
3681,409812062297,1,0
3682,409817172607,0,0
3683,409822917500,0,0
3684,409828551228,0,0
3685,409834157216,0,0
3686,409839914902,0,0
3687,409845633137,0,0
3688,409851084475,1,0
3689,409856256886,1,0
3690,409861367425,1,0
3691,409866559652,1,0
3692,409871850336,0,0
3693,409877302548,0,0
3694,409882558217,1,0
3695,409887921623,0,0
3696,409893170040,0,0
3697,409898639533,0,0
3698,409904152018,0,0
3699,409909235306,0,0
3700,409914686358,1,0
3701,409919709394,0,0
3702,409925028383,1,0
3703,409930063011,1,0
3704,409935203727,1,0
3705,409940264693,1,0
3706,409945266887,1,0
3707,409950288754,0,0
3708,409955661720,1,0
3709,409960883507,0,0
3710,409966299826,1,0
3711,409971515326,1,0
3712,409976686914,1,0
3713,409981722568,1,0
3714,409986807707,1,0
3715,409991878771,0,0
3716,409997464561,1,0
3717,410002563792,1,0
3718,410007592889,1,0
3719,410012606436,0,0
3720,410018287251,1,0
3721,410023515299,1,0
3722,410028711657,1,0
3723,410033718950,0,0
3724,410039122153,0,0
3725,410044520082,1,0
3726,410049751307,1,0
3727,410054908008,1,0
3728,410060070609,0,0
3729,410065215966,1,0
3730,410070265906,0,0
3731,410075589227,0,0
3732,410081035960,0,0
3733,410086253242,0,0
3734,410091884441,1,0
3735,410096921270,0,0
3736,410102465549,0,0
3737,410107764680,0,0
3738,410113065083,1,0
3739,410118062881,0,0
3740,410123932794,0,0
3741,410129571371,0,0
3742,410135168177,1,0
3743,410140246374,0,0
3744,410145815268,0,0
3745,410151349662,1,0
3746,410156491593,0,0
3747,410162033401,0,0
3748,410167652315,1,0
3749,410172801920,0,0
3750,410178198279,0,0
3751,410183910335,1,0
3752,410188983286,1,0
3753,410194068156,0,0
3754,410199805047,1,0
3755,410204915399,0,0
3756,410210550680,0,0
3757,410216072119,0,0
3758,410221793103,1,0
3759,410226817745,0,0
3760,410232366214,0,0
3761,410237950873,1,0
3762,410243028858,0,0
3763,410248204331,1,0
3764,410253252984,1,0
3765,410258222318,1,0
3766,410263248271,1,0
3767,410268244097,0,0
3768,410273873548,0,0
3769,410279395985,0,0
3770,410284812556,1,0
3771,410289950599,0,0
3772,410295466899,1,0
3773,410300861476,0,0
3774,410306194342,1,0
3775,410311243276,0,0
3776,410316715676,1,0
3777,410321929244,0,0
3778,410327532127,0,0
3779,410333203322,0,0
3780,410338570234,1,0
3781,410343571471,0,0
3782,410349187826,0,0
3783,410354880309,0,0
3784,410360379757,0,0
3785,410365990818,1,0
3786,410370995707,1,0
3787,410376061147,0,0
3788,410381512391,1,0
3789,410386533593,0,0
3790,410392124706,0,0
3791,410397606005,0,0
3792,410403116529,1,0
3793,410408156166,0,0
3794,410413711589,0,0
3795,410419064645,0,0
3796,410424611931,1,0
3797,410429760711,1,0
3798,410434822179,0,0
3799,410440247469,0,0
3800,410445523146,1,0
3801,410450570871,0,0
3802,410456138919,1,0
3803,410461237585,1,0
3804,410466222882,1,0
3805,410471925375,0,0
3806,410477385526,1,0
3807,410482379710,0,0
3808,410488068243,0,0
3809,410493545046,1,0
3810,410498560533,0,0
3811,410504060775,1,0
3812,410509139595,1,0
3813,410514190700,1,0
3814,410519231304,0,0
3815,410524803550,1,0
3816,410530031770,0,0
3817,410535403500,0,0
3818,410541065300,1,0
3819,410546114498,0,0
3820,410551817773,1,0
3821,410556863464,1,0
3822,410561937089,1,0
3823,410567045525,0,0
3824,410572542246,1,0
3825,410577579158,1,0
3826,410582595821,0,0
3827,410588176531,0,0
3828,410593609523,0,0
3829,410599115981,1,0
3830,410604147670,0,0
3831,410609592601,1,0
3832,410614699296,0,0
3833,410620316148,0,0
3834,410626037237,1,0
3835,410631060923,0,0
3836,410636767496,1,0
3837,410641846979,0,0
3838,410647200519,1,0
3839,410652286419,1,0
3840,410657444355,0,0
3841,410662952406,0,0
3842,410668366923,1,0
3843,410673521452,1,0
3844,410678581168,1,0
3845,410683962793,1,0
3846,410689019201,1,0
3847,410694052601,0,0
3848,410699752318,1,0
3849,410704797250,0,0
3850,410710264965,1,0
3851,410715206932,1,0
3852,410720274332,0,0
3853,410725900128,1,0
3854,410730978477,1,0
3855,410736070476,1,0
3856,410741074485,0,0
3857,410747934109,1,0
3858,410752917432,1,0
3859,410757872745,0,0
3860,410763254123,1,0
3861,410768215121,0,0
3862,410773753956,1,0
3863,410778789598,1,0
3864,410783830890,1,0
3865,410788896424,0,0
3866,410794404811,1,0
3867,410799564638,1,0
3868,410804592450,1,0
3869,410809721449,0,0
3870,410815241261,0,0
3871,410820782243,0,0
3872,410826302256,0,0
3873,410831907934,0,0
3874,410837470348,1,0
3875,410842481374,1,0
3876,410847541428,1,0
3877,410852641381,1,0
3878,410857805824,0,0
3879,410863366770,0,0
3880,410869146648,1,0
3881,410874233280,1,0
3882,410879221084,0,0
3883,410884895910,1,0
3884,410889897966,0,0
3885,410895453039,0,0
3886,410901218402,1,0
3887,410906222287,0,0
3888,410911801339,1,0
3889,410916868758,0,0
3890,410922439209,0,0
3891,410927862817,1,0
3892,410932908873,0,0
3893,410938305226,0,0
3894,410943840139,0,0
3895,410949309389,1,0
3896,410954314023,1,0
3897,410959302245,0,0
3898,410964787683,1,0
3899,410969740380,0,0
3900,410975101098,0,0
3901,410980690288,1,0
3902,410985688874,0,0
3903,410991048712,0,0
3904,410996661049,1,0
3905,411001722323,1,0
3906,411006735985,0,0
3907,411012298103,0,0
3908,411017793469,0,0
3909,411023410206,0,0
3910,411029030622,1,0
3911,411034043227,1,0
3912,411039104426,0,0
3913,411044433874,0,0
3914,411049863001,0,0
3915,411055199584,0,0
3916,411060825804,0,0
3917,411066183684,1,0
3918,411071229252,0,0
3919,411076773709,0,0
3920,411082227106,0,0
3921,411087615758,1,0
3922,411092639245,1,0
3923,411097625079,0,0
3924,411103127053,0,0
3925,411108627757,1,0
3926,411113638152,1,0
3927,411118846184,1,0
3928,411123959040,1,0
3929,411129030633,0,0
3930,411134610148,0,0
3931,411140224520,0,0
3932,411145667304,1,0
3933,411150735411,1,0
3934,411155886702,1,0
3935,411161020945,1,0
3936,411166026468,0,0
3937,411171481896,1,0
3938,411176544488,0,0
3939,411182190088,0,0
3940,411187878089,0,0
3941,411193411279,0,0
3942,411198948186,1,0
3943,411203942349,0,0
3944,411209478114,1,0
3945,411214462489,0,0
3946,411220174739,0,0
3947,411225542793,1,0
3948,411230603929,0,0
3949,411236180568,1,0
3950,411241247690,1,0
3951,411246361936,0,0
3952,411251989887,1,0
3953,411257057027,0,0
3954,411262736717,1,0
3955,411267822304,0,0
3956,411273151205,1,0
3957,411278294747,1,0
3958,411283310650,1,0
3959,411288289877,0,0
3960,411293731042,1,0
3961,411298722268,0,0
3962,411304072569,1,0
3963,411309206336,1,0
3964,411314256808,1,0
3965,411319252346,1,0
3966,411324242820,1,0
3967,411329254901,1,0
3968,411334266933,0,0
3969,411339961076,1,0
3970,411344973276,1,0
3971,411349978855,1,0
3972,411355011958,0,0
3973,411360443768,0,0
3974,411366049766,0,0
3975,411371537287,1,0
3976,411376538563,1,0
3977,411381537793,1,0
3978,411386558748,1,0
3979,411391614426,0,0
3980,411396912098,1,0
3981,411401935325,1,0
3982,411407058827,1,0
3983,411412403106,0,0
3984,411418062083,1,0
3985,411423153179,1,0
3986,411428168766,1,0
3987,411433222609,0,0
3988,411438761880,0,0
3989,411444310864,1,0
3990,411449444651,1,0
3991,411454495393,1,0
3992,411459737550,1,0
3993,411464816861,1,0
3994,411469957132,0,0
3995,411475408176,1,0
3996,411480466504,0,0
3997,411485954967,1,0
3998,411490938780,1,0
3999,411495932461,0,0
4000,411501588229,0,0
4001,411507141193,0,0
4002,411512714667,1,0
4003,411518068122,1,0
4004,411523225235,1,0
4005,411528277613,0,0
4006,411533877128,1,0
4007,411538874023,0,0
4008,411544254172,1,0
4009,411549202607,1,0
4010,411554191555,1,0
4011,411559173395,0,0
4012,411564416817,1,0
4013,411569421248,0,0
4014,411574969899,1,0
4015,411579973918,0,0
4016,411585469337,1,0
4017,411590440165,0,0
4018,411595947344,1,0
4019,411600906604,0,0
4020,411606568316,0,0
4021,411612412647,1,0
4022,411617549508,0,0
4023,411623385756,0,0
4024,411628949654,1,0
4025,411634070670,1,0
4026,411639291198,1,0
4027,411644387919,1,0
4028,411649397413,1,0
4029,411654416280,0,0
4030,411659690087,1,0
4031,411664660030,0,0
4032,411670040920,0,0
4033,411675395644,1,0
4034,411680613590,0,0
4035,411686193692,0,0
4036,411691924786,0,0
4037,411697445919,1,0
4038,411702460565,0,0
4039,411708021322,1,0
4040,411713034814,0,0
4041,411718515999,0,0
4042,411724041901,0,0
4043,411729629348,1,0
4044,411734786115,0,0
4045,411740377317,0,0
4046,411746161008,1,0
4047,411751219185,1,0
4048,411756258603,0,0
4049,411762068902,0,0
4050,411767836192,1,0
4051,411772925577,1,0
4052,411777987196,0,0
4053,411783584946,0,0
4054,411789148814,1,0
4055,411794257477,1,0
4056,411799459035,1,0
4057,411804514777,0,0
4058,411810247604,1,0
4059,411815219829,1,0
4060,411820320383,0,0
4061,411826222908,1,0
4062,411831268799,0,0
4063,411836767466,1,0
4064,411841748970,0,0
4065,411847282786,0,0
4066,411852858138,1,0
4067,411857925320,0,0
4068,411863345040,1,0
4069,411868444290,0,0
4070,411874174273,1,0
4071,411879282387,1,0
4072,411884262983,0,0
4073,411889711847,0,0
4074,411895222792,0,0
4075,411900642769,1,0
4076,411905791209,0,0
4077,411911262079,0,0
4078,411916589126,1,0
4079,411921820150,1,0
4080,411926861439,0,0
4081,411932270757,1,0
4082,411937269259,0,0
4083,411942529426,0,0
4084,411947969449,1,0
4085,411953053192,0,0
4086,411958481589,0,0
4087,411964034057,0,0
4088,411969607484,1,0
4089,411974686228,0,0
4090,411980230677,0,0
4091,411985760434,1,0
4092,411990829701,0,0
4093,411996343724,1,0
4094,412001537236,1,0
4095,412006585400,0,0
4096,412012253501,1,0
4097,412017215619,0,0
4098,412022772105,1,0
4099,412027812709,0,0
4100,412033339100,0,0
4101,412038956359,0,0
4102,412044480337,1,0
4103,412049585844,0,0
4104,412055178403,0,0
4105,412060749150,1,0
4106,412065786013,0,0
4107,412071351341,0,0
4108,412076912076,1,0
4109,412081919592,1,0
4110,412086917703,0,0
4111,412092468960,0,0
4112,412098033703,1,0
4113,412103039435,0,0
4114,412108700283,0,0
4115,412114197830,1,0
4116,412119239056,1,0
4117,412124243044,1,0
4118,412129230435,0,0
4119,412134864704,1,0
4120,412139967186,0,0
4121,412145297186,0,0
4122,412150507746,1,0
4123,412155543529,1,0
4124,412160592984,1,0
4125,412165658923,0,0
4126,412170835821,0,0
4127,412175994017,1,0
4128,412181049152,0,0
4129,412186279478,0,0
4130,412191461053,0,0
4131,412196659940,1,0
4132,412201876825,1,0
4133,412206895905,0,0
4134,412212384424,1,0
4135,412217410395,1,0
4136,412222414971,0,0
4137,412227653608,0,0
4138,412232829038,1,0
4139,412237849978,0,0
4140,412243062143,0,0
4141,412248575104,1,0
4142,412253593364,1,0
4143,412258588977,1,0
4144,412263583154,1,0
4145,412268581325,1,0
4146,412273591085,1,0
4147,412278674035,1,0
4148,412283772309,0,0
4149,412289047063,1,0
4150,412294165922,1,0
4151,412299244573,0,0
4152,412304492289,0,0
4153,412309656230,0,0
4154,412315203845,0,0
4155,412320739012,1,0
4156,412325770739,1,0
4157,412330780168,1,0
4158,412335776856,1,0
4159,412340778569,0,0
4160,412346260363,0,0
4161,412351683981,1,0
4162,412356728160,0,0
4163,412362124495,0,0
4164,412367571038,1,0
4165,412372585090,0,0
4166,412378066587,1,0
4167,412383058677,1,0
4168,412388038035,0,0
4169,412393512859,1,0
4170,412398697521,0,0
4171,412404259607,0,0
4172,412409850429,0,0
4173,412415390373,1,0
4174,412420508084,1,0
4175,412425604196,1,0
4176,412430625664,1,0
4177,412435640123,1,0
4178,412440753261,0,0
4179,412446162657,1,0
4180,412451232171,1,0
4181,412456225182,0,0
4182,412461468461,0,0
4183,412466653005,0,0
4184,412471834317,1,0
4185,412476825855,1,0
4186,412481815996,0,0
4187,412486879044,0,0
4188,412492048403,0,0
4189,412497502333,0,0
4190,412503045456,1,0
4191,412507992351,1,0
4192,412513052423,0,0
4193,412518694232,1,0
4194,412523744032,1,0
4195,412528726594,1,0
4196,412533734169,1,0
4197,412538679357,1,0
4198,412543665030,0,0
4199,412548981865,0,0
4200,412554380449,1,0
4201,412559535438,1,0
4202,412564833078,0,0
4203,412570278686,0,0
4204,412575946039,0,0
4205,412581302262,1,0
4206,412586309154,0,0
4207,412591857737,1,0
4208,412596908273,1,0
4209,412601947017,1,0
4210,412606919008,0,0
4211,412612465264,0,0
4212,412618081434,0,0
4213,412623878682,0,0
4214,412629479404,1,0
4215,412634809079,1,0
4216,412639890472,0,0
4217,412645409567,1,0
4218,412650410833,0,0
4219,412655977449,0,0
4220,412661707280,0,0
4221,412667286850,0,0
4222,412672815443,1,0
4223,412677921758,1,0
4224,412683052669,0,0
4225,412688543212,0,0
4226,412694137313,0,0
4227,412699632187,0,0
4228,412705163047,0,0
4229,412710596774,1,0
4230,412715890484,1,0
4231,412721058169,0,0
4232,412726746618,0,0
4233,412732156363,0,0
4234,412737781218,1,0
4235,412743033219,1,0
4236,412748065216,1,0
4237,412753199884,0,0
4238,412758654881,1,0
4239,412763728560,0,0
4240,412769253030,0,0
4241,412774696745,0,0
4242,412780072507,1,0
4243,412785178842,0,0
4244,412790939938,1,0
4245,412796178324,1,0
4246,412801250871,0,0
4247,412807036270,0,0
4248,412812612969,0,0
4249,412818288885,1,0
4250,412823429555,0,0
4251,412828991226,0,0
4252,412834538415,0,0
4253,412840244050,0,0
4254,412845816712,0,0
4255,412851322533,0,0
4256,412856943854,0,0
4257,412862248600,0,0
4258,412867902028,1,0
4259,412872972741,1,0
4260,412878059243,0,0
4261,412883536734,0,0
4262,412889071203,0,0
4263,412894755451,0,0
4264,412900339121,1,0
4265,412905432364,1,0
4266,412910470008,1,0
4267,412915453512,0,0
4268,412921131664,0,0
4269,412926920442,0,0
4270,412932479013,1,0
4271,412937539050,1,0
4272,412942586851,0,0
4273,412948182155,0,0
4274,412953898148,1,0
4275,412959032448,0,0
4276,412964622234,1,0
4277,412969709703,0,0
4278,412975425502,1,0
4279,412980462333,0,0
4280,412986032719,0,0
4281,412991548932,0,0
4282,412997297419,1,0
4283,413002412038,0,0
4284,413007900533,0,0
4285,413013508058,1,0
4286,413018553084,0,0
4287,413024232036,1,0
4288,413029313833,1,0
4289,413034509271,0,0
4290,413040239071,0,0
4291,413045736566,1,0
4292,413050798802,1,0
4293,413055926339,1,0
4294,413061078096,0,0
4295,413066917685,0,0
4296,413072508291,1,0
4297,413078107229,0,0
4298,413083660031,1,0
4299,413088656300,0,0
4300,413094116345,1,0
4301,413099136796,1,0
4302,413104151519,1,0
4303,413109363594,1,0
4304,413114485320,0,0
4305,413120117000,0,0
4306,413125776805,0,0
4307,413131076136,0,0
4308,413136872722,0,0
4309,413142422045,0,0
4310,413148064677,1,0
4311,413153216512,0,0
4312,413159066826,0,0
4313,413164608028,0,0
4314,413170246351,1,0
4315,413175269317,0,0
4316,413180629901,0,0
4317,413186186947,0,0
4318,413191719700,0,0
4319,413197271319,0,0
4320,413202995177,0,0
4321,413208709829,0,0
4322,413214221192,0,0
4323,413219781891,0,0
4324,413225430846,1,0
4325,413230453507,1,0
4326,413235578707,1,0
4327,413240831756,0,0
4328,413246386661,0,0
4329,413251970730,0,0
4330,413257451943,1,0
4331,413262506068,0,0
4332,413267797409,1,0
4333,413272908261,1,0
4334,413278033301,0,0
4335,413283823470,0,0
4336,413289297366,1,0
4337,413294316478,0,0
4338,413299909432,0,0
4339,413305320399,0,0
4340,413311105865,1,0
4341,413316067339,0,0
4342,413321789397,1,0
4343,413326830246,0,0
4344,413332352718,1,0
4345,413337354891,0,0
4346,413343213211,1,0
4347,413348320694,1,0
4348,413353306975,1,0
4349,413358296056,0,0
4350,413363775347,0,0
4351,413369262769,1,0
4352,413374279942,1,0
4353,413379467343,1,0
4354,413384575470,0,0
4355,413390199102,1,0
4356,413395283650,1,0
4357,413400239531,1,0
4358,413405232952,0,0
4359,413410851832,0,0
4360,413416299857,0,0
4361,413421750283,0,0
4362,413427043090,1,0
4363,413432071358,1,0
4364,413437158582,1,0
4365,413442197606,0,0
4366,413447710434,1,0
4367,413452786793,1,0
4368,413457807130,0,0
4369,413463328547,0,0
4370,413469076707,1,0
4371,413474068286,1,0
4372,413479056955,0,0
4373,413484645728,1,0
4374,413489674750,1,0
4375,413494679851,0,0
4376,413500106548,1,0
4377,413505156703,1,0
4378,413510234445,1,0
4379,413515303286,0,0
4380,413520903781,1,0
4381,413525994434,1,0
4382,413531059328,1,0
4383,413536072158,1,0
4384,413541116217,0,0
4385,413546914029,0,0
4386,413552497072,1,0
4387,413557572255,1,0
4388,413562638186,1,0
4389,413567815324,0,0
4390,413573463059,1,0
4391,413578490896,0,0
4392,413584070370,0,0
4393,413589662954,0,0
4394,413595271912,0,0
4395,413600770485,0,0
4396,413606359161,0,0
4397,413612054966,1,0
4398,413617182358,0,0
4399,413622793043,1,0
4400,413627929643,1,0
4401,413632927374,0,0
4402,413638446378,1,0
4403,413643585019,0,0
4404,413649351250,0,0
4405,413654840327,1,0
4406,413659858928,1,0
4407,413664872436,0,0
4408,413670303442,0,0
4409,413676067054,1,0
4410,413681169830,1,0
4411,413686296052,1,0
4412,413691474467,0,0
4413,413697259927,0,0
4414,413703021980,0,0
4415,413708561779,1,0
4416,413713768289,0,0
4417,413719132323,0,0
4418,413724617132,0,0
4419,413730221446,0,0
4420,413735914878,0,0
4421,413741583223,0,0
4422,413747438979,1,0
4423,413752787805,1,0
4424,413757843477,1,0
4425,413763130250,1,0
4426,413768167863,0,0
4427,413773942255,1,0
4428,413779120488,0,0
4429,413784865929,1,0
4430,413789928384,1,0
4431,413795073934,0,0
4432,413800664104,1,0
4433,413805805041,1,0
4434,413810851608,1,0
4435,413815957374,0,0
4436,413821315322,1,0
4437,413826366945,0,0
4438,413831991430,0,0
4439,413837458755,0,0
4440,413843061536,1,0
4441,413848064738,0,0
4442,413853671685,1,0
4443,413858687419,0,0
4444,413864075956,0,0
4445,413869880059,0,0
4446,413875440848,0,0
4447,413881201651,1,0
4448,413886251233,0,0
4449,413891859377,0,0
4450,413897439162,1,0
4451,413902839608,1,0
4452,413907843082,1,0
4453,413912915178,1,0
4454,413917943868,0,0
4455,413923335787,0,0
4456,413928936874,1,0
4457,413933934623,0,0
4458,413939499978,0,0
4459,413945125922,0,0
4460,413950811320,1,0
4461,413956043612,0,0
4462,413961252440,0,0
4463,413966801596,1,0
4464,413971862159,1,0
4465,413976870976,0,0
4466,413982230099,0,0
4467,413987800620,1,0
4468,413992914408,1,0
4469,413997968190,1,0
4470,414003046207,0,0
4471,414011992964,1,0
4472,414017068076,0,0
4473,414022650756,0,0
4474,414028191756,1,0
4475,414033335320,1,0
4476,414038401019,0,0
4477,414043950600,1,0
4478,414049046703,0,0
4479,414054446746,1,0
4480,414059522959,0,0
4481,414064923863,0,0
4482,414070305818,1,0
4483,414075410736,0,0
4484,414080744945,1,0
4485,414085805158,0,0
4486,414091022185,0,0
4487,414096334402,0,0
4488,414101625403,1,0
4489,414106877597,0,0
4490,414112043059,0,0
4491,414117127843,1,0
4492,414122211162,1,0
4493,414127334929,0,0
4494,414132622891,0,0
4495,414138055966,0,0
4496,414143642702,0,0
4497,414149129538,1,0
4498,414154147571,1,0
4499,414159172440,0,0
4500,414164646334,1,0
4501,414169910317,1,0
4502,414174857431,1,0
4503,414179811863,1,0
4504,414184753312,1,0
4505,414189724931,1,0
4506,414194751399,1,0
4507,414199805324,1,0
4508,414204846890,0,0
4509,414210281375,1,0
4510,414215321529,0,0
4511,414220614552,1,0
4512,414225721151,0,0
4513,414231161542,0,0
4514,414236539746,0,0
4515,414241965198,0,0
4516,414247267936,0,0
4517,414252537019,0,0
4518,414257805164,0,0
4519,414263206191,0,0
4520,414268626292,0,0
4521,414274304172,1,0
4522,414279308505,1,0
4523,414284321859,0,0
4524,414289480355,1,0
4525,414294482174,0,0
4526,414300107174,1,0
4527,414305039198,1,0
4528,414310060759,1,0
4529,414315057499,1,0
4530,414320152153,1,0
4531,414325192390,0,0
4532,414330830816,1,0
4533,414335884486,1,0
4534,414340917927,1,0
4535,414346027638,1,0
4536,414351060521,0,0
4537,414356524534,1,0
4538,414361760406,0,0
4539,414367233931,0,0
4540,414372766817,0,0
4541,414378208218,1,0
4542,414383254257,0,0
4543,414389029982,1,0
4544,414394013234,0,0
4545,414399711494,0,0
4546,414405434859,1,0
4547,414410484505,1,0
4548,414415794586,1,0
4549,414420852770,1,0
4550,414425846351,1,0
4551,414431046647,1,0
4552,414436144058,1,0
4553,414441260218,1,0
4554,414446262748,0,0
4555,414451738680,1,0
4556,414456800218,1,0
4557,414461840010,0,0
4558,414467248396,0,0
4559,414472634978,1,0
4560,414477685020,0,0
4561,414483135647,0,0
4562,414488464386,0,0
4563,414493930093,1,0
4564,414498904404,1,0
4565,414503876995,1,0
4566,414508855909,1,0
4567,414514050743,1,0
4568,414519099665,1,0
4569,414524189077,1,0
4570,414529147513,0,0
4571,414534642583,0,0
4572,414540196598,1,0
4573,414545220787,1,0
4574,414550225811,0,0
4575,414555866011,1,0
4576,414560870622,1,0
4577,414565895243,1,0
4578,414570897482,0,0
4579,414576411967,0,0
4580,414582194122,0,0
4581,414588155288,0,0
4582,414593830846,0,0
4583,414599478499,1,0
4584,414604923148,1,0
4585,414609916482,0,0
4586,414615436145,0,0
4587,414621093618,0,0
4588,414626731587,1,0
4589,414632051327,0,0
4590,414637612574,1,0
4591,414642795172,1,0
4592,414647868586,1,0
4593,414652957695,1,0
4594,414658065259,1,0
4595,414663241256,0,0
4596,414668604692,0,0
4597,414674043662,0,0
4598,414679458274,1,0
4599,414684492758,0,0
4600,414689665422,0,0
4601,414695069876,0,0
4602,414700463994,1,0
4603,414705539934,1,0
4604,414710798730,1,0
4605,414715875644,1,0
4606,414720899460,0,0
4607,414726254019,0,0
4608,414731573156,0,0
4609,414737018710,1,0
4610,414742053444,0,0
4611,414747407533,0,0
4612,414752472127,1,0
4613,414757459064,1,0
4614,414762474203,1,0
4615,414767463307,1,0
4616,414772463316,1,0
4617,414777455999,1,0
4618,414782464589,0,0
4619,414787843823,0,0
4620,414793289286,1,0
4621,414798394269,1,0
4622,414803462009,0,0
4623,414809069499,0,0
4624,414814753442,0,0
4625,414820419515,1,0
4626,414825554952,0,0
4627,414831117486,0,0
4628,414836679623,0,0
4629,414843063131,0,0
4630,414848822001,0,0
4631,414854531895,1,0
4632,414859665063,1,0
4633,414864743194,0,0
4634,414870106166,0,0
4635,414875601447,0,0
4636,414880984975,0,0
4637,414886304680,0,0
4638,414891805804,0,0
4639,414897435607,0,0
4640,414903038219,1,0
4641,414908209514,1,0
4642,414913333837,1,0
4643,414918516575,0,0
4644,414924128178,1,0
4645,414929212434,0,0
4646,414934790469,1,0
4647,414939901581,1,0
4648,414944939671,0,0
4649,414950503385,0,0
4650,414955987850,1,0
4651,414961062027,1,0
4652,414966241133,0,0
4653,414971834377,0,0
4654,414977054727,1,0
4655,414982252579,0,0
4656,414987758682,0,0
4657,414992879875,0,0
4658,414998270138,1,0
4659,415003283692,1,0
4660,415008301993,1,0
4661,415013342617,1,0
4662,415018384518,1,0
4663,415023336678,0,0
4664,415028833784,1,0
4665,415033848471,1,0
4666,415038804214,0,0
4667,415043978839,0,0
4668,415049242267,1,0
4669,415054184641,1,0
4670,415059198258,0,0
4671,415064583820,1,0
4672,415069586654,0,0
4673,415075054619,1,0
4674,415080032696,0,0
4675,415085513469,1,0
4676,415090632149,1,0
4677,415095625295,1,0
4678,415100610832,0,0
4679,415106044581,1,0
4680,415111041404,1,0
4681,415116045630,0,0
4682,415121520833,1,0
4683,415126575700,0,0
4684,415132096402,1,0
4685,415137149590,0,0
4686,415142555459,0,0
4687,415147880639,0,0
4688,415153148865,0,0
4689,415158529071,1,0
4690,415163607559,0,0
4691,415169087160,1,0
4692,415174118652,0,0
4693,415179543022,0,0
4694,415185027617,1,0
4695,415190043382,1,0
4696,415195194598,1,0
4697,415200246358,1,0
4698,415205288314,0,0
4699,415210764600,1,0
4700,415218924930,0,0
4701,415224251746,0,0
4702,415229793533,1,0
4703,415234934681,1,0
4704,415240297103,0,0
4705,415245554709,0,0
4706,415250843899,0,0
4707,415256190432,1,0
4708,415261294491,0,0
4709,415266919447,1,0
4710,415272015005,0,0
4711,415277336909,0,0
4712,415282920517,0,0
4713,415288304597,0,0
4714,415293678777,0,0
4715,415299121612,0,0
4716,415304877472,1,0
4717,415309950724,0,0
4718,415315461090,0,0
4719,415321012298,1,0
4720,415326040314,1,0
4721,415331108459,0,0
4722,415336638075,0,0
4723,415342014744,0,0
4724,415347810944,1,0
4725,415352968444,0,0
4726,415358670240,0,0
4727,415364314153,0,0
4728,415370014345,1,0
4729,415375057025,1,0
4730,415380073246,0,0
4731,415385994854,1,0
4732,415391035148,0,0
4733,415396629141,1,0
4734,415401908892,1,0
4735,415406944386,0,0
4736,415412399823,0,0
4737,415418068846,0,0
4738,415423598905,0,0
4739,415429245491,1,0
4740,415434211434,0,0
4741,415439801344,0,0
4742,415445322547,0,0
4743,415450961483,1,0
4744,415455986538,0,0
4745,415461516919,1,0
4746,415466689237,1,0
4747,415471692588,0,0
4748,415477161238,0,0
4749,415482812863,1,0
4750,415487889662,0,0
4751,415493540549,0,0
4752,415499144790,0,0
4753,415504596803,1,0
4754,415509660470,1,0
4755,415515039418,1,0
4756,415520260408,1,0
4757,415525391330,0,0
4758,415530644049,1,0
4759,415535950551,0,0
4760,415541456217,1,0
4761,415546656379,0,0
4762,415552379927,1,0
4763,415557578453,0,0
4764,415563060993,1,0
4765,415568194636,1,0
4766,415573235663,1,0
4767,415578434189,1,0
4768,415583538454,0,0
4769,415589132557,1,0
4770,415594278120,0,0
4771,415599749069,0,0
4772,415605179519,0,0
4773,415610572099,1,0
4774,415615771262,1,0
4775,415620891216,1,0
4776,415626014870,1,0
4777,415631061832,1,0
4778,415636174406,0,0
4779,415641865965,1,0
4780,415646929455,1,0
4781,415652050397,1,0
4782,415657117712,0,0
4783,415662533871,1,0
4784,415667638925,1,0
4785,415672674726,0,0
4786,415678077467,0,0
4787,415683588275,1,0
4788,415688714757,1,0
4789,415693860210,1,0
4790,415698935640,0,0
4791,415704248963,1,0
4792,415709281971,0,0
4793,415714497176,1,0
4794,415719574274,0,0
4795,415724937814,1,0
4796,415729979393,0,0
4797,415735715862,1,0
4798,415740936555,0,0
4799,415746374389,1,0
4800,415752028412,1,0
4801,415757225960,0,0
4802,415762839827,1,0
4803,415767960689,0,0
4804,415773489887,0,0
4805,415779168803,1,0
4806,415784224982,1,0
4807,415789243231,0,0
4808,415795055113,1,0
4809,415800210533,1,0
4810,415805376347,1,0
4811,415810428494,1,0
4812,415815475362,0,0
4813,415820909695,0,0
4814,415826182245,1,0
4815,415831304622,1,0
4816,415836420024,1,0
4817,415841528294,0,0
4818,415846977734,0,0
4819,415852248818,0,0
4820,415857564831,0,0
4821,415862953495,1,0
4822,415868133861,0,0
4823,415873551729,1,0
4824,415878909458,0,0
4825,415884329449,0,0
4826,415889962374,0,0
4827,415895302621,1,0
4828,415900443707,0,0
4829,415906030471,0,0
4830,415911922621,0,0
4831,415917361016,1,0
4832,415922460496,1,0
4833,415927557918,0,0
4834,415933081105,1,0
4835,415938207025,1,0
4836,415943358883,0,0
4837,415948985308,0,0
4838,415954608923,1,0
4839,415959651785,0,0
4840,415965233042,1,0
4841,415970266856,0,0
4842,415975697506,0,0
4843,415981107740,1,0
4844,415986120306,0,0
4845,415991596087,0,0
4846,415996895380,1,0
4847,416001891552,0,0
4848,416007279924,1,0
4849,416012291719,0,0
4850,416017648710,0,0
4851,416023121472,1,0
4852,416028126384,0,0
4853,416033525563,0,0
4854,416039019301,0,0
4855,416044438916,0,0
4856,416050045814,0,0
4857,416055473799,1,0
4858,416060518848,0,0
4859,416065983702,1,0
4860,416071049497,1,0
4861,416076047778,0,0
4862,416081479271,0,0
4863,416086947944,0,0
4864,416092374504,1,0
4865,416097354125,1,0
4866,416102302541,1,0
4867,416107262408,1,0
4868,416112215044,0,0
4869,416117774181,1,0
4870,416122788199,1,0
4871,416127787984,0,0
4872,416133245700,1,0
4873,416138231335,1,0
4874,416143276174,0,0
4875,416148684686,0,0
4876,416154133832,0,0
4877,416159597248,0,0
4878,416164917015,0,0
4879,416170253783,1,0
4880,416175230320,0,0
4881,416180840886,1,0
4882,416185883563,1,0
4883,416190855970,1,0
4884,416195937273,0,0
4885,416201349408,0,0
4886,416206618450,1,0
4887,416211715670,1,0
4888,416216727939,0,0
4889,416222183297,0,0
4890,416227896990,0,0
4891,416233294669,1,0
4892,416238327268,1,0
4893,416243370188,1,0
4894,416248395735,1,0
4895,416253379591,0,0
4896,416258823985,1,0
4897,416263807728,1,0
4898,416268793296,0,0
4899,416274218081,1,0
4900,416279240152,1,0
4901,416284229966,0,0
4902,416289619308,0,0
4903,416295018938,1,0
4904,416300032217,1,0
4905,416305055287,0,0
4906,416310300709,1,0
4907,416315307920,1,0
4908,416320302535,1,0
4909,416325301384,1,0
4910,416330386581,1,0
4911,416335356109,0,0
4912,416340772266,0,0
4913,416346164821,1,0
4914,416351201843,1,0
4915,416356216934,1,0
4916,416361233678,0,0
4917,416366621305,0,0
4918,416372024425,1,0
4919,416377031772,0,0
4920,416382447279,1,0
4921,416387447258,1,0
4922,416392412510,1,0
4923,416397377649,1,0
4924,416402344819,0,0
4925,416407834633,0,0
4926,416413164756,0,0
4927,416418685429,0,0
4928,416424142710,0,0
4929,416429783060,1,0
4930,416434763663,0,0
4931,416440324577,1,0
4932,416445370025,1,0
4933,416450654759,1,0
4934,416455611622,1,0
4935,416460908252,0,0
4936,416466489909,0,0
4937,416471941070,0,0
4938,416477433338,0,0
4939,416483070122,1,0
4940,416488062890,0,0
4941,416493649062,0,0
4942,416499065866,0,0
4943,416504779344,1,0
4944,416509896332,0,0
4945,416515341725,1,0
4946,416520485832,0,0
4947,416526023298,0,0
4948,416531651410,1,0
4949,416536525450,0,0
4950,416542133253,0,0
4951,416547737187,1,0
4952,416552787960,0,0
4953,416558320963,0,0
4954,416563821651,1,0
4955,416568819637,1,0
4956,416573804752,0,0
4957,416579269603,0,0
4958,416584899700,1,0
4959,416589990141,0,0
4960,416595537817,0,0
4961,416601127078,1,0
4962,416606234470,0,0
4963,416612326390,0,0
4964,416617453456,0,0
4965,416622884717,1,0
4966,416628150180,1,0
4967,416633237595,0,0
4968,416638991900,1,0
4969,416644150137,0,0
4970,416649552590,0,0
4971,416655514311,1,0
4972,416660645389,1,0
4973,416665798710,1,0
4974,416670909928,0,0
4975,416676370380,0,0
4976,416681991238,1,0
4977,416687151367,1,0
4978,416692270970,1,0
4979,416697301485,0,0
4980,416703081209,1,0
4981,416708147494,0,0
4982,416713872782,1,0
4983,416718962355,1,0
4984,416724078808,1,0
4985,416729180087,0,0
4986,416734827690,1,0
4987,416739916528,0,0
4988,416745588036,1,0
4989,416750814537,1,0
4990,416755821830,0,0
4991,416761245291,1,0
4992,416766232105,0,0
4993,416771812613,1,0
4994,416776836529,0,0
4995,416782368982,1,0
4996,416787474896,1,0
4997,416792568319,0,0
4998,416798060288,1,0
4999,416803052211,1,0
5000,416808166268,0,0
5001,416813651725,1,0
5002,416818909314,1,0
5003,416823954261,1,0
5004,416828966948,1,0
5005,416833995830,0,0
5006,416839329211,0,0
5007,416844808266,0,0
5008,416850201242,0,0
5009,416855661029,0,0
5010,416861166534,0,0
5011,416866681063,0,0
5012,416872102449,1,0
5013,416877159223,1,0
5014,416882162108,0,0
5015,416887908791,0,0
5016,416893284317,1,0
5017,416898309784,1,0
5018,416903470002,1,0
5019,416908476280,0,0
5020,416913709735,1,0
5021,416918689199,1,0
5022,416923711024,0,0
5023,416929222478,0,0
5024,416934671259,1,0
5025,416939687713,1,0
5026,416944713064,0,0
5027,416950235987,1,0
5028,416955297408,0,0
5029,416960709219,1,0
5030,416966028617,1,0
5031,416971113118,0,0
5032,416976758074,0,0
5033,416982285636,0,0
5034,416987931417,0,0
5035,416993480629,1,0
5036,416998694967,0,0
5037,417004052457,0,0
5038,417009335784,0,0
5039,417014847729,1,0
5040,417020046654,0,0
5041,417025503977,1,0
5042,417030564148,1,0
5043,417035831701,1,0
5044,417041070820,1,0
5045,417046063397,1,0
5046,417051130017,1,0
5047,417056153898,0,0
5048,417061996493,1,0
5049,417067014208,0,0
5050,417072469122,0,0
5051,417077997739,1,0
5052,417082973889,1,0
5053,417088114901,1,0
5054,417093273054,1,0
5055,417098326267,0,0
5056,417104073538,1,0
5057,417109180337,0,0
5058,417114616463,1,0
5059,417120088030,1,0
5060,417125122078,0,0
5061,417130797281,0,0
5062,417136175001,0,0
5063,417141665198,1,0
5064,417146822728,0,0
5065,417152489490,0,0
5066,417157996274,0,0
5067,417163353344,0,0
5068,417169238514,0,0
5069,417174624496,1,0
5070,417179824354,0,0
5071,417185333698,1,0
5072,417190691346,1,0
5073,417195848374,0,0
5074,417201609449,0,0
5075,417207231609,1,0
5076,417212309311,0,0
5077,417217977383,0,0
5078,417223296749,0,0
5079,417228757920,0,0
5080,417234052129,0,0
5081,417239586529,0,0
5082,417245064703,0,0
5083,417250565700,1,0
5084,417255640888,0,0
5085,417261388722,0,0
5086,417267117496,0,0
5087,417272476847,0,0
5088,417277839626,0,0
5089,417283642137,0,0
5090,417289112222,0,0
5091,417294693448,0,0
5092,417300452588,1,0
5093,417305667512,1,0
5094,417310872454,0,0
5095,417316581222,0,0
5096,417322518568,1,0
5097,417327734927,1,0
5098,417332927141,0,0
5099,417338675325,0,0
5100,417344348079,1,0
5101,417349414194,0,0
5102,417355075245,0,0
5103,417360956498,0,0
5104,417366647043,0,0
5105,417372280496,0,0
5106,417378033426,1,0
5107,417383070088,1,0
5108,417388149409,0,0
5109,417393903489,1,0
5110,417398984155,1,0
5111,417404074385,1,0
5112,417409070659,1,0
5113,417414136778,0,0
5114,417419716627,1,0
5115,417424761568,1,0
5116,417430181503,1,0
5117,417435205299,1,0
5118,417440251667,0,0
5119,417445743685,0,0
5120,417451296446,1,0
5121,417456476705,0,0
5122,417462065763,0,0
5123,417467582896,1,0
5124,417472642562,0,0
5125,417478108975,0,0
5126,417483832157,0,0
5127,417489310802,0,0
5128,417495182997,1,0
5129,417500209074,1,0
5130,417505240322,1,0
5131,417510215808,1,0
5132,417515233237,0,0
5133,417520752962,1,0
5134,417525834593,1,0
5135,417530896212,1,0
5136,417536022269,1,0
5137,417541067225,0,0
5138,417546737623,0,0
5139,417552203782,0,0
5140,417558322944,0,0
5141,417564019793,1,0
5142,417569052927,0,0
5143,417574613171,1,0
5144,417579668108,0,0
5145,417585291152,0,0
5146,417590865453,0,0
5147,417596345792,0,0
5148,417602056140,1,0
5149,417607100051,0,0
5150,417612607901,0,0
5151,417618210475,1,0
5152,417623258343,0,0
5153,417628698699,0,0
5154,417634208298,0,0
5155,417639822636,1,0
5156,417644834975,1,0
5157,417649808402,0,0
5158,417655331417,0,0
5159,417660815130,1,0
5160,417665901442,1,0
5161,417671059917,1,0
5162,417676033126,1,0
5163,417681046937,1,0
5164,417686161944,1,0
5165,417691248008,1,0
5166,417696245828,0,0
5167,417701943858,0,0
5168,417707210725,1,0
5169,417712244169,0,0
5170,417717488621,1,0
5171,417722510966,0,0
5172,417727717548,1,0
5173,417732732798,1,0
5174,417737788192,1,0
5175,417742886612,1,0
5176,417747975762,0,0
5177,417753454625,0,0
5178,417759209212,1,0
5179,417764325935,1,0
5180,417769474218,1,0
5181,417774473435,1,0
5182,417779433881,1,0
5183,417784367160,1,0
5184,417789393378,1,0
5185,417794414712,0,0
5186,417799988558,1,0
5187,417805174804,0,0
5188,417811025767,0,0
5189,417816590838,0,0
5190,417822039439,1,0
5191,417827070074,1,0
5192,417832105547,1,0
5193,417837307834,1,0
5194,417842309693,0,0
5195,417847734973,0,0
5196,417853222684,0,0
5197,417858645939,0,0
5198,417864281609,0,0
5199,417869724438,0,0
5200,417875128231,0,0
5201,417880528810,1,0
5202,417885564564,1,0
5203,417890689165,0,0
5204,417896200576,0,0
5205,417901947153,1,0
5206,417906937339,1,0
5207,417911957132,1,0
5208,417917019855,0,0
5209,417922492586,1,0
5210,417927512896,0,0
5211,417933042557,0,0
5212,417938519615,1,0
5213,417943554187,0,0
5214,417949047348,0,0
5215,417954485963,1,0
5216,417959520733,0,0
5217,417964904908,1,0
5218,417969903285,0,0
5219,417975216335,1,0
5220,417980322071,0,0
5221,417985830239,1,0
5222,417990890984,1,0
5223,417995905808,1,0
5224,418000913478,0,0
5225,418006254989,0,0
5226,418011715360,1,0
5227,418016789525,1,0
5228,418021832424,1,0
5229,418026902419,0,0
5230,418032379352,1,0
5231,418037449139,0,0
5232,418042864535,0,0
5233,418048248214,1,0
5234,418053196395,1,0
5235,418058183526,1,0
5236,418063219417,1,0
5237,418068206104,0,0
5238,418073713384,0,0
5239,418079054563,0,0
5240,418084397165,0,0
5241,418089810767,1,0
5242,418094842022,1,0
5243,418099879296,1,0
5244,418104877888,1,0
5245,418109822660,0,0
5246,418115049078,0,0
5247,418120367079,1,0
5248,418125292067,0,0
5249,418130656928,1,0
5250,418135706197,0,0
5251,418141058967,0,0
5252,418146468679,0,0
5253,418151875618,1,0
5254,418156954284,0,0
5255,418162232571,1,0
5256,418167251339,1,0
5257,418172251822,0,0
5258,418177604925,1,0
5259,418182651265,0,0
5260,418188128073,0,0
5261,418193578805,0,0
5262,418198930404,0,0
5263,418204303869,0,0
5264,418209546131,0,0
5265,418215049459,1,0
5266,418220174384,0,0
5267,418225534299,0,0
5268,418231036035,0,0
5269,418236761529,1,0
5270,418241757921,1,0
5271,418246741187,1,0
5272,418251735544,1,0
5273,418256726741,1,0
5274,418261723779,1,0
5275,418266724044,1,0
5276,418271733450,0,0
5277,418277164231,1,0
5278,418282190728,1,0
5279,418287309354,1,0
5280,418292383910,1,0
5281,418297508828,1,0
5282,418302759766,1,0
5283,418308036659,1,0
5284,418313159746,1,0
5285,418318305521,1,0
5286,418323326924,1,0
5287,418328532772,1,0
5288,418333855995,0,0
5289,418339464087,0,0
5290,418345028888,0,0
5291,418350468574,1,0
5292,418355686906,0,0
5293,418361341937,0,0
5294,418366890202,0,0
5295,418372354466,1,0
5296,418377481226,0,0
5297,418383067733,0,0
5298,418388568863,1,0
5299,418393586136,0,0
5300,418399121090,1,0
5301,418404189791,0,0
5302,418409668413,0,0
5303,418415348351,1,0
5304,418420361771,0,0
5305,418426070199,1,0
5306,418431071036,0,0
5307,418436616145,0,0
5308,418442163874,1,0
5309,418447190458,1,0
5310,418452212874,1,0
5311,418457239741,1,0
5312,418462214689,1,0
5313,418467234417,1,0
5314,418472221277,1,0
5315,418477222227,1,0
5316,418482262724,0,0
5317,418487764532,0,0
5318,418493330313,0,0
5319,418498970358,0,0
5320,418504405374,0,0
5321,418509916712,1,0
5322,418514924252,1,0
5323,418519951281,0,0
5324,418525397081,1,0
5325,418530515599,0,0
5326,418536127193,1,0
5327,418541175892,0,0
5328,418546744779,1,0
5329,418552032844,0,0
5330,418557682268,1,0
5331,418562781733,0,0
5332,418568381846,0,0
5333,418573894547,1,0
5334,418578900678,0,0
5335,418584307598,1,0
5336,418589411322,0,0
5337,418595060508,0,0
5338,418600588450,1,0
5339,418605590301,1,0
5340,418610670464,1,0
5341,418616065214,0,0
5342,418621698180,0,0
5343,418627463441,0,0
5344,418633029993,0,0
5345,418638548279,1,0
5346,418643615356,1,0
5347,418648727056,0,0
5348,418654408207,0,0
5349,418659875295,1,0
5350,418664912471,0,0
5351,418670277917,0,0
5352,418675960882,1,0
5353,418680898089,1,0
5354,418686054471,0,0
5355,418691569866,1,0
5356,418696723188,0,0
5357,418702432197,0,0
5358,418707900606,1,0
5359,418712966950,1,0
5360,418718037472,1,0
5361,418723069418,1,0
5362,418728109783,1,0
5363,418733204050,0,0
5364,418738910190,0,0
5365,418744624805,0,0
5366,418750174857,1,0
5367,418755213747,1,0
5368,418760264940,1,0
5369,418765255889,0,0
5370,418770739422,1,0
5371,418775822476,0,0
5372,418781410402,1,0
5373,418786548976,0,0
5374,418792091935,1,0
5375,418797307011,0,0
5376,418802991647,0,0
5377,418808637903,1,0
5378,418814023009,1,0
5379,418819056105,1,0
5380,418824082881,1,0
5381,418829246734,1,0
5382,418834350105,0,0
5383,418839991959,0,0
5384,418845495045,1,0
5385,418850512443,0,0
5386,418855900382,1,0
5387,418860950562,0,0
5388,418866435922,0,0
5389,418871826187,0,0
5390,418877210603,1,0
5391,418882263546,0,0
5392,418887668205,0,0
5393,418893104940,0,0
5394,418899275415,0,0
5395,418904561189,0,0
5396,418910111030,1,0
5397,418915174496,0,0
5398,418920450809,1,0
5399,418925530862,0,0
5400,418931064409,0,0
5401,418936742400,1,0
5402,418941898721,1,0
5403,418946976397,1,0
5404,418952131683,0,0
5405,418958064692,1,0
5406,418963270668,0,0
5407,418968730565,1,0
5408,418973905734,1,0
5409,418979047070,0,0
5410,418984680021,0,0
5411,418990489444,1,0
5412,418995758751,1,0
5413,419001198116,0,0
5414,419007029934,1,0
5415,419012194292,1,0
5416,419017431924,0,0
5417,419023229838,1,0
5418,419028331481,1,0
5419,419033416591,1,0
5420,419038781229,1,0
5421,419044125327,0,0
5422,419049768996,0,0
5423,419055307611,0,0
5424,419061049209,0,0
5425,419066921251,1,0
5426,419072056162,1,0
5427,419077056746,0,0
5428,419082935101,0,0
5429,419088474567,1,0
5430,419093545150,1,0
5431,419099039812,0,0
5432,419104880913,1,0
5433,419110059769,1,0
5434,419115107361,1,0
5435,419120223197,1,0
5436,419125351576,0,0
5437,419130776121,1,0
5438,419135801984,1,0
5439,419140818037,1,0
5440,419146199448,1,0
5441,419151311572,1,0
5442,419156466742,1,0
5443,419161546835,1,0
5444,419166690720,0,0
5445,419172177860,0,0
5446,419177614666,0,0
5447,419183028379,1,0
5448,419188041302,1,0
5449,419193249098,0,0
5450,419198870285,0,0
5451,419204507699,0,0
5452,419209925229,1,0
5453,419215045419,0,0
5454,419220920143,0,0
5455,419226515810,0,0
5456,419232038277,1,0
5457,419237142090,0,0
5458,419242511834,0,0
5459,419248029860,0,0
5460,419253524108,1,0
5461,419258765897,1,0
5462,419263884754,0,0
5463,419269518043,1,0
5464,419274591313,1,0
5465,419279785793,1,0
5466,419284826569,0,0
5467,419290331037,0,0
5468,419296063534,0,0
5469,419301619637,1,0
5470,419306653697,1,0
5471,419311680214,1,0
5472,419316720098,0,0
5473,419322266869,0,0
5474,419327865067,0,0
5475,419333429101,0,0
5476,419339024877,0,0
5477,419344263701,0,0
5478,419349689805,0,0
5479,419355211700,0,0
5480,419360560255,0,0
5481,419366457868,0,0
5482,419372169986,0,0
5483,419377590398,1,0
5484,419383333865,0,0
5485,419388955163,1,0
5486,419394050232,0,0
5487,419399713199,1,0
5488,419404733615,1,0
5489,419409835466,1,0
5490,419414868554,0,0
5491,419420447497,1,0
5492,419425468210,0,0
5493,419430866249,1,0
5494,419435909943,0,0
5495,419441453179,1,0
5496,419446515573,1,0
5497,419451778055,1,0
5498,419457179393,1,0
5499,419462241987,1,0
5500,419467353243,1,0
5501,419472561438,0,0
5502,419478330873,1,0
5503,419483695735,0,0
5504,419489039955,0,0
5505,419494640602,1,0
5506,419499649104,1,0
5507,419504634157,1,0
5508,419509657256,0,0
5509,419515635331,0,0
5510,419521492857,0,0
5511,419527063156,0,0
5512,419532719401,0,0
5513,419538363845,1,0
5514,419543449972,0,0
5515,419549062187,1,0
5516,419554106296,1,0
5517,419559059044,0,0
5518,419564965136,1,0
5519,419569995089,0,0
5520,419575642208,1,0
5521,419580715907,1,0
5522,419585819135,0,0
5523,419591177725,1,0
5524,419596195800,0,0
5525,419602109868,1,0
5526,419607153460,1,0
5527,419612187154,1,0
5528,419617196601,0,0
5529,419622551709,0,0
5530,419628155493,0,0
5531,419633668349,1,0
5532,419638818197,0,0
5533,419644338747,0,0
5534,419649937877,0,0
5535,419655544484,1,0
5536,419660530734,0,0
5537,419666251189,1,0
5538,419671579103,0,0
5539,419677295820,0,0
5540,419682794186,0,0
5541,419688416925,1,0
5542,419693755786,0,0
5543,419699483062,0,0
5544,419705125850,0,0
5545,419710737904,0,0
5546,419716162421,0,0
5547,419721666373,1,0
5548,419726712252,1,0
5549,419731745899,0,0
5550,419737291963,0,0
5551,419742732767,1,0
5552,419747759052,1,0
5553,419752848005,1,0
5554,419757852750,1,0
5555,419762868582,0,0
5556,419768505480,0,0
5557,419774051416,1,0
5558,419779079474,0,0
5559,419784556889,1,0
5560,419789605158,0,0
5561,419795221948,1,0
5562,419800394205,1,0
5563,419805869814,1,0
5564,419811317528,1,0
5565,419816298875,1,0
5566,419821321492,1,0
5567,419826339383,1,0
5568,419831392251,1,0
5569,419836431607,0,0
5570,419842200502,0,0
5571,419847632953,0,0
5572,419853169785,1,0
5573,419858229347,1,0
5574,419863237241,0,0
5575,419868681753,1,0
5576,419873769360,0,0
5577,419879272914,0,0
5578,419884667744,1,0
5579,419889835139,1,0
5580,419894923511,1,0
5581,419900092118,1,0
5582,419905203060,0,0
5583,419910921853,1,0
5584,419915934897,0,0
5585,419921502664,0,0
5586,419926956371,1,0
5587,419932037205,0,0
5588,419937480840,1,0
5589,419942684079,1,0
5590,419947730399,0,0
5591,419953327590,0,0
5592,419958917625,0,0
5593,419964517227,0,0
5594,419970124184,1,0
5595,419975210021,1,0
5596,419980250762,0,0
5597,419985981195,1,0
5598,419991204210,0,0
5599,419996775650,1,0
5600,420001830975,1,0
5601,420006850492,1,0
5602,420011841254,1,0
5603,420016886451,0,0
5604,420022299913,0,0
5605,420027798207,0,0
5606,420033305657,1,0
5607,420038304468,1,0
5608,420043297264,1,0
5609,420048266923,1,0
5610,420053233900,0,0
5611,420058637275,1,0
5612,420063696692,0,0
5613,420069157142,1,0
5614,420074207980,1,0
5615,420079213238,1,0
5616,420084223100,1,0
5617,420089233419,1,0
5618,420094255005,0,0
5619,420099558010,1,0
5620,420104563093,0,0
5621,420110027854,1,0
5622,420115046927,0,0
5623,420120520184,1,0
5624,420125710940,1,0
5625,420130801191,1,0
5626,420135946036,0,0
5627,420141582287,1,0
5628,420146668952,1,0
5629,420151749205,1,0
5630,420156783644,0,0
5631,420162322472,1,0
5632,420167337978,1,0
5633,420172342025,0,0
5634,420177924584,0,0
5635,420183122484,1,0
5636,420188164645,0,0
5637,420193698516,1,0
5638,420198744394,0,0
5639,420204325188,0,0
5640,420209592524,0,0
5641,420215110159,0,0
5642,420220437348,1,0
5643,420225624327,0,0
5644,420230975915,0,0
5645,420236310966,1,0
5646,420241426149,0,0
5647,420247030853,0,0
5648,420252374346,1,0
5649,420257506189,0,0
5650,420263034024,1,0
5651,420268080611,1,0
5652,420273073361,0,0
5653,420278539600,0,0
5654,420284046000,0,0
5655,420289543403,0,0
5656,420294984969,1,0
5657,420300074825,1,0
5658,420305148485,0,0
5659,420310860640,1,0
5660,420316041105,0,0
5661,420321628032,1,0
5662,420326695660,0,0
5663,420332272509,0,0
5664,420337710339,0,0
5665,420343339149,0,0
5666,420348919503,1,0
5667,420353997301,1,0
5668,420358974531,0,0
5669,420364495244,0,0
5670,420370068360,0,0
5671,420375510582,1,0
5672,420380656937,0,0
5673,420386435270,0,0
5674,420391758582,1,0
5675,420396841494,0,0
5676,420402273589,1,0
5677,420407253258,0,0
5678,420412464391,0,0
5679,420417815234,0,0
5680,420423162775,1,0
5681,420428232104,1,0
5682,420433312732,0,0
5683,420439110321,0,0
5684,420444760623,1,0
5685,420449761796,1,0
5686,420454974312,0,0
5687,420460304452,1,0
5688,420465302573,1,0
5689,420470270474,1,0
5690,420475254839,1,0
5691,420480228217,1,0
5692,420485202537,0,0
5693,420490677822,1,0
5694,420495736981,0,0
5695,420501161165,0,0
5696,420506833192,1,0
5697,420511844757,0,0
5698,420517296176,0,0
5699,420522681865,1,0
5700,420527748588,1,0
5701,420532754895,1,0
5702,420537746344,1,0
5703,420542764727,1,0
5704,420547761717,0,0
5705,420553269409,1,0
5706,420558241033,1,0
5707,420563209365,0,0
5708,420568641917,0,0
5709,420574048278,0,0
5710,420579423660,0,0
5711,420584752542,0,0
5712,420590273340,0,0
5713,420595705189,0,0
5714,420601225124,0,0
5715,420606556869,0,0
5716,420612256711,1,0
5717,420617223652,0,0
5718,420622691092,1,0
5719,420627800884,0,0
5720,420633337140,1,0
5721,420638336273,0,0
5722,420643763802,0,0
5723,420649646302,1,0
5724,420654756344,0,0
5725,420660308844,0,0
5726,420665990105,1,0
5727,420671049137,1,0
5728,420676065718,1,0
5729,420681163329,0,0
5730,420686923086,0,0
5731,420692759745,0,0
5732,420697936263,1,0
5733,420703037371,1,0
5734,420708055134,0,0
5735,420713768033,0,0
5736,420719353567,0,0
5737,420724896362,1,0
5738,420729986886,0,0
5739,420735402277,1,0
5740,420740585023,0,0
5741,420746327418,0,0
5742,420752082738,0,0
5743,420757248034,0,0
5744,420762965655,1,0
5745,420767961825,0,0
5746,420773404317,0,0
5747,420779317042,0,0
5748,420785066886,0,0
5749,420790871873,1,0
5750,420796018849,0,0
5751,420801816137,0,0
5752,420807417316,0,0
5753,420813019621,0,0
5754,420818637485,1,0
5755,420824059135,1,0
5756,420829142784,1,0
5757,420834200002,1,0
5758,420839198778,1,0
5759,420844225566,1,0
5760,420849268832,0,0
5761,420854445901,0,0
5762,420859648007,0,0
5763,420865198862,0,0
5764,420870941047,0,0
5765,420876724509,1,0
5766,420882061269,0,0
5767,420887788921,0,0
5768,420893448390,1,0
5769,420898462572,1,0
5770,420905779320,0,0
5771,420911477107,0,0
5772,420917120860,1,0
5773,420922382375,1,0
5774,420927424607,0,0
5775,420933330047,0,0
5776,420939077619,0,0
5777,420944567789,1,0
5778,420949590536,0,0
5779,420955060699,0,0
5780,420960622140,0,0
5781,420966064072,0,0
5782,420971700258,0,0
5783,420977497722,0,0
5784,420983048397,1,0
5785,420988122963,1,0
5786,420993213161,0,0
5787,420998753016,0,0
5788,421004425051,1,0
5789,421009559755,0,0
5790,421015073949,0,0
5791,421020963444,0,0
5792,421026616060,1,0
5793,421031695277,1,0
5794,421036785442,1,0
5795,421041869556,1,0
5796,421046925485,1,0
5797,421052029895,0,0
5798,421057559462,1,0
5799,421062793102,0,0
5800,421068380047,1,0
5801,421073501362,0,0
5802,421079423726,1,0
5803,421084649387,0,0
5804,421090541344,1,0
5805,421095543949,0,0
5806,421101063895,1,0
5807,421106158491,0,0
5808,421111447335,1,0
5809,421116545906,1,0
5810,421121691721,0,0
5811,421127121721,1,0
5812,421132180957,0,0
5813,421137690969,1,0
5814,421142801756,0,0
5815,421148282841,1,0
5816,421153457043,0,0
5817,421158852846,1,0
5818,421163879919,1,0
5819,421169028913,1,0
5820,421174029059,1,0
5821,421179064513,0,0
5822,421184780519,0,0
5823,421190332297,0,0
5824,421195966790,0,0
5825,421201395468,1,0
5826,421206403731,1,0
5827,421211514728,0,0
5828,421216915098,0,0
5829,421222419556,0,0
5830,421227837245,0,0
5831,421233302443,1,0
5832,421238398603,0,0
5833,421243913230,1,0
5834,421249261559,0,0
5835,421254561414,0,0
5836,421260049892,0,0
5837,421265312706,0,0
5838,421270707998,0,0
5839,421276186587,1,0
5840,421281185847,0,0
5841,421286745367,1,0
5842,421291808823,0,0
5843,421297247896,0,0
5844,421302828311,1,0
5845,421307779002,0,0
5846,421313159359,0,0
5847,421318701078,1,0
5848,421323765628,0,0
5849,421329210604,0,0
5850,421334470452,0,0
5851,421339838087,0,0
5852,421345059075,0,0
5853,421350460818,1,0
5854,421355467455,1,0
5855,421360501634,0,0
5856,421365667768,0,0
5857,421371273661,1,0
5858,421376277945,0,0
5859,421381611631,1,0
5860,421386796639,1,0
5861,421391812089,0,0
5862,421397120932,1,0
5863,421402058889,1,0
5864,421407156368,0,0
5865,421412714926,1,0
5866,421417729446,1,0
5867,421422736552,1,0
5868,421427769540,1,0
5869,421432743787,0,0
5870,421438016388,1,0
5871,421442999482,0,0
5872,421448440983,1,0
5873,421453608288,0,0
5874,421459170123,0,0
5875,421464561810,0,0
5876,421470122625,0,0
5877,421475582593,1,0
5878,421480683001,1,0
5879,421485772430,0,0
5880,421491337332,0,0
5881,421496724202,1,0
5882,421501792647,1,0
5883,421506772225,1,0
5884,421511754251,0,0
5885,421517435634,0,0
5886,421523053412,0,0
5887,421528695004,0,0
5888,421534454200,1,0
5889,421539464617,1,0
5890,421544737074,1,0
5891,421549789372,1,0
5892,421554884859,1,0
5893,421560027223,1,0
5894,421565051193,1,0
5895,421570053511,1,0
5896,421575107657,1,0
5897,421580158266,0,0
5898,421585972996,0,0
5899,421591183836,0,0
5900,421596726981,0,0
5901,421602202547,0,0
5902,421607662754,1,0
5903,421612693186,0,0
5904,421618380294,1,0
5905,421623420455,1,0
5906,421628754028,0,0
5907,421634207942,0,0
5908,421639921300,0,0
5909,421645452980,0,0
5910,421651043283,0,0
5911,421656567302,0,0
5912,421662284728,0,0
5913,421667811452,1,0
5914,421672950861,1,0
5915,421677937567,0,0
5916,421683240057,1,0
5917,421688207160,0,0
5918,421693748456,1,0
5919,421698767188,0,0
5920,421704046799,0,0
5921,421709282677,0,0
5922,421714544957,0,0
5923,421719976165,1,0
5924,421724986585,0,0
5925,421730259686,1,0
5926,421735196846,0,0
5927,421740690618,0,0
5928,421746123891,0,0
5929,421751550539,0,0
5930,421756956460,1,0
5931,421761988248,0,0
5932,421767313833,1,0
5933,421772324967,0,0
5934,421777776058,0,0
5935,421783228344,0,0
5936,421788654310,1,0
5937,421793689343,1,0
5938,421798714039,0,0
5939,421804023268,1,0
5940,421809015552,0,0
5941,421814191823,1,0
5942,421819186122,0,0
5943,421824841143,1,0
5944,421829888729,0,0
5945,421835256395,1,0
5946,421840258789,0,0
5947,421845812480,1,0
5948,421850892001,1,0
5949,421856314795,1,0
5950,421861303973,1,0
5951,421866288286,0,0
5952,421871777775,1,0
5953,421876804489,0,0
5954,421882270614,0,0
5955,421887525558,1,0
5956,421892549286,0,0
5957,421897689781,0,0
5958,421902875232,0,0
5959,421908100479,0,0
5960,421913413419,1,0
5961,421918428375,0,0
5962,421923609176,0,0
5963,421928876692,0,0
5964,421934048711,1,0
5965,421939114815,1,0
5966,421944159983,1,0
5967,421949238506,0,0
5968,421954453510,1,0
5969,421959460230,0,0
5970,421964534668,0,0
5971,421969728620,0,0
5972,421974982222,0,0
5973,421980154472,1,0
5974,421985263822,0,0
5975,421990456447,0,0
5976,421995560926,0,0
5977,422000736699,1,0
5978,422005869831,1,0
5979,422010859435,1,0
5980,422015883661,0,0
5981,422021051367,1,0
5982,422026116683,1,0
5983,422031148710,0,0
5984,422036406380,1,0
5985,422041418296,0,0
5986,422046601457,0,0
5987,422051884182,0,0
5988,422057049903,1,0
5989,422062147390,1,0
5990,422067209614,1,0
5991,422072235200,0,0
5992,422077442089,1,0
5993,422082442273,1,0
5994,422087439402,0,0
5995,422092629091,1,0
5996,422097737074,0,0
5997,422102956184,0,0
5998,422108052563,0,0
5999,422113128274,0,0
6000,422118393595,0,0
6001,422123587079,0,0
6002,422129042143,1,0
6003,422134174397,0,0
6004,422139757868,1,0
6005,422144762659,1,0
6006,422149775738,1,0
6007,422154801084,0,0
6008,422160186650,0,0
6009,422165426428,1,0
6010,422170417788,0,0
6011,422175520928,1,0
6012,422180530503,0,0
6013,422185671781,1,0
6014,422190742452,1,0
6015,422195762959,0,0
6016,422201051557,0,0
6017,422206239522,0,0
6018,422211413004,0,0
6019,422216480291,1,0
6020,422221528700,1,0
6021,422226533051,1,0
6022,422231557619,0,0
6023,422236870879,0,0
6024,422242098102,1,0
6025,422247159125,0,0
6026,422252423169,0,0
6027,422257583029,0,0
6028,422262970805,0,0
6029,422268055907,1,0
6030,422273140385,1,0
6031,422278143677,0,0
6032,422283404656,0,0
6033,422288688379,1,0
6034,422293738418,0,0
6035,422299085966,0,0
6036,422304428127,0,0
6037,422309608776,1,0
6038,422314692879,1,0
6039,422319713210,1,0
6040,422324742058,0,0
6041,422329959294,0,0
6042,422335047617,1,0
6043,422340051483,0,0
6044,422345227027,0,0
6045,422350434408,1,0
6046,422355462347,1,0
6047,422360461523,0,0
6048,422365812578,0,0
6049,422371122619,0,0
6050,422376397861,0,0
6051,422381762058,0,0
6052,422387030646,1,0
6053,422392037736,1,0
6054,422397019381,1,0
6055,422402112676,0,0
6056,422407594383,1,0
6057,422412636797,0,0
6058,422418041914,1,0
6059,422423089399,1,0
6060,422428132981,0,0
6061,422433478121,1,0
6062,422438495178,0,0
6063,422444104195,1,0
6064,422449179842,1,0
6065,422454214563,0,0
6066,422459614356,1,0
6067,422464672223,0,0
6068,422469978703,1,0
6069,422474983088,0,0
6070,422480203930,1,0
6071,422485231967,1,0
6072,422490230807,0,0
6073,422495653251,0,0
6074,422500947063,0,0
6075,422506228558,0,0
6076,422511842843,0,0
6077,422517468815,1,0
6078,422522538104,0,0
6079,422527951929,1,0
6080,422533017198,0,0
6081,422538581287,1,0
6082,422543641263,0,0
6083,422549187004,1,0
6084,422554221991,0,0
6085,422559750321,1,0
6086,422564785880,0,0
6087,422570228039,0,0
6088,422575637947,1,0
6089,422580696139,0,0
6090,422586228438,0,0
6091,422591542457,0,0
6092,422596932985,1,0
6093,422601955817,0,0
6094,422607220113,0,0
6095,422613048149,1,0
6096,422618106354,0,0
6097,422623644712,0,0
6098,422629228563,1,0
6099,422634551609,1,0
6100,422639627075,0,0
6101,422645291758,1,0
6102,422650372664,1,0
6103,422655462524,1,0
6104,422660575320,1,0
6105,422665657123,1,0
6106,422670716169,1,0
6107,422675789908,1,0
6108,422680849868,0,0
6109,422686245559,0,0
6110,422691826601,1,0
6111,422696907390,0,0
6112,422702579835,1,0
6113,422707750064,1,0
6114,422712706053,1,0
6115,422717810412,0,0
6116,422723236047,1,0
6117,422728250281,0,0
6118,422733498828,0,0
6119,422738776941,1,0
6120,422743755051,1,0
6121,422748740290,1,0
6122,422753728522,0,0
6123,422759486222,0,0
6124,422764956567,1,0
6125,422769954775,0,0
6126,422775402912,0,0
6127,422780869088,1,0
6128,422785887803,0,0
6129,422791500590,0,0
6130,422797122683,0,0
6131,422802558728,1,0
6132,422807595119,1,0
6133,422812600923,1,0
6134,422817630407,1,0
6135,422822624089,0,0
6136,422828050574,1,0
6137,422833042968,0,0
6138,422838603806,0,0
6139,422844019157,0,0
6140,422849428981,1,0
6141,422854438118,0,0
6142,422859878744,1,0
6143,422865026700,0,0
6144,422870373719,1,0
6145,422875413545,1,0
6146,422880420032,1,0
6147,422885435148,1,0
6148,422890473329,0,0
6149,422896130078,1,0
6150,422901425396,0,0
6151,422907228331,0,0
6152,422912579616,1,0
6153,422917575180,0,0
6154,422922961760,1,0
6155,422927933920,1,0
6156,422932907517,1,0
6157,422937965889,0,0
6158,422943632581,0,0
6159,422949356153,1,0
6160,422954553042,1,0
6161,422959585853,0,0
6162,422965129035,1,0
6163,422970242572,1,0
6164,422975254781,1,0
6165,422980195993,0,0
6166,422985729057,1,0
6167,422990763109,0,0
6168,422996375811,0,0
6169,423001938319,0,0
6170,423007580540,1,0
6171,423012581870,0,0
6172,423018252043,0,0
6173,423023745149,1,0
6174,423028751935,1,0
6175,423033727144,0,0
6176,423039163997,0,0
6177,423045025824,0,0
6178,423050541768,0,0
6179,423056072489,1,0
6180,423061210892,1,0
6181,423066471904,0,0
6182,423072148603,0,0
6183,423077705412,1,0
6184,423082875291,1,0
6185,423087888677,1,0
6186,423092959677,1,0
6187,423098059975,1,0
6188,423103165001,0,0
6189,423108760577,0,0
6190,423114154210,0,0
6191,423119651315,1,0
6192,423124907798,0,0
6193,423130297305,0,0
6194,423135946787,1,0
6195,423140964601,0,0
6196,423146647417,1,0
6197,423151757341,1,0
6198,423157061839,1,0
6199,423162070454,0,0
6200,423167624390,0,0
6201,423173157475,0,0
6202,423178831380,0,0
6203,423184229993,0,0
6204,423189543986,0,0
6205,423195241036,1,0
6206,423200150052,1,0
6207,423205270899,1,0
6208,423210338562,1,0
6209,423215481437,0,0
6210,423221029642,0,0
6211,423226661090,1,0
6212,423231867943,1,0
6213,423236970284,1,0
6214,423242049696,0,0
6215,423247358362,0,0
6216,423252813139,0,0
6217,423258076013,1,0
6218,423263231629,1,0
6219,423268397166,1,0
6220,423273494158,0,0
6221,423278818445,0,0
6222,423284265911,1,0
6223,423289192333,1,0
6224,423294250106,0,0
6225,423299848469,1,0
6226,423304902022,1,0
6227,423309943263,1,0
6228,423314972597,1,0
6229,423319969245,1,0
6230,423324958907,0,0
6231,423330460367,1,0
6232,423335464801,0,0
6233,423340943378,1,0
6234,423345931147,1,0
6235,423350895492,1,0
6236,423355846139,0,0
6237,423361425481,1,0
6238,423366558228,1,0
6239,423371744447,0,0
6240,423377425594,0,0
6241,423382776741,1,0
6242,423387798060,1,0
6243,423392982928,1,0
6244,423397884776,0,0
6245,423403565864,0,0
6246,423409062371,1,0
6247,423414064886,1,0
6248,423419060706,1,0
6249,423424069624,1,0
6250,423429057734,0,0
6251,423434688933,1,0
6252,423439728387,0,0
6253,423445548592,1,0
6254,423450677286,0,0
6255,423456151122,1,0
6256,423461219527,1,0
6257,423466288136,1,0
6258,423471286407,0,0
6259,423476527263,1,0
6260,423481557506,1,0
6261,423486597847,0,0
6262,423492198847,0,0
6263,423497738486,1,0
6264,423502813381,0,0
6265,423508060679,1,0
6266,423513195394,1,0
6267,423518228415,0,0
6268,423523692124,1,0
6269,423528702034,0,0
6270,423534448188,1,0
6271,423539581562,1,0
6272,423544665373,0,0
6273,423550311446,1,0
6274,423555561836,0,0
6275,423561285604,0,0
6276,423567058428,1,0
6277,423572053645,0,0
6278,423577552234,0,0
6279,423583213347,0,0
6280,423588748495,1,0
6281,423593853492,1,0
6282,423598927915,1,0
6283,423603933605,1,0
6284,423608935892,1,0
6285,423613946533,1,0
6286,423618943267,1,0
6287,423623973007,0,0
6288,423629237270,1,0
6289,423634276840,1,0
6290,423639244615,0,0
6291,423644699223,0,0
6292,423650297825,0,0
6293,423655818356,1,0
6294,423660910565,1,0
6295,423666229376,0,0
6296,423672144657,1,0
6297,423677231128,1,0
6298,423682294472,0,0
6299,423688145528,1,0
6300,423693283331,1,0
6301,423698273807,0,0
6302,423703792197,1,0
6303,423708837244,1,0
6304,423713838567,1,0
6305,423718826871,1,0
6306,423723824048,0,0
6307,423729370859,1,0
6308,423734560670,0,0
6309,423740300119,1,0
6310,423745430288,0,0
6311,423751017874,0,0
6312,423756202633,0,0
6313,423761966036,1,0
6314,423767029342,0,0
6315,423772629481,1,0
6316,423777662353,1,0
6317,423782676272,0,0
6318,423788111137,1,0
6319,423793149207,0,0
6320,423798674338,0,0
6321,423804443044,0,0
6322,423809908171,1,0
6323,423815021283,1,0
6324,423820065250,0,0
6325,423825892743,0,0
6326,423831633600,0,0
6327,423837298222,0,0
6328,423842692878,0,0
6329,423848373130,0,0
6330,423853977246,1,0
6331,423859020992,1,0
6332,423864025764,0,0
6333,423869442226,1,0
6334,423874442443,1,0
6335,423879438054,0,0
6336,423885035761,1,0
6337,423890064974,0,0
6338,423895706134,0,0
6339,423901598162,1,0
6340,423906719069,0,0
6341,423912433267,0,0
6342,423918150336,1,0
6343,423923299303,0,0
6344,423928725449,1,0
6345,423934021372,1,0
6346,423939186171,1,0
6347,423944338681,0,0
6348,423949781715,1,0
6349,423954917321,0,0
6350,423960483147,0,0
6351,423966124793,0,0
6352,423971420103,0,0
6353,423976820842,1,0
6354,423981847572,0,0
6355,423987211421,0,0
6356,423992742041,1,0
6357,423997779879,0,0
6358,424003176877,0,0
6359,424008689552,1,0
6360,424013709336,1,0
6361,424018786113,0,0
6362,424024187095,1,0
6363,424029228669,1,0
6364,424034226434,0,0
6365,424039721725,0,0
6366,424045226939,0,0
6367,424050842667,1,0
6368,424055826468,1,0
6369,424060812461,0,0
6370,424066320649,0,0
6371,424071933313,1,0
6372,424076934264,0,0
6373,424082299333,1,0
6374,424087300132,0,0
6375,424092700589,1,0
6376,424097710365,0,0
6377,424103055440,1,0
6378,424108050235,0,0
6379,424113966241,0,0
6380,424119395001,0,0
6381,424125205724,0,0
6382,424131070133,1,0
6383,424136134878,0,0
6384,424141792625,0,0
6385,424147240805,0,0
6386,424152941344,0,0
6387,424158363843,1,0
6388,424163412964,0,0
6389,424168976463,1,0
6390,424173994909,1,0
6391,424178969333,0,0
6392,424184375308,1,0
6393,424189555410,0,0
6394,424195060542,0,0
6395,424200549257,0,0
6396,424206057688,0,0
6397,424211592063,0,0
6398,424217202298,1,0
6399,424222243708,1,0
6400,424227244826,0,0
6401,424232823945,1,0
6402,424237909978,1,0
6403,424242968784,0,0
6404,424248277473,0,0
6405,424253779842,1,0
6406,424258824735,1,0
6407,424263875616,1,0
6408,424268924782,1,0
6409,424274017213,1,0
6410,424278951667,1,0
6411,424283939739,0,0
6412,424289237446,0,0
6413,424294926528,1,0
6414,424299876333,1,0
6415,424305218133,1,0
6416,424310411988,1,0
6417,424315404151,0,0
6418,424320882785,0,0
6419,424326122908,1,0
6420,424331213842,0,0
6421,424336487938,0,0
6422,424341755735,1,0
6423,424346763185,0,0
6424,424352225931,0,0
6425,424357736611,0,0
6426,424363221593,1,0
6427,424368219229,1,0
6428,424373220142,0,0
6429,424378659572,1,0
6430,424383736535,1,0
6431,424388974619,0,0
6432,424394182810,0,0
6433,424399736045,1,0
6434,424405046619,0,0
6435,424410690052,1,0
6436,424415739845,0,0
6437,424421343933,1,0
6438,424426515694,1,0
6439,424431661022,1,0
6440,424436768343,0,0
6441,424442304647,1,0
6442,424447452186,1,0
6443,424452601378,1,0
6444,424457626645,1,0
6445,424462688405,0,0
6446,424468474467,0,0
6447,424474118479,1,0
6448,424479265653,1,0
6449,424484221182,1,0
6450,424489278019,1,0
6451,424494240982,1,0
6452,424499262418,1,0
6453,424504232000,1,0
6454,424509228447,0,0
6455,424514656858,1,0
6456,424519673617,0,0
6457,424525402331,0,0
6458,424531017808,0,0
6459,424536205021,1,0
6460,424541223208,0,0
6461,424546459108,0,0
6462,424551859245,0,0
6463,424557285311,0,0
6464,424562772673,1,0
6465,424567937288,1,0
6466,424573142000,0,0
6467,424578241531,0,0
6468,424583707260,0,0
6469,424589421720,0,0
6470,424595019137,0,0
6471,424600469107,1,0
6472,424605664086,0,0
6473,424611294475,1,0
6474,424616517745,1,0
6475,424621622951,1,0
6476,424626666136,0,0
6477,424632442782,0,0
6478,424638062315,0,0
6479,424643571236,0,0
6480,424648891913,1,0
6481,424654064983,0,0
6482,424659620093,1,0
6483,424664735505,1,0
6484,424669882124,0,0
6485,424675439250,1,0
6486,424680569595,1,0
6487,424685567615,0,0
6488,424691056595,1,0
6489,424696121761,0,0
6490,424701896587,0,0
6491,424707579422,1,0
6492,424712621892,0,0
6493,424718313163,1,0
6494,424723488247,0,0
6495,424729027015,0,0
6496,424734607820,0,0
6497,424740295980,1,0
6498,424745427181,1,0
6499,424750613044,1,0
6500,424755662998,1,0
6501,424760958925,0,0
6502,424766180894,1,0
6503,424771254663,0,0
6504,424777074087,0,0
6505,424782607047,0,0
6506,424788495697,1,0
6507,424793628241,0,0
6508,424799498981,1,0
6509,424804689177,0,0
6510,424810399601,0,0
6511,424816105416,1,0
6512,424821185977,1,0
6513,424826235876,0,0
6514,424831681943,1,0
6515,424836901505,1,0
6516,424841900452,0,0
6517,424847311388,1,0
6518,424852325822,0,0
6519,424857904326,1,0
6520,424862935674,1,0
6521,424867952551,0,0
6522,424873462713,1,0
6523,424878586733,1,0
6524,424883586314,0,0
6525,424889128442,1,0
6526,424894190237,0,0
6527,424899795457,1,0
6528,424904798307,1,0
6529,424909784983,1,0
6530,424914792549,0,0
6531,424920620960,0,0
6532,424926215341,1,0
6533,424931266516,1,0
6534,424936255289,0,0
6535,424942161503,1,0
6536,424947294622,1,0
6537,424952286580,1,0
6538,424957278504,1,0
6539,424962262874,1,0
6540,424967280022,0,0
6541,424972799935,1,0
6542,424977797621,0,0
6543,424983216493,0,0
6544,424988652486,1,0
6545,424993654881,0,0
6546,424999395568,0,0
6547,425004988857,1,0
6548,425010028187,1,0
6549,425015116480,1,0
6550,425020412424,1,0
6551,425025622735,1,0
6552,425030718436,1,0
6553,425035891300,0,0
6554,425041475035,0,0
6555,425047027762,0,0
6556,425052712357,1,0
6557,425057813015,0,0
6558,425063274916,1,0
6559,425068466284,1,0
6560,425073600032,0,0
6561,425079243530,0,0
6562,425084748996,1,0
6563,425090040831,0,0
6564,425095492009,0,0
6565,425101130846,1,0
6566,425106185502,1,0
6567,425111239347,1,0
6568,425116264056,0,0
6569,425124998024,1,0
6570,425130119253,0,0
6571,425135964604,1,0
6572,425141061644,0,0
6573,425146821497,0,0
6574,425152319445,0,0
6575,425158119538,1,0
6576,425163261719,0,0
6577,425168895595,1,0
6578,425173985723,1,0
6579,425179055155,1,0
6580,425184198314,1,0
6581,425189359963,0,0
6582,425195024856,0,0
6583,425200307109,0,0
6584,425205668287,1,0
6585,425210835034,0,0
6586,425216263708,0,0
6587,425221594123,1,0
6588,425226648483,1,0
6589,425231993004,1,0
6590,425237122053,0,0
6591,425242554250,0,0
6592,425247896518,0,0
6593,425253250266,1,0
6594,425258393558,0,0
6595,425263692580,0,0
6596,425269020658,1,0
6597,425274278137,1,0
6598,425279281400,1,0
6599,425284342623,0,0
6600,425289578531,0,0
6601,425294993930,0,0
6602,425300081812,0,0
6603,425305537492,1,0
6604,425310742181,0,0
6605,425316212103,1,0
6606,425321338013,0,0
6607,425326799405,1,0
6608,425331937130,1,0
6609,425337019871,1,0
6610,425342037135,1,0
6611,425347031812,0,0
6612,425352220502,0,0
6613,425357816655,1,0
6614,425363062809,1,0
6615,425368235668,0,0
6616,425373773019,0,0
6617,425379449290,1,0
6618,425384610804,0,0
6619,425390229158,0,0
6620,425395568639,1,0
6621,425400592788,1,0
6622,425405801341,0,0
6623,425411514612,1,0
6624,425416623788,1,0
6625,425421732901,0,0
6626,425427316601,1,0
6627,425432495881,1,0
6628,425437631159,1,0
6629,425442668934,1,0
6630,425447800490,0,0
6631,425453443940,1,0
6632,425458844013,1,0
6633,425463990445,1,0
6634,425469076799,1,0
6635,425474243925,0,0
6636,425479816891,0,0
6637,425485243247,1,0
6638,425490366093,0,0
6639,425495891041,1,0
6640,425501046689,0,0
6641,425506274709,0,0
6642,425511901319,1,0
6643,425516960696,0,0
6644,425522059604,1,0
6645,425527223374,0,0
6646,425532443786,0,0
6647,425537632109,1,0
6648,425542650495,0,0
6649,425548296769,1,0
6650,425553350257,0,0
6651,425558751926,1,0
6652,425563881538,0,0
6653,425569361192,0,0
6654,425574878684,1,0
6655,425579950449,1,0
6656,425584989120,0,0
6657,425590430443,0,0
6658,425595806123,0,0
6659,425601155613,1,0
6660,425606255216,1,0
6661,425611220706,1,0
6662,425616234988,1,0
6663,425621222073,0,0
6664,425626608509,0,0
6665,425632019443,1,0
6666,425637022672,0,0
6667,425642579830,1,0
6668,425647584470,1,0
6669,425652619064,1,0
6670,425657690996,0,0
6671,425663273994,0,0
6672,425668620199,0,0
6673,425674076015,0,0
6674,425679301546,1,0
6675,425684492791,1,0
6676,425689512807,1,0
6677,425694518821,1,0
6678,425699498543,1,0
6679,425704604180,0,0
6680,425710161675,0,0
6681,425715653479,0,0
6682,425721110222,0,0
6683,425726639623,0,0
6684,425732069810,0,0
6685,425737428261,1,0
6686,425742449393,1,0
6687,425747474064,1,0
6688,425752590149,1,0
6689,425757696466,0,0
6690,425763276172,1,0
6691,425768279862,1,0
6692,425773223524,0,0
6693,425778722346,0,0
6694,425784271834,0,0
6695,425789618351,0,0
6696,425795106800,0,0
6697,425800643006,0,0
6698,425806210862,1,0
6699,425811535182,1,0
6700,425816699660,1,0
6701,425822052549,1,0
6702,425827092195,0,0
6703,425833133841,1,0
6704,425838425107,0,0
6705,425844403809,1,0
6706,425851051679,1,0
6707,425856243122,0,0
6708,425861853682,1,0
6709,425867190288,0,0
6710,425872672728,0,0
6711,425878813075,0,0
6712,425884362589,0,0
6713,425890056130,1,0
6714,425895194966,1,0
6715,425900377878,1,0
6716,425905596329,0,0
6717,425911059013,0,0
6718,425916464008,0,0
6719,425921943918,1,0
6720,425927132330,1,0
6721,425932320364,0,0
6722,425937889447,1,0
6723,425943031018,0,0
6724,425948280623,0,0
6725,425953815325,0,0
6726,425959432677,1,0
6727,425964639437,0,0
6728,425970120497,0,0
6729,425975590609,0,0
6730,425981394693,1,0
6731,425986516642,0,0
6732,425992028502,1,0
6733,425997064664,0,0
6734,426002519741,0,0
6735,426008048563,0,0
6736,426013353880,1,0
6737,426018578342,0,0
6738,426024023478,1,0
6739,426029064255,0,0
6740,426034643110,0,0
6741,426040528568,1,0
6742,426045754656,1,0
6743,426050932593,1,0
6744,426055996240,1,0
6745,426061041548,1,0
6746,426066100017,1,0
6747,426071160835,0,0
6748,426076622657,1,0
6749,426081837329,0,0
6750,426087358544,0,0
6751,426092866844,0,0
6752,426098322928,0,0
6753,426103918906,0,0
6754,426109341767,1,0
6755,426114543562,1,0
6756,426119588524,0,0
6757,426125131882,1,0
6758,426130251747,1,0
6759,426135269538,0,0
6760,426141036819,0,0
6761,426146582209,0,0
6762,426152257804,1,0
6763,426157215679,0,0
6764,426162857660,0,0
6765,426168297730,1,0
6766,426173305302,0,0
6767,426178872113,0,0
6768,426184536650,0,0
6769,426189978639,1,0
6770,426194958572,1,0
6771,426199976306,1,0
6772,426205030030,1,0
6773,426210029844,1,0
6774,426215044913,1,0
6775,426220064930,0,0
6776,426225343715,0,0
6777,426230656841,1,0
6778,426235731767,1,0
6779,426241120051,0,0
6780,426246627408,0,0
6781,426252267763,0,0
6782,426257618826,0,0
6783,426263242792,0,0
6784,426268695684,0,0
6785,426274340744,0,0
6786,426279792796,0,0
6787,426285449071,1,0
6788,426290708851,0,0
6789,426296285625,0,0
6790,426301687019,1,0
6791,426306802664,1,0
6792,426311872120,0,0
6793,426317331964,1,0
6794,426322520696,0,0
6795,426328062300,0,0
6796,426333844854,0,0
6797,426339536825,1,0
6798,426344550169,0,0
6799,426350150175,0,0
6800,426355619040,1,0
6801,426360843114,0,0
6802,426366462895,1,0
6803,426371656601,1,0
6804,426376653732,1,0
6805,426381659004,0,0
6806,426387213348,0,0
6807,426392817324,1,0
6808,426397822016,0,0
6809,426403347103,0,0
6810,426408603275,1,0
6811,426413607991,1,0
6812,426418613909,0,0
6813,426424118929,1,0
6814,426429310946,0,0
6815,426435028214,1,0
6816,426440033996,1,0
6817,426445057579,0,0
6818,426450534928,1,0
6819,426455549519,1,0
6820,426460707282,1,0
6821,426465930274,0,0
6822,426471513123,0,0
6823,426477038277,1,0
6824,426482212614,1,0
6825,426487306391,1,0
6826,426492483476,1,0
6827,426497636638,1,0
6828,426502815796,1,0
6829,426507832603,1,0
6830,426512868516,0,0
6831,426518379513,1,0
6832,426523807432,0,0
6833,426529273100,1,0
6834,426534425335,0,0
6835,426540043390,1,0
6836,426545058227,1,0
6837,426550214029,1,0
6838,426555300255,0,0
6839,426560795695,0,0
6840,426566240817,0,0
6841,426571727352,0,0
6842,426577255216,1,0
6843,426582353992,1,0
6844,426587588114,0,0
6845,426593065114,0,0
6846,426598459111,0,0
6847,426603956673,1,0
6848,426609053899,1,0
6849,426614052342,1,0
6850,426619153119,0,0
6851,426624429949,0,0
6852,426630028305,1,0
6853,426635120266,1,0
6854,426640275545,1,0
6855,426645517700,0,0
6856,426651186462,0,0
6857,426656863473,0,0
6858,426662269765,0,0
6859,426667675665,1,0
6860,426672739758,0,0
6861,426678134763,0,0
6862,426683493957,1,0
6863,426688657755,0,0
6864,426694048167,0,0
6865,426699472508,0,0
6866,426704931827,1,0
6867,426710061169,0,0
6868,426715491820,0,0
6869,426720902321,0,0
6870,426726317137,1,0
6871,426731469565,1,0
6872,426736701228,1,0
6873,426741824231,0,0
6874,426747390069,1,0
6875,426752539832,1,0
6876,426757810879,1,0
6877,426762821384,1,0
6878,426767850776,0,0
6879,426773426871,0,0
6880,426779287954,1,0
6881,426784478610,0,0
6882,426790142003,1,0
6883,426795155917,0,0
6884,426800662889,1,0
6885,426805871567,1,0
6886,426810926775,1,0
6887,426816070093,0,0
6888,426821641434,1,0
6889,426826631908,0,0
6890,426832116908,1,0
6891,426837166532,1,0
6892,426842214580,1,0
6893,426847247201,0,0
6894,426853026461,0,0
6895,426858555668,0,0
6896,426864197095,0,0
6897,426870063128,1,0
6898,426875070772,0,0
6899,426880762456,0,0
6900,426886512301,1,0
6901,426891552497,1,0
6902,426896544876,1,0
6903,426901607795,1,0
6904,426906619729,0,0
6905,426912231418,1,0
6906,426917270570,1,0
6907,426922343340,0,0
6908,426928229580,0,0
6909,426933974081,0,0
6910,426939297172,1,0
6911,426944524607,0,0
6912,426950279688,1,0
6913,426955276501,1,0
6914,426960274097,1,0
6915,426965327842,0,0
6916,426971071857,0,0
6917,426976602722,0,0
6918,426982506950,0,0
6919,426988611148,1,0
6920,426993862529,0,0
6921,426999648851,1,0
6922,427004961036,1,0
6923,427010039893,1,0
6924,427015063225,1,0
6925,427020059494,0,0
6926,427025605351,1,0
6927,427030856779,1,0
6928,427036249792,0,0
6929,427041997596,0,0
6930,427047780805,1,0
6931,427052822734,1,0
6932,427057902691,0,0
6933,427063421087,0,0
6934,427069158454,1,0
6935,427074291551,0,0
6936,427080048795,0,0
6937,427085611047,0,0
6938,427091033267,1,0
6939,427096064644,1,0
6940,427101044625,0,0
6941,427106599287,1,0
6942,427111656281,1,0
6943,427116674804,0,0
6944,427122229184,1,0
6945,427127430734,1,0
6946,427132476741,0,0
6947,427138083993,0,0
6948,427143639746,0,0
6949,427149501309,1,0
6950,427154762933,1,0
6951,427160025705,1,0
6952,427165077890,1,0
6953,427170203961,0,0
6954,427175980733,1,0
6955,427181081141,0,0
6956,427187147360,0,0
6957,427192865681,0,0
6958,427198255294,1,0
6959,427203278319,1,0
6960,427208271210,1,0
6961,427213219313,1,0
6962,427218312414,1,0
6963,427223501535,1,0
6964,427228718148,1,0
6965,427233845980,1,0
6966,427239192177,1,0
6967,427244389242,1,0
6968,427249592808,1,0
6969,427254696302,0,0
6970,427260144941,0,0
6971,427265720076,0,0
6972,427271064794,1,0
6973,427276152862,0,0
6974,427281508876,0,0
6975,427286856959,0,0
6976,427292188231,1,0
6977,427297311279,1,0
6978,427302444200,1,0
6979,427307465787,0,0
6980,427313027959,1,0
6981,427318040994,0,0
6982,427323483620,0,0
6983,427329055329,1,0
6984,427334061797,0,0
6985,427339567023,0,0
6986,427345313260,0,0
6987,427351073274,0,0
6988,427356610763,1,0
6989,427361824867,1,0
6990,427366850486,1,0
6991,427371889988,0,0
6992,427377341352,1,0
6993,427382534560,1,0
6994,427387670363,0,0
6995,427393265642,0,0
6996,427398767785,1,0
6997,427403818008,0,0
6998,427409387787,0,0
6999,427414917761,0,0
7000,427420331830,0,0
7001,427425829273,0,0
7002,427431350191,0,0
7003,427437080915,1,0
7004,427442063349,0,0
7005,427447628762,1,0
7006,427452706714,0,0
7007,427458194796,0,0
7008,427463668342,0,0
7009,427469160882,1,0
7010,427474196650,0,0
7011,427479635546,0,0
7012,427485180571,1,0
7013,427490252726,0,0
7014,427495752043,1,0
7015,427501041016,0,0
7016,427506468560,1,0
7017,427511505578,0,0
7018,427517012104,0,0
7019,427522599534,0,0
7020,427527952351,1,0
7021,427532968739,0,0
7022,427538657917,0,0
7023,427544138612,1,0
7024,427549186931,0,0
7025,427554767581,0,0
7026,427560446354,0,0
7027,427565782608,1,0
7028,427570824808,0,0
7029,427576191100,0,0
7030,427581837780,0,0
7031,427587390291,1,0
7032,427592605330,1,0
7033,427597660781,1,0
7034,427602746513,0,0
7035,427608230221,0,0
7036,427613876690,0,0
7037,427619466718,1,0
7038,427624497186,0,0
7039,427630057992,0,0
7040,427635305912,0,0
7041,427641037047,0,0
7042,427646384251,1,0
7043,427651434715,0,0
7044,427657153809,0,0
7045,427662805810,0,0
7046,427668358120,0,0
7047,427673973896,0,0
7048,427679690890,1,0
7049,427684785407,1,0
7050,427690050330,0,0
7051,427695582868,1,0
7052,427700627336,0,0
7053,427706148944,1,0
7054,427711303784,1,0
7055,427716434287,0,0
7056,427722299001,0,0
7057,427728138998,0,0
7058,427733727605,0,0
7059,427739474846,1,0
7060,427744493593,1,0
7061,427749500073,0,0
7062,427754919465,1,0
7063,427759913543,0,0
7064,427765309293,0,0
7065,427770733958,0,0
7066,427775981394,1,0
7067,427780951705,0,0
7068,427786424193,0,0
7069,427791869635,0,0
7070,427797445931,1,0
7071,427802528876,0,0
7072,427808039223,0,0
7073,427813820188,0,0
7074,427819296233,1,0
7075,427824310806,1,0
7076,427829326398,0,0
7077,427834964961,1,0
7078,427840062440,1,0
7079,427845064080,0,0
7080,427850871792,0,0
7081,427856358426,0,0
7082,427862059654,0,0
7083,427867682808,1,0
7084,427872858194,0,0
7085,427878393514,0,0
7086,427884076617,0,0
7087,427889633665,0,0
7088,427895245309,0,0
7089,427900911175,0,0
7090,427906538426,0,0
7091,427912203503,1,0
7092,427917434362,1,0
7093,427922565050,1,0
7094,427927679576,1,0
7095,427932787357,1,0
7096,427937856785,1,0
7097,427942906520,1,0
7098,427947931666,1,0
7099,427953037539,1,0
7100,427958053783,0,0
7101,427963527868,1,0
7102,427968539428,0,0
7103,427973972575,1,0
7104,427979018043,0,0
7105,427984491928,1,0
7106,427989662929,1,0
7107,427994666489,0,0
7108,428000333891,1,0
7109,428005649091,1,0
7110,428010715619,1,0
7111,428015752463,1,0
7112,428020755853,1,0
7113,428025771239,0,0
7114,428031312315,1,0
7115,428036323630,1,0
7116,428041322696,0,0
7117,428046954072,0,0
7118,428052339000,0,0
7119,428057764063,1,0
7120,428062802098,0,0
7121,428068209910,0,0
7122,428073679436,0,0
7123,428079332170,1,0
7124,428084315887,1,0
7125,428089311389,1,0
7126,428094275512,1,0
7127,428099203637,1,0
7128,428104211865,1,0
7129,428109218752,1,0
7130,428114237354,0,0
7131,428119784902,0,0
7132,428125484522,1,0
7133,428130711938,1,0
7134,428135847610,0,0
7135,428141363941,1,0
7136,428146628232,0,0
7137,428152511050,0,0
7138,428158078181,0,0
7139,428163555502,1,0
7140,428168639332,0,0
7141,428174364283,1,0
7142,428179650558,1,0
7143,428184739705,1,0
7144,428189834931,1,0
7145,428194931772,1,0
7146,428200070803,1,0
7147,428205070304,0,0
7148,428210737953,1,0
7149,428216057889,0,0
7150,428221534109,0,0
7151,428227054961,0,0
7152,428232551975,0,0
7153,428238079463,1,0
7154,428243059788,1,0
7155,428248066491,0,0
7156,428253703666,0,0
7157,428259389855,0,0
7158,428264893832,0,0
7159,428270469334,1,0
7160,428275611814,0,0
7161,428281149791,1,0
7162,428286246474,0,0
7163,428291676030,0,0
7164,428297352802,1,0
7165,428302496918,1,0
7166,428307618558,0,0
7167,428313111467,1,0
7168,428318147643,1,0
7169,428323214113,1,0
7170,428328292869,1,0
7171,428333467602,1,0
7172,428338617453,0,0
7173,428344067395,1,0
7174,428349197892,0,0
7175,428354855301,1,0
7176,428359902189,0,0
7177,428365389541,1,0
7178,428370497756,0,0
7179,428376030085,1,0
7180,428381066953,1,0
7181,428386064329,1,0
7182,428391063343,1,0
7183,428396129846,0,0
7184,428401606197,1,0
7185,428406631807,0,0
7186,428412223129,1,0
7187,428417259742,1,0
7188,428422237702,0,0
7189,428427907083,0,0
7190,428433601015,1,0
7191,428438626780,1,0
7192,428443644697,1,0
7193,428448745438,1,0
7194,428453851127,0,0
7195,428459579428,1,0
7196,428464616626,0,0
7197,428470259905,1,0
7198,428475280795,0,0
7199,428480897463,0,0
7200,428486395440,1,0
7201,428491545441,1,0
7202,428496526376,0,0
7203,428502110469,1,0
7204,428507284534,0,0
7205,428512886872,1,0
7206,428518033137,0,0
7207,428523562921,1,0
7208,428528571114,1,0
7209,428533610465,1,0
7210,428538655321,0,0
7211,428544307268,1,0
7212,428549508150,1,0
7213,428554664660,0,0
7214,428560324661,0,0
7215,428565908447,1,0
7216,428571046499,1,0
7217,428576069149,0,0
7218,428581366251,0,0
7219,428587065102,0,0
7220,428592864653,1,0
7221,428598122771,0,0
7222,428603825585,1,0
7223,428609213656,1,0
7224,428614470813,1,0
7225,428619659355,0,0
7226,428625654227,0,0
7227,428631527820,1,0
7228,428636714451,1,0
7229,428641849682,0,0
7230,428647314313,0,0
7231,428652912511,0,0
7232,428658337965,1,0
7233,428663501062,0,0
7234,428669054296,0,0
7235,428674423730,0,0
7236,428679990912,0,0
7237,428685518796,0,0
7238,428691073522,1,0
7239,428696101285,0,0
7240,428701831684,1,0
7241,428707122109,0,0
7242,428712747585,1,0
7243,428717853590,1,0
7244,428722844469,0,0
7245,428728357225,0,0
7246,428733863357,1,0
7247,428738880058,0,0
7248,428744580696,1,0
7249,428749556217,0,0
7250,428755078959,0,0
7251,428760817408,1,0
7252,428765968699,1,0
7253,428771317621,0,0
7254,428776953687,0,0
7255,428782601116,0,0
7256,428788539944,1,0
7257,428793962729,0,0
7258,428799561162,1,0
7259,428804783618,0,0
7260,428810492730,0,0
7261,428816065380,0,0
7262,428821661362,0,0
7263,428827459536,0,0
7264,428833131181,0,0
7265,428838626963,1,0
7266,428843844075,1,0
7267,428848900201,0,0
7268,428854555978,1,0
7269,428859819761,0,0
7270,428865661759,1,0
7271,428870771229,0,0
7272,428876447751,1,0
7273,428881572810,0,0
7274,428887071304,1,0
7275,428892297806,0,0
7276,428898241078,0,0
7277,428904138227,0,0
7278,428909698177,0,0
7279,428915268592,0,0
7280,428920652969,1,0
7281,428925846353,1,0
7282,428931053638,0,0
7283,428936605190,1,0
7284,428941787378,0,0
7285,428947329392,0,0
7286,428952835836,1,0
7287,428957954317,1,0
7288,428963058012,1,0
7289,428968104798,1,0
7290,428973134378,1,0
7291,428978197734,0,0
7292,428983742103,1,0
7293,428988769477,0,0
7294,428994411389,0,0
7295,428999880512,1,0
7296,429004896516,0,0
7297,429010097766,1,0
7298,429015152580,1,0
7299,429020227324,0,0
7300,429025566825,0,0
7301,429031093658,0,0
7302,429036284470,1,0
7303,429041246749,0,0
7304,429046657450,1,0
7305,429051655844,0,0
7306,429056976641,0,0
7307,429062316891,1,0
7308,429067344402,1,0
7309,429072389876,0,0
7310,429077759509,0,0
7311,429083188929,1,0
7312,429088224427,0,0
7313,429094024458,1,0
7314,429099058036,1,0
7315,429104049304,0,0
7316,429109280135,1,0
7317,429114464479,1,0
7318,429119634228,0,0
7319,429125323101,0,0
7320,429131019320,0,0
7321,429136395114,1,0
7322,429141465679,1,0
7323,429146664484,1,0
7324,429151913813,0,0
7325,429157460450,0,0
7326,429163394265,0,0
7327,429169062834,0,0
7328,429174430687,1,0
7329,429179656099,1,0
7330,429184843130,1,0
7331,429189895512,1,0
7332,429195034531,0,0
7333,429200772609,0,0
7334,429206476663,1,0
7335,429211669561,0,0
7336,429217268462,1,0
7337,429222409166,0,0
7338,429227989212,1,0
7339,429233071812,0,0
7340,429238576013,1,0
7341,429243826429,0,0
7342,429249477153,1,0
7343,429254664014,1,0
7344,429259717277,0,0
7345,429265325158,0,0
7346,429270843303,1,0
7347,429275909019,0,0
7348,429281471807,0,0
7349,429287034430,1,0
7350,429292075941,0,0
7351,429297467819,0,0
7352,429303063082,1,0
7353,429308046250,0,0
7354,429313679620,1,0
7355,429318941313,0,0
7356,429324572180,0,0
7357,429330425667,0,0
7358,429335974033,0,0
7359,429341467658,1,0
7360,429346467159,1,0
7361,429351540502,0,0
7362,429357304287,1,0
7363,429362615748,0,0
7364,429368320063,1,0
7365,429373455501,0,0
7366,429379032346,0,0
7367,429384457785,1,0
7368,429389717351,0,0
7369,429395520244,1,0
7370,429400657879,0,0
7371,429406411779,1,0
7372,429411549781,0,0
7373,429417125815,1,0
7374,429422274531,1,0
7375,429427451981,1,0
7376,429432534718,0,0
7377,429438336214,0,0
7378,429444033801,1,0
7379,429449180560,0,0
7380,429455024988,1,0
7381,429460113679,1,0
7382,429465175161,0,0
7383,429471031399,0,0
7384,429476390760,1,0
7385,429481477513,0,0
7386,429486967604,1,0
7387,429492068194,1,0
7388,429497075724,1,0
7389,429502109000,1,0
7390,429507121171,1,0
7391,429512241918,0,0
7392,429518142568,1,0
7393,429523207434,1,0
7394,429528287471,1,0
7395,429533497178,0,0
7396,429539054481,0,0
7397,429544670393,1,0
7398,429549756783,1,0
7399,429555082525,1,0
7400,429560141613,0,0
7401,429565911372,1,0
7402,429570960320,1,0
7403,429575980439,1,0
7404,429580966277,1,0
7405,429585978661,1,0
7406,429591115290,1,0
7407,429596075922,1,0
7408,429601116126,0,0
7409,429606639154,1,0
7410,429611670678,0,0
7411,429617420595,0,0
7412,429623171708,0,0
7413,429628786750,0,0
7414,429634494841,1,0
7415,429639694866,0,0
7416,429645380463,1,0
7417,429650548784,1,0
7418,429655556036,1,0
7419,429660711771,1,0
7420,429665772662,0,0
7421,429671396558,0,0
7422,429677030160,1,0
7423,429682061273,0,0
7424,429687658502,0,0
7425,429693596765,0,0
7426,429699433608,0,0
7427,429705026509,0,0
7428,429710546067,1,0
7429,429715583565,0,0
7430,429721240735,0,0
7431,429726934977,1,0
7432,429731991783,1,0
7433,429737026409,0,0
7434,429742496432,1,0
7435,429747514636,0,0
7436,429753141989,0,0
7437,429758765694,0,0
7438,429764487880,1,0
7439,429769553360,1,0
7440,429774728270,0,0
7441,429780450725,1,0
7442,429785675137,1,0
7443,429790799330,1,0
7444,429795829282,1,0
7445,429800827474,1,0
7446,429805810333,0,0
7447,429811304456,0,0
7448,429817075768,1,0
7449,429822158151,1,0
7450,429827689927,0,0
7451,429833498236,1,0
7452,429838736334,0,0
7453,429844467555,0,0
7454,429849806827,0,0
7455,429855265418,1,0
7456,429860243377,1,0
7457,429865311938,1,0
7458,429870574542,1,0
7459,429875733214,1,0
7460,429880991850,0,0
7461,429886600431,0,0
7462,429892188056,0,0
7463,429898028376,1,0
7464,429903137262,0,0
7465,429908516805,0,0
7466,429914048758,0,0
7467,429919498005,1,0
7468,429924654558,1,0
7469,429929808824,1,0
7470,429934881143,0,0
7471,429940325783,1,0
7472,429945310432,1,0
7473,429950426391,1,0
7474,429955499557,0,0
7475,429960874166,1,0
7476,429965966477,0,0
7477,429971246352,1,0
7478,429976439523,0,0
7479,429981939113,0,0
7480,429987393593,0,0
7481,429992920821,1,0
7482,429998028445,0,0
7483,430003634604,1,0
7484,430008867144,0,0
7485,430014265155,0,0
7486,430019894743,1,0
7487,430024952069,0,0
7488,430030406554,1,0
7489,430035630821,1,0
7490,430040747554,0,0
7491,430046316168,0,0
7492,430051999745,1,0
7493,430057066667,0,0
7494,430062554259,1,0
7495,430067715146,0,0
7496,430073384734,1,0
7497,430078478687,1,0
7498,430083557024,0,0
7499,430089020114,0,0
7500,430094643096,1,0
7501,430099756095,0,0
7502,430105410886,1,0
7503,430110509750,1,0
7504,430115575972,1,0
7505,430120576363,1,0
7506,430125595010,0,0
7507,430131203720,1,0
7508,430136265746,0,0
7509,430141788847,1,0
7510,430146862940,0,0
7511,430152358110,1,0
7512,430157548682,0,0
7513,430163146520,1,0
7514,430168389925,0,0
7515,430174063231,1,0
7516,430179069443,0,0
7517,430184718313,0,0
7518,430190378152,0,0
7519,430195888544,0,0
7520,430201327914,1,0
7521,430206441856,0,0
7522,430212026072,1,0
7523,430217141155,0,0
7524,430222773136,0,0
7525,430228498818,0,0
7526,430234346153,0,0
7527,430239904397,1,0
7528,430244940517,1,0
7529,430250030446,1,0
7530,430255059464,0,0
7531,430260493286,0,0
7532,430266065899,0,0
7533,430271640401,0,0
7534,430277384775,1,0
7535,430282584675,0,0
7536,430288347129,1,0
7537,430293577617,1,0
7538,430298755672,1,0
7539,430304068184,0,0
7540,430309638155,0,0
7541,430315339200,1,0
7542,430320469028,0,0
7543,430326134278,1,0
7544,430331239782,1,0
7545,430336361388,1,0
7546,430341526116,0,0
7547,430347077449,0,0
7548,430352665747,1,0
7549,430357716623,1,0
7550,430362844263,1,0
7551,430368221806,0,0
7552,430373896072,0,0
7553,430379384118,0,0
7554,430385031180,0,0
7555,430390445746,0,0
7556,430395722010,1,0
7557,430400808126,0,0
7558,430406379333,0,0
7559,430411858720,0,0
7560,430417352438,0,0
7561,430422905406,1,0
7562,430427950268,1,0
7563,430432940405,0,0
7564,430438410602,1,0
7565,430443405190,1,0
7566,430448429763,1,0
7567,430453411762,1,0
7568,430458447114,1,0
7569,430463599024,0,0
7570,430469293961,0,0
7571,430474937748,1,0
7572,430479916251,0,0
7573,430485354195,0,0
7574,430490864544,0,0
7575,430496542028,0,0
7576,430502066634,0,0
7577,430507531155,0,0
7578,430513069505,1,0
7579,430518065012,0,0
7580,430523494253,1,0
7581,430528636814,1,0
7582,430533635923,1,0
7583,430538691773,0,0
7584,430544152785,1,0
7585,430549175142,1,0
7586,430554549436,1,0
7587,430559637389,0,0
7588,430565535683,1,0
7589,430570688696,0,0
7590,430576453572,1,0
7591,430581659556,0,0
7592,430587367193,0,0
7593,430592940550,1,0
7594,430598038528,1,0
7595,430603038353,0,0
7596,430608643820,0,0
7597,430614286604,0,0
7598,430619673561,0,0
7599,430625439896,0,0
7600,430631044752,1,0
7601,430636419091,0,0
7602,430641835405,0,0
7603,430647291685,1,0
7604,430652395308,0,0
7605,430658061703,0,0
7606,430663653911,0,0
7607,430669365952,1,0
7608,430674551981,0,0
7609,430680118087,0,0
7610,430685609592,1,0
7611,430690662445,0,0
7612,430696505052,0,0
7613,430702453058,1,0
7614,430707596576,1,0
7615,430713139426,0,0
7616,430718773614,1,0
7617,430723913177,1,0
7618,430729050622,1,0
7619,430734071223,1,0
7620,430739205614,1,0
7621,430744320233,0,0
7622,430749869529,1,0
7623,430754846698,0,0
7624,430760328232,0,0
7625,430765962159,0,0
7626,430771476970,0,0
7627,430776896606,0,0
7628,430782356965,0,0
7629,430788064789,1,0
7630,430793131950,1,0
7631,430798307186,1,0
7632,430803533764,1,0
7633,430808582978,0,0
7634,430814355365,0,0
7635,430820183594,0,0
7636,430825610438,0,0
7637,430831148814,1,0
7638,430836290067,1,0
7639,430841439881,0,0
7640,430846814680,0,0
7641,430852424082,1,0
7642,430857854474,0,0
7643,430863744530,0,0
7644,430869448066,1,0
7645,430874565586,1,0
7646,430879674781,1,0
7647,430884682329,0,0
7648,430890202985,1,0
7649,430895244901,0,0
7650,430901042751,0,0
7651,430906518484,0,0
7652,430912162563,1,0
7653,430917379586,1,0
7654,430922563616,0,0
7655,430928260923,1,0
7656,430933282875,1,0
7657,430938392285,0,0
7658,430943958736,0,0
7659,430949684837,0,0
7660,430955325211,0,0
7661,430960923881,1,0
7662,430966031408,1,0
7663,430971064201,1,0
7664,430976058932,1,0
7665,430981183463,1,0
7666,430986149145,1,0
7667,430991210797,1,0
7668,430996272675,0,0
7669,431001868164,1,0
7670,431006841629,0,0
7671,431012433643,0,0
7672,431018071150,1,0
7673,431023129238,0,0
7674,431029072144,1,0
7675,431034118173,0,0
7676,431040019710,0,0
7677,431045494445,1,0
7678,431050592128,1,0
7679,431055573128,1,0
7680,431060693773,1,0
7681,431065730104,0,0
7682,431071369422,0,0
7683,431077056020,1,0
7684,431082447801,1,0
7685,431087579841,0,0
7686,431093119135,0,0
7687,431098847124,0,0
7688,431104321090,1,0
7689,431109428516,0,0
7690,431114903094,1,0
7691,431119901471,0,0
7692,431125368664,0,0
7693,431131069475,0,0
7694,431136400899,0,0
7695,431141926695,0,0
7696,431147431527,0,0
7697,431153105944,1,0
7698,431158137850,1,0
7699,431163213011,0,0
7700,431168902056,0,0
7701,431174465732,1,0
7702,431179583760,1,0
7703,431184597920,1,0
7704,431189647244,0,0
7705,431195257803,1,0
7706,431200201004,0,0
7707,431205869412,1,0
7708,431210928265,0,0
7709,431216607858,0,0
7710,431222304125,0,0
7711,431227920825,1,0
7712,431233265277,1,0
7713,431238280428,1,0
7714,431243282455,0,0
7715,431248826069,1,0
7716,431253953878,0,0
7717,431259593890,0,0
7718,431265273160,0,0
7719,431270906416,1,0
7720,431275901683,0,0
7721,431281319111,0,0
7722,431286932810,0,0
7723,431292375258,1,0
7724,431297519049,0,0
7725,431303209281,1,0
7726,431308281453,1,0
7727,431313456087,0,0
7728,431319405556,1,0
7729,431324559845,0,0
7730,431330278940,0,0
7731,431336026708,0,0
7732,431341689586,1,0
7733,431346681276,1,0
7734,431351682782,0,0
7735,431357215595,1,0
7736,431362232576,0,0
7737,431367895177,0,0
7738,431373355502,1,0
7739,431378517763,1,0
7740,431383597080,1,0
7741,431388583355,0,0
7742,431394078368,1,0
7743,431399072403,0,0
7744,431404645044,0,0
7745,431410256207,0,0
7746,431415821131,1,0
7747,431420912249,1,0
7748,431425878885,0,0
7749,431431702678,1,0
7750,431436892043,1,0
7751,431442224714,0,0
7752,431447774231,1,0
7753,431452864713,0,0
7754,431458762190,0,0
7755,431464471129,0,0
7756,431470275396,0,0
7757,431476019704,0,0
7758,431481567442,0,0
7759,431487554630,1,0
7760,431492683181,0,0
7761,431498341426,0,0
7762,431503826375,0,0
7763,431509477340,0,0
7764,431515169715,0,0
7765,431521027887,1,0
7766,431526129446,1,0
7767,431531539165,0,0
7768,431537060310,0,0
7769,431542732424,1,0
7770,431547822828,0,0
7771,431553328712,1,0
7772,431558520678,0,0
7773,431564072132,0,0
7774,431569711476,0,0
7775,431575398936,0,0
7776,431580862378,0,0
7777,431586555611,0,0
7778,431592350573,1,0
7779,431597537294,1,0
7780,431602579117,1,0
7781,431607593861,1,0
7782,431612806188,0,0
7783,431618445012,1,0
7784,431623587744,1,0
7785,431628784966,1,0
7786,431633913751,0,0
7787,431639770488,0,0
7788,431645272335,1,0
7789,431650245351,0,0
7790,431655927501,1,0
7791,431660960954,0,0
7792,431666660460,1,0
7793,431671689560,1,0
7794,431676730549,0,0
7795,431682445692,0,0
7796,431688057490,1,0
7797,431693253784,1,0
7798,431698066941,1,0
7799,431703209484,0,0
7800,431708903427,1,0
7801,431713876211,1,0
7802,431718990218,1,0
7803,431723908746,0,0
7804,431729932273,0,0
7805,431735702209,0,0
7806,431741482724,0,0
7807,431747132115,1,0
7808,431752240427,1,0
7809,431757286289,1,0
7810,431762236534,1,0
7811,431767257139,0,0
7812,431772842502,1,0
7813,431777863185,0,0
7814,431783332748,0,0
7815,431789118261,1,0
7816,431794153892,0,0
7817,431800019672,1,0
7818,431805053327,0,0
7819,431810516905,0,0
7820,431816207135,0,0
7821,431821923241,0,0
7822,431827670263,1,0
7823,431832695517,0,0
7824,431838378989,1,0
7825,431843494521,1,0
7826,431848662681,0,0
7827,431854508718,1,0
7828,431859767848,0,0
7829,431865574370,0,0
7830,431871477869,0,0
7831,431877068071,1,0
7832,431882197677,0,0
7833,431887898080,1,0
7834,431893151144,0,0
7835,431899073248,0,0
7836,431904695432,1,0
7837,431909710812,0,0
7838,431915333580,1,0
7839,431920495575,0,0
7840,431926068053,0,0
7841,431931722092,0,0
7842,431937326885,0,0
7843,431942797206,1,0
7844,431947801406,1,0
7845,431952838856,1,0
7846,431957855303,0,0
7847,431963470085,0,0
7848,431968924868,0,0
7849,431974452181,0,0
7850,431979850279,0,0
7851,431985309648,0,0
7852,431990863619,1,0
7853,431995895760,1,0
7854,432001028946,0,0
7855,432006563989,0,0
7856,432012225750,0,0
7857,432017848871,0,0
7858,432023678787,1,0
7859,432028897970,1,0
7860,432033953442,0,0
7861,432039447715,1,0
7862,432044663870,1,0
7863,432049892035,1,0
7864,432055031983,0,0
7865,432060490822,1,0
7866,432065753067,1,0
7867,432070933852,1,0
7868,432076309392,0,0
7869,432081669039,1,0
7870,432086912918,0,0
7871,432092434112,1,0
7872,432097677623,1,0
7873,432103046852,0,0
7874,432108726846,0,0
7875,432114313639,1,0
7876,432119403803,1,0
7877,432124524995,0,0
7878,432130241256,0,0
7879,432135982495,1,0
7880,432141185223,1,0
7881,432146247870,1,0
7882,432151246456,0,0
7883,432157266667,1,0
7884,432162593526,1,0
7885,432167658757,0,0
7886,432173344501,0,0
7887,432178782775,1,0
7888,432183855625,0,0
7889,432189579746,0,0
7890,432195242383,1,0
7891,432200483285,0,0
7892,432205884551,1,0
7893,432210885831,0,0
7894,432216473080,0,0
7895,432221951645,1,0
7896,432227072125,1,0
7897,432232061029,0,0
7898,432237663191,0,0
7899,432243216328,1,0
7900,432248255907,1,0
7901,432253230967,0,0
7902,432258878881,0,0
7903,432264574213,0,0
7904,432269813511,0,0
7905,432275252146,0,0
7906,432280631990,0,0
7907,432285891422,0,0
7908,432291543310,0,0
7909,432297024099,1,0
7910,432302062290,1,0
7911,432307063828,1,0
7912,432312107639,1,0
7913,432317126005,0,0
7914,432322509550,1,0
7915,432327536560,1,0
7916,432332533806,1,0
7917,432337515442,0,0
7918,432342756160,0,0
7919,432348172325,1,0
7920,432353368636,1,0
7921,432358454257,0,0
7922,432364045692,1,0
7923,432369058374,0,0
7924,432374842237,1,0
7925,432379855250,0,0
7926,432385492281,1,0
7927,432390718675,1,0
7928,432396051144,1,0
7929,432401243829,0,0
7930,432406727357,0,0
7931,432412025275,1,0
7932,432417033841,1,0
7933,432422027480,0,0
7934,432427591889,1,0
7935,432432655374,0,0
7936,432438391338,1,0
7937,432443382683,0,0
7938,432448739370,0,0
7939,432454136962,0,0
7940,432459597008,0,0
7941,432465259862,0,0
7942,432470723941,0,0
7943,432476456158,0,0
7944,432481926651,1,0
7945,432486994165,0,0
7946,432492463445,0,0
7947,432497950106,0,0
7948,432503584606,1,0
7949,432508804360,0,0
7950,432514301455,0,0
7951,432519740060,0,0
7952,432525198801,1,0
7953,432530291665,1,0
7954,432535359965,0,0
7955,432540959894,1,0
7956,432546054982,1,0
7957,432551120179,0,0
7958,432556575730,1,0
7959,432561828598,1,0
7960,432567014560,1,0
7961,432572135444,1,0
7962,432577144675,0,0
7963,432582700061,0,0
7964,432588043890,1,0
7965,432593062421,0,0
7966,432598575495,0,0
7967,432604057337,1,0
7968,432609143043,1,0
7969,432614226289,1,0
7970,432619342974,0,0
7971,432624988758,1,0
7972,432630245132,1,0
7973,432635328366,0,0
7974,432640963233,1,0
7975,432645974966,0,0
7976,432651475700,0,0
7977,432656966967,0,0
7978,432662565826,0,0
7979,432668072095,0,0
7980,432673619739,0,0
7981,432679444329,0,0
7982,432684964408,0,0
7983,432690427040,1,0
7984,432695402680,1,0
7985,432700403515,0,0
7986,432705855145,1,0
7987,432710871028,1,0
7988,432715882291,1,0
7989,432720881436,0,0
7990,432726432020,0,0
7991,432731921079,0,0
7992,432737450690,1,0
7993,432742453145,1,0
7994,432747436268,0,0
7995,432753059556,0,0
7996,432758432372,0,0
7997,432764049624,0,0
7998,432769473851,1,0
7999,432774676629,1,0
8000,432779679113,1,0
8001,432784860151,1,0
8002,432789793022,1,0
8003,432794914494,0,0
8004,432800627571,1,0
8005,432805737403,0,0
8006,432811409817,0,0
8007,432817040200,1,0
8008,432822141251,0,0
8009,432827554195,0,0
8010,432833152017,0,0
8011,432838459212,1,0
8012,432843623436,1,0
8013,432848673147,0,0
8014,432854280354,0,0
8015,432859710387,0,0
8016,432865188935,1,0
8017,432870259692,1,0
8018,432875309447,0,0
8019,432880756533,0,0
8020,432886094355,0,0
8021,432891409324,1,0
8022,432896388451,0,0
8023,432901893249,0,0
8024,432907312923,1,0
8025,432912293250,0,0
8026,432917682839,0,0
8027,432923170989,1,0
8028,432928227644,0,0
8029,432933772490,1,0
8030,432938856511,0,0
8031,432944334605,1,0
8032,432949353248,0,0
8033,432954998075,1,0
8034,432960564080,0,0
8035,432966340770,0,0
8036,432972033078,1,0
8037,432977029820,1,0
8038,432982054178,1,0
8039,432987042065,1,0
8040,432992056429,0,0
8041,432997499249,1,0
8042,433002631530,0,0
8043,433008311552,1,0
8044,433013314597,1,0
8045,433018439672,0,0
8046,433024050370,1,0
8047,433029476300,1,0
8048,433034517431,0,0
8049,433040115074,0,0
8050,433045318627,1,0
8051,433050478320,0,0
8052,433056203428,1,0
8053,433061249663,1,0
8054,433066209116,0,0
8055,433072020652,1,0
8056,433077057906,1,0
8057,433082065980,1,0
8058,433087053801,0,0
8059,433092678682,1,0
8060,433097835071,0,0
8061,433103345650,0,0
8062,433108979763,1,0
8063,433113985187,0,0
8064,433119318853,1,0
8065,433124425429,1,0
8066,433129530961,1,0
8067,433134607500,1,0
8068,433139592377,1,0
8069,433144672780,0,0
8070,433150224291,0,0
8071,433155948082,0,0
8072,433161569769,0,0
8073,433167197625,1,0
8074,433172275218,0,0
8075,433177904685,1,0
8076,433182907915,0,0
8077,433188268609,0,0
8078,433193847192,0,0
8079,433199308462,0,0
8080,433204749362,0,0
8081,433210589193,0,0
8082,433216473037,0,0
8083,433222139829,0,0
8084,433228079987,1,0
8085,433233344554,0,0
8086,433238739037,1,0
8087,433243917873,0,0
8088,433249466088,1,0
8089,433254666741,1,0
8090,433259877743,0,0
8091,433265297988,0,0
8092,433270926984,1,0
8093,433276063098,0,0
8094,433281581839,1,0
8095,433286719038,0,0
8096,433292412185,1,0
8097,433297518819,0,0
8098,433303241751,1,0
8099,433308246792,1,0
8100,433313267223,0,0
8101,433318767936,0,0
8102,433324275280,0,0
8103,433329947611,1,0
8104,433335064195,0,0
8105,433340714548,1,0
8106,433345773345,1,0
8107,433350851676,1,0
8108,433356028098,0,0
8109,433361250930,0,0
8110,433366712931,0,0
8111,433372073344,1,0
8112,433377103389,0,0
8113,433382190079,0,0
8114,433387455405,0,0
8115,433392677373,1,0
8116,433397719889,1,0
8117,433402718817,0,0
8118,433408188184,0,0
8119,433413592695,0,0
8120,433419329958,0,0
8121,433424836657,1,0
8122,433429890660,0,0
8123,433435567788,0,0
8124,433441081068,1,0
8125,433446133032,0,0
8126,433451550594,0,0
8127,433457117894,0,0
8128,433462441231,1,0
8129,433467593139,1,0
8130,433472697752,0,0
8131,433478376805,0,0
8132,433483939740,0,0
8133,433489371424,1,0
8134,433494439336,0,0
8135,433500130740,0,0
8136,433505554003,1,0
8137,433510692476,0,0
8138,433516469687,0,0
8139,433522199060,1,0
8140,433527326711,1,0
8141,433532497145,1,0
8142,433537692674,0,0
8143,433543372426,0,0
8144,433548913201,1,0
8145,433554053310,1,0
8146,433559114035,1,0
8147,433564198748,0,0
8148,433569723524,1,0
8149,433574869250,0,0
8150,433580408199,1,0
8151,433585557472,0,0
8152,433591117777,0,0
8153,433596578832,0,0
8154,433602049579,0,0
8155,433607707273,0,0
8156,433613421322,0,0
8157,433618952443,0,0
8158,433624480625,1,0
8159,433629604121,1,0
8160,433634732928,0,0
8161,433640351815,0,0
8162,433645823421,1,0
8163,433650873776,1,0
8164,433655898800,0,0
8165,433661523432,0,0
8166,433667017791,1,0
8167,433672064724,0,0
8168,433677772425,0,0
8169,433683329023,1,0
8170,433688393717,1,0
8171,433693342684,0,0
8172,433698874130,1,0
8173,433703911819,1,0
8174,433709140772,1,0
8175,433714291030,1,0
8176,433719454411,1,0
8177,433724557293,0,0
8178,433730042465,0,0
8179,433735441940,0,0
8180,433741181001,1,0
8181,433746253372,1,0
8182,433751531430,1,0
8183,433756701722,1,0
8184,433761794759,1,0
8185,433766858369,1,0
8186,433771917862,1,0
8187,433776975813,0,0
8188,433782690394,0,0
8189,433788380844,0,0
8190,433793897123,1,0
8191,433798998681,1,0
8192,433804034163,0,0
8193,433809451514,0,0
8194,433814790936,1,0
8195,433819973493,0,0
8196,433825575260,1,0
8197,433830979834,1,0
8198,433836072229,1,0
8199,433841428620,0,0
8200,433847051338,1,0
8201,433852261423,1,0
8202,433857300900,0,0
8203,433862997729,1,0
8204,433868078692,1,0
8205,433873232544,0,0
8206,433878803025,1,0
8207,433884354234,1,0
8208,433889253133,1,0
8209,433894254973,0,0
8210,433899866070,0,0
8211,433905450123,1,0
8212,433910467171,0,0
8213,433915811724,0,0
8214,433921311866,0,0
8215,433926723626,0,0
8216,433932189253,0,0
8217,433937692814,0,0
8218,433943054899,1,0
8219,433948049449,1,0
8220,433953128253,0,0
8221,433958583290,1,0
8222,433963641233,1,0
8223,433968633406,0,0
8224,433974039615,1,0
8225,433978994785,1,0
8226,433984034359,1,0
8227,433989064533,0,0
8228,433994577751,1,0
8229,433999576002,0,0
8230,434005046975,0,0
8231,434010428661,1,0
8232,434015397907,1,0
8233,434020395355,1,0
8234,434025326606,0,0
8235,434030720560,0,0
8236,434036142281,1,0
8237,434041155272,1,0
8238,434046214011,0,0
8239,434051614774,1,0
8240,434056607444,1,0
8241,434061623858,1,0
8242,434066696502,0,0
8243,434072203937,0,0
8244,434077630866,0,0
8245,434082921328,1,0
8246,434087930047,1,0
8247,434092949546,1,0
8248,434097978727,1,0
8249,434103019291,0,0
8250,434108487986,1,0
8251,434113512942,0,0
8252,434118761123,0,0
8253,434124186272,0,0
8254,434129761534,0,0
8255,434135202468,0,0
8256,434140738963,1,0
8257,434145833360,1,0
8258,434150868870,1,0
8259,434155881442,1,0
8260,434160923786,0,0
8261,434166253854,1,0
8262,434171263614,1,0
8263,434176429262,0,0
8264,434181913587,1,0
8265,434186933073,1,0
8266,434191923088,0,0
8267,434197355291,1,0
8268,434202406737,0,0
8269,434207723807,0,0
8270,434213103944,1,0
8271,434218112823,0,0
8272,434223473148,0,0
8273,434228825854,0,0
8274,434234438777,0,0
8275,434239717495,0,0
8276,434245194222,0,0
8277,434250818473,1,0
8278,434255934649,1,0
8279,434260929956,0,0
8280,434266297035,1,0
8281,434271490657,0,0
8282,434277181165,0,0
8283,434282896954,1,0
8284,434287936924,1,0
8285,434292928130,0,0
8286,434298477216,0,0
8287,434304072319,0,0
8288,434309318619,1,0
8289,434314472246,1,0
8290,434319568161,0,0
8291,434325067795,1,0
8292,434330144966,0,0
8293,434335762221,1,0
8294,434340873861,0,0
8295,434346549325,1,0
8296,434351836748,0,0
8297,434357495051,0,0
8298,434363229749,1,0
8299,434368495136,1,0
8300,434373704803,1,0
8301,434378778670,1,0
8302,434384054677,1,0
8303,434389125407,0,0
8304,434394776518,1,0
8305,434399864097,0,0
8306,434405532568,1,0
8307,434410764429,1,0
8308,434415879650,1,0
8309,434420912063,0,0
8310,434426166108,0,0
8311,434431468273,0,0
8312,434436720561,1,0
8313,434441793347,0,0
8314,434447046353,1,0
8315,434452363891,1,0
8316,434457396010,1,0
8317,434462444766,1,0
8318,434467492261,1,0
8319,434472511251,0,0
8320,434477654914,0,0
8321,434482879113,0,0
8322,434488097058,1,0
8323,434493104046,1,0
8324,434498124689,0,0
8325,434503257135,1,0
8326,434508240166,0,0
8327,434513424177,0,0
8328,434518863260,1,0
8329,434523872377,0,0
8330,434529318625,1,0
8331,434534315197,0,0
8332,434539708159,1,0
8333,434544726902,1,0
8334,434549761189,1,0
8335,434554786767,1,0
8336,434559817478,1,0
8337,434564876491,1,0
8338,434569912061,1,0
8339,434574922052,0,0
8340,434580365306,0,0
8341,434585620490,0,0
8342,434590923520,1,0
8343,434595953985,1,0
8344,434600941470,0,0
8345,434606252163,1,0
8346,434611336096,1,0
8347,434616386365,1,0
8348,434621418654,1,0
8349,434626437090,1,0
8350,434631451353,0,0
8351,434636726780,1,0
8352,434641808582,0,0
8353,434647129002,0,0
8354,434652423085,0,0
8355,434657787576,1,0
8356,434662841101,0,0
8357,434668422652,0,0
8358,434673811859,0,0
8359,434679487860,1,0
8360,434684732232,0,0
8361,434690142506,1,0
8362,434695279211,1,0
8363,434700266350,0,0
8364,434705552478,0,0
8365,434710863622,1,0
8366,434715931320,0,0
8367,434721224136,0,0
8368,434726586872,1,0
8369,434731687910,0,0
8370,434736938692,0,0
8371,434742334117,1,0
8372,434747634445,0,0
8373,434753055165,0,0
8374,434758464296,0,0
8375,434764047011,1,0
8376,434769057305,1,0
8377,434774199964,0,0
8378,434780144658,0,0
8379,434785442048,1,0
8380,434790607373,1,0
8381,434795632219,0,0
8382,434801298334,1,0
8383,434806450596,1,0
8384,434811570103,1,0
8385,434816756246,0,0
8386,434822260632,1,0
8387,434827348217,0,0
8388,434832680915,1,0
8389,434837869313,1,0
8390,434842959114,0,0
8391,434848330034,1,0
8392,434853437521,1,0
8393,434858527839,1,0
8394,434863735993,1,0
8395,434868926763,1,0
8396,434874042359,1,0
8397,434879060782,1,0
8398,434884120383,0,0
8399,434889831301,1,0
8400,434894824904,0,0
8401,434900321564,0,0
8402,434905764729,0,0
8403,434911381414,0,0
8404,434916864084,0,0
8405,434922394189,1,0
8406,434927433576,1,0
8407,434932573667,1,0
8408,434937652716,0,0
8409,434943276591,0,0
8410,434949088182,1,0
8411,434954053351,1,0
8412,434959171601,1,0
8413,434964225351,1,0
8414,434969193471,1,0
8415,434974275901,0,0
8416,434979965486,1,0
8417,434984985416,0,0
8418,434990396396,1,0
8419,434995541558,0,0
8420,435000988342,1,0
8421,435005984447,1,0
8422,435011045963,1,0
8423,435016126126,0,0
8424,435021695642,1,0
8425,435026734779,0,0
8426,435032422272,0,0
8427,435038062209,1,0
8428,435043068244,0,0
8429,435048642560,0,0
8430,435054161927,0,0
8431,435059615388,1,0
8432,435064663504,0,0
8433,435070208250,1,0
8434,435075324457,0,0
8435,435080893481,0,0
8436,435086353256,0,0
8437,435091830257,0,0
8438,435097235928,1,0
8439,435102257174,1,0
8440,435107223793,0,0
8441,435112588606,0,0
8442,435118224939,1,0
8443,435123292543,1,0
8444,435128239603,1,0
8445,435133224801,1,0
8446,435138292850,1,0
8447,435143411600,1,0
8448,435148514746,0,0
8449,435154067708,1,0
8450,435159159528,1,0
8451,435164356447,0,0
8452,435169934364,1,0
8453,435175086504,1,0
8454,435180126931,1,0
8455,435185424471,0,0
8456,435190868044,1,0
8457,435196060944,1,0
8458,435201465021,0,0
8459,435207025736,0,0
8460,435212432724,1,0
8461,435217480296,0,0
8462,435223106720,1,0
8463,435228429677,0,0
8464,435234066177,0,0
8465,435239722850,1,0
8466,435244970571,1,0
8467,435250035109,1,0
8468,435255066037,1,0
8469,435260151310,0,0
8470,435265732631,0,0
8471,435271300328,1,0
8472,435276425921,1,0
8473,435281667083,1,0
8474,435286722240,1,0
8475,435291946682,1,0
8476,435297042555,1,0
8477,435302047431,1,0
8478,435307146795,0,0
8479,435312604849,1,0
8480,435317801702,0,0
8481,435323203801,0,0
8482,435328775741,1,0
8483,435333847897,0,0
8484,435339408456,1,0
8485,435344506664,0,0
8486,435350361432,0,0
8487,435356226733,1,0
8488,435361208551,0,0
8489,435366838611,0,0
8490,435372320022,0,0
8491,435377739212,0,0
8492,435383500718,0,0
8493,435388930877,0,0
8494,435394455626,1,0
8495,435399532447,1,0
8496,435404588417,0,0
8497,435410143177,0,0
8498,435415636889,0,0
8499,435421051405,1,0
8500,435426054340,1,0
8501,435431044933,1,0
8502,435436023159,0,0
8503,435441418363,0,0
8504,435446886297,1,0
8505,435451911065,0,0
8506,435457362153,1,0
8507,435462315915,0,0
8508,435467653806,1,0
8509,435472636864,0,0
8510,435477935707,1,0
8511,435482914419,0,0
8512,435488409473,0,0
8513,435493815244,0,0
8514,435499229137,0,0
8515,435504639671,0,0
8516,435510038486,1,0
8517,435515041456,1,0
8518,435520094577,1,0
8519,435525130682,0,0
8520,435530739297,1,0
8521,435535812434,1,0
8522,435540905655,1,0
8523,435545974231,1,0
8524,435551036880,0,0
8525,435556432902,0,0
8526,435561862226,1,0
8527,435566870647,0,0
8528,435572318345,1,0
8529,435577268074,0,0
8530,435582778771,1,0
8531,435587814569,1,0
8532,435592811395,1,0
8533,435597824303,1,0
8534,435602853018,0,0
8535,435608264852,0,0
8536,435613858314,0,0
8537,435619338179,1,0
8538,435624523667,1,0
8539,435629697070,0,0
8540,435635288670,1,0
8541,435640421356,0,0
8542,435645964172,0,0
8543,435651639277,0,0
8544,435657397035,1,0
8545,435662537158,0,0
8546,435667975474,0,0
8547,435673389209,1,0
8548,435678471521,0,0
8549,435684460211,0,0
8550,435690160695,1,0
8551,435695222683,0,0
8552,435700754465,1,0
8553,435705817550,0,0
8554,435711612641,1,0
8555,435716784887,0,0
8556,435722407866,1,0
8557,435727590074,0,0
8558,435733064694,0,0
8559,435738636821,0,0
8560,435744167194,0,0
8561,435749731304,1,0
8562,435754853734,1,0
8563,435760063628,1,0
8564,435765152053,0,0
8565,435770740800,0,0
8566,435776361814,0,0
8567,435781872338,1,0
8568,435786988287,0,0
8569,435792621176,1,0
8570,435797701787,1,0
8571,435802727410,1,0
8572,435807767235,1,0
8573,435812818936,0,0
8574,435818605521,1,0
8575,435823875779,0,0
8576,435829466699,1,0
8577,435834658712,0,0
8578,435840466717,1,0
8579,435845711399,0,0
8580,435851325313,0,0
8581,435856885505,0,0
8582,435862461894,1,0
8583,435867598595,1,0
8584,435872662408,1,0
8585,435877705027,1,0
8586,435882956824,0,0
8587,435888444657,1,0
8588,435893547238,0,0
8589,435899089156,0,0
8590,435904541215,1,0
8591,435909711799,0,0
8592,435914919983,1,0
8593,435920158224,0,0
8594,435925304376,0,0
8595,435930466996,1,0
8596,435935510901,0,0
8597,435940854902,0,0
8598,435946192807,1,0
8599,435951228345,0,0
8600,435956594208,1,0
8601,435961702993,1,0
8602,435966751899,0,0
8603,435972044887,0,0
8604,435977216680,0,0
8605,435982481591,1,0
8606,435987508875,1,0
8607,435992608463,0,0
8608,435998193455,0,0
8609,436003402001,1,0
8610,436008449709,1,0
8611,436013439955,0,0
8612,436018752130,1,0
8613,436023796533,0,0
8614,436029214333,0,0
8615,436034758794,0,0
8616,436039881639,1,0
8617,436044924607,0,0
8618,436050225791,1,0
8619,436055229532,0,0
8620,436060612263,1,0
8621,436065656002,1,0
8622,436070674724,0,0
8623,436076138631,0,0
8624,436081541113,1,0
8625,436086650733,0,0
8626,436092060372,1,0
8627,436097249087,1,0
8628,436102341601,0,0
8629,436108041686,1,0
8630,436113349294,0,0
8631,436118767496,0,0
8632,436124190418,0,0
8633,436129802919,1,0
8634,436135123420,0,0
8635,436140855056,1,0
8636,436145941657,1,0
8637,436151215240,1,0
8638,436156524343,1,0
8639,436161769160,1,0
8640,436166753155,1,0
8641,436171771155,0,0
8642,436177572688,1,0
8643,436183064634,1,0
8644,436188201677,0,0
8645,436193709673,1,0
8646,436198991605,1,0
8647,436204069031,1,0
8648,436209235884,0,0
8649,436214837725,1,0
8650,436219937865,1,0
8651,436225028992,0,0
8652,436230464545,1,0
8653,436235554625,1,0
8654,436240740427,1,0
8655,436246126812,1,0
8656,436251166181,0,0
8657,436256897548,0,0
8658,436262489339,1,0
8659,436267740678,1,0
8660,436272982020,1,0
8661,436278048969,0,0
8662,436283513772,1,0
8663,436288711842,0,0
8664,436294518122,1,0
8665,436299769468,0,0
8666,436305335469,0,0
8667,436310632034,1,0
8668,436315924027,1,0
8669,436320989408,0,0
8670,436326427282,0,0
8671,436331871463,1,0
8672,436336784390,1,0
8673,436341759013,0,0
8674,436347161588,1,0
8675,436352203922,1,0
8676,436357241977,0,0
8677,436362682362,0,0
8678,436368043762,0,0
8679,436373403519,0,0
8680,436378667884,0,0
8681,436384019978,0,0
8682,436389325483,0,0
8683,436394684874,1,0
8684,436399701582,0,0
8685,436405054303,1,0
8686,436410087290,1,0
8687,436415077102,0,0
8688,436420233211,0,0
8689,436425409713,1,0
8690,436430510855,1,0
8691,436435580844,0,0
8692,436440952073,1,0
8693,436445965577,1,0
8694,436450965348,0,0
8695,436456131719,0,0
8696,436461397821,1,0
8697,436466626362,1,0
8698,436472147789,0,0
8699,436478287954,1,0
8700,436483317195,1,0
8701,436488349559,0,0
8702,436493776346,1,0
8703,436498940179,0,0
8704,436504127025,0,0
8705,436509288458,0,0
8706,436514578769,0,0
8707,436519991956,0,0
8708,436525389644,1,0
8709,436530428273,0,0
8710,436535880617,1,0
8711,436540931578,1,0
8712,436545973237,1,0
8713,436550986734,0,0
8714,436556210732,1,0
8715,436561212849,1,0
8716,436566251754,1,0
8717,436571300625,1,0
8718,436576367546,1,0
8719,436581648373,0,0
8720,436586976309,1,0
8721,436592047662,1,0
8722,436597030838,0,0
8723,436602492326,0,0
8724,436607845365,0,0
8725,436613667662,1,0
8726,436618918716,1,0
8727,436624520350,1,0
8728,436629686655,1,0
8729,436634911797,0,0
8730,436640585393,1,0
8731,436645793484,1,0
8732,436650952873,1,0
8733,436656239148,1,0
8734,436661423063,1,0
8735,436666564937,0,0
8736,436671926193,1,0
8737,436677116051,1,0
8738,436682309975,1,0
8739,436687518311,0,0
8740,436693018432,0,0
8741,436698231371,0,0
8742,436703864878,1,0
8743,436709109804,1,0
8744,436714258514,0,0
8745,436719778987,0,0
8746,436725317090,1,0
8747,436730387643,1,0
8748,436735597419,0,0
8749,436740985599,1,0
8750,436746401317,0,0
8751,436751686198,0,0
8752,436757045795,1,0
8753,436762046414,0,0
8754,436767362368,0,0
8755,436772728390,1,0
8756,436777749511,1,0
8757,436782805638,0,0
8758,436788237906,1,0
8759,436793292364,1,0
8760,436798753010,1,0
8761,436803943254,1,0
8762,436809234048,0,0
8763,436814854361,1,0
8764,436820113106,0,0
8765,436825622774,0,0
8766,436831531203,0,0
8767,436837234214,0,0
8768,436842930669,0,0
8769,436848231510,1,0
8770,436853295169,1,0
8771,436858434034,0,0
8772,436864173855,0,0
8773,436869755552,0,0
8774,436875246418,0,0
8775,436880910867,0,0
8776,436886375323,0,0
8777,436891713405,1,0
8778,436896773618,1,0
8779,436901835689,1,0
8780,436906961215,0,0
8781,436912306703,1,0
8782,436917438577,0,0
8783,436922855289,1,0
8784,436927919146,1,0
8785,436933052051,1,0
8786,436938464342,1,0
8787,436943607287,1,0
8788,436948751963,0,0
8789,436954496147,1,0
8790,436959779211,1,0
8791,436964821270,1,0
8792,436970115394,1,0
8793,436975304011,1,0
8794,436980540183,1,0
8795,436985748602,0,0
8796,436991572870,1,0
8797,436996760310,1,0
8798,437001831746,1,0
8799,437006892208,0,0
8800,437012567649,1,0
8801,437017796776,0,0
8802,437023553563,1,0
8803,437028683520,0,0
8804,437034311835,0,0
8805,437039881968,0,0
8806,437045407995,1,0
8807,437050470978,1,0
8808,437055601017,0,0
8809,437061243791,1,0
8810,437066441408,0,0
8811,437072182752,1,0
8812,437077360688,0,0
8813,437082752575,1,0
8814,437087818362,1,0
8815,437093031379,0,0
8816,437098478704,1,0
8817,437103586949,1,0
8818,437108654959,0,0
8819,437114322369,0,0
8820,437119785189,0,0
8821,437125720711,0,0
8822,437131433735,0,0
8823,437137194802,1,0
8824,437142617773,0,0
8825,437148224135,0,0
8826,437154056368,1,0
8827,437159253369,0,0
8828,437164618724,0,0
8829,437170263272,1,0
8830,437175368477,0,0
8831,437180904991,1,0
8832,437186475737,1,0
8833,437191490162,1,0
8834,437196562828,1,0
8835,437201617945,0,0
8836,437207028644,0,0
8837,437212467271,1,0
8838,437217472106,1,0
8839,437222452379,0,0
8840,437228098309,1,0
8841,437233314224,1,0
8842,437238513719,1,0
8843,437243673069,0,0
8844,437249486356,0,0
8845,437255184177,1,0
8846,437260261213,1,0
8847,437265614365,0,0
8848,437273107954,0,0
8849,437278418669,0,0
8850,437283866622,0,0
8851,437289146973,1,0
8852,437294168366,0,0
8853,437299678112,1,0
8854,437304671067,1,0
8855,437309720921,0,0
8856,437315156545,0,0
8857,437320596614,0,0
8858,437325894392,0,0
8859,437331376610,1,0
8860,437336319836,1,0
8861,437341267151,0,0
8862,437346438266,0,0
8863,437351934404,1,0
8864,437356932697,1,0
8865,437362010509,1,0
8866,437366967619,1,0
8867,437371941776,1,0
8868,437376925644,1,0
8869,437382079933,1,0
8870,437387172856,1,0
8871,437392247070,0,0
8872,437397700570,1,0
8873,437402686539,0,0
8874,437408151959,0,0
8875,437413334415,0,0
8876,437418771949,1,0
8877,437423807789,0,0
8878,437429206658,0,0
8879,437434777492,1,0
8880,437439819721,1,0
8881,437444861231,1,0
8882,437449942345,1,0
8883,437454971549,1,0
8884,437459993358,1,0
8885,437464988677,0,0
8886,437470223351,1,0
8887,437475212567,1,0
8888,437480186371,0,0
8889,437485717309,0,0
8890,437491239112,1,0
8891,437496242533,0,0
8892,437501687694,1,0
8893,437506731057,0,0
8894,437512181209,1,0
8895,437517164080,0,0
8896,437522567265,1,0
8897,437527541300,0,0
8898,437532898336,0,0
8899,437538291776,1,0
8900,437543319515,1,0
8901,437548408850,0,0
8902,437553820909,0,0
8903,437559435164,0,0
8904,437564837112,0,0
8905,437570430257,1,0
8906,437575463126,1,0
8907,437580489850,1,0
8908,437585546513,0,0
8909,437591035296,0,0
8910,437596536232,1,0
8911,437601597829,1,0
8912,437606642727,0,0
8913,437612097674,0,0
8914,437617729223,0,0
8915,437623170231,1,0
8916,437628258986,0,0
8917,437633394477,1,0
8918,437638373846,0,0
8919,437643757639,1,0
8920,437648767469,1,0
8921,437653756426,1,0
8922,437658765402,1,0
8923,437663785586,1,0
8924,437668777613,0,0
8925,437674203051,1,0
8926,437679224162,1,0
8927,437684286371,1,0
8928,437689353619,1,0
8929,437694400734,0,0
8930,437699742852,1,0
8931,437704744245,1,0
8932,437709721661,1,0
8933,437714734500,1,0
8934,437719739302,1,0
8935,437724775331,0,0
8936,437730182048,1,0
8937,437735251359,0,0
8938,437740778809,1,0
8939,437745794198,1,0
8940,437750832778,1,0
8941,437755868294,0,0
8942,437761348003,0,0
8943,437766623195,1,0
8944,437771624637,0,0
8945,437776953483,1,0
8946,437781985383,0,0
8947,437787261565,0,0
8948,437792746546,0,0
8949,437798167777,0,0
8950,437803517273,1,0
8951,437808491290,1,0
8952,437813461101,0,0
8953,437818958354,0,0
8954,437824441101,1,0
8955,437829490992,0,0
8956,437835117393,1,0
8957,437840301546,0,0
8958,437846029250,1,0
8959,437851030687,1,0
8960,437856117928,1,0
8961,437861159844,1,0
8962,437866186807,1,0
8963,437871239224,1,0
8964,437876220097,0,0
8965,437881651238,1,0
8966,437886748057,0,0
8967,437892235990,1,0
8968,437897226674,0,0
8969,437902861555,0,0
8970,437908291551,1,0
8971,437913461479,1,0
8972,437918618623,0,0
8973,437924262077,0,0
8974,437929764877,0,0
8975,437935174606,1,0
8976,437940233076,0,0
8977,437945606064,0,0
8978,437951114278,0,0
8979,437956605416,0,0
8980,437962117542,0,0
8981,437967571528,1,0
8982,437972743167,0,0
8983,437978271075,1,0
8984,437983263344,0,0
8985,437988876782,0,0
8986,437994253014,0,0
8987,437999891284,0,0
8988,438005395844,0,0
8989,438011037207,1,0
8990,438016102132,1,0
8991,438021104282,0,0
8992,438026856137,1,0
8993,438031889713,1,0
8994,438037097972,0,0
8995,438042489233,0,0
8996,438048034553,1,0
8997,438053111218,0,0
8998,438058547267,0,0
8999,438064155940,0,0
9000,438069621888,1,0
9001,438074477801,0,0
9002,438080029753,0,0
9003,438085544710,1,0
9004,438090755556,0,0
9005,438096334148,1,0
9006,438101437471,1,0
9007,438106599172,1,0
9008,438111620726,1,0
9009,438116765538,1,0
9010,438121910129,1,0
9011,438127085598,1,0
9012,438132033382,0,0
9013,438137657202,1,0
9014,438142914920,1,0
9015,438148068083,0,0
9016,438153679922,0,0
9017,438159047283,1,0
9018,438164173321,1,0
9019,438169176521,0,0
9020,438174838274,0,0
9021,438180297497,1,0
9022,438185468664,1,0
9023,438190608426,0,0
9024,438196200203,0,0
9025,438201755844,0,0
9026,438207221676,0,0
9027,438212817705,0,0
9028,438218213882,0,0
9029,438223884282,1,0
9030,438228936958,0,0
9031,438234440398,1,0
9032,438239584020,0,0
9033,438245213766,0,0
9034,438250896070,0,0
9035,438256240316,0,0
9036,438261847859,1,0
9037,438266901002,0,0
9038,438272149792,0,0
9039,438277568003,1,0
9040,438282701643,0,0
9041,438288233043,1,0
9042,438293247428,1,0
9043,438298242702,1,0
9044,438303241832,1,0
9045,438308358969,1,0
9046,438313515454,0,0
9047,438319027424,0,0
9048,438324467357,0,0
9049,438329916075,0,0
9050,438335436917,1,0
9051,438340550251,0,0
9052,438346039634,1,0
9053,438351136645,0,0
9054,438356755765,0,0
9055,438362405645,0,0
9056,438367629642,1,0
9057,438372792036,1,0
9058,438377995237,0,0
9059,438383531780,1,0
9060,438388713297,1,0
9061,438393754120,1,0
9062,438398957447,1,0
9063,438403945219,1,0
9064,438408932137,0,0
9065,438414499697,0,0
9066,438420143475,0,0
9067,438425436261,1,0
9068,438430599406,0,0
9069,438436198992,0,0
9070,438441880418,1,0
9071,438446916537,1,0
9072,438451922655,1,0
9073,438456943108,0,0
9074,438462531289,0,0
9075,438468251161,0,0
9076,438473702724,1,0
9077,438478902176,0,0
9078,438484265760,0,0
9079,438489734281,1,0
9080,438494790061,0,0
9081,438500338435,1,0
9082,438505447045,1,0
9083,438510574601,1,0
9084,438515909245,1,0
9085,438520905983,1,0
9086,438525824872,1,0
9087,438531046151,1,0
9088,438536098087,0,0
9089,438541685235,1,0
9090,438546748625,1,0
9091,438551748322,0,0
9092,438557309446,0,0
9093,438562938795,0,0
9094,438568495036,1,0
9095,438573625725,1,0
9096,438578719035,1,0
9097,438583878861,0,0
9098,438589235282,0,0
9099,438595070637,0,0
9100,438600444619,0,0
9101,438605891530,0,0
9102,438611316541,1,0
9103,438616488398,0,0
9104,438622046856,1,0
9105,438627145996,1,0
9106,438632243653,0,0
9107,438637682849,1,0
9108,438642750969,1,0
9109,438647794073,0,0
9110,438653390474,0,0
9111,438658931152,0,0
9112,438664518447,1,0
9113,438669636832,0,0
9114,438675093738,1,0
9115,438680115722,0,0
9116,438685537317,0,0
9117,438691114075,0,0
9118,438696591692,0,0
9119,438702223128,0,0
9120,438707672302,1,0
9121,438712882800,1,0
9122,438717802709,0,0
9123,438723417316,0,0
9124,438728792987,1,0
9125,438733845573,1,0
9126,438738904110,0,0
9127,438744307435,0,0
9128,438749876872,1,0
9129,438754875913,1,0
9130,438760136398,1,0
9131,438765552300,1,0
9132,438770758713,1,0
9133,438775795902,0,0
9134,438781702522,1,0
9135,438786962019,1,0
9136,438792165498,0,0
9137,438798204752,1,0
9138,438803627605,1,0
9139,438808826955,0,0
9140,438814405775,1,0
9141,438819509191,0,0
9142,438825030825,1,0
9143,438830468610,1,0
9144,438835572219,1,0
9145,438840850365,0,0
9146,438846359729,0,0
9147,438851849162,1,0
9148,438857106239,1,0
9149,438862472768,0,0
9150,438868193586,0,0
9151,438873753970,1,0
9152,438878796730,1,0
9153,438884104725,0,0
9154,438889673417,0,0
9155,438895508143,1,0
9156,438900553573,1,0
9157,438905617439,1,0
9158,438910789908,1,0
9159,438916024489,0,0
9160,438921516324,0,0
9161,438927342975,0,0
9162,438933179989,1,0
9163,438938344998,0,0
9164,438943814108,1,0
9165,438948923010,1,0
9166,438954135821,1,0
9167,438959339485,0,0
9168,438965433328,1,0
9169,438970476624,1,0
9170,438975689372,0,0
9171,438981142995,0,0
9172,438986746698,1,0
9173,438991794560,0,0
9174,438997476891,1,0
9175,439002502225,0,0
9176,439007972711,0,0
9177,439013448216,0,0
9178,439019103961,1,0
9179,439024175318,0,0
9180,439029621068,0,0
9181,439035188850,0,0
9182,439040693883,1,0
9183,439045784177,1,0
9184,439050778066,1,0
9185,439055809612,0,0
9186,439061166650,0,0
9187,439066625395,1,0
9188,439071679230,0,0
9189,439077178497,1,0
9190,439082256688,1,0
9191,439087285401,1,0
9192,439092272216,1,0
9193,439097316455,1,0
9194,439102639795,0,0
9195,439108469162,1,0
9196,439113650183,1,0
9197,439118678036,1,0
9198,439123713150,1,0
9199,439128750683,0,0
9200,439134305243,1,0
9201,439139315193,1,0
9202,439144554189,0,0
9203,439150019134,1,0
9204,439155160860,1,0
9205,439160453959,0,0
9206,439165891005,0,0
9207,439171376101,1,0
9208,439176364071,1,0
9209,439181361840,0,0
9210,439186756048,1,0
9211,439191754443,0,0
9212,439197445865,0,0
9213,439203129824,1,0
9214,439208192507,1,0
9215,439213208360,0,0
9216,439219085957,1,0
9217,439224206921,0,0
9218,439229607710,1,0
9219,439234778599,1,0
9220,439239916295,0,0
9221,439245503596,0,0
9222,439251243437,0,0
9223,439256636270,1,0
9224,439261653070,0,0
9225,439267204482,1,0
9226,439272397524,1,0
9227,439277389216,1,0
9228,439282577512,1,0
9229,439287720698,0,0
9230,439293526212,0,0
9231,439299793537,0,0
9232,439305531018,1,0
9233,439310855889,0,0
9234,439316787517,0,0
9235,439322390148,1,0
9236,439327475557,1,0
9237,439332713803,1,0
9238,439337842371,0,0
9239,439343637916,1,0
9240,439348800980,0,0
9241,439354545548,1,0
9242,439359775310,1,0
9243,439364888730,0,0
9244,439370900515,0,0
9245,439376561126,1,0
9246,439381583383,0,0
9247,439387206075,0,0
9248,439392676564,0,0
9249,439398445131,0,0
9250,439403772120,0,0
9251,439409140918,0,0
9252,439414615272,0,0
9253,439420207387,1,0
9254,439425331637,0,0
9255,439431276753,0,0
9256,439437026836,1,0
9257,439442189338,0,0
9258,439447992430,0,0
9259,439453572451,1,0
9260,439458687970,1,0
9261,439463772730,0,0
9262,439469370392,1,0
9263,439474479695,1,0
9264,439479586492,0,0
9265,439485223092,1,0
9266,439490300290,1,0
9267,439495384136,0,0
9268,439501118725,1,0
9269,439506553102,1,0
9270,439513495415,1,0
9271,439518581097,0,0
9272,439523969648,0,0
9273,439529440052,0,0
9274,439534985847,0,0
9275,439540346124,0,0
9276,439545800463,1,0
9277,439550798072,1,0
9278,439555857646,1,0
9279,439560940318,1,0
9280,439565979894,1,0
9281,439570995294,0,0
9282,439576308686,0,0
9283,439581779991,0,0
9284,439587176859,0,0
9285,439592479761,0,0
9286,439597833303,1,0
9287,439602852436,0,0
9288,439608578693,1,0
9289,439613578364,1,0
9290,439618550562,0,0
9291,439623939305,1,0
9292,439628953411,0,0
9293,439634595640,0,0
9294,439640320641,1,0
9295,439645481228,1,0
9296,439650652919,1,0
9297,439655891693,1,0
9298,439661020689,1,0
9299,439666032260,1,0
9300,439671115714,0,0
9301,439676606467,1,0
9302,439681726000,1,0
9303,439686837094,0,0
9304,439692389003,0,0
9305,439698060289,1,0
9306,439703030163,0,0
9307,439708536390,0,0
9308,439714120567,1,0
9309,439719377413,1,0
9310,439724589259,1,0
9311,439729789870,1,0
9312,439734917732,0,0
9313,439740456601,1,0
9314,439745537548,1,0
9315,439750684458,1,0
9316,439755717926,0,0
9317,439761290369,0,0
9318,439766971496,1,0
9319,439772039743,1,0
9320,439777029727,1,0
9321,439782126611,1,0
9322,439787213605,0,0
9323,439792890262,0,0
9324,439798316084,0,0
9325,439803926275,0,0
9326,439809268621,1,0
9327,439814432690,0,0
9328,439820099765,1,0
9329,439825267943,0,0
9330,439831458295,1,0
9331,439836831911,0,0
9332,439842706091,0,0
9333,439848668799,1,0
9334,439853899107,0,0
9335,439859648634,1,0
9336,439864659618,0,0
9337,439870321816,0,0
9338,439876039949,0,0
9339,439881707709,0,0
9340,439887399888,1,0
9341,439892557670,0,0
9342,439897983560,1,0
9343,439903033084,0,0
9344,439908600278,1,0
9345,439913706849,0,0
9346,439919338820,0,0
9347,439924831464,0,0
9348,439930280919,1,0
9349,439935304334,0,0
9350,439940764887,0,0
9351,439946392581,0,0
9352,439951876010,1,0
9353,439956953612,1,0
9354,439961950720,0,0
9355,439967474595,1,0
9356,439972630300,0,0
9357,439978157164,1,0
9358,439983541292,1,0
9359,439988709435,1,0
9360,439993761344,0,0
9361,439999255939,1,0
9362,440004236738,0,0
9363,440009638824,0,0
9364,440015138900,1,0
9365,440020187121,0,0
9366,440025846854,0,0
9367,440031379629,1,0
9368,440036359375,1,0
9369,440041328715,1,0
9370,440046314068,0,0
9371,440051907367,0,0
9372,440057438681,0,0
9373,440062845869,0,0
9374,440068330556,1,0
9375,440073325874,0,0
9376,440079146607,1,0
9377,440084214439,1,0
9378,440089268436,1,0
9379,440094213081,0,0
9380,440099735719,0,0
9381,440105259636,0,0
9382,440110858772,0,0
9383,440116592019,0,0
9384,440122038015,1,0
9385,440127124791,0,0
9386,440132594792,0,0
9387,440137877738,0,0
9388,440143172436,0,0
9389,440148694692,0,0
9390,440154220258,0,0
9391,440159604808,1,0
9392,440164645221,0,0
9393,440169977832,0,0
9394,440175485187,0,0
9395,440180951236,1,0
9396,440185959995,1,0
9397,440191017013,1,0
9398,440196082218,1,0
9399,440201150536,1,0
9400,440206174140,0,0
9401,440211581824,0,0
9402,440217035647,0,0
9403,440222609182,0,0
9404,440227996993,0,0
9405,440233586859,0,0
9406,440238978806,1,0
9407,440244013308,0,0
9408,440249438806,1,0
9409,440254442760,0,0
9410,440259849866,1,0
9411,440264891502,1,0
9412,440269910944,1,0
9413,440274945464,0,0
9414,440280450405,0,0
9415,440285851664,0,0
9416,440291452663,1,0
9417,440296451172,1,0
9418,440301602279,1,0
9419,440306665176,0,0
9420,440312261345,1,0
9421,440317598044,0,0
9422,440323015848,1,0
9423,440328015635,1,0
9424,440333015630,0,0
9425,440338576971,1,0
9426,440343586465,0,0
9427,440349019099,1,0
9428,440354018164,1,0
9429,440359017994,1,0
9430,440364016995,0,0
9431,440369429928,1,0
9432,440374428801,0,0
9433,440379875034,0,0
9434,440385343188,1,0
9435,440390379978,1,0
9436,440395350898,1,0
9437,440400302844,1,0
9438,440405300889,1,0
9439,440410307044,0,0
9440,440416038167,0,0
9441,440421549344,1,0
9442,440426668171,1,0
9443,440431838580,1,0
9444,440436948675,1,0
9445,440441997147,1,0
9446,440447014086,1,0
9447,440452086286,1,0
9448,440457304644,1,0
9449,440462447415,0,0
9450,440468042623,0,0
9451,440473522754,0,0
9452,440479115140,1,0
9453,440484535759,0,0
9454,440490027337,1,0
9455,440495029286,1,0
9456,440500160371,0,0
9457,440505682689,0,0
9458,440511110954,1,0
9459,440516170798,0,0
9460,440521508902,1,0
9461,440526496494,1,0
9462,440531485705,1,0
9463,440536477340,1,0
9464,440541467579,0,0
9465,440546730431,0,0
9466,440552099999,0,0
9467,440557509304,0,0
9468,440562801497,1,0
9469,440567857005,0,0
9470,440573390305,0,0
9471,440578813133,1,0
9472,440583894279,0,0
9473,440589301965,1,0
9474,440594342405,0,0
9475,440599760107,1,0
9476,440604807165,0,0
9477,440610334051,0,0
9478,440615665440,0,0
9479,440621086047,1,0
9480,440626112698,0,0
9481,440631700935,0,0
9482,440637020735,0,0
9483,440642217731,0,0
9484,440647588945,1,0
9485,440652725912,1,0
9486,440657935404,1,0
9487,440662984456,1,0
9488,440668519875,0,0
9489,440674294090,1,0
9490,440679602483,1,0
9491,440684728105,0,0
9492,440690412994,0,0
9493,440696308761,1,0
9494,440701336475,0,0
9495,440706933258,1,0
9496,440711948929,0,0
9497,440717677443,1,0
9498,440722828926,1,0
9499,440727993303,0,0
9500,440733613854,0,0
9501,440739523622,1,0
9502,440744690216,1,0
9503,440749822878,0,0
9504,440755489921,1,0
9505,440760608253,0,0
9506,440766213593,1,0
9507,440771210691,0,0
9508,440776670653,1,0
9509,440781719237,1,0
9510,440786816370,1,0
9511,440791916735,1,0
9512,440797034532,0,0
9513,440802706178,0,0
9514,440808521907,0,0
9515,440814025988,0,0
9516,440819643918,1,0
9517,440824783700,1,0
9518,440829823828,1,0
9519,440835155009,0,0
9520,440840993171,0,0
9521,440846678270,1,0
9522,440851781178,0,0
9523,440857555579,1,0
9524,440862705499,1,0
9525,440867881611,0,0
9526,440873460676,0,0
9527,440879103513,1,0
9528,440884230794,0,0
9529,440889903949,1,0
9530,440894902788,0,0
9531,440900668751,0,0
9532,440906502306,1,0
9533,440911746872,0,0
9534,440917550041,0,0
9535,440923284449,0,0
9536,440928932378,1,0
9537,440934068606,1,0
9538,440939111714,0,0
9539,440944609726,0,0
9540,440950259255,1,0
9541,440955258455,0,0
9542,440960819602,1,0
9543,440965858165,0,0
9544,440971447400,1,0
9545,440976629998,1,0
9546,440981843335,0,0
9547,440987592908,1,0
9548,440992788045,0,0
9549,440998508666,1,0
9550,441003685344,0,0
9551,441009040946,0,0
9552,441014371882,0,0
9553,441019884147,0,0
9554,441025395891,1,0
9555,441030542930,0,0
9556,441036020562,1,0
9557,441041172179,1,0
9558,441046416811,0,0
9559,441051880311,0,0
9560,441057389197,1,0
9561,441062511938,1,0
9562,441067583878,0,0
9563,441072961422,1,0
9564,441078045195,1,0
9565,441083145877,0,0
9566,441088593789,0,0
9567,441094233008,0,0
9568,441099536316,0,0
9569,441105037163,1,0
9570,441110349964,0,0
9571,441115931262,0,0
9572,441121497410,1,0
9573,441126740302,0,0
9574,441132651902,1,0
9575,441137894904,1,0
9576,441143182302,0,0
9577,441148733228,1,0
9578,441153891599,0,0
9579,441159292986,1,0
9580,441164486520,1,0
9581,441169638819,1,0
9582,441174781064,1,0
9583,441179819360,0,0
9584,441185344894,1,0
9585,441190452171,0,0
9586,441196027301,0,0
9587,441201603296,1,0
9588,441206935452,1,0
9589,441212131870,0,0
9590,441217647529,0,0
9591,441223159435,1,0
9592,441228416736,0,0
9593,441234163207,1,0
9594,441239311723,1,0
9595,441244421862,0,0
9596,441250210264,1,0
9597,441255430319,0,0
9598,441260695387,1,0
9599,441265922720,0,0
9600,441271344861,1,0
9601,441276592670,0,0
9602,441282462004,0,0
9603,441288600817,1,0
9604,441293786720,0,0
9605,441299416715,1,0
9606,441304714738,0,0
9607,441310386120,0,0
9608,441316052510,1,0
9609,441321461381,1,0
9610,441326706969,0,0
9611,441332334609,0,0
9612,441337989474,1,0
9613,441343049302,1,0
9614,441348518628,0,0
9615,441354017622,0,0
9616,441359567342,1,0
9617,441364699447,0,0
9618,441370364095,0,0
9619,441375942790,0,0
9620,441381481239,0,0
9621,441387112306,0,0
9622,441392749135,1,0
9623,441397827745,1,0
9624,441402879790,0,0
9625,441408420971,1,0
9626,441413519113,1,0
9627,441418655015,1,0
9628,441423716848,1,0
9629,441428749355,1,0
9630,441433804405,0,0
9631,441439252998,1,0
9632,441444211759,0,0
9633,441450173592,1,0
9634,441455320117,1,0
9635,441460367136,0,0
9636,441465814136,0,0
9637,441471445025,1,0
9638,441476474017,0,0
9639,441481983817,1,0
9640,441486985114,0,0
9641,441492462976,1,0
9642,441497502798,0,0
9643,441503195459,0,0
9644,441508866219,0,0
9645,441514456035,0,0
9646,441519877280,0,0
9647,441525377298,1,0
9648,441530565155,1,0
9649,441535696569,0,0
9650,441541429641,0,0
9651,441547066135,1,0
9652,441552292674,1,0
9653,441557419497,0,0
9654,441563020174,1,0
9655,441568037253,0,0
9656,441573587423,0,0
9657,441579019480,0,0
9658,441584671061,0,0
9659,441590295410,0,0
9660,441595830519,0,0
9661,441601287512,1,0
9662,441606389130,0,0
9663,441611919764,0,0
9664,441617479914,1,0
9665,441622644233,0,0
9666,441628131430,0,0
9667,441633538366,0,0
9668,441639040354,1,0
9669,441644121672,1,0
9670,441649324554,0,0
9671,441654807012,0,0
9672,441660344100,1,0
9673,441665574321,0,0
9674,441671276965,1,0
9675,441676443877,0,0
9676,441681745040,1,0
9677,441686924697,1,0
9678,441692030911,1,0
9679,441697158402,1,0
9680,441702286309,1,0
9681,441707373147,1,0
9682,441712450080,0,0
9683,441717889332,0,0
9684,441723350978,1,0
9685,441728409087,1,0
9686,441733547993,1,0
9687,441738667659,1,0
9688,441743807427,0,0
9689,441749233552,1,0
9690,441754335850,0,0
9691,441759635834,1,0
9692,441764775866,1,0
9693,441769893993,0,0
9694,441775328472,0,0
9695,441780829168,1,0
9696,441786117417,0,0
9697,441791403240,0,0
9698,441796762583,0,0
9699,441802200932,0,0
9700,441807639143,1,0
9701,441812813144,1,0
9702,441817905741,1,0
9703,441823107084,0,0
9704,441828951833,1,0
9705,441834109484,1,0
9706,441839723535,1,0
9707,441844893452,0,0
9708,441850663673,0,0
9709,441856436706,1,0
9710,441861606950,0,0
9711,441867151998,1,0
9712,441872229211,0,0
9713,441878041359,0,0
9714,441883615534,1,0
9715,441888637665,1,0
9716,441893687982,1,0
9717,441898942500,0,0
9718,441904407218,0,0
9719,441909860175,0,0
9720,441915433267,0,0
9721,441921067986,1,0
9722,441926106336,0,0
9723,441931756089,0,0
9724,441937507731,0,0
9725,441943152955,0,0
9726,441948835486,0,0
9727,441954653853,1,0
9728,441959707804,0,0
9729,441965306295,1,0
9730,441970420038,1,0
9731,441975408452,0,0
9732,441980852324,1,0
9733,441985867784,1,0
9734,441990944094,0,0
9735,441996258804,0,0
9736,442001893599,1,0
9737,442006802936,1,0
9738,442011851293,0,0
9739,442017380815,1,0
9740,442022524871,0,0
9741,442028085635,1,0
9742,442033123491,0,0
9743,442038841633,1,0
9744,442043991467,1,0
9745,442049144391,1,0
9746,442054565901,0,0
9747,442060117555,1,0
9748,442065406787,0,0
9749,442070842730,0,0
9750,442076376683,1,0
9751,442081757843,0,0
9752,442087539337,0,0
9753,442093125578,0,0
9754,442098523083,1,0
9755,442103724724,0,0
9756,442109381700,0,0
9757,442114975821,1,0
9758,442120041069,0,0
9759,442125683894,0,0
9760,442131605561,1,0
9761,442136957219,1,0
9762,442142189308,0,0
9763,442148048031,0,0
9764,442153726511,0,0
9765,442159479016,1,0
9766,442164679596,0,0
9767,442170491068,0,0
9768,442176064851,0,0
9769,442181526539,0,0
9770,442187027184,0,0
9771,442192640523,1,0
9772,442197829175,1,0
9773,442202971112,1,0
9774,442208152054,0,0
9775,442213477500,1,0
9776,442218679573,1,0
9777,442223752086,0,0
9778,442229577266,1,0
9779,442234809253,1,0
9780,442239962618,0,0
9781,442245679571,0,0
9782,442251496915,0,0
9783,442257028319,1,0
9784,442262140018,0,0
9785,442267652396,0,0
9786,442272965591,1,0
9787,442278324043,0,0
9788,442283625460,0,0
9789,442288992540,1,0
9790,442293982070,1,0
9791,442298937496,1,0
9792,442303961723,0,0
9793,442309697817,1,0
9794,442314811307,1,0
9795,442319800241,0,0
9796,442325274555,1,0
9797,442330242262,0,0
9798,442335586703,1,0
9799,442340742221,1,0
9800,442345669410,0,0
9801,442351272727,1,0
9802,442356533777,0,0
9803,442362047250,0,0
9804,442367669385,1,0
9805,442372706410,1,0
9806,442377787979,0,0
9807,442383467858,0,0
9808,442389494842,1,0
9809,442394608043,1,0
9810,442399685636,1,0
9811,442404715388,0,0
9812,442410373990,1,0
9813,442415502097,0,0
9814,442421258823,0,0
9815,442426881117,0,0
9816,442432389849,1,0
9817,442437510947,1,0
9818,442442646574,1,0
9819,442447760830,0,0
9820,442453617195,0,0
9821,442459018469,1,0
9822,442464018640,1,0
9823,442469125478,1,0
9824,442474136822,1,0
9825,442479174344,1,0
9826,442484368913,0,0
9827,442489966147,1,0
9828,442494906467,1,0
9829,442499956950,1,0
9830,442505015974,0,0
9831,442510532456,0,0
9832,442516033262,1,0
9833,442521807084,1,0
9834,442526700688,1,0
9835,442531799590,0,0
9836,442537317516,0,0
9837,442542967675,1,0
9838,442548067276,0,0
9839,442553671007,1,0
9840,442558786718,0,0
9841,442564413866,0,0
9842,442570327681,1,0
9843,442575635570,1,0
9844,442580838191,0,0
9845,442586311932,1,0
9846,442591383695,1,0
9847,442596456440,1,0
9848,442601588383,0,0
9849,442607268208,1,0
9850,442612504058,1,0
9851,442617732957,1,0
9852,442623295985,0,0
9853,442628939605,0,0
9854,442634550586,1,0
9855,442639677579,0,0
9856,442645284493,0,0
9857,442650949263,0,0
9858,442656598778,1,0
9859,442661820870,0,0
9860,442667555626,0,0
9861,442673167056,0,0
9862,442678861647,0,0
9863,442684696790,0,0
9864,442690631342,0,0
9865,442696500850,0,0
9866,442702298266,0,0
9867,442708133024,1,0
9868,442713125922,1,0
9869,442718418682,1,0
9870,442723646429,1,0
9871,442728617016,1,0
9872,442733700550,1,0
9873,442738818257,0,0
9874,442744480180,1,0
9875,442749931051,1,0
9876,442755029686,0,0
9877,442760725812,1,0
9878,442765770246,1,0
9879,442770769071,0,0
9880,442776516352,0,0
9881,442782498855,1,0
9882,442787622022,1,0
9883,442792847897,1,0
9884,442798175750,0,0
9885,442803934894,1,0
9886,442809158916,0,0
9887,442814790290,1,0
9888,442819775120,0,0
9889,442825330063,1,0
9890,442830466187,1,0
9891,442835740114,0,0
9892,442841917254,0,0
9893,442847593871,0,0
9894,442853481813,1,0
9895,442858757791,0,0
9896,442864260768,1,0
9897,442869669057,0,0
9898,442875202371,0,0
9899,442881031695,0,0
9900,442886506111,1,0
9901,442891701760,0,0
9902,442897208773,0,0
9903,442902739645,0,0
9904,442908318270,0,0
9905,442913951957,1,0
9906,442918995110,1,0
9907,442924028580,1,0
9908,442929030503,0,0
9909,442934652030,1,0
9910,442939863753,1,0
9911,442944915764,1,0
9912,442949961689,1,0
9913,442955060529,0,0
9914,442960569193,1,0
9915,442965766784,0,0
9916,442971422963,0,0
9917,442977115840,1,0
9918,442982636180,0,0
9919,442988373872,0,0
9920,442994033912,0,0
9921,442999623192,0,0
9922,443005500733,0,0
9923,443011298147,0,0
9924,443017045651,1,0
9925,443022452465,0,0
9926,443028317859,0,0
9927,443033770890,0,0
9928,443039626835,1,0
9929,443044845756,1,0
9930,443049905757,0,0
9931,443055708513,1,0
9932,443061019504,0,0
9933,443066837048,1,0
9934,443071888938,0,0
9935,443077578197,0,0
9936,443083614931,1,0
9937,443088933004,1,0
9938,443094033739,1,0
9939,443099141695,1,0
9940,443104451262,0,0
9941,443110140294,1,0
9942,443115390942,1,0
9943,443120536544,0,0
9944,443126426142,1,0
9945,443131546302,0,0
9946,443137160529,0,0
9947,443142726513,0,0
9948,443148147843,0,0
9949,443153564290,1,0
9950,443158587833,0,0
9951,443164284905,0,0
9952,443170023476,0,0
9953,443175342345,0,0
9954,443180977985,0,0
9955,443186447059,0,0
9956,443192110979,1,0
9957,443197546396,1,0
9958,443202702289,0,0
9959,443208359220,1,0
9960,443213464954,0,0
9961,443218719387,1,0
9962,443223886870,0,0
9963,443229525667,0,0
9964,443235163127,0,0
9965,443240981829,1,0
9966,443246146655,0,0
9967,443251641521,1,0
9968,443256924358,1,0
9969,443262045231,1,0
9970,443267142535,0,0
9971,443272637951,1,0
9972,443277921802,0,0
9973,443283577679,0,0
9974,443289134972,0,0
9975,443294666216,1,0
9976,443299738105,0,0
9977,443305361017,1,0
9978,443310452699,1,0
9979,443315444459,1,0
9980,443320503659,1,0
9981,443325545309,1,0
9982,443330588804,1,0
9983,443335638396,1,0
9984,443340677400,1,0
9985,443345718541,1,0
9986,443350765360,0,0
9987,443356313879,0,0
9988,443361657047,0,0
9989,443367047941,1,0
9990,443372139977,0,0
9991,443377469724,1,0
9992,443382668412,0,0
9993,443388315249,0,0
9994,443393892717,1,0
9995,443399231752,0,0
9996,443404697218,1,0
9997,443409742303,1,0
9998,443414773425,1,0
9999,443419820325,1,0
10000,443424860894,1,0
