trial_id,event_start_ns,event,error
1,497319522743,0,0
2,497325188103,1,0
3,497330602869,1,0
4,497335751091,1,0
5,497341031780,1,0
6,497346056788,1,0
7,497351214191,1,0
8,497356238928,1,0
9,497361291666,0,0
10,497366923815,0,0
11,497372536108,1,0
12,497377603012,1,0
13,497382703633,1,0
14,497387752988,0,0
15,497393241800,1,0
16,497398289034,0,0
17,497403740893,0,0
18,497409107278,1,0
19,497414206042,1,0
20,497419227117,0,0
21,497424759006,0,0
22,497430266772,0,0
23,497435773213,1,0
24,497440889872,0,0
25,497446268135,0,0
26,497451784043,0,0
27,497457172869,0,0
28,497462781901,0,0
29,497468138927,1,0
30,497473229243,1,0
31,497478219171,1,0
32,497483192176,1,0
33,497488215831,0,0
34,497493624500,1,0
35,497498720961,1,0
36,497503811923,1,0
37,497508896351,0,0
38,497514289080,0,0
39,497519597328,0,0
40,497524916045,1,0
41,497529969414,1,0
42,497535052171,0,0
43,497540477248,0,0
44,497546030347,0,0
45,497551578837,1,0
46,497556723084,0,0
47,497562450370,0,0
48,497568163526,1,0
49,497573247481,0,0
50,497578764360,0,0
51,497584265148,0,0
52,497589901571,1,0
53,497595031823,1,0
54,497600106517,0,0
55,497605974950,0,0
56,497611668657,0,0
57,497617427060,0,0
58,497623012621,0,0
59,497628559028,1,0
60,497633611273,0,0
61,497639423340,0,0
62,497645035415,0,0
63,497650597497,1,0
64,497655704667,1,0
65,497660785685,1,0
66,497666313191,1,0
67,497671552806,1,0
68,497676788804,1,0
69,497681924695,1,0
70,497687068167,0,0
71,497692540111,0,0
72,497698166090,1,0
73,497703338750,0,0
74,497708775181,0,0
75,497714192692,1,0
76,497719266167,1,0
77,497724322169,0,0
78,497729795467,1,0
79,497734957580,0,0
80,497740063347,1,0
81,497745224176,0,0
82,497750889902,0,0
83,497756495281,0,0
84,497762139779,0,0
85,497767721789,0,0
86,497773287568,0,0
87,497778986264,0,0
88,497784625448,1,0
89,497789717504,0,0
90,497795489898,1,0
91,497800563180,1,0
92,497805657617,0,0
93,497811125644,0,0
94,497816609063,0,0
95,497822158806,0,0
96,497827899775,0,0
97,497833617219,1,0
98,497838842665,0,0
99,497844450177,1,0
100,497849551322,1,0
101,497854665256,1,0
102,497859758865,1,0
103,497864883364,0,0
104,497870408747,1,0
105,497875487742,1,0
106,497880552056,0,0
107,497886182111,1,0
108,497891254074,1,0
109,497896312215,1,0
110,497901420712,1,0
111,497906588882,0,0
112,497912065542,0,0
113,497917757514,0,0
114,497923213590,1,0
115,497928267679,1,0
116,497933336491,1,0
117,497938422364,0,0
118,497943922045,1,0
119,497948946381,1,0
120,497954013255,0,0
121,497959488441,0,0
122,497965228721,1,0
123,497970266436,0,0
124,497975775275,0,0
125,497981294449,0,0
126,497986968617,1,0
127,497992052566,1,0
128,497997062012,1,0
129,498002217719,0,0
130,498008049143,1,0
131,498013154631,1,0
132,498018297699,1,0
133,498023524239,1,0
134,498028800716,0,0
135,498034531514,0,0
136,498040226383,1,0
137,498045227208,0,0
138,498050615256,1,0
139,498055787868,0,0
140,498061291046,1,0
141,498066334351,1,0
142,498071401014,0,0
143,498076995240,0,0
144,498082398978,1,0
145,498087537630,0,0
146,498093202893,1,0
147,498098241448,0,0
148,498103698738,0,0
149,498109446987,0,0
150,498115251511,1,0
151,498120406753,1,0
152,498125486777,1,0
153,498130631781,1,0
154,498135742521,1,0
155,498140846386,1,0
156,498145959089,1,0
157,498151047434,1,0
158,498156168808,1,0
159,498161236747,1,0
160,498166285500,0,0
161,498171806455,1,0
162,498176889185,0,0
163,498182118519,1,0
164,498187219156,0,0
165,498192657188,1,0
166,498197746334,1,0
167,498202828426,0,0
168,498208304222,1,0
169,498213364772,1,0
170,498218421357,1,0
171,498223475897,0,0
172,498228988258,1,0
173,498234046643,1,0
174,498239166885,0,0
175,498244494113,0,0
176,498249729758,1,0
177,498254800682,1,0
178,498259886295,0,0
179,498265354412,0,0
180,498270723665,1,0
181,498276032131,1,0
182,498281235410,1,0
183,498286341855,0,0
184,498292082393,1,0
185,498297552973,0,0
186,498303282779,1,0
187,498308536456,0,0
188,498314228002,0,0
189,498319833886,0,0
190,498325464596,1,0
191,498330595728,1,0
192,498335690794,1,0
193,498341034077,0,0
194,498346520406,0,0
195,498352052919,0,0
196,498357549771,1,0
197,498362600432,0,0
198,498368488830,1,0
199,498373582085,1,0
200,498378707134,0,0
201,498384422778,0,0
202,498390068473,1,0
203,498395174381,0,0
204,498400825917,0,0
205,498406309841,0,0
206,498412052212,0,0
207,498417927126,1,0
208,498423127414,1,0
209,498428270911,0,0
210,498434055759,0,0
211,498439542647,1,0
212,498444625996,0,0
213,498450433429,1,0
214,498455634991,0,0
215,498461301919,1,0
216,498466556955,0,0
217,498472227870,0,0
218,498477936673,0,0
219,498483531531,1,0
220,498488588559,1,0
221,498493667106,0,0
222,498499437985,0,0
223,498505142474,1,0
224,498510263524,0,0
225,498515888047,0,0
226,498521432592,0,0
227,498527020363,0,0
228,498532602099,1,0
229,498537741056,0,0
230,498543415410,0,0
231,498548956360,1,0
232,498554065122,1,0
233,498559156158,0,0
234,498564884187,0,0
235,498570432974,0,0
236,498575861486,1,0
237,498580994384,0,0
238,498586435766,1,0
239,498591497696,0,0
240,498597120311,1,0
241,498602211290,0,0
242,498607637463,0,0
243,498613282920,0,0
244,498619018042,1,0
245,498624043878,1,0
246,498629138947,0,0
247,498634665974,0,0
248,498640099412,1,0
249,498645199989,0,0
250,498650595751,0,0
251,498656131753,0,0
252,498661656890,0,0
253,498667182938,0,0
254,498672735203,0,0
255,498678172280,1,0
256,498683256552,1,0
257,498688300014,0,0
258,498693581993,0,0
259,498699120987,1,0
260,498704276970,0,0
261,498710129336,1,0
262,498715129435,0,0
263,498720794286,1,0
264,498725915763,0,0
265,498731334044,0,0
266,498736941232,1,0
267,498742038792,0,0
268,498747698165,1,0
269,498752818107,0,0
270,498758314576,0,0
271,498763956745,1,0
272,498769045161,1,0
273,498774368464,1,0
274,498779571918,0,0
275,498785242151,1,0
276,498790470271,0,0
277,498796131926,1,0
278,498801244638,0,0
279,498807065479,1,0
280,498812054703,1,0
281,498817094317,1,0
282,498822190207,0,0
283,498827723220,1,0
284,498832879323,0,0
285,498838683559,1,0
286,498843867246,0,0
287,498849442234,0,0
288,498855204765,0,0
289,498860703502,0,0
290,498866543585,1,0
291,498871624251,1,0
292,498876831823,1,0
293,498881916236,1,0
294,498887094094,1,0
295,498892043652,1,0
296,498897121027,0,0
297,498902842704,0,0
298,498908402241,1,0
299,498913542095,0,0
300,498919284020,1,0
301,498924587762,1,0
302,498929713200,1,0
303,498934920725,0,0
304,498940904737,1,0
305,498945953356,1,0
306,498951246803,1,0
307,498956480962,1,0
308,498961587266,0,0
309,498967171469,1,0
310,498972270276,0,0
311,498977946007,1,0
312,498983026925,1,0
313,498988056631,0,0
314,498993586282,1,0
315,498998680070,1,0
316,499003886625,1,0
317,499009087963,1,0
318,499014237796,1,0
319,499019313776,0,0
320,499025018188,0,0
321,499030833300,1,0
322,499036063632,0,0
323,499041766462,1,0
324,499046838764,1,0
325,499051930765,0,0
326,499057323657,1,0
327,499062336456,1,0
328,499067433311,0,0
329,499073145970,0,0
330,499078469028,1,0
331,499083580367,1,0
332,499088625259,1,0
333,499093734087,1,0
334,499098790132,1,0
335,499103947172,0,0
336,499109210931,0,0
337,499114754000,0,0
338,499120460436,1,0
339,499125542973,0,0
340,499131018066,0,0
341,499136546150,0,0
342,499142159417,0,0
343,499147798069,0,0
344,499153226125,1,0
345,499158244241,0,0
346,499163651713,1,0
347,499168800963,1,0
348,499173937739,1,0
349,499179042551,1,0
350,499184206622,0,0
351,499189732574,1,0
352,499194769502,1,0
353,499199786308,0,0
354,499205247345,1,0
355,499210323362,1,0
356,499215548245,1,0
357,499220779743,0,0
358,499226404979,1,0
359,499231685423,1,0
360,499237070614,0,0
361,499242630259,0,0
362,499248354713,0,0
363,499253979119,0,0
364,499259401192,0,0
365,499264985402,0,0
366,499270825841,1,0
367,499275989323,1,0
368,499281054862,0,0
369,499286736818,1,0
370,499292050839,0,0
371,499297610085,0,0
372,499303391119,0,0
373,499309197171,0,0
374,499314767919,0,0
375,499320262323,0,0
376,499325986738,0,0
377,499331635377,0,0
378,499337443126,1,0
379,499342564102,0,0
380,499348278797,0,0
381,499353635564,0,0
382,499359369184,1,0
383,499364535394,1,0
384,499369751714,0,0
385,499375478306,1,0
386,499380578933,0,0
387,499386278555,1,0
388,499391505944,1,0
389,499396605183,0,0
390,499402204325,1,0
391,499407206214,1,0
392,499412234729,0,0
393,499417994226,1,0
394,499423135472,1,0
395,499428249016,1,0
396,499433476867,0,0
397,499439230958,1,0
398,499444294204,1,0
399,499449579834,0,0
400,499455329894,1,0
401,499460662666,1,0
402,499465810441,1,0
403,499470950269,1,0
404,499476118369,0,0
405,499481876656,1,0
406,499486971800,0,0
407,499492506993,0,0
408,499498162753,1,0
409,499503261812,0,0
410,499509027217,1,0
411,499514058953,0,0
412,499519595539,0,0
413,499525289274,0,0
414,499530955019,1,0
415,499536086159,1,0
416,499541163656,1,0
417,499546336980,1,0
418,499551591252,0,0
419,499557323505,0,0
420,499562941482,0,0
421,499568516116,0,0
422,499574396678,1,0
423,499579648113,1,0
424,499584839494,1,0
425,499589939727,1,0
426,499595022135,1,0
427,499600154272,0,0
428,499605765714,1,0
429,499610954510,1,0
430,499616067262,1,0
431,499621215184,0,0
432,499626796228,1,0
433,499631976828,0,0
434,499637384887,0,0
435,499642753810,0,0
436,499648233680,0,0
437,499653511174,1,0
438,499658709494,0,0
439,499664055622,1,0
440,499669282429,0,0
441,499674680282,0,0
442,499680160522,0,0
443,499685501085,1,0
444,499690612088,1,0
445,499695755285,1,0
446,499700927732,0,0
447,499706435591,1,0
448,499711580948,1,0
449,499716809096,1,0
450,499722053850,1,0
451,499727344930,1,0
452,499732589273,0,0
453,499738154528,0,0
454,499743755518,1,0
455,499749042949,0,0
456,499754310691,1,0
457,499759583945,0,0
458,499765073080,1,0
459,499770249021,1,0
460,499775402731,0,0
461,499780884180,1,0
462,499786069118,1,0
463,499791334917,1,0
464,499796561058,0,0
465,499802392329,1,0
466,499807623715,1,0
467,499813056557,0,0
468,499818681607,1,0
469,499824066166,1,0
470,499829223556,1,0
471,499834310568,0,0
472,499839946721,1,0
473,499845085437,0,0
474,499850870531,1,0
475,499856156813,0,0
476,499861778866,1,0
477,499866996077,0,0
478,499872300255,0,0
479,499877650847,0,0
480,499883325822,1,0
481,499888586689,1,0
482,499893735625,0,0
483,499899191912,1,0
484,499904357722,0,0
485,499909697231,1,0
486,499914865761,1,0
487,499920023820,1,0
488,499925153471,1,0
489,499930249579,0,0
490,499935492267,1,0
491,499940902023,1,0
492,499945899402,1,0
493,499951015215,1,0
494,499956067348,1,0
495,499961146917,0,0
496,499966493784,1,0
497,499971598188,0,0
498,499977050052,1,0
499,499982116593,0,0
500,499987688289,1,0
501,499992734652,1,0
502,499997721718,0,0
503,500003120707,0,0
504,500008862401,0,0
505,500014231739,1,0
506,500019315529,1,0
507,500024466764,0,0
508,500029929379,1,0
509,500034963511,0,0
510,500040158661,0,0
511,500045396095,1,0
512,500050490129,1,0
513,500055581986,1,0
514,500060743562,1,0
515,500065934153,0,0
516,500071261622,1,0
517,500076339569,0,0
518,500081740634,1,0
519,500086816843,1,0
520,500091869775,1,0
521,500097201817,0,0
522,500102607201,1,0
523,500107864172,1,0
524,500112985149,1,0
525,500118063742,1,0
526,500123166456,1,0
527,500128257056,0,0
528,500133621387,1,0
529,500138726157,0,0
530,500144037473,0,0
531,500149228011,0,0
532,500154693104,0,0
533,500161256933,1,0
534,500166629631,1,0
535,500171882464,0,0
536,500177444608,1,0
537,500182546487,1,0
538,500187679172,1,0
539,500192839033,0,0
540,500198138747,1,0
541,500203391479,0,0
542,500209066826,1,0
543,500214246661,1,0
544,500219333681,1,0
545,500224570542,0,0
546,500230186875,1,0
547,500235344643,0,0
548,500241085747,1,0
549,500246263859,1,0
550,500251568610,1,0
551,500256678695,1,0
552,500261830647,1,0
553,500267029618,1,0
554,500272144549,0,0
555,500277724455,1,0
556,500282878136,1,0
557,500287986254,0,0
558,500293414434,1,0
559,500298567839,0,0
560,500303922460,0,0
561,500309609539,1,0
562,500314708643,0,0
563,500320299623,1,0
564,500325527049,0,0
565,500331235873,0,0
566,500336978145,0,0
567,500342489794,0,0
568,500348171082,0,0
569,500354058593,0,0
570,500359476162,0,0
571,500365054361,0,0
572,500370561118,0,0
573,500376198749,1,0
574,500381297145,1,0
575,500386569014,1,0
576,500391695939,1,0
577,500397043415,0,0
578,500402508339,0,0
579,500408135027,1,0
580,500413063897,0,0
581,500418601310,1,0
582,500423662889,0,0
583,500429418449,0,0
584,500435160350,1,0
585,500440286846,0,0
586,500446062762,0,0
587,500451606475,1,0
588,500456671135,1,0
589,500461964662,1,0
590,500467134033,0,0
591,500472942736,1,0
592,500478123468,1,0
593,500483174233,0,0
594,500489063678,0,0
595,500494819680,1,0
596,500499989967,1,0
597,500505053310,0,0
598,500510699836,0,0
599,500516463831,1,0
600,500521651474,0,0
601,500527291206,0,0
602,500532934172,1,0
603,500538040250,1,0
604,500543064497,1,0
605,500548208644,1,0
606,500553547047,1,0
607,500558883733,1,0
608,500564167295,1,0
609,500569248220,0,0
610,500574997721,0,0
611,500580648390,1,0
612,500585940015,0,0
613,500591520439,0,0
614,500597530355,1,0
615,500602804633,1,0
616,500607966494,1,0
617,500613072034,0,0
618,500618731873,1,0
619,500623849178,1,0
620,500628983450,0,0
621,500634453796,0,0
622,500639710495,1,0
623,500644804613,1,0
624,500649866288,0,0
625,500655321855,0,0
626,500660996719,0,0
627,500666448806,0,0
628,500671749030,1,0
629,500676792657,1,0
630,500681919022,1,0
631,500686977519,1,0
632,500692226322,1,0
633,500697286974,1,0
634,500702390120,0,0
635,500707712449,1,0
636,500713175975,1,0
637,500718343303,0,0
638,500723814817,1,0
639,500728911208,0,0
640,500734422295,0,0
641,500739856476,1,0
642,500745018028,0,0
643,500750260809,0,0
644,500755473631,1,0
645,500760560472,0,0
646,500766097371,0,0
647,500771585111,1,0
648,500776632328,0,0
649,500782253520,0,0
650,500787752332,0,0
651,500793271438,0,0
652,500798823384,1,0
653,500803904847,1,0
654,500809023902,0,0
655,500814574014,0,0
656,500820107000,1,0
657,500825181279,0,0
658,500830788503,1,0
659,500835841936,0,0
660,500841243609,1,0
661,500846246299,0,0
662,500851747361,0,0
663,500857215839,0,0
664,500862555275,0,0
665,500868221203,1,0
666,500873303055,1,0
667,500878396241,0,0
668,500884242135,0,0
669,500889547198,1,0
670,500894739314,1,0
671,500899984694,0,0
672,500905534254,0,0
673,500911388943,0,0
674,500917146515,1,0
675,500922198624,0,0
676,500928246056,0,0
677,500933921554,0,0
678,500939492508,0,0
679,500944816016,0,0
680,500950125676,0,0
681,500955341261,0,0
682,500960528707,1,0
683,500965584900,1,0
684,500970603721,0,0
685,500976136419,1,0
686,500981223234,1,0
687,500986325173,1,0
688,500991493352,1,0
689,500996687793,0,0
690,501002166784,0,0
691,501007567654,0,0
692,501013208900,0,0
693,501019131184,0,0
694,501024758913,0,0
695,501030400243,1,0
696,501035610029,0,0
697,501041437805,1,0
698,501046612742,1,0
699,501051809359,0,0
700,501057838937,1,0
701,501062954477,1,0
702,501068053681,1,0
703,501073058626,1,0
704,501078200317,1,0
705,501083265940,0,0
706,501088901708,0,0
707,501094344904,1,0
708,501099413661,1,0
709,501104482845,1,0
710,501109536866,1,0
711,501114902122,0,0
712,501120354639,1,0
713,501125594407,0,0
714,501131312099,1,0
715,501136478626,0,0
716,501142081844,0,0
717,501147687003,1,0
718,501152845743,1,0
719,501157942788,1,0
720,501163021687,0,0
721,501168621844,0,0
722,501174252465,0,0
723,501179828739,1,0
724,501184954327,1,0
725,501190067841,0,0
726,501195971074,0,0
727,501201537476,0,0
728,501207303752,1,0
729,501212555430,1,0
730,501217600426,1,0
731,501222775481,1,0
732,501227892502,0,0
733,501233651673,0,0
734,501239616053,0,0
735,501245470006,1,0
736,501250617713,1,0
737,501256032547,1,0
738,501261137115,1,0
739,501266222750,1,0
740,501271392935,0,0
741,501276690376,0,0
742,501282288946,0,0
743,501288024713,1,0
744,501293249077,1,0
745,501298442947,1,0
746,501303570470,0,0
747,501309188986,0,0
748,501314818875,1,0
749,501319953193,0,0
750,501325844321,0,0
751,501331613181,0,0
752,501337322132,1,0
753,501342502670,1,0
754,501347710976,0,0
755,501353825779,0,0
756,501359427049,1,0
757,501364603671,0,0
758,501370332481,0,0
759,501375887541,1,0
760,501380933535,1,0
761,501386028231,1,0
762,501391122212,1,0
763,501396300995,0,0
764,501402124922,0,0
765,501407836943,0,0
766,501413295951,1,0
767,501418472295,0,0
768,501424213033,0,0
769,501429714764,1,0
770,501434782731,0,0
771,501440412382,0,0
772,501446561805,0,0
773,501452358266,1,0
774,501457612206,1,0
775,501462753848,1,0
776,501467843679,0,0
777,501473328857,0,0
778,501479289690,0,0
779,501485068382,0,0
780,501491137415,0,0
781,501496633860,0,0
782,501502285832,0,0
783,501507981737,1,0
784,501513056719,1,0
785,501518070729,0,0
786,501523773968,1,0
787,501528964274,0,0
788,501534586610,1,0
789,501539753215,0,0
790,501545473737,0,0
791,501551447035,0,0
792,501557327012,0,0
793,501563245172,0,0
794,501569052261,0,0
795,501574689752,1,0
796,501579788477,0,0
797,501585342386,0,0
798,501591330323,1,0
799,501596573107,1,0
800,501601631487,1,0
801,501606786044,1,0
802,501611910698,1,0
803,501617036575,0,0
804,501623102652,1,0
805,501628165915,0,0
806,501633867106,1,0
807,501638899615,0,0
808,501644420212,1,0
809,501649619781,1,0
810,501654827288,1,0
811,501660021544,1,0
812,501665061704,1,0
813,501670153593,0,0
814,501676049824,1,0
815,501681325591,0,0
816,501687132917,0,0
817,501693053676,0,0
818,501698628974,1,0
819,501703654403,0,0
820,501709298377,1,0
821,501714578065,1,0
822,501719717444,0,0
823,501725418606,0,0
824,501731210470,0,0
825,501736984797,1,0
826,501742061607,0,0
827,501747783663,1,0
828,501753147321,0,0
829,501759061543,0,0
830,501764385681,1,0
831,501769627779,1,0
832,501774725270,0,0
833,501780635218,1,0
834,501785819307,0,0
835,501791415294,0,0
836,501796979754,1,0
837,501802063473,0,0
838,501807815378,1,0
839,501812894508,1,0
840,501818179411,0,0
841,501824141705,1,0
842,501829267998,1,0
843,501834440517,1,0
844,501839650691,1,0
845,501844846895,1,0
846,501849980406,0,0
847,501855894286,0,0
848,501861727346,1,0
849,501866834290,0,0
850,501872477596,0,0
851,501878068398,0,0
852,501883695368,0,0
853,501889437548,1,0
854,501894667960,0,0
855,501900322096,1,0
856,501905493129,1,0
857,501910548603,0,0
858,501916202402,0,0
859,501921840932,1,0
860,501927186986,0,0
861,501932624086,1,0
862,501937856946,1,0
863,501942978412,0,0
864,501948502338,1,0
865,501953678304,0,0
866,501959430435,0,0
867,501965140799,1,0
868,501970206885,0,0
869,501975721496,1,0
870,501980853896,0,0
871,501986265819,0,0
872,501992134052,1,0
873,501997225857,1,0
874,502002299482,1,0
875,502007485725,0,0
876,502013136062,1,0
877,502018236572,1,0
878,502023243215,0,0
879,502029044920,1,0
880,502034130732,0,0
881,502039747822,0,0
882,502045354762,1,0
883,502050513105,0,0
884,502056065107,0,0
885,502061828010,0,0
886,502067365397,0,0
887,502072944876,1,0
888,502078040913,1,0
889,502083074307,1,0
890,502088129364,0,0
891,502093530715,1,0
892,502098614811,0,0
893,502104119692,1,0
894,502109215181,0,0
895,502114670207,0,0
896,502120212398,1,0
897,502125341037,0,0
898,502130924872,0,0
899,502136498130,0,0
900,502142115339,1,0
901,502147222937,1,0
902,502152308862,0,0
903,502157822944,0,0
904,502163437874,0,0
905,502168926836,0,0
906,502174538761,0,0
907,502180053376,0,0
908,502185500532,1,0
909,502190576080,1,0
910,502195612984,1,0
911,502200724126,0,0
912,502206242075,1,0
913,502211293148,1,0
914,502216344283,1,0
915,502221414101,1,0
916,502226474693,0,0
917,502231969470,0,0
918,502237342232,1,0
919,502242588736,0,0
920,502248182861,1,0
921,502253260120,0,0
922,502258645512,1,0
923,502263718035,0,0
924,502269033794,1,0
925,502274111840,1,0
926,502279228277,1,0
927,502284336996,1,0
928,502289486779,1,0
929,502294607422,1,0
930,502299832858,0,0
931,502305043636,1,0
932,502310183708,0,0
933,502315848147,1,0
934,502320995853,0,0
935,502326375531,1,0
936,502331395625,0,0
937,502336742950,0,0
938,502342260424,0,0
939,502347770102,0,0
940,502353189882,1,0
941,502358232726,1,0
942,502363240116,1,0
943,502368273664,1,0
944,502373308016,0,0
945,502378832403,0,0
946,502384324148,1,0
947,502389366042,1,0
948,502394458400,0,0
949,502399934115,0,0
950,502405217428,1,0
951,502410247763,1,0
952,502415293843,1,0
953,502420408684,0,0
954,502425806011,0,0
955,502431315239,0,0
956,502436784391,0,0
957,502442214772,1,0
958,502447485451,1,0
959,502452747263,1,0
960,502457897667,0,0
961,502463707487,1,0
962,502468835120,0,0
963,502474281247,0,0
964,502479963205,0,0
965,502485447921,1,0
966,502490656972,0,0
967,502496462060,1,0
968,502501744930,1,0
969,502507021727,0,0
970,502512453093,0,0
971,502518133551,0,0
972,502523724322,1,0
973,502528829234,1,0
974,502533938570,0,0
975,502539506818,0,0
976,502545208209,1,0
977,502550248576,1,0
978,502555480955,1,0
979,502560553765,1,0
980,502565635955,1,0
981,502570812700,1,0
982,502575919181,0,0
983,502581601149,1,0
984,502586647085,1,0
985,502591725921,0,0
986,502597336815,1,0
987,502602599071,1,0
988,502607646560,0,0
989,502613202853,1,0
990,502618258080,1,0
991,502623472178,1,0
992,502628628515,0,0
993,502634307990,1,0
994,502639466555,0,0
995,502644793682,1,0
996,502649853802,0,0
997,502655352806,0,0
998,502660927419,0,0
999,502666388170,1,0
1000,502671545368,1,0
1001,502676598105,1,0
1002,502681791385,1,0
1003,502686823633,0,0
1004,502692505199,0,0
1005,502698070495,1,0
1006,502703228094,1,0
1007,502708272213,1,0
1008,502713703492,1,0
1009,502718852138,0,0
1010,502724408850,0,0
1011,502729725391,0,0
1012,502735220403,0,0
1013,502740703218,0,0
1014,502746191590,1,0
1015,502751217995,0,0
1016,502756555556,1,0
1017,502761633602,0,0
1018,502767316569,0,0
1019,502772996877,0,0
1020,502778452828,1,0
1021,502783498823,1,0
1022,502788654888,0,0
1023,502794387837,0,0
1024,502800163608,1,0
1025,502805119564,0,0
1026,502810757604,0,0
1027,502816290976,0,0
1028,502821848598,0,0
1029,502827511957,1,0
1030,502832656762,0,0
1031,502838420217,1,0
1032,502843604058,0,0
1033,502849632858,0,0
1034,502855200345,1,0
1035,502860352960,1,0
1036,502865632090,1,0
1037,502870813767,1,0
1038,502875978775,0,0
1039,502881620971,1,0
1040,502886955305,1,0
1041,502892131043,1,0
1042,502897290677,1,0
1043,502902439904,0,0
1044,502908055470,0,0
1045,502913644894,0,0
1046,502919536338,0,0
1047,502925192243,1,0
1048,502930437203,0,0
1049,502936320974,1,0
1050,502941530921,1,0
1051,502946728212,1,0
1052,502952042891,1,0
1053,502957133344,0,0
1054,502962765735,0,0
1055,502968439895,1,0
1056,502973511088,1,0
1057,502979058974,1,0
1058,502984226261,1,0
1059,502989233421,0,0
1060,502994674065,0,0
1061,503000208854,1,0
1062,503008030353,0,0
1063,503013599206,1,0
1064,503018643922,0,0
1065,503024101666,0,0
1066,503030016683,0,0
1067,503035460017,0,0
1068,503040896021,1,0
1069,503045925233,0,0
1070,503051596123,0,0
1071,503057133483,1,0
1072,503062215427,1,0
1073,503067283060,0,0
1074,503072818461,1,0
1075,503077944450,1,0
1076,503083059367,1,0
1077,503088138488,1,0
1078,503093237633,1,0
1079,503098371406,0,0
1080,503103862104,0,0
1081,503109269634,1,0
1082,503114270035,1,0
1083,503119271530,0,0
1084,503124876646,0,0
1085,503130226148,1,0
1086,503135277337,0,0
1087,503140783746,0,0
1088,503146207807,0,0
1089,503151904417,1,0
1090,503157252108,1,0
1091,503162462096,0,0
1092,503168119327,1,0
1093,503173285294,1,0
1094,503178387420,1,0
1095,503183483805,0,0
1096,503188803526,0,0
1097,503194032833,0,0
1098,503199206506,1,0
1099,503204335550,0,0
1100,503209939202,1,0
1101,503215058375,0,0
1102,503220633457,1,0
1103,503225902887,0,0
1104,503231648786,1,0
1105,503236960708,0,0
1106,503242488993,0,0
1107,503248074344,1,0
1108,503253308471,0,0
1109,503258803858,1,0
1110,503263844335,0,0
1111,503269437554,1,0
1112,503274602648,1,0
1113,503279709552,1,0
1114,503284892609,1,0
1115,503290066891,0,0
1116,503295518355,1,0
1117,503300599457,0,0
1118,503306137177,1,0
1119,503311250165,1,0
1120,503316386169,1,0
1121,503321474625,1,0
1122,503326602765,0,0
1123,503332139030,1,0
1124,503337212859,0,0
1125,503342686558,1,0
1126,503347802489,0,0
1127,503353286341,1,0
1128,503358392881,0,0
1129,503363836110,0,0
1130,503369271079,0,0
1131,503374729631,0,0
1132,503380143306,1,0
1133,503385195546,0,0
1134,503390797993,0,0
1135,503396323189,1,0
1136,503401389003,1,0
1137,503406450404,1,0
1138,503411491447,0,0
1139,503417214291,0,0
1140,503422885450,1,0
1141,503427973485,1,0
1142,503433015621,1,0
1143,503438216155,1,0
1144,503443285311,0,0
1145,503448871119,1,0
1146,503454124037,0,0
1147,503459647436,1,0
1148,503464840735,1,0
1149,503469939316,1,0
1150,503474981434,1,0
1151,503480050782,1,0
1152,503485043721,1,0
1153,503490227486,1,0
1154,503495284223,1,0
1155,503500328838,0,0
1156,503506047059,0,0
1157,503511440477,1,0
1158,503516521347,1,0
1159,503521614846,0,0
1160,503527046304,1,0
1161,503532240717,1,0
1162,503537303743,0,0
1163,503542858348,1,0
1164,503547918996,1,0
1165,503553019235,0,0
1166,503558711285,1,0
1167,503563878381,1,0
1168,503568995334,1,0
1169,503574049200,0,0
1170,503579886255,1,0
1171,503585282237,1,0
1172,503590541234,1,0
1173,503595716321,1,0
1174,503600894640,0,0
1175,503606696535,0,0
1176,503612158605,1,0
1177,503617362277,0,0
1178,503622922031,1,0
1179,503628048113,0,0
1180,503633607339,0,0
1181,503639330326,1,0
1182,503644671378,0,0
1183,503650167412,1,0
1184,503655304817,0,0
1185,503660980512,1,0
1186,503666054542,0,0
1187,503671627600,1,0
1188,503676745631,0,0
1189,503682431434,1,0
1190,503687484005,0,0
1191,503693231528,1,0
1192,503698638315,0,0
1193,503704395570,1,0
1194,503709669251,0,0
1195,503715372530,1,0
1196,503720560945,0,0
1197,503726194232,1,0
1198,503731233825,1,0
1199,503736260405,1,0
1200,503741483571,1,0
1201,503746556310,1,0
1202,503751627852,1,0
1203,503756762693,0,0
1204,503762433529,0,0
1205,503767881268,1,0
1206,503773020150,0,0
1207,503778188630,1,0
1208,503783267132,0,0
1209,503788856623,1,0
1210,503794037468,0,0
1211,503799471309,0,0
1212,503804743953,0,0
1213,503810324512,0,0
1214,503815662523,0,0
1215,503820983383,1,0
1216,503826089590,0,0
1217,503831425147,0,0
1218,503836656537,1,0
1219,503841753090,0,0
1220,503847512744,0,0
1221,503853257775,1,0
1222,503858546270,0,0
1223,503864193070,0,0
1224,503869628791,1,0
1225,503874687083,1,0
1226,503879858108,0,0
1227,503885609153,1,0
1228,503890699756,0,0
1229,503896412072,1,0
1230,503901559484,0,0
1231,503907113684,0,0
1232,503912827210,0,0
1233,503918367874,0,0
1234,503924064504,0,0
1235,503929909737,1,0
1236,503935035920,0,0
1237,503940606297,0,0
1238,503946257215,0,0
1239,503951836487,0,0
1240,503957324719,0,0
1241,503962795814,0,0
1242,503968185840,1,0
1243,503973260203,1,0
1244,503978309089,1,0
1245,503983355369,0,0
1246,503988866451,0,0
1247,503994259992,0,0
1248,504000041158,0,0
1249,504005604283,0,0
1250,504011292192,1,0
1251,504016528371,0,0
1252,504022300049,1,0
1253,504027596900,0,0
1254,504033328048,0,0
1255,504038821205,0,0
1256,504044256655,1,0
1257,504049328123,0,0
1258,504055020342,1,0
1259,504060129599,0,0
1260,504065796852,0,0
1261,504071501458,0,0
1262,504077041960,0,0
1263,504082567634,1,0
1264,504087645340,0,0
1265,504093633843,0,0
1266,504098740625,1,0
1267,504104070427,1,0
1268,504109049280,1,0
1269,504114139693,1,0
1270,504119222364,0,0
1271,504124475245,1,0
1272,504129541284,0,0
1273,504134877612,1,0
1274,504139971904,1,0
1275,504145033862,0,0
1276,504150401995,0,0
1277,504155817635,1,0
1278,504160956403,1,0
1279,504166024849,0,0
1280,504171465117,1,0
1281,504176503410,1,0
1282,504181611289,0,0
1283,504187104268,1,0
1284,504192186488,0,0
1285,504197644409,1,0
1286,504202786078,0,0
1287,504208265441,0,0
1288,504213814948,0,0
1289,504219444947,1,0
1290,504224661671,0,0
1291,504230362549,0,0
1292,504235883315,1,0
1293,504241060591,0,0
1294,504246661507,1,0
1295,504251793599,1,0
1296,504256903129,1,0
1297,504262021889,1,0
1298,504267056470,0,0
1299,504272366433,0,0
1300,504277885795,1,0
1301,504283023443,0,0
1302,504288640540,0,0
1303,504294492343,1,0
1304,504299704294,0,0
1305,504305286186,0,0
1306,504310980709,0,0
1307,504316379387,1,0
1308,504321567833,1,0
1309,504326690493,1,0
1310,504331861024,1,0
1311,504336892586,1,0
1312,504342039265,0,0
1313,504347665294,1,0
1314,504353037280,1,0
1315,504358143169,0,0
1316,504363804377,1,0
1317,504368891195,0,0
1318,504374506132,1,0
1319,504379662758,0,0
1320,504385186602,1,0
1321,504390343498,0,0
1322,504395935024,1,0
1323,504401059040,1,0
1324,504406130729,0,0
1325,504411778663,0,0
1326,504417703091,1,0
1327,504422874800,0,0
1328,504428434874,0,0
1329,504434130880,0,0
1330,504439994265,0,0
1331,504445654091,0,0
1332,504451310886,0,0
1333,504457066782,0,0
1334,504462612688,1,0
1335,504467780234,0,0
1336,504473543438,0,0
1337,504479169235,1,0
1338,504484293815,0,0
1339,504489917542,1,0
1340,504495023631,1,0
1341,504500079786,0,0
1342,504505866700,1,0
1343,504511046107,0,0
1344,504516676511,1,0
1345,504521813594,1,0
1346,504526955770,1,0
1347,504532067274,1,0
1348,504537060854,0,0
1349,504542639670,1,0
1350,504547881302,1,0
1351,504552980696,1,0
1352,504558062077,1,0
1353,504563114233,0,0
1354,504568621068,1,0
1355,504573669698,0,0
1356,504579354885,0,0
1357,504584975779,1,0
1358,504590071058,1,0
1359,504595134174,0,0
1360,504600710524,0,0
1361,504606386466,1,0
1362,504611660311,0,0
1363,504617359981,0,0
1364,504623062904,1,0
1365,504628240680,1,0
1366,504633421314,0,0
1367,504638872428,0,0
1368,504644481670,0,0
1369,504650066157,0,0
1370,504655770105,0,0
1371,504661230473,1,0
1372,504666256441,0,0
1373,504671835537,0,0
1374,504677304614,0,0
1375,504682803139,0,0
1376,504688405262,1,0
1377,504693555898,1,0
1378,504698747526,0,0
1379,504704304509,1,0
1380,504709636838,1,0
1381,504714874530,1,0
1382,504720178648,1,0
1383,504725410047,0,0
1384,504731174174,1,0
1385,504736300659,0,0
1386,504742029845,1,0
1387,504747070086,0,0
1388,504752660868,0,0
1389,504758551211,0,0
1390,504764500996,1,0
1391,504769693203,1,0
1392,504774947615,1,0
1393,504780085812,0,0
1394,504785788269,1,0
1395,504790992322,1,0
1396,504796113734,1,0
1397,504801235385,0,0
1398,504806714111,1,0
1399,504811825168,1,0
1400,504816877917,0,0
1401,504822314284,1,0
1402,504827387649,1,0
1403,504832453792,1,0
1404,504837678076,0,0
1405,504843257835,1,0
1406,504848343754,0,0
1407,504853765207,1,0
1408,504859191859,1,0
1409,504864705945,0,0
1410,504870451018,1,0
1411,504875711592,0,0
1412,504881458116,0,0
1413,504887266469,0,0
1414,504892997677,1,0
1415,504898632657,1,0
1416,504903849530,0,0
1417,504909229288,0,0
1418,504914741613,1,0
1419,504920039711,1,0
1420,504925193247,1,0
1421,504930539875,1,0
1422,504935765687,1,0
1423,504941297301,0,0
1424,504947047609,1,0
1425,504952212901,1,0
1426,504957361354,0,0
1427,504963057846,0,0
1428,504968650141,0,0
1429,504974208774,0,0
1430,504979675284,1,0
1431,504984821195,1,0
1432,504990424078,0,0
1433,504996057226,1,0
1434,505001129636,0,0
1435,505006902333,1,0
1436,505012069330,0,0
1437,505017651279,0,0
1438,505023342046,0,0
1439,505029020939,0,0
1440,505034420834,0,0
1441,505040193568,0,0
1442,505045567233,1,0
1443,505050815728,0,0
1444,505056287224,1,0
1445,505061459962,0,0
1446,505067144431,1,0
1447,505072284975,0,0
1448,505077745273,1,0
1449,505082865995,1,0
1450,505087907501,0,0
1451,505093322484,1,0
1452,505098453268,0,0
1453,505104068848,1,0
1454,505109447381,0,0
1455,505115152986,0,0
1456,505120634308,1,0
1457,505125917251,1,0
1458,505131077666,0,0
1459,505136680725,0,0
1460,505142328975,0,0
1461,505147937388,1,0
1462,505153137633,1,0
1463,505158288531,1,0
1464,505163508332,0,0
1465,505169067209,0,0
1466,505174512987,1,0
1467,505179754391,1,0
1468,505184873359,1,0
1469,505189896904,1,0
1470,505195039640,0,0
1471,505200515633,1,0
1472,505205987732,1,0
1473,505211151749,0,0
1474,505216879390,0,0
1475,505222421842,1,0
1476,505227670338,1,0
1477,505232969292,1,0
1478,505238130592,1,0
1479,505243488042,0,0
1480,505248869348,0,0
1481,505254258808,0,0
1482,505260038993,1,0
1483,505265139410,1,0
1484,505270348355,0,0
1485,505276079028,0,0
1486,505281582898,0,0
1487,505287227620,1,0
1488,505292291539,1,0
1489,505297493430,0,0
1490,505302858646,0,0
1491,505308173161,0,0
1492,505313817277,0,0
1493,505319242295,0,0
1494,505324721773,0,0
1495,505330186650,0,0
1496,505335556789,0,0
1497,505341054221,1,0
1498,505346144170,0,0
1499,505351505433,1,0
1500,505356813703,1,0
1501,505361932496,1,0
1502,505367305361,0,0
1503,505372467679,1,0
1504,505377523509,0,0
1505,505382965114,1,0
1506,505388053741,0,0
1507,505393779315,1,0
1508,505399052032,0,0
1509,505404500948,0,0
1510,505410153444,1,0
1511,505415305523,0,0
1512,505420796334,0,0
1513,505426499535,1,0
1514,505431702599,1,0
1515,505436924844,1,0
1516,505442049069,0,0
1517,505447651830,0,0
1518,505453324090,1,0
1519,505458693613,0,0
1520,505464371311,1,0
1521,505469657618,0,0
1522,505475106154,1,0
1523,505480252099,0,0
1524,505485653363,0,0
1525,505491228096,1,0
1526,505496341358,0,0
1527,505501880465,1,0
1528,505506979525,0,0
1529,505512463499,0,0
1530,505518060142,1,0
1531,505523182950,1,0
1532,505528309783,0,0
1533,505533931574,1,0
1534,505539034503,1,0
1535,505544065826,0,0
1536,505549533105,1,0
1537,505554626553,0,0
1538,505560297902,1,0
1539,505565493108,0,0
1540,505571195348,1,0
1541,505576225336,1,0
1542,505581237477,1,0
1543,505586226807,0,0
1544,505591671726,1,0
1545,505596741901,1,0
1546,505601876510,1,0
1547,505607138116,1,0
1548,505612237089,1,0
1549,505617454090,1,0
1550,505622680785,0,0
1551,505628369749,0,0
1552,505634110056,0,0
1553,505639643252,0,0
1554,505645252368,1,0
1555,505650398932,0,0
1556,505655940184,1,0
1557,505661470240,1,0
1558,505666888682,1,0
1559,505672069763,0,0
1560,505677444158,1,0
1561,505682708364,0,0
1562,505688082319,0,0
1563,505693578661,1,0
1564,505699188228,1,0
1565,505704423426,0,0
1566,505709949934,0,0
1567,505715646969,0,0
1568,505721576661,1,0
1569,505726796823,0,0
1570,505732454055,1,0
1571,505737682572,0,0
1572,505743445178,1,0
1573,505748769244,0,0
1574,505754438823,0,0
1575,505760191674,1,0
1576,505765309239,1,0
1577,505770575613,1,0
1578,505775842376,1,0
1579,505781070353,1,0
1580,505786074784,0,0
1581,505791677434,0,0
1582,505797524034,0,0
1583,505803031761,0,0
1584,505808660926,0,0
1585,505814467171,1,0
1586,505819784865,0,0
1587,505825445079,1,0
1588,505830567983,0,0
1589,505836285424,0,0
1590,505841749545,0,0
1591,505847358475,0,0
1592,505852868450,1,0
1593,505858025596,1,0
1594,505863068838,1,0
1595,505868208542,1,0
1596,505873287189,0,0
1597,505878831167,1,0
1598,505883931480,1,0
1599,505889053888,1,0
1600,505894220913,1,0
1601,505899360406,0,0
1602,505905025025,1,0
1603,505910048127,1,0
1604,505915068813,0,0
1605,505920651547,1,0
1606,505925927147,0,0
1607,505931350864,0,0
1608,505937078660,1,0
1609,505942255630,0,0
1610,505947731532,0,0
1611,505953488478,1,0
1612,505958787449,1,0
1613,505963948893,1,0
1614,505969134020,1,0
1615,505974289939,1,0
1616,505979471837,1,0
1617,505984654624,1,0
1618,505989736661,1,0
1619,505994867603,0,0
1620,506000508140,1,0
1621,506005666053,0,0
1622,506011125143,0,0
1623,506016627272,1,0
1624,506021944081,1,0
1625,506027047481,0,0
1626,506032875126,0,0
1627,506038551460,1,0
1628,506043773893,1,0
1629,506049235648,1,0
1630,506054292387,0,0
1631,506059639339,0,0
1632,506065296336,1,0
1633,506070530326,0,0
1634,506076210764,0,0
1635,506081805404,1,0
1636,506086871630,1,0
1637,506091977225,1,0
1638,506097057579,0,0
1639,506102594848,1,0
1640,506107851311,1,0
1641,506112880883,1,0
1642,506117989886,0,0
1643,506123585772,1,0
1644,506128822615,1,0
1645,506133943144,1,0
1646,506139024866,0,0
1647,506144688778,1,0
1648,506149809769,0,0
1649,506155523115,0,0
1650,506161069495,1,0
1651,506166256730,1,0
1652,506171537844,1,0
1653,506176760479,0,0
1654,506182351504,1,0
1655,506187497403,0,0
1656,506193136427,1,0
1657,506198289164,0,0
1658,506203970915,0,0
1659,506209382642,1,0
1660,506214590448,1,0
1661,506220061771,0,0
1662,506225592612,0,0
1663,506231066770,1,0
1664,506236265565,0,0
1665,506241642660,0,0
1666,506247318582,0,0
1667,506252934755,1,0
1668,506258051298,0,0
1669,506263620811,0,0
1670,506269065213,1,0
1671,506274116408,0,0
1672,506279801544,0,0
1673,506285355400,0,0
1674,506291138265,1,0
1675,506296283581,1,0
1676,506301560585,0,0
1677,506307323934,0,0
1678,506312734779,1,0
1679,506318051219,1,0
1680,506323140143,1,0
1681,506328226583,1,0
1682,506333301842,1,0
1683,506338392234,0,0
1684,506343639431,1,0
1685,506348720786,0,0
1686,506354259127,1,0
1687,506359303956,1,0
1688,506364330577,0,0
1689,506370122420,1,0
1690,506375279578,0,0
1691,506380518270,0,0
1692,506386063612,0,0
1693,506391470290,1,0
1694,506396685688,1,0
1695,506401830607,0,0
1696,506407347951,1,0
1697,506412419084,0,0
1698,506417755299,0,0
1699,506423421753,0,0
1700,506428758214,1,0
1701,506433909367,1,0
1702,506439015273,1,0
1703,506444059411,1,0
1704,506449275013,1,0
1705,506454331119,1,0
1706,506459461176,1,0
1707,506464661068,0,0
1708,506470413339,0,0
1709,506476139267,0,0
1710,506481523682,1,0
1711,506486816393,0,0
1712,506492373186,0,0
1713,506497879341,0,0
1714,506503374405,1,0
1715,506508474794,0,0
1716,506514061637,1,0
1717,506519067202,0,0
1718,506524791781,0,0
1719,506530448440,0,0
1720,506535913977,0,0
1721,506541451664,0,0
1722,506547046232,0,0
1723,506552330243,1,0
1724,506557431529,0,0
1725,506563071971,0,0
1726,506568681834,1,0
1727,506573918267,0,0
1728,506579442479,0,0
1729,506585026932,1,0
1730,506590066532,0,0
1731,506595604234,0,0
1732,506601030008,1,0
1733,506606098872,0,0
1734,506611540863,0,0
1735,506616922788,1,0
1736,506622013197,0,0
1737,506627499933,0,0
1738,506633031075,0,0
1739,506638488756,0,0
1740,506643853281,0,0
1741,506649156843,1,0
1742,506654282101,1,0
1743,506659332200,1,0
1744,506664413108,1,0
1745,506669469685,0,0
1746,506675116129,1,0
1747,506680206693,1,0
1748,506685433154,1,0
1749,506690538372,1,0
1750,506695734209,0,0
1751,506701583540,1,0
1752,506706550316,0,0
1753,506712161786,1,0
1754,506717292523,0,0
1755,506723060926,1,0
1756,506728154973,1,0
1757,506733297374,1,0
1758,506738569319,0,0
1759,506744171774,0,0
1760,506749966148,1,0
1761,506755026564,0,0
1762,506760454953,1,0
1763,506765558653,1,0
1764,506770818882,0,0
1765,506776682154,1,0
1766,506781946001,0,0
1767,506787911042,1,0
1768,506793226844,1,0
1769,506798497917,0,0
1770,506804067454,1,0
1771,506809122164,0,0
1772,506814785034,0,0
1773,506820319736,1,0
1774,506825493685,1,0
1775,506830722413,1,0
1776,506835884357,0,0
1777,506841547707,0,0
1778,506847134461,0,0
1779,506852846491,0,0
1780,506858411169,1,0
1781,506863666556,0,0
1782,506869280047,1,0
1783,506874459097,0,0
1784,506880044600,0,0
1785,506885555987,1,0
1786,506890744249,0,0
1787,506896346039,1,0
1788,506901578204,1,0
1789,506906988926,1,0
1790,506912134461,0,0
1791,506917858195,0,0
1792,506923404042,1,0
1793,506928568999,0,0
1794,506934280185,1,0
1795,506939502999,1,0
1796,506944763597,0,0
1797,506950430294,1,0
1798,506955738591,0,0
1799,506961466461,1,0
1800,506966727567,0,0
1801,506972421903,1,0
1802,506977584779,0,0
1803,506983058065,0,0
1804,506988459394,0,0
1805,506994080631,0,0
1806,506999854187,1,0
1807,507004923098,0,0
1808,507010394221,1,0
1809,507015651131,0,0
1810,507021366400,1,0
1811,507026631004,1,0
1812,507031715074,1,0
1813,507036918168,0,0
1814,507042551718,0,0
1815,507048056981,0,0
1816,507053653996,0,0
1817,507059183505,0,0
1818,507064866993,0,0
1819,507070501386,1,0
1820,507075774405,0,0
1821,507081339568,0,0
1822,507086914665,0,0
1823,507092403077,0,0
1824,507098257362,1,0
1825,507103502560,0,0
1826,507109151056,0,0
1827,507114533345,1,0
1828,507119713500,0,0
1829,507125436190,0,0
1830,507131292295,1,0
1831,507136496104,0,0
1832,507142123662,0,0
1833,507147871910,0,0
1834,507153424748,0,0
1835,507159038339,0,0
1836,507164380951,0,0
1837,507170192005,0,0
1838,507175930163,0,0
1839,507181469667,1,0
1840,507186631445,0,0
1841,507192109713,0,0
1842,507197915129,0,0
1843,507203561778,0,0
1844,507208986022,1,0
1845,507214066879,0,0
1846,507219829978,0,0
1847,507225355091,1,0
1848,507230650831,0,0
1849,507236421448,0,0
1850,507242052535,0,0
1851,507247577783,1,0
1852,507252691837,0,0
1853,507258470435,0,0
1854,507264133111,1,0
1855,507269485946,1,0
1856,507274731677,0,0
1857,507280234028,0,0
1858,507285766009,0,0
1859,507291606523,1,0
1860,507297039298,1,0
1861,507302159523,0,0
1862,507307497628,0,0
1863,507312843484,1,0
1864,507318061808,1,0
1865,507323215098,1,0
1866,507328254764,0,0
1867,507333779520,1,0
1868,507339550147,1,0
1869,507344783025,0,0
1870,507350402827,0,0
1871,507356017081,0,0
1872,507361589481,0,0
1873,507367304577,1,0
1874,507372562591,1,0
1875,507377979912,0,0
1876,507383229495,0,0
1877,507388784568,0,0
1878,507394243559,0,0
1879,507399813420,0,0
1880,507405418191,1,0
1881,507410592672,1,0
1882,507415842809,0,0
1883,507421320578,1,0
1884,507426468121,0,0
1885,507432067179,0,0
1886,507437803695,0,0
1887,507443287732,0,0
1888,507448809097,1,0
1889,507453941431,1,0
1890,507459070003,1,0
1891,507464204407,1,0
1892,507469316383,1,0
1893,507474610174,1,0
1894,507482603736,0,0
1895,507488238066,1,0
1896,507493276170,1,0
1897,507498425145,1,0
1898,507503566065,1,0
1899,507508687487,0,0
1900,507514249742,1,0
1901,507519301179,1,0
1902,507524417020,0,0
1903,507530296784,0,0
1904,507536055743,0,0
1905,507541592373,0,0
1906,507547107684,1,0
1907,507552222284,1,0
1908,507557297049,0,0
1909,507562935666,0,0
1910,507568610560,1,0
1911,507573701304,1,0
1912,507578780860,1,0
1913,507583875791,0,0
1914,507589324946,0,0
1915,507594865777,1,0
1916,507599979646,1,0
1917,507605188673,1,0
1918,507610223666,1,0
1919,507615260811,1,0
1920,507620491347,1,0
1921,507625605386,1,0
1922,507630707452,1,0
1923,507635874806,0,0
1924,507641343985,1,0
1925,507646409814,0,0
1926,507651823555,0,0
1927,507657465401,1,0
1928,507662583014,1,0
1929,507667643746,0,0
1930,507673033969,0,0
1931,507678263150,0,0
1932,507683514817,0,0
1933,507688842044,0,0
1934,507694267729,0,0
1935,507699632343,1,0
1936,507704850189,0,0
1937,507710544698,0,0
1938,507716327953,0,0
1939,507722053924,1,0
1940,507727184789,0,0
1941,507733033001,1,0
1942,507738140874,1,0
1943,507743259278,1,0
1944,507748384479,0,0
1945,507753906669,0,0
1946,507759551070,1,0
1947,507764701366,0,0
1948,507770346111,0,0
1949,507775862273,1,0
1950,507780916554,0,0
1951,507786389558,1,0
1952,507791435145,1,0
1953,507796464448,1,0
1954,507801485911,0,0
1955,507807126353,1,0
1956,507812259642,0,0
1957,507817878028,0,0
1958,507823308251,1,0
1959,507828430798,1,0
1960,507833542157,1,0
1961,507838678821,0,0
1962,507844464731,1,0
1963,507849772390,1,0
1964,507855055843,0,0
1965,507860754928,0,0
1966,507866471078,1,0
1967,507871718225,1,0
1968,507877142241,1,0
1969,507882276941,1,0
1970,507887502958,0,0
1971,507893306861,0,0
1972,507899050890,1,0
1973,507904128920,1,0
1974,507909286877,1,0
1975,507914549998,1,0
1976,507919821226,0,0
1977,507925372529,0,0
1978,507931067282,0,0
1979,507936651660,0,0
1980,507942228428,0,0
1981,507947870302,0,0
1982,507953438728,0,0
1983,507959056903,0,0
1984,507964678345,1,0
1985,507969755950,0,0
1986,507975356211,1,0
1987,507980555740,1,0
1988,507985760739,0,0
1989,507991449070,1,0
1990,507996724221,0,0
1991,508002364986,0,0
1992,508007726877,0,0
1993,508013456003,0,0
1994,508019167711,1,0
1995,508024324748,0,0
1996,508029871665,0,0
1997,508035598799,0,0
1998,508041267425,1,0
1999,508046444286,0,0
2000,508052144428,1,0
2001,508057311279,1,0
2002,508062596596,1,0
2003,508067692896,1,0
2004,508072785943,0,0
2005,508078254012,1,0
2006,508083378526,0,0
2007,508088808896,1,0
2008,508094014878,1,0
2009,508099043710,1,0
2010,508104258879,0,0
2011,508109890773,1,0
2012,508114911923,0,0
2013,508120627851,1,0
2014,508125733655,1,0
2015,508130839943,0,0
2016,508136331354,1,0
2017,508141490785,1,0
2018,508146641958,1,0
2019,508151767567,0,0
2020,508157435271,0,0
2021,508163061188,0,0
2022,508168905636,0,0
2023,508174878716,1,0
2024,508179873655,0,0
2025,508185440545,1,0
2026,508190698068,1,0
2027,508195978095,1,0
2028,508201118852,0,0
2029,508206679137,0,0
2030,508212230629,0,0
2031,508217753509,0,0
2032,508223531874,1,0
2033,508228856046,1,0
2034,508233973314,1,0
2035,508239054814,0,0
2036,508244598933,0,0
2037,508250195449,1,0
2038,508255283399,1,0
2039,508260392627,0,0
2040,508265948379,0,0
2041,508271434637,1,0
2042,508276471204,1,0
2043,508281556337,1,0
2044,508286661590,1,0
2045,508291702857,0,0
2046,508297432431,0,0
2047,508302922124,0,0
2048,508308394044,0,0
2049,508313905474,1,0
2050,508319154581,0,0
2051,508324706692,1,0
2052,508329739092,0,0
2053,508335352800,0,0
2054,508340918822,0,0
2055,508346504460,1,0
2056,508351685252,1,0
2057,508356755394,0,0
2058,508362617601,1,0
2059,508368100383,0,0
2060,508373922263,0,0
2061,508379647507,0,0
2062,508385448546,0,0
2063,508391051473,1,0
2064,508396342617,1,0
2065,508401704199,0,0
2066,508407433618,0,0
2067,508413071638,1,0
2068,508418204431,1,0
2069,508423364449,0,0
2070,508428969115,1,0
2071,508434125892,0,0
2072,508439562658,0,0
2073,508445061117,0,0
2074,508450450461,0,0
2075,508456190284,1,0
2076,508461505240,1,0
2077,508466694837,1,0
2078,508471839055,1,0
2079,508477068276,1,0
2080,508482500487,1,0
2081,508487703126,0,0
2082,508493218222,0,0
2083,508498776985,0,0
2084,508504340928,0,0
2085,508510038387,1,0
2086,508515056896,1,0
2087,508520174798,1,0
2088,508525269814,1,0
2089,508530481836,1,0
2090,508535713077,1,0
2091,508540760722,0,0
2092,508546341582,0,0
2093,508551930581,1,0
2094,508557070933,0,0
2095,508562708233,0,0
2096,508568380678,0,0
2097,508573950870,1,0
2098,508579045669,0,0
2099,508584576065,1,0
2100,508589711692,0,0
2101,508595504959,1,0
2102,508600713578,0,0
2103,508606391773,1,0
2104,508611596662,0,0
2105,508617063317,0,0
2106,508622801555,0,0
2107,508628220531,1,0
2108,508633240800,0,0
2109,508638712543,1,0
2110,508643804049,0,0
2111,508649247876,0,0
2112,508654889333,0,0
2113,508660348154,1,0
2114,508665561874,0,0
2115,508671213713,1,0
2116,508676237658,1,0
2117,508681226466,0,0
2118,508686584753,0,0
2119,508692183158,1,0
2120,508697316066,0,0
2121,508702942493,0,0
2122,508708666852,0,0
2123,508714272890,1,0
2124,508719411518,1,0
2125,508724479572,0,0
2126,508729957983,0,0
2127,508735526478,1,0
2128,508740853536,1,0
2129,508746150846,0,0
2130,508751484385,1,0
2131,508756693943,0,0
2132,508762291955,1,0
2133,508767579162,1,0
2134,508772754033,0,0
2135,508778352887,1,0
2136,508783623368,0,0
2137,508789444686,0,0
2138,508795425534,0,0
2139,508801071230,1,0
2140,508806140170,1,0
2141,508811257786,0,0
2142,508816886560,1,0
2143,508821989204,0,0
2144,508827434333,0,0
2145,508833082350,1,0
2146,508838429957,0,0
2147,508844072206,0,0
2148,508849863493,1,0
2149,508854934356,1,0
2150,508860053402,0,0
2151,508865386832,1,0
2152,508870623445,1,0
2153,508875920579,1,0
2154,508881104236,1,0
2155,508886439968,1,0
2156,508891713139,0,0
2157,508897128590,0,0
2158,508902712186,0,0
2159,508908292576,1,0
2160,508913504100,1,0
2161,508918627496,1,0
2162,508923855985,0,0
2163,508929360887,0,0
2164,508934751518,1,0
2165,508939930323,0,0
2166,508945806135,0,0
2167,508951669122,1,0
2168,508957036876,1,0
2169,508962710550,1,0
2170,508968046696,1,0
2171,508973107482,1,0
2172,508978349233,0,0
2173,508983712492,0,0
2174,508989607544,0,0
2175,508995116743,1,0
2176,509000258008,1,0
2177,509005319594,1,0
2178,509010345796,1,0
2179,509015353070,1,0
2180,509020513842,1,0
2181,509025635947,0,0
2182,509031140171,0,0
2183,509036596234,0,0
2184,509042121465,1,0
2185,509047269021,0,0
2186,509052810630,0,0
2187,509058328495,1,0
2188,509063403642,0,0
2189,509069061397,0,0
2190,509074838666,1,0
2191,509080493022,0,0
2192,509086055198,1,0
2193,509091210560,0,0
2194,509096788328,0,0
2195,509102345854,0,0
2196,509107934100,1,0
2197,509113506236,1,0
2198,509118861543,0,0
2199,509124365751,0,0
2200,509129938862,1,0
2201,509135074409,1,0
2202,509140436404,1,0
2203,509145763572,1,0
2204,509151229783,0,0
2205,509156847191,1,0
2206,509162063864,0,0
2207,509167689567,1,0
2208,509173203068,1,0
2209,509178391990,1,0
2210,509183628652,1,0
2211,509188764444,0,0
2212,509194684262,0,0
2213,509200419247,1,0
2214,509205551406,0,0
2215,509211270730,0,0
2216,509216783507,0,0
2217,509222332708,1,0
2218,509227535880,1,0
2219,509232732579,1,0
2220,509238058697,0,0
2221,509243520871,1,0
2222,509248552060,0,0
2223,509254323794,0,0
2224,509260280766,1,0
2225,509265457115,0,0
2226,509270933821,1,0
2227,509275973896,1,0
2228,509281081234,0,0
2229,509286758159,1,0
2230,509291872879,1,0
2231,509297011740,0,0
2232,509302628626,0,0
2233,509308402661,0,0
2234,509313850492,1,0
2235,509318949326,0,0
2236,509324506847,1,0
2237,509329616897,0,0
2238,509335050095,0,0
2239,509340573115,1,0
2240,509345854407,1,0
2241,509350895209,0,0
2242,509356750142,1,0
2243,509361854001,1,0
2244,509366916242,1,0
2245,509371991143,1,0
2246,509377026518,1,0
2247,509382051035,1,0
2248,509387117475,0,0
2249,509393132630,0,0
2250,509398453183,0,0
2251,509404047735,0,0
2252,509409547490,0,0
2253,509415047537,0,0
2254,509420626212,1,0
2255,509426159025,1,0
2256,509431360280,0,0
2257,509437074043,0,0
2258,509442884182,1,0
2259,509448240862,1,0
2260,509453484501,0,0
2261,509459279521,0,0
2262,509464781259,1,0
2263,509469878076,1,0
2264,509475052538,1,0
2265,509480061817,0,0
2266,509485929972,1,0
2267,509491067575,0,0
2268,509496768135,0,0
2269,509502449137,0,0
2270,509508066246,1,0
2271,509513221622,0,0
2272,509518751873,0,0
2273,509524402872,1,0
2274,509529444951,1,0
2275,509534529630,1,0
2276,509539605629,1,0
2277,509544681392,0,0
2278,509550179274,0,0
2279,509555738067,1,0
2280,509560877992,1,0
2281,509565940634,0,0
2282,509571285404,1,0
2283,509576313827,0,0
2284,509581785975,0,0
2285,509587429387,1,0
2286,509592770065,1,0
2287,509597911795,0,0
2288,509603343598,1,0
2289,509608406764,0,0
2290,509613863801,1,0
2291,509618967974,1,0
2292,509624048115,1,0
2293,509629146187,1,0
2294,509634203852,0,0
2295,509639588576,1,0
2296,509644668728,0,0
2297,509650387520,1,0
2298,509655538946,1,0
2299,509660628456,0,0
2300,509666328915,0,0
2301,509671902348,0,0
2302,509677664372,1,0
2303,509682976348,0,0
2304,509688588925,1,0
2305,509694445805,0,0
2306,509700162052,0,0
2307,509705896757,0,0
2308,509711407915,0,0
2309,509717183913,1,0
2310,509722447331,1,0
2311,509727641482,0,0
2312,509733371626,0,0
2313,509739072358,0,0
2314,509744687885,1,0
2315,509749804351,1,0
2316,509754944019,1,0
2317,509760042966,1,0
2318,509765165217,0,0
2319,509770701134,0,0
2320,509776276393,0,0
2321,509781752157,0,0
2322,509787812683,1,0
2323,509793012139,0,0
2324,509798461889,1,0
2325,509803569135,0,0
2326,509809131129,1,0
2327,509814203907,1,0
2328,509819205293,1,0
2329,509824198047,1,0
2330,509829208832,0,0
2331,509834714581,0,0
2332,509840237105,0,0
2333,509845852954,0,0
2334,509851405277,0,0
2335,509857043732,1,0
2336,509862236960,1,0
2337,509867279511,1,0
2338,509872394818,0,0
2339,509877905371,0,0
2340,509883508558,1,0
2341,509888718243,1,0
2342,509893990876,0,0
2343,509899450565,0,0
2344,509904963449,0,0
2345,509910337572,0,0
2346,509915877947,0,0
2347,509921391759,0,0
2348,509926919222,0,0
2349,509932566685,1,0
2350,509937811337,1,0
2351,509943180524,1,0
2352,509948253251,0,0
2353,509953945834,1,0
2354,509959458203,0,0
2355,509965058719,0,0
2356,509970530744,1,0
2357,509975730946,1,0
2358,509980894852,1,0
2359,509986440967,1,0
2360,509991699345,0,0
2361,509997189836,0,0
2362,510002997245,1,0
2363,510008152071,0,0
2364,510013710192,1,0
2365,510019031487,0,0
2366,510024591184,1,0
2367,510029725086,1,0
2368,510034772823,1,0
2369,510039811220,1,0
2370,510044900987,0,0
2371,510050372497,1,0
2372,510055432270,1,0
2373,510060482092,1,0
2374,510065550627,0,0
2375,510071049171,0,0
2376,510076436646,0,0
2377,510082067797,0,0
2378,510087480904,0,0
2379,510093160552,0,0
2380,510098590605,0,0
2381,510104061821,0,0
2382,510109477122,1,0
2383,510114540780,0,0
2384,510120329313,0,0
2385,510125845221,0,0
2386,510131491602,0,0
2387,510137207782,1,0
2388,510142193009,1,0
2389,510147253231,1,0
2390,510152532292,1,0
2391,510157724949,0,0
2392,510163360728,1,0
2393,510168576054,1,0
2394,510173775754,0,0
2395,510179393465,0,0
2396,510185067868,0,0
2397,510190620756,1,0
2398,510196045710,1,0
2399,510200968339,1,0
2400,510206065739,1,0
2401,510211201108,0,0
2402,510216402611,0,0
2403,510221825063,0,0
2404,510227434643,0,0
2405,510232928646,0,0
2406,510238235179,0,0
2407,510243475963,0,0
2408,510248903043,1,0
2409,510253974626,1,0
2410,510259064441,1,0
2411,510264172798,0,0
2412,510269719866,1,0
2413,510274833319,0,0
2414,510280128642,1,0
2415,510285240488,1,0
2416,510290294544,1,0
2417,510295362393,1,0
2418,510300460249,1,0
2419,510305573457,0,0
2420,510311050088,0,0
2421,510316406231,0,0
2422,510321789931,0,0
2423,510327164226,1,0
2424,510332406533,0,0
2425,510337962595,0,0
2426,510343221990,0,0
2427,510348512203,1,0
2428,510353705955,1,0
2429,510358880095,0,0
2430,510364258084,0,0
2431,510369529103,1,0
2432,510374721792,1,0
2433,510380111223,0,0
2434,510388111144,0,0
2435,510393585181,1,0
2436,510398825774,1,0
2437,510404033522,0,0
2438,510409423422,0,0
2439,510414788896,1,0
2440,510420038253,1,0
2441,510425174208,0,0
2442,510430612643,1,0
2443,510436212725,0,0
2444,510442059200,1,0
2445,510447283175,1,0
2446,510452523208,1,0
2447,510457769953,1,0
2448,510462950932,1,0
2449,510468119123,0,0
2450,510473535103,0,0
2451,510479061831,1,0
2452,510484251443,0,0
2453,510489862357,1,0
2454,510494946790,0,0
2455,510500559541,1,0
2456,510505652031,1,0
2457,510510857361,0,0
2458,510516288652,0,0
2459,510521461107,1,0
2460,510526635132,0,0
2461,510532147211,0,0
2462,510537717064,1,0
2463,510543076846,0,0
2464,510548639832,1,0
2465,510553737908,0,0
2466,510559413659,0,0
2467,510564924063,0,0
2468,510570479948,1,0
2469,510575643906,1,0
2470,510580788990,0,0
2471,510586144662,0,0
2472,510591477089,1,0
2473,510596647335,1,0
2474,510601853858,0,0
2475,510607210128,1,0
2476,510612265712,1,0
2477,510617278718,1,0
2478,510622314311,0,0
2479,510627556699,0,0
2480,510633044344,1,0
2481,510638045295,1,0
2482,510643052600,0,0
2483,510648350055,0,0
2484,510653888502,1,0
2485,510658973145,1,0
2486,510664062303,0,0
2487,510669733837,1,0
2488,510674849017,1,0
2489,510679938996,0,0
2490,510685536485,1,0
2491,510690983135,1,0
2492,510696206110,1,0
2493,510701371007,1,0
2494,510706566913,0,0
2495,510712306241,1,0
2496,510717525371,0,0
2497,510722996431,0,0
2498,510728402464,1,0
2499,510733576345,0,0
2500,510739218755,1,0
2501,510744688862,1,0
2502,510750134216,0,0
2503,510755700040,1,0
2504,510760850313,1,0
2505,510765929873,1,0
2506,510770907200,0,0
2507,510776255249,1,0
2508,510781267522,0,0
2509,510786525410,1,0
2510,510791546013,1,0
2511,510796659507,0,0
2512,510802050097,0,0
2513,510807468909,0,0
2514,510813062708,0,0
2515,510818754272,1,0
2516,510824178846,1,0
2517,510829272728,1,0
2518,510834468009,0,0
2519,510839918018,0,0
2520,510845343801,0,0
2521,510850842056,1,0
2522,510856071291,1,0
2523,510861261668,0,0
2524,510866760925,1,0
2525,510871885861,1,0
2526,510877085114,0,0
2527,510882578190,1,0
2528,510887767138,1,0
2529,510893232164,1,0
2530,510898396564,1,0
2531,510903509085,1,0
2532,510908619139,1,0
2533,510913731270,0,0
2534,510919304568,1,0
2535,510924404689,1,0
2536,510929491058,1,0
2537,510934599403,1,0
2538,510939880106,0,0
2539,510945298827,0,0
2540,510950963258,1,0
2541,510956080826,1,0
2542,510961276376,0,0
2543,510966608393,1,0
2544,510971698293,0,0
2545,510977297747,0,0
2546,510982894366,0,0
2547,510988450485,0,0
2548,510993897571,1,0
2549,510998980167,0,0
2550,511004247080,1,0
2551,511009396220,0,0
2552,511014831578,1,0
2553,511020073914,1,0
2554,511025322118,1,0
2555,511030656941,1,0
2556,511035923904,1,0
2557,511041114765,1,0
2558,511046431543,1,0
2559,511051516224,0,0
2560,511057020649,1,0
2561,511062124074,1,0
2562,511067233093,1,0
2563,511072302963,1,0
2564,511077417753,1,0
2565,511082495686,1,0
2566,511087588019,1,0
2567,511092732869,0,0
2568,511098096537,0,0
2569,511103464332,0,0
2570,511108896612,0,0
2571,511114325312,0,0
2572,511119844691,0,0
2573,511125168414,1,0
2574,511130287798,1,0
2575,511135702853,0,0
2576,511141483826,1,0
2577,511146753031,0,0
2578,511152458730,0,0
2579,511158115683,1,0
2580,511163426667,1,0
2581,511168597655,0,0
2582,511174233735,0,0
2583,511179591377,0,0
2584,511184847749,0,0
2585,511190207965,1,0
2586,511195340652,1,0
2587,511200448903,0,0
2588,511205947640,1,0
2589,511211036022,0,0
2590,511216752500,0,0
2591,511222527315,1,0
2592,511227810021,0,0
2593,511233263618,1,0
2594,511238459917,0,0
2595,511243879658,1,0
2596,511248985040,1,0
2597,511254103389,1,0
2598,511259228293,1,0
2599,511264276458,1,0
2600,511269546691,1,0
2601,511274986245,0,0
2602,511280237424,0,0
2603,511285713096,0,0
2604,511291275136,1,0
2605,511296438009,0,0
2606,511302055249,1,0
2607,511307155563,0,0
2608,511312628914,0,0
2609,511318330838,0,0
2610,511324030534,1,0
2611,511329157327,1,0
2612,511334152968,0,0
2613,511340174339,1,0
2614,511345240823,1,0
2615,511350448432,0,0
2616,511355931287,1,0
2617,511361134491,1,0
2618,511366407835,0,0
2619,511371889334,1,0
2620,511377017378,0,0
2621,511382523204,1,0
2622,511387775540,0,0
2623,511393457025,0,0
2624,511398917761,1,0
2625,511404064720,0,0
2626,511409658016,1,0
2627,511415480361,0,0
2628,511421119650,0,0
2629,511426645562,1,0
2630,511431759460,1,0
2631,511436946419,1,0
2632,511442115831,1,0
2633,511447429090,0,0
2634,511453194158,0,0
2635,511458814179,1,0
2636,511463993730,1,0
2637,511469175248,1,0
2638,511474290809,0,0
2639,511479536271,0,0
2640,511484832792,1,0
2641,511490043842,1,0
2642,511495078007,0,0
2643,511500590167,0,0
2644,511506061716,0,0
2645,511511365645,1,0
2646,511516709633,1,0
2647,511522052826,0,0
2648,511527617835,0,0
2649,511533128881,0,0
2650,511538634516,0,0
2651,511544058034,0,0
2652,511549572804,0,0
2653,511555058231,1,0
2654,511560265379,0,0
2655,511565929620,0,0
2656,511571562822,1,0
2657,511576777362,0,0
2658,511582385868,1,0
2659,511587518232,0,0
2660,511592939425,0,0
2661,511598264368,1,0
2662,511603386286,0,0
2663,511608950317,1,0
2664,511614106372,0,0
2665,511620024824,1,0
2666,511625413514,0,0
2667,511630895503,1,0
2668,511636380911,1,0
2669,511641650681,1,0
2670,511646896007,0,0
2671,511652277720,0,0
2672,511657692497,1,0
2673,511662909731,1,0
2674,511668046375,0,0
2675,511673463185,1,0
2676,511678620774,0,0
2677,511684182728,0,0
2678,511689737709,0,0
2679,511695437867,0,0
2680,511701193778,1,0
2681,511706266363,0,0
2682,511711893929,0,0
2683,511717469915,0,0
2684,511722947032,0,0
2685,511728508443,0,0
2686,511734276992,1,0
2687,511739529796,0,0
2688,511744989039,1,0
2689,511750124541,0,0
2690,511755754438,1,0
2691,511760873957,0,0
2692,511766618590,1,0
2693,511771916043,0,0
2694,511777468715,0,0
2695,511782919683,0,0
2696,511788239403,1,0
2697,511793297410,0,0
2698,511798561081,1,0
2699,511803763994,0,0
2700,511809332557,1,0
2701,511814436875,0,0
2702,511820048215,1,0
2703,511825112589,0,0
2704,511830724621,0,0
2705,511836425375,1,0
2706,511841697620,0,0
2707,511847366772,0,0
2708,511852936772,0,0
2709,511858344467,1,0
2710,511863738542,0,0
2711,511869515857,1,0
2712,511874727801,0,0
2713,511880194062,0,0
2714,511885869189,1,0
2715,511890928609,0,0
2716,511896588615,0,0
2717,511902418144,1,0
2718,511907624787,0,0
2719,511913060136,1,0
2720,511918181178,1,0
2721,511923260327,1,0
2722,511928518193,0,0
2723,511934288172,0,0
2724,511940080458,1,0
2725,511945508285,0,0
2726,511951064489,0,0
2727,511956501106,0,0
2728,511962069439,1,0
2729,511967225067,1,0
2730,511972479226,1,0
2731,511977773279,0,0
2732,511983168883,0,0
2733,511988645778,1,0
2734,511993916714,0,0
2735,511999270437,0,0
2736,512004669033,1,0
2737,512009968342,1,0
2738,512015020009,0,0
2739,512020318292,1,0
2740,512025532047,1,0
2741,512030825151,0,0
2742,512036340353,1,0
2743,512041580146,0,0
2744,512046945578,0,0
2745,512052356369,0,0
2746,512057667047,1,0
2747,512062955606,1,0
2748,512068043212,0,0
2749,512073447403,1,0
2750,512078640360,0,0
2751,512084151012,1,0
2752,512089164899,0,0
2753,512094450285,0,0
2754,512099849181,1,0
2755,512104991676,0,0
2756,512110887946,1,0
2757,512116217551,1,0
2758,512121310322,1,0
2759,512126586959,1,0
2760,512132187626,0,0
2761,512138044716,0,0
2762,512143585281,1,0
2763,512148833030,0,0
2764,512154399606,1,0
2765,512159615894,1,0
2766,512164831314,0,0
2767,512170387439,0,0
2768,512176044199,0,0
2769,512181560990,1,0
2770,512186754201,0,0
2771,512192504173,0,0
2772,512198131941,1,0
2773,512203311385,1,0
2774,512208435250,0,0
2775,512213932585,0,0
2776,512219534021,1,0
2777,512224792219,0,0
2778,512230410147,0,0
2779,512236020821,1,0
2780,512241135195,1,0
2781,512246344605,1,0
2782,512251554655,1,0
2783,512256790612,1,0
2784,512261896378,0,0
2785,512267375881,0,0
2786,512272946786,0,0
2787,512278342189,1,0
2788,512283461818,1,0
2789,512288631967,1,0
2790,512293764646,0,0
2791,512299229816,0,0
2792,512304697088,1,0
2793,512310028909,1,0
2794,512315221002,0,0
2795,512320714475,0,0
2796,512326055749,1,0
2797,512331128720,0,0
2798,512336339663,1,0
2799,512341400838,0,0
2800,512346895870,1,0
2801,512351974849,0,0
2802,512357410282,1,0
2803,512362445214,1,0
2804,512367569077,1,0
2805,512372767580,1,0
2806,512378025398,0,0
2807,512383665296,1,0
2808,512389179808,1,0
2809,512394158403,0,0
2810,512399834635,1,0
2811,512405064184,1,0
2812,512410206299,0,0
2813,512415847972,0,0
2814,512421501616,0,0
2815,512426967554,1,0
2816,512432247724,0,0
2817,512437587621,1,0
2818,512442808680,0,0
2819,512448473578,1,0
2820,512453726823,0,0
2821,512459267265,1,0
2822,512464541677,1,0
2823,512469839294,1,0
2824,512475143202,1,0
2825,512480551345,0,0
2826,512486197543,1,0
2827,512491372477,1,0
2828,512496381394,0,0
2829,512501588412,1,0
2830,512506715014,1,0
2831,512511899396,1,0
2832,512516954434,1,0
2833,512522039813,0,0
2834,512527412432,0,0
2835,512532656607,0,0
2836,512537815921,0,0
2837,512543049072,1,0
2838,512548300935,0,0
2839,512553547122,0,0
2840,512558826541,1,0
2841,512563955321,1,0
2842,512569044467,1,0
2843,512574207007,0,0
2844,512579485033,0,0
2845,512584770253,0,0
2846,512590327045,0,0
2847,512595590519,1,0
2848,512600863029,1,0
2849,512606032488,1,0
2850,512611124585,1,0
2851,512616215242,0,0
2852,512621644983,1,0
2853,512626770815,0,0
2854,512632426589,0,0
2855,512637729163,0,0
2856,512643479140,1,0
2857,512648719532,1,0
2858,512653772489,1,0
2859,512658861065,1,0
2860,512663968639,0,0
2861,512669349763,0,0
2862,512674905782,1,0
2863,512679995666,1,0
2864,512685054475,0,0
2865,512690532886,0,0
2866,512696048587,1,0
2867,512701125145,0,0
2868,512706577053,0,0
2869,512712022861,1,0
2870,512717161910,0,0
2871,512722883681,0,0
2872,512728269546,1,0
2873,512733669596,1,0
2874,512739048206,0,0
2875,512744653131,1,0
2876,512750097463,0,0
2877,512755598328,0,0
2878,512761050961,0,0
2879,512766382404,0,0
2880,512771637141,1,0
2881,512776881076,0,0
2882,512782379952,1,0
2883,512787714019,1,0
2884,512792958864,0,0
2885,512798493019,1,0
2886,512803862341,0,0
2887,512809545274,0,0
2888,512815095189,0,0
2889,512820569375,1,0
2890,512825779454,0,0
2891,512831444131,1,0
2892,512836779348,0,0
2893,512842412579,1,0
2894,512847603534,0,0
2895,512853222077,1,0
2896,512858342099,0,0
2897,512863649894,1,0
2898,512868946504,0,0
2899,512874626637,1,0
2900,512879751409,1,0
2901,512885042448,1,0
2902,512890119849,1,0
2903,512895234790,1,0
2904,512900286198,1,0
2905,512905463403,1,0
2906,512910751370,1,0
2907,512915952858,0,0
2908,512921875301,1,0
2909,512927106293,1,0
2910,512932416380,1,0
2911,512937513341,1,0
2912,512942647282,0,0
2913,512948430616,0,0
2914,512954220299,1,0
2915,512959482310,1,0
2916,512964894980,1,0
2917,512970030227,1,0
2918,512975154322,1,0
2919,512980562701,0,0
2920,512986175895,1,0
2921,512991310557,1,0
2922,512996475905,1,0
2923,513001633103,1,0
2924,513006793104,0,0
2925,513012464826,1,0
2926,513017600883,0,0
2927,513023223496,1,0
2928,513028298599,0,0
2929,513034024302,0,0
2930,513039448596,1,0
2931,513044593603,0,0
2932,513050092185,0,0
2933,513055761867,1,0
2934,513062390615,1,0
2935,513067783991,0,0
2936,513073853280,0,0
2937,513079437505,0,0
2938,513084928107,0,0
2939,513090275512,0,0
2940,513095792898,1,0
2941,513100960480,1,0
2942,513106098853,0,0
2943,513111600842,1,0
2944,513116771551,0,0
2945,513122353122,1,0
2946,513127715815,0,0
2947,513133755594,0,0
2948,513139045733,0,0
2949,513144692364,0,0
2950,513150567899,1,0
2951,513155780780,0,0
2952,513161584025,1,0
2953,513166970094,0,0
2954,513172872237,0,0
2955,513178527021,0,0
2956,513183968555,1,0
2957,513189165028,0,0
2958,513195208394,1,0
2959,513200517664,0,0
2960,513206174223,0,0
2961,513211645318,1,0
2962,513216744247,0,0
2963,513222391414,1,0
2964,513227468938,1,0
2965,513232527434,1,0
2966,513237628881,1,0
2967,513242793202,1,0
2968,513247903841,0,0
2969,513253550660,0,0
2970,513259111072,0,0
2971,513264590696,0,0
2972,513270016778,0,0
2973,513275604681,0,0
2974,513281100094,1,0
2975,513286274716,0,0
2976,513291853271,0,0
2977,513297181250,0,0
2978,513302833760,0,0
2979,513308413936,1,0
2980,513313550925,1,0
2981,513318662736,0,0
2982,513324235444,1,0
2983,513329296176,0,0
2984,513334482497,1,0
2985,513339537247,1,0
2986,513344638758,1,0
2987,513349838153,1,0
2988,513354957937,0,0
2989,513360453678,1,0
2990,513365518190,1,0
2991,513370573496,1,0
2992,513375679384,1,0
2993,513380838286,0,0
2994,513386390941,0,0
2995,513391985411,0,0
2996,513397517786,0,0
2997,513403037920,0,0
2998,513408440702,0,0
2999,513414036801,1,0
3000,513419277442,1,0
3001,513424493582,1,0
3002,513429616744,1,0
3003,513434745839,1,0
3004,513439885345,0,0
3005,513445746063,0,0
3006,513451617441,1,0
3007,513456925944,0,0
3008,513462813618,1,0
3009,513467886175,1,0
3010,513473023741,1,0
3011,513478186153,0,0
3012,513483608022,0,0
3013,513489205757,0,0
3014,513494659640,0,0
3015,513500128363,1,0
3016,513505231721,1,0
3017,513510282180,0,0
3018,513515930963,0,0
3019,513521427700,0,0
3020,513527046278,0,0
3021,513532685707,0,0
3022,513538229529,0,0
3023,513543938987,1,0
3024,513549016798,0,0
3025,513554484424,0,0
3026,513560063970,0,0
3027,513565373661,1,0
3028,513570448054,0,0
3029,513576059533,1,0
3030,513581222710,1,0
3031,513586259574,0,0
3032,513591803643,0,0
3033,513597423513,1,0
3034,513602528282,1,0
3035,513607783918,0,0
3036,513613515143,0,0
3037,513619090425,1,0
3038,513624226342,1,0
3039,513629457555,1,0
3040,513634688298,0,0
3041,513640451665,1,0
3042,513645663810,0,0
3043,513651265789,1,0
3044,513656433985,0,0
3045,513661737472,1,0
3046,513666964521,1,0
3047,513672153507,0,0
3048,513677812943,0,0
3049,513683401995,0,0
3050,513688996829,0,0
3051,513694570910,0,0
3052,513700051312,0,0
3053,513705625945,0,0
3054,513711318837,1,0
3055,513716527378,1,0
3056,513721747673,0,0
3057,513727221056,0,0
3058,513732822999,1,0
3059,513737891898,1,0
3060,513743016563,0,0
3061,513748313838,1,0
3062,513753528274,0,0
3063,513759129553,0,0
3064,513764699519,1,0
3065,513770030524,1,0
3066,513775132125,1,0
3067,513780266493,1,0
3068,513785436483,1,0
3069,513790474546,0,0
3070,513795905787,1,0
3071,513800939507,0,0
3072,513806336765,1,0
3073,513811399659,0,0
3074,513817039283,0,0
3075,513822502042,0,0
3076,513828187034,0,0
3077,513833759680,1,0
3078,513838835393,1,0
3079,513843993163,0,0
3080,513849457887,1,0
3081,513854652793,0,0
3082,513860283238,0,0
3083,513865993146,1,0
3084,513871101517,0,0
3085,513876769926,0,0
3086,513882255090,0,0
3087,513887676100,1,0
3088,513892776670,0,0
3089,513898354224,0,0
3090,513903896726,0,0
3091,513909345773,1,0
3092,513914554631,0,0
3093,513920159100,1,0
3094,513925286277,1,0
3095,513930508879,0,0
3096,513936196168,1,0
3097,513941297861,0,0
3098,513947051481,0,0
3099,513952622556,1,0
3100,513957879506,0,0
3101,513963614063,1,0
3102,513968791356,1,0
3103,513973985148,1,0
3104,513979133120,1,0
3105,513984346303,0,0
3106,513989861311,1,0
3107,513994999558,1,0
3108,514000144278,0,0
3109,514005905157,0,0
3110,514011586520,0,0
3111,514017131901,1,0
3112,514022456642,0,0
3113,514028181708,1,0
3114,514033607843,1,0
3115,514038856887,0,0
3116,514044323718,1,0
3117,514049531721,1,0
3118,514054772947,0,0
3119,514060370119,1,0
3120,514065725552,0,0
3121,514071241539,0,0
3122,514076869372,1,0
3123,514082045201,0,0
3124,514087554437,1,0
3125,514092832699,0,0
3126,514098596666,1,0
3127,514103996674,0,0
3128,514109693795,1,0
3129,514114828048,1,0
3130,514119994727,1,0
3131,514125198378,0,0
3132,514130899740,0,0
3133,514136784876,1,0
3134,514141992002,1,0
3135,514147196641,1,0
3136,514152293451,0,0
3137,514157934650,0,0
3138,514163592575,1,0
3139,514168822583,0,0
3140,514174438520,0,0
3141,514180036033,1,0
3142,514185167260,0,0
3143,514190882139,1,0
3144,514195936316,0,0
3145,514201576562,1,0
3146,514206844637,0,0
3147,514212508669,0,0
3148,514218034069,0,0
3149,514223430248,1,0
3150,514228699603,0,0
3151,514234119055,1,0
3152,514239313167,0,0
3153,514245041701,1,0
3154,514250171862,0,0
3155,514255795148,0,0
3156,514261282342,0,0
3157,514266802495,0,0
3158,514272352399,0,0
3159,514277932304,1,0
3160,514283045822,1,0
3161,514288178099,1,0
3162,514293324131,0,0
3163,514298773727,1,0
3164,514303938514,0,0
3165,514309517001,1,0
3166,514314891665,0,0
3167,514320324817,1,0
3168,514325552438,0,0
3169,514331121934,1,0
3170,514336220968,1,0
3171,514341278919,1,0
3172,514346325138,0,0
3173,514351800528,1,0
3174,514357040318,0,0
3175,514362413830,0,0
3176,514367825777,1,0
3177,514372965629,0,0
3178,514378377709,1,0
3179,514383717283,1,0
3180,514388781863,0,0
3181,514394204882,0,0
3182,514399498633,1,0
3183,514404532670,0,0
3184,514409871422,1,0
3185,514415137814,0,0
3186,514420640429,1,0
3187,514425908939,0,0
3188,514431616744,1,0
3189,514436796111,0,0
3190,514442294402,0,0
3191,514448525165,1,0
3192,514453465032,0,0
3193,514459019854,0,0
3194,514464376359,0,0
3195,514469640874,0,0
3196,514475170197,0,0
3197,514480731566,1,0
3198,514486025970,1,0
3199,514493970566,0,0
3200,514499102374,0,0
3201,514505422589,1,0
3202,514510418032,0,0
3203,514516020874,1,0
3204,514521023249,0,0
3205,514526458464,0,0
3206,514531933003,0,0
3207,514537592855,0,0
3208,514543318512,0,0
3209,514549227802,1,0
3210,514554284139,1,0
3211,514560388518,0,0
3212,514566025082,1,0
3213,514570939421,1,0
3214,514576075287,0,0
3215,514581651935,1,0
3216,514586905463,1,0
3217,514593115970,0,0
3218,514598570745,0,0
3219,514604444260,0,0
3220,514609898866,0,0
3221,514615542375,0,0
3222,514621067853,1,0
3223,514626182451,1,0
3224,514631341410,1,0
3225,514636368472,0,0
3226,514641675623,0,0
3227,514647153849,1,0
3228,514652194144,0,0
3229,514657539672,1,0
3230,514662544003,0,0
3231,514667838178,1,0
3232,514672912934,1,0
3233,514677919663,0,0
3234,514683158378,0,0
3235,514688400827,0,0
3236,514693749647,0,0
3237,514699242007,1,0
3238,514704373317,0,0
3239,514709637840,1,0
3240,514714604439,1,0
3241,514719593242,0,0
3242,514724989158,0,0
3243,514730403152,1,0
3244,514736174290,1,0
3245,514741165143,0,0
3246,514746703375,1,0
3247,514751750372,0,0
3248,514757107725,1,0
3249,514762132285,1,0
3250,514767182008,1,0
3251,514772215520,0,0
3252,514777594377,0,0
3253,514782901921,1,0
3254,514787933659,1,0
3255,514792887560,0,0
3256,514798203774,0,0
3257,514803440663,1,0
3258,514808395760,1,0
3259,514813463282,0,0
3260,514818851113,0,0
3261,514824327814,1,0
3262,514829287676,1,0
3263,514834224488,1,0
3264,514839178094,0,0
3265,514844589499,1,0
3266,514849582013,1,0
3267,514854664749,0,0
3268,514859957907,0,0
3269,514865221831,0,0
3270,514870441001,0,0
3271,514875600447,1,0
3272,514880943380,1,0
3273,514885880113,1,0
3274,514891013474,0,0
3275,514896340061,0,0
3276,514901656077,0,0
3277,514907026672,1,0
3278,514913138414,1,0
3279,514918163508,0,0
3280,514923674929,1,0
3281,514929172970,1,0
3282,514935164176,0,0
3283,514940495485,0,0
3284,514946127224,1,0
3285,514952349505,0,0
3286,514957741731,0,0
3287,514963229497,0,0
3288,514968575312,1,0
3289,514973615100,0,0
3290,514979107184,1,0
3291,514984137966,0,0
3292,514989396832,0,0
3293,514994834702,0,0
3294,515000129655,1,0
3295,515005180778,1,0
3296,515010747686,0,0
3297,515017221490,0,0
3298,515023141484,0,0
3299,515030135535,0,0
3300,515035868957,0,0
3301,515041567452,0,0
3302,515047481374,1,0
3303,515052705897,0,0
3304,515058368090,1,0
3305,515063569075,0,0
3306,515069134168,1,0
3307,515074241242,1,0
3308,515079443707,1,0
3309,515084588477,1,0
3310,515089684830,1,0
3311,515094787790,0,0
3312,515100384883,1,0
3313,515105417484,1,0
3314,515110456257,1,0
3315,515115491109,0,0
3316,515120817721,0,0
3317,515126193631,0,0
3318,515132140047,0,0
3319,515137455937,1,0
3320,515142504369,1,0
3321,515147560196,0,0
3322,515152869139,1,0
3323,515157978704,0,0
3324,515163292317,0,0
3325,515168477028,1,0
3326,515173679076,0,0
3327,515179021637,1,0
3328,515184179018,0,0
3329,515189513887,0,0
3330,515194979080,0,0
3331,515200215970,0,0
3332,515205645424,0,0
3333,515211015074,0,0
3334,515216272985,0,0
3335,515221751014,1,0
3336,515226782799,0,0
3337,515232288792,1,0
3338,515237352373,1,0
3339,515242380941,1,0
3340,515247417663,1,0
3341,515252499270,1,0
3342,515257585334,0,0
3343,515262862645,1,0
3344,515267973089,1,0
3345,515273012815,0,0
3346,515278427031,1,0
3347,515283433462,1,0
3348,515288441282,0,0
3349,515293949584,0,0
3350,515299477361,0,0
3351,515304910862,1,0
3352,515309958460,1,0
3353,515314992916,0,0
3354,515320537876,1,0
3355,515325604446,1,0
3356,515330640361,0,0
3357,515336010453,0,0
3358,515341376447,1,0
3359,515346376228,0,0
3360,515351737315,0,0
3361,515357158697,0,0
3362,515362735565,1,0
3363,515367812835,0,0
3364,515373095799,0,0
3365,515378572019,1,0
3366,515383654573,1,0
3367,515388699020,0,0
3368,515394210860,0,0
3369,515399603777,0,0
3370,515405018865,1,0
3371,515410094815,1,0
3372,515415105783,1,0
3373,515420120811,0,0
3374,515425603481,0,0
3375,515431363604,1,0
3376,515436474806,1,0
3377,515441591785,0,0
3378,515447521489,1,0
3379,515452655357,1,0
3380,515457764961,0,0
3381,515463177127,1,0
3382,515468201031,1,0
3383,515473212299,1,0
3384,515478243489,0,0
3385,515483754487,1,0
3386,515488839938,0,0
3387,515494452893,0,0
3388,515500022351,1,0
3389,515505100993,0,0
3390,515510606151,1,0
3391,515515886670,1,0
3392,515521021968,0,0
3393,515526485728,1,0
3394,515531638616,0,0
3395,515536943283,0,0
3396,515542028920,0,0
3397,515547390743,1,0
3398,515552446776,1,0
3399,515557537168,0,0
3400,515562974603,0,0
3401,515568522217,1,0
3402,515573786606,1,0
3403,515579022095,1,0
3404,515584118522,0,0
3405,515589624949,1,0
3406,515594778938,1,0
3407,515599922768,0,0
3408,515605566993,0,0
3409,515611450633,0,0
3410,515617037800,0,0
3411,515622579416,1,0
3412,515627723140,1,0
3413,515632856202,0,0
3414,515638575945,0,0
3415,515644103582,1,0
3416,515649182066,0,0
3417,515654885144,1,0
3418,515659812388,1,0
3419,515664930257,1,0
3420,515670477938,1,0
3421,515675720098,0,0
3422,515681438754,0,0
3423,515686805160,1,0
3424,515691978412,1,0
3425,515697130875,1,0
3426,515702163247,0,0
3427,515707582642,1,0
3428,515712785556,0,0
3429,515718494935,1,0
3430,515723702657,0,0
3431,515729487040,0,0
3432,515735288011,0,0
3433,515741039568,0,0
3434,515746782661,1,0
3435,515752049238,0,0
3436,515757698339,1,0
3437,515762973768,0,0
3438,515768794000,1,0
3439,515774109665,0,0
3440,515779707457,0,0
3441,515785348712,0,0
3442,515790828182,0,0
3443,515796586137,1,0
3444,515801741816,0,0
3445,515807019164,0,0
3446,515812431632,0,0
3447,515817691530,0,0
3448,515822985410,1,0
3449,515828020189,0,0
3450,515833581938,1,0
3451,515838907456,0,0
3452,515844208611,0,0
3453,515849818706,0,0
3454,515855459692,0,0
3455,515860973041,0,0
3456,515866556281,1,0
3457,515871662845,1,0
3458,515876770132,0,0
3459,515882118796,0,0
3460,515887557012,0,0
3461,515892897587,1,0
3462,515897907611,1,0
3463,515903124516,1,0
3464,515908159801,0,0
3465,515913712019,0,0
3466,515919130010,0,0
3467,515924633863,0,0
3468,515930118711,1,0
3469,515935163544,1,0
3470,515940231058,0,0
3471,515945833913,0,0
3472,515951207545,0,0
3473,515956761046,1,0
3474,515961917996,0,0
3475,515967898982,0,0
3476,515973252091,0,0
3477,515978883756,1,0
3478,515983950976,0,0
3479,515989481226,0,0
3480,515995043716,1,0
3481,516000116412,0,0
3482,516005583014,1,0
3483,516010800851,1,0
3484,516015853541,0,0
3485,516021443411,1,0
3486,516026675501,0,0
3487,516032393641,1,0
3488,516037637448,1,0
3489,516042893917,1,0
3490,516047882845,1,0
3491,516052985254,1,0
3492,516058096942,1,0
3493,516063237340,1,0
3494,516068475807,0,0
3495,516074050555,1,0
3496,516079121996,1,0
3497,516084224276,0,0
3498,516089885302,1,0
3499,516094921732,1,0
3500,516100062749,0,0
3501,516105750137,1,0
3502,516110968033,0,0
3503,516116515587,1,0
3504,516121933536,0,0
3505,516127435558,0,0
3506,516132715773,0,0
3507,516138052352,1,0
3508,516143033945,1,0
3509,516148150219,1,0
3510,516153207513,1,0
3511,516158269913,1,0
3512,516163298378,0,0
3513,516168673045,0,0
3514,516174113742,1,0
3515,516179260010,0,0
3516,516184652527,0,0
3517,516190029677,1,0
3518,516195239923,0,0
3519,516200525735,0,0
3520,516206021629,1,0
3521,516211192915,1,0
3522,516216324246,0,0
3523,516221597306,0,0
3524,516226895735,1,0
3525,516231977268,0,0
3526,516237140764,0,0
3527,516242512088,1,0
3528,516247632157,1,0
3529,516252702285,0,0
3530,516257960781,0,0
3531,516263234140,0,0
3532,516268425181,0,0
3533,516273660086,1,0
3534,516278758397,0,0
3535,516284013442,0,0
3536,516289290716,1,0
3537,516294464878,1,0
3538,516299522501,0,0
3539,516304800530,1,0
3540,516309915649,1,0
3541,516315019799,0,0
3542,516320526108,0,0
3543,516325993702,0,0
3544,516331310428,0,0
3545,516337121771,1,0
3546,516342288486,1,0
3547,516347411210,0,0
3548,516352862830,0,0
3549,516358424752,1,0
3550,516363550611,1,0
3551,516368647936,1,0
3552,516373777311,0,0
3553,516379376837,1,0
3554,516384534855,1,0
3555,516389699341,0,0
3556,516395128187,1,0
3557,516400252948,1,0
3558,516405317833,1,0
3559,516410461254,1,0
3560,516415625872,1,0
3561,516420765838,0,0
3562,516426129770,1,0
3563,516431230389,1,0
3564,516436268204,1,0
3565,516441285678,1,0
3566,516446382262,0,0
3567,516451802107,0,0
3568,516457227623,0,0
3569,516462642402,1,0
3570,516467951789,1,0
3571,516473031966,0,0
3572,516478430556,0,0
3573,516483759398,0,0
3574,516489137830,1,0
3575,516494276918,0,0
3576,516499633204,1,0
3577,516504924029,1,0
3578,516510024322,1,0
3579,516515096481,1,0
3580,516520187165,1,0
3581,516525251460,1,0
3582,516530311231,1,0
3583,516535392088,1,0
3584,516540434269,0,0
3585,516545677711,1,0
3586,516550817209,1,0
3587,516556028254,1,0
3588,516561114171,1,0
3589,516566209174,0,0
3590,516571606759,1,0
3591,516576911047,1,0
3592,516581989504,0,0
3593,516587698266,1,0
3594,516592820796,0,0
3595,516598384325,1,0
3596,516603568346,1,0
3597,516608899437,1,0
3598,516613888686,1,0
3599,516618951107,0,0
3600,516624427916,0,0
3601,516630129444,1,0
3602,516635208486,0,0
3603,516640811959,1,0
3604,516645858110,0,0
3605,516651482404,1,0
3606,516656539230,0,0
3607,516661916903,0,0
3608,516667365062,0,0
3609,516672895364,0,0
3610,516678521743,0,0
3611,516684036665,1,0
3612,516689048444,1,0
3613,516694177078,1,0
3614,516699253470,0,0
3615,516704819147,1,0
3616,516709901903,0,0
3617,516715590235,0,0
3618,516721232005,1,0
3619,516726301439,1,0
3620,516731590673,1,0
3621,516736711153,1,0
3622,516741794048,1,0
3623,516746867673,1,0
3624,516751889686,0,0
3625,516757544516,1,0
3626,516762768595,1,0
3627,516767918412,0,0
3628,516773163772,1,0
3629,516778235821,1,0
3630,516783486465,1,0
3631,516788728480,1,0
3632,516794052881,0,0
3633,516799493598,0,0
3634,516805013351,0,0
3635,516810448522,0,0
3636,516815643528,1,0
3637,516820707314,0,0
3638,516826158135,0,0
3639,516831659735,1,0
3640,516836727098,0,0
3641,516842216519,1,0
3642,516847214480,0,0
3643,516852574462,1,0
3644,516857650918,1,0
3645,516862783201,0,0
3646,516868410426,1,0
3647,516873461622,0,0
3648,516878847528,1,0
3649,516883960883,1,0
3650,516889019696,1,0
3651,516894098599,0,0
3652,516899504843,0,0
3653,516904974357,0,0
3654,516910454403,0,0
3655,516916050454,1,0
3656,516921296415,0,0
3657,516927244954,1,0
3658,516932601137,0,0
3659,516938296047,0,0
3660,516944121813,0,0
3661,516949736537,0,0
3662,516955565828,0,0
3663,516961634361,0,0
3664,516967838043,1,0
3665,516973121737,1,0
3666,516978254293,1,0
3667,516983307162,1,0
3668,516988648724,1,0
3669,516993660404,0,0
3670,516999548251,0,0
3671,517005133245,0,0
3672,517010839457,1,0
3673,517015945220,0,0
3674,517021702166,1,0
3675,517027028483,1,0
3676,517032154505,1,0
3677,517037308162,1,0
3678,517042465774,1,0
3679,517047628593,1,0
3680,517053150521,1,0
3681,517058336767,1,0
3682,517063397671,0,0
3683,517069019586,0,0
3684,517074728590,0,0
3685,517080439653,0,0
3686,517085881200,0,0
3687,517091164142,0,0
3688,517096436317,1,0
3689,517101478894,1,0
3690,517106818629,1,0
3691,517112017909,1,0
3692,517117235966,0,0
3693,517122945073,0,0
3694,517128507514,1,0
3695,517133870966,0,0
3696,517139529296,0,0
3697,517145168198,0,0
3698,517150616288,0,0
3699,517156713272,0,0
3700,517162469927,1,0
3701,517167610172,0,0
3702,517173186961,1,0
3703,517178365724,1,0
3704,517183699110,1,0
3705,517188857254,1,0
3706,517194022659,1,0
3707,517199036413,0,0
3708,517204778040,1,0
3709,517209928501,0,0
3710,517215711102,1,0
3711,517220811546,1,0
3712,517226131175,1,0
3713,517231465927,1,0
3714,517236674077,1,0
3715,517241827045,0,0
3716,517247379137,1,0
3717,517252518050,1,0
3718,517257665367,1,0
3719,517262810142,0,0
3720,517268157030,1,0
3721,517273237808,1,0
3722,517278340889,1,0
3723,517283427090,0,0
3724,517288603028,0,0
3725,517293820503,1,0
3726,517298964588,1,0
3727,517304105033,1,0
3728,517309216320,0,0
3729,517314779205,1,0
3730,517320184881,0,0
3731,517325941658,0,0
3732,517331597745,0,0
3733,517337318200,0,0
3734,517342986027,1,0
3735,517348269729,0,0
3736,517353914247,0,0
3737,517359639567,0,0
3738,517365502323,1,0
3739,517371278401,0,0
3740,517377106015,0,0
3741,517382928029,0,0
3742,517388624123,1,0
3743,517393845717,0,0
3744,517399478698,0,0
3745,517405435795,1,0
3746,517410796351,0,0
3747,517416338060,0,0
3748,517422204900,1,0
3749,517427440012,0,0
3750,517433287858,0,0
3751,517438966562,1,0
3752,517444196293,1,0
3753,517449432806,0,0
3754,517454995709,1,0
3755,517460184732,0,0
3756,517465737444,0,0
3757,517471334343,0,0
3758,517477128926,1,0
3759,517482555074,0,0
3760,517488238721,0,0
3761,517493879779,1,0
3762,517498976879,0,0
3763,517504565923,1,0
3764,517509702820,1,0
3765,517514803086,1,0
3766,517519852679,1,0
3767,517524997234,0,0
3768,517530504910,0,0
3769,517536040452,0,0
3770,517541780377,1,0
3771,517546879551,0,0
3772,517552534028,1,0
3773,517557873099,0,0
3774,517563416199,1,0
3775,517568533849,0,0
3776,517574172615,1,0
3777,517579336010,0,0
3778,517584735429,0,0
3779,517590415217,0,0
3780,517596278356,1,0
3781,517601598240,0,0
3782,517607259952,0,0
3783,517613130725,0,0
3784,517618776655,0,0
3785,517624578632,1,0
3786,517629828834,1,0
3787,517634992718,0,0
3788,517640702843,1,0
3789,517645872827,0,0
3790,517651510506,0,0
3791,517656966557,0,0
3792,517662485266,1,0
3793,517667647604,0,0
3794,517673317304,0,0
3795,517678993552,0,0
3796,517684637977,1,0
3797,517689735305,1,0
3798,517694867100,0,0
3799,517700500502,0,0
3800,517706405092,1,0
3801,517711875671,0,0
3802,517717488797,1,0
3803,517722708458,1,0
3804,517728026676,1,0
3805,517733172597,0,0
3806,517738881260,1,0
3807,517744019849,0,0
3808,517749551282,0,0
3809,517755322072,1,0
3810,517760562823,0,0
3811,517766288793,1,0
3812,517771501470,1,0
3813,517776747640,1,0
3814,517781819728,0,0
3815,517787465591,1,0
3816,517792510449,0,0
3817,517797965741,0,0
3818,517803566228,1,0
3819,517808619230,0,0
3820,517813922297,1,0
3821,517819031011,1,0
3822,517824166939,1,0
3823,517829248356,0,0
3824,517834829460,1,0
3825,517839889464,1,0
3826,517845133479,0,0
3827,517850695073,0,0
3828,517856422562,0,0
3829,517862045431,1,0
3830,517867199601,0,0
3831,517872971511,1,0
3832,517878026588,0,0
3833,517883640830,0,0
3834,517889389069,1,0
3835,517894550667,0,0
3836,517900119120,1,0
3837,517905230925,0,0
3838,517910915830,1,0
3839,517916112572,1,0
3840,517921196490,0,0
3841,517926905258,0,0
3842,517932399250,1,0
3843,517937635532,1,0
3844,517943207890,1,0
3845,517948443732,1,0
3846,517953695576,1,0
3847,517959027023,0,0
3848,517964545819,1,0
3849,517969895035,0,0
3850,517975387701,1,0
3851,517980476428,1,0
3852,517985523312,0,0
3853,517991151544,1,0
3854,517996256406,1,0
3855,518001290390,1,0
3856,518006314080,0,0
3857,518011979039,1,0
3858,518017016636,1,0
3859,518022103548,0,0
3860,518027379883,1,0
3861,518032564021,0,0
3862,518038149424,1,0
3863,518043252992,1,0
3864,518048385816,1,0
3865,518053460769,0,0
3866,518058783464,1,0
3867,518064067286,1,0
3868,518069127061,1,0
3869,518074247506,0,0
3870,518079764364,0,0
3871,518085287143,0,0
3872,518090708964,0,0
3873,518096544859,0,0
3874,518102516883,1,0
3875,518107591170,1,0
3876,518112720150,1,0
3877,518117839037,1,0
3878,518122947946,0,0
3879,518128622743,0,0
3880,518134294088,1,0
3881,518139598471,1,0
3882,518144995041,0,0
3883,518150605138,1,0
3884,518155872897,0,0
3885,518161671327,0,0
3886,518167426835,1,0
3887,518172677886,0,0
3888,518178371119,1,0
3889,518183502166,0,0
3890,518189041459,0,0
3891,518194598666,1,0
3892,518199688226,0,0
3893,518205565674,0,0
3894,518211029081,0,0
3895,518216532463,1,0
3896,518221788162,1,0
3897,518226910788,0,0
3898,518232526288,1,0
3899,518237786483,0,0
3900,518243322373,0,0
3901,518248882266,1,0
3902,518254036604,0,0
3903,518259699858,0,0
3904,518265127958,1,0
3905,518270649889,1,0
3906,518275834014,0,0
3907,518281490350,0,0
3908,518287151317,0,0
3909,518292771805,0,0
3910,518298257892,1,0
3911,518303500715,1,0
3912,518308735077,0,0
3913,518314283920,0,0
3914,518319922518,0,0
3915,518325437801,0,0
3916,518331262855,0,0
3917,518336990211,1,0
3918,518342093370,0,0
3919,518347722273,0,0
3920,518353281056,0,0
3921,518358831223,1,0
3922,518363879885,1,0
3923,518368975344,0,0
3924,518374814638,0,0
3925,518380523982,1,0
3926,518385667269,1,0
3927,518390793013,1,0
3928,518395867393,1,0
3929,518400986199,0,0
3930,518406666755,0,0
3931,518412187531,0,0
3932,518417838048,1,0
3933,518422938954,1,0
3934,518428027173,1,0
3935,518433133372,1,0
3936,518438214919,0,0
3937,518443829163,1,0
3938,518448978422,0,0
3939,518454532867,0,0
3940,518460424365,0,0
3941,518466128587,0,0
3942,518471663282,1,0
3943,518476958697,0,0
3944,518482473490,1,0
3945,518487752639,0,0
3946,518493336562,0,0
3947,518498932656,1,0
3948,518504116414,0,0
3949,518509614099,1,0
3950,518514716937,1,0
3951,518519800329,0,0
3952,518525239127,1,0
3953,518530287496,0,0
3954,518535859354,1,0
3955,518541008298,0,0
3956,518546456400,1,0
3957,518551505233,1,0
3958,518556633837,1,0
3959,518561791600,0,0
3960,518567552185,1,0
3961,518572856658,0,0
3962,518578554127,1,0
3963,518583786868,1,0
3964,518588931162,1,0
3965,518594027188,1,0
3966,518599145557,1,0
3967,518604253619,1,0
3968,518609298895,0,0
3969,518614752645,1,0
3970,518619859409,1,0
3971,518624877086,1,0
3972,518630020779,0,0
3973,518635587540,0,0
3974,518641143741,0,0
3975,518646724693,1,0
3976,518651915665,1,0
3977,518657026682,1,0
3978,518662103651,1,0
3979,518667221525,0,0
3980,518672745485,1,0
3981,518677913431,1,0
3982,518682912342,1,0
3983,518687947220,0,0
3984,518693423854,1,0
3985,518698626604,1,0
3986,518703887206,1,0
3987,518709021967,0,0
3988,518714537837,0,0
3989,518720051404,1,0
3990,518725409842,1,0
3991,518730684984,1,0
3992,518735820384,1,0
3993,518740957748,1,0
3994,518746015112,0,0
3995,518751484461,1,0
3996,518756542834,0,0
3997,518762169497,1,0
3998,518767243289,1,0
3999,518772435535,0,0
4000,518777899945,0,0
4001,518783387311,0,0
4002,518788946495,1,0
4003,518794071856,1,0
4004,518799183966,1,0
4005,518804224783,0,0
4006,518809739943,1,0
4007,518814850021,0,0
4008,518820488037,1,0
4009,518825640092,1,0
4010,518830794429,1,0
4011,518835917466,0,0
4012,518841645162,1,0
4013,518846945835,0,0
4014,518852591755,1,0
4015,518857748343,0,0
4016,518863622076,1,0
4017,518869043337,0,0
4018,518875071814,1,0
4019,518879896501,0,0
4020,518885594568,0,0
4021,518891114612,1,0
4022,518896202343,0,0
4023,518901709690,0,0
4024,518907492127,1,0
4025,518912612951,1,0
4026,518917705763,1,0
4027,518923051695,1,0
4028,518928270587,1,0
4029,518933513759,0,0
4030,518939281704,1,0
4031,518944541888,0,0
4032,518950302164,0,0
4033,518955866761,1,0
4034,518961067723,0,0
4035,518966956477,0,0
4036,518972667497,0,0
4037,518978247472,1,0
4038,518983441727,0,0
4039,518988976227,1,0
4040,518994025926,0,0
4041,518999452617,0,0
4042,519005125241,0,0
4043,519010701281,1,0
4044,519015902905,0,0
4045,519021641761,0,0
4046,519027282337,1,0
4047,519032556190,1,0
4048,519037799692,0,0
4049,519043423334,0,0
4050,519049046629,1,0
4051,519054139980,1,0
4052,519059389280,0,0
4053,519064924268,0,0
4054,519070646634,1,0
4055,519075792293,1,0
4056,519081041370,1,0
4057,519086187898,0,0
4058,519091715370,1,0
4059,519096883615,1,0
4060,519102055905,0,0
4061,519107627432,1,0
4062,519112980356,0,0
4063,519118866981,1,0
4064,519124417735,0,0
4065,519130060170,0,0
4066,519135808552,1,0
4067,519140891196,0,0
4068,519146747853,1,0
4069,519152064397,0,0
4070,519157705134,1,0
4071,519162844261,1,0
4072,519167980827,0,0
4073,519173614416,0,0
4074,519179138037,0,0
4075,519184733180,1,0
4076,519189821229,0,0
4077,519195424085,0,0
4078,519200991979,1,0
4079,519206129273,1,0
4080,519211276909,0,0
4081,519216910469,1,0
4082,519222133858,0,0
4083,519227487840,0,0
4084,519233170785,1,0
4085,519238265889,0,0
4086,519244100339,0,0
4087,519249727692,0,0
4088,519255440449,1,0
4089,519260625724,0,0
4090,519266218918,0,0
4091,519271872958,1,0
4092,519277042598,0,0
4093,519282519458,1,0
4094,519287597991,1,0
4095,519292701199,0,0
4096,519298195959,1,0
4097,519303275966,0,0
4098,519308771867,1,0
4099,519314019498,0,0
4100,519319819836,0,0
4101,519325625769,0,0
4102,519331494229,1,0
4103,519336582301,0,0
4104,519342228982,0,0
4105,519347965989,1,0
4106,519353056474,0,0
4107,519358721153,0,0
4108,519364263302,1,0
4109,519369448325,1,0
4110,519374634602,0,0
4111,519380492102,0,0
4112,519386124625,1,0
4113,519391364053,0,0
4114,519396877505,0,0
4115,519402366920,1,0
4116,519407477095,1,0
4117,519412551435,1,0
4118,519417642524,0,0
4119,519423120176,1,0
4120,519428249626,0,0
4121,519433944648,0,0
4122,519439511998,1,0
4123,519444723586,1,0
4124,519450380058,1,0
4125,519455524901,0,0
4126,519460936786,0,0
4127,519466426524,1,0
4128,519471489259,0,0
4129,519477085228,0,0
4130,519482616615,0,0
4131,519488021693,1,0
4132,519493109921,1,0
4133,519498197356,0,0
4134,519503633138,1,0
4135,519508697963,1,0
4136,519513764165,0,0
4137,519519181363,0,0
4138,519524632540,1,0
4139,519529710189,0,0
4140,519535393301,0,0
4141,519541145159,1,0
4142,519546333397,1,0
4143,519551455377,1,0
4144,519556528687,1,0
4145,519561642192,1,0
4146,519566734181,1,0
4147,519572015477,1,0
4148,519577148525,0,0
4149,519582764884,1,0
4150,519587845993,1,0
4151,519592952037,0,0
4152,519598847286,0,0
4153,519604446586,0,0
4154,519610096094,0,0
4155,519615682705,1,0
4156,519620805413,1,0
4157,519625895277,1,0
4158,519630965255,1,0
4159,519636018068,0,0
4160,519641623148,0,0
4161,519647362302,1,0
4162,519652507566,0,0
4163,519658093932,0,0
4164,519663711321,1,0
4165,519668817579,0,0
4166,519674561645,1,0
4167,519679740739,1,0
4168,519684869198,0,0
4169,519690396619,1,0
4170,519695638609,0,0
4171,519701420250,0,0
4172,519707153844,0,0
4173,519712860931,1,0
4174,519718054354,1,0
4175,519723131297,1,0
4176,519728442549,1,0
4177,519733588921,1,0
4178,519738841464,0,0
4179,519744518964,1,0
4180,519749836991,1,0
4181,519755062838,0,0
4182,519760815668,0,0
4183,519766429644,0,0
4184,519772061892,1,0
4185,519777214014,1,0
4186,519782363048,0,0
4187,519788050627,0,0
4188,519793646860,0,0
4189,519799259818,0,0
4190,519804871435,1,0
4191,519810036258,1,0
4192,519815242823,0,0
4193,519820877414,1,0
4194,519826070860,1,0
4195,519831201507,1,0
4196,519836308626,1,0
4197,519841432812,1,0
4198,519846469233,0,0
4199,519851945754,0,0
4200,519857296943,1,0
4201,519862365675,1,0
4202,519867395692,0,0
4203,519873023012,0,0
4204,519878627589,0,0
4205,519884217570,1,0
4206,519889225242,0,0
4207,519894641276,1,0
4208,519899922919,1,0
4209,519905383674,1,0
4210,519910759704,0,0
4211,519916554680,0,0
4212,519922385289,0,0
4213,519927823564,0,0
4214,519933554717,1,0
4215,519938927468,1,0
4216,519944131529,0,0
4217,519949865638,1,0
4218,519955124304,0,0
4219,519960780685,0,0
4220,519966627652,0,0
4221,519972575271,0,0
4222,519978384960,1,0
4223,519983617697,1,0
4224,519988846699,0,0
4225,519994325195,0,0
4226,519999969435,0,0
4227,520005515051,0,0
4228,520011456306,0,0
4229,520017501966,1,0
4230,520022686765,1,0
4231,520027880576,0,0
4232,520033360377,0,0
4233,520038989946,0,0
4234,520044641473,1,0
4235,520049723484,1,0
4236,520054843959,1,0
4237,520059891389,0,0
4238,520065421807,1,0
4239,520070459966,0,0
4240,520075754663,0,0
4241,520081201885,0,0
4242,520086672295,1,0
4243,520091763441,0,0
4244,520097178485,1,0
4245,520102246839,1,0
4246,520107283147,0,0
4247,520112742024,0,0
4248,520118446828,0,0
4249,520124112284,1,0
4250,520129475660,0,0
4251,520135187436,0,0
4252,520141025859,0,0
4253,520146746906,0,0
4254,520152290624,0,0
4255,520157693329,0,0
4256,520163400271,0,0
4257,520169165669,0,0
4258,520174678223,1,0
4259,520179830842,1,0
4260,520184987896,0,0
4261,520190640969,0,0
4262,520196332407,0,0
4263,520201962694,0,0
4264,520207578789,1,0
4265,520212761549,1,0
4266,520217961199,1,0
4267,520223317039,0,0
4268,520229263056,0,0
4269,520234707655,0,0
4270,520240464065,1,0
4271,520245723913,1,0
4272,520250899645,0,0
4273,520256294661,0,0
4274,520261690644,1,0
4275,520266786189,0,0
4276,520272208703,1,0
4277,520277233634,0,0
4278,520282624381,1,0
4279,520287656992,0,0
4280,520293020000,0,0
4281,520298438868,0,0
4282,520303981534,1,0
4283,520309064476,0,0
4284,520314618172,0,0
4285,520320505469,1,0
4286,520325762347,0,0
4287,520331619857,1,0
4288,520336725691,1,0
4289,520341818834,0,0
4290,520347406004,0,0
4291,520353027355,1,0
4292,520358033953,1,0
4293,520363161964,1,0
4294,520368323417,0,0
4295,520373833007,0,0
4296,520379498283,1,0
4297,520384852158,0,0
4298,520390645652,1,0
4299,520395793081,0,0
4300,520401355992,1,0
4301,520406573887,1,0
4302,520411866666,1,0
4303,520416969987,1,0
4304,520422096721,0,0
4305,520427623717,0,0
4306,520433303376,0,0
4307,520438993039,0,0
4308,520444479388,0,0
4309,520450054550,0,0
4310,520455478677,1,0
4311,520460834461,0,0
4312,520466341315,0,0
4313,520471977565,0,0
4314,520477612446,1,0
4315,520482805222,0,0
4316,520488277769,0,0
4317,520493978509,0,0
4318,520499534928,0,0
4319,520505210412,0,0
4320,520510855884,0,0
4321,520516213873,0,0
4322,520521631385,0,0
4323,520527116815,0,0
4324,520532617467,1,0
4325,520537717249,1,0
4326,520542834252,1,0
4327,520548032900,0,0
4328,520553487092,0,0
4329,520559037502,0,0
4330,520564495194,1,0
4331,520569695876,0,0
4332,520575381828,1,0
4333,520580574807,1,0
4334,520585722155,0,0
4335,520591371692,0,0
4336,520596990215,1,0
4337,520602055546,0,0
4338,520607537112,0,0
4339,520613121173,0,0
4340,520618613857,1,0
4341,520623748356,0,0
4342,520629331871,1,0
4343,520634526654,0,0
4344,520640098547,1,0
4345,520645206397,0,0
4346,520650770515,1,0
4347,520655969287,1,0
4348,520661094777,1,0
4349,520666199500,0,0
4350,520671774130,0,0
4351,520677361340,1,0
4352,520682605797,1,0
4353,520687939920,1,0
4354,520692969064,0,0
4355,520698367531,1,0
4356,520703507354,1,0
4357,520708704855,1,0
4358,520713842915,0,0
4359,520719382864,0,0
4360,520724972215,0,0
4361,520730861185,0,0
4362,520736415347,1,0
4363,520741554503,1,0
4364,520746797154,1,0
4365,520751939790,0,0
4366,520757434703,1,0
4367,520762504060,1,0
4368,520767572286,0,0
4369,520773168105,0,0
4370,520778876822,1,0
4371,520783995076,1,0
4372,520789030093,0,0
4373,520794543237,1,0
4374,520799776807,1,0
4375,520804816248,0,0
4376,520810422880,1,0
4377,520815582008,1,0
4378,520820912461,1,0
4379,520825869745,0,0
4380,520831433616,1,0
4381,520836640516,1,0
4382,520841716820,1,0
4383,520847072364,1,0
4384,520852179327,0,0
4385,520857590021,0,0
4386,520862997017,1,0
4387,520868115746,1,0
4388,520873228145,1,0
4389,520878287962,0,0
4390,520883875982,1,0
4391,520889034624,0,0
4392,520894764426,0,0
4393,520900417186,0,0
4394,520906175838,0,0
4395,520911652641,0,0
4396,520917336404,0,0
4397,520922959990,1,0
4398,520928129012,0,0
4399,520933728812,1,0
4400,520939140568,1,0
4401,520944461222,0,0
4402,520949991590,1,0
4403,520955487390,0,0
4404,520961134848,0,0
4405,520966656975,1,0
4406,520971861360,1,0
4407,520976970077,0,0
4408,520982624936,0,0
4409,520988208148,1,0
4410,520993427877,1,0
4411,520998657456,1,0
4412,521003890551,0,0
4413,521009466659,0,0
4414,521014900645,0,0
4415,521020382343,1,0
4416,521025537614,0,0
4417,521031028893,0,0
4418,521036558355,0,0
4419,521041958141,0,0
4420,521047590674,0,0
4421,521053076690,0,0
4422,521058534175,1,0
4423,521064389186,1,0
4424,521069735179,1,0
4425,521074977302,1,0
4426,521080119714,0,0
4427,521085740091,1,0
4428,521090810785,0,0
4429,521096335147,1,0
4430,521101532984,1,0
4431,521106632540,0,0
4432,521112386490,1,0
4433,521117538586,1,0
4434,521122757703,1,0
4435,521128058719,0,0
4436,521133811676,1,0
4437,521138959789,0,0
4438,521144573302,0,0
4439,521150183017,0,0
4440,521156054367,1,0
4441,521161466985,0,0
4442,521167171867,1,0
4443,521172727376,0,0
4444,521178593541,0,0
4445,521184181687,0,0
4446,521189508901,0,0
4447,521194786295,1,0
4448,521199957568,0,0
4449,521205441292,0,0
4450,521210852371,1,0
4451,521216173617,1,0
4452,521221491926,1,0
4453,521226758012,1,0
4454,521232050683,0,0
4455,521238158968,0,0
4456,521243546439,1,0
4457,521248782653,0,0
4458,521254389671,0,0
4459,521259992239,0,0
4460,521265469913,1,0
4461,521270607569,0,0
4462,521276194573,0,0
4463,521281800073,1,0
4464,521286869868,1,0
4465,521291843281,0,0
4466,521297512775,0,0
4467,521303022424,1,0
4468,521308126887,1,0
4469,521313163622,1,0
4470,521318214155,0,0
4471,521323675107,1,0
4472,521328730491,0,0
4473,521334217408,0,0
4474,521339713531,1,0
4475,521344906374,1,0
4476,521350016197,0,0
4477,521355394162,1,0
4478,521360622837,0,0
4479,521366224831,1,0
4480,521371538903,0,0
4481,521377036193,0,0
4482,521382342081,1,0
4483,521387535000,0,0
4484,521392921743,1,0
4485,521398010029,0,0
4486,521403300364,0,0
4487,521408690643,0,0
4488,521414033720,1,0
4489,521419316691,0,0
4490,521424579125,0,0
4491,521429865827,1,0
4492,521435068719,1,0
4493,521440201440,0,0
4494,521445633141,0,0
4495,521450946908,0,0
4496,521456443294,0,0
4497,521461775049,1,0
4498,521466927462,1,0
4499,521472022240,0,0
4500,521477293924,1,0
4501,521482437273,1,0
4502,521487435045,1,0
4503,521492462990,1,0
4504,521497509872,1,0
4505,521502583932,1,0
4506,521507791186,1,0
4507,521512888461,1,0
4508,521517938862,0,0
4509,521523471835,1,0
4510,521528808215,0,0
4511,521534257799,1,0
4512,521539601622,0,0
4513,521545247406,0,0
4514,521551086469,0,0
4515,521556629248,0,0
4516,521562107179,0,0
4517,521567838421,0,0
4518,521573280885,0,0
4519,521578950138,0,0
4520,521584640430,0,0
4521,521590113535,1,0
4522,521595199310,1,0
4523,521600256983,0,0
4524,521606037652,1,0
4525,521611034710,0,0
4526,521616825675,1,0
4527,521621954032,1,0
4528,521627020947,1,0
4529,521632084757,1,0
4530,521637128753,1,0
4531,521642200203,0,0
4532,521648066801,1,0
4533,521653114975,1,0
4534,521658412434,1,0
4535,521663709282,1,0
4536,521668806019,0,0
4537,521674189936,1,0
4538,521679306369,0,0
4539,521685136748,0,0
4540,521690934684,0,0
4541,521696352080,1,0
4542,521701607979,0,0
4543,521707330647,1,0
4544,521712660425,0,0
4545,521718578169,0,0
4546,521724278964,1,0
4547,521729432999,1,0
4548,521734671756,1,0
4549,521739656610,1,0
4550,521744814280,1,0
4551,521749930348,1,0
4552,521755035633,1,0
4553,521760194826,1,0
4554,521765290216,0,0
4555,521771068123,1,0
4556,521776189223,1,0
4557,521781507752,0,0
4558,521787656639,0,0
4559,521793515866,1,0
4560,521798735942,0,0
4561,521804403539,0,0
4562,521809931068,0,0
4563,521815660521,1,0
4564,521821030559,1,0
4565,521826030129,1,0
4566,521831237633,1,0
4567,521836315487,1,0
4568,521841668984,1,0
4569,521846741026,1,0
4570,521851882922,0,0
4571,521857435829,0,0
4572,521863059941,1,0
4573,521868269983,1,0
4574,521873519106,0,0
4575,521879170219,1,0
4576,521884770308,1,0
4577,521889984471,1,0
4578,521895056438,0,0
4579,521900766523,0,0
4580,521906369196,0,0
4581,521911952127,0,0
4582,521917479823,0,0
4583,521923653981,1,0
4584,521928995235,1,0
4585,521934364448,0,0
4586,521939935081,0,0
4587,521945599940,0,0
4588,521951278751,1,0
4589,521956825204,0,0
4590,521962491069,1,0
4591,521967799486,1,0
4592,521972913012,1,0
4593,521977986853,1,0
4594,521983773423,1,0
4595,521989125376,0,0
4596,521994667044,0,0
4597,522000284625,0,0
4598,522005989295,1,0
4599,522011082282,0,0
4600,522016831378,0,0
4601,522022464484,0,0
4602,522028067779,1,0
4603,522033214003,1,0
4604,522038265333,1,0
4605,522043485823,1,0
4606,522048733199,0,0
4607,522054309902,0,0
4608,522059848759,0,0
4609,522065491249,1,0
4610,522070763774,0,0
4611,522076315288,0,0
4612,522082057688,1,0
4613,522087384505,1,0
4614,522092451408,1,0
4615,522097509179,1,0
4616,522102573025,1,0
4617,522107640313,1,0
4618,522112709630,0,0
4619,522118163676,0,0
4620,522123815373,1,0
4621,522128961107,1,0
4622,522134155551,0,0
4623,522139801450,0,0
4624,522145322946,0,0
4625,522150982842,1,0
4626,522156203625,0,0
4627,522161559005,0,0
4628,522167160258,0,0
4629,522172941908,0,0
4630,522178567054,0,0
4631,522184499143,1,0
4632,522189732907,1,0
4633,522195036730,0,0
4634,522200553889,0,0
4635,522206215634,0,0
4636,522211941934,0,0
4637,522217413733,0,0
4638,522223306163,0,0
4639,522228785507,0,0
4640,522234397389,1,0
4641,522239467752,1,0
4642,522244775672,1,0
4643,522249889369,0,0
4644,522255485434,1,0
4645,522260672562,0,0
4646,522266529752,1,0
4647,522271634267,1,0
4648,522276711491,0,0
4649,522282079039,0,0
4650,522287546167,1,0
4651,522292635843,1,0
4652,522297746386,0,0
4653,522303150379,0,0
4654,522308815769,1,0
4655,522314130412,0,0
4656,522319555183,0,0
4657,522324997875,0,0
4658,522330461758,1,0
4659,522335572594,1,0
4660,522340731169,1,0
4661,522345938568,1,0
4662,522351130792,1,0
4663,522356266848,0,0
4664,522361548399,1,0
4665,522366692362,1,0
4666,522371834071,0,0
4667,522377305696,0,0
4668,522382839926,1,0
4669,522387977867,1,0
4670,522393254964,0,0
4671,522398963843,1,0
4672,522404155323,0,0
4673,522409894949,1,0
4674,522414936079,0,0
4675,522420774073,1,0
4676,522425717972,1,0
4677,522430810603,1,0
4678,522435883019,0,0
4679,522441447769,1,0
4680,522446560723,1,0
4681,522451647211,0,0
4682,522457515615,1,0
4683,522462898254,0,0
4684,522468233567,1,0
4685,522473352944,0,0
4686,522478654311,0,0
4687,522483969132,0,0
4688,522489337491,0,0
4689,522494605527,1,0
4690,522499723731,0,0
4691,522505225847,1,0
4692,522510294001,0,0
4693,522515710625,0,0
4694,522521145874,1,0
4695,522526225296,1,0
4696,522531276704,1,0
4697,522536480960,1,0
4698,522541540601,0,0
4699,522547071835,1,0
4700,522552512724,0,0
4701,522558253521,0,0
4702,522563930259,1,0
4703,522568946643,1,0
4704,522574235369,0,0
4705,522579843770,0,0
4706,522585576079,0,0
4707,522591536200,1,0
4708,522596702380,0,0
4709,522602350384,1,0
4710,522607552078,0,0
4711,522613015598,0,0
4712,522618554812,0,0
4713,522624221090,0,0
4714,522629691234,0,0
4715,522635145409,0,0
4716,522640633610,1,0
4717,522645743127,0,0
4718,522651342094,0,0
4719,522656792360,1,0
4720,522661918186,1,0
4721,522667011171,0,0
4722,522672656172,0,0
4723,522678123360,0,0
4724,522683695622,1,0
4725,522688862174,0,0
4726,522694603865,0,0
4727,522700568805,0,0
4728,522706287748,1,0
4729,522711502298,1,0
4730,522716946452,0,0
4731,522722654902,1,0
4732,522727820789,0,0
4733,522733500558,1,0
4734,522738719127,1,0
4735,522743805404,0,0
4736,522749811331,0,0
4737,522755811147,0,0
4738,522761743544,0,0
4739,522767513291,1,0
4740,522772730033,0,0
4741,522778250702,0,0
4742,522784073459,0,0
4743,522789680297,1,0
4744,522794805992,0,0
4745,522800285678,1,0
4746,522805543106,1,0
4747,522810590351,0,0
4748,522816148925,0,0
4749,522821748527,1,0
4750,522826928738,0,0
4751,522832495291,0,0
4752,522838094258,0,0
4753,522843622868,1,0
4754,522848783396,1,0
4755,522853939114,1,0
4756,522859018925,1,0
4757,522864164472,0,0
4758,522870021859,1,0
4759,522875493292,0,0
4760,522881168291,1,0
4761,522886304549,0,0
4762,522892051331,1,0
4763,522897109576,0,0
4764,522902649252,1,0
4765,522907835783,1,0
4766,522913028777,1,0
4767,522918191253,1,0
4768,522923629887,0,0
4769,522929284443,1,0
4770,522934451600,0,0
4771,522940092353,0,0
4772,522945601140,0,0
4773,522951412712,1,0
4774,522956679097,1,0
4775,522961820955,1,0
4776,522966930584,1,0
4777,522972015724,1,0
4778,522977124671,0,0
4779,522982764835,1,0
4780,522988057836,1,0
4781,522993698866,1,0
4782,522998865486,0,0
4783,523004442279,1,0
4784,523009661286,1,0
4785,523014799239,0,0
4786,523020423066,0,0
4787,523025647176,1,0
4788,523030793445,1,0
4789,523035909688,1,0
4790,523041014225,0,0
4791,523046682124,1,0
4792,523052189558,0,0
4793,523058239044,1,0
4794,523063405657,0,0
4795,523068985579,1,0
4796,523074187077,0,0
4797,523079751703,1,0
4798,523085030119,0,0
4799,523090532283,1,0
4800,523095658907,1,0
4801,523100978876,0,0
4802,523106405588,1,0
4803,523112030367,0,0
4804,523117644063,0,0
4805,523123602894,1,0
4806,523128921947,1,0
4807,523134031858,0,0
4808,523139932397,1,0
4809,523145317235,1,0
4810,523150498792,1,0
4811,523155728038,1,0
4812,523160990409,0,0
4813,523166802682,0,0
4814,523172506982,1,0
4815,523177769833,1,0
4816,523182877561,1,0
4817,523187930364,0,0
4818,523193578428,0,0
4819,523199274227,0,0
4820,523204877342,0,0
4821,523210500383,1,0
4822,523215653247,0,0
4823,523221329052,1,0
4824,523226660691,0,0
4825,523232180226,0,0
4826,523237807227,0,0
4827,523243570834,1,0
4828,523248803992,0,0
4829,523254475430,0,0
4830,523260302312,0,0
4831,523266016382,1,0
4832,523271397346,1,0
4833,523276718457,0,0
4834,523282560115,1,0
4835,523287963649,1,0
4836,523293484910,0,0
4837,523299097984,0,0
4838,523304755997,1,0
4839,523309918555,0,0
4840,523315613997,1,0
4841,523320874401,0,0
4842,523326652099,0,0
4843,523332455490,1,0
4844,523337718324,0,0
4845,523343357296,0,0
4846,523349033684,1,0
4847,523354312854,0,0
4848,523360107861,1,0
4849,523365491794,0,0
4850,523371094176,0,0
4851,523376563778,1,0
4852,523381746247,0,0
4853,523387565693,0,0
4854,523393318748,0,0
4855,523399238307,0,0
4856,523404719208,0,0
4857,523410311612,1,0
4858,523415472167,0,0
4859,523421137207,1,0
4860,523426320164,1,0
4861,523431567447,0,0
4862,523437119321,0,0
4863,523442603627,0,0
4864,523448144289,1,0
4865,523453311913,1,0
4866,523458392240,1,0
4867,523463457327,1,0
4868,523468501778,0,0
4869,523473972647,1,0
4870,523479147829,1,0
4871,523484213261,0,0
4872,523489760419,1,0
4873,523494835307,1,0
4874,523499982644,0,0
4875,523505675943,0,0
4876,523511116199,0,0
4877,523516604027,0,0
4878,523522454794,0,0
4879,523528079757,1,0
4880,523533028849,0,0
4881,523538543984,1,0
4882,523543737454,1,0
4883,523548841244,1,0
4884,523553989790,0,0
4885,523559606115,0,0
4886,523565305970,1,0
4887,523570473260,1,0
4888,523575659067,0,0
4889,523581253945,0,0
4890,523586845946,0,0
4891,523592637730,1,0
4892,523597893959,1,0
4893,523602982130,1,0
4894,523608033438,1,0
4895,523613159779,0,0
4896,523618929173,1,0
4897,523624050025,1,0
4898,523629200789,0,0
4899,523634670644,1,0
4900,523639888212,1,0
4901,523644937999,0,0
4902,523650418809,0,0
4903,523656023797,1,0
4904,523661329441,1,0
4905,523666426135,0,0
4906,523671895512,1,0
4907,523676989275,1,0
4908,523682038378,1,0
4909,523687117256,1,0
4910,523692259756,1,0
4911,523697520334,0,0
4912,523703443058,0,0
4913,523709018758,1,0
4914,523714145701,1,0
4915,523719212174,1,0
4916,523724225944,0,0
4917,523729610686,0,0
4918,523735194011,1,0
4919,523740463442,0,0
4920,523746205061,1,0
4921,523751280199,1,0
4922,523756343951,1,0
4923,523761447713,1,0
4924,523766547541,0,0
4925,523772018945,0,0
4926,523777785718,0,0
4927,523783484441,0,0
4928,523789408325,0,0
4929,523795148149,1,0
4930,523800065571,0,0
4931,523805691290,1,0
4932,523810928576,1,0
4933,523815892486,1,0
4934,523820987111,1,0
4935,523826106693,0,0
4936,523831768670,0,0
4937,523837393288,0,0
4938,523843270400,0,0
4939,523849133881,1,0
4940,523854265002,0,0
4941,523860158981,0,0
4942,523865864388,0,0
4943,523871514603,1,0
4944,523876762810,0,0
4945,523882413283,1,0
4946,523887616075,0,0
4947,523893338787,0,0
4948,523899077775,1,0
4949,523904345558,0,0
4950,523910037882,0,0
4951,523915660535,1,0
4952,523920754658,0,0
4953,523926576686,0,0
4954,523932228294,1,0
4955,523937448801,1,0
4956,523942697508,0,0
4957,523948256088,0,0
4958,523954053277,1,0
4959,523959193155,0,0
4960,523965049690,0,0
4961,523970726062,1,0
4962,523975840899,0,0
4963,523981391309,0,0
4964,523986985515,0,0
4965,523992548380,1,0
4966,523997815675,1,0
4967,524002903339,0,0
4968,524008730514,1,0
4969,524013976248,0,0
4970,524019550086,0,0
4971,524025238631,1,0
4972,524030459958,1,0
4973,524035708814,1,0
4974,524040865191,0,0
4975,524046574543,0,0
4976,524052291088,1,0
4977,524057523055,1,0
4978,524062730356,1,0
4979,524067981682,0,0
4980,524073289606,1,0
4981,524078507668,0,0
4982,524083886362,1,0
4983,524089026798,1,0
4984,524094202170,1,0
4985,524099283330,0,0
4986,524104710160,1,0
4987,524109932942,0,0
4988,524115275511,1,0
4989,524120508807,1,0
4990,524125776961,0,0
4991,524131298135,1,0
4992,524136571211,0,0
4993,524142327811,1,0
4994,524147618249,0,0
4995,524153489627,1,0
4996,524158695225,1,0
4997,524163822585,0,0
4998,524169400615,1,0
4999,524174666444,1,0
5000,524179945213,0,0
5001,524185692266,1,0
5002,524190842262,1,0
5003,524195996232,1,0
5004,524201029816,1,0
5005,524206401693,0,0
5006,524212131279,0,0
5007,524217623555,0,0
5008,524223307381,0,0
5009,524229089049,0,0
5010,524234512100,0,0
5011,524240393978,0,0
5012,524246090459,1,0
5013,524251195002,1,0
5014,524256282060,0,0
5015,524262100638,0,0
5016,524267678633,1,0
5017,524272798316,1,0
5018,524277876039,1,0
5019,524282951671,0,0
5020,524288550210,1,0
5021,524293799406,1,0
5022,524298992189,0,0
5023,524304429423,0,0
5024,524310114923,1,0
5025,524315222291,1,0
5026,524320321511,0,0
5027,524326162186,1,0
5028,524331461390,0,0
5029,524337110512,1,0
5030,524342201808,1,0
5031,524347243799,0,0
5032,524353052763,0,0
5033,524358996409,0,0
5034,524364816746,0,0
5035,524370603989,1,0
5036,524375759716,0,0
5037,524381594333,0,0
5038,524387518939,0,0
5039,524393440217,1,0
5040,524398691875,0,0
5041,524404605434,1,0
5042,524409867546,1,0
5043,524414960084,1,0
5044,524420046759,1,0
5045,524425681380,1,0
5046,524430825774,1,0
5047,524436145064,0,0
5048,524442017815,1,0
5049,524447113617,0,0
5050,524452909550,0,0
5051,524458630035,1,0
5052,524463940505,1,0
5053,524469129359,1,0
5054,524474193362,1,0
5055,524479306132,0,0
5056,524485031814,1,0
5057,524490101760,0,0
5058,524495871876,1,0
5059,524500953566,1,0
5060,524506030692,0,0
5061,524511467766,0,0
5062,524516991886,0,0
5063,524522484171,1,0
5064,524527787901,0,0
5065,524533369445,0,0
5066,524538958184,0,0
5067,524544555471,0,0
5068,524550334363,0,0
5069,524556126528,1,0
5070,524561120478,0,0
5071,524566948492,1,0
5072,524571903990,1,0
5073,524577053978,0,0
5074,524582803141,0,0
5075,524588354061,1,0
5076,524593591307,0,0
5077,524599116109,0,0
5078,524604543764,0,0
5079,524610088866,0,0
5080,524615323853,0,0
5081,524620748817,0,0
5082,524626220924,0,0
5083,524631606859,1,0
5084,524636951986,0,0
5085,524642272014,0,0
5086,524647721598,0,0
5087,524653234418,0,0
5088,524658653131,0,0
5089,524664127362,0,0
5090,524669553196,0,0
5091,524675081510,0,0
5092,524680566495,1,0
5093,524685833317,1,0
5094,524690920907,0,0
5095,524696445016,0,0
5096,524702106709,1,0
5097,524707119283,1,0
5098,524712281632,0,0
5099,524718086969,0,0
5100,524723540689,1,0
5101,524728833032,0,0
5102,524734553062,0,0
5103,524740418996,0,0
5104,524746315489,0,0
5105,524751945044,0,0
5106,524757850555,1,0
5107,524763109830,1,0
5108,524768461497,0,0
5109,524774094680,1,0
5110,524779830161,1,0
5111,524784729130,1,0
5112,524790020377,1,0
5113,524795120376,0,0
5114,524800614104,1,0
5115,524805850832,1,0
5116,524811072782,1,0
5117,524816170314,1,0
5118,524821230248,0,0
5119,524826741192,0,0
5120,524832183221,1,0
5121,524837235323,0,0
5122,524842582516,0,0
5123,524847997503,1,0
5124,524853026345,0,0
5125,524858488849,0,0
5126,524864020137,0,0
5127,524869296577,0,0
5128,524874808838,1,0
5129,524879981261,1,0
5130,524885032335,1,0
5131,524890168903,1,0
5132,524895283090,0,0
5133,524901084255,1,0
5134,524906095501,1,0
5135,524911220205,1,0
5136,524916283109,1,0
5137,524921551617,0,0
5138,524927504481,0,0
5139,524933272196,0,0
5140,524939024003,0,0
5141,524944968947,1,0
5142,524950424500,0,0
5143,524956252303,1,0
5144,524961549945,0,0
5145,524967464504,0,0
5146,524973234725,0,0
5147,524978913601,0,0
5148,524984395913,1,0
5149,524989531417,0,0
5150,524995291392,0,0
5151,525001115913,1,0
5152,525006113749,0,0
5153,525012139705,0,0
5154,525017599529,0,0
5155,525023383805,1,0
5156,525028482651,1,0
5157,525033666582,0,0
5158,525039426389,0,0
5159,525045227324,1,0
5160,525050564696,1,0
5161,525055510113,1,0
5162,525060779685,1,0
5163,525066023625,1,0
5164,525071235165,1,0
5165,525076466418,1,0
5166,525081635765,0,0
5167,525087217312,0,0
5168,525092770099,1,0
5169,525097976246,0,0
5170,525103509378,1,0
5171,525108718378,0,0
5172,525114333468,1,0
5173,525119498782,1,0
5174,525124736318,1,0
5175,525129928748,1,0
5176,525135036653,0,0
5177,525140740500,0,0
5178,525146293562,1,0
5179,525151459050,1,0
5180,525156653411,1,0
5181,525161790813,1,0
5182,525167377830,1,0
5183,525172653629,1,0
5184,525177755222,1,0
5185,525182883654,0,0
5186,525188591281,1,0
5187,525193650354,0,0
5188,525199456447,0,0
5189,525205098034,0,0
5190,525210813881,1,0
5191,525215895439,1,0
5192,525220936695,1,0
5193,525226041610,1,0
5194,525231584920,0,0
5195,525237119695,0,0
5196,525242764752,0,0
5197,525248438890,0,0
5198,525253861368,0,0
5199,525259258303,0,0
5200,525264581651,0,0
5201,525270112487,1,0
5202,525275186551,1,0
5203,525280231480,0,0
5204,525285614743,0,0
5205,525291351498,1,0
5206,525296686373,1,0
5207,525301798560,1,0
5208,525306878583,0,0
5209,525312404587,1,0
5210,525317534993,0,0
5211,525323123106,0,0
5212,525328569791,1,0
5213,525333843203,0,0
5214,525339328407,0,0
5215,525344823502,1,0
5216,525349897669,0,0
5217,525355544174,1,0
5218,525360765147,0,0
5219,525366604310,1,0
5220,525371880327,0,0
5221,525377866958,1,0
5222,525383019542,1,0
5223,525388118663,1,0
5224,525393467826,0,0
5225,525399188293,0,0
5226,525404826966,1,0
5227,525410244201,1,0
5228,525415539602,1,0
5229,525420716982,0,0
5230,525426408595,1,0
5231,525431727439,0,0
5232,525437448511,0,0
5233,525443154643,1,0
5234,525448265372,1,0
5235,525453378818,1,0
5236,525458455456,1,0
5237,525463497418,0,0
5238,525469092169,0,0
5239,525474524493,0,0
5240,525480145670,0,0
5241,525485711136,1,0
5242,525490811366,1,0
5243,525496036455,1,0
5244,525501227419,1,0
5245,525506658918,0,0
5246,525512485005,0,0
5247,525518307641,1,0
5248,525523578380,0,0
5249,525529549549,1,0
5250,525534692319,0,0
5251,525540280927,0,0
5252,525545844297,0,0
5253,525551375294,1,0
5254,525556733114,0,0
5255,525562433739,1,0
5256,525567614513,1,0
5257,525572733989,0,0
5258,525578548218,1,0
5259,525583754309,0,0
5260,525589281706,0,0
5261,525594832209,0,0
5262,525600271262,0,0
5263,525605812041,0,0
5264,525611457677,0,0
5265,525617022701,1,0
5266,525622201140,0,0
5267,525627624422,0,0
5268,525633036117,0,0
5269,525638607783,1,0
5270,525643666186,1,0
5271,525648729850,1,0
5272,525653860808,1,0
5273,525658959128,1,0
5274,525664014040,1,0
5275,525669150996,1,0
5276,525674261562,0,0
5277,525680158456,1,0
5278,525685323193,1,0
5279,525690564302,1,0
5280,525695861579,1,0
5281,525700938863,1,0
5282,525706048319,1,0
5283,525711166711,1,0
5284,525716272439,1,0
5285,525721479572,1,0
5286,525726721328,1,0
5287,525731785708,1,0
5288,525736986873,0,0
5289,525742700134,0,0
5290,525748415780,0,0
5291,525754112028,1,0
5292,525759057275,0,0
5293,525764729077,0,0
5294,525770235655,0,0
5295,525775771004,1,0
5296,525781082324,0,0
5297,525786471551,0,0
5298,525792128620,1,0
5299,525797230090,0,0
5300,525802922527,1,0
5301,525807989725,0,0
5302,525813626479,0,0
5303,525819585727,1,0
5304,525824703478,0,0
5305,525830335001,1,0
5306,525835485753,0,0
5307,525841135387,0,0
5308,525846701584,1,0
5309,525852132384,1,0
5310,525857211929,1,0
5311,525862244827,1,0
5312,525867315619,1,0
5313,525872394002,1,0
5314,525877703612,1,0
5315,525882844745,1,0
5316,525888043337,0,0
5317,525893724385,0,0
5318,525899390496,0,0
5319,525905134551,0,0
5320,525910730144,0,0
5321,525916192219,1,0
5322,525921299468,1,0
5323,525926338085,0,0
5324,525932158342,1,0
5325,525937043848,0,0
5326,525942495195,1,0
5327,525947729493,0,0
5328,525953171752,1,0
5329,525958282496,0,0
5330,525964068245,1,0
5331,525969185206,0,0
5332,525975086414,0,0
5333,525980906115,1,0
5334,525986029243,0,0
5335,525991506997,1,0
5336,525996724377,0,0
5337,526002249172,0,0
5338,526007729077,1,0
5339,526012804628,1,0
5340,526017861092,1,0
5341,526022916144,0,0
5342,526028588258,0,0
5343,526034293697,0,0
5344,526040044130,0,0
5345,526045606160,1,0
5346,526050679348,1,0
5347,526055790026,0,0
5348,526061183922,0,0
5349,526066724338,1,0
5350,526071810411,0,0
5351,526077384303,0,0
5352,526083194066,1,0
5353,526088449587,1,0
5354,526093705392,0,0
5355,526099385762,1,0
5356,526104701943,0,0
5357,526110359650,0,0
5358,526115608643,1,0
5359,526120765095,1,0
5360,526125995250,1,0
5361,526131262285,1,0
5362,526136355456,1,0
5363,526141677143,0,0
5364,526147443289,0,0
5365,526153204873,0,0
5366,526159017929,1,0
5367,526164115185,1,0
5368,526169278068,1,0
5369,526174526916,0,0
5370,526180352343,1,0
5371,526185606644,0,0
5372,526191363310,1,0
5373,526196580450,0,0
5374,526202254588,1,0
5375,526207568718,0,0
5376,526213026536,0,0
5377,526218590430,1,0
5378,526223837636,1,0
5379,526228908909,1,0
5380,526233985796,1,0
5381,526239049550,1,0
5382,526244110341,0,0
5383,526249807321,0,0
5384,526255427200,1,0
5385,526260591426,0,0
5386,526266131776,1,0
5387,526271274333,0,0
5388,526277076074,0,0
5389,526282558186,0,0
5390,526288283593,1,0
5391,526293500525,0,0
5392,526299170426,0,0
5393,526304959448,0,0
5394,526310600764,0,0
5395,526316263706,0,0
5396,526322190220,1,0
5397,526327151594,0,0
5398,526333038250,1,0
5399,526338128930,0,0
5400,526343673132,0,0
5401,526349261981,1,0
5402,526356742305,1,0
5403,526361591061,1,0
5404,526366945874,0,0
5405,526372424650,1,0
5406,526377745446,0,0
5407,526383307994,1,0
5408,526388783441,1,0
5409,526394179051,0,0
5410,526399815669,0,0
5411,526405684917,1,0
5412,526411192002,1,0
5413,526416203835,0,0
5414,526421955794,1,0
5415,526427044148,1,0
5416,526432255175,0,0
5417,526437716018,1,0
5418,526443209825,1,0
5419,526448164336,1,0
5420,526453317247,1,0
5421,526458436456,0,0
5422,526464067312,0,0
5423,526469934933,0,0
5424,526475234615,0,0
5425,526480970751,1,0
5426,526485928038,1,0
5427,526491067772,0,0
5428,526496562966,0,0
5429,526502024188,1,0
5430,526507106017,1,0
5431,526512311972,0,0
5432,526517596529,1,0
5433,526522837818,1,0
5434,526528045163,1,0
5435,526533224761,1,0
5436,526538285432,0,0
5437,526543713083,1,0
5438,526548994666,1,0
5439,526554126766,1,0
5440,526559460865,1,0
5441,526564641386,1,0
5442,526569933467,1,0
5443,526575020007,1,0
5444,526580116033,0,0
5445,526585897531,0,0
5446,526591636248,0,0
5447,526597143114,1,0
5448,526602247848,1,0
5449,526607485140,0,0
5450,526613179105,0,0
5451,526618882375,0,0
5452,526624705172,1,0
5453,526629964149,0,0
5454,526635698840,0,0
5455,526641519939,0,0
5456,526647165740,1,0
5457,526652654941,0,0
5458,526658640908,0,0
5459,526664242721,0,0
5460,526669900912,1,0
5461,526674843110,1,0
5462,526679965579,0,0
5463,526685949003,1,0
5464,526691067066,1,0
5465,526696501627,1,0
5466,526701765129,0,0
5467,526707424836,0,0
5468,526713267962,0,0
5469,526718949890,1,0
5470,526724104978,1,0
5471,526729296639,1,0
5472,526734517615,0,0
5473,526740179224,0,0
5474,526745898904,0,0
5475,526751598382,0,0
5476,526757287504,0,0
5477,526762846636,0,0
5478,526768390571,0,0
5479,526773973939,0,0
5480,526779531695,0,0
5481,526785309024,0,0
5482,526790900861,0,0
5483,526796267939,1,0
5484,526801335826,0,0
5485,526806819019,1,0
5486,526811873551,0,0
5487,526817423735,1,0
5488,526822475613,1,0
5489,526827830856,1,0
5490,526832813508,0,0
5491,526838306288,1,0
5492,526843459580,0,0
5493,526849177877,1,0
5494,526854274894,0,0
5495,526860156972,1,0
5496,526865294147,1,0
5497,526870526882,1,0
5498,526875765988,1,0
5499,526880894393,1,0
5500,526885964048,1,0
5501,526891042101,0,0
5502,526896814998,1,0
5503,526901954032,0,0
5504,526907666723,0,0
5505,526913530978,1,0
5506,526918777818,1,0
5507,526923878651,1,0
5508,526928970381,0,0
5509,526934635635,0,0
5510,526940233764,0,0
5511,526945976338,0,0
5512,526951545828,0,0
5513,526957539605,1,0
5514,526962667729,0,0
5515,526968315091,1,0
5516,526973381938,1,0
5517,526978394212,0,0
5518,526984145605,1,0
5519,526989159170,0,0
5520,526994963985,1,0
5521,526999977430,1,0
5522,527005057732,0,0
5523,527010599710,1,0
5524,527015856268,0,0
5525,527021663636,1,0
5526,527026760636,1,0
5527,527031834135,1,0
5528,527036899792,0,0
5529,527042483472,0,0
5530,527048194580,0,0
5531,527053609615,1,0
5532,527059030391,0,0
5533,527064484081,0,0
5534,527070455050,0,0
5535,527076352085,1,0
5536,527081277194,0,0
5537,527087084676,1,0
5538,527092218528,0,0
5539,527097728115,0,0
5540,527103176097,0,0
5541,527109060062,1,0
5542,527114314009,0,0
5543,527120120886,0,0
5544,527125757064,0,0
5545,527131515677,0,0
5546,527137711426,0,0
5547,527143604542,1,0
5548,527148880391,1,0
5549,527154157338,0,0
5550,527159704035,0,0
5551,527165531925,1,0
5552,527170840949,1,0
5553,527176258833,1,0
5554,527181787976,1,0
5555,527186981553,0,0
5556,527192632360,0,0
5557,527198039930,1,0
5558,527203200368,0,0
5559,527208786022,1,0
5560,527213915515,0,0
5561,527219426393,1,0
5562,527224695380,1,0
5563,527230078854,1,0
5564,527235446594,1,0
5565,527240602124,1,0
5566,527245875864,1,0
5567,527251085980,1,0
5568,527256560567,1,0
5569,527261840748,0,0
5570,527267609094,0,0
5571,527273159360,0,0
5572,527278662569,1,0
5573,527284056289,1,0
5574,527289176345,0,0
5575,527294762314,1,0
5576,527299878868,0,0
5577,527305537972,0,0
5578,527311190711,1,0
5579,527316274328,1,0
5580,527321589523,1,0
5581,527326851328,1,0
5582,527332038500,0,0
5583,527337370441,1,0
5584,527342526603,0,0
5585,527348154039,0,0
5586,527353571618,1,0
5587,527358907101,0,0
5588,527364346195,1,0
5589,527369539653,1,0
5590,527374660206,0,0
5591,527380450862,0,0
5592,527386291979,0,0
5593,527392250667,0,0
5594,527397992348,1,0
5595,527403136483,1,0
5596,527408540631,0,0
5597,527414293547,1,0
5598,527419716697,0,0
5599,527425674142,1,0
5600,527430965638,1,0
5601,527436198900,1,0
5602,527441531525,1,0
5603,527446833107,0,0
5604,527452351580,0,0
5605,527458113148,0,0
5606,527463640234,1,0
5607,527468944030,1,0
5608,527474064864,1,0
5609,527479193930,1,0
5610,527484521756,0,0
5611,527490591977,1,0
5612,527495926142,0,0
5613,527501682290,1,0
5614,527507074829,1,0
5615,527512345607,1,0
5616,527517699886,1,0
5617,527523054503,1,0
5618,527528161083,0,0
5619,527533948522,1,0
5620,527539093249,0,0
5621,527544852949,1,0
5622,527550173116,0,0
5623,527556038642,1,0
5624,527561242742,1,0
5625,527566547349,1,0
5626,527571833633,0,0
5627,527577628981,1,0
5628,527583052055,1,0
5629,527588059173,1,0
5630,527593600962,0,0
5631,527599362099,1,0
5632,527604745612,1,0
5633,527610086323,0,0
5634,527615745134,0,0
5635,527621736301,1,0
5636,527626956700,0,0
5637,527632601646,1,0
5638,527637900656,0,0
5639,527643564809,0,0
5640,527649124684,0,0
5641,527655057582,0,0
5642,527660833612,1,0
5643,527666092109,0,0
5644,527671888465,0,0
5645,527677523630,1,0
5646,527682749192,0,0
5647,527688657060,0,0
5648,527694756082,1,0
5649,527699834123,0,0
5650,527705875923,1,0
5651,527711054659,1,0
5652,527716168883,0,0
5653,527721812809,0,0
5654,527727537599,0,0
5655,527733143247,0,0
5656,527739045943,1,0
5657,527744188173,1,0
5658,527749601578,0,0
5659,527755279186,1,0
5660,527760785523,0,0
5661,527766602540,1,0
5662,527771872725,0,0
5663,527777738777,0,0
5664,527783647115,0,0
5665,527789546451,0,0
5666,527795271889,1,0
5667,527800711864,1,0
5668,527806033450,0,0
5669,527811736998,0,0
5670,527817641687,0,0
5671,527823560630,1,0
5672,527828787884,0,0
5673,527834625922,0,0
5674,527840622952,1,0
5675,527845891949,0,0
5676,527851992465,1,0
5677,527857250811,0,0
5678,527863066665,0,0
5679,527868795749,0,0
5680,527874630962,1,0
5681,527879793128,1,0
5682,527885034542,0,0
5683,527890781741,0,0
5684,527896631286,1,0
5685,527901915641,1,0
5686,527907075308,0,0
5687,527912772634,1,0
5688,527917995567,1,0
5689,527923528032,1,0
5690,527928849882,1,0
5691,527934056029,1,0
5692,527939073961,0,0
5693,527944694688,1,0
5694,527949876988,0,0
5695,527955600237,0,0
5696,527961613898,1,0
5697,527966917138,0,0
5698,527972735732,0,0
5699,527978634741,1,0
5700,527983832573,1,0
5701,527989037744,1,0
5702,527994501766,1,0
5703,527999814211,1,0
5704,528004962480,0,0
5705,528010593543,1,0
5706,528015954543,1,0
5707,528021283983,0,0
5708,528027193690,0,0
5709,528032780558,0,0
5710,528038562934,0,0
5711,528044303433,0,0
5712,528050124727,0,0
5713,528056100380,0,0
5714,528061788599,0,0
5715,528067412673,0,0
5716,528073156614,1,0
5717,528078147248,0,0
5718,528084090876,1,0
5719,528089223127,0,0
5720,528094876086,1,0
5721,528100047872,0,0
5722,528105611349,0,0
5723,528111140414,1,0
5724,528116711595,0,0
5725,528122228271,0,0
5726,528127941121,1,0
5727,528133068344,1,0
5728,528138168319,1,0
5729,528143306592,0,0
5730,528149304129,0,0
5731,528155085168,0,0
5732,528160924999,1,0
5733,528165978571,1,0
5734,528171060946,0,0
5735,528176852609,0,0
5736,528182435138,0,0
5737,528188163581,1,0
5738,528193191897,0,0
5739,528198811948,1,0
5740,528203912624,0,0
5741,528209536250,0,0
5742,528215162558,0,0
5743,528220599080,0,0
5744,528226359309,1,0
5745,528231629107,0,0
5746,528237311359,0,0
5747,528242930313,0,0
5748,528248403226,0,0
5749,528254155476,1,0
5750,528259185901,0,0
5751,528264877290,0,0
5752,528270572504,0,0
5753,528276138154,0,0
5754,528281931925,1,0
5755,528287084283,1,0
5756,528292069033,1,0
5757,528297230422,1,0
5758,528302471890,1,0
5759,528307695199,1,0
5760,528312980517,0,0
5761,528318386214,0,0
5762,528324147057,0,0
5763,528329642944,0,0
5764,528335157060,0,0
5765,528340848209,1,0
5766,528345941356,0,0
5767,528351358195,0,0
5768,528356963141,1,0
5769,528361915678,1,0
5770,528366985174,0,0
5771,528372544657,0,0
5772,528378162243,1,0
5773,528383204459,1,0
5774,528388558126,0,0
5775,528394299955,0,0
5776,528400093267,0,0
5777,528405645065,1,0
5778,528410993396,0,0
5779,528416506183,0,0
5780,528422305644,0,0
5781,528428070126,0,0
5782,528433368387,0,0
5783,528438936814,0,0
5784,528444262475,1,0
5785,528449513319,1,0
5786,528454950996,0,0
5787,528460320636,0,0
5788,528465681815,1,0
5789,528471047413,0,0
5790,528476566628,0,0
5791,528482256891,0,0
5792,528488111600,1,0
5793,528493139637,1,0
5794,528498675205,1,0
5795,528503822169,1,0
5796,528508967287,1,0
5797,528514078923,0,0
5798,528520137383,1,0
5799,528525577034,0,0
5800,528531621709,1,0
5801,528536858475,0,0
5802,528542673799,1,0
5803,528547907729,0,0
5804,528553671009,1,0
5805,528558946256,0,0
5806,528564581135,1,0
5807,528569809030,0,0
5808,528575591411,1,0
5809,528580840123,1,0
5810,528586054933,0,0
5811,528591922204,1,0
5812,528597127302,0,0
5813,528602697121,1,0
5814,528607978018,0,0
5815,528613599222,1,0
5816,528618885087,0,0
5817,528624524848,1,0
5818,528629809862,1,0
5819,528634955089,1,0
5820,528640080275,1,0
5821,528645242809,0,0
5822,528650767894,0,0
5823,528656327489,0,0
5824,528661984553,0,0
5825,528667340776,1,0
5826,528672518241,1,0
5827,528677797475,0,0
5828,528683221093,0,0
5829,528689093017,0,0
5830,528694659360,0,0
5831,528700330222,1,0
5832,528705540005,0,0
5833,528711288450,1,0
5834,528716453461,0,0
5835,528722273287,0,0
5836,528727975019,0,0
5837,528733679328,0,0
5838,528739267269,0,0
5839,528745161090,1,0
5840,528750114868,0,0
5841,528755952133,1,0
5842,528761019866,0,0
5843,528766520478,0,0
5844,528772290063,1,0
5845,528777505191,0,0
5846,528783269871,0,0
5847,528789029366,1,0
5848,528794150281,0,0
5849,528799647755,0,0
5850,528805344527,0,0
5851,528811244244,0,0
5852,528817110837,0,0
5853,528822948275,1,0
5854,528828145341,1,0
5855,528833171015,0,0
5856,528838922139,0,0
5857,528844834440,1,0
5858,528849954814,0,0
5859,528855838331,1,0
5860,528860975826,1,0
5861,528866222152,0,0
5862,528872400559,1,0
5863,528877790408,1,0
5864,528883174291,0,0
5865,528888963957,1,0
5866,528894148965,1,0
5867,528899673205,1,0
5868,528904864865,1,0
5869,528909958483,0,0
5870,528915643821,1,0
5871,528921075499,0,0
5872,528926981684,1,0
5873,528932261527,0,0
5874,528937725514,0,0
5875,528943685633,0,0
5876,528949564694,0,0
5877,528955168411,1,0
5878,528960625503,1,0
5879,528965986234,0,0
5880,528971885247,0,0
5881,528977810625,1,0
5882,528982997822,1,0
5883,528988507878,1,0
5884,528993921594,0,0
5885,528999678572,0,0
5886,529005424395,0,0
5887,529011430764,0,0
5888,529017122626,1,0
5889,529022073686,1,0
5890,529027232879,1,0
5891,529032418922,1,0
5892,529037711252,1,0
5893,529042894971,1,0
5894,529048017569,1,0
5895,529053138616,1,0
5896,529058523942,1,0
5897,529063868360,0,0
5898,529069666735,0,0
5899,529075545349,0,0
5900,529081494502,0,0
5901,529087091642,0,0
5902,529093100801,1,0
5903,529098259731,0,0
5904,529104177262,1,0
5905,529109671267,1,0
5906,529114884311,0,0
5907,529120562591,0,0
5908,529126493889,0,0
5909,529132177191,0,0
5910,529138271529,0,0
5911,529144083738,0,0
5912,529150026995,0,0
5913,529156024045,1,0
5914,529161540431,1,0
5915,529167019224,0,0
5916,529172705182,1,0
5917,529178072246,0,0
5918,529183918451,1,0
5919,529189304877,0,0
5920,529195143653,0,0
5921,529201018274,0,0
5922,529206689460,0,0
5923,529212699095,1,0
5924,529217947603,0,0
5925,529223876970,1,0
5926,529229530591,0,0
5927,529235545105,0,0
5928,529241243371,0,0
5929,529247022942,0,0
5930,529252853470,1,0
5931,529258028891,0,0
5932,529263751872,1,0
5933,529269043524,0,0
5934,529274662369,0,0
5935,529280526268,0,0
5936,529286143814,1,0
5937,529291281098,1,0
5938,529296688685,0,0
5939,529302633413,1,0
5940,529307738865,0,0
5941,529313404428,1,0
5942,529318681133,0,0
5943,529324401095,1,0
5944,529329627832,0,0
5945,529335247890,1,0
5946,529340449724,0,0
5947,529346234933,1,0
5948,529351405954,1,0
5949,529356538480,1,0
5950,529361848944,1,0
5951,529366956208,0,0
5952,529372523409,1,0
5953,529377603405,0,0
5954,529383162225,0,0
5955,529389033525,1,0
5956,529394154380,0,0
5957,529400141457,0,0
5958,529406028119,0,0
5959,529411782615,0,0
5960,529417367084,1,0
5961,529422749859,0,0
5962,529428577244,0,0
5963,529434614614,0,0
5964,529440144100,1,0
5965,529445731062,1,0
5966,529450932811,1,0
5967,529456401186,0,0
5968,529462046375,1,0
5969,529467202277,0,0
5970,529472938840,0,0
5971,529478643942,0,0
5972,529484476130,0,0
5973,529490344258,1,0
5974,529495797328,0,0
5975,529501604506,0,0
5976,529507242795,0,0
5977,529513152117,1,0
5978,529518199125,1,0
5979,529523755881,1,0
5980,529529044289,0,0
5981,529534798123,1,0
5982,529540181064,1,0
5983,529545260528,0,0
5984,529551192866,1,0
5985,529556207948,0,0
5986,529561921246,0,0
5987,529567712057,0,0
5988,529573582842,1,0
5989,529578806781,1,0
5990,529583898687,1,0
5991,529589099124,0,0
5992,529594749183,1,0
5993,529599937006,1,0
5994,529605015170,0,0
5995,529610922502,1,0
5996,529616085421,0,0
5997,529621795163,0,0
5998,529627509481,0,0
5999,529633046090,0,0
6000,529638520149,0,0
6001,529644100488,0,0
6002,529649493490,1,0
6003,529654566963,0,0
6004,529660182257,1,0
6005,529665881337,1,0
6006,529670854171,1,0
6007,529676091674,0,0
6008,529681575814,0,0
6009,529687079484,1,0
6010,529692225670,0,0
6011,529698129067,1,0
6012,529703365164,0,0
6013,529708828178,1,0
6014,529713912581,1,0
6015,529719015473,0,0
6016,529724595137,0,0
6017,529730555831,0,0
6018,529736571403,0,0
6019,529742232931,1,0
6020,529747758568,1,0
6021,529753122578,1,0
6022,529758464431,0,0
6023,529764444017,0,0
6024,529770262956,1,0
6025,529775570164,0,0
6026,529781158344,0,0
6027,529786816238,0,0
6028,529792669127,0,0
6029,529798543664,1,0
6030,529803678775,1,0
6031,529808808489,0,0
6032,529814394153,0,0
6033,529819864747,1,0
6034,529824978345,0,0
6035,529830606440,0,0
6036,529836375975,0,0
6037,529841938313,1,0
6038,529847086697,1,0
6039,529852221588,1,0
6040,529857719736,0,0
6041,529863510236,0,0
6042,529869180164,1,0
6043,529874586196,0,0
6044,529880083301,0,0
6045,529885910664,1,0
6046,529891027831,1,0
6047,529896091943,0,0
6048,529901637448,0,0
6049,529907533364,0,0
6050,529913265671,0,0
6051,529918873482,0,0
6052,529924451338,1,0
6053,529929903507,1,0
6054,529934901640,1,0
6055,529940021634,0,0
6056,529945563721,1,0
6057,529950853059,0,0
6058,529956470612,1,0
6059,529961817707,1,0
6060,529966987955,0,0
6061,529972755537,1,0
6062,529978029207,0,0
6063,529983812411,1,0
6064,529989211277,1,0
6065,529994704346,0,0
6066,530000359697,1,0
6067,530005611215,0,0
6068,530011305421,1,0
6069,530016578942,0,0
6070,530022234021,1,0
6071,530027392869,1,0
6072,530032585458,0,0
6073,530038394271,0,0
6074,530044185247,0,0
6075,530049632296,0,0
6076,530055346819,0,0
6077,530061195062,1,0
6078,530066258422,0,0
6079,530072162164,1,0
6080,530077243866,0,0
6081,530083147883,1,0
6082,530088160366,0,0
6083,530093937249,1,0
6084,530099185931,0,0
6085,530104544427,1,0
6086,530109836309,0,0
6087,530115159906,0,0
6088,530120770046,1,0
6089,530126118043,0,0
6090,530131564290,0,0
6091,530137253431,0,0
6092,530143089094,1,0
6093,530148060188,0,0
6094,530154159577,0,0
6095,530159372844,1,0
6096,530164612029,0,0
6097,530170218701,0,0
6098,530175703190,1,0
6099,530180927732,1,0
6100,530186089324,0,0
6101,530191598238,1,0
6102,530196923981,1,0
6103,530201869264,1,0
6104,530206972383,1,0
6105,530212019589,1,0
6106,530217053617,1,0
6107,530222048552,1,0
6108,530227111708,0,0
6109,530232955547,0,0
6110,530238450072,1,0
6111,530243626093,0,0
6112,530249276874,1,0
6113,530254501940,1,0
6114,530259746337,1,0
6115,530265069985,0,0
6116,530270511736,1,0
6117,530275761304,0,0
6118,530281336663,0,0
6119,530286933270,1,0
6120,530291935751,1,0
6121,530297019682,1,0
6122,530302114513,0,0
6123,530307861117,0,0
6124,530313360563,1,0
6125,530318572885,0,0
6126,530324568230,0,0
6127,530330265174,1,0
6128,530335537712,0,0
6129,530341445606,0,0
6130,530347065614,0,0
6131,530352580476,1,0
6132,530357829334,1,0
6133,530362950010,1,0
6134,530368346705,1,0
6135,530373519312,0,0
6136,530379440018,1,0
6137,530384580408,0,0
6138,530390050200,0,0
6139,530395457645,0,0
6140,530400963937,1,0
6141,530405956017,0,0
6142,530411559556,1,0
6143,530416631276,0,0
6144,530421994334,1,0
6145,530427060739,1,0
6146,530432259403,1,0
6147,530437493470,1,0
6148,530442757890,0,0
6149,530448346708,1,0
6150,530453482766,0,0
6151,530458936954,0,0
6152,530464355929,1,0
6153,530469454198,0,0
6154,530474893410,1,0
6155,530479974984,1,0
6156,530485113211,1,0
6157,530490159103,0,0
6158,530495933077,0,0
6159,530501717672,1,0
6160,530506826062,1,0
6161,530511899049,0,0
6162,530517567299,1,0
6163,530522777782,1,0
6164,530527870960,1,0
6165,530532953889,0,0
6166,530538687067,1,0
6167,530543759132,0,0
6168,530549377361,0,0
6169,530555127329,0,0
6170,530560619227,1,0
6171,530565691078,0,0
6172,530571437171,0,0
6173,530577057205,1,0
6174,530582117952,1,0
6175,530587257447,0,0
6176,530593058786,0,0
6177,530598771464,0,0
6178,530604822789,0,0
6179,530610567951,1,0
6180,530615975036,1,0
6181,530621064586,0,0
6182,530626801202,0,0
6183,530632443118,1,0
6184,530637818084,1,0
6185,530642953088,1,0
6186,530647916501,1,0
6187,530653022070,1,0
6188,530658122374,0,0
6189,530663958741,0,0
6190,530669761033,0,0
6191,530675332654,1,0
6192,530680507186,0,0
6193,530686150777,0,0
6194,530691614254,1,0
6195,530696749381,0,0
6196,530702421376,1,0
6197,530707632382,1,0
6198,530712858531,1,0
6199,530718127558,0,0
6200,530723907004,0,0
6201,530729717209,0,0
6202,530735418520,0,0
6203,530741054577,0,0
6204,530746498526,0,0
6205,530752131619,1,0
6206,530757076141,1,0
6207,530762283869,1,0
6208,530767747222,1,0
6209,530772847386,0,0
6210,530778582311,0,0
6211,530784522947,1,0
6212,530789741156,1,0
6213,530794867916,1,0
6214,530799942237,0,0
6215,530805360550,0,0
6216,530810974201,0,0
6217,530816586255,1,0
6218,530821819117,1,0
6219,530826896173,1,0
6220,530832022893,0,0
6221,530837664642,0,0
6222,530843355584,1,0
6223,530848626635,1,0
6224,530853758767,0,0
6225,530859412830,1,0
6226,530864717188,1,0
6227,530870027696,1,0
6228,530874951364,1,0
6229,530880070282,1,0
6230,530885260921,0,0
6231,530890970458,1,0
6232,530895961627,0,0
6233,530901564446,1,0
6234,530906992385,1,0
6235,530911967976,1,0
6236,530917067537,0,0
6237,530922800374,1,0
6238,530927906334,1,0
6239,530933088880,0,0
6240,530938988335,0,0
6241,530944622111,1,0
6242,530949826060,1,0
6243,530954957490,1,0
6244,530960071314,0,0
6245,530965835076,0,0
6246,530971717491,1,0
6247,530976934759,1,0
6248,530982061970,1,0
6249,530987127075,1,0
6250,530992354384,0,0
6251,530997925379,1,0
6252,531003186487,0,0
6253,531008803962,1,0
6254,531013902782,0,0
6255,531019538076,1,0
6256,531024886907,1,0
6257,531029962922,1,0
6258,531035060827,0,0
6259,531040659282,1,0
6260,531045896891,1,0
6261,531051059324,0,0
6262,531056726263,0,0
6263,531062353630,1,0
6264,531067637529,0,0
6265,531073418962,1,0
6266,531078690701,1,0
6267,531083877611,0,0
6268,531089384507,1,0
6269,531094572092,0,0
6270,531100245917,1,0
6271,531105687185,1,0
6272,531110805358,0,0
6273,531116360345,1,0
6274,531121488844,0,0
6275,531127046802,0,0
6276,531132574375,1,0
6277,531137951036,0,0
6278,531143665548,0,0
6279,531149533275,0,0
6280,531155174710,1,0
6281,531160627010,1,0
6282,531165933776,1,0
6283,531171235098,1,0
6284,531176346323,1,0
6285,531181624797,1,0
6286,531187040919,1,0
6287,531192198781,0,0
6288,531197987323,1,0
6289,531203038764,1,0
6290,531208367084,0,0
6291,531214219047,0,0
6292,531219825604,0,0
6293,531225384200,1,0
6294,531230621790,1,0
6295,531235835061,0,0
6296,531241360534,1,0
6297,531246561542,1,0
6298,531251649277,0,0
6299,531257554336,1,0
6300,531262935497,1,0
6301,531267972841,0,0
6302,531273812459,1,0
6303,531278864733,1,0
6304,531283919939,1,0
6305,531288956571,1,0
6306,531294019856,0,0
6307,531299677501,1,0
6308,531304783865,0,0
6309,531310358058,1,0
6310,531315415287,0,0
6311,531321236578,0,0
6312,531326832890,0,0
6313,531332420256,1,0
6314,531337720904,0,0
6315,531343364196,1,0
6316,531348535763,1,0
6317,531353678256,0,0
6318,531359128356,1,0
6319,531364288522,0,0
6320,531369986664,0,0
6321,531375723832,0,0
6322,531381622544,1,0
6323,531386942902,1,0
6324,531392154609,0,0
6325,531397665080,0,0
6326,531403310771,0,0
6327,531408778466,0,0
6328,531414410285,0,0
6329,531420269492,0,0
6330,531425899600,1,0
6331,531431061232,1,0
6332,531436138203,0,0
6333,531442052289,1,0
6334,531447021780,1,0
6335,531452146523,0,0
6336,531457860421,1,0
6337,531463041859,0,0
6338,531468481077,0,0
6339,531474100654,1,0
6340,531479250530,0,0
6341,531484722869,0,0
6342,531490058133,1,0
6343,531495218948,0,0
6344,531500626801,1,0
6345,531505797704,1,0
6346,531510937042,1,0
6347,531516069204,0,0
6348,531521777489,1,0
6349,531526916844,0,0
6350,531532359350,0,0
6351,531538073168,0,0
6352,531543665884,0,0
6353,531548952079,1,0
6354,531554053635,0,0
6355,531559373002,0,0
6356,531564657213,1,0
6357,531569805374,0,0
6358,531575203859,0,0
6359,531580666548,1,0
6360,531585779427,1,0
6361,531590896753,0,0
6362,531596209047,1,0
6363,531601265552,1,0
6364,531606373431,0,0
6365,531611705501,0,0
6366,531617178950,0,0
6367,531622973653,1,0
6368,531628158624,1,0
6369,531633174846,0,0
6370,531638635161,0,0
6371,531644122491,1,0
6372,531649299880,0,0
6373,531654696956,1,0
6374,531659858123,0,0
6375,531665481765,1,0
6376,531670755020,0,0
6377,531676845049,1,0
6378,531682063078,0,0
6379,531687721070,0,0
6380,531693408152,0,0
6381,531698963256,0,0
6382,531704804186,1,0
6383,531710085178,0,0
6384,531715657450,0,0
6385,531721360982,0,0
6386,531726835241,0,0
6387,531732309641,1,0
6388,531737453945,0,0
6389,531742852092,1,0
6390,531748137062,1,0
6391,531753334667,0,0
6392,531759026279,1,0
6393,531764164557,0,0
6394,531769748371,0,0
6395,531775357204,0,0
6396,531781078304,0,0
6397,531786532702,0,0
6398,531792165959,1,0
6399,531797363686,1,0
6400,531802666104,0,0
6401,531808188205,1,0
6402,531813642760,1,0
6403,531818755014,0,0
6404,531824347300,0,0
6405,531829933694,1,0
6406,531835197430,1,0
6407,531840409959,1,0
6408,531845764748,1,0
6409,531851063183,1,0
6410,531856292163,1,0
6411,531861807453,0,0
6412,531867731846,0,0
6413,531873506414,1,0
6414,531878746724,1,0
6415,531883809163,1,0
6416,531888816124,1,0
6417,531893794461,0,0
6418,531899264722,0,0
6419,531904688056,1,0
6420,531909750990,0,0
6421,531915285640,0,0
6422,531921182202,1,0
6423,531926214840,0,0
6424,531931717325,0,0
6425,531937166599,0,0
6426,531942694145,1,0
6427,531947737496,1,0
6428,531952787209,0,0
6429,531958046971,1,0
6430,531963091898,1,0
6431,531968172389,0,0
6432,531973840538,0,0
6433,531979338920,1,0
6434,531984557011,0,0
6435,531989879652,1,0
6436,531995029066,0,0
6437,532000200224,1,0
6438,532005331788,1,0
6439,532010499577,1,0
6440,532015668732,0,0
6441,532021076422,1,0
6442,532026217339,1,0
6443,532031269555,1,0
6444,532036403228,1,0
6445,532041649650,0,0
6446,532047285685,0,0
6447,532052762112,1,0
6448,532058035382,1,0
6449,532063330239,1,0
6450,532068782828,1,0
6451,532073898351,1,0
6452,532079011577,1,0
6453,532084063611,1,0
6454,532089316628,0,0
6455,532094781975,1,0
6456,532099928289,0,0
6457,532105341301,0,0
6458,532110772487,0,0
6459,532116332681,1,0
6460,532121502779,0,0
6461,532126931934,0,0
6462,532132478218,0,0
6463,532137960637,0,0
6464,532143591967,1,0
6465,532148761399,1,0
6466,532154050452,0,0
6467,532159614601,0,0
6468,532165275079,0,0
6469,532171085895,0,0
6470,532176643193,0,0
6471,532182391750,1,0
6472,532187610863,0,0
6473,532193254581,1,0
6474,532198504718,1,0
6475,532203784924,1,0
6476,532208977224,0,0
6477,532214463576,0,0
6478,532219941753,0,0
6479,532225377179,0,0
6480,532231120184,1,0
6481,532236066970,0,0
6482,532241858089,1,0
6483,532246941408,1,0
6484,532252072080,0,0
6485,532257826534,1,0
6486,532262975662,1,0
6487,532268054807,0,0
6488,532273615178,1,0
6489,532278735052,0,0
6490,532284064200,0,0
6491,532289275767,1,0
6492,532294521965,0,0
6493,532300224663,1,0
6494,532305339420,0,0
6495,532310930967,0,0
6496,532316763327,0,0
6497,532322292823,1,0
6498,532327717102,1,0
6499,532333016860,1,0
6500,532338058175,1,0
6501,532343185066,0,0
6502,532348720372,1,0
6503,532353993032,0,0
6504,532359408547,0,0
6505,532365049630,0,0
6506,532370565884,1,0
6507,532375893669,0,0
6508,532381415631,1,0
6509,532386681046,0,0
6510,532392407083,0,0
6511,532398200124,1,0
6512,532403172190,1,0
6513,532408343592,0,0
6514,532413779856,1,0
6515,532419022322,1,0
6516,532424165139,0,0
6517,532429773362,1,0
6518,532435040375,0,0
6519,532440374439,1,0
6520,532445474959,1,0
6521,532450711845,0,0
6522,532456187431,1,0
6523,532461310950,1,0
6524,532466532937,0,0
6525,532472107693,1,0
6526,532477063789,0,0
6527,532482645440,1,0
6528,532487794797,1,0
6529,532493061137,1,0
6530,532498204628,0,0
6531,532503676887,0,0
6532,532509234512,1,0
6533,532514639080,1,0
6534,532519951190,0,0
6535,532525392309,1,0
6536,532530619066,1,0
6537,532535898284,1,0
6538,532541044079,1,0
6539,532546145291,1,0
6540,532551222743,0,0
6541,532556874885,1,0
6542,532561964344,0,0
6543,532567406064,0,0
6544,532573068382,1,0
6545,532578184376,0,0
6546,532583735013,0,0
6547,532589271222,1,0
6548,532594589334,1,0
6549,532599804717,1,0
6550,532604948471,1,0
6551,532610022822,1,0
6552,532615057420,1,0
6553,532620200779,0,0
6554,532625794835,0,0
6555,532631375390,0,0
6556,532636912754,1,0
6557,532641991586,0,0
6558,532647288246,1,0
6559,532652656939,1,0
6560,532657949376,0,0
6561,532663551715,0,0
6562,532669155708,1,0
6563,532674110356,0,0
6564,532679704966,0,0
6565,532685382578,1,0
6566,532690607102,1,0
6567,532695707594,1,0
6568,532700819427,0,0
6569,532706598584,1,0
6570,532711828576,0,0
6571,532717386769,1,0
6572,532722588249,0,0
6573,532728180707,0,0
6574,532733639415,0,0
6575,532739258285,1,0
6576,532744439256,0,0
6577,532750036402,1,0
6578,532755234052,1,0
6579,532760313017,1,0
6580,532765382951,1,0
6581,532770465773,0,0
6582,532776095895,0,0
6583,532781962455,0,0
6584,532787536130,1,0
6585,532792797574,0,0
6586,532798560493,0,0
6587,532804175508,1,0
6588,532809244634,1,0
6589,532814413047,1,0
6590,532819493433,0,0
6591,532825073526,0,0
6592,532830644863,0,0
6593,532836421811,1,0
6594,532841551207,0,0
6595,532847065137,0,0
6596,532852986479,1,0
6597,532858254711,1,0
6598,532863725663,1,0
6599,532868937502,0,0
6600,532874706644,0,0
6601,532880422220,0,0
6602,532886037565,0,0
6603,532891549518,1,0
6604,532896811028,0,0
6605,532902485269,1,0
6606,532907724475,0,0
6607,532913599567,1,0
6608,532918938993,1,0
6609,532924116726,1,0
6610,532929294449,1,0
6611,532935748141,0,0
6612,532941467050,0,0
6613,532947157531,1,0
6614,532952379211,1,0
6615,532957750251,0,0
6616,532963260840,0,0
6617,532968839875,1,0
6618,532974249694,0,0
6619,532980045205,0,0
6620,532985934810,1,0
6621,532991167114,1,0
6622,532996506233,0,0
6623,533002250002,1,0
6624,533007323531,1,0
6625,533012597725,0,0
6626,533018081797,1,0
6627,533023337124,1,0
6628,533028704115,1,0
6629,533034024727,1,0
6630,533039229427,0,0
6631,533044682714,1,0
6632,533049876073,1,0
6633,533055026735,1,0
6634,533060124547,1,0
6635,533065276182,0,0
6636,533071103262,0,0
6637,533076695671,1,0
6638,533081864223,0,0
6639,533087366651,1,0
6640,533092562036,0,0
6641,533098440724,0,0
6642,533104288783,1,0
6643,533109531919,0,0
6644,533115371649,1,0
6645,533120555321,0,0
6646,533126249734,0,0
6647,533131797588,1,0
6648,533136903658,0,0
6649,533142657856,1,0
6650,533147761679,0,0
6651,533153720235,1,0
6652,533158907398,0,0
6653,533164596104,0,0
6654,533170580428,1,0
6655,533175808275,1,0
6656,533181031094,0,0
6657,533186710626,0,0
6658,533192193680,0,0
6659,533197866451,1,0
6660,533203026825,1,0
6661,533208127269,1,0
6662,533213228448,1,0
6663,533218265238,0,0
6664,533223816041,0,0
6665,533229409893,1,0
6666,533234709798,0,0
6667,533240403010,1,0
6668,533245681147,1,0
6669,533250879765,1,0
6670,533255958363,0,0
6671,533261582842,0,0
6672,533267168151,0,0
6673,533272791645,0,0
6674,533278399060,1,0
6675,533283622965,1,0
6676,533288830679,1,0
6677,533293899430,1,0
6678,533298980175,1,0
6679,533304060064,0,0
6680,533309799259,0,0
6681,533315378740,0,0
6682,533321078474,0,0
6683,533326270067,0,0
6684,533332079778,0,0
6685,533337793088,1,0
6686,533342992260,1,0
6687,533348047542,1,0
6688,533353145704,1,0
6689,533358181289,0,0
6690,533364032726,1,0
6691,533369019930,1,0
6692,533374080753,0,0
6693,533379956613,0,0
6694,533385448429,0,0
6695,533390932160,0,0
6696,533396723755,0,0
6697,533402369396,0,0
6698,533407717577,1,0
6699,533413107488,1,0
6700,533418056200,1,0
6701,533423144464,1,0
6702,533428232055,0,0
6703,533434059028,1,0
6704,533439077753,0,0
6705,533444885882,1,0
6706,533449943339,1,0
6707,533455045512,0,0
6708,533460600478,1,0
6709,533465632214,0,0
6710,533471112190,0,0
6711,533476748421,0,0
6712,533482210856,0,0
6713,533487789228,1,0
6714,533492936582,1,0
6715,533498022258,1,0
6716,533503068187,0,0
6717,533508809699,0,0
6718,533514489780,0,0
6719,533520217354,1,0
6720,533525447916,1,0
6721,533530669347,0,0
6722,533536298197,1,0
6723,533541626040,0,0
6724,533547285116,0,0
6725,533553155238,0,0
6726,533558724805,1,0
6727,533563864565,0,0
6728,533569319845,0,0
6729,533575204339,0,0
6730,533581060982,1,0
6731,533586279123,0,0
6732,533592146570,1,0
6733,533597199522,0,0
6734,533603050913,0,0
6735,533608698835,0,0
6736,533614510732,1,0
6737,533619744419,0,0
6738,533625154319,1,0
6739,533630222122,0,0
6740,533635784097,0,0
6741,533641473385,1,0
6742,533646700026,1,0
6743,533651795463,1,0
6744,533656955820,1,0
6745,533662056170,1,0
6746,533667151790,1,0
6747,533672223228,0,0
6748,533678044168,1,0
6749,533683125354,0,0
6750,533688786683,0,0
6751,533694392114,0,0
6752,533700276841,0,0
6753,533705908114,0,0
6754,533711482549,1,0
6755,533716797560,1,0
6756,533722070106,0,0
6757,533727828491,1,0
6758,533733016062,1,0
6759,533738125078,0,0
6760,533744038050,0,0
6761,533749641749,0,0
6762,533755228304,1,0
6763,533760316091,0,0
6764,533766093455,0,0
6765,533771649452,1,0
6766,533776829918,0,0
6767,533782374054,0,0
6768,533787780515,0,0
6769,533793333083,1,0
6770,533798496479,1,0
6771,533803630402,1,0
6772,533808957273,1,0
6773,533814062404,1,0
6774,533819229688,1,0
6775,533824419446,0,0
6776,533830063197,0,0
6777,533835713998,1,0
6778,533841031749,1,0
6779,533846157752,0,0
6780,533851805814,0,0
6781,533857349539,0,0
6782,533863165945,0,0
6783,533868700231,0,0
6784,533874377428,0,0
6785,533880054201,0,0
6786,533885631134,0,0
6787,533891045316,1,0
6788,533896240627,0,0
6789,533901914847,0,0
6790,533907493337,1,0
6791,533912620007,1,0
6792,533917928526,0,0
6793,533923426733,1,0
6794,533928480946,0,0
6795,533934056232,0,0
6796,533939826312,0,0
6797,533945420178,1,0
6798,533950653077,0,0
6799,533956418456,0,0
6800,533962068065,1,0
6801,533967267519,0,0
6802,533972894211,1,0
6803,533978043505,1,0
6804,533983190968,1,0
6805,533988342246,0,0
6806,533993936313,0,0
6807,533999281750,1,0
6808,534004421050,0,0
6809,534009770470,0,0
6810,534015211993,1,0
6811,534020325315,1,0
6812,534025494938,0,0
6813,534031214918,1,0
6814,534036346476,0,0
6815,534041874124,1,0
6816,534047211343,1,0
6817,534052393296,0,0
6818,534057979443,1,0
6819,534063051721,1,0
6820,534068217781,1,0
6821,534073278673,0,0
6822,534078978288,0,0
6823,534084573192,1,0
6824,534089748696,1,0
6825,534094804544,1,0
6826,534099927507,1,0
6827,534105024277,1,0
6828,534110218357,1,0
6829,534115317239,1,0
6830,534120601374,0,0
6831,534126219594,1,0
6832,534131294891,0,0
6833,534136902077,1,0
6834,534142109609,0,0
6835,534147471542,1,0
6836,534152767688,1,0
6837,534157892397,1,0
6838,534162970633,0,0
6839,534168608066,0,0
6840,534174312068,0,0
6841,534180111011,0,0
6842,534185574464,1,0
6843,534190796148,1,0
6844,534196027482,0,0
6845,534201693243,0,0
6846,534207443524,0,0
6847,534213142954,1,0
6848,534218300541,1,0
6849,534223441082,1,0
6850,534228656019,0,0
6851,534234322056,0,0
6852,534240111830,1,0
6853,534245068494,1,0
6854,534250172950,1,0
6855,534255304029,0,0
6856,534261134119,0,0
6857,534266668734,0,0
6858,534272244189,0,0
6859,534277935692,1,0
6860,534283165460,0,0
6861,534288807562,0,0
6862,534294234397,1,0
6863,534299344774,0,0
6864,534304923005,0,0
6865,534310436319,0,0
6866,534315981360,1,0
6867,534321061709,0,0
6868,534326342190,0,0
6869,534332144546,0,0
6870,534338069802,1,0
6871,534343206942,1,0
6872,534348303525,1,0
6873,534353482859,0,0
6874,534359063139,1,0
6875,534364201351,1,0
6876,534369208374,1,0
6877,534374198737,1,0
6878,534379299061,0,0
6879,534385061995,0,0
6880,534390796226,1,0
6881,534396064441,0,0
6882,534401747217,1,0
6883,534406947372,0,0
6884,534412668263,1,0
6885,534417921288,1,0
6886,534423128949,1,0
6887,534428362390,0,0
6888,534434063298,1,0
6889,534439248911,0,0
6890,534444811094,1,0
6891,534449996864,1,0
6892,534455069168,1,0
6893,534460223208,0,0
6894,534465689945,0,0
6895,534471226807,0,0
6896,534476770793,0,0
6897,534482518500,1,0
6898,534487727902,0,0
6899,534493317530,0,0
6900,534498840708,1,0
6901,534504088592,1,0
6902,534509232427,1,0
6903,534514448526,1,0
6904,534519628536,0,0
6905,534525148805,1,0
6906,534530292185,1,0
6907,534535428087,0,0
6908,534540825815,0,0
6909,534546440979,0,0
6910,534552251979,1,0
6911,534557111553,0,0
6912,534562953170,1,0
6913,534568024301,1,0
6914,534573049104,1,0
6915,534578171812,0,0
6916,534583832215,0,0
6917,534589319111,0,0
6918,534594912264,0,0
6919,534600475251,1,0
6920,534605670588,0,0
6921,534611134762,1,0
6922,534616134712,1,0
6923,534621178202,1,0
6924,534626201992,1,0
6925,534631198180,0,0
6926,534636842905,1,0
6927,534641866149,1,0
6928,534647088169,0,0
6929,534652371688,0,0
6930,534657894498,1,0
6931,534662958790,1,0
6932,534668052353,0,0
6933,534673635929,0,0
6934,534679222935,1,0
6935,534684219966,0,0
6936,534689582606,0,0
6937,534695071144,0,0
6938,534700476946,1,0
6939,534705666302,1,0
6940,534710808838,0,0
6941,534716242450,1,0
6942,534721585461,1,0
6943,534726744062,0,0
6944,534732221448,1,0
6945,534737346990,1,0
6946,534742838793,0,0
6947,534748452947,0,0
6948,534754216609,0,0
6949,534760104378,1,0
6950,534765234495,1,0
6951,534770280735,1,0
6952,534775359895,1,0
6953,534780587250,0,0
6954,534786598423,1,0
6955,534791877593,0,0
6956,534797708296,0,0
6957,534803829014,0,0
6958,534809346082,1,0
6959,534814704293,1,0
6960,534819823593,1,0
6961,534825019942,1,0
6962,534830456769,1,0
6963,534835742147,1,0
6964,534840855297,1,0
6965,534845982481,1,0
6966,534851053144,1,0
6967,534856399242,1,0
6968,534861673798,1,0
6969,534866823285,0,0
6970,534872336862,0,0
6971,534877950619,0,0
6972,534883470189,1,0
6973,534888778150,0,0
6974,534894537847,0,0
6975,534899859444,0,0
6976,534905537088,1,0
6977,534910669140,1,0
6978,534915806068,1,0
6979,534920928549,0,0
6980,534926655178,1,0
6981,534932033636,0,0
6982,534937915133,0,0
6983,534943610761,1,0
6984,534948795391,0,0
6985,534954692944,0,0
6986,534960411888,0,0
6987,534965995502,0,0
6988,534971465561,1,0
6989,534976681474,1,0
6990,534981851859,1,0
6991,534987058349,0,0
6992,534992648250,1,0
6993,534997839349,1,0
6994,535002911980,0,0
6995,535008518994,0,0
6996,535014071272,1,0
6997,535019234501,0,0
6998,535024673828,0,0
6999,535030494344,0,0
7000,535036280696,0,0
7001,535042082601,0,0
7002,535047879277,0,0
7003,535053913635,1,0
7004,535059042907,0,0
7005,535064938256,1,0
7006,535070231954,0,0
7007,535075941120,0,0
7008,535081765503,0,0
7009,535087576745,1,0
7010,535092929406,0,0
7011,535098471024,0,0
7012,535104170550,1,0
7013,535109320470,0,0
7014,535114903542,1,0
7015,535120062846,0,0
7016,535125749497,1,0
7017,535130884475,0,0
7018,535136390862,0,0
7019,535142281720,0,0
7020,535148704196,1,0
7021,535153846348,0,0
7022,535159514748,0,0
7023,535165212222,1,0
7024,535170445050,0,0
7025,535176332975,0,0
7026,535182069329,0,0
7027,535187803391,1,0
7028,535192939887,0,0
7029,535198570592,0,0
7030,535204361247,0,0
7031,535210149965,1,0
7032,535215225504,1,0
7033,535220303245,1,0
7034,535225481249,0,0
7035,535231075229,0,0
7036,535237020819,0,0
7037,535242681756,1,0
7038,535247779939,0,0
7039,535253398261,0,0
7040,535258986557,0,0
7041,535264757779,0,0
7042,535270344935,1,0
7043,535275373076,0,0
7044,535281163048,0,0
7045,535286764456,0,0
7046,535292431279,0,0
7047,535298277599,0,0
7048,535304186881,1,0
7049,535309253061,1,0
7050,535314312841,0,0
7051,535320158300,1,0
7052,535325282281,0,0
7053,535330806037,1,0
7054,535336023769,1,0
7055,535341163379,0,0
7056,535346995584,0,0
7057,535352739055,0,0
7058,535358364505,0,0
7059,535364118231,1,0
7060,535369236311,1,0
7061,535374252965,0,0
7062,535379945436,1,0
7063,535385055767,0,0
7064,535390641144,0,0
7065,535396263375,0,0
7066,535402106860,1,0
7067,535407123880,0,0
7068,535412876387,0,0
7069,535418404173,0,0
7070,535424156634,1,0
7071,535429151773,0,0
7072,535434791228,0,0
7073,535440310419,0,0
7074,535445879729,1,0
7075,535451067822,1,0
7076,535456131998,0,0
7077,535461825875,1,0
7078,535466935938,1,0
7079,535472027674,0,0
7080,535477725467,0,0
7081,535483707255,0,0
7082,535489371892,0,0
7083,535495144655,1,0
7084,535500109449,0,0
7085,535505933241,0,0
7086,535511492415,0,0
7087,535517269108,0,0
7088,535523158787,0,0
7089,535528807905,0,0
7090,535534629212,0,0
7091,535540254723,1,0
7092,535545739510,1,0
7093,535550885653,1,0
7094,535556050386,1,0
7095,535561118992,1,0
7096,535566232056,1,0
7097,535571241774,1,0
7098,535576356634,1,0
7099,535581655733,1,0
7100,535586843970,0,0
7101,535592463586,1,0
7102,535597628629,0,0
7103,535603540082,1,0
7104,535608837639,0,0
7105,535614497645,1,0
7106,535619830904,1,0
7107,535624985877,0,0
7108,535630525409,1,0
7109,535635678492,1,0
7110,535640746697,1,0
7111,535645844164,1,0
7112,535651029354,1,0
7113,535656191082,0,0
7114,535661894026,1,0
7115,535667074462,1,0
7116,535672288298,0,0
7117,535678023105,0,0
7118,535683701878,0,0
7119,535689513055,1,0
7120,535694899489,0,0
7121,535700591674,0,0
7122,535706361128,0,0
7123,535712039168,1,0
7124,535717149794,1,0
7125,535722239389,1,0
7126,535727316213,1,0
7127,535732363942,1,0
7128,535737422056,1,0
7129,535742476922,1,0
7130,535747562109,0,0
7131,535753135159,0,0
7132,535758996720,1,0
7133,535764071629,1,0
7134,535769193814,0,0
7135,535774773591,1,0
7136,535780043640,0,0
7137,535785655164,0,0
7138,535791259863,0,0
7139,535796839070,1,0
7140,535801888238,0,0
7141,535807328087,1,0
7142,535812491466,1,0
7143,535817736254,1,0
7144,535822878336,1,0
7145,535828187515,1,0
7146,535833260992,1,0
7147,535838700343,0,0
7148,535844285405,1,0
7149,535849544209,0,0
7150,535855156866,0,0
7151,535860758087,0,0
7152,535866322251,0,0
7153,535872162859,1,0
7154,535877127792,1,0
7155,535882234077,0,0
7156,535887622162,0,0
7157,535893208042,0,0
7158,535898807747,0,0
7159,535904331099,1,0
7160,535909567102,0,0
7161,535915071203,1,0
7162,535920218919,0,0
7163,535925886009,0,0
7164,535931447209,1,0
7165,535936689607,1,0
7166,535941902324,0,0
7167,535947391542,1,0
7168,535952673044,1,0
7169,535957842800,1,0
7170,535962948147,1,0
7171,535967989376,1,0
7172,535973057427,0,0
7173,535978505526,1,0
7174,535983831091,0,0
7175,535989387331,1,0
7176,535994655399,0,0
7177,536000066140,1,0
7178,536005210857,0,0
7179,536010885880,1,0
7180,536016020269,1,0
7181,536021061337,1,0
7182,536026163048,1,0
7183,536031254995,0,0
7184,536036859680,1,0
7185,536041951676,0,0
7186,536047550013,1,0
7187,536052653932,1,0
7188,536057765653,0,0
7189,536063345801,0,0
7190,536068922507,1,0
7191,536074023257,1,0
7192,536079061283,1,0
7193,536084154320,1,0
7194,536089290546,0,0
7195,536094899390,1,0
7196,536099956874,0,0
7197,536105471002,1,0
7198,536110607133,0,0
7199,536116284059,0,0
7200,536121935417,1,0
7201,536127045421,1,0
7202,536132146907,0,0
7203,536137832850,1,0
7204,536143058938,0,0
7205,536148699148,1,0
7206,536153801548,0,0
7207,536159382668,1,0
7208,536164554998,1,0
7209,536169611361,1,0
7210,536174686677,0,0
7211,536180259251,1,0
7212,536185476820,1,0
7213,536190759261,0,0
7214,536196449351,0,0
7215,536201699671,1,0
7216,536206987995,1,0
7217,536212077154,0,0
7218,536217782416,0,0
7219,536223379147,0,0
7220,536229151824,1,0
7221,536234061036,0,0
7222,536239686230,1,0
7223,536244778901,1,0
7224,536249883298,1,0
7225,536255123328,0,0
7226,536260682885,0,0
7227,536265882240,1,0
7228,536270965063,1,0
7229,536276050035,0,0
7230,536281917172,0,0
7231,536287505116,0,0
7232,536293064290,1,0
7233,536298215240,0,0
7234,536303789198,0,0
7235,536309261870,0,0
7236,536315138972,0,0
7237,536320792071,0,0
7238,536326377979,1,0
7239,536331651461,0,0
7240,536337248930,1,0
7241,536342475516,0,0
7242,536348247410,1,0
7243,536353442902,1,0
7244,536358652585,0,0
7245,536364067114,0,0
7246,536369718201,1,0
7247,536374902842,0,0
7248,536380688315,1,0
7249,536385988015,0,0
7250,536392071118,0,0
7251,536397634917,1,0
7252,536402948648,1,0
7253,536408072666,0,0
7254,536413860902,0,0
7255,536419549513,0,0
7256,536425196249,1,0
7257,536430362904,0,0
7258,536435983173,1,0
7259,536441062770,0,0
7260,536446770783,0,0
7261,536452597017,0,0
7262,536458525507,0,0
7263,536464017393,0,0
7264,536469618111,0,0
7265,536475115149,1,0
7266,536480181230,1,0
7267,536485195123,0,0
7268,536490778720,1,0
7269,536495847742,0,0
7270,536501513282,1,0
7271,536506760782,0,0
7272,536512435581,1,0
7273,536517683382,0,0
7274,536523211526,1,0
7275,536528283941,0,0
7276,536533850529,0,0
7277,536539401571,0,0
7278,536545159192,0,0
7279,536550780735,0,0
7280,536556371354,1,0
7281,536561584929,1,0
7282,536566731398,0,0
7283,536572218084,1,0
7284,536577279348,0,0
7285,536582965942,0,0
7286,536588488614,1,0
7287,536593980306,1,0
7288,536599133427,1,0
7289,536604130220,1,0
7290,536609293673,1,0
7291,536614494003,0,0
7292,536620194916,1,0
7293,536625285087,0,0
7294,536631036677,0,0
7295,536636441923,1,0
7296,536641735957,0,0
7297,536647375788,1,0
7298,536652612939,1,0
7299,536657794928,0,0
7300,536663363915,0,0
7301,536669120185,0,0
7302,536674907250,1,0
7303,536680080081,0,0
7304,536685979538,1,0
7305,536691111606,0,0
7306,536696709683,0,0
7307,536702476976,1,0
7308,536707723326,1,0
7309,536712838865,0,0
7310,536718728028,0,0
7311,536724381974,1,0
7312,536729598683,0,0
7313,536735306092,1,0
7314,536740588464,1,0
7315,536745694964,0,0
7316,536751336870,1,0
7317,536756426662,1,0
7318,536761505746,0,0
7319,536766967882,0,0
7320,536772622628,0,0
7321,536778292894,1,0
7322,536783556499,1,0
7323,536788835444,1,0
7324,536793961252,0,0
7325,536799397975,0,0
7326,536805238629,0,0
7327,536810934514,0,0
7328,536816455699,1,0
7329,536821827299,1,0
7330,536827072638,1,0
7331,536832300481,1,0
7332,536837760397,0,0
7333,536843396530,0,0
7334,536848978872,1,0
7335,536854061999,0,0
7336,536859646077,1,0
7337,536864849374,0,0
7338,536870515666,1,0
7339,536875742919,0,0
7340,536881386711,1,0
7341,536886828735,0,0
7342,536892376883,1,0
7343,536897630853,1,0
7344,536902710283,0,0
7345,536908221989,0,0
7346,536913791253,1,0
7347,536918912081,0,0
7348,536924624937,0,0
7349,536930532974,1,0
7350,536935694600,0,0
7351,536941364757,0,0
7352,536947076229,1,0
7353,536952204302,0,0
7354,536957920338,1,0
7355,536963038317,0,0
7356,536968623449,0,0
7357,536974289336,0,0
7358,536980072905,0,0
7359,536985889443,1,0
7360,536991047227,1,0
7361,536996268525,0,0
7362,537002030697,1,0
7363,537007142787,0,0
7364,537012987209,1,0
7365,537018075517,0,0
7366,537023670486,0,0
7367,537029538942,1,0
7368,537034926140,0,0
7369,537040609508,1,0
7370,537045922636,0,0
7371,537051432986,1,0
7372,537056530571,0,0
7373,537062197985,1,0
7374,537067424423,1,0
7375,537072700356,1,0
7376,537077885335,0,0
7377,537083467562,0,0
7378,537089023216,1,0
7379,537094187716,0,0
7380,537100237014,1,0
7381,537105400464,1,0
7382,537110612546,0,0
7383,537116323277,0,0
7384,537121853245,1,0
7385,537127016696,0,0
7386,537132962837,1,0
7387,537138335783,1,0
7388,537143958470,1,0
7389,537149153141,1,0
7390,537154361088,1,0
7391,537159391728,0,0
7392,537165363622,1,0
7393,537170696620,1,0
7394,537175975024,1,0
7395,537181128333,0,0
7396,537186771494,0,0
7397,537192643282,1,0
7398,537197785337,1,0
7399,537203064753,1,0
7400,537208195991,0,0
7401,537214170464,1,0
7402,537219273402,1,0
7403,537224658069,1,0
7404,537229833606,1,0
7405,537234966711,1,0
7406,537240044403,1,0
7407,537245068254,1,0
7408,537250295410,0,0
7409,537256070535,1,0
7410,537261217424,0,0
7411,537266878208,0,0
7412,537272550046,0,0
7413,537278393683,0,0
7414,537284129513,1,0
7415,537289395590,0,0
7416,537294933638,1,0
7417,537300093901,1,0
7418,537305219042,1,0
7419,537310287436,1,0
7420,537315417606,0,0
7421,537321054486,0,0
7422,537326931061,1,0
7423,537332042405,0,0
7424,537337631860,0,0
7425,537343230118,0,0
7426,537348875977,0,0
7427,537354356269,0,0
7428,537360183226,1,0
7429,537365306844,0,0
7430,537370977627,0,0
7431,537376699081,1,0
7432,537381784988,1,0
7433,537386869672,0,0
7434,537392513032,1,0
7435,537397635188,0,0
7436,537403379246,0,0
7437,537409216692,0,0
7438,537414944257,1,0
7439,537420018636,1,0
7440,537425081008,0,0
7441,537431074363,1,0
7442,537436211378,1,0
7443,537441456093,1,0
7444,537446661700,1,0
7445,537451769191,1,0
7446,537456919621,0,0
7447,537462466832,0,0
7448,537468046437,1,0
7449,537473165865,1,0
7450,537478291948,0,0
7451,537483897605,1,0
7452,537488995653,0,0
7453,537494794051,0,0
7454,537500418837,0,0
7455,537506069083,1,0
7456,537511192931,1,0
7457,537516365049,1,0
7458,537521458030,1,0
7459,537526557253,1,0
7460,537531690009,0,0
7461,537537252523,0,0
7462,537542920252,0,0
7463,537548634630,1,0
7464,537553862030,0,0
7465,537559447413,0,0
7466,537565241312,0,0
7467,537570958302,1,0
7468,537576047349,1,0
7469,537581124934,1,0
7470,537586202482,0,0
7471,537592062960,1,0
7472,537597163397,1,0
7473,537602372783,1,0
7474,537607632750,0,0
7475,537613315253,1,0
7476,537618928054,0,0
7477,537624561139,1,0
7478,537629712478,0,0
7479,537635724396,0,0
7480,537641289118,0,0
7481,537646879514,1,0
7482,537652132105,0,0
7483,537658120759,1,0
7484,537663518716,0,0
7485,537669439659,0,0
7486,537675380697,1,0
7487,537680475234,0,0
7488,537685981774,1,0
7489,537691053405,1,0
7490,537696108208,0,0
7491,537702283350,0,0
7492,537707944392,1,0
7493,537713065118,0,0
7494,537718866532,1,0
7495,537723943915,0,0
7496,537729503453,1,0
7497,537734712919,1,0
7498,537739809437,0,0
7499,537745456117,0,0
7500,537751148306,1,0
7501,537756248028,0,0
7502,537761901647,1,0
7503,537767062467,1,0
7504,537772237601,1,0
7505,537777304128,1,0
7506,537782331857,0,0
7507,537788035713,1,0
7508,537793136504,0,0
7509,537799067328,1,0
7510,537804066642,0,0
7511,537809857409,1,0
7512,537815031421,0,0
7513,537820781797,1,0
7514,537825884345,0,0
7515,537831406324,1,0
7516,537836745037,0,0
7517,537842196895,0,0
7518,537847849590,0,0
7519,537853412530,0,0
7520,537859121038,1,0
7521,537864287035,0,0
7522,537870138258,1,0
7523,537875249314,0,0
7524,537881065381,0,0
7525,537886850649,0,0
7526,537892534100,0,0
7527,537898205519,1,0
7528,537903258111,1,0
7529,537908384967,1,0
7530,537913568180,0,0
7531,537919351071,0,0
7532,537925036770,0,0
7533,537930678222,0,0
7534,537936400063,1,0
7535,537941646113,0,0
7536,537947214647,1,0
7537,537952336589,1,0
7538,537957809919,1,0
7539,537963021022,0,0
7540,537968773727,0,0
7541,537974328559,1,0
7542,537979752471,0,0
7543,537985427315,1,0
7544,537990605866,1,0
7545,537995774483,1,0
7546,538000949902,0,0
7547,538006663062,0,0
7548,538012293132,1,0
7549,538017503752,1,0
7550,538022618043,1,0
7551,538027839826,0,0
7552,538033693847,0,0
7553,538039165787,0,0
7554,538044763774,0,0
7555,538050433696,0,0
7556,538056152632,1,0
7557,538061271025,0,0
7558,538066983195,0,0
7559,538072564841,0,0
7560,538078060315,0,0
7561,538083712716,1,0
7562,538088819216,1,0
7563,538093896376,0,0
7564,538099764709,1,0
7565,538104843031,1,0
7566,538109900749,1,0
7567,538114942616,1,0
7568,538120062965,1,0
7569,538125206845,0,0
7570,538130849642,0,0
7571,538136256877,1,0
7572,538141451102,0,0
7573,538147068821,0,0
7574,538152703865,0,0
7575,538158310011,0,0
7576,538163695093,0,0
7577,538169373678,0,0
7578,538174881869,1,0
7579,538179968704,0,0
7580,538185527941,1,0
7581,538190753902,1,0
7582,538195932652,1,0
7583,538201064180,0,0
7584,538206600564,1,0
7585,538211750965,1,0
7586,538216836301,1,0
7587,538221959899,0,0
7588,538227562427,1,0
7589,538232674654,0,0
7590,538238341234,1,0
7591,538243487166,0,0
7592,538249162478,0,0
7593,538254832587,1,0
7594,538259987558,1,0
7595,538265059370,0,0
7596,538270407406,0,0
7597,538275978951,0,0
7598,538281490348,0,0
7599,538287243202,0,0
7600,538293040726,1,0
7601,538298064404,0,0
7602,538303937700,0,0
7603,538309394742,1,0
7604,538314610300,0,0
7605,538320176847,0,0
7606,538325669281,0,0
7607,538331330825,1,0
7608,538336608418,0,0
7609,538342256930,0,0
7610,538347862237,1,0
7611,538353069987,0,0
7612,538358565292,0,0
7613,538364277162,1,0
7614,538369479552,1,0
7615,538374949148,0,0
7616,538380497542,1,0
7617,538385682522,1,0
7618,538390897621,1,0
7619,538396066661,1,0
7620,538401243809,1,0
7621,538406227295,0,0
7622,538411789081,1,0
7623,538416899792,0,0
7624,538422774385,0,0
7625,538428422055,0,0
7626,538434173013,0,0
7627,538440140435,0,0
7628,538445871870,0,0
7629,538451722791,1,0
7630,538456958185,1,0
7631,538462049916,1,0
7632,538467177514,1,0
7633,538472208525,0,0
7634,538477863233,0,0
7635,538483375426,0,0
7636,538488960281,0,0
7637,538494702786,1,0
7638,538500018128,1,0
7639,538505056268,0,0
7640,538510772020,0,0
7641,538516327762,1,0
7642,538521847939,0,0
7643,538527405120,0,0
7644,538533163101,1,0
7645,538538201504,1,0
7646,538543377629,1,0
7647,538548615554,0,0
7648,538554304712,1,0
7649,538559556952,0,0
7650,538565191799,0,0
7651,538570648942,0,0
7652,538576180827,1,0
7653,538581328038,1,0
7654,538586505319,0,0
7655,538592059666,1,0
7656,538597243976,1,0
7657,538602492336,0,0
7658,538607927095,0,0
7659,538613496708,0,0
7660,538619065725,0,0
7661,538624658824,1,0
7662,538629877948,1,0
7663,538635035121,1,0
7664,538640225685,1,0
7665,538645323704,1,0
7666,538650520897,1,0
7667,538655675574,1,0
7668,538660858644,0,0
7669,538666871059,1,0
7670,538672162037,0,0
7671,538677845095,0,0
7672,538683356844,1,0
7673,538688550171,0,0
7674,538694219579,1,0
7675,538699501885,0,0
7676,538705285875,0,0
7677,538711166263,1,0
7678,538716357484,1,0
7679,538721894922,1,0
7680,538727350089,1,0
7681,538732830880,0,0
7682,538738800429,0,0
7683,538744350898,1,0
7684,538749551871,1,0
7685,538754611102,0,0
7686,538760221603,0,0
7687,538766066093,0,0
7688,538771925511,1,0
7689,538777024433,0,0
7690,538782774006,1,0
7691,538787892575,0,0
7692,538793910868,0,0
7693,538799485045,0,0
7694,538805213292,0,0
7695,538810863644,0,0
7696,538816437371,0,0
7697,538822139102,1,0
7698,538827234941,1,0
7699,538832387016,0,0
7700,538838198388,0,0
7701,538843989348,1,0
7702,538849066707,1,0
7703,538854218549,1,0
7704,538859241834,0,0
7705,538865221272,1,0
7706,538870252538,0,0
7707,538876064626,1,0
7708,538881130054,0,0
7709,538887023677,0,0
7710,538892728910,0,0
7711,538898440311,1,0
7712,538903565906,1,0
7713,538908703239,1,0
7714,538913750395,0,0
7715,538919318624,1,0
7716,538924410765,0,0
7717,538930236744,0,0
7718,538935911876,0,0
7719,538941725026,1,0
7720,538946861870,0,0
7721,538952291948,0,0
7722,538958037041,0,0
7723,538963490268,1,0
7724,538968828870,0,0
7725,538974490907,1,0
7726,538979927732,1,0
7727,538985278787,0,0
7728,538991271476,1,0
7729,538996419700,0,0
7730,539001770587,0,0
7731,539007475373,0,0
7732,539013053888,1,0
7733,539018208289,1,0
7734,539023281278,0,0
7735,539029026803,1,0
7736,539034065524,0,0
7737,539039986362,0,0
7738,539045413514,1,0
7739,539050534233,1,0
7740,539055583552,1,0
7741,539060737639,0,0
7742,539066596766,1,0
7743,539071818335,0,0
7744,539077351750,0,0
7745,539083163176,0,0
7746,539088824472,1,0
7747,539093918663,1,0
7748,539099055027,0,0
7749,539104904392,1,0
7750,539109962245,1,0
7751,539115025257,0,0
7752,539120519569,1,0
7753,539125986247,0,0
7754,539131576901,0,0
7755,539137058417,0,0
7756,539142532654,0,0
7757,539148290026,0,0
7758,539153882405,0,0
7759,539159598229,1,0
7760,539164855984,0,0
7761,539170435402,0,0
7762,539176028720,0,0
7763,539181471045,0,0
7764,539186971062,0,0
7765,539192354380,1,0
7766,539197798346,1,0
7767,539202981360,0,0
7768,539208585071,0,0
7769,539214194741,1,0
7770,539219416425,0,0
7771,539225162360,1,0
7772,539230253290,0,0
7773,539236143632,0,0
7774,539242083887,0,0
7775,539247550122,0,0
7776,539253181190,0,0
7777,539259033040,0,0
7778,539264769662,1,0
7779,539270028099,1,0
7780,539275065216,1,0
7781,539280272256,1,0
7782,539285553034,0,0
7783,539291045383,1,0
7784,539296163639,1,0
7785,539301346923,1,0
7786,539306502303,0,0
7787,539312045905,0,0
7788,539317566969,1,0
7789,539322675636,0,0
7790,539328256318,1,0
7791,539333436726,0,0
7792,539339067231,1,0
7793,539344158738,1,0
7794,539349227583,0,0
7795,539354791556,0,0
7796,539360237071,1,0
7797,539365509236,1,0
7798,539370870687,1,0
7799,539376027931,0,0
7800,539381808491,1,0
7801,539386952165,1,0
7802,539392079822,1,0
7803,539397190675,0,0
7804,539402688854,0,0
7805,539408207155,0,0
7806,539413632145,0,0
7807,539419588898,1,0
7808,539424903539,1,0
7809,539430083942,1,0
7810,539435246790,1,0
7811,539440576080,0,0
7812,539446390520,1,0
7813,539451741887,0,0
7814,539457486204,0,0
7815,539463442983,1,0
7816,539468853445,0,0
7817,539474455720,1,0
7818,539479903739,0,0
7819,539485497668,0,0
7820,539491225262,0,0
7821,539496883159,0,0
7822,539502471810,1,0
7823,539507715730,0,0
7824,539513365054,1,0
7825,539518741034,1,0
7826,539523943718,0,0
7827,539529593264,1,0
7828,539534766588,0,0
7829,539540493366,0,0
7830,539546259304,0,0
7831,539551884567,1,0
7832,539557073429,0,0
7833,539562770505,1,0
7834,539568036353,0,0
7835,539573753808,0,0
7836,539579437936,1,0
7837,539584703061,0,0
7838,539590367941,1,0
7839,539595481923,0,0
7840,539601077148,0,0
7841,539606818242,0,0
7842,539612497018,0,0
7843,539618156143,1,0
7844,539623440570,1,0
7845,539628568069,1,0
7846,539633856890,0,0
7847,539639370625,0,0
7848,539645193379,0,0
7849,539650860366,0,0
7850,539656356801,0,0
7851,539662058876,0,0
7852,539667830425,1,0
7853,539673059873,1,0
7854,539678109568,0,0
7855,539683700844,0,0
7856,539689216423,0,0
7857,539695037671,0,0
7858,539700732738,1,0
7859,539705890667,1,0
7860,539711043397,0,0
7861,539716728398,1,0
7862,539721787103,1,0
7863,539726917237,1,0
7864,539731974768,0,0
7865,539737806574,1,0
7866,539742919572,1,0
7867,539748016000,1,0
7868,539753075551,0,0
7869,539758850472,1,0
7870,539764068506,0,0
7871,539770032975,1,0
7872,539775152163,1,0
7873,539780264361,0,0
7874,539785900001,0,0
7875,539791452047,1,0
7876,539796720490,1,0
7877,539801890342,0,0
7878,539807373442,0,0
7879,539812958780,1,0
7880,539818069547,1,0
7881,539823153604,1,0
7882,539828252621,0,0
7883,539834438874,1,0
7884,539839587354,1,0
7885,539844954345,0,0
7886,539850561607,0,0
7887,539856339506,1,0
7888,539861600430,0,0
7889,539867386251,0,0
7890,539873183239,1,0
7891,539878244645,0,0
7892,539883764072,1,0
7893,539888985700,0,0
7894,539894646833,0,0
7895,539900449356,1,0
7896,539905765683,1,0
7897,539910933991,0,0
7898,539916583380,0,0
7899,539922039538,1,0
7900,539927068259,1,0
7901,539932066331,0,0
7902,539937816319,0,0
7903,539943376936,0,0
7904,539949027370,0,0
7905,539954712306,0,0
7906,539960041445,0,0
7907,539965552399,0,0
7908,539971256960,0,0
7909,539976982187,1,0
7910,539982063405,1,0
7911,539987191228,1,0
7912,539992349989,1,0
7913,539997578946,0,0
7914,540003311017,1,0
7915,540008498699,1,0
7916,540013604456,1,0
7917,540018659112,0,0
7918,540024267891,0,0
7919,540029946820,1,0
7920,540035043450,1,0
7921,540040060847,0,0
7922,540045792029,1,0
7923,540050895395,0,0
7924,540056541172,1,0
7925,540061666757,0,0
7926,540067292594,1,0
7927,540072391539,1,0
7928,540077657047,1,0
7929,540082922320,0,0
7930,540088626837,0,0
7931,540094176419,1,0
7932,540099244755,1,0
7933,540104389035,0,0
7934,540110060083,1,0
7935,540115208280,0,0
7936,540120953544,1,0
7937,540126073112,0,0
7938,540131887635,0,0
7939,540137384994,0,0
7940,540143049105,0,0
7941,540148954362,0,0
7942,540154540311,0,0
7943,540160141984,0,0
7944,540166068842,1,0
7945,540171178749,0,0
7946,540176973900,0,0
7947,540182864706,0,0
7948,540188445424,1,0
7949,540193685378,0,0
7950,540199369903,0,0
7951,540205022465,0,0
7952,540210572370,1,0
7953,540215907698,1,0
7954,540221023346,0,0
7955,540226606320,1,0
7956,540231730977,1,0
7957,540236963454,0,0
7958,540242565993,1,0
7959,540247675712,1,0
7960,540252762953,1,0
7961,540257856204,1,0
7962,540262907330,0,0
7963,540268352831,0,0
7964,540273935995,1,0
7965,540279029357,0,0
7966,540284588889,0,0
7967,540290198741,1,0
7968,540295316096,1,0
7969,540300390229,1,0
7970,540305502480,0,0
7971,540311201947,1,0
7972,540316236870,1,0
7973,540321444935,0,0
7974,540327067241,1,0
7975,540332216064,0,0
7976,540337856216,0,0
7977,540343378856,0,0
7978,540348908955,0,0
7979,540354304131,0,0
7980,540359976938,0,0
7981,540365440524,0,0
7982,540371074104,0,0
7983,540376480012,1,0
7984,540381712936,1,0
7985,540386869744,0,0
7986,540392399577,1,0
7987,540397613854,1,0
7988,540402729463,1,0
7989,540407831339,0,0
7990,540413443562,0,0
7991,540418995486,0,0
7992,540424669684,1,0
7993,540429879355,1,0
7994,540435050792,0,0
7995,540440509200,0,0
7996,540445948821,0,0
7997,540451361117,0,0
7998,540456799005,1,0
7999,540461959659,1,0
8000,540467038006,1,0
8001,540472143548,1,0
8002,540477249294,1,0
8003,540482327370,0,0
8004,540487633034,1,0
8005,540492794902,0,0
8006,540498173186,0,0
8007,540503671808,1,0
8008,540508800162,0,0
8009,540514046496,0,0
8010,540519410056,0,0
8011,540524918550,1,0
8012,540530038950,1,0
8013,540535066531,0,0
8014,540540786741,0,0
8015,540546367441,0,0
8016,540551989150,1,0
8017,540557066022,1,0
8018,540562192469,0,0
8019,540567879540,0,0
8020,540573403332,0,0
8021,540579263339,1,0
8022,540584499547,0,0
8023,540590160195,0,0
8024,540595621907,1,0
8025,540600717936,0,0
8026,540606181468,0,0
8027,540611735418,1,0
8028,540616860712,0,0
8029,540622296695,1,0
8030,540627500390,0,0
8031,540633269623,1,0
8032,540638396819,0,0
8033,540644115745,1,0
8034,540649225380,0,0
8035,540654901859,0,0
8036,540660402195,1,0
8037,540665625644,1,0
8038,540670843631,1,0
8039,540675965854,1,0
8040,540681058722,0,0
8041,540686743479,1,0
8042,540691810085,0,0
8043,540697300145,1,0
8044,540702359406,1,0
8045,540707439534,0,0
8046,540713064737,1,0
8047,540718116516,1,0
8048,540723155211,0,0
8049,540729019828,0,0
8050,540734829745,1,0
8051,540739986168,0,0
8052,540745644663,1,0
8053,540750909916,1,0
8054,540755961591,0,0
8055,540761717056,1,0
8056,540766738733,1,0
8057,540771772400,1,0
8058,540777026104,0,0
8059,540782652548,1,0
8060,540787847857,0,0
8061,540793760055,0,0
8062,540799674486,1,0
8063,540804928723,0,0
8064,540810504869,1,0
8065,540815596850,1,0
8066,540820742757,1,0
8067,540825858131,1,0
8068,540830978946,1,0
8069,540836028580,0,0
8070,540842041959,0,0
8071,540847902874,0,0
8072,540853942134,0,0
8073,540859519383,1,0
8074,540864833161,0,0
8075,540870440655,1,0
8076,540875589130,0,0
8077,540881235482,0,0
8078,540887129736,0,0
8079,540892796047,0,0
8080,540898396838,0,0
8081,540904236690,0,0
8082,540909892101,0,0
8083,540915305907,0,0
8084,540920831068,1,0
8085,540926079410,0,0
8086,540931927027,1,0
8087,540937245583,0,0
8088,540942932311,1,0
8089,540948025126,1,0
8090,540953050772,0,0
8091,540958739311,0,0
8092,540964335781,1,0
8093,540969406221,0,0
8094,540975373714,1,0
8095,540980562814,0,0
8096,540986463631,1,0
8097,540991946136,0,0
8098,540997725135,1,0
8099,541002938518,1,0
8100,541008070095,0,0
8101,541013748570,0,0
8102,541019242069,0,0
8103,541024771347,1,0
8104,541029850773,0,0
8105,541035412208,1,0
8106,541040441497,1,0
8107,541045781950,1,0
8108,541050868230,0,0
8109,541056239038,0,0
8110,541061739566,0,0
8111,541067181098,1,0
8112,541072215433,0,0
8113,541077849615,0,0
8114,541083336282,0,0
8115,541088851708,1,0
8116,541093905058,1,0
8117,541099162260,0,0
8118,541104662334,0,0
8119,541110242797,0,0
8120,541115745983,0,0
8121,541121181685,1,0
8122,541126482753,0,0
8123,541132051866,0,0
8124,541137639587,1,0
8125,541142681393,0,0
8126,541148058851,0,0
8127,541153651271,0,0
8128,541159163131,1,0
8129,541164295090,1,0
8130,541169423227,0,0
8131,541175170201,0,0
8132,541180753340,0,0
8133,541186297422,1,0
8134,541191380685,0,0
8135,541196886477,0,0
8136,541202749643,1,0
8137,541207777925,0,0
8138,541213204352,0,0
8139,541218581853,1,0
8140,541223602251,1,0
8141,541228645147,1,0
8142,541233848329,0,0
8143,541239649075,0,0
8144,541245295396,1,0
8145,541250519671,1,0
8146,541255491244,1,0
8147,541260589162,0,0
8148,541266301202,1,0
8149,541271474838,0,0
8150,541277477884,1,0
8151,541282808975,0,0
8152,541288474862,0,0
8153,541294419967,0,0
8154,541300296852,0,0
8155,541306077590,0,0
8156,541311838525,0,0
8157,541317449200,0,0
8158,541323079165,1,0
8159,541328201962,1,0
8160,541333224896,0,0
8161,541339140161,0,0
8162,541344884916,1,0
8163,541349982741,1,0
8164,541355053716,0,0
8165,541360618121,0,0
8166,541366239185,1,0
8167,541371322072,0,0
8168,541377177328,0,0
8169,541382893850,1,0
8170,541388219275,1,0
8171,541393723927,0,0
8172,541399525887,1,0
8173,541404752602,1,0
8174,541410058802,1,0
8175,541415240487,1,0
8176,541420265586,1,0
8177,541425332372,0,0
8178,541430796826,0,0
8179,541436060893,0,0
8180,541441919859,1,0
8181,541447023082,1,0
8182,541452062448,1,0
8183,541457146819,1,0
8184,541462228154,1,0
8185,541467271587,1,0
8186,541472428867,1,0
8187,541477468154,0,0
8188,541483301468,0,0
8189,541489017887,0,0
8190,541495021220,1,0
8191,541500057756,1,0
8192,541505196939,0,0
8193,541510847035,0,0
8194,541516523608,1,0
8195,541521817889,0,0
8196,541527794779,1,0
8197,541532950915,1,0
8198,541538148412,1,0
8199,541544197773,0,0
8200,541549872018,1,0
8201,541555027928,1,0
8202,541560143777,0,0
8203,541565549504,1,0
8204,541570701554,1,0
8205,541575878626,0,0
8206,541581483315,1,0
8207,541586656281,1,0
8208,541591966958,1,0
8209,541597107294,0,0
8210,541602650733,0,0
8211,541608162188,1,0
8212,541613313422,0,0
8213,541619158097,0,0
8214,541624797116,0,0
8215,541630480475,0,0
8216,541636063264,0,0
8217,541641606510,0,0
8218,541647280736,1,0
8219,541652499914,1,0
8220,541657577899,0,0
8221,541663338380,1,0
8222,541668408390,1,0
8223,541673608738,0,0
8224,541679351394,1,0
8225,541684526093,1,0
8226,541689653998,1,0
8227,541695025692,0,0
8228,541700788976,1,0
8229,541706423392,0,0
8230,541712169832,0,0
8231,541718038599,1,0
8232,541723072995,1,0
8233,541728254114,1,0
8234,541733437844,0,0
8235,541739047959,0,0
8236,541744930207,1,0
8237,541750020462,1,0
8238,541755122938,0,0
8239,541760765598,1,0
8240,541765830656,1,0
8241,541770946630,1,0
8242,541776069210,0,0
8243,541781785464,0,0
8244,541787602148,0,0
8245,541793325456,1,0
8246,541798631472,1,0
8247,541803839020,1,0
8248,541809029991,1,0
8249,541814193242,0,0
8250,541819846914,1,0
8251,541824989031,0,0
8252,541830687929,0,0
8253,541836452458,0,0
8254,541842304455,0,0
8255,541848245994,0,0
8256,541853813598,1,0
8257,541858970567,1,0
8258,541864186000,1,0
8259,541869298220,1,0
8260,541874438220,0,0
8261,541880019620,1,0
8262,541885053544,1,0
8263,541890160384,0,0
8264,541895642139,1,0
8265,541900917040,1,0
8266,541906021946,0,0
8267,541911575433,1,0
8268,541916894019,0,0
8269,541922449204,0,0
8270,541927992991,1,0
8271,541933140276,0,0
8272,541938892946,0,0
8273,541944655963,0,0
8274,541950440122,0,0
8275,541956032951,0,0
8276,541961454684,0,0
8277,541967068245,1,0
8278,541972218346,1,0
8279,541977237722,0,0
8280,541982921642,1,0
8281,541988051640,0,0
8282,541993635465,0,0
8283,541999021156,1,0
8284,542004059325,1,0
8285,542009119656,0,0
8286,542014544007,0,0
8287,542020046904,0,0
8288,542025511360,1,0
8289,542030641523,1,0
8290,542035772178,0,0
8291,542041170424,1,0
8292,542046203488,0,0
8293,542051594231,1,0
8294,542056643012,0,0
8295,542062214619,1,0
8296,542067127070,0,0
8297,542072689831,0,0
8298,542078055418,1,0
8299,542083199532,1,0
8300,542088205834,1,0
8301,542093143548,1,0
8302,542098371757,1,0
8303,542103338412,0,0
8304,542108505060,1,0
8305,542113613191,0,0
8306,542118888505,1,0
8307,542123991000,1,0
8308,542129073983,1,0
8309,542134104163,0,0
8310,542139425462,0,0
8311,542144881388,0,0
8312,542150138621,1,0
8313,542155167758,0,0
8314,542160462224,1,0
8315,542165460248,1,0
8316,542170475543,1,0
8317,542175553938,1,0
8318,542180643886,1,0
8319,542185704392,0,0
8320,542191049278,0,0
8321,542196317926,0,0
8322,542201683376,1,0
8323,542206768315,1,0
8324,542211814902,0,0
8325,542217163998,1,0
8326,542222242415,0,0
8327,542227461878,0,0
8328,542232912455,1,0
8329,542238035928,0,0
8330,542243309805,1,0
8331,542248467454,0,0
8332,542253869416,1,0
8333,542258925287,1,0
8334,542264035987,1,0
8335,542269261849,1,0
8336,542274281098,1,0
8337,542279331883,1,0
8338,542284398583,1,0
8339,542289550953,0,0
8340,542294819361,0,0
8341,542300013253,0,0
8342,542305183326,1,0
8343,542310224012,1,0
8344,542315197982,0,0
8345,542320622134,1,0
8346,542325747422,1,0
8347,542330911242,1,0
8348,542336046038,1,0
8349,542341251408,1,0
8350,542346302401,0,0
8351,542351698160,1,0
8352,542356791645,0,0
8353,542362212469,0,0
8354,542367666977,0,0
8355,542372938834,1,0
8356,542378050661,0,0
8357,542383331844,0,0
8358,542388864538,0,0
8359,542394348304,1,0
8360,542399758779,0,0
8361,542405294327,1,0
8362,542410451644,1,0
8363,542415535427,0,0
8364,542421146327,0,0
8365,542426446448,1,0
8366,542431508338,0,0
8367,542437017562,0,0
8368,542442319362,1,0
8369,542447298808,0,0
8370,542452670920,0,0
8371,542457976338,1,0
8372,542463039550,0,0
8373,542468484699,0,0
8374,542474048443,0,0
8375,542479220479,1,0
8376,542484297719,1,0
8377,542489293903,0,0
8378,542494780584,0,0
8379,542500204818,1,0
8380,542505150799,1,0
8381,542510184709,0,0
8382,542515555801,1,0
8383,542520679432,1,0
8384,542525727664,1,0
8385,542530749900,0,0
8386,542535952908,1,0
8387,542541056746,0,0
8388,542546348154,1,0
8389,542551315150,1,0
8390,542556317751,0,0
8391,542561925864,1,0
8392,542566932964,1,0
8393,542571966265,1,0
8394,542577018853,1,0
8395,542582043852,1,0
8396,542587167278,1,0
8397,542592227481,1,0
8398,542597307195,0,0
8399,542602724335,1,0
8400,542607859392,0,0
8401,542613263462,0,0
8402,542618579698,0,0
8403,542624054797,0,0
8404,542629588856,0,0
8405,542635030232,1,0
8406,542640235396,1,0
8407,542645430978,1,0
8408,542650579510,0,0
8409,542656044511,0,0
8410,542661544444,1,0
8411,542666851600,1,0
8412,542672068068,1,0
8413,542677231992,1,0
8414,542682315669,1,0
8415,542687454471,0,0
8416,542693199975,1,0
8417,542698237995,0,0
8418,542703990763,1,0
8419,542709163611,0,0
8420,542714885414,1,0
8421,542720163028,1,0
8422,542725317497,1,0
8423,542730595407,0,0
8424,542736429704,1,0
8425,542741783115,0,0
8426,542747392643,0,0
8427,542753368381,1,0
8428,542758695677,0,0
8429,542764335409,0,0
8430,542770061005,0,0
8431,542775636598,1,0
8432,542780913383,0,0
8433,542786891445,1,0
8434,542792256278,0,0
8435,542797832127,0,0
8436,542803564143,0,0
8437,542808981552,0,0
8438,542814525522,1,0
8439,542819700325,1,0
8440,542824767868,0,0
8441,542830023253,0,0
8442,542835411369,1,0
8443,542840448134,1,0
8444,542845444517,1,0
8445,542850489591,1,0
8446,542855601558,1,0
8447,542860657431,1,0
8448,542865697409,0,0
8449,542871126136,1,0
8450,542877602022,1,0
8451,542882949506,0,0
8452,542888640443,1,0
8453,542893857887,1,0
8454,542898986325,1,0
8455,542904126868,0,0
8456,542909476415,1,0
8457,542914866867,1,0
8458,542920059618,0,0
8459,542925635394,0,0
8460,542931413870,1,0
8461,542936559751,0,0
8462,542941948732,1,0
8463,542947044467,0,0
8464,542952463492,0,0
8465,542957717877,1,0
8466,542962801583,1,0
8467,542967854142,1,0
8468,542972879546,1,0
8469,542977956183,0,0
8470,542983301666,0,0
8471,542988920094,1,0
8472,542994067028,1,0
8473,542999226896,1,0
8474,543004318549,1,0
8475,543009451916,1,0
8476,543014567607,1,0
8477,543019669094,1,0
8478,543024677600,0,0
8479,543030022040,1,0
8480,543035134805,0,0
8481,543040626887,0,0
8482,543045955806,1,0
8483,543051046153,0,0
8484,543056424232,1,0
8485,543061711236,0,0
8486,543067071227,0,0
8487,543072481088,1,0
8488,543077751666,0,0
8489,543083226440,0,0
8490,543088791526,0,0
8491,543094491838,0,0
8492,543099652980,0,0
8493,543105053218,0,0
8494,543110467868,1,0
8495,543115584960,1,0
8496,543120730936,0,0
8497,543126046968,0,0
8498,543131343207,0,0
8499,543136472638,1,0
8500,543141684083,1,0
8501,543146844499,1,0
8502,543152039049,0,0
8503,543157286691,0,0
8504,543162965841,1,0
8505,543168075236,0,0
8506,543173810515,1,0
8507,543178910451,0,0
8508,543184404551,1,0
8509,543189488462,0,0
8510,543195279688,1,0
8511,543200469980,0,0
8512,543206055019,0,0
8513,543211681237,0,0
8514,543217325137,0,0
8515,543223069744,0,0
8516,543228832476,1,0
8517,543233922698,1,0
8518,543239028919,1,0
8519,543244286260,0,0
8520,543249795592,1,0
8521,543254903681,1,0
8522,543260020249,1,0
8523,543265056642,1,0
8524,543270169313,0,0
8525,543275616130,0,0
8526,543281113489,1,0
8527,543286252218,0,0
8528,543291807858,1,0
8529,543297140883,0,0
8530,543302889857,1,0
8531,543308063108,1,0
8532,543313299568,1,0
8533,543318483685,1,0
8534,543323613867,0,0
8535,543329478145,0,0
8536,543335145793,0,0
8537,543340819720,1,0
8538,543345880135,1,0
8539,543350945590,0,0
8540,543356549821,1,0
8541,543361641806,0,0
8542,543367200777,0,0
8543,543372866579,0,0
8544,543378302024,1,0
8545,543383337874,0,0
8546,543388964973,0,0
8547,543394481168,1,0
8548,543399697062,0,0
8549,543405126162,0,0
8550,543410646743,1,0
8551,543415972907,0,0
8552,543421463743,1,0
8553,543426949414,0,0
8554,543432575043,1,0
8555,543437842209,0,0
8556,543443605752,1,0
8557,543448820729,0,0
8558,543454450649,0,0
8559,543459843400,0,0
8560,543465460415,0,0
8561,543471176816,1,0
8562,543476288943,1,0
8563,543481475036,1,0
8564,543486748301,0,0
8565,543492283812,0,0
8566,543497908630,0,0
8567,543503321414,1,0
8568,543508492895,0,0
8569,543514039647,1,0
8570,543519230753,1,0
8571,543524342256,1,0
8572,543529799282,1,0
8573,543534736289,0,0
8574,543540478997,1,0
8575,543545860420,0,0
8576,543551671489,1,0
8577,543556879146,0,0
8578,543562808546,1,0
8579,543567914168,0,0
8580,543573516373,0,0
8581,543579150115,0,0
8582,543584871828,1,0
8583,543590216458,1,0
8584,543595340795,1,0
8585,543600475712,1,0
8586,543605973153,0,0
8587,543611797080,1,0
8588,543617218332,0,0
8589,543622908763,0,0
8590,543628568998,1,0
8591,543633926494,0,0
8592,543639566121,1,0
8593,543644854221,0,0
8594,543650402183,0,0
8595,543656498215,1,0
8596,543661645125,0,0
8597,543667349751,0,0
8598,543673047063,1,0
8599,543678178330,0,0
8600,543683878908,1,0
8601,543689192248,1,0
8602,543694296706,0,0
8603,543700048938,0,0
8604,543705562131,0,0
8605,543711397308,1,0
8606,543716557949,1,0
8607,543721665908,0,0
8608,543727411790,0,0
8609,543733055942,1,0
8610,543738221153,1,0
8611,543743240852,0,0
8612,543748666583,1,0
8613,543753732728,0,0
8614,543759321387,0,0
8615,543764871755,0,0
8616,543770191353,1,0
8617,543775233251,0,0
8618,543780680105,1,0
8619,543785860774,0,0
8620,543791479535,1,0
8621,543796875747,1,0
8622,543801943186,0,0
8623,543807527376,0,0
8624,543813291226,1,0
8625,543818472300,0,0
8626,543824117515,1,0
8627,543829226471,1,0
8628,543834236990,0,0
8629,543839729961,1,0
8630,543844813834,0,0
8631,543850129865,0,0
8632,543855620524,0,0
8633,543861044476,1,0
8634,543866156748,0,0
8635,543871937855,1,0
8636,543877047136,1,0
8637,543882134631,1,0
8638,543887284679,1,0
8639,543892404247,1,0
8640,543897495798,1,0
8641,543902488348,0,0
8642,543908044714,1,0
8643,543913121590,1,0
8644,543918270639,0,0
8645,543923849379,1,0
8646,543928928264,1,0
8647,543934015530,1,0
8648,543939015573,0,0
8649,543944552422,1,0
8650,543949644407,1,0
8651,543954715597,0,0
8652,543960221187,1,0
8653,543965245342,1,0
8654,543970278884,1,0
8655,543975303412,1,0
8656,543980400604,0,0
8657,543985691477,0,0
8658,543991221983,1,0
8659,543996289800,1,0
8660,544001404233,1,0
8661,544006462395,0,0
8662,544011969368,1,0
8663,544017049820,0,0
8664,544022528663,1,0
8665,544027908496,0,0
8666,544033569150,0,0
8667,544039220906,1,0
8668,544044227190,1,0
8669,544049290849,0,0
8670,544055052018,0,0
8671,544060572456,1,0
8672,544065697662,1,0
8673,544070899663,0,0
8674,544076473976,1,0
8675,544081635005,1,0
8676,544086793145,0,0
8677,544092378767,0,0
8678,544098070946,0,0
8679,544103551963,0,0
8680,544109138470,0,0
8681,544114727933,0,0
8682,544120369598,0,0
8683,544125812451,1,0
8684,544130949358,0,0
8685,544136467600,1,0
8686,544141728132,1,0
8687,544146930528,0,0
8688,544152598252,0,0
8689,544158384733,1,0
8690,544163774643,1,0
8691,544168901517,0,0
8692,544174510115,1,0
8693,544179817822,1,0
8694,544184920300,0,0
8695,544190588892,0,0
8696,544196323112,1,0
8697,544201393099,1,0
8698,544206469349,0,0
8699,544211978542,1,0
8700,544217062609,1,0
8701,544222170312,0,0
8702,544227928394,1,0
8703,544233050812,0,0
8704,544238675548,0,0
8705,544244209378,0,0
8706,544249693631,0,0
8707,544255242733,0,0
8708,544260839717,1,0
8709,544265902515,0,0
8710,544271312215,1,0
8711,544276401205,1,0
8712,544281454817,1,0
8713,544286485991,0,0
8714,544291945772,1,0
8715,544297056793,1,0
8716,544302116515,1,0
8717,544307226088,1,0
8718,544312274077,1,0
8719,544317332028,0,0
8720,544322685870,1,0
8721,544327783832,1,0
8722,544332890523,0,0
8723,544338382458,0,0
8724,544344061224,0,0
8725,544349419490,1,0
8726,544354674782,1,0
8727,544360062168,1,0
8728,544365029215,1,0
8729,544370055100,0,0
8730,544375683765,1,0
8731,544380729979,1,0
8732,544385822752,1,0
8733,544390897510,1,0
8734,544395944718,1,0
8735,544401027102,0,0
8736,544406533251,1,0
8737,544411664078,1,0
8738,544416907139,1,0
8739,544421987850,0,0
8740,544427516146,0,0
8741,544433150665,0,0
8742,544438646983,1,0
8743,544443761152,1,0
8744,544449039914,0,0
8745,544454454754,0,0
8746,544459849644,1,0
8747,544465042025,1,0
8748,544470163608,0,0
8749,544475635175,1,0
8750,544480766497,0,0
8751,544486044583,0,0
8752,544491533630,1,0
8753,544496713821,0,0
8754,544502260926,0,0
8755,544507570716,1,0
8756,544512696224,1,0
8757,544517802290,0,0
8758,544523312873,1,0
8759,544528477387,1,0
8760,544533571865,1,0
8761,544538703916,1,0
8762,544543823564,0,0
8763,544549236056,1,0
8764,544554306819,0,0
8765,544559944107,0,0
8766,544565280087,0,0
8767,544570607973,0,0
8768,544576227233,0,0
8769,544581884072,1,0
8770,544587120663,1,0
8771,544592215919,0,0
8772,544597908509,0,0
8773,544603240095,0,0
8774,544608522775,0,0
8775,544613936812,0,0
8776,544619362553,0,0
8777,544625041122,1,0
8778,544630155617,1,0
8779,544635250934,1,0
8780,544640419571,0,0
8781,544646047135,1,0
8782,544651207352,0,0
8783,544656570174,1,0
8784,544661765938,1,0
8785,544666857946,1,0
8786,544672084962,1,0
8787,544677223861,1,0
8788,544682254968,0,0
8789,544688051004,1,0
8790,544693128285,1,0
8791,544698241455,1,0
8792,544703311036,1,0
8793,544708364270,1,0
8794,544713560301,1,0
8795,544718929042,0,0
8796,544724464679,1,0
8797,544729676245,1,0
8798,544734811463,1,0
8799,544739932144,0,0
8800,544745396638,1,0
8801,544750554220,0,0
8802,544756322551,1,0
8803,544761525311,0,0
8804,544767109337,0,0
8805,544772704320,0,0
8806,544778210797,1,0
8807,544783256074,1,0
8808,544788292836,0,0
8809,544793572793,1,0
8810,544798671372,0,0
8811,544804158857,1,0
8812,544809371914,0,0
8813,544814702584,1,0
8814,544819849349,1,0
8815,544824901491,0,0
8816,544830392850,1,0
8817,544835514760,1,0
8818,544840679926,0,0
8819,544846116210,0,0
8820,544851739532,0,0
8821,544857252151,0,0
8822,544862962071,0,0
8823,544868583045,1,0
8824,544873787034,0,0
8825,544879274405,0,0
8826,544884722928,1,0
8827,544889797709,0,0
8828,544895164941,0,0
8829,544900593163,1,0
8830,544905713069,0,0
8831,544911040094,1,0
8832,544916148976,1,0
8833,544921230369,1,0
8834,544926275198,1,0
8835,544931329982,0,0
8836,544936890457,0,0
8837,544942403480,1,0
8838,544947461973,1,0
8839,544952513449,0,0
8840,544958028743,1,0
8841,544963097964,1,0
8842,544968195252,1,0
8843,544973216411,0,0
8844,544978681189,0,0
8845,544984162285,1,0
8846,544989516132,1,0
8847,544994739608,0,0
8848,545000309693,0,0
8849,545005795898,0,0
8850,545011610941,0,0
8851,545017089673,1,0
8852,545022191803,0,0
8853,545027992564,1,0
8854,545035339468,1,0
8855,545042773172,0,0
8856,545048130352,0,0
8857,545053706243,0,0
8858,545059045256,0,0
8859,545064508886,1,0
8860,545069616211,1,0
8861,545074737759,0,0
8862,545080101485,0,0
8863,545085659665,1,0
8864,545090753813,1,0
8865,545095847416,1,0
8866,545100926457,1,0
8867,545106031762,1,0
8868,545111050669,1,0
8869,545116249153,1,0
8870,545121394741,1,0
8871,545126508287,0,0
8872,545132271746,1,0
8873,545137377793,0,0
8874,545143060236,0,0
8875,545148679717,0,0
8876,545154494561,1,0
8877,545159559029,0,0
8878,545165252611,0,0
8879,545170911816,1,0
8880,545175988997,1,0
8881,545181042016,1,0
8882,545186411219,1,0
8883,545191571623,1,0
8884,545196706057,1,0
8885,545201772926,0,0
8886,545207328466,1,0
8887,545212548945,1,0
8888,545217711258,0,0
8889,545223129830,0,0
8890,545228787723,1,0
8891,545233968512,0,0
8892,545239609345,1,0
8893,545244767068,0,0
8894,545250272521,1,0
8895,545255529464,0,0
8896,545260872480,1,0
8897,545265954507,0,0
8898,545271286495,0,0
8899,545276744177,1,0
8900,545281885543,1,0
8901,545287021958,0,0
8902,545292405199,0,0
8903,545297591182,0,0
8904,545303140522,0,0
8905,545308868695,1,0
8906,545314036089,1,0
8907,545319045834,1,0
8908,545324178078,0,0
8909,545329811950,0,0
8910,545335279071,1,0
8911,545340366347,1,0
8912,545345487866,0,0
8913,545351297603,0,0
8914,545356957771,0,0
8915,545362502322,1,0
8916,545367532264,0,0
8917,545372944918,1,0
8918,545378058266,0,0
8919,545383453924,1,0
8920,545388640210,1,0
8921,545393701443,1,0
8922,545398825076,1,0
8923,545403888992,1,0
8924,545408945078,0,0
8925,545414413530,1,0
8926,545419528966,1,0
8927,545424655865,1,0
8928,545429741355,1,0
8929,545434789555,0,0
8930,545440414272,1,0
8931,545445485099,1,0
8932,545450537036,1,0
8933,545455554316,1,0
8934,545460655905,1,0
8935,545465957974,0,0
8936,545471489822,1,0
8937,545476575635,0,0
8938,545482447927,1,0
8939,545487586887,1,0
8940,545492763473,1,0
8941,545497945591,0,0
8942,545503400836,0,0
8943,545508852658,1,0
8944,545514083187,0,0
8945,545519733858,1,0
8946,545524918266,0,0
8947,545530573292,0,0
8948,545536213759,0,0
8949,545541728523,0,0
8950,545547357778,1,0
8951,545552612391,1,0
8952,545557838671,0,0
8953,545563323077,0,0
8954,545568952091,1,0
8955,545574091575,0,0
8956,545579743582,1,0
8957,545584883767,0,0
8958,545590432315,1,0
8959,545595543323,1,0
8960,545600645357,1,0
8961,545605762627,1,0
8962,545610924696,1,0
8963,545615978197,1,0
8964,545621133439,0,0
8965,545626867147,1,0
8966,545632180602,0,0
8967,545637934257,1,0
8968,545643060281,0,0
8969,545648557040,0,0
8970,545654410063,1,0
8971,545659605320,1,0
8972,545664693683,0,0
8973,545670392759,0,0
8974,545676127764,0,0
8975,545681926169,1,0
8976,545686993997,0,0
8977,545692567732,0,0
8978,545698179357,0,0
8979,545703989529,0,0
8980,545709532376,0,0
8981,545715278998,1,0
8982,545720502939,0,0
8983,545726110007,1,0
8984,545731499277,0,0
8985,545737063797,0,0
8986,545742953747,0,0
8987,545748976028,0,0
8988,545754857016,0,0
8989,545760400852,1,0
8990,545765464078,1,0
8991,545770612829,0,0
8992,545776454506,1,0
8993,545781590805,1,0
8994,545786748346,0,0
8995,545792405930,0,0
8996,545798035037,1,0
8997,545803135172,0,0
8998,545808718247,0,0
8999,545814553951,0,0
9000,545820180737,1,0
9001,545825403629,0,0
9002,545830828964,0,0
9003,545836321615,1,0
9004,545841553108,0,0
9005,545847219070,1,0
9006,545852378764,1,0
9007,545857688712,1,0
9008,545863077942,1,0
9009,545868330809,1,0
9010,545873603860,1,0
9011,545879021730,1,0
9012,545884177168,0,0
9013,545889779841,1,0
9014,545894944441,1,0
9015,545900132800,0,0
9016,545905738118,0,0
9017,545911283833,1,0
9018,545916539474,1,0
9019,545921898814,0,0
9020,545927350829,0,0
9021,545932707856,1,0
9022,545938074741,1,0
9023,545943240112,0,0
9024,545948588758,0,0
9025,545954159991,0,0
9026,545959767404,0,0
9027,545965418536,0,0
9028,545971046954,0,0
9029,545976467016,1,0
9030,545981611332,0,0
9031,545987227363,1,0
9032,545992281733,0,0
9033,545998018531,0,0
9034,546003473070,0,0
9035,546008900391,0,0
9036,546014356959,1,0
9037,546019586928,0,0
9038,546025170553,0,0
9039,546030762719,1,0
9040,546035886142,0,0
9041,546041375821,1,0
9042,546046802348,1,0
9043,546051901328,1,0
9044,546057018427,1,0
9045,546062056689,1,0
9046,546067190423,0,0
9047,546072721821,0,0
9048,546078324751,0,0
9049,546083907150,0,0
9050,546089598714,1,0
9051,546094689806,0,0
9052,546100172445,1,0
9053,546105231177,0,0
9054,546110928307,0,0
9055,546116423553,0,0
9056,546121898317,1,0
9057,546126997578,1,0
9058,546132209348,0,0
9059,546137621014,1,0
9060,546142724870,1,0
9061,546147769192,1,0
9062,546152840054,1,0
9063,546157902346,1,0
9064,546162930849,0,0
9065,546168212124,0,0
9066,546173921131,0,0
9067,546179547544,1,0
9068,546184620237,0,0
9069,546190214554,0,0
9070,546195935407,1,0
9071,546201030518,1,0
9072,546206032570,1,0
9073,546211182476,0,0
9074,546216986377,0,0
9075,546222602056,0,0
9076,546228320571,1,0
9077,546233505009,0,0
9078,546239026939,0,0
9079,546244420744,1,0
9080,546249613507,0,0
9081,546255236538,1,0
9082,546260454837,1,0
9083,546265582553,1,0
9084,546270692049,1,0
9085,546275797995,1,0
9086,546280928243,1,0
9087,546285994133,1,0
9088,546291069197,0,0
9089,546296507594,1,0
9090,546301554581,1,0
9091,546306673092,0,0
9092,546312397630,0,0
9093,546317943249,0,0
9094,546323397484,1,0
9095,546328429543,1,0
9096,546333497322,1,0
9097,546338550950,0,0
9098,546344468703,0,0
9099,546349775989,0,0
9100,546355374781,0,0
9101,546360859952,0,0
9102,546366377079,1,0
9103,546371695375,0,0
9104,546377369500,1,0
9105,546382687064,1,0
9106,546387917908,0,0
9107,546393676864,1,0
9108,546399025388,1,0
9109,546404347551,0,0
9110,546409869076,0,0
9111,546415298542,0,0
9112,546420752616,1,0
9113,546426053776,0,0
9114,546431553913,1,0
9115,546437038504,0,0
9116,546442526392,0,0
9117,546448062039,0,0
9118,546453411123,0,0
9119,546458868250,0,0
9120,546464396005,1,0
9121,546469747081,1,0
9122,546475076395,0,0
9123,546480705213,0,0
9124,546486471072,1,0
9125,546491832523,1,0
9126,546497216578,0,0
9127,546502945004,0,0
9128,546508698482,1,0
9129,546514038285,1,0
9130,546519332796,1,0
9131,546524457532,1,0
9132,546529584631,1,0
9133,546534844547,0,0
9134,546540352081,1,0
9135,546545517711,1,0
9136,546550632149,0,0
9137,546556054598,1,0
9138,546561144546,1,0
9139,546566238849,0,0
9140,546571648782,1,0
9141,546576796343,0,0
9142,546582199259,1,0
9143,546587277369,1,0
9144,546592519883,1,0
9145,546597618722,0,0
9146,546603363309,0,0
9147,546608920842,1,0
9148,546614070944,1,0
9149,546619255330,0,0
9150,546624643816,0,0
9151,546630482948,1,0
9152,546635571813,1,0
9153,546640760770,0,0
9154,546646476763,0,0
9155,546652338084,1,0
9156,546657420180,1,0
9157,546662503394,1,0
9158,546667623011,1,0
9159,546672795405,0,0
9160,546678593846,0,0
9161,546684299488,0,0
9162,546689954943,1,0
9163,546695019100,0,0
9164,546700574610,1,0
9165,546705686253,1,0
9166,546711067844,1,0
9167,546716171611,0,0
9168,546721934792,1,0
9169,546727078135,1,0
9170,546732255279,0,0
9171,546737775236,0,0
9172,546743189144,1,0
9173,546748268325,0,0
9174,546754025157,1,0
9175,546759040749,0,0
9176,546764796792,0,0
9177,546770492408,0,0
9178,546775975321,1,0
9179,546781078115,0,0
9180,546786796297,0,0
9181,546792444255,0,0
9182,546798159747,1,0
9183,546803333471,1,0
9184,546808655162,1,0
9185,546813914275,0,0
9186,546819772247,0,0
9187,546825403609,1,0
9188,546830520012,0,0
9189,546835970621,1,0
9190,546841087999,1,0
9191,546846074198,1,0
9192,546851265713,1,0
9193,546856300311,1,0
9194,546861416824,0,0
9195,546867278365,1,0
9196,546872432491,1,0
9197,546877613643,1,0
9198,546882981731,1,0
9199,546888058213,0,0
9200,546893515286,1,0
9201,546898546213,1,0
9202,546903554800,0,0
9203,546909261239,1,0
9204,546914347474,1,0
9205,546919466902,0,0
9206,546924901085,0,0
9207,546930345428,1,0
9208,546935475382,1,0
9209,546940576478,0,0
9210,546946060668,1,0
9211,546951108532,0,0
9212,546956556186,0,0
9213,546962111926,1,0
9214,546967203980,1,0
9215,546972200449,0,0
9216,546977918443,1,0
9217,546982951936,0,0
9218,546988332889,1,0
9219,546993341509,1,0
9220,546998436128,0,0
9221,547003973622,0,0
9222,547009561751,0,0
9223,547015069549,1,0
9224,547020172235,0,0
9225,547025682528,1,0
9226,547030756035,1,0
9227,547035908088,1,0
9228,547041013841,1,0
9229,547046058675,0,0
9230,547051980896,0,0
9231,547058061168,0,0
9232,547063744658,1,0
9233,547069059976,0,0
9234,547074793546,0,0
9235,547080469063,1,0
9236,547085567667,1,0
9237,547090979445,1,0
9238,547096051473,0,0
9239,547101660928,1,0
9240,547106767871,0,0
9241,547112342507,1,0
9242,547117415297,1,0
9243,547122616427,0,0
9244,547128265344,0,0
9245,547133979412,1,0
9246,547139016561,0,0
9247,547144580967,0,0
9248,547150396552,0,0
9249,547156061117,0,0
9250,547161709422,0,0
9251,547167331649,0,0
9252,547173167369,0,0
9253,547179053093,1,0
9254,547184471623,0,0
9255,547190052643,0,0
9256,547195465828,1,0
9257,547200603374,0,0
9258,547206185904,0,0
9259,547211613162,1,0
9260,547216803388,1,0
9261,547221971939,0,0
9262,547227562252,1,0
9263,547232806322,1,0
9264,547238020866,0,0
9265,547243678831,1,0
9266,547248940971,1,0
9267,547254059166,0,0
9268,547259600360,1,0
9269,547265076505,1,0
9270,547270056491,1,0
9271,547275237488,0,0
9272,547280577459,0,0
9273,547286102677,0,0
9274,547291416297,0,0
9275,547296783894,0,0
9276,547302296938,1,0
9277,547307630633,1,0
9278,547312884446,1,0
9279,547318139787,1,0
9280,547323352082,1,0
9281,547328567694,0,0
9282,547334409551,0,0
9283,547340063082,0,0
9284,547345713267,0,0
9285,547351465214,0,0
9286,547357066887,1,0
9287,547362248707,0,0
9288,547367572954,1,0
9289,547372777923,1,0
9290,547377870388,0,0
9291,547383571095,1,0
9292,547388758330,0,0
9293,547394166398,0,0
9294,547399723477,1,0
9295,547404899289,1,0
9296,547410058370,1,0
9297,547415228275,1,0
9298,547422127767,1,0
9299,547427316472,1,0
9300,547432545261,0,0
9301,547437906888,1,0
9302,547443048593,1,0
9303,547448147737,0,0
9304,547453431185,0,0
9305,547458683219,1,0
9306,547463797847,0,0
9307,547469049598,0,0
9308,547474413582,1,0
9309,547479496172,1,0
9310,547484625664,1,0
9311,547489747495,1,0
9312,547494828735,0,0
9313,547500232375,1,0
9314,547505298924,1,0
9315,547510401476,1,0
9316,547515590383,0,0
9317,547521321920,0,0
9318,547527067256,1,0
9319,547532203650,1,0
9320,547537294359,1,0
9321,547542603205,1,0
9322,547547791425,0,0
9323,547553495702,0,0
9324,547559195420,0,0
9325,547564806547,0,0
9326,547570345437,1,0
9327,547575501423,0,0
9328,547581467625,1,0
9329,547586716445,0,0
9330,547592450374,1,0
9331,547597904374,0,0
9332,547603322810,0,0
9333,547608927826,1,0
9334,547614119817,0,0
9335,547619708259,1,0
9336,547624963697,0,0
9337,547630551748,0,0
9338,547636304750,0,0
9339,547641894010,0,0
9340,547647776710,1,0
9341,547653306352,0,0
9342,547658775778,1,0
9343,547663873846,0,0
9344,547669395086,1,0
9345,547674559825,0,0
9346,547680327378,0,0
9347,547686252505,0,0
9348,547691867820,1,0
9349,547696993960,0,0
9350,547702643281,0,0
9351,547708414769,0,0
9352,547714165690,1,0
9353,547719308252,1,0
9354,547724617427,0,0
9355,547730157924,1,0
9356,547735236460,0,0
9357,547740701853,1,0
9358,547745838801,1,0
9359,547751059805,1,0
9360,547756181655,0,0
9361,547762047450,1,0
9362,547767112664,0,0
9363,547773066712,0,0
9364,547778646930,1,0
9365,547783827953,0,0
9366,547789511785,0,0
9367,547795131320,1,0
9368,547800235799,1,0
9369,547805262579,1,0
9370,547810379603,0,0
9371,547815745577,0,0
9372,547821254829,0,0
9373,547829809594,0,0
9374,547835803199,1,0
9375,547841046265,0,0
9376,547846679923,1,0
9377,547852299585,1,0
9378,547857593821,1,0
9379,547862743351,0,0
9380,547868318749,0,0
9381,547873809478,0,0
9382,547879381475,0,0
9383,547884811313,0,0
9384,547890188824,1,0
9385,547895312056,0,0
9386,547900662496,0,0
9387,547906071201,0,0
9388,547911488635,0,0
9389,547917512099,0,0
9390,547923299289,0,0
9391,547928766043,1,0
9392,547933970601,0,0
9393,547939574495,0,0
9394,547945484079,0,0
9395,547951266453,1,0
9396,547956600853,1,0
9397,547961716266,1,0
9398,547967021912,1,0
9399,547972190740,1,0
9400,547977356941,0,0
9401,547982772794,0,0
9402,547988348662,0,0
9403,547993885219,0,0
9404,547999265562,0,0
9405,548004804521,0,0
9406,548010167098,1,0
9407,548015337362,0,0
9408,548020809768,1,0
9409,548025944058,0,0
9410,548031428895,1,0
9411,548036597374,1,0
9412,548041721782,1,0
9413,548046870676,0,0
9414,548052299812,0,0
9415,548057844921,0,0
9416,548063456579,1,0
9417,548068629086,1,0
9418,548073867245,1,0
9419,548079029705,0,0
9420,548084575510,1,0
9421,548089766680,0,0
9422,548095390426,1,0
9423,548100566146,1,0
9424,548105797346,0,0
9425,548111437845,1,0
9426,548116689564,0,0
9427,548122395981,1,0
9428,548127461131,1,0
9429,548132685888,1,0
9430,548137973398,0,0
9431,548143594855,1,0
9432,548148816113,0,0
9433,548154268848,0,0
9434,548159650157,1,0
9435,548164941676,1,0
9436,548170065878,1,0
9437,548175134232,1,0
9438,548180270848,1,0
9439,548185377765,0,0
9440,548191147684,0,0
9441,548196696903,1,0
9442,548201807120,1,0
9443,548206895655,1,0
9444,548211973710,1,0
9445,548217046838,1,0
9446,548222126645,1,0
9447,548227217773,1,0
9448,548232277350,1,0
9449,548237327970,0,0
9450,548242961285,0,0
9451,548248374966,0,0
9452,548253949439,1,0
9453,548259038822,0,0
9454,548264835164,1,0
9455,548269983505,1,0
9456,548275052211,0,0
9457,548280804487,0,0
9458,548286386936,1,0
9459,548291559588,0,0
9460,548297212665,1,0
9461,548302281683,1,0
9462,548307355161,1,0
9463,548312442091,1,0
9464,548317497750,0,0
9465,548323171040,0,0
9466,548328709826,0,0
9467,548334438390,0,0
9468,548340258609,1,0
9469,548345566857,0,0
9470,548351270407,0,0
9471,548357377354,1,0
9472,548362687861,0,0
9473,548368336128,1,0
9474,548373497814,0,0
9475,548379339220,1,0
9476,548384614828,0,0
9477,548389995654,0,0
9478,548395653564,0,0
9479,548401472980,1,0
9480,548406664485,0,0
9481,548412365541,0,0
9482,548418266457,0,0
9483,548423753076,0,0
9484,548429326417,1,0
9485,548434422768,1,0
9486,548439463180,1,0
9487,548444524964,1,0
9488,548449621894,0,0
9489,548455214775,1,0
9490,548460227727,1,0
9491,548465291206,0,0
9492,548470977875,0,0
9493,548476570261,1,0
9494,548481659973,0,0
9495,548487345298,1,0
9496,548492602471,0,0
9497,548498420229,1,0
9498,548503659966,1,0
9499,548508814949,0,0
9500,548514378874,0,0
9501,548520229846,1,0
9502,548525291903,1,0
9503,548530412005,0,0
9504,548536038287,1,0
9505,548541146455,0,0
9506,548546610859,1,0
9507,548551818187,0,0
9508,548557511956,1,0
9509,548562775379,1,0
9510,548567856123,1,0
9511,548572956176,1,0
9512,548578034559,0,0
9513,548583552131,0,0
9514,548589069078,0,0
9515,548594610833,0,0
9516,548600042714,1,0
9517,548605053666,1,0
9518,548610219818,1,0
9519,548615245961,0,0
9520,548620406269,0,0
9521,548625772773,1,0
9522,548630834485,0,0
9523,548636348203,1,0
9524,548641500202,1,0
9525,548646676256,0,0
9526,548652476858,0,0
9527,548658194204,1,0
9528,548663287099,0,0
9529,548668941467,1,0
9530,548674020491,0,0
9531,548679758972,0,0
9532,548685532381,1,0
9533,548690614597,0,0
9534,548696121679,0,0
9535,548701850953,0,0
9536,548707341628,1,0
9537,548712645914,1,0
9538,548717836930,0,0
9539,548723406116,0,0
9540,548728849162,1,0
9541,548734028447,0,0
9542,548739749516,1,0
9543,548745066291,0,0
9544,548750599878,1,0
9545,548755673628,1,0
9546,548760928126,0,0
9547,548766501330,1,0
9548,548771534937,0,0
9549,548777086611,1,0
9550,548782137894,0,0
9551,548787796621,0,0
9552,548793344575,0,0
9553,548799068646,0,0
9554,548804738976,1,0
9555,548809788447,0,0
9556,548815492670,1,0
9557,548820638266,1,0
9558,548825836122,0,0
9559,548831344306,0,0
9560,548836889171,1,0
9561,548842026604,1,0
9562,548847299185,0,0
9563,548853159781,1,0
9564,548858362779,1,0
9565,548863504378,0,0
9566,548869239145,0,0
9567,548875071841,0,0
9568,548880807944,0,0
9569,548886432793,1,0
9570,548891624203,0,0
9571,548897429258,0,0
9572,548903044152,1,0
9573,548908139482,0,0
9574,548913811292,1,0
9575,548918955584,1,0
9576,548924071243,0,0
9577,548929613512,1,0
9578,548934777082,0,0
9579,548940444926,1,0
9580,548945690939,1,0
9581,548950843864,1,0
9582,548955981543,1,0
9583,548961026970,0,0
9584,548966243387,1,0
9585,548971221860,0,0
9586,548976792495,0,0
9587,548982749062,1,0
9588,548987925203,1,0
9589,548993128041,0,0
9590,548998589125,0,0
9591,549004152372,1,0
9592,549009295511,0,0
9593,549014814093,1,0
9594,549019920674,1,0
9595,549025065771,0,0
9596,549030502916,1,0
9597,549035769109,0,0
9598,549041724108,1,0
9599,549046868571,0,0
9600,549052573981,1,0
9601,549057818432,0,0
9602,549063312809,0,0
9603,549068963187,1,0
9604,549074025156,0,0
9605,549079205764,1,0
9606,549084268880,0,0
9607,549089844163,0,0
9608,549095342956,1,0
9609,549100527717,1,0
9610,549105741085,0,0
9611,549111176898,0,0
9612,549116826833,1,0
9613,549121912782,1,0
9614,549127031502,0,0
9615,549132914271,0,0
9616,549138654685,1,0
9617,549143829468,0,0
9618,549149351785,0,0
9619,549154835481,0,0
9620,549160437239,0,0
9621,549166070886,0,0
9622,549171674525,1,0
9623,549176856747,1,0
9624,549182053459,0,0
9625,549187446860,1,0
9626,549192671532,1,0
9627,549197933467,1,0
9628,549202998137,1,0
9629,549208038301,1,0
9630,549213160829,0,0
9631,549218954271,1,0
9632,549224050907,0,0
9633,549229240569,1,0
9634,549234477833,1,0
9635,549239680882,0,0
9636,549245412667,0,0
9637,549251170129,1,0
9638,549256308911,0,0
9639,549261792172,1,0
9640,549267059907,0,0
9641,549272443840,1,0
9642,549277662425,0,0
9643,549283461428,0,0
9644,549289216502,0,0
9645,549294985301,0,0
9646,549300547591,0,0
9647,549306182856,1,0
9648,549311278137,1,0
9649,549316412880,0,0
9650,549321843580,0,0
9651,549327214186,1,0
9652,549332245414,1,0
9653,549337246298,0,0
9654,549342852814,1,0
9655,549348030564,0,0
9656,549353732705,0,0
9657,549359428702,0,0
9658,549365116792,0,0
9659,549370775120,0,0
9660,549376434025,0,0
9661,549382346062,1,0
9662,549387632977,0,0
9663,549393178345,0,0
9664,549398688112,1,0
9665,549403801162,0,0
9666,549409424219,0,0
9667,549415067494,0,0
9668,549420677818,1,0
9669,549426018561,1,0
9670,549431052457,0,0
9671,549436613422,0,0
9672,549442300221,1,0
9673,549447530355,0,0
9674,549453347647,1,0
9675,549458633367,0,0
9676,549464384109,1,0
9677,549469709450,1,0
9678,549474873483,1,0
9679,549480032342,1,0
9680,549485070091,1,0
9681,549490137490,1,0
9682,549495264275,0,0
9683,549500928746,0,0
9684,549506420563,1,0
9685,549512047149,1,0
9686,549517209491,1,0
9687,549522458768,1,0
9688,549527499031,0,0
9689,549533132702,1,0
9690,549538259703,0,0
9691,549543831697,1,0
9692,549548967730,1,0
9693,549553968001,0,0
9694,549559586772,0,0
9695,549565136608,1,0
9696,549570240688,0,0
9697,549575761261,0,0
9698,549581404593,0,0
9699,549587246818,0,0
9700,549592902040,1,0
9701,549598134271,1,0
9702,549603286047,1,0
9703,549608526814,0,0
9704,549614068184,1,0
9705,549619177294,1,0
9706,549624308679,1,0
9707,549629511493,0,0
9708,549635163115,0,0
9709,549640577886,1,0
9710,549645708554,0,0
9711,549651460476,1,0
9712,549656559300,0,0
9713,549662061969,0,0
9714,549667797941,1,0
9715,549672864704,1,0
9716,549677952546,1,0
9717,549683068478,0,0
9718,549688914949,0,0
9719,549694718144,0,0
9720,549700344317,0,0
9721,549705852506,1,0
9722,549710945567,0,0
9723,549716559586,0,0
9724,549722182684,0,0
9725,549728046078,0,0
9726,549733658310,0,0
9727,549739356630,1,0
9728,549744468301,0,0
9729,549750066773,1,0
9730,549755277545,1,0
9731,549760534221,0,0
9732,549766185725,1,0
9733,549771356713,1,0
9734,549776444962,0,0
9735,549782030475,0,0
9736,549787541762,1,0
9737,549792630466,1,0
9738,549797842435,0,0
9739,549803320956,1,0
9740,549808475755,0,0
9741,549814257834,1,0
9742,549819529541,0,0
9743,549825358671,1,0
9744,549830433935,1,0
9745,549835833581,1,0
9746,549841023836,0,0
9747,549846871210,1,0
9748,549852043902,0,0
9749,549857768369,0,0
9750,549863500059,1,0
9751,549868571840,0,0
9752,549874417987,0,0
9753,549879987391,0,0
9754,549885515301,1,0
9755,549890586798,0,0
9756,549896243380,0,0
9757,549901989998,1,0
9758,549907060243,0,0
9759,549912534270,0,0
9760,549918116628,1,0
9761,549923254480,1,0
9762,549928463657,0,0
9763,549934069670,0,0
9764,549939447561,0,0
9765,549945067242,1,0
9766,549950168238,0,0
9767,549955849481,0,0
9768,549961337941,0,0
9769,549966851467,0,0
9770,549972367987,0,0
9771,549978028447,1,0
9772,549983060899,1,0
9773,549988137016,1,0
9774,549993246287,0,0
9775,549998638045,1,0
9776,550003826352,1,0
9777,550008925509,0,0
9778,550014640931,1,0
9779,550019816953,1,0
9780,550024971147,0,0
9781,550030619119,0,0
9782,550036111279,0,0
9783,550041794469,1,0
9784,550046867501,0,0
9785,550052471663,0,0
9786,550058208108,1,0
9787,550063484722,0,0
9788,550069079595,0,0
9789,550074650645,1,0
9790,550079784674,1,0
9791,550084977764,1,0
9792,550090098380,0,0
9793,550095379332,1,0
9794,550101016747,1,0
9795,550106136574,0,0
9796,550111556587,1,0
9797,550116639037,0,0
9798,550122058839,1,0
9799,550127986736,1,0
9800,550133195899,0,0
9801,550138490138,1,0
9802,550143654251,0,0
9803,550149009387,0,0
9804,550154313799,1,0
9805,550159395987,1,0
9806,550164431285,0,0
9807,550169990744,0,0
9808,550175515544,1,0
9809,550180565646,1,0
9810,550185620595,1,0
9811,550190695818,0,0
9812,550196321859,1,0
9813,550201495737,0,0
9814,550207395641,0,0
9815,550212659521,0,0
9816,550218107836,1,0
9817,550223248820,1,0
9818,550228337642,1,0
9819,550233409784,0,0
9820,550238974873,0,0
9821,550244459360,1,0
9822,550250806188,1,0
9823,550255864745,1,0
9824,550261034040,1,0
9825,550266869704,1,0
9826,550271951108,0,0
9827,550278614923,1,0
9828,550283679020,1,0
9829,550289180366,1,0
9830,550294193461,0,0
9831,550300189558,0,0
9832,550305869910,1,0
9833,550310805698,1,0
9834,550315792128,1,0
9835,550320993910,0,0
9836,550326156756,0,0
9837,550331702786,1,0
9838,550336820975,0,0
9839,550342212373,1,0
9840,550347308845,0,0
9841,550352893027,0,0
9842,550358445440,1,0
9843,550363627449,1,0
9844,550368743208,0,0
9845,550374533093,1,0
9846,550379861398,1,0
9847,550385071178,1,0
9848,550390200907,0,0
9849,550395799216,1,0
9850,550400950979,1,0
9851,550406069622,1,0
9852,550411137689,0,0
9853,550416954676,0,0
9854,550422650540,1,0
9855,550427748679,0,0
9856,550433475892,0,0
9857,550439027463,0,0
9858,550444529146,1,0
9859,550449620301,0,0
9860,550455400964,0,0
9861,550461085094,0,0
9862,550466789760,0,0
9863,550472494935,0,0
9864,550478157139,0,0
9865,550483561319,0,0
9866,550489122735,0,0
9867,550494855887,1,0
9868,550499881016,1,0
9869,550504988956,1,0
9870,550510049010,1,0
9871,550515059790,1,0
9872,550520225216,1,0
9873,550525276579,0,0
9874,550530803644,1,0
9875,550535900704,1,0
9876,550541052112,0,0
9877,550546308232,1,0
9878,550551505464,1,0
9879,550556753042,0,0
9880,550562414025,0,0
9881,550568141853,1,0
9882,550573286266,1,0
9883,550578534426,1,0
9884,550583716262,0,0
9885,550589333441,1,0
9886,550594566365,0,0
9887,550600195407,1,0
9888,550605269161,0,0
9889,550610972524,1,0
9890,550616053088,1,0
9891,550621064442,0,0
9892,550626426874,0,0
9893,550632063942,0,0
9894,550637716930,1,0
9895,550642856405,0,0
9896,550648282241,1,0
9897,550653314004,0,0
9898,550658627551,0,0
9899,550663875036,0,0
9900,550669500483,1,0
9901,550674775564,0,0
9902,550680340552,0,0
9903,550686130315,0,0
9904,550691476270,0,0
9905,550697225400,1,0
9906,550702637572,1,0
9907,550707561664,1,0
9908,550712678669,0,0
9909,550718532678,1,0
9910,550723665161,1,0
9911,550728909960,1,0
9912,550734321777,1,0
9913,550739673797,0,0
9914,550745347088,1,0
9915,550750609762,0,0
9916,550756219685,0,0
9917,550761767192,1,0
9918,550766891534,0,0
9919,550772633789,0,0
9920,550778528800,0,0
9921,550784312725,0,0
9922,550790068739,0,0
9923,550796019603,0,0
9924,550801725274,1,0
9925,550806910412,0,0
9926,550812554254,0,0
9927,550818169804,0,0
9928,550823572492,1,0
9929,550828638217,1,0
9930,550833837552,0,0
9931,550839786711,1,0
9932,550845147634,0,0
9933,550851171008,1,0
9934,550856381189,0,0
9935,550862068901,0,0
9936,550867659910,1,0
9937,550873125122,1,0
9938,550878442249,1,0
9939,550883673455,1,0
9940,550888725166,0,0
9941,550894352041,1,0
9942,550899574058,1,0
9943,550904644588,0,0
9944,550910296223,1,0
9945,550915498616,0,0
9946,550921432232,0,0
9947,550927181936,0,0
9948,550933028401,0,0
9949,550938800039,1,0
9950,550944026800,0,0
9951,550949725415,0,0
9952,550955377328,0,0
9953,550961158958,0,0
9954,550966784249,0,0
9955,550972472055,0,0
9956,550978341780,1,0
9957,550983640758,1,0
9958,550988751607,0,0
9959,550994329522,1,0
9960,550999546276,0,0
9961,551005452434,1,0
9962,551010714326,0,0
9963,551016289854,0,0
9964,551021916847,0,0
9965,551027485726,1,0
9966,551032677979,0,0
9967,551038559316,1,0
9968,551043862014,1,0
9969,551049191576,1,0
9970,551054419616,0,0
9971,551060057020,1,0
9972,551065202103,0,0
9973,551071039845,0,0
9974,551076433125,0,0
9975,551082051916,1,0
9976,551087139848,0,0
9977,551092741342,1,0
9978,551097853908,1,0
9979,551103115158,1,0
9980,551108242726,1,0
9981,551113436804,1,0
9982,551118626930,1,0
9983,551123681133,1,0
9984,551128776438,1,0
9985,551133864330,1,0
9986,551139064372,0,0
9987,551144747813,0,0
9988,551150276106,0,0
9989,551155843223,1,0
9990,551161293575,0,0
9991,551166916765,1,0
9992,551172030928,0,0
9993,551178130852,0,0
9994,551183576829,1,0
9995,551188685583,0,0
9996,551194286479,1,0
9997,551199462958,1,0
9998,551204659471,1,0
9999,551209828944,1,0
10000,551214903750,1,0
