trial_id,event_start_ns,event,error
1,281320984410,0,0
2,281326655472,1,0
3,281331804268,1,0
4,281336938815,1,0
5,281342052914,1,0
6,281347186297,1,0
7,281352422356,1,0
8,281357665222,1,0
9,281362818352,0,0
10,281368715336,0,0
11,281374594191,1,0
12,281379602435,1,0
13,281384806349,1,0
14,281389912290,0,0
15,281395640384,1,0
16,281400940708,0,0
17,281406477400,0,0
18,281412056867,1,0
19,281417145751,1,0
20,281422411360,0,0
21,281428290094,0,0
22,281434133094,0,0
23,281439661969,1,0
24,281444785107,0,0
25,281450537912,0,0
26,281456045960,0,0
27,281461854607,0,0
28,281467255966,0,0
29,281472646969,1,0
30,281477849748,1,0
31,281482982904,1,0
32,281488119190,1,0
33,281493429642,0,0
34,281499154918,1,0
35,281504429340,1,0
36,281509832334,1,0
37,281515177400,0,0
38,281520940905,0,0
39,281526810462,0,0
40,281532574685,1,0
41,281537847918,1,0
42,281543074337,0,0
43,281548775990,0,0
44,281554443435,0,0
45,281560078584,1,0
46,281565395897,0,0
47,281570848929,0,0
48,281576294649,1,0
49,281581727406,0,0
50,281587330526,0,0
51,281593069088,0,0
52,281598669502,1,0
53,281603888558,1,0
54,281609024548,0,0
55,281614788239,0,0
56,281620606540,0,0
57,281626629407,0,0
58,281632292284,0,0
59,281637747159,1,0
60,281642840652,0,0
61,281648140992,0,0
62,281653632456,0,0
63,281659173385,1,0
64,281664621571,1,0
65,281669941295,1,0
66,281675068149,1,0
67,281680236719,1,0
68,281685301915,1,0
69,281690565960,1,0
70,281695905422,0,0
71,281701747055,0,0
72,281707154829,1,0
73,281712281550,0,0
74,281717803113,0,0
75,281723432517,1,0
76,281728711830,1,0
77,281733942286,0,0
78,281739530996,1,0
79,281744650740,0,0
80,281750413237,1,0
81,281755754424,0,0
82,281761446502,0,0
83,281767070635,0,0
84,281772853330,0,0
85,281778323377,0,0
86,281784068592,0,0
87,281789512067,0,0
88,281795059565,1,0
89,281800060699,0,0
90,281805799479,1,0
91,281810848665,1,0
92,281815943994,0,0
93,281821672550,0,0
94,281827431717,0,0
95,281832846165,0,0
96,281838522821,0,0
97,281843990095,1,0
98,281849103181,0,0
99,281854673597,1,0
100,281859840049,1,0
101,281864876466,1,0
102,281869955224,1,0
103,281875038827,0,0
104,281880560304,1,0
105,281885711541,1,0
106,281890817821,0,0
107,281896282930,1,0
108,281901343518,1,0
109,281906461914,1,0
110,281911552396,1,0
111,281916601499,0,0
112,281922050866,0,0
113,281927609715,0,0
114,281932997187,1,0
115,281938077941,1,0
116,281943187000,1,0
117,281948245967,0,0
118,281953762634,1,0
119,281959033422,1,0
120,281964072181,0,0
121,281969775718,0,0
122,281975291191,1,0
123,281980480635,0,0
124,281986166461,0,0
125,281991597742,0,0
126,281997170736,1,0
127,282002242424,1,0
128,282007425011,1,0
129,282012602758,0,0
130,282018140583,1,0
131,282023294436,1,0
132,282028512413,1,0
133,282033722786,1,0
134,282038874933,0,0
135,282044221200,0,0
136,282049465260,1,0
137,282054694687,0,0
138,282060221734,1,0
139,282065310762,0,0
140,282070804094,1,0
141,282076102429,1,0
142,282081173378,0,0
143,282086541445,0,0
144,282092107280,1,0
145,282097355605,0,0
146,282103017218,1,0
147,282108063307,0,0
148,282113787570,0,0
149,282119429960,0,0
150,282124975858,1,0
151,282130147407,1,0
152,282135157692,1,0
153,282140289491,1,0
154,282145525420,1,0
155,282150729480,1,0
156,282155991956,1,0
157,282161065087,1,0
158,282166138175,1,0
159,282171383044,1,0
160,282176545062,0,0
161,282182076363,1,0
162,282187161109,0,0
163,282192721002,1,0
164,282198033154,0,0
165,282203480934,1,0
166,282208738458,1,0
167,282213852847,0,0
168,282219399707,1,0
169,282224626006,1,0
170,282229903899,1,0
171,282235084866,0,0
172,282240448639,1,0
173,282245619117,1,0
174,282250830791,0,0
175,282256405715,0,0
176,282262113491,1,0
177,282267235307,1,0
178,282272371100,0,0
179,282277861265,0,0
180,282283201749,1,0
181,282288526904,1,0
182,282293914260,1,0
183,282299142819,0,0
184,282304729756,1,0
185,282310065510,0,0
186,282315341439,1,0
187,282320605796,0,0
188,282325979744,0,0
189,282331257393,0,0
190,282336696372,1,0
191,282341899004,1,0
192,282347041473,1,0
193,282352163240,0,0
194,282357518594,0,0
195,282362903506,0,0
196,282368473199,1,0
197,282373776360,0,0
198,282379266719,1,0
199,282384487751,1,0
200,282389691439,0,0
201,282395022305,0,0
202,282400118100,1,0
203,282406306015,0,0
204,282411871220,0,0
205,282417501794,0,0
206,282423154565,0,0
207,282431136166,1,0
208,282437147760,1,0
209,282444116669,0,0
210,282449668167,0,0
211,282455091363,1,0
212,282460183078,0,0
213,282465744910,1,0
214,282470859369,0,0
215,282476411935,1,0
216,282481666416,0,0
217,282487149060,0,0
218,282492833315,0,0
219,282498417994,1,0
220,282504263400,1,0
221,282509524771,0,0
222,282515129831,0,0
223,282520770306,1,0
224,282526031413,0,0
225,282532020804,0,0
226,282536965836,0,0
227,282542443020,0,0
228,282547929689,1,0
229,282553210128,0,0
230,282558319610,0,0
231,282564025758,1,0
232,282569170434,1,0
233,282574518089,0,0
234,282580154838,0,0
235,282586965481,0,0
236,282592344011,1,0
237,282597546454,0,0
238,282603018700,1,0
239,282608676240,0,0
240,282614449157,1,0
241,282619663480,0,0
242,282625099123,0,0
243,282630611688,0,0
244,282636012896,1,0
245,282641419670,1,0
246,282646468976,0,0
247,282651819489,0,0
248,282657153536,1,0
249,282662269776,0,0
250,282667628824,0,0
251,282673099169,0,0
252,282678550060,0,0
253,282684104618,0,0
254,282689779827,0,0
255,282695288030,1,0
256,282700381732,1,0
257,282705738775,0,0
258,282711270351,0,0
259,282716865582,1,0
260,282722434915,0,0
261,282727814672,1,0
262,282732875270,0,0
263,282738266347,1,0
264,282743347297,0,0
265,282748724587,0,0
266,282754258726,1,0
267,282760248249,0,0
268,282765776236,1,0
269,282770858400,0,0
270,282776322427,0,0
271,282783030719,1,0
272,282789146257,1,0
273,282794610400,1,0
274,282799650621,0,0
275,282805031762,1,0
276,282810407245,0,0
277,282815933289,1,0
278,282821045706,0,0
279,282826571064,1,0
280,282831707934,1,0
281,282837155377,1,0
282,282842223328,0,0
283,282848161220,1,0
284,282853530603,0,0
285,282858936822,1,0
286,282864238878,0,0
287,282869745741,0,0
288,282875211005,0,0
289,282883080742,0,0
290,282888188956,1,0
291,282893154684,1,0
292,282899177097,1,0
293,282905324916,1,0
294,282911303483,1,0
295,282917308422,1,0
296,282923294705,0,0
297,282928638565,0,0
298,282933934779,1,0
299,282938959962,0,0
300,282944417444,1,0
301,282949543575,1,0
302,282954565801,1,0
303,282959791071,0,0
304,282965054634,1,0
305,282970025789,1,0
306,282975020773,1,0
307,282980056603,1,0
308,282985157887,0,0
309,282990500492,1,0
310,282996020861,0,0
311,283001315339,1,0
312,283006327346,1,0
313,283011340925,0,0
314,283016779395,1,0
315,283022068950,1,0
316,283027281233,1,0
317,283032443028,1,0
318,283037609733,1,0
319,283042691165,0,0
320,283048107297,0,0
321,283053705623,1,0
322,283058875306,0,0
323,283064660859,1,0
324,283069726528,1,0
325,283074746215,0,0
326,283080162879,1,0
327,283085184688,1,0
328,283090157027,0,0
329,283095427875,0,0
330,283100900309,1,0
331,283105918319,1,0
332,283110963868,1,0
333,283116020479,1,0
334,283121044612,1,0
335,283126152152,0,0
336,283131669934,0,0
337,283137168596,0,0
338,283142728224,1,0
339,283147802596,0,0
340,283153418635,0,0
341,283159057097,0,0
342,283164645642,0,0
343,283170044938,0,0
344,283175536208,1,0
345,283180549589,0,0
346,283185969346,1,0
347,283191017302,1,0
348,283196065609,1,0
349,283201381796,1,0
350,283206260084,0,0
351,283211900973,1,0
352,283216981460,1,0
353,283222032971,0,0
354,283227524777,1,0
355,283232676132,1,0
356,283237861703,1,0
357,283242963065,0,0
358,283248654980,1,0
359,283253710180,1,0
360,283258748029,0,0
361,283264511774,0,0
362,283270204813,0,0
363,283275823546,0,0
364,283281591480,0,0
365,283287260537,0,0
366,283292929399,1,0
367,283298054832,1,0
368,283303242443,0,0
369,283309061980,1,0
370,283314251636,0,0
371,283319999105,0,0
372,283325623868,0,0
373,283331184105,0,0
374,283336771027,0,0
375,283342232006,0,0
376,283347817886,0,0
377,283353442372,0,0
378,283359448717,1,0
379,283364598056,0,0
380,283370181951,0,0
381,283375800533,0,0
382,283381304194,1,0
383,283386368949,1,0
384,283391500793,0,0
385,283397105904,1,0
386,283402234560,0,0
387,283407710298,1,0
388,283412854533,1,0
389,283417896528,0,0
390,283423247073,1,0
391,283428404229,1,0
392,283433797273,0,0
393,283439249460,1,0
394,283444357854,1,0
395,283449405926,1,0
396,283454692711,0,0
397,283460121402,1,0
398,283465265218,1,0
399,283470436553,0,0
400,283476126436,1,0
401,283481227500,1,0
402,283486375303,1,0
403,283491654144,1,0
404,283496715316,0,0
405,283502409187,1,0
406,283507638836,0,0
407,283513395123,0,0
408,283519140535,1,0
409,283524253421,0,0
410,283529698401,1,0
411,283535081985,0,0
412,283540917782,0,0
413,283546732096,0,0
414,283552587884,1,0
415,283557899712,1,0
416,283563042206,1,0
417,283568173773,1,0
418,283573242406,0,0
419,283578725467,0,0
420,283584759922,0,0
421,283590487609,0,0
422,283596260422,1,0
423,283601842868,1,0
424,283606991543,1,0
425,283612202990,1,0
426,283617621232,1,0
427,283622815454,0,0
428,283628377826,1,0
429,283633651396,1,0
430,283638929569,1,0
431,283644057145,0,0
432,283649587254,1,0
433,283654748780,0,0
434,283660449832,0,0
435,283666195473,0,0
436,283671861667,0,0
437,283677565926,1,0
438,283682925871,0,0
439,283688365252,1,0
440,283693618492,0,0
441,283699181660,0,0
442,283704840266,0,0
443,283710366440,1,0
444,283715660907,1,0
445,283720960760,1,0
446,283726059767,0,0
447,283731736595,1,0
448,283736828283,1,0
449,283742058900,1,0
450,283747194263,1,0
451,283752266426,1,0
452,283757489588,0,0
453,283762915240,0,0
454,283768617752,1,0
455,283773854068,0,0
456,283779371313,1,0
457,283784536512,0,0
458,283790182060,1,0
459,283795318241,1,0
460,283800431785,0,0
461,283806209103,1,0
462,283811587851,1,0
463,283816824684,1,0
464,283822074225,0,0
465,283827813583,1,0
466,283833061766,1,0
467,283838535004,0,0
468,283844213042,1,0
469,283849480320,1,0
470,283854783026,1,0
471,283860022679,0,0
472,283865748583,1,0
473,283870922123,0,0
474,283876300468,1,0
475,283881600233,0,0
476,283887106129,1,0
477,283892350721,0,0
478,283898018218,0,0
479,283903283941,0,0
480,283909032818,1,0
481,283914190448,1,0
482,283919528160,0,0
483,283925213612,1,0
484,283930217045,0,0
485,283935872485,1,0
486,283940938524,1,0
487,283946017100,1,0
488,283951051953,1,0
489,283956068582,0,0
490,283961780236,1,0
491,283966885726,1,0
492,283971967874,1,0
493,283977018276,1,0
494,283982056498,1,0
495,283987131648,0,0
496,283992908503,1,0
497,283998067420,0,0
498,284003706893,1,0
499,284009212711,0,0
500,284014842152,1,0
501,284019952522,1,0
502,284025029157,0,0
503,284030572224,0,0
504,284036115791,0,0
505,284041800909,1,0
506,284046945096,1,0
507,284052026733,0,0
508,284057673664,1,0
509,284062896550,0,0
510,284068553757,0,0
511,284074144098,1,0
512,284079059801,1,0
513,284084213530,1,0
514,284089260613,1,0
515,284094546873,0,0
516,284100127131,1,0
517,284105216299,0,0
518,284110783364,1,0
519,284116154152,1,0
520,284121065827,1,0
521,284126217807,0,0
522,284131802146,1,0
523,284136946923,1,0
524,284142044787,1,0
525,284147040335,1,0
526,284152118304,1,0
527,284157198737,0,0
528,284162959305,1,0
529,284168175193,0,0
530,284173543688,0,0
531,284179186001,0,0
532,284184836447,0,0
533,284190397846,1,0
534,284195679784,1,0
535,284200892078,0,0
536,284206548452,1,0
537,284211677833,1,0
538,284216765909,1,0
539,284221884211,0,0
540,284227517063,1,0
541,284232793795,0,0
542,284238778904,1,0
543,284243984229,1,0
544,284249036609,1,0
545,284254215495,0,0
546,284259554420,1,0
547,284264767338,0,0
548,284270070186,1,0
549,284275309820,1,0
550,284280549458,1,0
551,284285705594,1,0
552,284290773837,1,0
553,284295871444,1,0
554,284300914462,0,0
555,284306631568,1,0
556,284311823399,1,0
557,284316927086,0,0
558,284322586788,1,0
559,284328119936,0,0
560,284333763322,0,0
561,284339193529,1,0
562,284344321795,0,0
563,284350076187,1,0
564,284355271475,0,0
565,284360965583,0,0
566,284366596694,0,0
567,284372127147,0,0
568,284377981715,0,0
569,284383478697,0,0
570,284389036661,0,0
571,284394963100,0,0
572,284400739435,0,0
573,284406373735,1,0
574,284411890650,1,0
575,284417050994,1,0
576,284422200471,1,0
577,284427529799,0,0
578,284433055447,0,0
579,284438628035,1,0
580,284443899646,0,0
581,284449561877,1,0
582,284454672001,0,0
583,284460209581,0,0
584,284465839039,1,0
585,284470957657,0,0
586,284476246674,0,0
587,284481652141,1,0
588,284486838011,1,0
589,284491990046,1,0
590,284497154424,0,0
591,284502846657,1,0
592,284507937886,1,0
593,284513045656,0,0
594,284518824092,0,0
595,284524407440,1,0
596,284529650998,1,0
597,284534828659,0,0
598,284540276792,0,0
599,284545759911,1,0
600,284550969417,0,0
601,284556632349,0,0
602,284562212397,1,0
603,284567259666,1,0
604,284572352404,1,0
605,284577531432,1,0
606,284582747878,1,0
607,284588148143,1,0
608,284593627654,1,0
609,284598913741,0,0
610,284604617110,0,0
611,284610074536,1,0
612,284615287897,0,0
613,284621031670,0,0
614,284626655769,1,0
615,284631792830,1,0
616,284636913458,1,0
617,284641994749,0,0
618,284647398192,1,0
619,284652858660,1,0
620,284657993263,0,0
621,284663561700,0,0
622,284669011450,1,0
623,284674101980,1,0
624,284679228042,0,0
625,284684595760,0,0
626,284689847463,0,0
627,284695437538,0,0
628,284701032535,1,0
629,284706119099,1,0
630,284711195949,1,0
631,284716266802,1,0
632,284721321654,1,0
633,284726398940,1,0
634,284731448006,0,0
635,284736967671,1,0
636,284742056457,1,0
637,284747221526,0,0
638,284752859658,1,0
639,284757936257,0,0
640,284763700497,0,0
641,284769285193,1,0
642,284774360497,0,0
643,284779877288,0,0
644,284785397753,1,0
645,284790629660,0,0
646,284796213820,0,0
647,284801862986,1,0
648,284806977124,0,0
649,284812452279,0,0
650,284817819972,0,0
651,284823300624,0,0
652,284828794970,1,0
653,284834067204,1,0
654,284839074033,0,0
655,284844843566,0,0
656,284850417422,1,0
657,284855819899,0,0
658,284861434392,1,0
659,284866676265,0,0
660,284872455112,1,0
661,284877744199,0,0
662,284883333764,0,0
663,284888714288,0,0
664,284894142837,0,0
665,284899711771,1,0
666,284905027632,1,0
667,284910056634,0,0
668,284915749958,0,0
669,284921322728,1,0
670,284926630609,1,0
671,284931828302,0,0
672,284937401899,0,0
673,284942908287,0,0
674,284948566095,1,0
675,284953765293,0,0
676,284959288731,0,0
677,284965126312,0,0
678,284971070089,0,0
679,284976790222,0,0
680,284982512419,0,0
681,284988245669,0,0
682,284993852630,1,0
683,284998906614,1,0
684,285003987220,0,0
685,285009626820,1,0
686,285014858779,1,0
687,285019964658,1,0
688,285025042535,1,0
689,285030149932,0,0
690,285035831892,0,0
691,285041460572,0,0
692,285047155393,0,0
693,285052592226,0,0
694,285058117635,0,0
695,285063711855,1,0
696,285069043115,0,0
697,285074684214,1,0
698,285079744091,1,0
699,285084797527,0,0
700,285090617584,1,0
701,285095825955,1,0
702,285101016947,1,0
703,285106455155,1,0
704,285111789366,1,0
705,285116980635,0,0
706,285122810056,0,0
707,285128346956,1,0
708,285134075464,1,0
709,285139237724,1,0
710,285144500707,1,0
711,285149787387,0,0
712,285155574454,1,0
713,285160852397,0,0
714,285166355514,1,0
715,285171568382,0,0
716,285176991234,0,0
717,285182300505,1,0
718,285187420319,1,0
719,285192792785,1,0
720,285197901773,0,0
721,285203737574,0,0
722,285209696945,0,0
723,285215492550,1,0
724,285220795653,1,0
725,285225985603,0,0
726,285231649962,0,0
727,285237041937,0,0
728,285242611480,1,0
729,285247849969,1,0
730,285252980719,1,0
731,285258059676,1,0
732,285263237204,0,0
733,285268836895,0,0
734,285274444390,0,0
735,285280015887,1,0
736,285285137812,1,0
737,285290287655,1,0
738,285295721806,1,0
739,285300902253,1,0
740,285306052029,0,0
741,285311468818,0,0
742,285316852107,0,0
743,285322341908,1,0
744,285327634203,1,0
745,285332861015,1,0
746,285338055104,0,0
747,285343474922,0,0
748,285348971259,1,0
749,285354091762,0,0
750,285359546275,0,0
751,285365151456,0,0
752,285370765630,1,0
753,285375944960,1,0
754,285381135785,0,0
755,285386829796,0,0
756,285392383764,1,0
757,285397770138,0,0
758,285403352787,0,0
759,285408927273,1,0
760,285414045196,1,0
761,285419172530,1,0
762,285424294823,1,0
763,285429491898,0,0
764,285435183471,0,0
765,285440977470,0,0
766,285446662893,1,0
767,285451808504,0,0
768,285457582195,0,0
769,285463312081,1,0
770,285468548407,0,0
771,285474482216,0,0
772,285480062909,0,0
773,285485773239,1,0
774,285491028060,1,0
775,285496124050,1,0
776,285501290315,0,0
777,285506800824,0,0
778,285512447612,0,0
779,285518237028,0,0
780,285524059450,0,0
781,285529902882,0,0
782,285535639791,0,0
783,285541215229,1,0
784,285546323141,1,0
785,285551519307,0,0
786,285557141647,1,0
787,285562224988,0,0
788,285567952242,1,0
789,285573052842,0,0
790,285578712473,0,0
791,285584616941,0,0
792,285590229521,0,0
793,285596083418,0,0
794,285601430721,0,0
795,285607221853,1,0
796,285612226849,0,0
797,285618032809,0,0
798,285624086474,1,0
799,285629248769,1,0
800,285634579110,1,0
801,285639914048,1,0
802,285645037681,1,0
803,285650062854,0,0
804,285655607487,1,0
805,285660777481,0,0
806,285666635200,1,0
807,285671761641,0,0
808,285677507292,1,0
809,285682876667,1,0
810,285688846419,1,0
811,285694041972,1,0
812,285699043437,1,0
813,285704216697,0,0
814,285709855574,1,0
815,285714954070,0,0
816,285720383858,0,0
817,285725933513,0,0
818,285731821371,1,0
819,285737354037,0,0
820,285743140487,1,0
821,285748294739,1,0
822,285753489450,0,0
823,285759231677,0,0
824,285764898671,0,0
825,285770544649,1,0
826,285775704509,0,0
827,285781186654,1,0
828,285786218659,0,0
829,285791839675,0,0
830,285797307139,1,0
831,285802690016,1,0
832,285807923880,0,0
833,285813557300,1,0
834,285818907312,0,0
835,285824698280,0,0
836,285830452700,1,0
837,285835807262,0,0
838,285841330676,1,0
839,285846581894,1,0
840,285851719667,0,0
841,285857516765,1,0
842,285862888318,1,0
843,285868082031,1,0
844,285873222292,1,0
845,285878326860,1,0
846,285883696113,0,0
847,285889601061,0,0
848,285895300434,1,0
849,285900573322,0,0
850,285906263694,0,0
851,285912109460,0,0
852,285917667708,0,0
853,285923962167,1,0
854,285929174123,0,0
855,285934966115,1,0
856,285940382202,1,0
857,285945749673,0,0
858,285951734776,0,0
859,285957299066,1,0
860,285962414507,0,0
861,285968074411,1,0
862,285973256501,1,0
863,285978462883,0,0
864,285984143426,1,0
865,285989223874,0,0
866,285995092163,0,0
867,286000615537,1,0
868,286005842722,0,0
869,286011364217,1,0
870,286016597827,0,0
871,286022231503,0,0
872,286027782937,1,0
873,286032878512,1,0
874,286037955075,1,0
875,286043023465,0,0
876,286048579529,1,0
877,286053777120,1,0
878,286058863047,0,0
879,286064365723,1,0
880,286069626175,0,0
881,286075267974,0,0
882,286080880738,1,0
883,286085966805,0,0
884,286091779021,0,0
885,286097328527,0,0
886,286103061656,0,0
887,286108368329,1,0
888,286113460538,1,0
889,286118654320,1,0
890,286123735597,0,0
891,286129432124,1,0
892,286134662769,0,0
893,286140253347,1,0
894,286145403507,0,0
895,286151166630,0,0
896,286156686982,1,0
897,286161982483,0,0
898,286167773981,0,0
899,286173339402,0,0
900,286179041652,1,0
901,286184300484,1,0
902,286189611452,0,0
903,286195163105,0,0
904,286201047851,0,0
905,286206584554,0,0
906,286212303912,0,0
907,286218149609,0,0
908,286223598583,1,0
909,286228869709,1,0
910,286233963444,1,0
911,286239016877,0,0
912,286244478287,1,0
913,286249731337,1,0
914,286254856257,1,0
915,286259993626,1,0
916,286265061570,0,0
917,286270618181,0,0
918,286276290317,1,0
919,286281558813,0,0
920,286287247330,1,0
921,286292266952,0,0
922,286297945981,1,0
923,286303148710,0,0
924,286308661591,1,0
925,286313901746,1,0
926,286318972086,1,0
927,286324044867,1,0
928,286329157477,1,0
929,286334262451,1,0
930,286339459591,0,0
931,286344779404,1,0
932,286349864185,0,0
933,286355457385,1,0
934,286360808456,0,0
935,286366472471,1,0
936,286371712199,0,0
937,286377328450,0,0
938,286382753943,0,0
939,286388335556,0,0
940,286393985865,1,0
941,286399057451,1,0
942,286404128884,1,0
943,286409247089,1,0
944,286414472523,0,0
945,286420177344,0,0
946,286425922731,1,0
947,286431066115,1,0
948,286436239043,0,0
949,286441924278,0,0
950,286447515753,1,0
951,286452626070,1,0
952,286457729307,1,0
953,286462911227,0,0
954,286468833037,0,0
955,286474698857,0,0
956,286480256258,0,0
957,286485700445,1,0
958,286490772183,1,0
959,286495824876,1,0
960,286500881566,0,0
961,286506441560,1,0
962,286511615886,0,0
963,286517412400,0,0
964,286523251300,0,0
965,286529076114,1,0
966,286534065516,0,0
967,286539910475,1,0
968,286545035480,1,0
969,286550144342,0,0
970,286555889021,0,0
971,286561472927,0,0
972,286567050062,1,0
973,286572076974,1,0
974,286577188586,0,0
975,286582765894,0,0
976,286588130997,1,0
977,286593212301,1,0
978,286598237923,1,0
979,286603256135,1,0
980,286608625866,1,0
981,286613696780,1,0
982,286618838933,0,0
983,286624406885,1,0
984,286629477600,1,0
985,286634702360,0,0
986,286640278356,1,0
987,286645385235,1,0
988,286650484804,0,0
989,286655964624,1,0
990,286661047902,1,0
991,286666158102,1,0
992,286671226979,0,0
993,286676731258,1,0
994,286681830554,0,0
995,286687533372,1,0
996,286692783927,0,0
997,286698739964,0,0
998,286704260793,0,0
999,286710310820,1,0
1000,286715206100,1,0
1001,286720361417,1,0
1002,286725586048,1,0
1003,286731033846,0,0
1004,286736711578,0,0
1005,286742344885,1,0
1006,286747615534,1,0
1007,286752853544,1,0
1008,286757988408,1,0
1009,286763078648,0,0
1010,286768702595,0,0
1011,286774163802,0,0
1012,286779780567,0,0
1013,286785452456,0,0
1014,286791078297,1,0
1015,286796386952,0,0
1016,286802219666,1,0
1017,286807447072,0,0
1018,286813029963,0,0
1019,286818672006,0,0
1020,286824163735,1,0
1021,286829358686,1,0
1022,286834772582,0,0
1023,286840372844,0,0
1024,286846142261,1,0
1025,286851277760,0,0
1026,286856920073,0,0
1027,286862651061,0,0
1028,286868483313,0,0
1029,286874198816,1,0
1030,286879421628,0,0
1031,286885082698,1,0
1032,286890265145,0,0
1033,286896075860,0,0
1034,286901700067,1,0
1035,286906900483,1,0
1036,286911936647,1,0
1037,286917141161,1,0
1038,286922210892,0,0
1039,286927720946,1,0
1040,286932914215,1,0
1041,286938066273,1,0
1042,286943181811,1,0
1043,286948353135,0,0
1044,286954436677,0,0
1045,286960177645,0,0
1046,286965988580,0,0
1047,286971885137,1,0
1048,286977142937,0,0
1049,286983021864,1,0
1050,286988211331,1,0
1051,286993438443,1,0
1052,286998959822,1,0
1053,287004035399,0,0
1054,287009863724,0,0
1055,287015674194,1,0
1056,287020782882,1,0
1057,287026087659,1,0
1058,287031265867,1,0
1059,287036776071,0,0
1060,287042522722,0,0
1061,287048206082,1,0
1062,287053342860,0,0
1063,287059257172,1,0
1064,287064821248,0,0
1065,287070296669,0,0
1066,287075892179,0,0
1067,287081526312,0,0
1068,287087144527,1,0
1069,287092242415,0,0
1070,287098074555,0,0
1071,287103895164,1,0
1072,287109056626,1,0
1073,287114268254,0,0
1074,287119812868,1,0
1075,287125072200,1,0
1076,287130171284,1,0
1077,287135351325,1,0
1078,287140480585,1,0
1079,287145952629,0,0
1080,287151823843,0,0
1081,287157908208,1,0
1082,287163152397,1,0
1083,287168474995,0,0
1084,287174284715,0,0
1085,287180028098,1,0
1086,287185348006,0,0
1087,287190908457,0,0
1088,287196380551,0,0
1089,287202068118,1,0
1090,287207437153,1,0
1091,287212469500,0,0
1092,287217891786,1,0
1093,287223180392,1,0
1094,287228328400,1,0
1095,287233563865,0,0
1096,287239266201,0,0
1097,287244772684,0,0
1098,287250371759,1,0
1099,287255494270,0,0
1100,287260777960,1,0
1101,287265929096,0,0
1102,287271261886,1,0
1103,287276352764,0,0
1104,287281592063,1,0
1105,287286693671,0,0
1106,287292047181,0,0
1107,287297427447,1,0
1108,287302563537,0,0
1109,287307872046,1,0
1110,287312985241,0,0
1111,287318457219,1,0
1112,287323585186,1,0
1113,287328683373,1,0
1114,287333759040,1,0
1115,287338890887,0,0
1116,287344222843,1,0
1117,287349258541,0,0
1118,287354499800,1,0
1119,287359741479,1,0
1120,287365123398,1,0
1121,287370303544,1,0
1122,287375410451,0,0
1123,287380921838,1,0
1124,287386030809,0,0
1125,287391595345,1,0
1126,287396721045,0,0
1127,287402297642,1,0
1128,287407654140,0,0
1129,287413061364,0,0
1130,287418912645,0,0
1131,287424550819,0,0
1132,287430161716,1,0
1133,287435394857,0,0
1134,287441031534,0,0
1135,287446393170,1,0
1136,287451624614,1,0
1137,287456786459,1,0
1138,287461918735,0,0
1139,287467743369,0,0
1140,287473388437,1,0
1141,287478657521,1,0
1142,287483853413,1,0
1143,287489149613,1,0
1144,287494031272,0,0
1145,287499617903,1,0
1146,287504811099,0,0
1147,287510338176,1,0
1148,287515483181,1,0
1149,287520657330,1,0
1150,287525661914,1,0
1151,287530826792,1,0
1152,287536016724,1,0
1153,287541069071,1,0
1154,287546148180,1,0
1155,287551295404,0,0
1156,287556863989,0,0
1157,287562364918,1,0
1158,287567588721,1,0
1159,287572912304,0,0
1160,287578398116,1,0
1161,287583599282,1,0
1162,287588771230,0,0
1163,287594401625,1,0
1164,287599481262,1,0
1165,287604600881,0,0
1166,287610280805,1,0
1167,287615727107,1,0
1168,287620896364,1,0
1169,287626108933,0,0
1170,287631550394,1,0
1171,287636749047,1,0
1172,287641966911,1,0
1173,287647180222,1,0
1174,287652352302,0,0
1175,287657886645,0,0
1176,287663446475,1,0
1177,287668591185,0,0
1178,287673922335,1,0
1179,287678996956,0,0
1180,287684264613,0,0
1181,287689629394,1,0
1182,287694662122,0,0
1183,287700046171,1,0
1184,287705161106,0,0
1185,287710718661,1,0
1186,287715882185,0,0
1187,287721594299,1,0
1188,287726708722,0,0
1189,287732193770,1,0
1190,287737201497,0,0
1191,287742765588,1,0
1192,287747873055,0,0
1193,287753271400,1,0
1194,287758351583,0,0
1195,287763806516,1,0
1196,287768919619,0,0
1197,287774296311,1,0
1198,287779511573,1,0
1199,287784611778,1,0
1200,287789664302,1,0
1201,287794835760,1,0
1202,287800053489,1,0
1203,287805210768,0,0
1204,287810742480,0,0
1205,287816071178,1,0
1206,287821288368,0,0
1207,287827140414,1,0
1208,287832320996,0,0
1209,287838064231,1,0
1210,287843281296,0,0
1211,287849065833,0,0
1212,287854522835,0,0
1213,287860382985,0,0
1214,287866131051,0,0
1215,287871989646,1,0
1216,287877055015,0,0
1217,287882638677,0,0
1218,287888056760,1,0
1219,287893191155,0,0
1220,287898953610,0,0
1221,287904220908,1,0
1222,287909272205,0,0
1223,287914795406,0,0
1224,287920313369,1,0
1225,287925522848,1,0
1226,287930790463,0,0
1227,287936285181,1,0
1228,287941507804,0,0
1229,287946978783,1,0
1230,287952153947,0,0
1231,287957813131,0,0
1232,287963423528,0,0
1233,287969141804,0,0
1234,287974691638,0,0
1235,287980305715,1,0
1236,287985357486,0,0
1237,287991056026,0,0
1238,287996754409,0,0
1239,288002304651,0,0
1240,288007901381,0,0
1241,288013314987,0,0
1242,288018909051,1,0
1243,288024021015,1,0
1244,288029065763,1,0
1245,288034179165,0,0
1246,288039860580,0,0
1247,288045308588,0,0
1248,288051045208,0,0
1249,288056711058,0,0
1250,288062304927,1,0
1251,288067436657,0,0
1252,288073061506,1,0
1253,288078118485,0,0
1254,288083805702,0,0
1255,288089290323,0,0
1256,288095046358,1,0
1257,288100242126,0,0
1258,288105773881,1,0
1259,288110926215,0,0
1260,288116646585,0,0
1261,288122308654,0,0
1262,288128214017,0,0
1263,288134147522,1,0
1264,288139290223,0,0
1265,288144921986,0,0
1266,288150438420,1,0
1267,288155502516,1,0
1268,288160603136,1,0
1269,288165696319,1,0
1270,288170775023,0,0
1271,288176392259,1,0
1272,288181597398,0,0
1273,288187227071,1,0
1274,288192610037,1,0
1275,288197679882,0,0
1276,288203123006,0,0
1277,288208981742,1,0
1278,288214154802,1,0
1279,288219318019,0,0
1280,288224844518,1,0
1281,288229968322,1,0
1282,288235121178,0,0
1283,288240918368,1,0
1284,288246019323,0,0
1285,288251717889,1,0
1286,288256814513,0,0
1287,288262466727,0,0
1288,288268089383,0,0
1289,288273664248,1,0
1290,288278858333,0,0
1291,288284289155,0,0
1292,288289874246,1,0
1293,288295062275,0,0
1294,288300552242,1,0
1295,288305770334,1,0
1296,288310897555,1,0
1297,288316048967,1,0
1298,288321203013,0,0
1299,288326621074,0,0
1300,288331983547,1,0
1301,288337064282,0,0
1302,288342699629,0,0
1303,288348184946,1,0
1304,288353378048,0,0
1305,288358953623,0,0
1306,288364291878,0,0
1307,288369681762,1,0
1308,288375146549,1,0
1309,288380313145,1,0
1310,288385464585,1,0
1311,288390647744,1,0
1312,288397694211,0,0
1313,288404370123,1,0
1314,288410115612,1,0
1315,288416206453,0,0
1316,288421752865,1,0
1317,288426976215,0,0
1318,288432617295,1,0
1319,288437760531,0,0
1320,288443158013,1,0
1321,288448244097,0,0
1322,288454036567,1,0
1323,288459061483,1,0
1324,288464239002,0,0
1325,288469821041,0,0
1326,288475258789,1,0
1327,288480451841,0,0
1328,288486249518,0,0
1329,288491711896,0,0
1330,288496976871,0,0
1331,288502289130,0,0
1332,288508431605,0,0
1333,288513601236,0,0
1334,288519740664,1,0
1335,288524886613,0,0
1336,288530599522,0,0
1337,288536259350,1,0
1338,288541576319,0,0
1339,288547031550,1,0
1340,288552288653,1,0
1341,288557346632,0,0
1342,288562737719,1,0
1343,288568509512,0,0
1344,288574052235,1,0
1345,288579888438,1,0
1346,288585497768,1,0
1347,288590596119,1,0
1348,288595644107,0,0
1349,288601349805,1,0
1350,288606410946,1,0
1351,288611471602,1,0
1352,288616577592,1,0
1353,288621784514,0,0
1354,288627421028,1,0
1355,288632775466,0,0
1356,288638329869,0,0
1357,288644063204,1,0
1358,288649241378,1,0
1359,288654400327,0,0
1360,288660106995,0,0
1361,288665694380,1,0
1362,288670758537,0,0
1363,288676215681,0,0
1364,288681703467,1,0
1365,288686807075,1,0
1366,288691955856,0,0
1367,288697582469,0,0
1368,288703223338,0,0
1369,288708826444,0,0
1370,288714718695,0,0
1371,288720159985,1,0
1372,288725258049,0,0
1373,288730760118,0,0
1374,288736163760,0,0
1375,288741745874,0,0
1376,288747359294,1,0
1377,288752576433,1,0
1378,288757908769,0,0
1379,288763751089,1,0
1380,288768884886,1,0
1381,288773993815,1,0
1382,288779066427,1,0
1383,288784185101,0,0
1384,288789816330,1,0
1385,288794973710,0,0
1386,288800482729,1,0
1387,288805675941,0,0
1388,288811154208,0,0
1389,288816658345,0,0
1390,288822059557,1,0
1391,288827177807,1,0
1392,288832312645,1,0
1393,288837519804,0,0
1394,288842992474,1,0
1395,288848155592,1,0
1396,288853289687,1,0
1397,288858433039,0,0
1398,288863959618,1,0
1399,288869285472,1,0
1400,288874480227,0,0
1401,288880314252,1,0
1402,288885523063,1,0
1403,288890766652,1,0
1404,288895915609,0,0
1405,288901619071,1,0
1406,288906695571,0,0
1407,288912337897,1,0
1408,288917383495,1,0
1409,288922513003,0,0
1410,288928212368,1,0
1411,288933313805,0,0
1412,288939138089,0,0
1413,288944653461,0,0
1414,288950312927,1,0
1415,288955692908,1,0
1416,288960975595,0,0
1417,288966611235,0,0
1418,288972046003,1,0
1419,288977117054,1,0
1420,288982220606,1,0
1421,288987319579,1,0
1422,288992679266,1,0
1423,288997638077,0,0
1424,289003311027,1,0
1425,289008486360,1,0
1426,289013774735,0,0
1427,289019522132,0,0
1428,289025072759,0,0
1429,289030912148,0,0
1430,289036623726,1,0
1431,289041780256,1,0
1432,289046832366,0,0
1433,289052295537,1,0
1434,289057423613,0,0
1435,289063203402,1,0
1436,289068471773,0,0
1437,289074102751,0,0
1438,289079642737,0,0
1439,289085165122,0,0
1440,289090840833,0,0
1441,289096561060,0,0
1442,289101887186,1,0
1443,289107108563,0,0
1444,289112906790,1,0
1445,289118197946,0,0
1446,289123775476,1,0
1447,289128935646,0,0
1448,289134492360,1,0
1449,289139730727,1,0
1450,289144881346,0,0
1451,289150232983,1,0
1452,289155391948,0,0
1453,289161021818,1,0
1454,289166207432,0,0
1455,289171846797,0,0
1456,289177382514,1,0
1457,289182861223,1,0
1458,289188056094,0,0
1459,289193976353,0,0
1460,289199581127,0,0
1461,289205467353,1,0
1462,289210743107,1,0
1463,289215864204,1,0
1464,289221031319,0,0
1465,289226719025,0,0
1466,289232368808,1,0
1467,289237490611,1,0
1468,289242774794,1,0
1469,289247837856,1,0
1470,289252887382,0,0
1471,289258333472,1,0
1472,289263547814,1,0
1473,289268701557,0,0
1474,289274392047,0,0
1475,289280068908,1,0
1476,289285127056,1,0
1477,289290246046,1,0
1478,289295377406,1,0
1479,289300856198,0,0
1480,289306391158,0,0
1481,289311995443,0,0
1482,289317725618,1,0
1483,289322742314,1,0
1484,289327824477,0,0
1485,289333441519,0,0
1486,289338897168,0,0
1487,289344299489,1,0
1488,289349420737,1,0
1489,289354610494,0,0
1490,289360239612,0,0
1491,289366196048,0,0
1492,289372036020,0,0
1493,289377898508,0,0
1494,289383304136,0,0
1495,289388885493,0,0
1496,289394591078,0,0
1497,289400688797,1,0
1498,289405834622,0,0
1499,289411523435,1,0
1500,289416629269,1,0
1501,289421698669,1,0
1502,289426773465,0,0
1503,289432432989,1,0
1504,289437593556,0,0
1505,289443292187,1,0
1506,289448448553,0,0
1507,289454196575,1,0
1508,289459310868,0,0
1509,289465170321,0,0
1510,289470799105,1,0
1511,289475995014,0,0
1512,289481734200,0,0
1513,289487245347,1,0
1514,289492424434,1,0
1515,289497533730,1,0
1516,289502604905,0,0
1517,289508189479,0,0
1518,289513867680,1,0
1519,289519026492,0,0
1520,289524572324,1,0
1521,289529787380,0,0
1522,289535398952,1,0
1523,289540559882,0,0
1524,289546358045,0,0
1525,289551927555,1,0
1526,289557047579,0,0
1527,289562636512,1,0
1528,289567716285,0,0
1529,289573226386,0,0
1530,289578635524,1,0
1531,289583752331,1,0
1532,289588883278,0,0
1533,289594906338,1,0
1534,289600048877,1,0
1535,289605057085,0,0
1536,289610609200,1,0
1537,289615903473,0,0
1538,289621614681,1,0
1539,289626766228,0,0
1540,289632530569,1,0
1541,289637636059,1,0
1542,289642900281,1,0
1543,289648074296,0,0
1544,289653866438,1,0
1545,289658991735,1,0
1546,289664068625,1,0
1547,289669188005,1,0
1548,289674245740,1,0
1549,289679463298,1,0
1550,289684647263,0,0
1551,289690339318,0,0
1552,289696222906,0,0
1553,289701831268,0,0
1554,289707398621,1,0
1555,289712631213,0,0
1556,289718261115,1,0
1557,289723401311,1,0
1558,289728666301,1,0
1559,289734172989,0,0
1560,289739727065,1,0
1561,289744912658,0,0
1562,289750685567,0,0
1563,289756451996,1,0
1564,289761600141,1,0
1565,289766859081,0,0
1566,289772406517,0,0
1567,289778064116,0,0
1568,289783759863,1,0
1569,289788893788,0,0
1570,289794612314,1,0
1571,289799844329,0,0
1572,289805537768,1,0
1573,289810525723,0,0
1574,289816234999,0,0
1575,289821707117,1,0
1576,289826847965,1,0
1577,289832037544,1,0
1578,289837223434,1,0
1579,289842325128,1,0
1580,289847552745,0,0
1581,289853070073,0,0
1582,289858589484,0,0
1583,289864068215,0,0
1584,289869720796,0,0
1585,289875232137,1,0
1586,289880326010,0,0
1587,289885868038,1,0
1588,289891128494,0,0
1589,289896681615,0,0
1590,289902105635,0,0
1591,289907658229,0,0
1592,289913068406,1,0
1593,289918269915,1,0
1594,289923472516,1,0
1595,289928725852,1,0
1596,289933873328,0,0
1597,289939292021,1,0
1598,289944630329,1,0
1599,289949689320,1,0
1600,289954807521,1,0
1601,289959937612,0,0
1602,289965254158,1,0
1603,289970416984,1,0
1604,289975663975,0,0
1605,289981288549,1,0
1606,289986391952,0,0
1607,289991819632,0,0
1608,289997282520,1,0
1609,290002307821,0,0
1610,290007811612,0,0
1611,290013188303,1,0
1612,290018320866,1,0
1613,290023466898,1,0
1614,290028742403,1,0
1615,290033846688,1,0
1616,290038929207,1,0
1617,290044051816,1,0
1618,290049159372,1,0
1619,290054211339,0,0
1620,290059457998,1,0
1621,290064553549,0,0
1622,290069929372,0,0
1623,290075382582,1,0
1624,290080727499,1,0
1625,290086683801,0,0
1626,290092409764,0,0
1627,290098116456,1,0
1628,290103286598,1,0
1629,290108695264,1,0
1630,290113823007,0,0
1631,290119597725,0,0
1632,290125194836,1,0
1633,290130359620,0,0
1634,290135953252,0,0
1635,290141530099,1,0
1636,290146697970,1,0
1637,290151857131,1,0
1638,290157024909,0,0
1639,290162967299,1,0
1640,290168065375,1,0
1641,290173527107,1,0
1642,290178844924,0,0
1643,290184336259,1,0
1644,290189536683,1,0
1645,290194841633,1,0
1646,290200029948,0,0
1647,290205579886,1,0
1648,290210689792,0,0
1649,290216245237,0,0
1650,290221942544,1,0
1651,290227137644,1,0
1652,290232277868,1,0
1653,290237551335,0,0
1654,290243154203,1,0
1655,290248313738,0,0
1656,290253871306,1,0
1657,290258952635,0,0
1658,290264812562,0,0
1659,290270434793,1,0
1660,290275685108,1,0
1661,290280860903,0,0
1662,290286403313,0,0
1663,290292139241,1,0
1664,290297279180,0,0
1665,290302966091,0,0
1666,290308532287,0,0
1667,290314190507,1,0
1668,290319275524,0,0
1669,290325043728,0,0
1670,290330775078,1,0
1671,290335898381,0,0
1672,290341449336,0,0
1673,290347089601,0,0
1674,290352804878,1,0
1675,290358029825,1,0
1676,290363160016,0,0
1677,290368951614,0,0
1678,290374430332,1,0
1679,290379690508,1,0
1680,290384938747,1,0
1681,290390053896,1,0
1682,290395065676,1,0
1683,290400252272,0,0
1684,290405897970,1,0
1685,290411025968,0,0
1686,290416713499,1,0
1687,290421919203,1,0
1688,290427120508,0,0
1689,290432896485,1,0
1690,290438054784,0,0
1691,290443651799,0,0
1692,290449256565,0,0
1693,290455033996,1,0
1694,290460154244,1,0
1695,290465325292,0,0
1696,290470867606,1,0
1697,290475981640,0,0
1698,290481574246,0,0
1699,290487116335,0,0
1700,290492779424,1,0
1701,290497859975,1,0
1702,290502940873,1,0
1703,290508010492,1,0
1704,290513116304,1,0
1705,290518239766,1,0
1706,290523279702,1,0
1707,290528327566,0,0
1708,290534012965,0,0
1709,290539600256,0,0
1710,290545048510,1,0
1711,290550091325,0,0
1712,290555483637,0,0
1713,290560940950,0,0
1714,290566302479,1,0
1715,290571388732,0,0
1716,290576765149,1,0
1717,290581819176,0,0
1718,290587288183,0,0
1719,290592745322,0,0
1720,290598046712,0,0
1721,290603431996,0,0
1722,290608907153,0,0
1723,290614187623,1,0
1724,290619429379,0,0
1725,290625263499,0,0
1726,290631061782,1,0
1727,290636216143,0,0
1728,290641885102,0,0
1729,290647359253,1,0
1730,290652588428,0,0
1731,290658218814,0,0
1732,290663891822,1,0
1733,290669063593,0,0
1734,290674391520,0,0
1735,290680062409,1,0
1736,290685132758,0,0
1737,290690627088,0,0
1738,290696380689,0,0
1739,290702292522,0,0
1740,290707886048,0,0
1741,290713525296,1,0
1742,290718833083,1,0
1743,290723957105,1,0
1744,290729038292,1,0
1745,290734154720,0,0
1746,290739510287,1,0
1747,290744769470,1,0
1748,290749824297,1,0
1749,290754855855,1,0
1750,290759932928,0,0
1751,290765554062,1,0
1752,290770836832,0,0
1753,290776544166,1,0
1754,290781461075,0,0
1755,290787288237,1,0
1756,290792565858,1,0
1757,290797724864,1,0
1758,290802844817,0,0
1759,290808488192,0,0
1760,290814189114,1,0
1761,290819196749,0,0
1762,290824965224,1,0
1763,290830048867,1,0
1764,290835128051,0,0
1765,290840926013,1,0
1766,290845963666,0,0
1767,290851698119,1,0
1768,290856801609,1,0
1769,290861908883,0,0
1770,290867593750,1,0
1771,290872722148,0,0
1772,290878153798,0,0
1773,290883866112,1,0
1774,290889026107,1,0
1775,290894061879,1,0
1776,290899227437,0,0
1777,290904831927,0,0
1778,290910331003,0,0
1779,290915946852,0,0
1780,290921441209,1,0
1781,290926695404,0,0
1782,290932345561,1,0
1783,290937465214,0,0
1784,290943142778,0,0
1785,290948507540,1,0
1786,290953578904,0,0
1787,290959160160,1,0
1788,290964215813,1,0
1789,290969272747,1,0
1790,290974537720,0,0
1791,290980188940,0,0
1792,290985794035,1,0
1793,290991020008,0,0
1794,290997051011,1,0
1795,291002184093,1,0
1796,291007543842,0,0
1797,291013247517,1,0
1798,291018725983,0,0
1799,291024354691,1,0
1800,291029745123,0,0
1801,291035580751,1,0
1802,291040685452,0,0
1803,291046399407,0,0
1804,291051956205,0,0
1805,291057876235,0,0
1806,291063729999,1,0
1807,291068867382,0,0
1808,291074555861,1,0
1809,291079732556,0,0
1810,291085295512,1,0
1811,291090573119,1,0
1812,291095859755,1,0
1813,291100994025,0,0
1814,291106582698,0,0
1815,291112438042,0,0
1816,291118083661,0,0
1817,291123982474,0,0
1818,291129614283,0,0
1819,291135566050,1,0
1820,291140722873,0,0
1821,291146365857,0,0
1822,291152187445,0,0
1823,291157865994,0,0
1824,291164066847,1,0
1825,291169153876,0,0
1826,291174694316,0,0
1827,291180153720,1,0
1828,291185304475,0,0
1829,291190964089,0,0
1830,291196546404,1,0
1831,291201694341,0,0
1832,291207354455,0,0
1833,291212967355,0,0
1834,291218598681,0,0
1835,291224262120,0,0
1836,291229962508,0,0
1837,291235572835,0,0
1838,291241253371,0,0
1839,291246852370,1,0
1840,291251956082,0,0
1841,291257520472,0,0
1842,291263196151,0,0
1843,291269072004,0,0
1844,291274464287,1,0
1845,291279800182,0,0
1846,291285267716,0,0
1847,291290962166,1,0
1848,291296064319,0,0
1849,291301745742,0,0
1850,291307207057,0,0
1851,291312727047,1,0
1852,291317977055,0,0
1853,291323860150,0,0
1854,291329364445,1,0
1855,291334590704,1,0
1856,291339805792,0,0
1857,291345290630,0,0
1858,291350869069,0,0
1859,291356525684,1,0
1860,291361782573,1,0
1861,291366931462,0,0
1862,291372593212,0,0
1863,291378163841,1,0
1864,291383244927,1,0
1865,291388531583,1,0
1866,291393850555,0,0
1867,291399324372,1,0
1868,291404461138,1,0
1869,291409755632,0,0
1870,291415366760,0,0
1871,291421237376,0,0
1872,291426676295,0,0
1873,291432358712,1,0
1874,291437493986,1,0
1875,291442712418,0,0
1876,291448307167,0,0
1877,291453939286,0,0
1878,291459505748,0,0
1879,291465822283,0,0
1880,291471647719,1,0
1881,291476826540,1,0
1882,291482080632,0,0
1883,291487508630,1,0
1884,291492862265,0,0
1885,291498263087,0,0
1886,291504068420,0,0
1887,291509616873,0,0
1888,291515229766,1,0
1889,291520540859,1,0
1890,291525759477,1,0
1891,291530992274,1,0
1892,291536089068,1,0
1893,291541212177,1,0
1894,291546277220,0,0
1895,291551759399,1,0
1896,291556871810,1,0
1897,291562043703,1,0
1898,291567144884,1,0
1899,291572298572,0,0
1900,291578085000,1,0
1901,291583414356,1,0
1902,291588813059,0,0
1903,291594372729,0,0
1904,291599886256,0,0
1905,291605799529,0,0
1906,291611556235,1,0
1907,291616708184,1,0
1908,291621861119,0,0
1909,291627459430,0,0
1910,291633020840,1,0
1911,291638057527,1,0
1912,291643138549,1,0
1913,291648213377,0,0
1914,291653855883,0,0
1915,291659309948,1,0
1916,291664501956,1,0
1917,291669590400,1,0
1918,291674689386,1,0
1919,291679780105,1,0
1920,291684868001,1,0
1921,291690064032,1,0
1922,291695183203,1,0
1923,291700274057,0,0
1924,291706144680,1,0
1925,291711249370,0,0
1926,291716907277,0,0
1927,291722545588,1,0
1928,291727604222,1,0
1929,291732713636,0,0
1930,291738357525,0,0
1931,291743889813,0,0
1932,291749507282,0,0
1933,291755420985,0,0
1934,291761181847,0,0
1935,291766834636,1,0
1936,291771977481,0,0
1937,291777440602,0,0
1938,291783160143,0,0
1939,291788902617,1,0
1940,291793993317,0,0
1941,291799561887,1,0
1942,291804598565,1,0
1943,291809665338,1,0
1944,291814739574,0,0
1945,291820420188,0,0
1946,291826068838,1,0
1947,291831160818,0,0
1948,291836953468,0,0
1949,291842606188,1,0
1950,291847776682,0,0
1951,291853441364,1,0
1952,291858794243,1,0
1953,291864018345,1,0
1954,291869136456,0,0
1955,291874711852,1,0
1956,291879843166,0,0
1957,291885488777,0,0
1958,291891030131,1,0
1959,291896122628,1,0
1960,291901219910,1,0
1961,291906267358,0,0
1962,291911954613,1,0
1963,291916988653,1,0
1964,291922049550,0,0
1965,291927647326,0,0
1966,291933262400,1,0
1967,291938458349,1,0
1968,291943736622,1,0
1969,291948803745,1,0
1970,291953856878,0,0
1971,291959382627,0,0
1972,291964968101,1,0
1973,291970047714,1,0
1974,291975058779,1,0
1975,291980170229,1,0
1976,291985217624,0,0
1977,291990755467,0,0
1978,291996290846,0,0
1979,292001971948,0,0
1980,292007549215,0,0
1981,292013216147,0,0
1982,292018780217,0,0
1983,292024371604,0,0
1984,292030063641,1,0
1985,292035159521,0,0
1986,292040868931,1,0
1987,292045941129,1,0
1988,292051062400,0,0
1989,292056465149,1,0
1990,292061740013,0,0
1991,292067373341,0,0
1992,292073083779,0,0
1993,292078478815,0,0
1994,292084131769,1,0
1995,292089222359,0,0
1996,292094879507,0,0
1997,292100402008,0,0
1998,292106066719,1,0
1999,292111177921,0,0
2000,292116971962,1,0
2001,292122147206,1,0
2002,292127365693,1,0
2003,292132725833,1,0
2004,292137943248,0,0
2005,292143745524,1,0
2006,292148876650,0,0
2007,292154507371,1,0
2008,292159646694,1,0
2009,292164861290,1,0
2010,292169934637,0,0
2011,292175846844,1,0
2012,292180982101,0,0
2013,292186562610,1,0
2014,292191779101,1,0
2015,292196906061,0,0
2016,292202570640,1,0
2017,292207809687,1,0
2018,292212854849,1,0
2019,292217907101,0,0
2020,292223611900,0,0
2021,292229221695,0,0
2022,292234985483,0,0
2023,292240753344,1,0
2024,292245686692,0,0
2025,292251290222,1,0
2026,292256404682,1,0
2027,292261469088,1,0
2028,292266551145,0,0
2029,292271973973,0,0
2030,292277221623,0,0
2031,292282452117,0,0
2032,292288187461,1,0
2033,292293318522,1,0
2034,292298525231,1,0
2035,292303655429,0,0
2036,292309386095,0,0
2037,292314997389,1,0
2038,292320142273,1,0
2039,292325459891,0,0
2040,292331196728,0,0
2041,292337050060,1,0
2042,292342159282,1,0
2043,292347220755,1,0
2044,292352207699,1,0
2045,292357229252,0,0
2046,292362863010,0,0
2047,292368317763,0,0
2048,292373858607,0,0
2049,292379462250,1,0
2050,292384664165,0,0
2051,292390370829,1,0
2052,292395613390,0,0
2053,292401221135,0,0
2054,292406749061,0,0
2055,292412293668,1,0
2056,292417417616,1,0
2057,292422694752,0,0
2058,292428413925,1,0
2059,292433729314,0,0
2060,292439554171,0,0
2061,292445203844,0,0
2062,292450615038,0,0
2063,292456261573,1,0
2064,292461473808,1,0
2065,292466800795,0,0
2066,292472292648,0,0
2067,292477845895,1,0
2068,292483029058,1,0
2069,292488140481,0,0
2070,292493535423,1,0
2071,292498666308,0,0
2072,292504234104,0,0
2073,292509791053,0,0
2074,292515255785,0,0
2075,292520845204,1,0
2076,292525942919,1,0
2077,292531038410,1,0
2078,292536070221,1,0
2079,292541271513,1,0
2080,292546555306,1,0
2081,292551724829,0,0
2082,292557275735,0,0
2083,292562814739,0,0
2084,292568246726,0,0
2085,292573888109,1,0
2086,292579071158,1,0
2087,292584231885,1,0
2088,292589343465,1,0
2089,292594586757,1,0
2090,292599828750,1,0
2091,292605022111,0,0
2092,292610805037,0,0
2093,292616209657,1,0
2094,292621597209,0,0
2095,292627205525,0,0
2096,292632588136,0,0
2097,292638069048,1,0
2098,292643235274,0,0
2099,292648545665,1,0
2100,292653721995,0,0
2101,292659048171,1,0
2102,292664180337,0,0
2103,292669437013,1,0
2104,292674549386,0,0
2105,292679989236,0,0
2106,292685428466,0,0
2107,292691198228,1,0
2108,292696203940,0,0
2109,292701976614,1,0
2110,292707161232,0,0
2111,292712633381,0,0
2112,292718274107,0,0
2113,292724046345,1,0
2114,292729152498,0,0
2115,292734791996,1,0
2116,292739923034,1,0
2117,292745026655,0,0
2118,292750496422,0,0
2119,292756169764,1,0
2120,292761253242,0,0
2121,292766925862,0,0
2122,292772458413,0,0
2123,292778236567,1,0
2124,292783441395,1,0
2125,292788679603,0,0
2126,292794423934,0,0
2127,292799988609,1,0
2128,292805057861,1,0
2129,292810047336,0,0
2130,292815595408,1,0
2131,292820796691,0,0
2132,292826468409,1,0
2133,292831518250,1,0
2134,292836618082,0,0
2135,292842195194,1,0
2136,292847258282,0,0
2137,292852987436,0,0
2138,292858995919,0,0
2139,292864755660,1,0
2140,292869852441,1,0
2141,292875179107,0,0
2142,292880669798,1,0
2143,292885898350,0,0
2144,292891594440,0,0
2145,292897172647,1,0
2146,292902427286,0,0
2147,292908020252,0,0
2148,292913216743,1,0
2149,292918435031,1,0
2150,292923645998,0,0
2151,292929205512,1,0
2152,292934386142,1,0
2153,292939647638,1,0
2154,292944813373,1,0
2155,292949925585,1,0
2156,292955062188,0,0
2157,292960603805,0,0
2158,292966110611,0,0
2159,292971667851,1,0
2160,292976791462,1,0
2161,292981912768,1,0
2162,292986964093,0,0
2163,292992397799,0,0
2164,292997984726,1,0
2165,293003042765,0,0
2166,293008574050,0,0
2167,293014082698,1,0
2168,293019224739,1,0
2169,293024418470,1,0
2170,293029569019,1,0
2171,293034728492,1,0
2172,293039859243,0,0
2173,293045444246,0,0
2174,293051112146,0,0
2175,293056752486,1,0
2176,293061902519,1,0
2177,293067072419,1,0
2178,293072260002,1,0
2179,293077498224,1,0
2180,293082627529,1,0
2181,293087807351,0,0
2182,293093293399,0,0
2183,293098836537,0,0
2184,293104406877,1,0
2185,293109634576,0,0
2186,293115552386,0,0
2187,293121207893,1,0
2188,293126212713,0,0
2189,293132059617,0,0
2190,293137783796,1,0
2191,293142884362,0,0
2192,293148335520,1,0
2193,293153492621,0,0
2194,293159067670,0,0
2195,293164867087,0,0
2196,293170248716,1,0
2197,293175462628,1,0
2198,293180822264,0,0
2199,293186205499,0,0
2200,293191573473,1,0
2201,293196762408,1,0
2202,293201821032,1,0
2203,293206894590,1,0
2204,293212015606,0,0
2205,293217320357,1,0
2206,293222466097,0,0
2207,293227740965,1,0
2208,293232819621,1,0
2209,293237893168,1,0
2210,293243015185,1,0
2211,293248110724,0,0
2212,293253408048,0,0
2213,293258690426,1,0
2214,293263769282,0,0
2215,293269529501,0,0
2216,293275409816,0,0
2217,293281128176,1,0
2218,293286303504,1,0
2219,293291566187,1,0
2220,293296865427,0,0
2221,293302465661,1,0
2222,293307532087,0,0
2223,293313061283,0,0
2224,293318735810,1,0
2225,293324067769,0,0
2226,293329799787,1,0
2227,293334893680,1,0
2228,293339945714,0,0
2229,293345366850,1,0
2230,293350581186,1,0
2231,293355823402,0,0
2232,293361320095,0,0
2233,293366949089,0,0
2234,293372792025,1,0
2235,293378054602,0,0
2236,293383651662,1,0
2237,293388824974,0,0
2238,293394445861,0,0
2239,293400054675,1,0
2240,293405254638,1,0
2241,293410419580,0,0
2242,293416075939,1,0
2243,293421267183,1,0
2244,293426425783,1,0
2245,293431656202,1,0
2246,293436804634,1,0
2247,293442162567,1,0
2248,293447423395,0,0
2249,293453065814,0,0
2250,293458742709,0,0
2251,293464209250,0,0
2252,293469775341,0,0
2253,293475405005,0,0
2254,293481055725,1,0
2255,293486142470,1,0
2256,293491227764,0,0
2257,293496896581,0,0
2258,293502445356,1,0
2259,293507609836,1,0
2260,293512664271,0,0
2261,293518250955,0,0
2262,293524039573,1,0
2263,293529224794,1,0
2264,293534310231,1,0
2265,293539679959,0,0
2266,293545067251,1,0
2267,293550193441,0,0
2268,293555706723,0,0
2269,293561272049,0,0
2270,293566810775,1,0
2271,293571942316,0,0
2272,293577439589,0,0
2273,293582641980,1,0
2274,293587806638,1,0
2275,293592834432,1,0
2276,293597903081,1,0
2277,293602966547,0,0
2278,293608273105,0,0
2279,293613584237,1,0
2280,293618748832,1,0
2281,293624093168,0,0
2282,293629745312,1,0
2283,293634867237,0,0
2284,293640246925,0,0
2285,293645711830,1,0
2286,293650799773,1,0
2287,293655845044,0,0
2288,293661355668,1,0
2289,293666569555,0,0
2290,293672050423,1,0
2291,293677066421,1,0
2292,293682192571,1,0
2293,293687157661,1,0
2294,293692181959,0,0
2295,293697536512,1,0
2296,293702576199,0,0
2297,293707814788,1,0
2298,293712825688,1,0
2299,293717868274,0,0
2300,293723172800,0,0
2301,293728456329,0,0
2302,293734061607,1,0
2303,293739050486,0,0
2304,293744633033,1,0
2305,293749775684,0,0
2306,293755535256,0,0
2307,293761410229,0,0
2308,293767073229,0,0
2309,293772924695,1,0
2310,293778237700,1,0
2311,293783446040,0,0
2312,293789065066,0,0
2313,293794691048,0,0
2314,293800467543,1,0
2315,293805687002,1,0
2316,293810800597,1,0
2317,293815852709,1,0
2318,293820957211,0,0
2319,293826763136,0,0
2320,293832605534,0,0
2321,293838441924,0,0
2322,293844114603,1,0
2323,293849244163,0,0
2324,293854772411,1,0
2325,293859864775,0,0
2326,293865427962,1,0
2327,293870491270,1,0
2328,293875625374,1,0
2329,293880808683,1,0
2330,293885916337,0,0
2331,293891557761,0,0
2332,293897429700,0,0
2333,293903060719,0,0
2334,293908655525,0,0
2335,293914230102,1,0
2336,293919450442,1,0
2337,293924609694,1,0
2338,293929829890,0,0
2339,293935351192,0,0
2340,293940934987,1,0
2341,293946051142,1,0
2342,293951253150,0,0
2343,293956664495,0,0
2344,293962313185,0,0
2345,293967930079,0,0
2346,293973544844,0,0
2347,293979380907,0,0
2348,293984889587,0,0
2349,293990514715,1,0
2350,293995628887,1,0
2351,294000731047,1,0
2352,294005991707,0,0
2353,294011615564,1,0
2354,294016757835,0,0
2355,294022333630,0,0
2356,294027985495,1,0
2357,294033061649,1,0
2358,294038150080,1,0
2359,294043253918,1,0
2360,294048464879,0,0
2361,294054083107,0,0
2362,294059727612,1,0
2363,294064857381,0,0
2364,294070382730,1,0
2365,294075569905,0,0
2366,294081277595,1,0
2367,294086456272,1,0
2368,294091615382,1,0
2369,294096719260,1,0
2370,294101769301,0,0
2371,294107306241,1,0
2372,294112482517,1,0
2373,294117537420,1,0
2374,294122686819,0,0
2375,294128213349,0,0
2376,294133964554,0,0
2377,294139374244,0,0
2378,294145332476,0,0
2379,294150973292,0,0
2380,294156451783,0,0
2381,294162067071,0,0
2382,294167655340,1,0
2383,294172809445,0,0
2384,294178336180,0,0
2385,294184037674,0,0
2386,294189614365,0,0
2387,294195237805,1,0
2388,294200453967,1,0
2389,294205695925,1,0
2390,294210846385,1,0
2391,294216031242,0,0
2392,294221667519,1,0
2393,294226963107,1,0
2394,294232051245,0,0
2395,294237576237,0,0
2396,294243408535,0,0
2397,294249123522,1,0
2398,294254227297,1,0
2399,294259379566,1,0
2400,294264606590,1,0
2401,294269727035,0,0
2402,294275206003,0,0
2403,294280674266,0,0
2404,294286463122,0,0
2405,294292062417,0,0
2406,294297600918,0,0
2407,294303112135,0,0
2408,294308577811,1,0
2409,294313701762,1,0
2410,294319145785,1,0
2411,294324180427,0,0
2412,294330057551,1,0
2413,294335194708,0,0
2414,294340948622,1,0
2415,294346064021,1,0
2416,294351122613,1,0
2417,294356200790,1,0
2418,294361230651,1,0
2419,294366266380,0,0
2420,294371960851,0,0
2421,294377569579,0,0
2422,294383216250,0,0
2423,294388862409,1,0
2424,294393889358,0,0
2425,294399419718,0,0
2426,294405018911,0,0
2427,294410634831,1,0
2428,294415670028,1,0
2429,294420784037,0,0
2430,294426317080,0,0
2431,294432020455,1,0
2432,294437064937,1,0
2433,294442200808,0,0
2434,294447908525,0,0
2435,294453515761,1,0
2436,294458586274,1,0
2437,294463653397,0,0
2438,294469267834,0,0
2439,294474950892,1,0
2440,294480050478,1,0
2441,294485127503,0,0
2442,294490837093,1,0
2443,294495918956,0,0
2444,294501434954,1,0
2445,294506647921,1,0
2446,294511705852,1,0
2447,294516819181,1,0
2448,294521921160,1,0
2449,294527021148,0,0
2450,294532525432,0,0
2451,294538302874,1,0
2452,294543606749,0,0
2453,294549350489,1,0
2454,294554526990,0,0
2455,294560445310,1,0
2456,294565726327,1,0
2457,294570923861,0,0
2458,294576622829,0,0
2459,294582384034,1,0
2460,294587625709,0,0
2461,294593334885,0,0
2462,294599132669,1,0
2463,294604202648,0,0
2464,294609811028,1,0
2465,294614909743,0,0
2466,294620467989,0,0
2467,294626282994,0,0
2468,294632163820,1,0
2469,294637425604,1,0
2470,294642679227,0,0
2471,294648415236,0,0
2472,294654040145,1,0
2473,294659150640,1,0
2474,294664291309,0,0
2475,294669875506,1,0
2476,294674980193,1,0
2477,294680171675,1,0
2478,294685421124,0,0
2479,294690980180,0,0
2480,294696496931,1,0
2481,294701639648,1,0
2482,294706828994,0,0
2483,294712211473,0,0
2484,294717927554,1,0
2485,294723054274,1,0
2486,294728198493,0,0
2487,294733905952,1,0
2488,294739043336,1,0
2489,294744132374,0,0
2490,294749844429,1,0
2491,294755019603,1,0
2492,294760058439,1,0
2493,294765175865,1,0
2494,294770215769,0,0
2495,294775953150,1,0
2496,294781206246,0,0
2497,294786955142,0,0
2498,294792772932,1,0
2499,294797909251,0,0
2500,294803470060,1,0
2501,294808664789,1,0
2502,294813656407,0,0
2503,294819105697,1,0
2504,294824234711,1,0
2505,294829388297,1,0
2506,294834623151,0,0
2507,294840315472,1,0
2508,294845489155,0,0
2509,294851141730,1,0
2510,294856249799,1,0
2511,294861313061,0,0
2512,294867071024,0,0
2513,294872453179,0,0
2514,294878204541,0,0
2515,294883945866,1,0
2516,294889065425,1,0
2517,294894162281,1,0
2518,294899231234,0,0
2519,294904904044,0,0
2520,294910335794,0,0
2521,294915988189,1,0
2522,294921057204,1,0
2523,294926185134,0,0
2524,294931991439,1,0
2525,294937062147,1,0
2526,294942124934,0,0
2527,294947964384,1,0
2528,294953193284,1,0
2529,294958059777,1,0
2530,294963141755,1,0
2531,294968234246,1,0
2532,294973395403,1,0
2533,294978526151,0,0
2534,294984376217,1,0
2535,294989609763,1,0
2536,294994685897,1,0
2537,294999750109,1,0
2538,295004765120,0,0
2539,295010318692,0,0
2540,295015877632,1,0
2541,295020968297,1,0
2542,295026030140,0,0
2543,295031528185,1,0
2544,295036697705,0,0
2545,295045271442,0,0
2546,295051076230,0,0
2547,295056581072,0,0
2548,295062142168,1,0
2549,295067353607,0,0
2550,295072941045,1,0
2551,295078159211,0,0
2552,295083623853,1,0
2553,295088804544,1,0
2554,295093936847,1,0
2555,295099049821,1,0
2556,295104161380,1,0
2557,295109298076,1,0
2558,295114456836,1,0
2559,295119568804,0,0
2560,295125033086,1,0
2561,295130164375,1,0
2562,295135300886,1,0
2563,295140418491,1,0
2564,295145466199,1,0
2565,295150541312,1,0
2566,295155673961,1,0
2567,295160825205,0,0
2568,295166115346,0,0
2569,295171677761,0,0
2570,295177152973,0,0
2571,295182826098,0,0
2572,295188519070,0,0
2573,295194053176,1,0
2574,295199070042,1,0
2575,295204213854,0,0
2576,295210040425,1,0
2577,295215053661,0,0
2578,295220786811,0,0
2579,295226259341,1,0
2580,295231293978,1,0
2581,295236478669,0,0
2582,295242313331,0,0
2583,295248018744,0,0
2584,295253726827,0,0
2585,295259479792,1,0
2586,295264885426,1,0
2587,295270128843,0,0
2588,295275605954,1,0
2589,295280695738,0,0
2590,295286326976,0,0
2591,295292087313,1,0
2592,295297377249,0,0
2593,295303162139,1,0
2594,295308366465,0,0
2595,295314077160,1,0
2596,295319206959,1,0
2597,295324310281,1,0
2598,295329509089,1,0
2599,295334642857,1,0
2600,295339758669,1,0
2601,295344844084,0,0
2602,295350338074,0,0
2603,295355909862,0,0
2604,295361562840,1,0
2605,295366705228,0,0
2606,295372132526,1,0
2607,295377276082,0,0
2608,295382881534,0,0
2609,295388475726,0,0
2610,295394293439,1,0
2611,295399485352,1,0
2612,295404784124,0,0
2613,295410285739,1,0
2614,295415640684,1,0
2615,295420740171,0,0
2616,295426364544,1,0
2617,295431616786,1,0
2618,295436805700,0,0
2619,295442360358,1,0
2620,295447629878,0,0
2621,295453231140,1,0
2622,295458438183,0,0
2623,295463891445,0,0
2624,295469223737,1,0
2625,295474279244,0,0
2626,295479643132,1,0
2627,295484838009,0,0
2628,295490448209,0,0
2629,295495926201,1,0
2630,295501090972,1,0
2631,295506228786,1,0
2632,295511319378,1,0
2633,295516516531,0,0
2634,295522173691,0,0
2635,295527876494,1,0
2636,295533157938,1,0
2637,295538409651,1,0
2638,295544037189,0,0
2639,295549949147,0,0
2640,295555593197,1,0
2641,295561070160,1,0
2642,295566189735,0,0
2643,295571752260,0,0
2644,295577257046,0,0
2645,295583024110,1,0
2646,295588246014,1,0
2647,295593465270,0,0
2648,295599253909,0,0
2649,295604990993,0,0
2650,295610482036,0,0
2651,295616069236,0,0
2652,295622046274,0,0
2653,295627542057,1,0
2654,295632870950,0,0
2655,295638570093,0,0
2656,295644330094,1,0
2657,295649513234,0,0
2658,295655187354,1,0
2659,295660264156,0,0
2660,295665960947,0,0
2661,295671533575,1,0
2662,295676583612,0,0
2663,295682198101,1,0
2664,295687281167,0,0
2665,295692941593,1,0
2666,295698064213,0,0
2667,295703964762,1,0
2668,295709105184,1,0
2669,295714172742,1,0
2670,295719276969,0,0
2671,295724902481,0,0
2672,295730324201,1,0
2673,295735409409,1,0
2674,295740505104,0,0
2675,295745988091,1,0
2676,295751140365,0,0
2677,295756853299,0,0
2678,295762391338,0,0
2679,295767867431,0,0
2680,295773308284,1,0
2681,295778372593,0,0
2682,295784105715,0,0
2683,295789719068,0,0
2684,295795317943,0,0
2685,295801066362,0,0
2686,295806722419,1,0
2687,295811865119,0,0
2688,295817450375,1,0
2689,295822609786,0,0
2690,295828261602,1,0
2691,295833447651,0,0
2692,295839056222,1,0
2693,295844159385,0,0
2694,295849974503,0,0
2695,295855677592,0,0
2696,295861356184,1,0
2697,295866470781,0,0
2698,295871974137,1,0
2699,295877049841,0,0
2700,295882642815,1,0
2701,295887812044,0,0
2702,295893390973,1,0
2703,295898668648,0,0
2704,295904338233,0,0
2705,295910025564,1,0
2706,295915063023,0,0
2707,295920830173,0,0
2708,295926377812,0,0
2709,295932061354,1,0
2710,295937208075,0,0
2711,295942860872,1,0
2712,295947958681,0,0
2713,295953536816,0,0
2714,295959178799,1,0
2715,295964346350,0,0
2716,295970019223,0,0
2717,295975647931,1,0
2718,295980736701,0,0
2719,295986355209,1,0
2720,295991556119,1,0
2721,295996674124,1,0
2722,296001736121,0,0
2723,296007376333,0,0
2724,296013043045,1,0
2725,296018065126,0,0
2726,296023602539,0,0
2727,296029254976,0,0
2728,296034794911,1,0
2729,296039894613,1,0
2730,296044965295,1,0
2731,296050049716,0,0
2732,296055914969,0,0
2733,296061231826,1,0
2734,296066249176,0,0
2735,296071793634,0,0
2736,296077354688,1,0
2737,296082553449,1,0
2738,296087633520,0,0
2739,296093281043,1,0
2740,296098460262,1,0
2741,296103603131,0,0
2742,296109201445,1,0
2743,296114216471,0,0
2744,296119827080,0,0
2745,296125490686,0,0
2746,296131112949,1,0
2747,296136183326,1,0
2748,296141255567,0,0
2749,296146980424,1,0
2750,296152063811,0,0
2751,296157804594,1,0
2752,296162980551,0,0
2753,296168556632,0,0
2754,296174194376,1,0
2755,296179236791,0,0
2756,296184631710,1,0
2757,296189704996,1,0
2758,296194849767,1,0
2759,296199987619,1,0
2760,296205059567,0,0
2761,296210776666,0,0
2762,296216340300,1,0
2763,296221551530,0,0
2764,296227222947,1,0
2765,296232191941,1,0
2766,296237213668,0,0
2767,296242918763,0,0
2768,296248460877,0,0
2769,296254055672,1,0
2770,296259054384,0,0
2771,296264616962,0,0
2772,296270328839,1,0
2773,296275413017,1,0
2774,296280508616,0,0
2775,296286116693,0,0
2776,296291925120,1,0
2777,296297016043,0,0
2778,296302537219,0,0
2779,296308279611,1,0
2780,296313515271,1,0
2781,296318782775,1,0
2782,296323945692,1,0
2783,296329016967,1,0
2784,296334064565,0,0
2785,296339775556,0,0
2786,296345304227,0,0
2787,296351123832,1,0
2788,296356214417,1,0
2789,296361268214,1,0
2790,296366466225,0,0
2791,296372253665,0,0
2792,296377703235,1,0
2793,296382890141,1,0
2794,296388040261,0,0
2795,296393666275,0,0
2796,296399228381,1,0
2797,296404244700,0,0
2798,296409858550,1,0
2799,296414991869,0,0
2800,296420525735,1,0
2801,296425824136,0,0
2802,296431344176,1,0
2803,296436507934,1,0
2804,296441825931,1,0
2805,296446928940,1,0
2806,296452138993,0,0
2807,296458038280,1,0
2808,296463119618,1,0
2809,296468235315,0,0
2810,296473967827,1,0
2811,296478935620,1,0
2812,296484025844,0,0
2813,296489509350,0,0
2814,296495051179,0,0
2815,296500664168,1,0
2816,296505735265,0,0
2817,296511266032,1,0
2818,296516262483,0,0
2819,296521665521,1,0
2820,296526706952,0,0
2821,296532348074,1,0
2822,296537583982,1,0
2823,296542705012,1,0
2824,296547780915,1,0
2825,296552861701,0,0
2826,296558217372,1,0
2827,296563297966,1,0
2828,296568479678,0,0
2829,296574066196,1,0
2830,296579161334,1,0
2831,296584257217,1,0
2832,296589473782,1,0
2833,296594633452,0,0
2834,296600218257,0,0
2835,296605827630,0,0
2836,296611337708,0,0
2837,296617122482,1,0
2838,296622222062,0,0
2839,296627909857,0,0
2840,296633639520,1,0
2841,296638799955,1,0
2842,296643951325,1,0
2843,296649085574,0,0
2844,296654924430,0,0
2845,296660731585,0,0
2846,296666336485,0,0
2847,296672056129,1,0
2848,296677050787,1,0
2849,296682256860,1,0
2850,296687494956,1,0
2851,296692665305,0,0
2852,296698387848,1,0
2853,296703591904,0,0
2854,296709529108,0,0
2855,296715372319,0,0
2856,296721419024,1,0
2857,296726586863,1,0
2858,296731683894,1,0
2859,296736744002,1,0
2860,296741795275,0,0
2861,296747317862,0,0
2862,296753023772,1,0
2863,296758217204,1,0
2864,296763172817,0,0
2865,296769069603,0,0
2866,296774752215,1,0
2867,296779973537,0,0
2868,296785581624,0,0
2869,296791304621,1,0
2870,296796491902,0,0
2871,296802058619,0,0
2872,296807502611,1,0
2873,296812516463,1,0
2874,296817761673,0,0
2875,296823432799,1,0
2876,296828558773,0,0
2877,296834255174,0,0
2878,296839928452,0,0
2879,296845472262,0,0
2880,296851121991,1,0
2881,296856318493,0,0
2882,296862044608,1,0
2883,296867367078,1,0
2884,296872656476,0,0
2885,296878595415,1,0
2886,296883894293,0,0
2887,296889876473,0,0
2888,296895654185,0,0
2889,296901183149,1,0
2890,296906222383,0,0
2891,296911630332,1,0
2892,296916782258,0,0
2893,296922584791,1,0
2894,296927792302,0,0
2895,296933595501,1,0
2896,296938630729,0,0
2897,296944416347,1,0
2898,296949509906,0,0
2899,296955253237,1,0
2900,296960520982,1,0
2901,296965741334,1,0
2902,296970924368,1,0
2903,296976053716,1,0
2904,296981161383,1,0
2905,296986240534,1,0
2906,296991510233,1,0
2907,296996828036,0,0
2908,297002250370,1,0
2909,297007311058,1,0
2910,297012339620,1,0
2911,297017603014,1,0
2912,297022761120,0,0
2913,297028582743,0,0
2914,297034414931,1,0
2915,297039591870,1,0
2916,297044699297,1,0
2917,297049814170,1,0
2918,297054944790,1,0
2919,297060030577,0,0
2920,297065860082,1,0
2921,297070924097,1,0
2922,297076038109,1,0
2923,297081052848,1,0
2924,297086470379,0,0
2925,297092083184,1,0
2926,297097225050,0,0
2927,297103024100,1,0
2928,297108145457,0,0
2929,297113552507,0,0
2930,297119389077,1,0
2931,297124520358,0,0
2932,297130056495,0,0
2933,297135496387,1,0
2934,297140639171,1,0
2935,297145784280,0,0
2936,297151497870,0,0
2937,297157167764,0,0
2938,297162670816,0,0
2939,297168339293,0,0
2940,297174125345,1,0
2941,297179239800,1,0
2942,297184262979,0,0
2943,297189676787,1,0
2944,297194814303,0,0
2945,297200657828,1,0
2946,297205816956,0,0
2947,297211584074,0,0
2948,297217137030,0,0
2949,297222627451,0,0
2950,297228319920,1,0
2951,297233527332,0,0
2952,297239438555,1,0
2953,297244871456,0,0
2954,297250532253,0,0
2955,297256285736,0,0
2956,297262080776,1,0
2957,297267435845,0,0
2958,297272793914,1,0
2959,297277996272,0,0
2960,297283526061,0,0
2961,297289153875,1,0
2962,297294164621,0,0
2963,297299609359,1,0
2964,297304933781,1,0
2965,297310056831,1,0
2966,297315154064,1,0
2967,297320296057,1,0
2968,297325705530,0,0
2969,297331061261,0,0
2970,297336538840,0,0
2971,297342019680,0,0
2972,297347346387,0,0
2973,297353028982,0,0
2974,297358840304,1,0
2975,297363945440,0,0
2976,297369400438,0,0
2977,297374720598,0,0
2978,297380313086,0,0
2979,297385934412,1,0
2980,297391027747,1,0
2981,297396630099,0,0
2982,297402064735,1,0
2983,297407230554,0,0
2984,297412890047,1,0
2985,297418033728,1,0
2986,297423103781,1,0
2987,297428264617,1,0
2988,297433435049,0,0
2989,297439328465,1,0
2990,297444553926,1,0
2991,297449729438,1,0
2992,297454801630,1,0
2993,297459896795,0,0
2994,297465226168,0,0
2995,297470553644,0,0
2996,297475939313,0,0
2997,297481173985,0,0
2998,297486677274,0,0
2999,297492357333,1,0
3000,297497602731,1,0
3001,297502995668,1,0
3002,297508060298,1,0
3003,297513236213,1,0
3004,297518478013,0,0
3005,297524159762,0,0
3006,297529893989,1,0
3007,297534961589,0,0
3008,297540690807,1,0
3009,297545857315,1,0
3010,297551059117,1,0
3011,297556164018,0,0
3012,297562076321,0,0
3013,297567943944,0,0
3014,297573486914,0,0
3015,297579034112,1,0
3016,297584049858,1,0
3017,297589152144,0,0
3018,297594986083,0,0
3019,297600826213,0,0
3020,297606670972,0,0
3021,297612549437,0,0
3022,297618296449,0,0
3023,297624259786,1,0
3024,297629451103,0,0
3025,297635209734,0,0
3026,297640842350,0,0
3027,297646426508,1,0
3028,297651548339,0,0
3029,297657543612,1,0
3030,297662738468,1,0
3031,297667922792,0,0
3032,297673585726,0,0
3033,297679343251,1,0
3034,297684589883,1,0
3035,297689693111,0,0
3036,297695383450,0,0
3037,297701059039,1,0
3038,297706124764,1,0
3039,297711207573,1,0
3040,297716291021,0,0
3041,297722125564,1,0
3042,297727167610,0,0
3043,297732711448,1,0
3044,297737766054,0,0
3045,297743426637,1,0
3046,297748490292,1,0
3047,297753579241,0,0
3048,297759338466,0,0
3049,297765223718,0,0
3050,297770986630,0,0
3051,297776539708,0,0
3052,297782173268,0,0
3053,297787720738,0,0
3054,297793446474,1,0
3055,297798542654,1,0
3056,297803726360,0,0
3057,297809201412,0,0
3058,297814408653,1,0
3059,297819484682,1,0
3060,297824543146,0,0
3061,297829789395,1,0
3062,297834912034,0,0
3063,297840268830,0,0
3064,297845862642,1,0
3065,297850926677,1,0
3066,297856016887,1,0
3067,297861043458,1,0
3068,297866113571,1,0
3069,297871202862,0,0
3070,297876693924,1,0
3071,297881768729,0,0
3072,297887113530,1,0
3073,297892188627,0,0
3074,297897424060,0,0
3075,297902708496,0,0
3076,297908016743,0,0
3077,297913205843,1,0
3078,297918247540,1,0
3079,297923284432,0,0
3080,297928657615,1,0
3081,297933702744,0,0
3082,297939055603,0,0
3083,297944465566,1,0
3084,297949494551,0,0
3085,297954616603,0,0
3086,297960043583,0,0
3087,297965399167,1,0
3088,297970443609,0,0
3089,297975759199,0,0
3090,297981043149,0,0
3091,297986295771,1,0
3092,297991324242,0,0
3093,297996698532,1,0
3094,298001881732,1,0
3095,298007040850,0,0
3096,298012634045,1,0
3097,298017976749,0,0
3098,298023396670,0,0
3099,298028820005,1,0
3100,298033940166,0,0
3101,298039362605,1,0
3102,298044685327,1,0
3103,298049726798,1,0
3104,298054721542,1,0
3105,298059727629,0,0
3106,298065045122,1,0
3107,298070125199,1,0
3108,298075224926,0,0
3109,298080617108,0,0
3110,298086039275,0,0
3111,298091508361,1,0
3112,298096527312,0,0
3113,298101930496,1,0
3114,298106995091,1,0
3115,298112097190,0,0
3116,298117601850,1,0
3117,298122748939,1,0
3118,298127826079,0,0
3119,298133153953,1,0
3120,298138268855,0,0
3121,298143809479,0,0
3122,298149301915,1,0
3123,298154452624,0,0
3124,298160064862,1,0
3125,298165229491,0,0
3126,298170839501,1,0
3127,298176019106,0,0
3128,298181516945,1,0
3129,298186611961,1,0
3130,298191798987,1,0
3131,298196855079,0,0
3132,298202275867,0,0
3133,298207721821,1,0
3134,298212886694,1,0
3135,298218221154,1,0
3136,298223276200,0,0
3137,298229035649,0,0
3138,298234560676,1,0
3139,298239720103,0,0
3140,298245443263,0,0
3141,298251134060,1,0
3142,298256324328,0,0
3143,298261938451,1,0
3144,298267054996,0,0
3145,298272415907,1,0
3146,298277647176,0,0
3147,298283112666,0,0
3148,298288594399,0,0
3149,298293975929,1,0
3150,298299043783,0,0
3151,298304540864,1,0
3152,298309718316,0,0
3153,298315042515,1,0
3154,298320164147,0,0
3155,298325547285,0,0
3156,298331047823,0,0
3157,298336399156,0,0
3158,298341685609,0,0
3159,298347035796,1,0
3160,298352081959,1,0
3161,298357307244,1,0
3162,298362328392,0,0
3163,298367774359,1,0
3164,298375864862,0,0
3165,298381497734,1,0
3166,298386869007,0,0
3167,298392403898,1,0
3168,298397591890,0,0
3169,298402907281,1,0
3170,298408088423,1,0
3171,298413278834,1,0
3172,298418433401,0,0
3173,298423708720,1,0
3174,298428838715,0,0
3175,298434211165,0,0
3176,298439731377,1,0
3177,298444830336,0,0
3178,298450255532,1,0
3179,298455346430,1,0
3180,298460501177,0,0
3181,298466121702,0,0
3182,298471625414,1,0
3183,298476795089,0,0
3184,298482301878,1,0
3185,298487397693,0,0
3186,298492842313,1,0
3187,298497973724,0,0
3188,298503552072,1,0
3189,298508669587,0,0
3190,298514396571,0,0
3191,298520095202,1,0
3192,298525312552,0,0
3193,298530934694,0,0
3194,298536477475,0,0
3195,298542291227,0,0
3196,298548025451,0,0
3197,298553677787,1,0
3198,298558778848,1,0
3199,298563919073,0,0
3200,298569515981,0,0
3201,298575066729,1,0
3202,298580230513,0,0
3203,298585936501,1,0
3204,298591066508,0,0
3205,298596836058,0,0
3206,298602397489,0,0
3207,298608249981,0,0
3208,298613897519,0,0
3209,298619395663,1,0
3210,298624549723,1,0
3211,298629808123,0,0
3212,298635575578,1,0
3213,298640697191,1,0
3214,298645864032,0,0
3215,298651277194,1,0
3216,298656416124,1,0
3217,298661559046,0,0
3218,298667116816,0,0
3219,298672829338,0,0
3220,298678343461,0,0
3221,298683932662,0,0
3222,298689540019,1,0
3223,298694764719,1,0
3224,298699877043,1,0
3225,298704829794,0,0
3226,298710437343,0,0
3227,298716214190,1,0
3228,298721340980,0,0
3229,298726983574,1,0
3230,298732189256,0,0
3231,298737845865,1,0
3232,298742921188,1,0
3233,298748029419,0,0
3234,298753513088,0,0
3235,298759155438,0,0
3236,298764956020,0,0
3237,298770584584,1,0
3238,298775735752,0,0
3239,298781440763,1,0
3240,298786594723,1,0
3241,298791948196,0,0
3242,298797596203,0,0
3243,298803348850,1,0
3244,298808638227,1,0
3245,298813783340,0,0
3246,298819465042,1,0
3247,298824553596,0,0
3248,298830441668,1,0
3249,298835866005,1,0
3250,298840922137,1,0
3251,298846022764,0,0
3252,298851779642,0,0
3253,298857438011,1,0
3254,298862657508,1,0
3255,298867765338,0,0
3256,298873365132,0,0
3257,298879128995,1,0
3258,298884245890,1,0
3259,298889305459,0,0
3260,298895064981,0,0
3261,298900602278,1,0
3262,298905718907,1,0
3263,298910849357,1,0
3264,298915882552,0,0
3265,298921251037,1,0
3266,298926412572,1,0
3267,298931433260,0,0
3268,298937031325,0,0
3269,298942700866,0,0
3270,298948597129,0,0
3271,298954457300,1,0
3272,298959569900,1,0
3273,298964983312,1,0
3274,298970058025,0,0
3275,298975681746,0,0
3276,298981301542,0,0
3277,298987116630,1,0
3278,298992203707,1,0
3279,298997285837,0,0
3280,299003137243,1,0
3281,299008241195,1,0
3282,299013489250,0,0
3283,299019275136,0,0
3284,299024941366,1,0
3285,299030163393,0,0
3286,299036037081,0,0
3287,299041585271,0,0
3288,299047214920,1,0
3289,299052202975,0,0
3290,299057850113,1,0
3291,299063082384,0,0
3292,299068671624,0,0
3293,299074444013,0,0
3294,299079828004,1,0
3295,299084898152,1,0
3296,299089949104,0,0
3297,299095527767,0,0
3298,299101058146,0,0
3299,299106829719,0,0
3300,299112435259,0,0
3301,299117978053,0,0
3302,299123466157,1,0
3303,299128725144,0,0
3304,299134310200,1,0
3305,299139441050,0,0
3306,299145002173,1,0
3307,299150129961,1,0
3308,299155282245,1,0
3309,299160531167,1,0
3310,299165723948,1,0
3311,299171194830,0,0
3312,299176572462,1,0
3313,299181674614,1,0
3314,299186715045,1,0
3315,299191951916,0,0
3316,299197306109,0,0
3317,299203121878,0,0
3318,299208774829,0,0
3319,299214150131,1,0
3320,299219270233,1,0
3321,299224326107,0,0
3322,299229739037,1,0
3323,299234901879,0,0
3324,299240561460,0,0
3325,299246121039,1,0
3326,299251227030,0,0
3327,299256978275,1,0
3328,299262087918,0,0
3329,299267854887,0,0
3330,299273436785,0,0
3331,299279080562,0,0
3332,299284447759,0,0
3333,299290054069,0,0
3334,299295590643,0,0
3335,299301326905,1,0
3336,299306693696,0,0
3337,299312294438,1,0
3338,299317560325,1,0
3339,299322741814,1,0
3340,299327854144,1,0
3341,299332989274,1,0
3342,299338060958,0,0
3343,299343602020,1,0
3344,299348727863,1,0
3345,299354060943,0,0
3346,299359759231,1,0
3347,299364867068,1,0
3348,299370063702,0,0
3349,299375697444,0,0
3350,299381296595,0,0
3351,299386947470,1,0
3352,299392058662,1,0
3353,299397070227,0,0
3354,299402742121,1,0
3355,299407918683,1,0
3356,299413143147,0,0
3357,299418904622,0,0
3358,299424692483,1,0
3359,299429921094,0,0
3360,299435452300,0,0
3361,299441153536,0,0
3362,299446982199,1,0
3363,299452077379,0,0
3364,299457649581,0,0
3365,299463346479,1,0
3366,299468543819,1,0
3367,299473558728,0,0
3368,299479202183,0,0
3369,299484642977,0,0
3370,299490417278,1,0
3371,299495617926,1,0
3372,299500690018,1,0
3373,299505762794,0,0
3374,299511399958,0,0
3375,299517119661,1,0
3376,299522216500,1,0
3377,299527484511,0,0
3378,299533203514,1,0
3379,299538336663,1,0
3380,299543639009,0,0
3381,299549422298,1,0
3382,299554698627,1,0
3383,299560065568,1,0
3384,299565230086,0,0
3385,299570614519,1,0
3386,299575741181,0,0
3387,299581307368,0,0
3388,299587034323,1,0
3389,299592032190,0,0
3390,299597714409,1,0
3391,299602805753,1,0
3392,299607932863,0,0
3393,299613578856,1,0
3394,299618922916,0,0
3395,299624834367,0,0
3396,299630656976,0,0
3397,299636493049,1,0
3398,299641566294,1,0
3399,299646725745,0,0
3400,299652331047,0,0
3401,299658244346,1,0
3402,299663428332,1,0
3403,299668587613,1,0
3404,299673876882,0,0
3405,299679630283,1,0
3406,299684839333,1,0
3407,299690376998,0,0
3408,299696085531,0,0
3409,299701832547,0,0
3410,299707591155,0,0
3411,299713290561,1,0
3412,299718560703,1,0
3413,299723635563,0,0
3414,299729557536,0,0
3415,299735288378,1,0
3416,299740621681,0,0
3417,299746453605,1,0
3418,299751675927,1,0
3419,299756980539,1,0
3420,299762050811,1,0
3421,299767114686,0,0
3422,299772746090,0,0
3423,299778305185,1,0
3424,299783464173,1,0
3425,299788682306,1,0
3426,299793789332,0,0
3427,299799311830,1,0
3428,299804542663,0,0
3429,299810232145,1,0
3430,299815299435,0,0
3431,299820787984,0,0
3432,299826344824,0,0
3433,299832086953,0,0
3434,299837490213,1,0
3435,299842819830,0,0
3436,299848427735,1,0
3437,299853927910,0,0
3438,299859432379,1,0
3439,299864560867,0,0
3440,299870156760,0,0
3441,299875848193,0,0
3442,299881575957,0,0
3443,299887322621,1,0
3444,299892449967,0,0
3445,299898068646,0,0
3446,299903574182,0,0
3447,299909257367,0,0
3448,299914816445,1,0
3449,299919892074,0,0
3450,299925424866,1,0
3451,299930485338,0,0
3452,299936057405,0,0
3453,299941595000,0,0
3454,299947254746,0,0
3455,299952689471,0,0
3456,299958346415,1,0
3457,299963582663,1,0
3458,299968638036,0,0
3459,299974340526,0,0
3460,299980017206,0,0
3461,299985470415,1,0
3462,299990540747,1,0
3463,299995830658,1,0
3464,300000948578,0,0
3465,300006662300,0,0
3466,300012562537,0,0
3467,300018299237,0,0
3468,300024032503,1,0
3469,300029249135,1,0
3470,300034443437,0,0
3471,300040072364,0,0
3472,300045598616,0,0
3473,300051460267,1,0
3474,300056598354,0,0
3475,300062558419,0,0
3476,300068254470,0,0
3477,300073932428,1,0
3478,300079085703,0,0
3479,300084702634,0,0
3480,300090338213,1,0
3481,300095561302,0,0
3482,300101057026,1,0
3483,300106180550,1,0
3484,300111207153,0,0
3485,300116990511,1,0
3486,300122062718,0,0
3487,300127711661,1,0
3488,300132794133,1,0
3489,300137907126,1,0
3490,300143075161,1,0
3491,300148149289,1,0
3492,300153259470,1,0
3493,300158460939,1,0
3494,300163643063,0,0
3495,300169212458,1,0
3496,300174250203,1,0
3497,300179494017,0,0
3498,300185049937,1,0
3499,300190228307,1,0
3500,300198842619,0,0
3501,300204455426,1,0
3502,300209542700,0,0
3503,300215043057,1,0
3504,300220074902,0,0
3505,300225549260,0,0
3506,300231050830,0,0
3507,300236305017,1,0
3508,300241576832,1,0
3509,300247036942,1,0
3510,300252240473,1,0
3511,300257302300,1,0
3512,300262559501,0,0
3513,300268021826,0,0
3514,300273301717,1,0
3515,300278512889,0,0
3516,300283978620,0,0
3517,300289475609,1,0
3518,300294569586,0,0
3519,300299863459,0,0
3520,300305195928,1,0
3521,300310247268,1,0
3522,300315310380,0,0
3523,300320756254,0,0
3524,300326106795,1,0
3525,300331166156,0,0
3526,300336551400,0,0
3527,300342046364,1,0
3528,300347109738,1,0
3529,300352215618,0,0
3530,300357763294,0,0
3531,300363211490,0,0
3532,300368787478,0,0
3533,300374351542,1,0
3534,300379463338,0,0
3535,300384944881,0,0
3536,300390408027,1,0
3537,300395483477,1,0
3538,300400715558,0,0
3539,300406355670,1,0
3540,300411444381,1,0
3541,300416648579,0,0
3542,300422247238,0,0
3543,300427540433,0,0
3544,300433066431,0,0
3545,300438539266,1,0
3546,300443625385,1,0
3547,300448822692,0,0
3548,300454475268,0,0
3549,300460250983,1,0
3550,300465517681,1,0
3551,300470733500,1,0
3552,300475806572,0,0
3553,300481351637,1,0
3554,300486508474,1,0
3555,300491617098,0,0
3556,300497395189,1,0
3557,300502594344,1,0
3558,300507677403,1,0
3559,300512785813,1,0
3560,300518166492,1,0
3561,300523307880,0,0
3562,300529060396,1,0
3563,300534073304,1,0
3564,300539311105,1,0
3565,300544454966,1,0
3566,300549732203,0,0
3567,300555405991,0,0
3568,300561135959,0,0
3569,300566752647,1,0
3570,300571811787,1,0
3571,300576924116,0,0
3572,300582423207,0,0
3573,300587880828,0,0
3574,300593372450,1,0
3575,300598460461,0,0
3576,300603937242,1,0
3577,300609056783,1,0
3578,300614150995,1,0
3579,300619248930,1,0
3580,300624300168,1,0
3581,300629485695,1,0
3582,300634659078,1,0
3583,300639953718,1,0
3584,300645052573,0,0
3585,300650484934,1,0
3586,300655690886,1,0
3587,300661025029,1,0
3588,300666296299,1,0
3589,300671463949,0,0
3590,300677176739,1,0
3591,300682213419,1,0
3592,300687266160,0,0
3593,300693042066,1,0
3594,300698358571,0,0
3595,300703826988,1,0
3596,300708979328,1,0
3597,300714067722,1,0
3598,300719139597,1,0
3599,300724437832,0,0
3600,300729927452,0,0
3601,300735543364,1,0
3602,300740593712,0,0
3603,300746185205,1,0
3604,300751228147,0,0
3605,300757020592,1,0
3606,300762054995,0,0
3607,300767654408,0,0
3608,300773437215,0,0
3609,300779131247,0,0
3610,300784930417,0,0
3611,300790624417,1,0
3612,300796116032,1,0
3613,300801261401,1,0
3614,300806470148,0,0
3615,300812144051,1,0
3616,300817225852,0,0
3617,300822688798,0,0
3618,300828178362,1,0
3619,300833264915,1,0
3620,300838342674,1,0
3621,300843441823,1,0
3622,300848482996,1,0
3623,300853575719,1,0
3624,300858710199,0,0
3625,300864349220,1,0
3626,300869645109,1,0
3627,300874986712,0,0
3628,300880454657,1,0
3629,300885623198,1,0
3630,300890863606,1,0
3631,300896467142,1,0
3632,300902023173,0,0
3633,300907622235,0,0
3634,300913461398,0,0
3635,300919130376,0,0
3636,300924639841,1,0
3637,300929690781,0,0
3638,300935330032,0,0
3639,300941333735,1,0
3640,300946612956,0,0
3641,300952421545,1,0
3642,300957578438,0,0
3643,300963433848,1,0
3644,300968669939,1,0
3645,300973774091,0,0
3646,300979342461,1,0
3647,300984412067,0,0
3648,300990123703,1,0
3649,300995230174,1,0
3650,301000344198,1,0
3651,301005447628,0,0
3652,301011191578,0,0
3653,301017017102,0,0
3654,301022421660,0,0
3655,301028032784,1,0
3656,301033050415,0,0
3657,301038640192,1,0
3658,301043758082,0,0
3659,301049341211,0,0
3660,301054673720,0,0
3661,301060300688,0,0
3662,301065747143,0,0
3663,301071687887,0,0
3664,301076976085,1,0
3665,301082060736,1,0
3666,301087116201,1,0
3667,301092276445,1,0
3668,301097470915,1,0
3669,301102654721,0,0
3670,301108459634,0,0
3671,301114039316,0,0
3672,301119708446,1,0
3673,301125025611,0,0
3674,301130638037,1,0
3675,301135799419,1,0
3676,301141075086,1,0
3677,301146450579,1,0
3678,301151500069,1,0
3679,301156603039,1,0
3680,301161753605,1,0
3681,301166853811,1,0
3682,301171970209,0,0
3683,301177517281,0,0
3684,301183167953,0,0
3685,301188799098,0,0
3686,301194486137,0,0
3687,301200295261,0,0
3688,301206031241,1,0
3689,301211150557,1,0
3690,301216318132,1,0
3691,301221525734,1,0
3692,301226611624,0,0
3693,301232277080,0,0
3694,301237840823,1,0
3695,301243040298,0,0
3696,301248555683,0,0
3697,301254311059,0,0
3698,301259933270,0,0
3699,301265610001,0,0
3700,301271339816,1,0
3701,301276663870,0,0
3702,301282369491,1,0
3703,301287621764,1,0
3704,301292688910,1,0
3705,301297939846,1,0
3706,301303074559,1,0
3707,301308214475,0,0
3708,301314067450,1,0
3709,301319196924,0,0
3710,301324745392,1,0
3711,301330028919,1,0
3712,301335134985,1,0
3713,301340208504,1,0
3714,301345201526,1,0
3715,301350316673,0,0
3716,301355788829,1,0
3717,301360884914,1,0
3718,301366042476,1,0
3719,301371094979,0,0
3720,301376644893,1,0
3721,301381894816,1,0
3722,301387080316,1,0
3723,301392244255,0,0
3724,301398191751,0,0
3725,301404064117,1,0
3726,301409304004,1,0
3727,301414437039,1,0
3728,301419533658,0,0
3729,301425043690,1,0
3730,301430151339,0,0
3731,301435750629,0,0
3732,301441154065,0,0
3733,301446897795,0,0
3734,301452500733,1,0
3735,301457605396,0,0
3736,301463302506,0,0
3737,301468926251,0,0
3738,301474514773,1,0
3739,301479575777,0,0
3740,301485046135,0,0
3741,301490521376,0,0
3742,301496279371,1,0
3743,301501483593,0,0
3744,301507124249,0,0
3745,301512735410,1,0
3746,301517845287,0,0
3747,301523533763,0,0
3748,301529230070,1,0
3749,301534291036,0,0
3750,301539754178,0,0
3751,301545298829,1,0
3752,301550447269,1,0
3753,301555578018,0,0
3754,301561086708,1,0
3755,301566311029,0,0
3756,301571757704,0,0
3757,301577352364,0,0
3758,301582618001,1,0
3759,301587796791,0,0
3760,301593250561,0,0
3761,301598582469,1,0
3762,301603673658,0,0
3763,301609202318,1,0
3764,301614301750,1,0
3765,301619560304,1,0
3766,301624896444,1,0
3767,301630102602,0,0
3768,301635726245,0,0
3769,301641505573,0,0
3770,301647043801,1,0
3771,301652060502,0,0
3772,301657880231,1,0
3773,301663180746,0,0
3774,301668840456,1,0
3775,301673980021,0,0
3776,301679671775,1,0
3777,301685016595,0,0
3778,301690625177,0,0
3779,301696524465,0,0
3780,301702211335,1,0
3781,301707279422,0,0
3782,301712981852,0,0
3783,301718322775,0,0
3784,301724180999,0,0
3785,301729969767,1,0
3786,301735163315,1,0
3787,301740367776,0,0
3788,301745863857,1,0
3789,301751021370,0,0
3790,301756261714,0,0
3791,301761720286,0,0
3792,301767338832,1,0
3793,301772568263,0,0
3794,301778194994,0,0
3795,301783619950,0,0
3796,301789206998,1,0
3797,301794374082,1,0
3798,301799787694,0,0
3799,301805367285,0,0
3800,301811082840,1,0
3801,301816235712,0,0
3802,301821995145,1,0
3803,301827120000,1,0
3804,301832306495,1,0
3805,301837603006,0,0
3806,301843172692,1,0
3807,301848493127,0,0
3808,301854042266,0,0
3809,301859684609,1,0
3810,301864978680,0,0
3811,301870698969,1,0
3812,301876024027,1,0
3813,301881234729,1,0
3814,301886526402,0,0
3815,301892224582,1,0
3816,301897268749,0,0
3817,301902770018,0,0
3818,301908548967,1,0
3819,301913809736,0,0
3820,301919294742,1,0
3821,301924394881,1,0
3822,301929627524,1,0
3823,301934682463,0,0
3824,301940420123,1,0
3825,301945610370,1,0
3826,301950767389,0,0
3827,301956454441,0,0
3828,301961966402,0,0
3829,301967398449,1,0
3830,301972424675,0,0
3831,301977840827,1,0
3832,301982918754,0,0
3833,301988312378,0,0
3834,301993848125,1,0
3835,301998981908,0,0
3836,302004529398,1,0
3837,302009609185,0,0
3838,302015127036,1,0
3839,302020266776,1,0
3840,302025475738,0,0
3841,302031176406,0,0
3842,302036779353,1,0
3843,302041993183,1,0
3844,302047065745,1,0
3845,302052173654,1,0
3846,302057268122,1,0
3847,302062486459,0,0
3848,302067973991,1,0
3849,302073056598,0,0
3850,302078730772,1,0
3851,302083895372,1,0
3852,302089022731,0,0
3853,302094517750,1,0
3854,302099680852,1,0
3855,302104818048,1,0
3856,302109879703,0,0
3857,302115303517,1,0
3858,302120496511,1,0
3859,302125583622,0,0
3860,302131050264,1,0
3861,302136177230,0,0
3862,302142062307,1,0
3863,302147199645,1,0
3864,302152438720,1,0
3865,302157781252,0,0
3866,302163449733,1,0
3867,302168748823,1,0
3868,302173869281,1,0
3869,302179028381,0,0
3870,302184579436,0,0
3871,302190068462,0,0
3872,302195619807,0,0
3873,302201171975,0,0
3874,302206727165,1,0
3875,302211954576,1,0
3876,302217116597,1,0
3877,302222284344,1,0
3878,302227609140,0,0
3879,302233055909,0,0
3880,302238760158,1,0
3881,302243806072,1,0
3882,302248873241,0,0
3883,302254616874,1,0
3884,302259706208,0,0
3885,302265429689,0,0
3886,302270991898,1,0
3887,302276052459,0,0
3888,302281498021,1,0
3889,302286831245,0,0
3890,302292195882,0,0
3891,302297533141,1,0
3892,302303061662,0,0
3893,302308513075,0,0
3894,302314263206,0,0
3895,302319907602,1,0
3896,302325034469,1,0
3897,302330071788,0,0
3898,302335745250,1,0
3899,302340827106,0,0
3900,302346318509,0,0
3901,302352069050,1,0
3902,302357069882,0,0
3903,302363049270,0,0
3904,302368629234,1,0
3905,302373841558,1,0
3906,302378940253,0,0
3907,302384352724,0,0
3908,302389961732,0,0
3909,302395481026,0,0
3910,302401062964,1,0
3911,302406065173,1,0
3912,302411218961,0,0
3913,302416821126,0,0
3914,302422391372,0,0
3915,302427959919,0,0
3916,302433524812,0,0
3917,302439312344,1,0
3918,302444525450,0,0
3919,302450157458,0,0
3920,302455857451,0,0
3921,302461424665,1,0
3922,302466648064,1,0
3923,302471742648,0,0
3924,302477364293,0,0
3925,302483128976,1,0
3926,302488298886,1,0
3927,302493524573,1,0
3928,302498630004,1,0
3929,302503694110,0,0
3930,302509266533,0,0
3931,302515072234,0,0
3932,302520913274,1,0
3933,302526066345,1,0
3934,302531115778,1,0
3935,302536194724,1,0
3936,302542031152,0,0
3937,302547946375,1,0
3938,302553128987,0,0
3939,302559219141,0,0
3940,302564992816,0,0
3941,302570618654,0,0
3942,302576342529,1,0
3943,302581460142,0,0
3944,302587284284,1,0
3945,302592382885,0,0
3946,302598046739,0,0
3947,302603425033,1,0
3948,302608432391,0,0
3949,302613884347,1,0
3950,302618970114,1,0
3951,302623989090,0,0
3952,302629712479,1,0
3953,302635078658,0,0
3954,302641076571,1,0
3955,302646287240,0,0
3956,302651891443,1,0
3957,302657153453,1,0
3958,302662459572,1,0
3959,302667879070,0,0
3960,302673699647,1,0
3961,302679075339,0,0
3962,302684681197,1,0
3963,302690128960,1,0
3964,302695286433,1,0
3965,302700618341,1,0
3966,302705774329,1,0
3967,302711063924,1,0
3968,302716305709,0,0
3969,302722080229,1,0
3970,302727140121,1,0
3971,302732301158,1,0
3972,302737626272,0,0
3973,302743297903,0,0
3974,302748994483,0,0
3975,302754491742,1,0
3976,302759557166,1,0
3977,302764649646,1,0
3978,302769792320,1,0
3979,302774872417,0,0
3980,302780624572,1,0
3981,302785758683,1,0
3982,302790962547,1,0
3983,302796060530,0,0
3984,302801677282,1,0
3985,302806761815,1,0
3986,302811817225,1,0
3987,302816878970,0,0
3988,302822325953,0,0
3989,302827775313,1,0
3990,302832888429,1,0
3991,302837987447,1,0
3992,302843070542,1,0
3993,302848135693,1,0
3994,302853214427,0,0
3995,302858854187,1,0
3996,302863977326,0,0
3997,302869532424,1,0
3998,302874635772,1,0
3999,302879682607,0,0
4000,302885265367,0,0
4001,302890868705,0,0
4002,302896408721,1,0
4003,302901507735,1,0
4004,302906620441,1,0
4005,302911688003,0,0
4006,302917202695,1,0
4007,302922203920,0,0
4008,302927645771,1,0
4009,302932752153,1,0
4010,302938132746,1,0
4011,302943384888,0,0
4012,302948789400,1,0
4013,302953868575,0,0
4014,302959318611,1,0
4015,302964411553,0,0
4016,302970043698,1,0
4017,302975105714,0,0
4018,302980616886,1,0
4019,302985640191,0,0
4020,302991170717,0,0
4021,302996735119,1,0
4022,303001856594,0,0
4023,303007439465,0,0
4024,303012932986,1,0
4025,303018053492,1,0
4026,303023146766,1,0
4027,303028240795,1,0
4028,303033309224,1,0
4029,303038416838,0,0
4030,303043893350,1,0
4031,303049080425,0,0
4032,303054852217,0,0
4033,303060248066,1,0
4034,303065456507,0,0
4035,303071262197,0,0
4036,303076768935,0,0
4037,303082276287,1,0
4038,303087412877,0,0
4039,303092729669,1,0
4040,303097960017,0,0
4041,303103402720,0,0
4042,303109030390,0,0
4043,303114533744,1,0
4044,303119889486,0,0
4045,303125251676,0,0
4046,303130976984,1,0
4047,303136075175,1,0
4048,303141180939,0,0
4049,303146854520,0,0
4050,303152623256,1,0
4051,303157817592,1,0
4052,303162979472,0,0
4053,303168640396,0,0
4054,303174219286,1,0
4055,303179238456,1,0
4056,303184279672,1,0
4057,303189443589,0,0
4058,303194865968,1,0
4059,303199986478,1,0
4060,303205030457,0,0
4061,303210687404,1,0
4062,303215831356,0,0
4063,303221349346,1,0
4064,303226416210,0,0
4065,303232067871,0,0
4066,303237825331,1,0
4067,303242959587,0,0
4068,303248598647,1,0
4069,303253629002,0,0
4070,303259257812,1,0
4071,303264534902,1,0
4072,303269621547,0,0
4073,303275259961,0,0
4074,303281061590,0,0
4075,303286649352,1,0
4076,303291707598,0,0
4077,303297433437,0,0
4078,303303241176,1,0
4079,303308446327,1,0
4080,303313666096,0,0
4081,303321340910,1,0
4082,303326522977,0,0
4083,303331862255,0,0
4084,303337225608,1,0
4085,303342290278,0,0
4086,303348079578,0,0
4087,303353627673,0,0
4088,303359154734,1,0
4089,303364327245,0,0
4090,303369895697,0,0
4091,303375521177,1,0
4092,303380631438,0,0
4093,303386265773,1,0
4094,303391422526,1,0
4095,303396537996,0,0
4096,303402278703,1,0
4097,303407520063,0,0
4098,303412989312,1,0
4099,303418053634,0,0
4100,303423204437,0,0
4101,303428720117,0,0
4102,303434421958,1,0
4103,303439628332,0,0
4104,303445228210,0,0
4105,303450738364,1,0
4106,303455873888,0,0
4107,303461607388,0,0
4108,303467380872,1,0
4109,303472642072,1,0
4110,303477916234,0,0
4111,303483518404,0,0
4112,303489066854,1,0
4113,303494206536,0,0
4114,303499793878,0,0
4115,303505431380,1,0
4116,303510574694,1,0
4117,303515995281,1,0
4118,303521071317,0,0
4119,303526515920,1,0
4120,303531581879,0,0
4121,303537197730,0,0
4122,303542879324,1,0
4123,303548143668,1,0
4124,303553292411,1,0
4125,303558488248,0,0
4126,303564250827,0,0
4127,303569811923,1,0
4128,303575123180,0,0
4129,303580653105,0,0
4130,303586140366,0,0
4131,303591459827,1,0
4132,303596609880,1,0
4133,303601717140,0,0
4134,303607391520,1,0
4135,303612738259,1,0
4136,303618469984,0,0
4137,303624452809,0,0
4138,303630497008,1,0
4139,303635691940,0,0
4140,303641191822,0,0
4141,303646914643,1,0
4142,303652065383,1,0
4143,303657165093,1,0
4144,303662238531,1,0
4145,303667375257,1,0
4146,303673120316,1,0
4147,303678256172,1,0
4148,303683361222,0,0
4149,303688989291,1,0
4150,303694066851,1,0
4151,303699313181,0,0
4152,303705121354,0,0
4153,303710653886,0,0
4154,303716397234,0,0
4155,303722030268,1,0
4156,303727197114,1,0
4157,303732207641,1,0
4158,303737252436,1,0
4159,303742309399,0,0
4160,303747788032,0,0
4161,303753316485,1,0
4162,303758565103,0,0
4163,303764544639,0,0
4164,303770164202,1,0
4165,303775401958,0,0
4166,303780995020,1,0
4167,303786049909,1,0
4168,303791145118,0,0
4169,303797072206,1,0
4170,303802235345,0,0
4171,303807809547,0,0
4172,303813371809,0,0
4173,303819070294,1,0
4174,303824312895,1,0
4175,303829610160,1,0
4176,303834680020,1,0
4177,303839935130,1,0
4178,303844857313,0,0
4179,303850613949,1,0
4180,303855839192,1,0
4181,303860988779,0,0
4182,303866660188,0,0
4183,303872405869,0,0
4184,303877691325,1,0
4185,303882983147,1,0
4186,303888037108,0,0
4187,303893475962,0,0
4188,303898964616,0,0
4189,303904355504,0,0
4190,303910022842,1,0
4191,303915066626,1,0
4192,303920124141,0,0
4193,303925883972,1,0
4194,303931026479,1,0
4195,303936178801,1,0
4196,303941168834,1,0
4197,303946223935,1,0
4198,303951219088,0,0
4199,303956513058,0,0
4200,303961768071,1,0
4201,303966948469,1,0
4202,303972056186,0,0
4203,303977671441,0,0
4204,303983230265,0,0
4205,303988803206,1,0
4206,303994050505,0,0
4207,303999409623,1,0
4208,304004625484,1,0
4209,304009678991,1,0
4210,304014930377,0,0
4211,304020479223,0,0
4212,304026132253,0,0
4213,304031789858,0,0
4214,304037451266,1,0
4215,304042819703,1,0
4216,304047865601,0,0
4217,304053613786,1,0
4218,304058924137,0,0
4219,304064232052,0,0
4220,304069513660,0,0
4221,304074856949,0,0
4222,304080423551,1,0
4223,304085669709,1,0
4224,304090843091,0,0
4225,304096425710,0,0
4226,304102076942,0,0
4227,304107672049,0,0
4228,304113339958,0,0
4229,304119295284,1,0
4230,304124582195,1,0
4231,304129681936,0,0
4232,304135386549,0,0
4233,304140988266,0,0
4234,304146503256,1,0
4235,304151813820,1,0
4236,304156944177,1,0
4237,304162067862,0,0
4238,304167573152,1,0
4239,304172890146,0,0
4240,304178430852,0,0
4241,304184040582,0,0
4242,304189654359,1,0
4243,304194741765,0,0
4244,304200540766,1,0
4245,304205836217,1,0
4246,304211118943,0,0
4247,304216845098,0,0
4248,304222417763,0,0
4249,304228152357,1,0
4250,304233468562,0,0
4251,304239145544,0,0
4252,304244819835,0,0
4253,304250412906,0,0
4254,304256016119,0,0
4255,304261574019,0,0
4256,304267397373,0,0
4257,304273054554,0,0
4258,304278346787,1,0
4259,304283495824,1,0
4260,304288537100,0,0
4261,304294190207,0,0
4262,304299383087,0,0
4263,304304760766,0,0
4264,304310271590,1,0
4265,304315331726,1,0
4266,304320425565,1,0
4267,304325478174,0,0
4268,304330822565,0,0
4269,304336353842,0,0
4270,304341936315,1,0
4271,304346961851,1,0
4272,304352017116,0,0
4273,304357486443,0,0
4274,304362903606,1,0
4275,304368028429,0,0
4276,304373635868,1,0
4277,304378653773,0,0
4278,304384019487,1,0
4279,304389047510,0,0
4280,304394252837,0,0
4281,304399628818,0,0
4282,304405013917,1,0
4283,304410051704,0,0
4284,304415338148,0,0
4285,304420776415,1,0
4286,304425858014,0,0
4287,304431394050,1,0
4288,304436542823,1,0
4289,304441928764,0,0
4290,304447344706,0,0
4291,304452998810,1,0
4292,304458072374,1,0
4293,304463223087,1,0
4294,304468346165,0,0
4295,304474187504,0,0
4296,304479854435,1,0
4297,304484929246,0,0
4298,304490562295,1,0
4299,304495654289,0,0
4300,304501174227,1,0
4301,304506261358,1,0
4302,304511393520,1,0
4303,304516584767,1,0
4304,304521705527,0,0
4305,304527261838,0,0
4306,304532665532,0,0
4307,304538022051,0,0
4308,304543515798,0,0
4309,304549186239,0,0
4310,304554668384,1,0
4311,304559853307,0,0
4312,304565273476,0,0
4313,304570968784,0,0
4314,304576688377,1,0
4315,304581824429,0,0
4316,304587435008,0,0
4317,304592990667,0,0
4318,304598671379,0,0
4319,304604353249,0,0
4320,304610015903,0,0
4321,304615672168,0,0
4322,304621362795,0,0
4323,304626969679,0,0
4324,304632348685,1,0
4325,304637813122,1,0
4326,304643039797,1,0
4327,304648211677,0,0
4328,304653823965,0,0
4329,304659473131,0,0
4330,304665171043,1,0
4331,304670452697,0,0
4332,304676212288,1,0
4333,304681441980,1,0
4334,304686679392,0,0
4335,304692677122,0,0
4336,304698226363,1,0
4337,304703428959,0,0
4338,304709031277,0,0
4339,304714397701,0,0
4340,304720259073,1,0
4341,304725567693,0,0
4342,304731260843,1,0
4343,304736550183,0,0
4344,304742270693,1,0
4345,304747468545,0,0
4346,304752860564,1,0
4347,304757982531,1,0
4348,304763074243,1,0
4349,304768154844,0,0
4350,304773814287,0,0
4351,304779404853,1,0
4352,304784688760,1,0
4353,304790032351,1,0
4354,304795216501,0,0
4355,304800735068,1,0
4356,304805994634,1,0
4357,304811119054,1,0
4358,304816242904,0,0
4359,304821589639,0,0
4360,304827060104,0,0
4361,304832764343,0,0
4362,304838257368,1,0
4363,304843319436,1,0
4364,304848422428,1,0
4365,304853538838,0,0
4366,304859059444,1,0
4367,304864194824,1,0
4368,304869304815,0,0
4369,304874818955,0,0
4370,304880186011,1,0
4371,304885275469,1,0
4372,304890358995,0,0
4373,304895811875,1,0
4374,304901055911,1,0
4375,304906109307,0,0
4376,304911686902,1,0
4377,304916756424,1,0
4378,304921876397,1,0
4379,304926928296,0,0
4380,304932600825,1,0
4381,304937763884,1,0
4382,304942811279,1,0
4383,304947987242,1,0
4384,304953051590,0,0
4385,304958647054,0,0
4386,304964069144,1,0
4387,304969287911,1,0
4388,304974547097,1,0
4389,304979723672,0,0
4390,304985323254,1,0
4391,304990586027,0,0
4392,304996133419,0,0
4393,305001789621,0,0
4394,305007483914,0,0
4395,305013140714,0,0
4396,305018799047,0,0
4397,305024588567,1,0
4398,305029892493,0,0
4399,305035889992,1,0
4400,305041481091,1,0
4401,305046686075,0,0
4402,305052401754,1,0
4403,305057529259,0,0
4404,305063069232,0,0
4405,305068884572,1,0
4406,305074064005,1,0
4407,305079192342,0,0
4408,305084547406,0,0
4409,305090247324,1,0
4410,305095456151,1,0
4411,305100710293,1,0
4412,305105800446,0,0
4413,305111444072,0,0
4414,305117302949,0,0
4415,305122975881,1,0
4416,305128056146,0,0
4417,305133552303,0,0
4418,305139313454,0,0
4419,305145170384,0,0
4420,305150723850,0,0
4421,305156447723,0,0
4422,305162259207,1,0
4423,305167561539,1,0
4424,305172916568,1,0
4425,305178078179,1,0
4426,305183447617,0,0
4427,305189170082,1,0
4428,305194332522,0,0
4429,305199893177,1,0
4430,305205201505,1,0
4431,305210313922,0,0
4432,305216061166,1,0
4433,305221267132,1,0
4434,305226354951,1,0
4435,305231569306,0,0
4436,305237244336,1,0
4437,305242603043,0,0
4438,305248429469,0,0
4439,305254041145,0,0
4440,305259432860,1,0
4441,305264810343,0,0
4442,305270530228,1,0
4443,305275798216,0,0
4444,305281055193,0,0
4445,305286597336,0,0
4446,305292132564,0,0
4447,305297679909,1,0
4448,305302810833,0,0
4449,305308280763,0,0
4450,305313851618,1,0
4451,305319167240,1,0
4452,305324326756,1,0
4453,305329680095,1,0
4454,305334992932,0,0
4455,305340534604,0,0
4456,305346153271,1,0
4457,305351473789,0,0
4458,305357143584,0,0
4459,305362725308,0,0
4460,305368057262,1,0
4461,305373278009,0,0
4462,305379168809,0,0
4463,305384744126,1,0
4464,305389923530,1,0
4465,305395023310,0,0
4466,305400443813,0,0
4467,305406290951,1,0
4468,305411341696,1,0
4469,305416411657,1,0
4470,305421462456,0,0
4471,305426727703,1,0
4472,305431831976,0,0
4473,305437266920,0,0
4474,305442910709,1,0
4475,305448034785,1,0
4476,305453062246,0,0
4477,305458565438,1,0
4478,305463978329,0,0
4479,305469682341,1,0
4480,305474817182,0,0
4481,305480496706,0,0
4482,305486035599,1,0
4483,305491064116,0,0
4484,305496435448,1,0
4485,305501561111,0,0
4486,305507333241,0,0
4487,305513064851,0,0
4488,305518696934,1,0
4489,305523836207,0,0
4490,305529705090,0,0
4491,305535448824,1,0
4492,305540555431,1,0
4493,305545826796,0,0
4494,305551553025,0,0
4495,305557366698,0,0
4496,305562925351,0,0
4497,305568622977,1,0
4498,305573831472,1,0
4499,305578922487,0,0
4500,305584543077,1,0
4501,305589811136,1,0
4502,305594912319,1,0
4503,305600055251,1,0
4504,305605204461,1,0
4505,305610189546,1,0
4506,305615229678,1,0
4507,305620446398,1,0
4508,305625859126,0,0
4509,305631465434,1,0
4510,305636780646,0,0
4511,305642448806,1,0
4512,305647799908,0,0
4513,305653287654,0,0
4514,305658826233,0,0
4515,305664347395,0,0
4516,305670062805,0,0
4517,305675475687,0,0
4518,305681081560,0,0
4519,305686673040,0,0
4520,305692362427,0,0
4521,305698081174,1,0
4522,305703279685,1,0
4523,305708600113,0,0
4524,305714057311,1,0
4525,305719382550,0,0
4526,305724934431,1,0
4527,305730036667,1,0
4528,305735109735,1,0
4529,305740276054,1,0
4530,305745481334,1,0
4531,305750701690,0,0
4532,305756331371,1,0
4533,305761567360,1,0
4534,305766819088,1,0
4535,305771905741,1,0
4536,305777021507,0,0
4537,305782239393,1,0
4538,305787242247,0,0
4539,305792698667,0,0
4540,305798199996,0,0
4541,305803892862,1,0
4542,305808967067,0,0
4543,305814258165,1,0
4544,305819477788,0,0
4545,305825022866,0,0
4546,305830333575,1,0
4547,305835574920,1,0
4548,305840814530,1,0
4549,305845972823,1,0
4550,305851063080,1,0
4551,305856143614,1,0
4552,305861279252,1,0
4553,305866494638,1,0
4554,305871708361,0,0
4555,305877340859,1,0
4556,305882529114,1,0
4557,305887757591,0,0
4558,305893346375,0,0
4559,305898824739,1,0
4560,305903922462,0,0
4561,305909631363,0,0
4562,305915215928,0,0
4563,305920707568,1,0
4564,305925759743,1,0
4565,305930922802,1,0
4566,305936029593,1,0
4567,305941125993,1,0
4568,305946250549,1,0
4569,305951398124,1,0
4570,305956566013,0,0
4571,305962222979,0,0
4572,305967820954,1,0
4573,305972935821,1,0
4574,305978026354,0,0
4575,305983574440,1,0
4576,305989053388,1,0
4577,305994059364,1,0
4578,305999464078,0,0
4579,306004794948,0,0
4580,306010569819,0,0
4581,306016063720,0,0
4582,306021809658,0,0
4583,306027366070,1,0
4584,306032690743,1,0
4585,306037810399,0,0
4586,306043399892,0,0
4587,306048872495,0,0
4588,306054536686,1,0
4589,306059806314,0,0
4590,306065370305,1,0
4591,306070577888,1,0
4592,306075830863,1,0
4593,306080912309,1,0
4594,306085967358,1,0
4595,306091027473,0,0
4596,306096522957,0,0
4597,306102018268,0,0
4598,306107549228,1,0
4599,306112804449,0,0
4600,306118404028,0,0
4601,306123965502,0,0
4602,306129323646,1,0
4603,306134572022,1,0
4604,306139864699,1,0
4605,306144973414,1,0
4606,306150066034,0,0
4607,306155709047,0,0
4608,306161350249,0,0
4609,306167059704,1,0
4610,306172140114,0,0
4611,306177880106,0,0
4612,306183317111,1,0
4613,306188492476,1,0
4614,306193726311,1,0
4615,306198991476,1,0
4616,306204060908,1,0
4617,306209200656,1,0
4618,306214253873,0,0
4619,306219746470,0,0
4620,306225357789,1,0
4621,306230690829,1,0
4622,306235845918,0,0
4623,306241453849,0,0
4624,306246991436,0,0
4625,306252394592,1,0
4626,306257516760,0,0
4627,306263223516,0,0
4628,306268912306,0,0
4629,306274567089,0,0
4630,306280215083,0,0
4631,306285826910,1,0
4632,306290927029,1,0
4633,306296042809,0,0
4634,306301947160,0,0
4635,306307587334,0,0
4636,306313471433,0,0
4637,306318800542,0,0
4638,306324042857,0,0
4639,306329436045,0,0
4640,306335883647,1,0
4641,306340977058,1,0
4642,306346032460,1,0
4643,306351048045,0,0
4644,306356290908,1,0
4645,306361342139,0,0
4646,306366839123,1,0
4647,306371902458,1,0
4648,306377012995,0,0
4649,306382517313,0,0
4650,306388178111,1,0
4651,306393296718,1,0
4652,306398393783,0,0
4653,306403852536,0,0
4654,306409484959,1,0
4655,306414625940,0,0
4656,306420166568,0,0
4657,306425682170,0,0
4658,306431157716,1,0
4659,306436250645,1,0
4660,306441283943,1,0
4661,306446321649,1,0
4662,306451390871,1,0
4663,306456448865,0,0
4664,306462020791,1,0
4665,306467054359,1,0
4666,306472135255,0,0
4667,306477976076,0,0
4668,306483322197,1,0
4669,306488383253,1,0
4670,306493434142,0,0
4671,306498947926,1,0
4672,306504027014,0,0
4673,306509528479,1,0
4674,306514566645,0,0
4675,306520053138,1,0
4676,306525102374,1,0
4677,306530178582,1,0
4678,306535225552,0,0
4679,306540506945,1,0
4680,306545722519,1,0
4681,306551107209,0,0
4682,306556881695,1,0
4683,306561996371,0,0
4684,306567579103,1,0
4685,306572922856,0,0
4686,306578452997,0,0
4687,306584027838,0,0
4688,306589638895,0,0
4689,306595428806,1,0
4690,306600742517,0,0
4691,306606360082,1,0
4692,306611595668,0,0
4693,306617233781,0,0
4694,306622853012,1,0
4695,306627905207,1,0
4696,306632972031,1,0
4697,306638245645,1,0
4698,306643501974,0,0
4699,306649461041,1,0
4700,306654693099,0,0
4701,306660297295,0,0
4702,306665855566,1,0
4703,306671034734,1,0
4704,306676202494,0,0
4705,306681708783,0,0
4706,306687256623,0,0
4707,306692923582,1,0
4708,306697966404,0,0
4709,306703849623,1,0
4710,306708970053,0,0
4711,306714600700,0,0
4712,306720331199,0,0
4713,306725950646,0,0
4714,306731328295,0,0
4715,306736811120,0,0
4716,306742597063,1,0
4717,306747826730,0,0
4718,306753280880,0,0
4719,306758835499,1,0
4720,306763902682,1,0
4721,306769047863,0,0
4722,306774563142,0,0
4723,306780184220,0,0
4724,306785588002,1,0
4725,306790804459,0,0
4726,306796337839,0,0
4727,306802170181,0,0
4728,306807856126,1,0
4729,306812995334,1,0
4730,306817966779,0,0
4731,306823489530,1,0
4732,306828671181,0,0
4733,306834414027,1,0
4734,306839606917,1,0
4735,306844713164,0,0
4736,306850231649,0,0
4737,306855920060,0,0
4738,306861336264,0,0
4739,306867225851,1,0
4740,306872308504,0,0
4741,306878175621,0,0
4742,306883718829,0,0
4743,306889512613,1,0
4744,306894738603,0,0
4745,306900488781,1,0
4746,306905687819,1,0
4747,306910913366,0,0
4748,306916549232,0,0
4749,306922284524,1,0
4750,306927630111,0,0
4751,306933489354,0,0
4752,306939535045,0,0
4753,306945178046,1,0
4754,306950309967,1,0
4755,306955623944,1,0
4756,306960970335,1,0
4757,306966173991,0,0
4758,306971965973,1,0
4759,306977167577,0,0
4760,306982718786,1,0
4761,306988061148,0,0
4762,306993665089,1,0
4763,306998811505,0,0
4764,307004313830,1,0
4765,307009539316,1,0
4766,307014572136,1,0
4767,307019831647,1,0
4768,307024983131,0,0
4769,307030466610,1,0
4770,307035741603,0,0
4771,307041416676,0,0
4772,307047061576,0,0
4773,307052718753,1,0
4774,307057791397,1,0
4775,307062830928,1,0
4776,307067910340,1,0
4777,307073040451,1,0
4778,307078123002,0,0
4779,307083566871,1,0
4780,307088757796,1,0
4781,307093992523,1,0
4782,307099055395,0,0
4783,307104493868,1,0
4784,307109575556,1,0
4785,307114700150,0,0
4786,307120292937,0,0
4787,307126059003,1,0
4788,307131120293,1,0
4789,307136273676,1,0
4790,307141496427,0,0
4791,307147079253,1,0
4792,307152211169,0,0
4793,307157826025,1,0
4794,307163116488,0,0
4795,307168703116,1,0
4796,307173910341,0,0
4797,307180028018,1,0
4798,307185050931,0,0
4799,307190606188,1,0
4800,307196112361,1,0
4801,307201577654,0,0
4802,307207301770,1,0
4803,307212513512,0,0
4804,307218283928,0,0
4805,307223799813,1,0
4806,307229029113,1,0
4807,307234261466,0,0
4808,307239737317,1,0
4809,307244860964,1,0
4810,307250170269,1,0
4811,307255253745,1,0
4812,307260288296,0,0
4813,307265952669,0,0
4814,307271288827,1,0
4815,307276425498,1,0
4816,307281621247,1,0
4817,307286735277,0,0
4818,307292319865,0,0
4819,307297801221,0,0
4820,307303323305,0,0
4821,307309067495,1,0
4822,307314207534,0,0
4823,307320036833,1,0
4824,307325641716,0,0
4825,307331370700,0,0
4826,307337046093,0,0
4827,307342712942,1,0
4828,307347887028,0,0
4829,307353526874,0,0
4830,307359253233,0,0
4831,307364883714,1,0
4832,307369945491,1,0
4833,307375055078,0,0
4834,307380327997,1,0
4835,307385435689,1,0
4836,307390467139,0,0
4837,307396313437,0,0
4838,307402057014,1,0
4839,307407406519,0,0
4840,307413054517,1,0
4841,307418185295,0,0
4842,307424069452,0,0
4843,307429952751,1,0
4844,307435057874,0,0
4845,307440610544,0,0
4846,307446558728,1,0
4847,307451841323,0,0
4848,307457505996,1,0
4849,307462725265,0,0
4850,307468166677,0,0
4851,307473932760,1,0
4852,307479054578,0,0
4853,307484594356,0,0
4854,307490285473,0,0
4855,307495936424,0,0
4856,307501694181,0,0
4857,307507340568,1,0
4858,307512525319,0,0
4859,307518062943,1,0
4860,307523154262,1,0
4861,307528404811,0,0
4862,307534072773,0,0
4863,307539885323,0,0
4864,307545520083,1,0
4865,307550765111,1,0
4866,307555906656,1,0
4867,307560964828,1,0
4868,307566425139,0,0
4869,307572071907,1,0
4870,307577475583,1,0
4871,307582873707,0,0
4872,307588562204,1,0
4873,307593634954,1,0
4874,307598740948,0,0
4875,307604362098,0,0
4876,307610216502,0,0
4877,307615995216,0,0
4878,307621459379,0,0
4879,307627113501,1,0
4880,307632237919,0,0
4881,307637719568,1,0
4882,307642899242,1,0
4883,307648251291,1,0
4884,307653582810,0,0
4885,307659444819,0,0
4886,307665134581,1,0
4887,307670236986,1,0
4888,307675392641,0,0
4889,307681213238,0,0
4890,307687110867,0,0
4891,307692846069,1,0
4892,307698036319,1,0
4893,307703144095,1,0
4894,307708324281,1,0
4895,307713620147,0,0
4896,307719475943,1,0
4897,307724691276,1,0
4898,307729834675,0,0
4899,307735552085,1,0
4900,307740752639,1,0
4901,307745823620,0,0
4902,307751576611,0,0
4903,307757112710,1,0
4904,307762924034,1,0
4905,307769304878,0,0
4906,307775405593,1,0
4907,307780586175,1,0
4908,307785832396,1,0
4909,307790934301,1,0
4910,307796042403,1,0
4911,307802749080,0,0
4912,307807246017,0,0
4913,307814244874,1,0
4914,307819258864,1,0
4915,307824408700,1,0
4916,307829414415,0,0
4917,307835319414,0,0
4918,307840708884,1,0
4919,307845864772,0,0
4920,307852593910,1,0
4921,307857664591,1,0
4922,307863181938,1,0
4923,307868678899,1,0
4924,307874101856,0,0
4925,307880110302,0,0
4926,307885444215,0,0
4927,307890721566,0,0
4928,307895747309,0,0
4929,307900818724,1,0
4930,307905776100,0,0
4931,307911105725,1,0
4932,307918143258,1,0
4933,307923407393,1,0
4934,307928558344,1,0
4935,307933625139,0,0
4936,307938861978,0,0
4937,307944101770,0,0
4938,307949372467,0,0
4939,307954452125,1,0
4940,307959653420,0,0
4941,307965040186,0,0
4942,307970393193,0,0
4943,307975702149,1,0
4944,307980753117,0,0
4945,307985878844,1,0
4946,307990914167,0,0
4947,307996035909,0,0
4948,308001252006,1,0
4949,308006575429,0,0
4950,308011890332,0,0
4951,308017241275,1,0
4952,308022427120,0,0
4953,308027933695,0,0
4954,308033308620,1,0
4955,308038450083,1,0
4956,308043767536,0,0
4957,308049400817,0,0
4958,308055141905,1,0
4959,308060265993,0,0
4960,308066029423,0,0
4961,308071601958,1,0
4962,308076858893,0,0
4963,308082548808,0,0
4964,308088151214,0,0
4965,308093530607,1,0
4966,308098747552,1,0
4967,308103919373,0,0
4968,308109525124,1,0
4969,308114752564,0,0
4970,308120377725,0,0
4971,308125950208,1,0
4972,308131145872,1,0
4973,308136433756,1,0
4974,308141627729,0,0
4975,308147303730,0,0
4976,308152842448,1,0
4977,308158021133,1,0
4978,308163217789,1,0
4979,308168505224,0,0
4980,308173971567,1,0
4981,308179178468,0,0
4982,308184712932,1,0
4983,308189985837,1,0
4984,308195054263,1,0
4985,308200254252,0,0
4986,308205714679,1,0
4987,308210967497,0,0
4988,308216570511,1,0
4989,308221752661,1,0
4990,308226917474,0,0
4991,308232357931,1,0
4992,308237487930,0,0
4993,308244646297,1,0
4994,308249210923,0,0
4995,308254901822,1,0
4996,308260028387,1,0
4997,308265155134,0,0
4998,308270922066,1,0
4999,308276101027,1,0
5000,308281247379,0,0
5001,308286749928,1,0
5002,308291880853,1,0
5003,308296953539,1,0
5004,308302174522,1,0
5005,308307238040,0,0
5006,308313190405,0,0
5007,308318906539,0,0
5008,308324450110,0,0
5009,308330149551,0,0
5010,308335465548,0,0
5011,308341021269,0,0
5012,308345894810,1,0
5013,308351130100,1,0
5014,308357048131,0,0
5015,308362828303,0,0
5016,308368392584,1,0
5017,308373547628,1,0
5018,308378804847,1,0
5019,308383961738,0,0
5020,308389417405,1,0
5021,308394524397,1,0
5022,308399842463,0,0
5023,308405481427,0,0
5024,308411053524,1,0
5025,308416229939,1,0
5026,308421432559,0,0
5027,308426829626,1,0
5028,308431977381,0,0
5029,308437491495,1,0
5030,308442560689,1,0
5031,308447706729,0,0
5032,308452992137,0,0
5033,308458353101,0,0
5034,308463736303,0,0
5035,308469340797,1,0
5036,308474419859,0,0
5037,308479816993,0,0
5038,308485256652,0,0
5039,308490539752,1,0
5040,308495652621,0,0
5041,308500980962,1,0
5042,308506240041,1,0
5043,308511379672,1,0
5044,308516537698,1,0
5045,308521780612,1,0
5046,308526872212,1,0
5047,308532028610,0,0
5048,308537652986,1,0
5049,308542898466,0,0
5050,308548307468,0,0
5051,308553765162,1,0
5052,308558898787,1,0
5053,308564118316,1,0
5054,308569325719,1,0
5055,308574461866,0,0
5056,308579778306,1,0
5057,308584878054,0,0
5058,308590198440,1,0
5059,308595599315,1,0
5060,308600845631,0,0
5061,308606306781,0,0
5062,308611827195,0,0
5063,308617439379,1,0
5064,308622635253,0,0
5065,308628246340,0,0
5066,308633447940,0,0
5067,308638735531,0,0
5068,308644020687,0,0
5069,308649449327,1,0
5070,308654540391,0,0
5071,308659778657,1,0
5072,308664954869,1,0
5073,308670042854,0,0
5074,308675734006,0,0
5075,308681392925,1,0
5076,308686533634,0,0
5077,308691550438,0,0
5078,308696922563,0,0
5079,308702371871,0,0
5080,308707605312,0,0
5081,308712803241,0,0
5082,308718523442,0,0
5083,308723969724,1,0
5084,308729333584,0,0
5085,308734785685,0,0
5086,308740492753,0,0
5087,308746160330,0,0
5088,308751849421,0,0
5089,308757513723,0,0
5090,308763316147,0,0
5091,308768817886,0,0
5092,308774409780,1,0
5093,308779759845,1,0
5094,308784977799,0,0
5095,308790547332,0,0
5096,308795942591,1,0
5097,308801056830,1,0
5098,308806243478,0,0
5099,308811760578,0,0
5100,308817274962,1,0
5101,308822462825,0,0
5102,308827912142,0,0
5103,308833456544,0,0
5104,308838873116,0,0
5105,308844515108,0,0
5106,308850045299,1,0
5107,308855300812,1,0
5108,308860326545,0,0
5109,308865643906,1,0
5110,308870750102,1,0
5111,308875788862,1,0
5112,308880883036,1,0
5113,308885900260,0,0
5114,308891419707,1,0
5115,308896436770,1,0
5116,308901504239,1,0
5117,308906663803,1,0
5118,308911814406,0,0
5119,308917320809,0,0
5120,308922739038,1,0
5121,308927986231,0,0
5122,308933378926,0,0
5123,308938630027,1,0
5124,308943763935,0,0
5125,308949243456,0,0
5126,308954579356,0,0
5127,308959924744,0,0
5128,308965302497,1,0
5129,308970493617,1,0
5130,308976226508,1,0
5131,308981337170,1,0
5132,308986767833,0,0
5133,308992438534,1,0
5134,308997766995,1,0
5135,309003130976,1,0
5136,309008472021,1,0
5137,309014076379,0,0
5138,309019489837,0,0
5139,309025037214,0,0
5140,309030503403,0,0
5141,309036934375,1,0
5142,309042188604,0,0
5143,309047431848,1,0
5144,309052526338,0,0
5145,309057836789,0,0
5146,309063280355,0,0
5147,309068590598,0,0
5148,309073886892,1,0
5149,309079035899,0,0
5150,309084322711,0,0
5151,309089614462,1,0
5152,309094677127,0,0
5153,309100156948,0,0
5154,309105724975,0,0
5155,309111420439,1,0
5156,309116625319,1,0
5157,309121656951,0,0
5158,309127412893,0,0
5159,309132799255,1,0
5160,309137887049,1,0
5161,309143035798,1,0
5162,309148413538,1,0
5163,309153763544,1,0
5164,309158898481,1,0
5165,309163973045,1,0
5166,309169096853,0,0
5167,309174764996,0,0
5168,309180364926,1,0
5169,309185652541,0,0
5170,309191320799,1,0
5171,309196460890,0,0
5172,309201945005,1,0
5173,309206987712,1,0
5174,309212182298,1,0
5175,309217237300,1,0
5176,309222476653,0,0
5177,309227999354,0,0
5178,309233322121,1,0
5179,309238520896,1,0
5180,309243633471,1,0
5181,309248881806,1,0
5182,309254017658,1,0
5183,309259097605,1,0
5184,309264190084,1,0
5185,309269246552,0,0
5186,309274504454,1,0
5187,309279676343,0,0
5188,309285015353,0,0
5189,309290180370,0,0
5190,309295393658,1,0
5191,309300445957,1,0
5192,309305500683,1,0
5193,309310631167,1,0
5194,309315777681,0,0
5195,309321153894,0,0
5196,309326430780,0,0
5197,309331757387,0,0
5198,309337028096,0,0
5199,309342383408,0,0
5200,309347758214,0,0
5201,309353152104,1,0
5202,309358303338,1,0
5203,309363382333,0,0
5204,309368921387,0,0
5205,309374293713,1,0
5206,309379319098,1,0
5207,309384403553,1,0
5208,309389618814,0,0
5209,309395133182,1,0
5210,309400259948,0,0
5211,309406267268,0,0
5212,309411689619,1,0
5213,309416829404,0,0
5214,309422292114,0,0
5215,309427987956,1,0
5216,309433034958,0,0
5217,309438740278,1,0
5218,309443824727,0,0
5219,309449400572,1,0
5220,309454497117,0,0
5221,309460167151,1,0
5222,309465291606,1,0
5223,309470365104,1,0
5224,309475550575,0,0
5225,309481336825,0,0
5226,309486736989,1,0
5227,309491898828,1,0
5228,309496974515,1,0
5229,309502174377,0,0
5230,309508073631,1,0
5231,309513409214,0,0
5232,309519133692,0,0
5233,309524755546,1,0
5234,309529995294,1,0
5235,309535196160,1,0
5236,309540243254,1,0
5237,309545490589,0,0
5238,309551148432,0,0
5239,309556536451,0,0
5240,309562325222,0,0
5241,309567728581,1,0
5242,309572855559,1,0
5243,309577915074,1,0
5244,309583023819,1,0
5245,309588152027,0,0
5246,309593484584,0,0
5247,309599040287,1,0
5248,309604156900,0,0
5249,309609913904,1,0
5250,309615032041,0,0
5251,309620583486,0,0
5252,309626182121,0,0
5253,309631621962,1,0
5254,309636747303,0,0
5255,309642250644,1,0
5256,309647393707,1,0
5257,309652506240,0,0
5258,309657983754,1,0
5259,309663249435,0,0
5260,309668820120,0,0
5261,309674478725,0,0
5262,309680266452,0,0
5263,309685999229,0,0
5264,309691651064,0,0
5265,309697176007,1,0
5266,309702326451,0,0
5267,309707869621,0,0
5268,309713444174,0,0
5269,309719037287,1,0
5270,309724568649,1,0
5271,309729799209,1,0
5272,309734973434,1,0
5273,309740098445,1,0
5274,309745262813,1,0
5275,309750535864,1,0
5276,309755745552,0,0
5277,309761335411,1,0
5278,309766551386,1,0
5279,309771870276,1,0
5280,309776890259,1,0
5281,309782294326,1,0
5282,309787665515,1,0
5283,309793036416,1,0
5284,309798369898,1,0
5285,309803599940,1,0
5286,309808743802,1,0
5287,309813831682,1,0
5288,309818942967,0,0
5289,309824195203,0,0
5290,309829634933,0,0
5291,309835088495,1,0
5292,309840231381,0,0
5293,309845546270,0,0
5294,309850784548,0,0
5295,309856114875,1,0
5296,309861239985,0,0
5297,309866539815,0,0
5298,309871884878,1,0
5299,309877020207,0,0
5300,309882504744,1,0
5301,309887607157,0,0
5302,309893199383,0,0
5303,309898864664,1,0
5304,309903841623,0,0
5305,309909437666,1,0
5306,309914697685,0,0
5307,309920616680,0,0
5308,309926517360,1,0
5309,309931883906,1,0
5310,309937065634,1,0
5311,309942519302,1,0
5312,309947935988,1,0
5313,309953122662,1,0
5314,309958558875,1,0
5315,309963873002,1,0
5316,309969032434,0,0
5317,309974674435,0,0
5318,309980237801,0,0
5319,309985945775,0,0
5320,309991630653,0,0
5321,309997033494,1,0
5322,310002501189,1,0
5323,310007797266,0,0
5324,310013322229,1,0
5325,310018565635,0,0
5326,310024146245,1,0
5327,310029280707,0,0
5328,310035035313,1,0
5329,310040126369,0,0
5330,310045804220,1,0
5331,310050959311,0,0
5332,310056611333,0,0
5333,310062444658,1,0
5334,310067658165,0,0
5335,310073352456,1,0
5336,310078650024,0,0
5337,310084372090,0,0
5338,310089906502,1,0
5339,310095049445,1,0
5340,310100106696,1,0
5341,310105281351,0,0
5342,310111041572,0,0
5343,310116574494,0,0
5344,310122274297,0,0
5345,310128230804,1,0
5346,310133609300,1,0
5347,310138758197,0,0
5348,310144193654,0,0
5349,310149649805,1,0
5350,310154793224,0,0
5351,310160443905,0,0
5352,310165993473,1,0
5353,310171111472,1,0
5354,310176221814,0,0
5355,310181978329,1,0
5356,310187111204,0,0
5357,310192905607,0,0
5358,310198548889,1,0
5359,310203758111,1,0
5360,310208884723,1,0
5361,310213945883,1,0
5362,310219010946,1,0
5363,310224018018,0,0
5364,310229641605,0,0
5365,310235301437,0,0
5366,310240670092,1,0
5367,310245758434,1,0
5368,310250781898,1,0
5369,310255867224,0,0
5370,310261564379,1,0
5371,310266686267,0,0
5372,310272318632,1,0
5373,310277431028,0,0
5374,310282814493,1,0
5375,310287953199,0,0
5376,310293579694,0,0
5377,310299115592,1,0
5378,310304191787,1,0
5379,310309383871,1,0
5380,310314349060,1,0
5381,310319584555,1,0
5382,310324858882,0,0
5383,310330461328,0,0
5384,310336189479,1,0
5385,310341695259,0,0
5386,310347617833,1,0
5387,310353196819,0,0
5388,310359043972,0,0
5389,310364514179,0,0
5390,310370128281,1,0
5391,310375225092,0,0
5392,310380735007,0,0
5393,310386395859,0,0
5394,310391890569,0,0
5395,310397244490,0,0
5396,310402939698,1,0
5397,310408050608,0,0
5398,310413689621,1,0
5399,310419041292,0,0
5400,310424710489,0,0
5401,310430162716,1,0
5402,310435502055,1,0
5403,310440745247,1,0
5404,310445818715,0,0
5405,310451387499,1,0
5406,310456591602,0,0
5407,310462556758,1,0
5408,310467794217,1,0
5409,310472967137,0,0
5410,310478478033,0,0
5411,310484133789,1,0
5412,310489275854,1,0
5413,310494421571,0,0
5414,310499697512,1,0
5415,310504792637,1,0
5416,310509857150,0,0
5417,310515649329,1,0
5418,310520986454,1,0
5419,310526144661,1,0
5420,310531242779,1,0
5421,310536462999,0,0
5422,310541928312,0,0
5423,310547619070,0,0
5424,310553429245,0,0
5425,310558787300,1,0
5426,310564237783,1,0
5427,310569488628,0,0
5428,310575041838,0,0
5429,310580543202,1,0
5430,310585790248,1,0
5431,310591096857,0,0
5432,310596555695,1,0
5433,310601898661,1,0
5434,310606924924,1,0
5435,310612019930,1,0
5436,310617029029,0,0
5437,310622670233,1,0
5438,310627862762,1,0
5439,310633019041,1,0
5440,310638134819,1,0
5441,310643547895,1,0
5442,310648647756,1,0
5443,310653848317,1,0
5444,310659165821,0,0
5445,310664941311,0,0
5446,310670614846,0,0
5447,310676259759,1,0
5448,310681435039,1,0
5449,310686677283,0,0
5450,310692454494,0,0
5451,310698198059,0,0
5452,310703935315,1,0
5453,310709106126,0,0
5454,310714670209,0,0
5455,310720585031,0,0
5456,310726465177,1,0
5457,310731713794,0,0
5458,310737299635,0,0
5459,310742728197,0,0
5460,310748419653,1,0
5461,310753689387,1,0
5462,310758972388,0,0
5463,310764657720,1,0
5464,310769958689,1,0
5465,310775139238,1,0
5466,310780600041,0,0
5467,310786018641,0,0
5468,310791558296,0,0
5469,310796972951,1,0
5470,310802017299,1,0
5471,310807124560,1,0
5472,310812186964,0,0
5473,310817614095,0,0
5474,310822899518,0,0
5475,310828409477,0,0
5476,310833812768,0,0
5477,310839208195,0,0
5478,310844678785,0,0
5479,310849964845,0,0
5480,310855538874,0,0
5481,310861012007,0,0
5482,310866492789,0,0
5483,310871988520,1,0
5484,310877018378,0,0
5485,310882647671,1,0
5486,310887752259,0,0
5487,310893202880,1,0
5488,310898262993,1,0
5489,310903300906,1,0
5490,310908306875,0,0
5491,310913763671,1,0
5492,310918850802,0,0
5493,310924404965,1,0
5494,310929470123,0,0
5495,310934912216,1,0
5496,310939951741,1,0
5497,310944998936,1,0
5498,310950020990,1,0
5499,310955187041,1,0
5500,310960410930,1,0
5501,310965514906,0,0
5502,310970993209,1,0
5503,310976014079,0,0
5504,310981453311,0,0
5505,310987185294,1,0
5506,310992282882,1,0
5507,310997456846,1,0
5508,311002555488,0,0
5509,311008088103,0,0
5510,311013504180,0,0
5511,311018944427,0,0
5512,311024334693,0,0
5513,311029778416,1,0
5514,311034843177,0,0
5515,311040452948,1,0
5516,311045531640,1,0
5517,311050590183,0,0
5518,311056037961,1,0
5519,311061103421,0,0
5520,311066673103,1,0
5521,311071816200,1,0
5522,311076905027,0,0
5523,311082534872,1,0
5524,311087726055,0,0
5525,311093677257,1,0
5526,311098945853,1,0
5527,311103921703,1,0
5528,311109032880,0,0
5529,311114530747,0,0
5530,311120062408,0,0
5531,311125514681,1,0
5532,311130728076,0,0
5533,311136563858,0,0
5534,311142140381,0,0
5535,311147780195,1,0
5536,311153110250,0,0
5537,311158657308,1,0
5538,311163814299,0,0
5539,311169516636,0,0
5540,311175436430,0,0
5541,311180716222,1,0
5542,311185955769,0,0
5543,311191561159,0,0
5544,311197312979,0,0
5545,311202998267,0,0
5546,311208555414,0,0
5547,311214273967,1,0
5548,311219484250,1,0
5549,311224568529,0,0
5550,311230217050,0,0
5551,311235827238,1,0
5552,311240814639,1,0
5553,311245925727,1,0
5554,311250972984,1,0
5555,311256040448,0,0
5556,311261986104,0,0
5557,311267581699,1,0
5558,311272857875,0,0
5559,311278599041,1,0
5560,311283859200,0,0
5561,311289653624,1,0
5562,311294990270,1,0
5563,311300146797,1,0
5564,311305269054,1,0
5565,311310474750,1,0
5566,311316468034,1,0
5567,311321530310,1,0
5568,311326616209,1,0
5569,311331685348,0,0
5570,311337227068,0,0
5571,311342704425,0,0
5572,311348170786,1,0
5573,311353191247,1,0
5574,311358228177,0,0
5575,311363796968,1,0
5576,311368857670,0,0
5577,311374546757,0,0
5578,311380208555,1,0
5579,311385213990,1,0
5580,311390286117,1,0
5581,311395563214,1,0
5582,311400912045,0,0
5583,311406362704,1,0
5584,311411553809,0,0
5585,311417208896,0,0
5586,311422912736,1,0
5587,311428037242,0,0
5588,311433768353,1,0
5589,311438845362,1,0
5590,311444039484,0,0
5591,311449648138,0,0
5592,311455367567,0,0
5593,311460989613,0,0
5594,311466546996,1,0
5595,311471881375,1,0
5596,311477048836,0,0
5597,311482577747,1,0
5598,311487869711,0,0
5599,311493653157,1,0
5600,311498855795,1,0
5601,311504053077,1,0
5602,311509160602,1,0
5603,311514334530,0,0
5604,311520226113,0,0
5605,311526044895,0,0
5606,311531624206,1,0
5607,311536833809,1,0
5608,311542158257,1,0
5609,311547485902,1,0
5610,311552821544,0,0
5611,311558399273,1,0
5612,311563689204,0,0
5613,311569406649,1,0
5614,311574776155,1,0
5615,311579961123,1,0
5616,311585092412,1,0
5617,311590313228,1,0
5618,311595566221,0,0
5619,311601272730,1,0
5620,311606521373,0,0
5621,311612176830,1,0
5622,311617333962,0,0
5623,311623444691,1,0
5624,311628648678,1,0
5625,311633771574,1,0
5626,311638891654,0,0
5627,311644350401,1,0
5628,311649558343,1,0
5629,311654957065,1,0
5630,311660269873,0,0
5631,311665863090,1,0
5632,311671050694,1,0
5633,311676224315,0,0
5634,311681692016,0,0
5635,311687128269,1,0
5636,311692323860,0,0
5637,311698039263,1,0
5638,311703313735,0,0
5639,311708854186,0,0
5640,311714336227,0,0
5641,311719921192,0,0
5642,311725545730,1,0
5643,311730799520,0,0
5644,311736181503,0,0
5645,311741681866,1,0
5646,311746805389,0,0
5647,311752456143,0,0
5648,311758224290,1,0
5649,311763286101,0,0
5650,311768937953,1,0
5651,311774022557,1,0
5652,311779094256,0,0
5653,311784589057,0,0
5654,311789918151,0,0
5655,311795411898,0,0
5656,311800629000,1,0
5657,311805745776,1,0
5658,311810829261,0,0
5659,311816408756,1,0
5660,311821820106,0,0
5661,311827501915,1,0
5662,311832824417,0,0
5663,311838427807,0,0
5664,311844134310,0,0
5665,311849746344,0,0
5666,311855243436,1,0
5667,311860311196,1,0
5668,311865362510,0,0
5669,311870797791,0,0
5670,311876288112,0,0
5671,311882035704,1,0
5672,311887021321,0,0
5673,311892677449,0,0
5674,311898308872,1,0
5675,311903503921,0,0
5676,311909064345,1,0
5677,311914123224,0,0
5678,311919933204,0,0
5679,311925632455,0,0
5680,311931605448,1,0
5681,311936900755,1,0
5682,311942022558,0,0
5683,311947577312,0,0
5684,311953283294,1,0
5685,311958548334,1,0
5686,311963838373,0,0
5687,311969548070,1,0
5688,311974806804,1,0
5689,311979891195,1,0
5690,311985095943,1,0
5691,311990500144,1,0
5692,311995782796,0,0
5693,312001300477,1,0
5694,312006377503,0,0
5695,312011848969,0,0
5696,312017231554,1,0
5697,312022278101,0,0
5698,312027742359,0,0
5699,312033022807,1,0
5700,312038165908,1,0
5701,312043263627,1,0
5702,312048328855,1,0
5703,312053361259,1,0
5704,312058385034,0,0
5705,312063688139,1,0
5706,312068770916,1,0
5707,312073840200,0,0
5708,312079195626,0,0
5709,312084485272,0,0
5710,312089985938,0,0
5711,312095424393,0,0
5712,312101298646,0,0
5713,312106774169,0,0
5714,312112402558,0,0
5715,312118022884,0,0
5716,312123755250,1,0
5717,312128882693,0,0
5718,312134683960,1,0
5719,312139977385,0,0
5720,312145618943,1,0
5721,312150792754,0,0
5722,312156633043,0,0
5723,312162527925,1,0
5724,312167977647,0,0
5725,312173521034,0,0
5726,312179165249,1,0
5727,312184331940,1,0
5728,312189630239,1,0
5729,312194921562,0,0
5730,312200583451,0,0
5731,312206479385,0,0
5732,312212065278,1,0
5733,312217153632,1,0
5734,312222269512,0,0
5735,312227787368,0,0
5736,312233344046,0,0
5737,312239027053,1,0
5738,312244130272,0,0
5739,312249679244,1,0
5740,312254870907,0,0
5741,312260592053,0,0
5742,312265970601,0,0
5743,312271510268,0,0
5744,312276963411,1,0
5745,312282084447,0,0
5746,312287612967,0,0
5747,312293167240,0,0
5748,312298551947,0,0
5749,312303832366,1,0
5750,312308902031,0,0
5751,312314374887,0,0
5752,312319929362,0,0
5753,312325427918,0,0
5754,312330893295,1,0
5755,312335920663,1,0
5756,312341052264,1,0
5757,312346131579,1,0
5758,312351253194,1,0
5759,312356404150,1,0
5760,312361787629,0,0
5761,312367754336,0,0
5762,312373480314,0,0
5763,312379158188,0,0
5764,312384850344,0,0
5765,312390493083,1,0
5766,312395682372,0,0
5767,312401255711,0,0
5768,312406915222,1,0
5769,312412048685,1,0
5770,312417209845,0,0
5771,312422962936,0,0
5772,312428519547,1,0
5773,312433984409,1,0
5774,312438961721,0,0
5775,312444582025,0,0
5776,312450191556,0,0
5777,312455547480,1,0
5778,312460778409,0,0
5779,312466309254,0,0
5780,312471747322,0,0
5781,312477265087,0,0
5782,312482946633,0,0
5783,312488502026,0,0
5784,312494272968,1,0
5785,312499295195,1,0
5786,312504433920,0,0
5787,312509976519,0,0
5788,312515622992,1,0
5789,312520704210,0,0
5790,312526383207,0,0
5791,312532195917,0,0
5792,312537911856,1,0
5793,312542923147,1,0
5794,312548067426,1,0
5795,312553133339,1,0
5796,312558256468,1,0
5797,312563317301,0,0
5798,312568788695,1,0
5799,312574053220,0,0
5800,312579443490,1,0
5801,312584686949,0,0
5802,312590135478,1,0
5803,312595266840,0,0
5804,312600908944,1,0
5805,312605987807,0,0
5806,312611535181,1,0
5807,312616738083,0,0
5808,312622379496,1,0
5809,312627571463,1,0
5810,312632847360,0,0
5811,312638489018,1,0
5812,312643603843,0,0
5813,312648961997,1,0
5814,312654124811,0,0
5815,312659695052,1,0
5816,312664942212,0,0
5817,312670544142,1,0
5818,312675672780,1,0
5819,312680795099,1,0
5820,312685859644,1,0
5821,312691017040,0,0
5822,312696450968,0,0
5823,312702278367,0,0
5824,312707943227,0,0
5825,312713541788,1,0
5826,312718934457,1,0
5827,312723990893,0,0
5828,312729633392,0,0
5829,312735404267,0,0
5830,312741024814,0,0
5831,312746536331,1,0
5832,312751715525,0,0
5833,312757157163,1,0
5834,312762469621,0,0
5835,312768498725,0,0
5836,312774234863,0,0
5837,312779601941,0,0
5838,312785103986,0,0
5839,312790466892,1,0
5840,312795658916,0,0
5841,312801227305,1,0
5842,312806303225,0,0
5843,312811699182,0,0
5844,312817051455,1,0
5845,312822104407,0,0
5846,312827708818,0,0
5847,312833373185,1,0
5848,312838572957,0,0
5849,312844210362,0,0
5850,312849635630,0,0
5851,312855318642,0,0
5852,312861303790,0,0
5853,312866840971,1,0
5854,312871960508,1,0
5855,312877037952,0,0
5856,312882626511,0,0
5857,312888218270,1,0
5858,312893245010,0,0
5859,312898922636,1,0
5860,312903969906,1,0
5861,312908937717,0,0
5862,312914518224,1,0
5863,312919718412,1,0
5864,312924853400,0,0
5865,312930441560,1,0
5866,312935663600,1,0
5867,312940839145,1,0
5868,312945944527,1,0
5869,312951023562,0,0
5870,312956622306,1,0
5871,312961676645,0,0
5872,312967157494,1,0
5873,312972254993,0,0
5874,312977713549,0,0
5875,312983149142,0,0
5876,312988629008,0,0
5877,312994024758,1,0
5878,312999111814,1,0
5879,313004155727,0,0
5880,313009671246,0,0
5881,313015248999,1,0
5882,313020393024,1,0
5883,313025482280,1,0
5884,313030584940,0,0
5885,313036142420,0,0
5886,313041638131,0,0
5887,313047111349,0,0
5888,313052549760,1,0
5889,313057765538,1,0
5890,313063056532,1,0
5891,313068699547,1,0
5892,313073854601,1,0
5893,313078975793,1,0
5894,313084109987,1,0
5895,313089419664,1,0
5896,313094541160,1,0
5897,313099858605,0,0
5898,313105652481,0,0
5899,313111353025,0,0
5900,313117279589,0,0
5901,313123045933,0,0
5902,313128692495,1,0
5903,313134231807,0,0
5904,313139978844,1,0
5905,313145195113,1,0
5906,313150657896,0,0
5907,313156617752,0,0
5908,313162623970,0,0
5909,313168075731,0,0
5910,313173734588,0,0
5911,313179459655,0,0
5912,313184944276,0,0
5913,313190594395,1,0
5914,313195666282,1,0
5915,313200808712,0,0
5916,313206159421,1,0
5917,313211271554,0,0
5918,313216876365,1,0
5919,313222015682,0,0
5920,313227680741,0,0
5921,313233185596,0,0
5922,313238637270,0,0
5923,313243932006,1,0
5924,313249018793,0,0
5925,313254543121,1,0
5926,313259709514,0,0
5927,313265457415,0,0
5928,313271066103,0,0
5929,313276616249,0,0
5930,313282136901,1,0
5931,313287231507,0,0
5932,313292742698,1,0
5933,313297848684,0,0
5934,313303344483,0,0
5935,313308888180,0,0
5936,313314527995,1,0
5937,313319845122,1,0
5938,313324956284,0,0
5939,313330269384,1,0
5940,313335527746,0,0
5941,313341140690,1,0
5942,313346212095,0,0
5943,313351559914,1,0
5944,313356748108,0,0
5945,313362251850,1,0
5946,313367464083,0,0
5947,313373207096,1,0
5948,313378261346,1,0
5949,313383596223,1,0
5950,313388684382,1,0
5951,313393790139,0,0
5952,313399213771,1,0
5953,313404218485,0,0
5954,313409572101,0,0
5955,313415147349,1,0
5956,313420302053,0,0
5957,313425700206,0,0
5958,313431277410,0,0
5959,313436690894,0,0
5960,313442419759,1,0
5961,313447604352,0,0
5962,313453042242,0,0
5963,313458371356,0,0
5964,313464071147,1,0
5965,313469659293,1,0
5966,313474835543,1,0
5967,313479900283,0,0
5968,313485440139,1,0
5969,313490518848,0,0
5970,313495840851,0,0
5971,313501128981,0,0
5972,313506628524,0,0
5973,313511928779,1,0
5974,313517095685,0,0
5975,313522494914,0,0
5976,313528140323,0,0
5977,313533636485,1,0
5978,313538699624,1,0
5979,313543776995,1,0
5980,313548842149,0,0
5981,313554509753,1,0
5982,313559601269,1,0
5983,313564874228,0,0
5984,313570839242,1,0
5985,313576019948,0,0
5986,313581644474,0,0
5987,313587546297,0,0
5988,313593323693,1,0
5989,313598423453,1,0
5990,313603483088,1,0
5991,313608535132,0,0
5992,313614134221,1,0
5993,313619217971,1,0
5994,313624219022,0,0
5995,313629753739,1,0
5996,313634917397,0,0
5997,313640409930,0,0
5998,313646048637,0,0
5999,313651714493,0,0
6000,313657470352,0,0
6001,313662934892,0,0
6002,313668488881,1,0
6003,313673641949,0,0
6004,313679132000,1,0
6005,313684257968,1,0
6006,313689447863,1,0
6007,313694558791,0,0
6008,313700116989,0,0
6009,313705686606,1,0
6010,313710849284,0,0
6011,313716269517,1,0
6012,313721375328,0,0
6013,313726845419,1,0
6014,313731928658,1,0
6015,313737428079,0,0
6016,313743038201,0,0
6017,313748578113,0,0
6018,313754310823,0,0
6019,313760106959,1,0
6020,313765229559,1,0
6021,313770266661,1,0
6022,313775562309,0,0
6023,313781226192,0,0
6024,313787050224,1,0
6025,313792132459,0,0
6026,313797752787,0,0
6027,313803503836,0,0
6028,313809047430,0,0
6029,313814914674,1,0
6030,313820073162,1,0
6031,313825192507,0,0
6032,313831037740,0,0
6033,313836664083,1,0
6034,313841733724,0,0
6035,313847332610,0,0
6036,313853303370,0,0
6037,313859046308,1,0
6038,313864186660,1,0
6039,313869309305,1,0
6040,313874690190,0,0
6041,313880499413,0,0
6042,313886421756,1,0
6043,313891573488,0,0
6044,313897627531,0,0
6045,313903569760,1,0
6046,313908842416,1,0
6047,313914218008,0,0
6048,313919837838,0,0
6049,313925627047,0,0
6050,313931572282,0,0
6051,313937291449,0,0
6052,313942933775,1,0
6053,313948037277,1,0
6054,313953270243,1,0
6055,313958410394,0,0
6056,313963814049,1,0
6057,313968948505,0,0
6058,313974328150,1,0
6059,313979459022,1,0
6060,313984577165,0,0
6061,313990244827,1,0
6062,313995364626,0,0
6063,314000963364,1,0
6064,314005983850,1,0
6065,314011010045,0,0
6066,314016607359,1,0
6067,314021697052,0,0
6068,314027220434,1,0
6069,314032210899,0,0
6070,314037670574,1,0
6071,314042975052,1,0
6072,314048183851,0,0
6073,314053745324,0,0
6074,314059364063,0,0
6075,314064697381,0,0
6076,314070428125,0,0
6077,314075940038,1,0
6078,314080938514,0,0
6079,314086526169,1,0
6080,314091775986,0,0
6081,314097478189,1,0
6082,314102782479,0,0
6083,314108501434,1,0
6084,314113826589,0,0
6085,314119550065,1,0
6086,314124875755,0,0
6087,314130509361,0,0
6088,314136037569,1,0
6089,314141392363,0,0
6090,314146942450,0,0
6091,314152440816,0,0
6092,314158100119,1,0
6093,314163301387,0,0
6094,314169029258,0,0
6095,314174529293,1,0
6096,314179815317,0,0
6097,314185427791,0,0
6098,314191021498,1,0
6099,314196179834,1,0
6100,314201412017,0,0
6101,314207068425,1,0
6102,314212362055,1,0
6103,314217610494,1,0
6104,314222718942,1,0
6105,314227852986,1,0
6106,314232991578,1,0
6107,314238100361,1,0
6108,314243447362,0,0
6109,314248783744,0,0
6110,314254406912,1,0
6111,314259491046,0,0
6112,314265014043,1,0
6113,314270112198,1,0
6114,314275193253,1,0
6115,314280202452,0,0
6116,314285763477,1,0
6117,314290874865,0,0
6118,314296484662,0,0
6119,314301987300,1,0
6120,314307095347,1,0
6121,314312209566,1,0
6122,314317226101,0,0
6123,314322930088,0,0
6124,314328510241,1,0
6125,314333681524,0,0
6126,314339278114,0,0
6127,314344990463,1,0
6128,314350045742,0,0
6129,314355793447,0,0
6130,314361448090,0,0
6131,314367129568,1,0
6132,314372203902,1,0
6133,314377346661,1,0
6134,314382630034,1,0
6135,314387941710,0,0
6136,314393844572,1,0
6137,314399023632,0,0
6138,314404637395,0,0
6139,314410257290,0,0
6140,314415723218,1,0
6141,314420927911,0,0
6142,314426382717,1,0
6143,314431584823,0,0
6144,314437315462,1,0
6145,314442514447,1,0
6146,314447849501,1,0
6147,314452900579,1,0
6148,314458018068,0,0
6149,314463592233,1,0
6150,314468705629,0,0
6151,314474225795,0,0
6152,314480331260,1,0
6153,314485440533,0,0
6154,314490958278,1,0
6155,314496095042,1,0
6156,314501244567,1,0
6157,314506372588,0,0
6158,314511864282,0,0
6159,314517220262,1,0
6160,314522262052,1,0
6161,314527377608,0,0
6162,314532862556,1,0
6163,314537977743,1,0
6164,314543091673,1,0
6165,314548144903,0,0
6166,314553707189,1,0
6167,314558778822,0,0
6168,314564406037,0,0
6169,314570068001,0,0
6170,314575484812,1,0
6171,314580759125,0,0
6172,314586569075,0,0
6173,314592144511,1,0
6174,314597430385,1,0
6175,314602639065,0,0
6176,314608241429,0,0
6177,314613955319,0,0
6178,314619366330,0,0
6179,314624974505,1,0
6180,314630018891,1,0
6181,314635186996,0,0
6182,314640750334,0,0
6183,314646510414,1,0
6184,314651764795,1,0
6185,314656913976,1,0
6186,314662027627,1,0
6187,314667209728,1,0
6188,314672246980,0,0
6189,314677830410,0,0
6190,314683530564,0,0
6191,314689400412,1,0
6192,314694526680,0,0
6193,314700196685,0,0
6194,314705984510,1,0
6195,314711574888,0,0
6196,314717567753,1,0
6197,314722873277,1,0
6198,314727937983,1,0
6199,314733043771,0,0
6200,314738696396,0,0
6201,314744804961,0,0
6202,314750545145,0,0
6203,314756392672,0,0
6204,314761996344,0,0
6205,314767820144,1,0
6206,314773029385,1,0
6207,314778111463,1,0
6208,314783481807,1,0
6209,314788755418,0,0
6210,314794380249,0,0
6211,314799879957,1,0
6212,314805014794,1,0
6213,314810137661,1,0
6214,314815278690,0,0
6215,314820664151,0,0
6216,314826308256,0,0
6217,314831791749,1,0
6218,314836938102,1,0
6219,314842016508,1,0
6220,314847135928,0,0
6221,314852829609,0,0
6222,314858349252,1,0
6223,314863405226,1,0
6224,314868502739,0,0
6225,314874081503,1,0
6226,314879359924,1,0
6227,314884573314,1,0
6228,314889885252,1,0
6229,314895031681,1,0
6230,314900261791,0,0
6231,314906211647,1,0
6232,314911555118,0,0
6233,314917226468,1,0
6234,314922296032,1,0
6235,314927645163,1,0
6236,314932865861,0,0
6237,314938408636,1,0
6238,314943722714,1,0
6239,314949208418,0,0
6240,314955219783,0,0
6241,314960774854,1,0
6242,314966108914,1,0
6243,314971560558,1,0
6244,314976737489,0,0
6245,314982391946,0,0
6246,314988065142,1,0
6247,314993151284,1,0
6248,314998259668,1,0
6249,315003413289,1,0
6250,315008589761,0,0
6251,315014105156,1,0
6252,315019229392,0,0
6253,315024906466,1,0
6254,315030031615,0,0
6255,315035516979,1,0
6256,315040771740,1,0
6257,315046030840,1,0
6258,315051095440,0,0
6259,315056420239,1,0
6260,315061533967,1,0
6261,315066784558,0,0
6262,315072329935,0,0
6263,315077968983,1,0
6264,315083025975,0,0
6265,315088619712,1,0
6266,315093966884,1,0
6267,315098928133,0,0
6268,315104638966,1,0
6269,315109705207,0,0
6270,315115438148,1,0
6271,315120732032,1,0
6272,315125896475,0,0
6273,315131635923,1,0
6274,315137132558,0,0
6275,315142767309,0,0
6276,315148665362,1,0
6277,315153928863,0,0
6278,315159423113,0,0
6279,315165489529,0,0
6280,315171097966,1,0
6281,315176298330,1,0
6282,315181542949,1,0
6283,315186798200,1,0
6284,315191946832,1,0
6285,315197137257,1,0
6286,315202296797,1,0
6287,315207457878,0,0
6288,315212785536,1,0
6289,315217887703,1,0
6290,315223532550,0,0
6291,315229592127,0,0
6292,315235263145,0,0
6293,315240771926,1,0
6294,315245900250,1,0
6295,315251019812,0,0
6296,315256443544,1,0
6297,315261615094,1,0
6298,315266917778,0,0
6299,315272590590,1,0
6300,315277905548,1,0
6301,315283038104,0,0
6302,315288771692,1,0
6303,315293882048,1,0
6304,315298953507,1,0
6305,315304051963,1,0
6306,315309023863,0,0
6307,315314883175,1,0
6308,315319897417,0,0
6309,315325685741,1,0
6310,315331045792,0,0
6311,315336794600,0,0
6312,315342594184,0,0
6313,315348225288,1,0
6314,315353722771,0,0
6315,315359590747,1,0
6316,315364695692,1,0
6317,315369774394,0,0
6318,315375668955,1,0
6319,315380815153,0,0
6320,315386637759,0,0
6321,315392459656,0,0
6322,315398203530,1,0
6323,315403453635,1,0
6324,315408560579,0,0
6325,315414175348,0,0
6326,315419717295,0,0
6327,315425403398,0,0
6328,315430871619,0,0
6329,315436315572,0,0
6330,315441884962,1,0
6331,315446972643,1,0
6332,315452109208,0,0
6333,315457798749,1,0
6334,315462968259,1,0
6335,315468011850,0,0
6336,315473866637,1,0
6337,315478983837,0,0
6338,315484711513,0,0
6339,315490430553,1,0
6340,315495576349,0,0
6341,315501199701,0,0
6342,315507203655,1,0
6343,315512518648,0,0
6344,315518468812,1,0
6345,315523750839,1,0
6346,315529068589,1,0
6347,315534507367,0,0
6348,315540188735,1,0
6349,315545391281,0,0
6350,315551037860,0,0
6351,315556618302,0,0
6352,315562527607,0,0
6353,315568365220,1,0
6354,315573667487,0,0
6355,315579584874,0,0
6356,315585185780,1,0
6357,315590307512,0,0
6358,315596152921,0,0
6359,315601991607,1,0
6360,315607178932,1,0
6361,315612295310,0,0
6362,315618017213,1,0
6363,315623104283,1,0
6364,315628406173,0,0
6365,315633989978,0,0
6366,315639639730,0,0
6367,315645649829,1,0
6368,315651072960,1,0
6369,315656592477,0,0
6370,315662189765,0,0
6371,315667725405,1,0
6372,315672904311,0,0
6373,315678601911,1,0
6374,315683848116,0,0
6375,315689435402,1,0
6376,315694688744,0,0
6377,315700445522,1,0
6378,315705657284,0,0
6379,315711414085,0,0
6380,315717214986,0,0
6381,315722922737,0,0
6382,315728634161,1,0
6383,315733727674,0,0
6384,315739321298,0,0
6385,315745104581,0,0
6386,315750874703,0,0
6387,315756547571,1,0
6388,315761752785,0,0
6389,315767434933,1,0
6390,315772560728,1,0
6391,315777886814,0,0
6392,315783283496,1,0
6393,315788479250,0,0
6394,315794360284,0,0
6395,315799716255,0,0
6396,315805409420,0,0
6397,315810940649,0,0
6398,315816468329,1,0
6399,315821741828,1,0
6400,315826903903,0,0
6401,315832642278,1,0
6402,315837767462,1,0
6403,315842931879,0,0
6404,315848365799,0,0
6405,315854251862,1,0
6406,315859460617,1,0
6407,315864672948,1,0
6408,315870054832,1,0
6409,315875148626,1,0
6410,315880312971,1,0
6411,315885605228,0,0
6412,315891069478,0,0
6413,315896483188,1,0
6414,315901693635,1,0
6415,315906788529,1,0
6416,315911891635,1,0
6417,315917021281,0,0
6418,315922469602,0,0
6419,315928134561,1,0
6420,315933274441,0,0
6421,315939073204,0,0
6422,315944641108,1,0
6423,315949748680,0,0
6424,315955367790,0,0
6425,315961066901,0,0
6426,315966710095,1,0
6427,315971993279,1,0
6428,315976980750,0,0
6429,315982600775,1,0
6430,315987774195,1,0
6431,315992870871,0,0
6432,315998547067,0,0
6433,316004172396,1,0
6434,316009221658,0,0
6435,316015027440,1,0
6436,316020025592,0,0
6437,316025887370,1,0
6438,316031162584,1,0
6439,316036568462,1,0
6440,316041864644,0,0
6441,316047452705,1,0
6442,316052659354,1,0
6443,316057900451,1,0
6444,316062950994,1,0
6445,316068109019,0,0
6446,316073789693,0,0
6447,316079635884,1,0
6448,316084816696,1,0
6449,316089900382,1,0
6450,316094994107,1,0
6451,316100115789,1,0
6452,316105244427,1,0
6453,316110292583,1,0
6454,316115328416,0,0
6455,316121033623,1,0
6456,316126476464,0,0
6457,316132336533,0,0
6458,316137661688,0,0
6459,316143226737,1,0
6460,316148450435,0,0
6461,316154134959,0,0
6462,316159812740,0,0
6463,316165628083,0,0
6464,316171615222,1,0
6465,316176881494,1,0
6466,316182088424,0,0
6467,316187619955,0,0
6468,316193233065,0,0
6469,316198933245,0,0
6470,316204387636,0,0
6471,316210315048,1,0
6472,316215756111,0,0
6473,316221563986,1,0
6474,316226801502,1,0
6475,316232051583,1,0
6476,316237114754,0,0
6477,316242878188,0,0
6478,316248425135,0,0
6479,316254035540,0,0
6480,316259670395,1,0
6481,316264758067,0,0
6482,316270586343,1,0
6483,316275720402,1,0
6484,316280824941,0,0
6485,316286764718,1,0
6486,316291901634,1,0
6487,316297025952,0,0
6488,316302667191,1,0
6489,316307825263,0,0
6490,316313566639,0,0
6491,316319271975,1,0
6492,316324487893,0,0
6493,316330049884,1,0
6494,316335031237,0,0
6495,316340499904,0,0
6496,316346116522,0,0
6497,316351674093,1,0
6498,316356759518,1,0
6499,316361821087,1,0
6500,316366923289,1,0
6501,316371971255,0,0
6502,316377894381,1,0
6503,316382983766,0,0
6504,316388515359,0,0
6505,316394127540,0,0
6506,316399786611,1,0
6507,316404904970,0,0
6508,316410600721,1,0
6509,316415872138,0,0
6510,316421521261,0,0
6511,316427088587,1,0
6512,316432333757,1,0
6513,316437594277,0,0
6514,316443187797,1,0
6515,316448273953,1,0
6516,316453461001,0,0
6517,316459034635,1,0
6518,316464029948,0,0
6519,316469734364,1,0
6520,316474958660,1,0
6521,316480038508,0,0
6522,316485794175,1,0
6523,316490988354,1,0
6524,316496475468,0,0
6525,316502151142,1,0
6526,316507270102,0,0
6527,316512979934,1,0
6528,316517935751,1,0
6529,316523063960,1,0
6530,316528141385,0,0
6531,316533760684,0,0
6532,316539194048,1,0
6533,316544214120,1,0
6534,316549204480,0,0
6535,316554592050,1,0
6536,316559600223,1,0
6537,316564773018,1,0
6538,316570032992,1,0
6539,316575133785,1,0
6540,316580721849,0,0
6541,316586707770,1,0
6542,316591864918,0,0
6543,316597622287,0,0
6544,316603130266,1,0
6545,316608451280,0,0
6546,316614129007,0,0
6547,316619796013,1,0
6548,316624899593,1,0
6549,316629995158,1,0
6550,316635134093,1,0
6551,316640412498,1,0
6552,316645685498,1,0
6553,316650996683,0,0
6554,316656320770,0,0
6555,316662457262,0,0
6556,316668132902,1,0
6557,316673230474,0,0
6558,316678792437,1,0
6559,316683914761,1,0
6560,316688987213,0,0
6561,316694631884,0,0
6562,316700407360,1,0
6563,316705500900,0,0
6564,316711496250,0,0
6565,316717253179,1,0
6566,316722521997,1,0
6567,316727830116,1,0
6568,316732955113,0,0
6569,316738698433,1,0
6570,316743908152,0,0
6571,316749685117,1,0
6572,316755017308,0,0
6573,316760866498,0,0
6574,316766616709,0,0
6575,316772511809,1,0
6576,316777755064,0,0
6577,316783447869,1,0
6578,316788668292,1,0
6579,316793822622,1,0
6580,316798932980,1,0
6581,316804044246,0,0
6582,316809513244,0,0
6583,316815311759,0,0
6584,316821099910,1,0
6585,316826180268,0,0
6586,316831723373,0,0
6587,316837458822,1,0
6588,316842551266,1,0
6589,316847711688,1,0
6590,316853036958,0,0
6591,316858799475,0,0
6592,316864523017,0,0
6593,316870297330,1,0
6594,316875525972,0,0
6595,316881225876,0,0
6596,316887221340,1,0
6597,316892118260,1,0
6598,316897516658,1,0
6599,316902781898,0,0
6600,316908294057,0,0
6601,316914030645,0,0
6602,316919516297,0,0
6603,316924833886,1,0
6604,316930040376,0,0
6605,316935967828,1,0
6606,316941191492,0,0
6607,316947046436,1,0
6608,316952481619,1,0
6609,316957829255,1,0
6610,316963019332,1,0
6611,316968127647,0,0
6612,316973648028,0,0
6613,316979402687,1,0
6614,316984749658,1,0
6615,316989818632,0,0
6616,316995406414,0,0
6617,317000813040,1,0
6618,317005909657,0,0
6619,317011306801,0,0
6620,317016807298,1,0
6621,317021876505,1,0
6622,317026904251,0,0
6623,317032425349,1,0
6624,317037646635,1,0
6625,317042706872,0,0
6626,317048307947,1,0
6627,317053628927,1,0
6628,317059018298,1,0
6629,317064251274,1,0
6630,317069373074,0,0
6631,317074879415,1,0
6632,317080027408,1,0
6633,317085193380,1,0
6634,317090308933,1,0
6635,317095392999,0,0
6636,317100835121,0,0
6637,317106437292,1,0
6638,317111533678,0,0
6639,317117082158,1,0
6640,317122541706,0,0
6641,317128359558,0,0
6642,317133929406,1,0
6643,317139113289,0,0
6644,317144572609,1,0
6645,317149894759,0,0
6646,317155694316,0,0
6647,317161425425,1,0
6648,317166691532,0,0
6649,317172690551,1,0
6650,317177903636,0,0
6651,317183530979,1,0
6652,317188770175,0,0
6653,317194683711,0,0
6654,317200568016,1,0
6655,317205886324,1,0
6656,317210935245,0,0
6657,317216488035,0,0
6658,317222197744,0,0
6659,317227910120,1,0
6660,317233049944,1,0
6661,317238276707,1,0
6662,317243548040,1,0
6663,317248692458,0,0
6664,317254449315,0,0
6665,317260065009,1,0
6666,317265200048,0,0
6667,317270737644,1,0
6668,317275843606,1,0
6669,317280925475,1,0
6670,317286305914,0,0
6671,317291783064,0,0
6672,317297376191,0,0
6673,317302589132,0,0
6674,317307882516,1,0
6675,317312976878,1,0
6676,317318121426,1,0
6677,317323270506,1,0
6678,317328362322,1,0
6679,317333393507,0,0
6680,317338785629,0,0
6681,317344430184,0,0
6682,317350124411,0,0
6683,317355673795,0,0
6684,317361433341,0,0
6685,317367105859,1,0
6686,317372170553,1,0
6687,317377231054,1,0
6688,317382541440,1,0
6689,317387844154,0,0
6690,317393426217,1,0
6691,317398550080,1,0
6692,317403954025,0,0
6693,317409671049,0,0
6694,317415431841,0,0
6695,317420894150,0,0
6696,317426477331,0,0
6697,317432128723,0,0
6698,317437965761,1,0
6699,317443102666,1,0
6700,317448219909,1,0
6701,317453272344,1,0
6702,317458592138,0,0
6703,317464130437,1,0
6704,317469250723,0,0
6705,317474817671,1,0
6706,317479948692,1,0
6707,317485388040,0,0
6708,317491164875,1,0
6709,317496270389,0,0
6710,317502074507,0,0
6711,317507802831,0,0
6712,317513739169,0,0
6713,317519178490,1,0
6714,317524367791,1,0
6715,317529499267,1,0
6716,317534784048,0,0
6717,317540391476,0,0
6718,317545930121,0,0
6719,317551479192,1,0
6720,317556726726,1,0
6721,317561884580,0,0
6722,317567500212,1,0
6723,317572713722,0,0
6724,317578635672,0,0
6725,317584489256,0,0
6726,317590223582,1,0
6727,317595469857,0,0
6728,317601177841,0,0
6729,317606773692,0,0
6730,317612720677,1,0
6731,317617930523,0,0
6732,317623497921,1,0
6733,317628835835,0,0
6734,317634481171,0,0
6735,317640034383,0,0
6736,317645567491,1,0
6737,317650966228,0,0
6738,317656889076,1,0
6739,317662164156,0,0
6740,317667923948,0,0
6741,317673800581,1,0
6742,317678915326,1,0
6743,317684044959,1,0
6744,317689624122,1,0
6745,317694784901,1,0
6746,317699936573,1,0
6747,317705033474,0,0
6748,317710756126,1,0
6749,317715890654,0,0
6750,317721647310,0,0
6751,317727549361,0,0
6752,317733208489,0,0
6753,317738657291,0,0
6754,317744239680,1,0
6755,317749476888,1,0
6756,317754584520,0,0
6757,317760402597,1,0
6758,317765438945,1,0
6759,317770503190,0,0
6760,317775942982,0,0
6761,317781487904,0,0
6762,317787019787,1,0
6763,317792134133,0,0
6764,317797599754,0,0
6765,317803109721,1,0
6766,317808145512,0,0
6767,317813506345,0,0
6768,317819167496,0,0
6769,317824658166,1,0
6770,317829782904,1,0
6771,317834884551,1,0
6772,317839965297,1,0
6773,317845097058,1,0
6774,317850188946,1,0
6775,317855271355,0,0
6776,317860761609,0,0
6777,317866215639,1,0
6778,317871219768,1,0
6779,317876229482,0,0
6780,317881779534,0,0
6781,317887367684,0,0
6782,317892914504,0,0
6783,317898475472,0,0
6784,317904010692,0,0
6785,317909561532,0,0
6786,317915120280,0,0
6787,317920404788,1,0
6788,317925448247,0,0
6789,317930880878,0,0
6790,317936553015,1,0
6791,317941806639,1,0
6792,317946969748,0,0
6793,317952617040,1,0
6794,317957881985,0,0
6795,317963479931,0,0
6796,317969052963,0,0
6797,317974555344,1,0
6798,317979725386,0,0
6799,317985376355,0,0
6800,317990952409,1,0
6801,317996043160,0,0
6802,318001551788,1,0
6803,318006889676,1,0
6804,318011862130,1,0
6805,318017065518,0,0
6806,318022773628,0,0
6807,318028383346,1,0
6808,318033619670,0,0
6809,318039627277,0,0
6810,318045192542,1,0
6811,318050293866,1,0
6812,318055703695,0,0
6813,318061508586,1,0
6814,318067083584,0,0
6815,318072522374,1,0
6816,318077804879,1,0
6817,318082915962,0,0
6818,318088327757,1,0
6819,318093559283,1,0
6820,318098753399,1,0
6821,318103910587,0,0
6822,318109603728,0,0
6823,318115236921,1,0
6824,318122283833,1,0
6825,318127402739,1,0
6826,318132490523,1,0
6827,318137797969,1,0
6828,318142896173,1,0
6829,318147996053,1,0
6830,318153224138,0,0
6831,318158943175,1,0
6832,318164159405,0,0
6833,318169766948,1,0
6834,318174866318,0,0
6835,318180404881,1,0
6836,318185664877,1,0
6837,318190820106,1,0
6838,318196019023,0,0
6839,318201789244,0,0
6840,318207413882,0,0
6841,318213190760,0,0
6842,318218754106,1,0
6843,318223950645,1,0
6844,318229029112,0,0
6845,318234601802,0,0
6846,318240287518,0,0
6847,318245746361,1,0
6848,318250824442,1,0
6849,318255985705,1,0
6850,318261129415,0,0
6851,318266725455,0,0
6852,318272292051,1,0
6853,318277551612,1,0
6854,318282720960,1,0
6855,318287922108,0,0
6856,318293674269,0,0
6857,318299206924,0,0
6858,318305047254,0,0
6859,318310474420,1,0
6860,318315728249,0,0
6861,318321429375,0,0
6862,318327067624,1,0
6863,318332206352,0,0
6864,318337806072,0,0
6865,318343398285,0,0
6866,318349052706,1,0
6867,318354120972,0,0
6868,318359909706,0,0
6869,318365426029,0,0
6870,318370940704,1,0
6871,318376120178,1,0
6872,318381264384,1,0
6873,318386553226,0,0
6874,318392118751,1,0
6875,318397280493,1,0
6876,318402445773,1,0
6877,318407676388,1,0
6878,318412780503,0,0
6879,318418109967,0,0
6880,318423477523,1,0
6881,318428632905,0,0
6882,318434236621,1,0
6883,318439462120,0,0
6884,318445088457,1,0
6885,318450139904,1,0
6886,318455425238,1,0
6887,318460557102,0,0
6888,318466129580,1,0
6889,318471246050,0,0
6890,318477084338,1,0
6891,318482229431,1,0
6892,318487293514,1,0
6893,318492533349,0,0
6894,318498232248,0,0
6895,318503668147,0,0
6896,318508934443,0,0
6897,318514203984,1,0
6898,318519255552,0,0
6899,318524585054,0,0
6900,318530021192,1,0
6901,318535163902,1,0
6902,318540213801,1,0
6903,318545187369,1,0
6904,318550204225,0,0
6905,318555644487,1,0
6906,318560815231,1,0
6907,318565981761,0,0
6908,318571598909,0,0
6909,318577148715,0,0
6910,318582928024,1,0
6911,318588121181,0,0
6912,318593486282,1,0
6913,318598536050,1,0
6914,318604316058,1,0
6915,318609554677,0,0
6916,318615511556,0,0
6917,318621134173,0,0
6918,318626650445,0,0
6919,318632133721,1,0
6920,318637385399,0,0
6921,318643147594,1,0
6922,318648426445,1,0
6923,318653621227,1,0
6924,318659046830,1,0
6925,318664373049,0,0
6926,318670389733,1,0
6927,318675726190,1,0
6928,318680871958,0,0
6929,318686781138,0,0
6930,318692478280,1,0
6931,318697744021,1,0
6932,318702843706,0,0
6933,318708599622,0,0
6934,318714450204,1,0
6935,318719644160,0,0
6936,318725361864,0,0
6937,318731061278,0,0
6938,318736602707,1,0
6939,318741877710,1,0
6940,318747192919,0,0
6941,318752572215,1,0
6942,318757783781,1,0
6943,318763023873,0,0
6944,318768397151,1,0
6945,318773564501,1,0
6946,318778724374,0,0
6947,318784384761,0,0
6948,318789816006,0,0
6949,318795425105,1,0
6950,318800577865,1,0
6951,318805663406,1,0
6952,318810753398,1,0
6953,318815877714,0,0
6954,318821357754,1,0
6955,318826549043,0,0
6956,318832126954,0,0
6957,318837856157,0,0
6958,318843567452,1,0
6959,318848702966,1,0
6960,318853803770,1,0
6961,318858983301,1,0
6962,318864036379,1,0
6963,318869253551,1,0
6964,318874624395,1,0
6965,318879960281,1,0
6966,318885089302,1,0
6967,318890439309,1,0
6968,318895615116,1,0
6969,318900867582,0,0
6970,318906538028,0,0
6971,318912037210,0,0
6972,318917880652,1,0
6973,318923019706,0,0
6974,318928999192,0,0
6975,318934712870,0,0
6976,318940795696,1,0
6977,318946078597,1,0
6978,318951500026,1,0
6979,318956761389,0,0
6980,318962289457,1,0
6981,318967453971,0,0
6982,318973076096,0,0
6983,318978743961,1,0
6984,318983872617,0,0
6985,318989391990,0,0
6986,318995030337,0,0
6987,319000624250,0,0
6988,319006268390,1,0
6989,319011727620,1,0
6990,319017035293,1,0
6991,319022448899,0,0
6992,319028145061,1,0
6993,319033486274,1,0
6994,319038851117,0,0
6995,319044310916,0,0
6996,319049764860,1,0
6997,319055031561,0,0
6998,319060789435,0,0
6999,319066458066,0,0
7000,319071848510,0,0
7001,319077308995,0,0
7002,319082839535,0,0
7003,319088497125,1,0
7004,319093598407,0,0
7005,319099333093,1,0
7006,319104684603,0,0
7007,319110398029,0,0
7008,319115817610,0,0
7009,319121270382,1,0
7010,319126428430,0,0
7011,319132053995,0,0
7012,319137519573,1,0
7013,319142908954,0,0
7014,319148536940,1,0
7015,319153880166,0,0
7016,319159515668,1,0
7017,319164798623,0,0
7018,319170474189,0,0
7019,319176026461,0,0
7020,319181722468,1,0
7021,319186862260,0,0
7022,319192556629,0,0
7023,319198290305,1,0
7024,319203538624,0,0
7025,319209172582,0,0
7026,319214735351,0,0
7027,319220420623,1,0
7028,319225666321,0,0
7029,319230926437,0,0
7030,319236574162,0,0
7031,319242114847,1,0
7032,319247456273,1,0
7033,319252644584,1,0
7034,319257880950,0,0
7035,319263334359,0,0
7036,319268914399,0,0
7037,319274268130,1,0
7038,319279516053,0,0
7039,319284931593,0,0
7040,319290442804,0,0
7041,319295974533,0,0
7042,319301584394,1,0
7043,319306874488,0,0
7044,319312486578,0,0
7045,319318055637,0,0
7046,319323517277,0,0
7047,319329176142,0,0
7048,319335130874,1,0
7049,319340504998,1,0
7050,319345984574,0,0
7051,319351479667,1,0
7052,319356755947,0,0
7053,319362329525,1,0
7054,319367571200,1,0
7055,319372709609,0,0
7056,319378282557,0,0
7057,319383538439,0,0
7058,319388991580,0,0
7059,319394395923,1,0
7060,319399551601,1,0
7061,319404713387,0,0
7062,319409979708,1,0
7063,319415135371,0,0
7064,319420606250,0,0
7065,319426030411,0,0
7066,319431602683,1,0
7067,319436870402,0,0
7068,319442611333,0,0
7069,319448307289,0,0
7070,319453833308,1,0
7071,319458944803,0,0
7072,319464613343,0,0
7073,319470201421,0,0
7074,319475625743,1,0
7075,319480762854,1,0
7076,319485811685,0,0
7077,319491299628,1,0
7078,319496336376,1,0
7079,319501446941,0,0
7080,319506806094,0,0
7081,319512413794,0,0
7082,319517861010,0,0
7083,319523588954,1,0
7084,319528705744,0,0
7085,319534267547,0,0
7086,319539767410,0,0
7087,319545186152,0,0
7088,319550535550,0,0
7089,319556127223,0,0
7090,319561688841,0,0
7091,319567379252,1,0
7092,319572623918,1,0
7093,319577815887,1,0
7094,319582932339,1,0
7095,319588083164,1,0
7096,319592982726,1,0
7097,319598011613,1,0
7098,319603047237,1,0
7099,319608384327,1,0
7100,319613505464,0,0
7101,319620946491,1,0
7102,319626151713,0,0
7103,319631605841,1,0
7104,319636963632,0,0
7105,319642567463,1,0
7106,319647732358,1,0
7107,319652871887,0,0
7108,319658287885,1,0
7109,319663485283,1,0
7110,319668629074,1,0
7111,319673741283,1,0
7112,319678984003,1,0
7113,319684130169,0,0
7114,319689824823,1,0
7115,319694944105,1,0
7116,319699993961,0,0
7117,319705982264,0,0
7118,319711832551,0,0
7119,319717545358,1,0
7120,319722810558,0,0
7121,319728436818,0,0
7122,319734061937,0,0
7123,319739734145,1,0
7124,319744852606,1,0
7125,319749985140,1,0
7126,319755034359,1,0
7127,319760128024,1,0
7128,319765236762,1,0
7129,319770463567,1,0
7130,319775688713,0,0
7131,319781450026,0,0
7132,319787059655,1,0
7133,319792168948,1,0
7134,319797254597,0,0
7135,319802923841,1,0
7136,319808018841,0,0
7137,319813636969,0,0
7138,319819269669,0,0
7139,319824918133,1,0
7140,319830033264,0,0
7141,319835876731,1,0
7142,319841141857,1,0
7143,319846424972,1,0
7144,319851589882,1,0
7145,319856887628,1,0
7146,319862038585,1,0
7147,319867274029,0,0
7148,319872896976,1,0
7149,319878124104,0,0
7150,319883946008,0,0
7151,319889733945,0,0
7152,319895521423,0,0
7153,319901142908,1,0
7154,319906234183,1,0
7155,319911447939,0,0
7156,319917123494,0,0
7157,319922673714,0,0
7158,319928280563,0,0
7159,319934104539,1,0
7160,319939205984,0,0
7161,319944969568,1,0
7162,319950032630,0,0
7163,319956016546,0,0
7164,319961703845,1,0
7165,319966987033,1,0
7166,319972135113,0,0
7167,319977888901,1,0
7168,319983024018,1,0
7169,319988445493,1,0
7170,319993692219,1,0
7171,319998995615,1,0
7172,320004032316,0,0
7173,320009621120,1,0
7174,320014877661,0,0
7175,320020584300,1,0
7176,320025711522,0,0
7177,320031404074,1,0
7178,320036624512,0,0
7179,320042330706,1,0
7180,320047579326,1,0
7181,320052886769,1,0
7182,320057940978,1,0
7183,320062982832,0,0
7184,320068741161,1,0
7185,320073962216,0,0
7186,320079587516,1,0
7187,320085136227,1,0
7188,320090132438,0,0
7189,320095820448,0,0
7190,320101323249,1,0
7191,320106498952,1,0
7192,320111700467,1,0
7193,320116870951,1,0
7194,320121958813,0,0
7195,320127308722,1,0
7196,320132529499,0,0
7197,320138240868,1,0
7198,320143448160,0,0
7199,320149148919,0,0
7200,320154602609,1,0
7201,320159722267,1,0
7202,320164784448,0,0
7203,320170237325,1,0
7204,320175293478,0,0
7205,320180737513,1,0
7206,320185970378,0,0
7207,320191344535,1,0
7208,320196531500,1,0
7209,320201733508,1,0
7210,320206963537,0,0
7211,320212484165,1,0
7212,320217710481,1,0
7213,320222935304,0,0
7214,320228653712,0,0
7215,320234215722,1,0
7216,320239425186,1,0
7217,320244643267,0,0
7218,320250384598,0,0
7219,320255962242,0,0
7220,320261608072,1,0
7221,320266901395,0,0
7222,320272731720,1,0
7223,320277826776,1,0
7224,320282929707,1,0
7225,320287978534,0,0
7226,320293930911,0,0
7227,320299587145,1,0
7228,320304890925,1,0
7229,320310053758,0,0
7230,320315823402,0,0
7231,320321384770,0,0
7232,320327071243,1,0
7233,320332018955,0,0
7234,320337877817,0,0
7235,320343470647,0,0
7236,320349166945,0,0
7237,320354671821,0,0
7238,320360479124,1,0
7239,320365683336,0,0
7240,320371359588,1,0
7241,320376593225,0,0
7242,320382314693,1,0
7243,320387528836,1,0
7244,320392779268,0,0
7245,320398408961,0,0
7246,320404037647,1,0
7247,320409469018,0,0
7248,320414953143,1,0
7249,320420041612,0,0
7250,320425692347,0,0
7251,320431276666,1,0
7252,320436531067,1,0
7253,320442061427,0,0
7254,320447547910,0,0
7255,320453325713,0,0
7256,320459102161,1,0
7257,320464031656,0,0
7258,320469802226,1,0
7259,320474992875,0,0
7260,320480699272,0,0
7261,320486451178,0,0
7262,320492496905,0,0
7263,320497982596,0,0
7264,320503383666,0,0
7265,320508646415,1,0
7266,320513810313,1,0
7267,320518973719,0,0
7268,320524535801,1,0
7269,320529672969,0,0
7270,320535211471,1,0
7271,320540253573,0,0
7272,320545812403,1,0
7273,320550967251,0,0
7274,320556568457,1,0
7275,320561687635,0,0
7276,320567483573,0,0
7277,320573020206,0,0
7278,320578753375,0,0
7279,320584180360,0,0
7280,320589674227,1,0
7281,320594764299,1,0
7282,320599851116,0,0
7283,320605296825,1,0
7284,320610371888,0,0
7285,320615871634,0,0
7286,320621348733,1,0
7287,320626458377,1,0
7288,320631544057,1,0
7289,320636670071,1,0
7290,320641796038,1,0
7291,320646872423,0,0
7292,320652445745,1,0
7293,320657592238,0,0
7294,320663422229,0,0
7295,320669258619,1,0
7296,320674272586,0,0
7297,320680028367,1,0
7298,320685445426,1,0
7299,320690865852,0,0
7300,320696705939,0,0
7301,320702321204,0,0
7302,320707967406,1,0
7303,320713182562,0,0
7304,320718744686,1,0
7305,320723864926,0,0
7306,320729356455,0,0
7307,320734837285,1,0
7308,320740127589,1,0
7309,320745451069,0,0
7310,320751034606,0,0
7311,320756793566,1,0
7312,320762025579,0,0
7313,320767680354,1,0
7314,320772751206,1,0
7315,320777838532,0,0
7316,320783515487,1,0
7317,320788780763,1,0
7318,320794109583,0,0
7319,320799487286,0,0
7320,320805120990,0,0
7321,320810708566,1,0
7322,320816041487,1,0
7323,320820995384,1,0
7324,320826266077,0,0
7325,320831968656,0,0
7326,320837508380,0,0
7327,320843121087,0,0
7328,320848770062,1,0
7329,320853898352,1,0
7330,320859022727,1,0
7331,320864037223,1,0
7332,320869787970,0,0
7333,320875514237,0,0
7334,320881171628,1,0
7335,320886671656,0,0
7336,320892417643,1,0
7337,320897788821,0,0
7338,320903560784,1,0
7339,320908744321,0,0
7340,320914405867,1,0
7341,320919614576,0,0
7342,320925519533,1,0
7343,320931030607,1,0
7344,320936120058,0,0
7345,320941609098,0,0
7346,320947585160,1,0
7347,320952808392,0,0
7348,320958571901,0,0
7349,320964466282,1,0
7350,320969779415,0,0
7351,320975464777,0,0
7352,320981387382,1,0
7353,320986567957,0,0
7354,320992255173,1,0
7355,320997618556,0,0
7356,321003441254,0,0
7357,321009184578,0,0
7358,321014995197,0,0
7359,321020672619,1,0
7360,321025747231,1,0
7361,321030950931,0,0
7362,321036611616,1,0
7363,321041844487,0,0
7364,321047627759,1,0
7365,321052867118,0,0
7366,321058579239,0,0
7367,321064694561,1,0
7368,321069975975,0,0
7369,321075729452,1,0
7370,321080948770,0,0
7371,321086608078,1,0
7372,321091798070,0,0
7373,321097640760,1,0
7374,321102818182,1,0
7375,321107989869,1,0
7376,321113103873,0,0
7377,321118750355,0,0
7378,321124422436,1,0
7379,321129713335,0,0
7380,321135414489,1,0
7381,321140973632,1,0
7382,321146176576,0,0
7383,321152254498,0,0
7384,321157881612,1,0
7385,321163118792,0,0
7386,321168864879,1,0
7387,321174015927,1,0
7388,321179024660,1,0
7389,321184282481,1,0
7390,321189599728,1,0
7391,321194919741,0,0
7392,321201032836,1,0
7393,321206032491,1,0
7394,321211480675,1,0
7395,321216756802,0,0
7396,321222258201,0,0
7397,321227960449,1,0
7398,321233083401,1,0
7399,321238460485,1,0
7400,321243584539,0,0
7401,321249280176,1,0
7402,321254467524,1,0
7403,321259579442,1,0
7404,321264671872,1,0
7405,321269866789,1,0
7406,321275104316,1,0
7407,321280135133,1,0
7408,321285244357,0,0
7409,321290992466,1,0
7410,321295947002,0,0
7411,321301427917,0,0
7412,321307369536,0,0
7413,321313083697,0,0
7414,321318579815,1,0
7415,321323790569,0,0
7416,321329335679,1,0
7417,321334829645,1,0
7418,321339887632,1,0
7419,321344957134,1,0
7420,321350024855,0,0
7421,321355871507,0,0
7422,321361793260,1,0
7423,321367019930,0,0
7424,321372760801,0,0
7425,321378492522,0,0
7426,321384185602,0,0
7427,321389876105,0,0
7428,321395635072,1,0
7429,321400811623,0,0
7430,321406426732,0,0
7431,321412110314,1,0
7432,321417143683,1,0
7433,321422241567,0,0
7434,321428114865,1,0
7435,321433169286,0,0
7436,321439033985,0,0
7437,321444379749,0,0
7438,321450120409,1,0
7439,321455220314,1,0
7440,321460294300,0,0
7441,321465861243,1,0
7442,321470975427,1,0
7443,321476019031,1,0
7444,321481020929,1,0
7445,321486122744,1,0
7446,321491202222,0,0
7447,321496992287,0,0
7448,321502588168,1,0
7449,321507762199,1,0
7450,321512880946,0,0
7451,321518427245,1,0
7452,321523651942,0,0
7453,321529395537,0,0
7454,321535128920,0,0
7455,321540643294,1,0
7456,321545753410,1,0
7457,321550846662,1,0
7458,321555999912,1,0
7459,321561198923,1,0
7460,321566309889,0,0
7461,321571910050,0,0
7462,321577596486,0,0
7463,321583235095,1,0
7464,321588412805,0,0
7465,321594109665,0,0
7466,321600029211,0,0
7467,321605553746,1,0
7468,321610858625,1,0
7469,321616116852,1,0
7470,321621511491,0,0
7471,321627217889,1,0
7472,321632456092,1,0
7473,321637671754,1,0
7474,321642899342,0,0
7475,321648486170,1,0
7476,321653669998,0,0
7477,321659346698,1,0
7478,321664765700,0,0
7479,321670733688,0,0
7480,321676400465,0,0
7481,321682117633,1,0
7482,321687274059,0,0
7483,321692958140,1,0
7484,321698150055,0,0
7485,321703839895,0,0
7486,321709395068,1,0
7487,321714592120,0,0
7488,321720443254,1,0
7489,321725689978,1,0
7490,321730769361,0,0
7491,321736257171,0,0
7492,321741747518,1,0
7493,321746828483,0,0
7494,321752411911,1,0
7495,321757503369,0,0
7496,321763096041,1,0
7497,321768167665,1,0
7498,321773209765,0,0
7499,321778488060,0,0
7500,321783969954,1,0
7501,321789159570,0,0
7502,321794742314,1,0
7503,321799819017,1,0
7504,321804920066,1,0
7505,321810165137,1,0
7506,321815227868,0,0
7507,321820751796,1,0
7508,321826020877,0,0
7509,321831715656,1,0
7510,321836948782,0,0
7511,321842684915,1,0
7512,321847915643,0,0
7513,321853651788,1,0
7514,321858750322,0,0
7515,321864402095,1,0
7516,321869779657,0,0
7517,321875408426,0,0
7518,321881135862,0,0
7519,321886603389,0,0
7520,321892263982,1,0
7521,321897409336,0,0
7522,321903105915,1,0
7523,321908519168,0,0
7524,321914129349,0,0
7525,321919984214,0,0
7526,321925418326,0,0
7527,321931105238,1,0
7528,321936450919,1,0
7529,321941685043,1,0
7530,321946779275,0,0
7531,321952387501,0,0
7532,321958040814,0,0
7533,321963515918,0,0
7534,321969314745,1,0
7535,321974523713,0,0
7536,321980245648,1,0
7537,321985457352,1,0
7538,321990671984,1,0
7539,321995921316,0,0
7540,322001541582,0,0
7541,322007223504,1,0
7542,322012272306,0,0
7543,322017978016,1,0
7544,322023109525,1,0
7545,322028323619,1,0
7546,322033664840,0,0
7547,322039283591,0,0
7548,322044925042,1,0
7549,322050114950,1,0
7550,322055427194,1,0
7551,322060644139,0,0
7552,322066358414,0,0
7553,322071861197,0,0
7554,322077557100,0,0
7555,322083043813,0,0
7556,322088837746,1,0
7557,322094130391,0,0
7558,322099658919,0,0
7559,322105102088,0,0
7560,322110967301,0,0
7561,322116485259,1,0
7562,322121675845,1,0
7563,322126880189,0,0
7564,322132534754,1,0
7565,322137674217,1,0
7566,322142815326,1,0
7567,322147940075,1,0
7568,322153025961,1,0
7569,322158406225,0,0
7570,322164246875,0,0
7571,322169610299,1,0
7572,322174804906,0,0
7573,322180384579,0,0
7574,322186123005,0,0
7575,322191627025,0,0
7576,322197218833,0,0
7577,322202754091,0,0
7578,322208516754,1,0
7579,322213892097,0,0
7580,322219543667,1,0
7581,322224791700,1,0
7582,322229986609,1,0
7583,322235089131,0,0
7584,322240764117,1,0
7585,322245996317,1,0
7586,322251033381,1,0
7587,322256130696,0,0
7588,322262063094,1,0
7589,322267029624,0,0
7590,322272617999,1,0
7591,322277746107,0,0
7592,322283387994,0,0
7593,322289015060,1,0
7594,322294448618,1,0
7595,322299676585,0,0
7596,322305374949,0,0
7597,322311048000,0,0
7598,322316718624,0,0
7599,322322219337,0,0
7600,322327678069,1,0
7601,322332787269,0,0
7602,322338182255,0,0
7603,322343619000,1,0
7604,322348674385,0,0
7605,322354130103,0,0
7606,322359659416,0,0
7607,322365450343,1,0
7608,322370549181,0,0
7609,322376237422,0,0
7610,322382077445,1,0
7611,322387040277,0,0
7612,322393085828,0,0
7613,322398749057,1,0
7614,322403803165,1,0
7615,322408931336,0,0
7616,322414436717,1,0
7617,322419702591,1,0
7618,322424820559,1,0
7619,322430054132,1,0
7620,322435023001,1,0
7621,322440175231,0,0
7622,322445844405,1,0
7623,322450923301,0,0
7624,322456584820,0,0
7625,322462192169,0,0
7626,322467699922,0,0
7627,322473317563,0,0
7628,322478983993,0,0
7629,322484627837,1,0
7630,322489743801,1,0
7631,322494857971,1,0
7632,322499968440,1,0
7633,322505033984,0,0
7634,322510734666,0,0
7635,322516506137,0,0
7636,322522146613,0,0
7637,322528016965,1,0
7638,322533164425,1,0
7639,322538572891,0,0
7640,322544516963,0,0
7641,322550031580,1,0
7642,322555250843,0,0
7643,322560711437,0,0
7644,322566529833,1,0
7645,322571792100,1,0
7646,322577051503,1,0
7647,322582271889,0,0
7648,322587858466,1,0
7649,322593061294,0,0
7650,322598359727,0,0
7651,322604038375,0,0
7652,322609590529,1,0
7653,322614785529,1,0
7654,322619937954,0,0
7655,322625586831,1,0
7656,322630843461,1,0
7657,322635901756,0,0
7658,322641419917,0,0
7659,322647175515,0,0
7660,322652875186,0,0
7661,322658526503,1,0
7662,322663717753,1,0
7663,322669018187,1,0
7664,322674133723,1,0
7665,322679281402,1,0
7666,322684559009,1,0
7667,322689872039,1,0
7668,322695032795,0,0
7669,322700902828,1,0
7670,322706063401,0,0
7671,322712104558,0,0
7672,322717646829,1,0
7673,322722997150,0,0
7674,322729099561,1,0
7675,322734025480,0,0
7676,322739574548,0,0
7677,322745249804,1,0
7678,322750460246,1,0
7679,322755777643,1,0
7680,322760946900,1,0
7681,322766164797,0,0
7682,322771755924,0,0
7683,322777570635,1,0
7684,322782857905,1,0
7685,322788024931,0,0
7686,322793556350,0,0
7687,322799205106,0,0
7688,322804609390,1,0
7689,322809837422,0,0
7690,322815237399,1,0
7691,322820437013,0,0
7692,322826236204,0,0
7693,322831995991,0,0
7694,322837797226,0,0
7695,322843570583,0,0
7696,322849200674,0,0
7697,322854578004,1,0
7698,322859791077,1,0
7699,322864906208,0,0
7700,322870621651,0,0
7701,322876413528,1,0
7702,322881625704,1,0
7703,322886887738,1,0
7704,322892027077,0,0
7705,322897728943,1,0
7706,322902977108,0,0
7707,322908778119,1,0
7708,322914158652,0,0
7709,322919721458,0,0
7710,322925741428,0,0
7711,322931461709,1,0
7712,322936796589,1,0
7713,322942076070,1,0
7714,322947289063,0,0
7715,322953186065,1,0
7716,322958363416,0,0
7717,322963950804,0,0
7718,322969716541,0,0
7719,322975581972,1,0
7720,322980943102,0,0
7721,322986546225,0,0
7722,322992313063,0,0
7723,322998476839,1,0
7724,323003829180,0,0
7725,323009446161,1,0
7726,323014679805,1,0
7727,323019821945,0,0
7728,323025767843,1,0
7729,323031030167,0,0
7730,323036601685,0,0
7731,323042321091,0,0
7732,323048094209,1,0
7733,323053582949,1,0
7734,323058864304,0,0
7735,323064771472,1,0
7736,323070042815,0,0
7737,323075625642,0,0
7738,323081499230,1,0
7739,323086674908,1,0
7740,323091935964,1,0
7741,323097162766,0,0
7742,323102732176,1,0
7743,323107811311,0,0
7744,323113394978,0,0
7745,323118999254,0,0
7746,323124648996,1,0
7747,323129770925,1,0
7748,323134882322,0,0
7749,323140506843,1,0
7750,323145557604,1,0
7751,323150658684,0,0
7752,323156398246,1,0
7753,323161550432,0,0
7754,323167222526,0,0
7755,323172869901,0,0
7756,323178597951,0,0
7757,323184241734,0,0
7758,323189951097,0,0
7759,323195818125,1,0
7760,323201037740,0,0
7761,323206677586,0,0
7762,323212143221,0,0
7763,323217908458,0,0
7764,323223900428,0,0
7765,323229947773,1,0
7766,323235054833,1,0
7767,323240528036,0,0
7768,323246522617,0,0
7769,323252523858,1,0
7770,323257709853,0,0
7771,323263608751,1,0
7772,323268965419,0,0
7773,323274606355,0,0
7774,323280225617,0,0
7775,323285679577,0,0
7776,323291434959,0,0
7777,323297143366,0,0
7778,323302647842,1,0
7779,323307945792,1,0
7780,323313222145,1,0
7781,323318448085,1,0
7782,323323599549,0,0
7783,323329146995,1,0
7784,323334454390,1,0
7785,323339669480,1,0
7786,323344766469,0,0
7787,323350194866,0,0
7788,323355554583,1,0
7789,323360679115,0,0
7790,323365989852,1,0
7791,323371126114,0,0
7792,323376427795,1,0
7793,323381484686,1,0
7794,323386606227,0,0
7795,323392174899,0,0
7796,323397791555,1,0
7797,323402926434,1,0
7798,323408047509,1,0
7799,323413135613,0,0
7800,323418684448,1,0
7801,323423823263,1,0
7802,323428904209,1,0
7803,323433995879,0,0
7804,323439607699,0,0
7805,323445021344,0,0
7806,323450298197,0,0
7807,323455593834,1,0
7808,323460701445,1,0
7809,323465772790,1,0
7810,323470928273,1,0
7811,323476056006,0,0
7812,323481582815,1,0
7813,323486920183,0,0
7814,323492743817,0,0
7815,323498196086,1,0
7816,323503674046,0,0
7817,323509365202,1,0
7818,323514617034,0,0
7819,323520258179,0,0
7820,323526031971,0,0
7821,323531475690,0,0
7822,323536839553,1,0
7823,323541904420,0,0
7824,323547252916,1,0
7825,323553170526,1,0
7826,323558213043,0,0
7827,323563906982,1,0
7828,323569018837,0,0
7829,323574842739,0,0
7830,323580315843,0,0
7831,323585604381,1,0
7832,323591199568,0,0
7833,323596581292,1,0
7834,323602182741,0,0
7835,323607902452,0,0
7836,323613324439,1,0
7837,323618437757,0,0
7838,323624020099,1,0
7839,323629165994,0,0
7840,323634864677,0,0
7841,323640953295,0,0
7842,323646736663,0,0
7843,323652703466,1,0
7844,323660509078,1,0
7845,323665703179,1,0
7846,323671211249,0,0
7847,323676832118,0,0
7848,323682169334,0,0
7849,323687741219,0,0
7850,323694161284,0,0
7851,323700130552,0,0
7852,323705696971,1,0
7853,323711568288,1,0
7854,323717453915,0,0
7855,323722857781,0,0
7856,323728944030,0,0
7857,323734678515,0,0
7858,323742609441,1,0
7859,323747661349,1,0
7860,323753498260,0,0
7861,323759479241,1,0
7862,323764707619,1,0
7863,323770146314,1,0
7864,323775740806,0,0
7865,323781390127,1,0
7866,323786822564,1,0
7867,323792569225,1,0
7868,323798117821,0,0
7869,323803578023,1,0
7870,323808770962,0,0
7871,323814377730,1,0
7872,323819578352,1,0
7873,323824746336,0,0
7874,323830405958,0,0
7875,323836049434,1,0
7876,323841164036,1,0
7877,323846455984,0,0
7878,323851993708,0,0
7879,323857404144,1,0
7880,323862511620,1,0
7881,323867857125,1,0
7882,323872955031,0,0
7883,323878568475,1,0
7884,323883677146,1,0
7885,323889280040,0,0
7886,323894425359,0,0
7887,323900241878,1,0
7888,323905316127,0,0
7889,323911357413,0,0
7890,323917067774,1,0
7891,323922145904,0,0
7892,323928132184,1,0
7893,323933065931,0,0
7894,323938845616,0,0
7895,323944765323,1,0
7896,323949961624,1,0
7897,323955632887,0,0
7898,323961286159,0,0
7899,323966995736,1,0
7900,323972052784,1,0
7901,323977202640,0,0
7902,323982682015,0,0
7903,323988537372,0,0
7904,323994154452,0,0
7905,323999609466,0,0
7906,324005318539,0,0
7907,324011155258,0,0
7908,324016943588,0,0
7909,324022454679,1,0
7910,324027601842,1,0
7911,324032931072,1,0
7912,324037967665,1,0
7913,324043062170,0,0
7914,324048740258,1,0
7915,324053935178,1,0
7916,324059035407,1,0
7917,324063940316,0,0
7918,324069662054,0,0
7919,324075257373,1,0
7920,324080473917,1,0
7921,324085939435,0,0
7922,324091622755,1,0
7923,324096780356,0,0
7924,324102527192,1,0
7925,324107801499,0,0
7926,324113692473,1,0
7927,324118801475,1,0
7928,324123954597,1,0
7929,324129121824,0,0
7930,324134722663,0,0
7931,324140608643,1,0
7932,324145915170,1,0
7933,324151025181,0,0
7934,324156789690,1,0
7935,324161861280,0,0
7936,324167394589,1,0
7937,324172575761,0,0
7938,324178654366,0,0
7939,324184334749,0,0
7940,324190150628,0,0
7941,324195784862,0,0
7942,324201397739,0,0
7943,324207171182,0,0
7944,324212626531,1,0
7945,324217875213,0,0
7946,324223591374,0,0
7947,324229419965,0,0
7948,324234926784,1,0
7949,324240049980,0,0
7950,324245908443,0,0
7951,324252057809,0,0
7952,324257781901,1,0
7953,324263200486,1,0
7954,324268559375,0,0
7955,324274686940,1,0
7956,324280094610,1,0
7957,324285526408,0,0
7958,324291430044,1,0
7959,324296768171,1,0
7960,324301880857,1,0
7961,324306970604,1,0
7962,324312537283,0,0
7963,324318608714,0,0
7964,324324270592,1,0
7965,324329795079,0,0
7966,324335589954,0,0
7967,324341711928,1,0
7968,324346942854,1,0
7969,324352170010,1,0
7970,324357523707,0,0
7971,324363306813,1,0
7972,324368694974,1,0
7973,324374095147,0,0
7974,324379781549,1,0
7975,324384928664,0,0
7976,324390745491,0,0
7977,324396717823,0,0
7978,324402637513,0,0
7979,324408430526,0,0
7980,324414170103,0,0
7981,324420060408,0,0
7982,324425330592,0,0
7983,324431125119,1,0
7984,324436060126,1,0
7985,324441222009,0,0
7986,324447081764,1,0
7987,324452023116,1,0
7988,324457114829,1,0
7989,324462394432,0,0
7990,324468106346,0,0
7991,324474042875,0,0
7992,324479819428,1,0
7993,324485077270,1,0
7994,324490485340,0,0
7995,324496167320,0,0
7996,324502067172,0,0
7997,324508062835,0,0
7998,324514154629,1,0
7999,324519770612,1,0
8000,324525026176,1,0
8001,324530027068,1,0
8002,324535142673,1,0
8003,324540492233,0,0
8004,324546505426,1,0
8005,324551819516,0,0
8006,324557670896,0,0
8007,324563557681,1,0
8008,324568824496,0,0
8009,324574607328,0,0
8010,324580478795,0,0
8011,324586468340,1,0
8012,324591643165,1,0
8013,324596697150,0,0
8014,324602416053,0,0
8015,324608185349,0,0
8016,324613819869,1,0
8017,324618929825,1,0
8018,324623930813,0,0
8019,324629609243,0,0
8020,324635573168,0,0
8021,324641364030,1,0
8022,324646737478,0,0
8023,324652407794,0,0
8024,324658101869,1,0
8025,324663081852,0,0
8026,324668980409,0,0
8027,324674932883,1,0
8028,324680033932,0,0
8029,324685676620,1,0
8030,324690943459,0,0
8031,324696831779,1,0
8032,324702055860,0,0
8033,324707750194,1,0
8034,324713051067,0,0
8035,324718735680,0,0
8036,324724807883,1,0
8037,324730051770,1,0
8038,324735199500,1,0
8039,324740692965,1,0
8040,324746051041,0,0
8041,324751665711,1,0
8042,324756815221,0,0
8043,324762462820,1,0
8044,324767726957,1,0
8045,324772821783,0,0
8046,324778493962,1,0
8047,324784086402,1,0
8048,324789472574,0,0
8049,324795133843,0,0
8050,324800838322,1,0
8051,324806067161,0,0
8052,324811726101,1,0
8053,324816888821,1,0
8054,324822036200,0,0
8055,324827899259,1,0
8056,324833590579,1,0
8057,324838849331,1,0
8058,324844146451,0,0
8059,324849937952,1,0
8060,324855762853,0,0
8061,324861720415,0,0
8062,324867639290,1,0
8063,324873052848,0,0
8064,324878783096,1,0
8065,324884030324,1,0
8066,324889537606,1,0
8067,324894907293,1,0
8068,324900048996,1,0
8069,324905442236,0,0
8070,324911156101,0,0
8071,324916995044,0,0
8072,324922763211,0,0
8073,324928526468,1,0
8074,324933959429,0,0
8075,324939734367,1,0
8076,324944955694,0,0
8077,324950874318,0,0
8078,324956777322,0,0
8079,324962589448,0,0
8080,324968378189,0,0
8081,324974112608,0,0
8082,324979593972,0,0
8083,324985487170,0,0
8084,324991144501,1,0
8085,324996526978,0,0
8086,325002239306,1,0
8087,325007572997,0,0
8088,325013324564,1,0
8089,325018475675,1,0
8090,325023630492,0,0
8091,325029566310,0,0
8092,325035208480,1,0
8093,325040429144,0,0
8094,325046442849,1,0
8095,325051669252,0,0
8096,325057592822,1,0
8097,325062853055,0,0
8098,325068646475,1,0
8099,325073819579,1,0
8100,325079180550,0,0
8101,325085220254,0,0
8102,325090930006,0,0
8103,325096700292,1,0
8104,325101903495,0,0
8105,325107657749,1,0
8106,325112979467,1,0
8107,325118194731,1,0
8108,325123608331,0,0
8109,325129648855,0,0
8110,325135654348,0,0
8111,325141535922,1,0
8112,325146935552,0,0
8113,325152688954,0,0
8114,325158520469,0,0
8115,325164365546,1,0
8116,325169772900,1,0
8117,325174952842,0,0
8118,325180974822,0,0
8119,325186735746,0,0
8120,325192605383,0,0
8121,325198297477,1,0
8122,325203752371,0,0
8123,325209566889,0,0
8124,325215153777,1,0
8125,325220766662,0,0
8126,325226605083,0,0
8127,325232279480,0,0
8128,325238144354,1,0
8129,325243450405,1,0
8130,325248694597,0,0
8131,325254767133,0,0
8132,325260640555,0,0
8133,325266549425,1,0
8134,325271895120,0,0
8135,325277637684,0,0
8136,325283586331,1,0
8137,325289042207,0,0
8138,325294720503,0,0
8139,325300676323,1,0
8140,325306108859,1,0
8141,325311559529,1,0
8142,325316967376,0,0
8143,325322764401,0,0
8144,325328881853,1,0
8145,325334065881,1,0
8146,325339125637,1,0
8147,325344436400,0,0
8148,325350156329,1,0
8149,325355743527,0,0
8150,325361554808,1,0
8151,325366744539,0,0
8152,325372556021,0,0
8153,325378220668,0,0
8154,325384134181,0,0
8155,325390069696,0,0
8156,325395703710,0,0
8157,325401585543,0,0
8158,325407357296,1,0
8159,325412741428,1,0
8160,325417949918,0,0
8161,325423775698,0,0
8162,325429605401,1,0
8163,325434972497,1,0
8164,325440022173,0,0
8165,325445767630,0,0
8166,325451484751,1,0
8167,325456854061,0,0
8168,325462759396,0,0
8169,325468544787,1,0
8170,325473864928,1,0
8171,325478845600,0,0
8172,325484912356,1,0
8173,325490197555,1,0
8174,325495652604,1,0
8175,325500846587,1,0
8176,325505963868,1,0
8177,325511071716,0,0
8178,325516844652,0,0
8179,325522796458,0,0
8180,325528600448,1,0
8181,325533862519,1,0
8182,325539269198,1,0
8183,325544637669,1,0
8184,325549884554,1,0
8185,325555080670,1,0
8186,325560359767,1,0
8187,325565615202,0,0
8188,325571533327,0,0
8189,325577320761,0,0
8190,325583336858,1,0
8191,325588791602,1,0
8192,325593983035,0,0
8193,325599740249,0,0
8194,325605834985,1,0
8195,325611062815,0,0
8196,325616903295,1,0
8197,325622207831,1,0
8198,325627538156,1,0
8199,325632895970,0,0
8200,325638629879,1,0
8201,325644071509,1,0
8202,325649616894,0,0
8203,325655107170,1,0
8204,325660155157,1,0
8205,325665314001,0,0
8206,325670954404,1,0
8207,325676116474,1,0
8208,325681307644,1,0
8209,325686565767,0,0
8210,325692616677,0,0
8211,325698400950,1,0
8212,325703706490,0,0
8213,325709149834,0,0
8214,325714850353,0,0
8215,325720608060,0,0
8216,325726060603,0,0
8217,325731511602,0,0
8218,325737073540,1,0
8219,325742351407,1,0
8220,325747715527,0,0
8221,325753642887,1,0
8222,325758877921,1,0
8223,325764055159,0,0
8224,325769618910,1,0
8225,325774774664,1,0
8226,325780257878,1,0
8227,325785269535,0,0
8228,325790683470,1,0
8229,325795942044,0,0
8230,325801780746,0,0
8231,325807548874,1,0
8232,325812732049,1,0
8233,325817926357,1,0
8234,325823072390,0,0
8235,325828724398,0,0
8236,325834332719,1,0
8237,325839480946,1,0
8238,325844625782,0,0
8239,325850210926,1,0
8240,325855390903,1,0
8241,325860487854,1,0
8242,325865813496,0,0
8243,325871625182,0,0
8244,325877531070,0,0
8245,325883336173,1,0
8246,325888508458,1,0
8247,325893620717,1,0
8248,325898880959,1,0
8249,325903925913,0,0
8250,325909605046,1,0
8251,325914843799,0,0
8252,325920634995,0,0
8253,325926161037,0,0
8254,325931846241,0,0
8255,325937551206,0,0
8256,325943478890,1,0
8257,325948925880,1,0
8258,325954086115,1,0
8259,325959416363,1,0
8260,325964651672,0,0
8261,325970553222,1,0
8262,325975978774,1,0
8263,325981030500,0,0
8264,325986646276,1,0
8265,325991866482,1,0
8266,325996932858,0,0
8267,326002564860,1,0
8268,326007820313,0,0
8269,326013609385,0,0
8270,326019163653,1,0
8271,326024462186,0,0
8272,326029627225,0,0
8273,326034795755,0,0
8274,326040175805,0,0
8275,326045542040,0,0
8276,326051049883,0,0
8277,326056551919,1,0
8278,326061698322,1,0
8279,326066808326,0,0
8280,326072254632,1,0
8281,326077576532,0,0
8282,326083036351,0,0
8283,326088572755,1,0
8284,326093926681,1,0
8285,326098992724,0,0
8286,326104337994,0,0
8287,326109975141,0,0
8288,326115332943,1,0
8289,326120543396,1,0
8290,326125754307,0,0
8291,326131409394,1,0
8292,326136636083,0,0
8293,326142326485,1,0
8294,326147567700,0,0
8295,326153159722,1,0
8296,326158327452,0,0
8297,326164179202,0,0
8298,326169877130,1,0
8299,326174921782,1,0
8300,326179945237,1,0
8301,326185053827,1,0
8302,326190171789,1,0
8303,326195311436,0,0
8304,326200850859,1,0
8305,326206053059,0,0
8306,326211485633,1,0
8307,326216702571,1,0
8308,326222089680,1,0
8309,326227081549,0,0
8310,326232436184,0,0
8311,326237829250,0,0
8312,326243159640,1,0
8313,326248278079,0,0
8314,326253951518,1,0
8315,326258851455,1,0
8316,326264050842,1,0
8317,326269127397,1,0
8318,326274214004,1,0
8319,326279296603,0,0
8320,326285125920,0,0
8321,326290729730,0,0
8322,326296421194,1,0
8323,326301696441,1,0
8324,326307071212,0,0
8325,326312635910,1,0
8326,326317951723,0,0
8327,326323392422,0,0
8328,326329183022,1,0
8329,326334571995,0,0
8330,326340110944,1,0
8331,326345064110,0,0
8332,326350415244,1,0
8333,326355592080,1,0
8334,326360805713,1,0
8335,326366156303,1,0
8336,326371130008,1,0
8337,326376202758,1,0
8338,326381278442,1,0
8339,326386521184,0,0
8340,326392304042,0,0
8341,326398177274,0,0
8342,326403635142,1,0
8343,326408949892,1,0
8344,326414082165,0,0
8345,326419477503,1,0
8346,326424690483,1,0
8347,326429983926,1,0
8348,326435020463,1,0
8349,326440072909,1,0
8350,326445287649,0,0
8351,326450689912,1,0
8352,326456086209,0,0
8353,326461548830,0,0
8354,326467235413,0,0
8355,326473100955,1,0
8356,326478074287,0,0
8357,326483881132,0,0
8358,326489316442,0,0
8359,326494987581,1,0
8360,326500067586,0,0
8361,326505675468,1,0
8362,326510936034,1,0
8363,326516018955,0,0
8364,326521779251,0,0
8365,326527575276,1,0
8366,326532896582,0,0
8367,326538723536,0,0
8368,326544374571,1,0
8369,326549952250,0,0
8370,326555510006,0,0
8371,326561075140,1,0
8372,326566298467,0,0
8373,326571898094,0,0
8374,326577771287,0,0
8375,326583663589,1,0
8376,326588953797,1,0
8377,326594116931,0,0
8378,326599767022,0,0
8379,326605429798,1,0
8380,326610756774,1,0
8381,326615922882,0,0
8382,326621617355,1,0
8383,326626902501,1,0
8384,326632051783,1,0
8385,326637335679,0,0
8386,326643074974,1,0
8387,326648536758,0,0
8388,326654166873,1,0
8389,326659609109,1,0
8390,326664880282,0,0
8391,326670618610,1,0
8392,326675952630,1,0
8393,326681117555,1,0
8394,326686468316,1,0
8395,326691690319,1,0
8396,326697086347,1,0
8397,326702713971,1,0
8398,326707860802,0,0
8399,326713702663,1,0
8400,326719079702,0,0
8401,326724887229,0,0
8402,326730983000,0,0
8403,326736677188,0,0
8404,326742439695,0,0
8405,326747990920,1,0
8406,326753278797,1,0
8407,326758661680,1,0
8408,326763909100,0,0
8409,326769760286,0,0
8410,326775581253,1,0
8411,326780790090,1,0
8412,326786083124,1,0
8413,326791605110,1,0
8414,326796735707,1,0
8415,326802042497,0,0
8416,326807670695,1,0
8417,326812945386,0,0
8418,326818595339,1,0
8419,326823862719,0,0
8420,326829781205,1,0
8421,326835068841,1,0
8422,326840343177,1,0
8423,326845738273,0,0
8424,326851631220,1,0
8425,326856934681,0,0
8426,326862678352,0,0
8427,326868619154,1,0
8428,326873740681,0,0
8429,326879966990,0,0
8430,326885563876,0,0
8431,326891525083,1,0
8432,326896919009,0,0
8433,326902740082,1,0
8434,326908049428,0,0
8435,326913620403,0,0
8436,326919586144,0,0
8437,326925221141,0,0
8438,326931134193,1,0
8439,326936160042,1,0
8440,326941625717,0,0
8441,326947551639,0,0
8442,326953368730,1,0
8443,326958834353,1,0
8444,326964467852,1,0
8445,326969804363,1,0
8446,326974884685,1,0
8447,326980115111,1,0
8448,326985076797,0,0
8449,326991089542,1,0
8450,326996549627,1,0
8451,327001824132,0,0
8452,327007611382,1,0
8453,327012891510,1,0
8454,327017989372,1,0
8455,327023084093,0,0
8456,327028918147,1,0
8457,327034380571,1,0
8458,327039719716,0,0
8459,327045567527,0,0
8460,327051535537,1,0
8461,327056930957,0,0
8462,327062935994,1,0
8463,327068181467,0,0
8464,327073992554,0,0
8465,327079730458,1,0
8466,327084713278,1,0
8467,327089939488,1,0
8468,327095267974,1,0
8469,327100650829,0,0
8470,327106561663,0,0
8471,327112594244,1,0
8472,327117939868,1,0
8473,327123085149,1,0
8474,327128469012,1,0
8475,327133809284,1,0
8476,327139225740,1,0
8477,327144937571,1,0
8478,327150439186,0,0
8479,327156451943,1,0
8480,327161967704,0,0
8481,327167737823,0,0
8482,327173582199,1,0
8483,327178899268,0,0
8484,327184556520,1,0
8485,327189929470,0,0
8486,327195803485,0,0
8487,327201647181,1,0
8488,327206840964,0,0
8489,327212659419,0,0
8490,327218092593,0,0
8491,327223618101,0,0
8492,327229083206,0,0
8493,327234736656,0,0
8494,327240304878,1,0
8495,327245500098,1,0
8496,327250607854,0,0
8497,327256452713,0,0
8498,327261965116,0,0
8499,327267469552,1,0
8500,327272528884,1,0
8501,327277789365,1,0
8502,327282921886,0,0
8503,327288288653,0,0
8504,327294090637,1,0
8505,327299248776,0,0
8506,327304847495,1,0
8507,327310073676,0,0
8508,327315853940,1,0
8509,327321077140,0,0
8510,327326932662,1,0
8511,327331977687,0,0
8512,327337847717,0,0
8513,327343659051,0,0
8514,327349277860,0,0
8515,327354989881,0,0
8516,327360761020,1,0
8517,327366073596,1,0
8518,327371676248,1,0
8519,327376828328,0,0
8520,327382418308,1,0
8521,327387717028,1,0
8522,327392897133,1,0
8523,327397990056,1,0
8524,327403088897,0,0
8525,327409017684,0,0
8526,327414707292,1,0
8527,327419987894,0,0
8528,327425693223,1,0
8529,327430907178,0,0
8530,327436534695,1,0
8531,327441814740,1,0
8532,327446986806,1,0
8533,327452150078,1,0
8534,327457490336,0,0
8535,327463191957,0,0
8536,327468929408,0,0
8537,327474698134,1,0
8538,327479952316,1,0
8539,327485079955,0,0
8540,327490769640,1,0
8541,327495984941,0,0
8542,327501680857,0,0
8543,327507608378,0,0
8544,327513690819,1,0
8545,327518955251,0,0
8546,327524627531,0,0
8547,327530636109,1,0
8548,327535804234,0,0
8549,327541534751,0,0
8550,327547188079,1,0
8551,327552613670,0,0
8552,327558578299,1,0
8553,327563845874,0,0
8554,327569548292,1,0
8555,327574860161,0,0
8556,327580390289,1,0
8557,327585657851,0,0
8558,327591612704,0,0
8559,327597607956,0,0
8560,327603483608,0,0
8561,327609184781,1,0
8562,327614264312,1,0
8563,327619546867,1,0
8564,327624920329,0,0
8565,327630345195,0,0
8566,327636103444,0,0
8567,327641591607,1,0
8568,327646859692,0,0
8569,327652501668,1,0
8570,327657852987,1,0
8571,327663417194,1,0
8572,327668775080,1,0
8573,327674022246,0,0
8574,327679786038,1,0
8575,327684907816,0,0
8576,327690587885,1,0
8577,327695955883,0,0
8578,327701648185,1,0
8579,327706921290,0,0
8580,327712653743,0,0
8581,327718481597,0,0
8582,327724125233,1,0
8583,327729065033,1,0
8584,327734139037,1,0
8585,327739218665,1,0
8586,327744294347,0,0
8587,327750087455,1,0
8588,327755072233,0,0
8589,327760639524,0,0
8590,327766177732,1,0
8591,327771341787,0,0
8592,327776906264,1,0
8593,327782127897,0,0
8594,327787558936,0,0
8595,327793342581,1,0
8596,327798619569,0,0
8597,327804182580,0,0
8598,327809871608,1,0
8599,327814934391,0,0
8600,327820863765,1,0
8601,327826021517,1,0
8602,327831444591,0,0
8603,327837020702,0,0
8604,327842663713,0,0
8605,327848629740,1,0
8606,327853958566,1,0
8607,327858942587,0,0
8608,327864564460,0,0
8609,327869975741,1,0
8610,327875049331,1,0
8611,327880145633,0,0
8612,327885595453,1,0
8613,327890942223,0,0
8614,327896387323,0,0
8615,327902201154,0,0
8616,327907592999,1,0
8617,327912863287,0,0
8618,327918331716,1,0
8619,327923552615,0,0
8620,327929240855,1,0
8621,327934524283,1,0
8622,327939732917,0,0
8623,327945330934,0,0
8624,327951102623,1,0
8625,327956081834,0,0
8626,327961681212,1,0
8627,327967037837,1,0
8628,327972018355,0,0
8629,327977426019,1,0
8630,327982589427,0,0
8631,327988173895,0,0
8632,327993405109,0,0
8633,327999104941,1,0
8634,328004185497,0,0
8635,328009724707,1,0
8636,328015301925,1,0
8637,328020528336,1,0
8638,328025740133,1,0
8639,328030930715,1,0
8640,328036041850,1,0
8641,328041151396,0,0
8642,328046822202,1,0
8643,328051914005,1,0
8644,328056998175,0,0
8645,328062652256,1,0
8646,328067920901,1,0
8647,328073019231,1,0
8648,328078085035,0,0
8649,328083762012,1,0
8650,328088935797,1,0
8651,328094081266,0,0
8652,328099730368,1,0
8653,328104870563,1,0
8654,328109964330,1,0
8655,328115053869,1,0
8656,328120367926,0,0
8657,328126078847,0,0
8658,328131846502,1,0
8659,328137086570,1,0
8660,328142186456,1,0
8661,328147635645,0,0
8662,328153344863,1,0
8663,328158608766,0,0
8664,328164240263,1,0
8665,328169326192,0,0
8666,328174929196,0,0
8667,328180513979,1,0
8668,328185640864,1,0
8669,328190736479,0,0
8670,328196261219,0,0
8671,328201682824,1,0
8672,328206944269,1,0
8673,328211992545,0,0
8674,328217603558,1,0
8675,328222865256,1,0
8676,328227968859,0,0
8677,328233578575,0,0
8678,328239189974,0,0
8679,328244764571,0,0
8680,328250383065,0,0
8681,328256132181,0,0
8682,328261649728,0,0
8683,328267561196,1,0
8684,328272942387,0,0
8685,328278563843,1,0
8686,328283775111,1,0
8687,328289086890,0,0
8688,328294836218,0,0
8689,328300603358,1,0
8690,328305882965,1,0
8691,328311090513,0,0
8692,328316871030,1,0
8693,328322021906,1,0
8694,328327171766,0,0
8695,328332974167,0,0
8696,328338624270,1,0
8697,328343830436,1,0
8698,328349084112,0,0
8699,328354710163,1,0
8700,328359856031,1,0
8701,328364993113,0,0
8702,328370613243,1,0
8703,328375887186,0,0
8704,328381666012,0,0
8705,328387655007,0,0
8706,328393557511,0,0
8707,328399502627,0,0
8708,328405087387,1,0
8709,328410615677,0,0
8710,328416473766,1,0
8711,328421860997,1,0
8712,328426972976,1,0
8713,328432079884,0,0
8714,328437932459,1,0
8715,328443058171,1,0
8716,328448404245,1,0
8717,328453861440,1,0
8718,328459097257,1,0
8719,328464613127,0,0
8720,328470643416,1,0
8721,328475879591,1,0
8722,328481220426,0,0
8723,328486971706,0,0
8724,328492704680,0,0
8725,328498625683,1,0
8726,328503840909,1,0
8727,328508944433,1,0
8728,328514096953,1,0
8729,328519615370,0,0
8730,328525589165,1,0
8731,328531054056,1,0
8732,328536152714,1,0
8733,328541560542,1,0
8734,328546922113,1,0
8735,328552347935,0,0
8736,328558087013,1,0
8737,328563587288,1,0
8738,328568886415,1,0
8739,328573982211,0,0
8740,328579743472,0,0
8741,328585485119,0,0
8742,328590861260,1,0
8743,328596023860,1,0
8744,328601114882,0,0
8745,328606756793,0,0
8746,328612386174,1,0
8747,328617632450,1,0
8748,328622728593,0,0
8749,328628334518,1,0
8750,328633547909,0,0
8751,328639224444,0,0
8752,328645126549,1,0
8753,328650078319,0,0
8754,328655820384,0,0
8755,328661662202,1,0
8756,328666875651,1,0
8757,328672063303,0,0
8758,328677942118,1,0
8759,328683240260,1,0
8760,328688589473,1,0
8761,328693911050,1,0
8762,328699332823,0,0
8763,328704966958,1,0
8764,328710097167,0,0
8765,328715867390,0,0
8766,328721843474,0,0
8767,328727586850,0,0
8768,328733698641,0,0
8769,328739282218,1,0
8770,328744449507,1,0
8771,328749585231,0,0
8772,328755461312,0,0
8773,328761183953,0,0
8774,328766716065,0,0
8775,328772478783,0,0
8776,328778169645,0,0
8777,328784120081,1,0
8778,328789116280,1,0
8779,328794218993,1,0
8780,328799278821,0,0
8781,328804780303,1,0
8782,328810046627,0,0
8783,328815664615,1,0
8784,328820765180,1,0
8785,328825835073,1,0
8786,328830933147,1,0
8787,328836047402,1,0
8788,328841083594,0,0
8789,328846560736,1,0
8790,328851843622,1,0
8791,328856939661,1,0
8792,328862026237,1,0
8793,328867057433,1,0
8794,328872220801,1,0
8795,328877257657,0,0
8796,328883039763,1,0
8797,328888060351,1,0
8798,328893240340,1,0
8799,328898465695,0,0
8800,328904041378,1,0
8801,328909109606,0,0
8802,328914542437,1,0
8803,328919692042,0,0
8804,328925347849,0,0
8805,328931139688,0,0
8806,328937044990,1,0
8807,328941994561,1,0
8808,328947065789,0,0
8809,328952559634,1,0
8810,328957813078,0,0
8811,328963408597,1,0
8812,328968641564,0,0
8813,328974287858,1,0
8814,328979334582,1,0
8815,328984499013,0,0
8816,328990093063,1,0
8817,328995133453,1,0
8818,329000269565,0,0
8819,329005950705,0,0
8820,329011628573,0,0
8821,329017192276,0,0
8822,329022628896,0,0
8823,329028323905,1,0
8824,329033532426,0,0
8825,329039162496,0,0
8826,329044992652,1,0
8827,329050041150,0,0
8828,329055623714,0,0
8829,329061212125,1,0
8830,329066344834,0,0
8831,329072135204,1,0
8832,329077053259,1,0
8833,329082193597,1,0
8834,329087249179,1,0
8835,329092400449,0,0
8836,329098143741,0,0
8837,329104142636,1,0
8838,329109058186,1,0
8839,329114486056,0,0
8840,329120016908,1,0
8841,329125059318,1,0
8842,329130407131,1,0
8843,329135719759,0,0
8844,329141552065,0,0
8845,329147301570,1,0
8846,329152525249,1,0
8847,329157771261,0,0
8848,329163577326,0,0
8849,329169126890,0,0
8850,329174945451,0,0
8851,329180409208,1,0
8852,329185605446,0,0
8853,329191196033,1,0
8854,329196291624,1,0
8855,329201884648,0,0
8856,329207641927,0,0
8857,329213269736,0,0
8858,329218888477,0,0
8859,329224354977,1,0
8860,329229583823,1,0
8861,329234793964,0,0
8862,329240364681,0,0
8863,329245973304,1,0
8864,329251047456,1,0
8865,329256265476,1,0
8866,329261450908,1,0
8867,329266660170,1,0
8868,329272024155,1,0
8869,329277042624,1,0
8870,329282236011,1,0
8871,329287448709,0,0
8872,329292935504,1,0
8873,329298205623,0,0
8874,329303603434,0,0
8875,329308943522,0,0
8876,329314325879,1,0
8877,329319559945,0,0
8878,329324962908,0,0
8879,329330650826,1,0
8880,329336445531,1,0
8881,329342180649,1,0
8882,329347258995,1,0
8883,329352499996,1,0
8884,329357714198,1,0
8885,329362801693,0,0
8886,329368405215,1,0
8887,329373631696,1,0
8888,329379167976,0,0
8889,329384731145,0,0
8890,329390193645,1,0
8891,329395288629,0,0
8892,329401072904,1,0
8893,329406496489,0,0
8894,329412205523,1,0
8895,329417276425,0,0
8896,329423040079,1,0
8897,329428024871,0,0
8898,329433683465,0,0
8899,329439366570,1,0
8900,329445211836,1,0
8901,329450294792,0,0
8902,329455923992,0,0
8903,329461526073,0,0
8904,329467059856,0,0
8905,329472786228,1,0
8906,329478157943,1,0
8907,329484047597,1,0
8908,329489788786,0,0
8909,329495518505,0,0
8910,329501116921,1,0
8911,329506357087,1,0
8912,329512120883,0,0
8913,329517696407,0,0
8914,329524172111,0,0
8915,329529627153,1,0
8916,329534613038,0,0
8917,329540286331,1,0
8918,329546464137,0,0
8919,329551281448,1,0
8920,329557420426,1,0
8921,329563075629,1,0
8922,329568047499,1,0
8923,329573116190,1,0
8924,329578193095,0,0
8925,329583844409,1,0
8926,329588937698,1,0
8927,329594066746,1,0
8928,329599380847,1,0
8929,329604637195,0,0
8930,329610374510,1,0
8931,329615632700,1,0
8932,329620950075,1,0
8933,329626134988,1,0
8934,329631063801,1,0
8935,329636211305,0,0
8936,329641948862,1,0
8937,329647139986,0,0
8938,329652840475,1,0
8939,329658066704,1,0
8940,329663286499,1,0
8941,329668476680,0,0
8942,329673890681,0,0
8943,329679326788,1,0
8944,329684486180,0,0
8945,329689748070,1,0
8946,329694889343,0,0
8947,329700216057,0,0
8948,329705630443,0,0
8949,329711047061,0,0
8950,329716505609,1,0
8951,329721702788,1,0
8952,329726702457,0,0
8953,329732327176,0,0
8954,329737944095,1,0
8955,329746744164,0,0
8956,329752613627,1,0
8957,329758032493,0,0
8958,329763374202,1,0
8959,329768614819,1,0
8960,329773885544,1,0
8961,329779061309,1,0
8962,329784170127,1,0
8963,329789440158,1,0
8964,329794634725,0,0
8965,329800219261,1,0
8966,329805285739,0,0
8967,329810655199,1,0
8968,329816025028,0,0
8969,329821685649,0,0
8970,329827358729,1,0
8971,329832443448,1,0
8972,329837682672,0,0
8973,329843288343,0,0
8974,329848832962,0,0
8975,329854421048,1,0
8976,329859620709,0,0
8977,329865157675,0,0
8978,329870768039,0,0
8979,329876369354,0,0
8980,329881982303,0,0
8981,329887663440,1,0
8982,329892852154,0,0
8983,329898676453,1,0
8984,329903848155,0,0
8985,329909558008,0,0
8986,329915165114,0,0
8987,329920712427,0,0
8988,329926329574,0,0
8989,329931777733,1,0
8990,329936924037,1,0
8991,329942363318,0,0
8992,329947894815,1,0
8993,329953168604,1,0
8994,329958640039,0,0
8995,329964356107,0,0
8996,329969915871,1,0
8997,329975055175,0,0
8998,329980577031,0,0
8999,329985956587,0,0
9000,329991492202,1,0
9001,329996660071,0,0
9002,330001996626,0,0
9003,330007280870,1,0
9004,330012439554,0,0
9005,330017763184,1,0
9006,330023072370,1,0
9007,330028104327,1,0
9008,330033127509,1,0
9009,330038294093,1,0
9010,330043424976,1,0
9011,330048737029,1,0
9012,330053959054,0,0
9013,330059618936,1,0
9014,330064694518,1,0
9015,330069770713,0,0
9016,330075300243,0,0
9017,330080636660,1,0
9018,330086028676,1,0
9019,330090936276,0,0
9020,330096406453,0,0
9021,330102389528,1,0
9022,330107563352,1,0
9023,330112707926,0,0
9024,330118190112,0,0
9025,330123597847,0,0
9026,330129139654,0,0
9027,330134534138,0,0
9028,330139882024,0,0
9029,330145611426,1,0
9030,330151036079,0,0
9031,330156591827,1,0
9032,330161832627,0,0
9033,330167577903,0,0
9034,330173060013,0,0
9035,330178537870,0,0
9036,330184118323,1,0
9037,330189051721,0,0
9038,330194517864,0,0
9039,330200106560,1,0
9040,330205051218,0,0
9041,330210524365,1,0
9042,330215674253,1,0
9043,330220815422,1,0
9044,330226179574,1,0
9045,330231132507,1,0
9046,330236293638,0,0
9047,330241695395,0,0
9048,330247256643,0,0
9049,330252838843,0,0
9050,330258594780,1,0
9051,330264150336,0,0
9052,330270409080,1,0
9053,330275879655,0,0
9054,330281651900,0,0
9055,330287282390,0,0
9056,330292866391,1,0
9057,330298041969,1,0
9058,330303137921,0,0
9059,330308796819,1,0
9060,330313905134,1,0
9061,330319113589,1,0
9062,330324251827,1,0
9063,330329357184,1,0
9064,330334480612,0,0
9065,330340038496,0,0
9066,330345668465,0,0
9067,330351107711,1,0
9068,330356209422,0,0
9069,330361523173,0,0
9070,330366894140,1,0
9071,330371983337,1,0
9072,330377042164,1,0
9073,330382144823,0,0
9074,330387764412,0,0
9075,330393382844,0,0
9076,330399062786,1,0
9077,330404162461,0,0
9078,330409799939,0,0
9079,330415408434,1,0
9080,330420651097,0,0
9081,330426372189,1,0
9082,330431598783,1,0
9083,330436805642,1,0
9084,330441864524,1,0
9085,330446925857,1,0
9086,330451972558,1,0
9087,330457056085,1,0
9088,330462374784,0,0
9089,330468066483,1,0
9090,330473164777,1,0
9091,330478420809,0,0
9092,330483918446,0,0
9093,330489555072,0,0
9094,330494988164,1,0
9095,330499990074,1,0
9096,330505063846,1,0
9097,330510185874,0,0
9098,330515582010,0,0
9099,330520875334,0,0
9100,330526075523,0,0
9101,330531363681,0,0
9102,330536615055,1,0
9103,330541769341,0,0
9104,330547334609,1,0
9105,330552535021,1,0
9106,330557758305,0,0
9107,330563275174,1,0
9108,330568401236,1,0
9109,330573610877,0,0
9110,330579069863,0,0
9111,330584694795,0,0
9112,330590085703,1,0
9113,330595278450,0,0
9114,330600868241,1,0
9115,330606079834,0,0
9116,330611803182,0,0
9117,330617785481,0,0
9118,330623696559,0,0
9119,330629289426,0,0
9120,330635055595,1,0
9121,330640138346,1,0
9122,330645224051,0,0
9123,330650988480,0,0
9124,330656595725,1,0
9125,330661956999,1,0
9126,330667473591,0,0
9127,330673625163,0,0
9128,330679413951,1,0
9129,330684669213,1,0
9130,330689835213,1,0
9131,330694969990,1,0
9132,330700166664,1,0
9133,330705873689,0,0
9134,330712154242,1,0
9135,330717669106,1,0
9136,330723098182,0,0
9137,330728912144,1,0
9138,330734593394,1,0
9139,330740059237,0,0
9140,330745885484,1,0
9141,330751094101,0,0
9142,330757026936,1,0
9143,330762015833,1,0
9144,330767127340,1,0
9145,330772455723,0,0
9146,330778160109,0,0
9147,330783687947,1,0
9148,330788872624,1,0
9149,330794075014,0,0
9150,330799707143,0,0
9151,330805578312,1,0
9152,330810869984,1,0
9153,330816019092,0,0
9154,330821760256,0,0
9155,330827530635,1,0
9156,330832824873,1,0
9157,330837948674,1,0
9158,330843078291,1,0
9159,330848260315,0,0
9160,330854058444,0,0
9161,330859739120,0,0
9162,330865530580,1,0
9163,330870879049,0,0
9164,330876701202,1,0
9165,330882057475,1,0
9166,330887172518,1,0
9167,330892337562,0,0
9168,330898247548,1,0
9169,330903607056,1,0
9170,330908612427,0,0
9171,330914435026,0,0
9172,330920570446,1,0
9173,330925884859,0,0
9174,330931549709,1,0
9175,330936886347,0,0
9176,330942553928,0,0
9177,330948214194,0,0
9178,330954048556,1,0
9179,330959079649,0,0
9180,330964694257,0,0
9181,330970341294,0,0
9182,330976056406,1,0
9183,330981165056,1,0
9184,330986243281,1,0
9185,330991305637,0,0
9186,330997026984,0,0
9187,331002579373,1,0
9188,331007706497,0,0
9189,331013377319,1,0
9190,331018516351,1,0
9191,331023680133,1,0
9192,331028804122,1,0
9193,331033885902,1,0
9194,331038975822,0,0
9195,331044521639,1,0
9196,331049710925,1,0
9197,331054815056,1,0
9198,331059957863,1,0
9199,331064944814,0,0
9200,331070628129,1,0
9201,331075727380,1,0
9202,331080836934,0,0
9203,331086257501,1,0
9204,331091629299,1,0
9205,331096866444,0,0
9206,331102499975,0,0
9207,331108131973,1,0
9208,331113136119,1,0
9209,331118355451,0,0
9210,331124352638,1,0
9211,331129519665,0,0
9212,331135048619,0,0
9213,331140691139,1,0
9214,331145837165,1,0
9215,331150939343,0,0
9216,331156676693,1,0
9217,331161788238,0,0
9218,331167293394,1,0
9219,331172378822,1,0
9220,331177698432,0,0
9221,331183245752,0,0
9222,331188985774,0,0
9223,331194325341,1,0
9224,331199482992,0,0
9225,331205131289,1,0
9226,331210213965,1,0
9227,331215236673,1,0
9228,331220465611,1,0
9229,331225648483,0,0
9230,331231330623,0,0
9231,331237076827,0,0
9232,331242662765,1,0
9233,331247790477,0,0
9234,331253352552,0,0
9235,331258797109,1,0
9236,331263861996,1,0
9237,331268943036,1,0
9238,331274051736,0,0
9239,331279805860,1,0
9240,331284943643,0,0
9241,331290644132,1,0
9242,331295883854,1,0
9243,331301149437,0,0
9244,331306888390,0,0
9245,331312589691,1,0
9246,331317866028,0,0
9247,331323688608,0,0
9248,331329458043,0,0
9249,331335327737,0,0
9250,331340919967,0,0
9251,331346725721,0,0
9252,331352601822,0,0
9253,331358429048,1,0
9254,331363541257,0,0
9255,331369348217,0,0
9256,331375186259,1,0
9257,331380838549,0,0
9258,331386786685,0,0
9259,331392598121,1,0
9260,331397820428,1,0
9261,331402971005,0,0
9262,331408807813,1,0
9263,331413875727,1,0
9264,331418993524,0,0
9265,331424977317,1,0
9266,331430111209,1,0
9267,331435311213,0,0
9268,331441051048,1,0
9269,331446242884,1,0
9270,331451377166,1,0
9271,331456721119,0,0
9272,331462446158,0,0
9273,331468403841,0,0
9274,331474174807,0,0
9275,331479690211,0,0
9276,331485228091,1,0
9277,331490309257,1,0
9278,331495522232,1,0
9279,331500714126,1,0
9280,331505791434,1,0
9281,331510967649,0,0
9282,331516441844,0,0
9283,331522015969,0,0
9284,331527567044,0,0
9285,331532992460,0,0
9286,331538479776,1,0
9287,331543579022,0,0
9288,331549223589,1,0
9289,331554212912,1,0
9290,331559207363,0,0
9291,331564807115,1,0
9292,331570074916,0,0
9293,331576062289,0,0
9294,331581814410,1,0
9295,331586968662,1,0
9296,331592061735,1,0
9297,331597284843,1,0
9298,331602547102,1,0
9299,331607743616,1,0
9300,331612869363,0,0
9301,331618377694,1,0
9302,331623574149,1,0
9303,331628676560,0,0
9304,331634206082,0,0
9305,331639954788,1,0
9306,331644943576,0,0
9307,331650736110,0,0
9308,331656540838,1,0
9309,331661659623,1,0
9310,331666818341,1,0
9311,331671900453,1,0
9312,331677082065,0,0
9313,331683060101,1,0
9314,331688149066,1,0
9315,331693281164,1,0
9316,331698514364,0,0
9317,331704072561,0,0
9318,331709812270,1,0
9319,331714960792,1,0
9320,331719999647,1,0
9321,331725041830,1,0
9322,331730056616,0,0
9323,331735365689,0,0
9324,331741020905,0,0
9325,331746554144,0,0
9326,331752017940,1,0
9327,331757059861,0,0
9328,331762610820,1,0
9329,331767720627,0,0
9330,331773157445,1,0
9331,331778227861,0,0
9332,331783712936,0,0
9333,331789029242,1,0
9334,331794042148,0,0
9335,331799393885,1,0
9336,331804480733,0,0
9337,331810029092,0,0
9338,331815630396,0,0
9339,331821426004,0,0
9340,331827198492,1,0
9341,331832146554,0,0
9342,331837767437,1,0
9343,331843039957,0,0
9344,331848211927,1,0
9345,331853234768,0,0
9346,331858935195,0,0
9347,331864615605,0,0
9348,331870216090,1,0
9349,331875305409,0,0
9350,331881033459,0,0
9351,331886323459,0,0
9352,331892142545,1,0
9353,331897060673,1,0
9354,331902218801,0,0
9355,331907729757,1,0
9356,331912837112,0,0
9357,331918356018,1,0
9358,331923545293,1,0
9359,331928728127,1,0
9360,331933825070,0,0
9361,331939519455,1,0
9362,331944780455,0,0
9363,331950345628,0,0
9364,331956065145,1,0
9365,331961054507,0,0
9366,331966736992,0,0
9367,331972408353,1,0
9368,331977725932,1,0
9369,331982857530,1,0
9370,331987941983,0,0
9371,331993623875,0,0
9372,331999197800,0,0
9373,332004677796,0,0
9374,332010218673,1,0
9375,332015293359,0,0
9376,332020806820,1,0
9377,332026171874,1,0
9378,332031331197,1,0
9379,332036520452,0,0
9380,332042086184,0,0
9381,332047953972,0,0
9382,332053332849,0,0
9383,332059167951,0,0
9384,332064679227,1,0
9385,332070162939,0,0
9386,332075939792,0,0
9387,332081787400,0,0
9388,332087612372,0,0
9389,332093254644,0,0
9390,332098651189,0,0
9391,332104278023,1,0
9392,332109497211,0,0
9393,332115252687,0,0
9394,332121048619,0,0
9395,332126506748,1,0
9396,332131789034,1,0
9397,332136965936,1,0
9398,332142189639,1,0
9399,332147515416,1,0
9400,332152842361,0,0
9401,332158624074,0,0
9402,332164090770,0,0
9403,332169682932,0,0
9404,332175346214,0,0
9405,332181049410,0,0
9406,332186649547,1,0
9407,332191936743,0,0
9408,332197716512,1,0
9409,332203029358,0,0
9410,332208679650,1,0
9411,332213839199,1,0
9412,332219739625,1,0
9413,332224970646,0,0
9414,332230525999,0,0
9415,332236177158,0,0
9416,332241868820,1,0
9417,332247251139,1,0
9418,332252687443,1,0
9419,332257886164,0,0
9420,332263556121,1,0
9421,332268837823,0,0
9422,332274231740,1,0
9423,332279525198,1,0
9424,332284666433,0,0
9425,332289989699,1,0
9426,332295053398,0,0
9427,332300433326,1,0
9428,332305523430,1,0
9429,332310607954,1,0
9430,332315733603,0,0
9431,332321107626,1,0
9432,332326253487,0,0
9433,332332045551,0,0
9434,332337438697,1,0
9435,332342596879,1,0
9436,332347707279,1,0
9437,332352846672,1,0
9438,332358069366,1,0
9439,332363472365,0,0
9440,332368954941,0,0
9441,332374290719,1,0
9442,332379715865,1,0
9443,332385067451,1,0
9444,332390215725,1,0
9445,332395259480,1,0
9446,332400464957,1,0
9447,332405657969,1,0
9448,332410816050,1,0
9449,332415929189,0,0
9450,332421596117,0,0
9451,332427239717,0,0
9452,332433097128,1,0
9453,332438069593,0,0
9454,332443767509,1,0
9455,332448873779,1,0
9456,332453933915,0,0
9457,332459538403,0,0
9458,332465130628,1,0
9459,332470173732,0,0
9460,332475888757,1,0
9461,332480933096,1,0
9462,332486066213,1,0
9463,332491062760,1,0
9464,332496190132,0,0
9465,332502039249,0,0
9466,332507534665,0,0
9467,332513203699,0,0
9468,332519059688,1,0
9469,332524047497,0,0
9470,332529730488,0,0
9471,332535381274,1,0
9472,332540602240,0,0
9473,332546236700,1,0
9474,332551453656,0,0
9475,332556992901,1,0
9476,332562055091,0,0
9477,332567780543,0,0
9478,332573380957,0,0
9479,332579017076,1,0
9480,332584187175,0,0
9481,332589662870,0,0
9482,332595472537,0,0
9483,332601128996,0,0
9484,332606793169,1,0
9485,332611934846,1,0
9486,332617079253,1,0
9487,332622170536,1,0
9488,332627257110,0,0
9489,332632853611,1,0
9490,332637948540,1,0
9491,332643044124,0,0
9492,332648696783,0,0
9493,332653992215,1,0
9494,332659057644,0,0
9495,332664783286,1,0
9496,332669902362,0,0
9497,332675718636,1,0
9498,332681045279,1,0
9499,332686165333,0,0
9500,332691752355,0,0
9501,332697472146,1,0
9502,332702695565,1,0
9503,332707801180,0,0
9504,332713408474,1,0
9505,332718778684,0,0
9506,332724327364,1,0
9507,332729419161,0,0
9508,332734943549,1,0
9509,332740049129,1,0
9510,332745185099,1,0
9511,332750309369,1,0
9512,332755423169,0,0
9513,332760919269,0,0
9514,332766510144,0,0
9515,332772045287,0,0
9516,332777848355,1,0
9517,332783165549,1,0
9518,332788312032,1,0
9519,332793547634,0,0
9520,332798906977,0,0
9521,332804492610,1,0
9522,332809688380,0,0
9523,332815418755,1,0
9524,332820715056,1,0
9525,332825862128,0,0
9526,332831376031,0,0
9527,332837041294,1,0
9528,332842202942,0,0
9529,332847850340,1,0
9530,332853048307,0,0
9531,332858550924,0,0
9532,332863925060,1,0
9533,332869055702,0,0
9534,332874637842,0,0
9535,332880204425,0,0
9536,332885694019,1,0
9537,332890792996,1,0
9538,332895855401,0,0
9539,332901305035,0,0
9540,332906566206,1,0
9541,332911641009,0,0
9542,332917042229,1,0
9543,332922111055,0,0
9544,332927889391,1,0
9545,332933014529,1,0
9546,332938153146,0,0
9547,332943945425,1,0
9548,332949296287,0,0
9549,332954865756,1,0
9550,332959950964,0,0
9551,332965622217,0,0
9552,332971153079,0,0
9553,332976831153,0,0
9554,332982396218,1,0
9555,332987686122,0,0
9556,332993066595,1,0
9557,332998331228,1,0
9558,333003457512,0,0
9559,333008999787,0,0
9560,333014646925,1,0
9561,333019977157,1,0
9562,333025188635,0,0
9563,333030995480,1,0
9564,333036082531,1,0
9565,333041241546,0,0
9566,333046859281,0,0
9567,333052598951,0,0
9568,333058121477,0,0
9569,333063627334,1,0
9570,333068681292,0,0
9571,333074374528,0,0
9572,333080179769,1,0
9573,333085244021,0,0
9574,333090873585,1,0
9575,333095904404,1,0
9576,333100969576,0,0
9577,333106501303,1,0
9578,333111563720,0,0
9579,333117021750,1,0
9580,333122055089,1,0
9581,333127202108,1,0
9582,333132376859,1,0
9583,333137621177,0,0
9584,333143683691,1,0
9585,333148858916,0,0
9586,333154507139,0,0
9587,333160072765,1,0
9588,333165524030,1,0
9589,333170691794,0,0
9590,333176763271,0,0
9591,333182694180,1,0
9592,333187821602,0,0
9593,333193312803,1,0
9594,333198514161,1,0
9595,333203645563,0,0
9596,333209183841,1,0
9597,333214465432,0,0
9598,333220120144,1,0
9599,333225197370,0,0
9600,333230823924,1,0
9601,333235897353,0,0
9602,333241495531,0,0
9603,333247255126,1,0
9604,333252393413,0,0
9605,333258063752,1,0
9606,333263175898,0,0
9607,333268886396,0,0
9608,333274597176,1,0
9609,333279858246,1,0
9610,333284987012,0,0
9611,333290613920,0,0
9612,333296182353,1,0
9613,333301329100,1,0
9614,333306596706,0,0
9615,333312397015,0,0
9616,333318205980,1,0
9617,333323254751,0,0
9618,333328882781,0,0
9619,333334343344,0,0
9620,333340050859,0,0
9621,333345801275,0,0
9622,333351423313,1,0
9623,333356676574,1,0
9624,333361785908,0,0
9625,333367341449,1,0
9626,333372534439,1,0
9627,333377691172,1,0
9628,333382812367,1,0
9629,333387953752,1,0
9630,333393035919,0,0
9631,333398630407,1,0
9632,333403886789,0,0
9633,333409725898,1,0
9634,333414977633,1,0
9635,333420051442,0,0
9636,333425602461,0,0
9637,333431059771,1,0
9638,333436157688,0,0
9639,333441752176,1,0
9640,333447247975,0,0
9641,333452777758,1,0
9642,333457921702,0,0
9643,333463545710,0,0
9644,333469068036,0,0
9645,333474679907,0,0
9646,333480393570,0,0
9647,333486195634,1,0
9648,333491438951,1,0
9649,333496657609,0,0
9650,333502232918,0,0
9651,333507829908,1,0
9652,333513056143,1,0
9653,333518312561,0,0
9654,333524144956,1,0
9655,333529137296,0,0
9656,333534873360,0,0
9657,333540438426,0,0
9658,333546610743,0,0
9659,333552385571,0,0
9660,333558143665,0,0
9661,333563694031,1,0
9662,333568740720,0,0
9663,333574363875,0,0
9664,333580108501,1,0
9665,333585126526,0,0
9666,333590860358,0,0
9667,333596651454,0,0
9668,333602356632,1,0
9669,333607624519,1,0
9670,333612748924,0,0
9671,333618432787,0,0
9672,333624172129,1,0
9673,333629261863,0,0
9674,333634873224,1,0
9675,333639962387,0,0
9676,333645601117,1,0
9677,333650858100,1,0
9678,333656056058,1,0
9679,333661068704,1,0
9680,333666121993,1,0
9681,333671172700,1,0
9682,333676596843,0,0
9683,333682623599,0,0
9684,333688346210,1,0
9685,333693581041,1,0
9686,333698776188,1,0
9687,333703840861,1,0
9688,333708932875,0,0
9689,333714804234,1,0
9690,333719890410,0,0
9691,333725634575,1,0
9692,333730819366,1,0
9693,333735955216,0,0
9694,333742062779,0,0
9695,333747746002,1,0
9696,333753040491,0,0
9697,333758715340,0,0
9698,333764411324,0,0
9699,333770067567,0,0
9700,333775801589,1,0
9701,333780983194,1,0
9702,333786067428,1,0
9703,333791266559,0,0
9704,333796948828,1,0
9705,333802057456,1,0
9706,333808308146,1,0
9707,333813148898,0,0
9708,333818712090,0,0
9709,333824311943,1,0
9710,333829415934,0,0
9711,333835075749,1,0
9712,333840239845,0,0
9713,333845977423,0,0
9714,333851676456,1,0
9715,333856962970,1,0
9716,333862072558,1,0
9717,333867297354,0,0
9718,333872914219,0,0
9719,333878431242,0,0
9720,333884042811,0,0
9721,333889519690,1,0
9722,333894542208,0,0
9723,333900019070,0,0
9724,333905549292,0,0
9725,333910841979,0,0
9726,333916148901,0,0
9727,333921771015,1,0
9728,333926899666,0,0
9729,333932495492,1,0
9730,333937568410,1,0
9731,333942643575,0,0
9732,333948182282,1,0
9733,333953325455,1,0
9734,333958417190,0,0
9735,333963951371,0,0
9736,333969536892,1,0
9737,333974647097,1,0
9738,333979777756,0,0
9739,333985264331,1,0
9740,333990329422,0,0
9741,333995672930,1,0
9742,334000774489,0,0
9743,334006213715,1,0
9744,334011211707,1,0
9745,334016643690,1,0
9746,334021749224,0,0
9747,334026993420,1,0
9748,334032129900,0,0
9749,334037549130,0,0
9750,334042985079,1,0
9751,334048024918,0,0
9752,334053679246,0,0
9753,334059249883,0,0
9754,334064710364,1,0
9755,334069824541,0,0
9756,334075553505,0,0
9757,334081269048,1,0
9758,334086392861,0,0
9759,334092511332,0,0
9760,334098130399,1,0
9761,334103226186,1,0
9762,334108288984,0,0
9763,334113927770,0,0
9764,334119718605,0,0
9765,334125442277,1,0
9766,334130654296,0,0
9767,334136407071,0,0
9768,334142183918,0,0
9769,334147952063,0,0
9770,334153639577,0,0
9771,334159519615,1,0
9772,334164732796,1,0
9773,334169904317,1,0
9774,334174988547,0,0
9775,334180798874,1,0
9776,334185860312,1,0
9777,334191214508,0,0
9778,334197038000,1,0
9779,334202048159,1,0
9780,334207072761,0,0
9781,334212869220,0,0
9782,334218629461,0,0
9783,334224250996,1,0
9784,334229398850,0,0
9785,334234858199,0,0
9786,334240490513,1,0
9787,334245734347,0,0
9788,334251467360,0,0
9789,334257038794,1,0
9790,334262546986,1,0
9791,334267829316,1,0
9792,334273017344,0,0
9793,334278588931,1,0
9794,334283753929,1,0
9795,334288919063,0,0
9796,334294358560,1,0
9797,334299524596,0,0
9798,334304959803,1,0
9799,334310115910,1,0
9800,334315231125,0,0
9801,334320702662,1,0
9802,334326138435,0,0
9803,334331621802,0,0
9804,334337247559,1,0
9805,334342595125,1,0
9806,334347773226,0,0
9807,334353392738,0,0
9808,334359060849,1,0
9809,334364171994,1,0
9810,334369227214,1,0
9811,334374629703,0,0
9812,334380230797,1,0
9813,334385448974,0,0
9814,334391391066,0,0
9815,334396944817,0,0
9816,334402608813,1,0
9817,334408029880,1,0
9818,334413136193,1,0
9819,334418465354,0,0
9820,334423976356,0,0
9821,334429537974,1,0
9822,334434633472,1,0
9823,334439761613,1,0
9824,334444852015,1,0
9825,334449866621,1,0
9826,334454911781,0,0
9827,334460479737,1,0
9828,334465596939,1,0
9829,334470654227,1,0
9830,334475632457,0,0
9831,334481049789,0,0
9832,334486370386,1,0
9833,334491701220,1,0
9834,334496929196,1,0
9835,334502057208,0,0
9836,334507406359,0,0
9837,334513031014,1,0
9838,334518148731,0,0
9839,334523728418,1,0
9840,334528881839,0,0
9841,334534684892,0,0
9842,334540260232,1,0
9843,334545477124,1,0
9844,334550722513,0,0
9845,334556382968,1,0
9846,334561620961,1,0
9847,334566747089,1,0
9848,334571880589,0,0
9849,334577509017,1,0
9850,334582692862,1,0
9851,334587868050,1,0
9852,334593033622,0,0
9853,334598448233,0,0
9854,334603921571,1,0
9855,334608989283,0,0
9856,334614447840,0,0
9857,334620067430,0,0
9858,334625937154,1,0
9859,334630977021,0,0
9860,334636579821,0,0
9861,334642211130,0,0
9862,334647804724,0,0
9863,334653671855,0,0
9864,334659330016,0,0
9865,334665086181,0,0
9866,334670643422,0,0
9867,334676288321,1,0
9868,334681488079,1,0
9869,334686721008,1,0
9870,334692498189,1,0
9871,334697346709,1,0
9872,334703885595,1,0
9873,334709143204,0,0
9874,334715150725,1,0
9875,334720447615,1,0
9876,334726059675,0,0
9877,334731851437,1,0
9878,334737059288,1,0
9879,334742147296,0,0
9880,334747903689,0,0
9881,334753823353,1,0
9882,334759017366,1,0
9883,334764063541,1,0
9884,334769217730,0,0
9885,334774994566,1,0
9886,334780064590,0,0
9887,334785885660,1,0
9888,334791026649,0,0
9889,334796661950,1,0
9890,334801870669,1,0
9891,334807042065,0,0
9892,334812704304,0,0
9893,334818356204,0,0
9894,334824060108,1,0
9895,334829331140,0,0
9896,334835037270,1,0
9897,334840224323,0,0
9898,334845902117,0,0
9899,334851573061,0,0
9900,334857119229,1,0
9901,334862614367,0,0
9902,334868325229,0,0
9903,334873913865,0,0
9904,334879579570,0,0
9905,334885349283,1,0
9906,334890697692,1,0
9907,334895925494,1,0
9908,334900971051,0,0
9909,334906537735,1,0
9910,334911584960,1,0
9911,334916627473,1,0
9912,334921809930,1,0
9913,334926907303,0,0
9914,334932460314,1,0
9915,334937565652,0,0
9916,334943200319,0,0
9917,334948709470,1,0
9918,334953848122,0,0
9919,334959371673,0,0
9920,334964849605,0,0
9921,334970284971,0,0
9922,334975709489,0,0
9923,334981152992,0,0
9924,334987059556,1,0
9925,334992226182,0,0
9926,334997963564,0,0
9927,335003738507,0,0
9928,335009398126,1,0
9929,335014615764,1,0
9930,335019769000,0,0
9931,335025309578,1,0
9932,335030442907,0,0
9933,335036232936,1,0
9934,335041731157,0,0
9935,335047484027,0,0
9936,335053169573,1,0
9937,335058405158,1,0
9938,335063776058,1,0
9939,335068936300,1,0
9940,335074304523,0,0
9941,335079926274,1,0
9942,335085128277,1,0
9943,335090463310,0,0
9944,335095934466,1,0
9945,335101058040,0,0
9946,335106924088,0,0
9947,335112674194,0,0
9948,335118515421,0,0
9949,335124313865,1,0
9950,335129769899,0,0
9951,335135663202,0,0
9952,335141433978,0,0
9953,335147064909,0,0
9954,335153040142,0,0
9955,335158932240,0,0
9956,335164716220,1,0
9957,335169954227,1,0
9958,335175135690,0,0
9959,335180832612,1,0
9960,335185926861,0,0
9961,335191611678,1,0
9962,335196839121,0,0
9963,335202504279,0,0
9964,335208177587,0,0
9965,335214198542,1,0
9966,335219116373,0,0
9967,335224776522,1,0
9968,335230029579,1,0
9969,335235063910,1,0
9970,335240157735,0,0
9971,335245900464,1,0
9972,335251051721,0,0
9973,335256559504,0,0
9974,335262448537,0,0
9975,335268074459,1,0
9976,335273306567,0,0
9977,335278894746,1,0
9978,335284051932,1,0
9979,335289221200,1,0
9980,335294337324,1,0
9981,335299790269,1,0
9982,335304954636,1,0
9983,335310229036,1,0
9984,335315328262,1,0
9985,335320794984,1,0
9986,335325913586,0,0
9987,335331699205,0,0
9988,335337307862,0,0
9989,335343015028,1,0
9990,335348054133,0,0
9991,335353747310,1,0
9992,335358941118,0,0
9993,335364718035,0,0
9994,335370481080,1,0
9995,335375842865,0,0
9996,335381599911,1,0
9997,335386772612,1,0
9998,335392074209,1,0
9999,335397286473,1,0
10000,335402730479,1,0
