trial_id,event_start_ns,event,error
1,335446792133,0,0
2,335452809141,1,0
3,335457993119,1,0
4,335463155843,1,0
5,335468305794,1,0
6,335473475782,1,0
7,335478698248,1,0
8,335483876725,1,0
9,335489161226,0,0
10,335494906511,0,0
11,335500542095,1,0
12,335505876187,1,0
13,335511084734,1,0
14,335516296085,0,0
15,335521839270,1,0
16,335527200978,0,0
17,335532748250,0,0
18,335538618120,1,0
19,335544023244,1,0
20,335549166888,0,0
21,335554912349,0,0
22,335560575803,0,0
23,335566171622,1,0
24,335571360357,0,0
25,335577123300,0,0
26,335582924302,0,0
27,335588796299,0,0
28,335594467351,0,0
29,335600084164,1,0
30,335605925455,1,0
31,335611152705,1,0
32,335616566047,1,0
33,335621741395,0,0
34,335627748587,1,0
35,335633119897,1,0
36,335638284740,1,0
37,335643387706,0,0
38,335648912733,0,0
39,335654577670,0,0
40,335660179580,1,0
41,335665315895,1,0
42,335670472572,0,0
43,335676072912,0,0
44,335682018150,0,0
45,335687592837,1,0
46,335692959616,0,0
47,335698470781,0,0
48,335703948358,1,0
49,335709168545,0,0
50,335714858854,0,0
51,335720372940,0,0
52,335726108260,1,0
53,335731306768,1,0
54,335736468997,0,0
55,335742106716,0,0
56,335747824671,0,0
57,335753315216,0,0
58,335758932140,0,0
59,335764536163,1,0
60,335769685755,0,0
61,335775212642,0,0
62,335780735230,0,0
63,335786300219,1,0
64,335791524610,1,0
65,335796723920,1,0
66,335802080694,1,0
67,335807312698,1,0
68,335812618153,1,0
69,335817894907,1,0
70,335823067291,0,0
71,335828789987,0,0
72,335834370455,1,0
73,335839628581,0,0
74,335845227766,0,0
75,335850916025,1,0
76,335856067383,1,0
77,335861257549,0,0
78,335867110695,1,0
79,335872055604,0,0
80,335877846682,1,0
81,335883060023,0,0
82,335888666263,0,0
83,335894319324,0,0
84,335900169542,0,0
85,335905396699,0,0
86,335910857762,0,0
87,335916393771,0,0
88,335922095157,1,0
89,335927113031,0,0
90,335932775154,1,0
91,335937899011,1,0
92,335943042141,0,0
93,335948754675,0,0
94,335954649462,0,0
95,335960321512,0,0
96,335966080291,0,0
97,335971614840,1,0
98,335976949456,0,0
99,335982616650,1,0
100,335987735092,1,0
101,335993053956,1,0
102,335998151699,1,0
103,336003241017,0,0
104,336008795860,1,0
105,336014075663,1,0
106,336019251575,0,0
107,336024863349,1,0
108,336030030215,1,0
109,336035287503,1,0
110,336040388510,1,0
111,336045639382,0,0
112,336051238277,0,0
113,336056906749,0,0
114,336062554270,1,0
115,336067798314,1,0
116,336072975448,1,0
117,336078127116,0,0
118,336083843868,1,0
119,336089074359,1,0
120,336094183356,0,0
121,336099792199,0,0
122,336105251077,1,0
123,336110429224,0,0
124,336116134097,0,0
125,336121360482,0,0
126,336127065076,1,0
127,336132231218,1,0
128,336137490734,1,0
129,336142784423,0,0
130,336148378552,1,0
131,336153720928,1,0
132,336158990528,1,0
133,336164125662,1,0
134,336169259113,0,0
135,336174847118,0,0
136,336180420498,1,0
137,336185577355,0,0
138,336190867036,1,0
139,336196014649,0,0
140,336201401334,1,0
141,336206496133,1,0
142,336211636709,0,0
143,336217223893,0,0
144,336222794189,1,0
145,336227958068,0,0
146,336233626178,1,0
147,336238764100,0,0
148,336244248561,0,0
149,336249823364,0,0
150,336255741941,1,0
151,336260934646,1,0
152,336266051302,1,0
153,336271265550,1,0
154,336276539001,1,0
155,336281814686,1,0
156,336287077385,1,0
157,336292311992,1,0
158,336297681403,1,0
159,336302813049,1,0
160,336307960898,0,0
161,336313685203,1,0
162,336318944292,0,0
163,336324695191,1,0
164,336329921591,0,0
165,336335312443,1,0
166,336340881949,1,0
167,336346070165,0,0
168,336351834777,1,0
169,336356981539,1,0
170,336362138564,1,0
171,336367246255,0,0
172,336372599945,1,0
173,336377697819,1,0
174,336382852846,0,0
175,336388187569,0,0
176,336393674653,1,0
177,336398857276,1,0
178,336403980785,0,0
179,336409454017,0,0
180,336415009825,1,0
181,336420229430,1,0
182,336425492074,1,0
183,336430700414,0,0
184,336436143043,1,0
185,336441303763,0,0
186,336447158810,1,0
187,336452221879,0,0
188,336457904391,0,0
189,336463501135,0,0
190,336469066216,1,0
191,336474254002,1,0
192,336479495768,1,0
193,336484755440,0,0
194,336490382705,0,0
195,336496062566,0,0
196,336501749303,1,0
197,336507063380,0,0
198,336512733130,1,0
199,336518038579,1,0
200,336523174640,0,0
201,336528859029,0,0
202,336534562034,1,0
203,336539840417,0,0
204,336545375593,0,0
205,336551164008,0,0
206,336556770394,0,0
207,336562702151,1,0
208,336567969414,1,0
209,336573117820,0,0
210,336578869461,0,0
211,336584404541,1,0
212,336589695045,0,0
213,336595222277,1,0
214,336600452206,0,0
215,336606077346,1,0
216,336611256551,0,0
217,336616958178,0,0
218,336622977551,0,0
219,336628691300,1,0
220,336633857657,1,0
221,336638974012,0,0
222,336644363684,0,0
223,336649925532,1,0
224,336655044217,0,0
225,336660634131,0,0
226,336666199732,0,0
227,336671781997,0,0
228,336677438587,1,0
229,336682801008,0,0
230,336688793330,0,0
231,336694887888,1,0
232,336700110739,1,0
233,336705318270,0,0
234,336711262184,0,0
235,336717202887,0,0
236,336722953131,1,0
237,336728520257,0,0
238,336734326197,1,0
239,336739581363,0,0
240,336745120206,1,0
241,336750510167,0,0
242,336756646127,0,0
243,336762115708,0,0
244,336767946442,1,0
245,336773065898,1,0
246,336778245933,0,0
247,336784065121,0,0
248,336789570619,1,0
249,336794890108,0,0
250,336800945815,0,0
251,336806635032,0,0
252,336812279736,0,0
253,336818237173,0,0
254,336823949460,0,0
255,336829488377,1,0
256,336834823579,1,0
257,336840025271,0,0
258,336845615304,0,0
259,336851340717,1,0
260,336856718512,0,0
261,336862736430,1,0
262,336867967757,0,0
263,336873535532,1,0
264,336878696183,0,0
265,336884338465,0,0
266,336889936240,1,0
267,336895031714,0,0
268,336900687582,1,0
269,336905841116,0,0
270,336911379469,0,0
271,336916951930,1,0
272,336922050133,1,0
273,336927129760,1,0
274,336932223932,0,0
275,336937624515,1,0
276,336942736759,0,0
277,336948316517,1,0
278,336953464604,0,0
279,336959024500,1,0
280,336964106735,1,0
281,336969236733,1,0
282,336974323051,0,0
283,336979845752,1,0
284,336984918899,0,0
285,336990764646,1,0
286,336995975777,0,0
287,337001913202,0,0
288,337007497744,0,0
289,337013153846,0,0
290,337018798398,1,0
291,337023905731,1,0
292,337028998347,1,0
293,337034138944,1,0
294,337039232180,1,0
295,337044390515,1,0
296,337049498846,0,0
297,337054945152,0,0
298,337060518215,1,0
299,337065870417,0,0
300,337071843853,1,0
301,337077058268,1,0
302,337082263086,1,0
303,337087586632,0,0
304,337093332761,1,0
305,337098763199,1,0
306,337104107156,1,0
307,337109059740,1,0
308,337114176975,0,0
309,337119845741,1,0
310,337125177714,0,0
311,337130709603,1,0
312,337136028657,1,0
313,337141244234,0,0
314,337147127688,1,0
315,337152474166,1,0
316,337157793332,1,0
317,337163108259,1,0
318,337168359119,1,0
319,337173709456,0,0
320,337179319714,0,0
321,337185058480,1,0
322,337190211060,0,0
323,337195831990,1,0
324,337201086641,1,0
325,337206182915,0,0
326,337211820696,1,0
327,337217138681,1,0
328,337222368144,0,0
329,337227989587,0,0
330,337234041779,1,0
331,337239366926,1,0
332,337244632307,1,0
333,337250209221,1,0
334,337255385675,1,0
335,337260774562,0,0
336,337266470614,0,0
337,337272180016,0,0
338,337277858248,1,0
339,337283162375,0,0
340,337288827537,0,0
341,337294496547,0,0
342,337300346529,0,0
343,337305915283,0,0
344,337311548030,1,0
345,337316870783,0,0
346,337322121051,1,0
347,337327351780,1,0
348,337332604093,1,0
349,337337760818,1,0
350,337342937788,0,0
351,337348609060,1,0
352,337353745922,1,0
353,337358927021,0,0
354,337364440323,1,0
355,337369659417,1,0
356,337374852962,1,0
357,337379986451,0,0
358,337385430754,1,0
359,337392714581,1,0
360,337397843371,0,0
361,337403341764,0,0
362,337408884756,0,0
363,337414441194,0,0
364,337420049833,0,0
365,337425694679,0,0
366,337431555800,1,0
367,337436724997,1,0
368,337442032562,0,0
369,337447712379,1,0
370,337452907633,0,0
371,337458908271,0,0
372,337464925459,0,0
373,337470823238,0,0
374,337476389046,0,0
375,337482055556,0,0
376,337487769081,0,0
377,337493703106,0,0
378,337499420283,1,0
379,337504605800,0,0
380,337510331801,0,0
381,337516051628,0,0
382,337521868969,1,0
383,337527045402,1,0
384,337532129198,0,0
385,337538114447,1,0
386,337543059127,0,0
387,337549119357,1,0
388,337554252797,1,0
389,337559502485,0,0
390,337565282902,1,0
391,337570508837,1,0
392,337575807812,0,0
393,337581495803,1,0
394,337586919870,1,0
395,337592079085,1,0
396,337597232685,0,0
397,337602948550,1,0
398,337608059444,1,0
399,337613191233,0,0
400,337618871501,1,0
401,337624063227,1,0
402,337629273320,1,0
403,337634535259,1,0
404,337639886708,0,0
405,337645579414,1,0
406,337650738031,0,0
407,337656330171,0,0
408,337662242568,1,0
409,337667519273,0,0
410,337673263856,1,0
411,337678606036,0,0
412,337684442336,0,0
413,337690882198,0,0
414,337696931615,1,0
415,337702182304,1,0
416,337707281896,1,0
417,337712495298,1,0
418,337717733512,0,0
419,337723503056,0,0
420,337729288893,0,0
421,337735179956,0,0
422,337740792241,1,0
423,337745905459,1,0
424,337751032705,1,0
425,337756117255,1,0
426,337761259315,1,0
427,337766589851,0,0
428,337772362300,1,0
429,337777632579,1,0
430,337782871156,1,0
431,337788028247,0,0
432,337793603763,1,0
433,337798749524,0,0
434,337804431532,0,0
435,337809956785,0,0
436,337815659101,0,0
437,337821386024,1,0
438,337826671995,0,0
439,337832298287,1,0
440,337837631022,0,0
441,337843117296,0,0
442,337848897037,0,0
443,337854535902,1,0
444,337860942300,1,0
445,337866049594,1,0
446,337871221392,0,0
447,337876847527,1,0
448,337882034891,1,0
449,337887225242,1,0
450,337892473969,1,0
451,337897711171,1,0
452,337902881472,0,0
453,337908514074,0,0
454,337914223121,1,0
455,337919555004,0,0
456,337925264804,1,0
457,337930606363,0,0
458,337936129509,1,0
459,337941343564,1,0
460,337946618036,0,0
461,337952352047,1,0
462,337957699748,1,0
463,337962913086,1,0
464,337968124941,0,0
465,337973650559,1,0
466,337978832236,1,0
467,337984038965,0,0
468,337989439536,1,0
469,337994641027,1,0
470,337999786905,1,0
471,338004970805,0,0
472,338010463544,1,0
473,338015702160,0,0
474,338021383514,1,0
475,338026699584,0,0
476,338032398908,1,0
477,338037689773,0,0
478,338043357806,0,0
479,338049067985,0,0
480,338054845864,1,0
481,338060039842,1,0
482,338065140761,0,0
483,338070881012,1,0
484,338076058907,0,0
485,338081402877,1,0
486,338086653932,1,0
487,338091902874,1,0
488,338097057586,1,0
489,338102199300,0,0
490,338107985404,1,0
491,338113161031,1,0
492,338118275083,1,0
493,338123404167,1,0
494,338128627665,1,0
495,338133757883,0,0
496,338139107783,1,0
497,338144215568,0,0
498,338149557939,1,0
499,338154712214,0,0
500,338160042003,1,0
501,338165178107,1,0
502,338170253461,0,0
503,338175609133,0,0
504,338180939488,0,0
505,338186143039,1,0
506,338191270848,1,0
507,338196347670,0,0
508,338201662802,1,0
509,338206818046,0,0
510,338212179967,0,0
511,338217679376,1,0
512,338223023442,1,0
513,338228187403,1,0
514,338233283070,1,0
515,338238810015,0,0
516,338244642390,1,0
517,338249875439,0,0
518,338255326252,1,0
519,338260679194,1,0
520,338265996221,1,0
521,338271121392,0,0
522,338276872591,1,0
523,338282069418,1,0
524,338287196392,1,0
525,338292507900,1,0
526,338298045441,1,0
527,338303204495,0,0
528,338309018343,1,0
529,338314067274,0,0
530,338320128193,0,0
531,338325840740,0,0
532,338331443718,0,0
533,338337172478,1,0
534,338342252736,1,0
535,338347341750,0,0
536,338353177386,1,0
537,338358273563,1,0
538,338363726033,1,0
539,338368944616,0,0
540,338374411618,1,0
541,338379775332,0,0
542,338385420928,1,0
543,338390769052,1,0
544,338396066284,1,0
545,338401227030,0,0
546,338407120473,1,0
547,338412192598,0,0
548,338417870532,1,0
549,338423027037,1,0
550,338428132386,1,0
551,338433275250,1,0
552,338438521647,1,0
553,338443836682,1,0
554,338448984243,0,0
555,338454767416,1,0
556,338459977128,1,0
557,338465093803,0,0
558,338470796019,1,0
559,338475928669,0,0
560,338481261898,0,0
561,338486856395,1,0
562,338492065689,0,0
563,338497800758,1,0
564,338502984270,0,0
565,338508690157,0,0
566,338514302825,0,0
567,338520160340,0,0
568,338525787200,0,0
569,338531397460,0,0
570,338537136256,0,0
571,338542924926,0,0
572,338548153803,0,0
573,338553679185,1,0
574,338558871552,1,0
575,338564014080,1,0
576,338569097828,1,0
577,338574170141,0,0
578,338579504143,0,0
579,338584770240,1,0
580,338589913724,0,0
581,338595277720,1,0
582,338600500376,0,0
583,338606187600,0,0
584,338611784798,1,0
585,338616978021,0,0
586,338622691847,0,0
587,338628391314,1,0
588,338633698876,1,0
589,338638965325,1,0
590,338644112015,0,0
591,338649721058,1,0
592,338655144163,1,0
593,338660262411,0,0
594,338665952336,0,0
595,338671542504,1,0
596,338676837582,1,0
597,338682049610,0,0
598,338687581270,0,0
599,338693044777,1,0
600,338698230845,0,0
601,338703883496,0,0
602,338709509125,1,0
603,338714799130,1,0
604,338719960489,1,0
605,338725197036,1,0
606,338730428880,1,0
607,338735789854,1,0
608,338740960999,1,0
609,338746112948,0,0
610,338751954975,0,0
611,338757732305,1,0
612,338762964367,0,0
613,338768789393,0,0
614,338774422949,1,0
615,338779674785,1,0
616,338784963960,1,0
617,338790116194,0,0
618,338796030981,1,0
619,338801281321,1,0
620,338806455781,0,0
621,338812113979,0,0
622,338817890949,1,0
623,338823020238,1,0
624,338828066321,0,0
625,338833941821,0,0
626,338839982589,0,0
627,338845805387,0,0
628,338851386633,1,0
629,338856704073,1,0
630,338862044648,1,0
631,338867194256,1,0
632,338872299387,1,0
633,338877568938,1,0
634,338882724583,0,0
635,338888311160,1,0
636,338893473902,1,0
637,338898636801,0,0
638,338904370077,1,0
639,338909668716,0,0
640,338915297155,0,0
641,338921164136,1,0
642,338926222399,0,0
643,338931858806,0,0
644,338937732821,1,0
645,338942896697,0,0
646,338948542484,0,0
647,338954199349,1,0
648,338959466694,0,0
649,338965140474,0,0
650,338970969613,0,0
651,338976731607,0,0
652,338982382262,1,0
653,338987670227,1,0
654,338992783018,0,0
655,338998356219,0,0
656,339004018910,1,0
657,339009301967,0,0
658,339015049008,1,0
659,339020400170,0,0
660,339026045587,1,0
661,339031191375,0,0
662,339036917086,0,0
663,339042882656,0,0
664,339048680880,0,0
665,339054398230,1,0
666,339060026434,1,0
667,339064984674,0,0
668,339070783136,0,0
669,339076453135,1,0
670,339081586938,1,0
671,339086714265,0,0
672,339092269622,0,0
673,339097803039,0,0
674,339103281386,1,0
675,339108521574,0,0
676,339114215666,0,0
677,339120017446,0,0
678,339125513148,0,0
679,339131374659,0,0
680,339137061287,0,0
681,339142794246,0,0
682,339148472387,1,0
683,339153698149,1,0
684,339158908743,0,0
685,339164577071,1,0
686,339169537611,1,0
687,339174669920,1,0
688,339179806390,1,0
689,339184912012,0,0
690,339190483844,0,0
691,339196162918,0,0
692,339202065804,0,0
693,339207687976,0,0
694,339213358140,0,0
695,339219132180,1,0
696,339224275038,0,0
697,339229941071,1,0
698,339235140231,1,0
699,339240463899,0,0
700,339246182522,1,0
701,339251299342,1,0
702,339256608105,1,0
703,339261876696,1,0
704,339267149132,1,0
705,339272346990,0,0
706,339278167705,0,0
707,339283648534,1,0
708,339288829613,1,0
709,339293993491,1,0
710,339299089408,1,0
711,339304518773,0,0
712,339310247199,1,0
713,339315266561,0,0
714,339321121417,1,0
715,339326141086,0,0
716,339331979191,0,0
717,339337871904,1,0
718,339343055951,1,0
719,339348213310,1,0
720,339353412317,0,0
721,339359150952,0,0
722,339364563918,0,0
723,339370364975,1,0
724,339375709485,1,0
725,339380846181,0,0
726,339386735880,0,0
727,339392482223,0,0
728,339398283113,1,0
729,339403477205,1,0
730,339408776339,1,0
731,339413949415,1,0
732,339419050520,0,0
733,339424803796,0,0
734,339430359125,0,0
735,339436143462,1,0
736,339441232847,1,0
737,339446461193,1,0
738,339451708302,1,0
739,339456891292,1,0
740,339462073834,0,0
741,339468147972,0,0
742,339473922033,0,0
743,339479599037,1,0
744,339484859946,1,0
745,339490061666,1,0
746,339495177196,0,0
747,339500797379,0,0
748,339506333095,1,0
749,339511523036,0,0
750,339517389147,0,0
751,339523249426,0,0
752,339529020796,1,0
753,339534064785,1,0
754,339539273641,0,0
755,339544991309,0,0
756,339550395572,1,0
757,339555637257,0,0
758,339561190777,0,0
759,339566903621,1,0
760,339572076370,1,0
761,339577190900,1,0
762,339582411882,1,0
763,339587654372,0,0
764,339593301919,0,0
765,339599036408,0,0
766,339604771481,1,0
767,339609911349,0,0
768,339615530426,0,0
769,339620976998,1,0
770,339626134471,0,0
771,339631514046,0,0
772,339636900181,0,0
773,339642223442,1,0
774,339647300967,1,0
775,339652377636,1,0
776,339657486430,0,0
777,339662889157,0,0
778,339668416174,0,0
779,339674272306,0,0
780,339679823079,0,0
781,339685430738,0,0
782,339691581717,0,0
783,339697460106,1,0
784,339702728226,1,0
785,339708018014,0,0
786,339713762414,1,0
787,339718902521,0,0
788,339724621601,1,0
789,339729904223,0,0
790,339735794461,0,0
791,339741684167,0,0
792,339747734929,0,0
793,339753441747,0,0
794,339759321864,0,0
795,339765064967,1,0
796,339770305931,0,0
797,339775937422,0,0
798,339781473485,1,0
799,339786557232,1,0
800,339791650585,1,0
801,339796807255,1,0
802,339801998092,1,0
803,339807127856,0,0
804,339812795888,1,0
805,339818063348,0,0
806,339823739049,1,0
807,339828929250,0,0
808,339834510741,1,0
809,339839668904,1,0
810,339844846249,1,0
811,339850126306,1,0
812,339855280600,1,0
813,339860407394,0,0
814,339866237682,1,0
815,339871429741,0,0
816,339877190208,0,0
817,339882711776,0,0
818,339888380174,1,0
819,339893879592,0,0
820,339899415205,1,0
821,339904716105,1,0
822,339910019522,0,0
823,339915633112,0,0
824,339921299388,0,0
825,339927133002,1,0
826,339932149605,0,0
827,339937785126,1,0
828,339942976115,0,0
829,339948512966,0,0
830,339954049642,1,0
831,339959203365,1,0
832,339964310508,0,0
833,339969932655,1,0
834,339975082903,0,0
835,339980664784,0,0
836,339986188633,1,0
837,339991290954,0,0
838,339996824299,1,0
839,340001950101,1,0
840,340007141101,0,0
841,340012934917,1,0
842,340018068272,1,0
843,340023196084,1,0
844,340028324466,1,0
845,340033575273,1,0
846,340038835904,0,0
847,340044496930,0,0
848,340050282505,1,0
849,340055642664,0,0
850,340061382342,0,0
851,340067132366,0,0
852,340072855684,0,0
853,340078317569,1,0
854,340083439827,0,0
855,340088758403,1,0
856,340093940740,1,0
857,340099027539,0,0
858,340104378995,0,0
859,340109862235,1,0
860,340115154264,0,0
861,340120792867,1,0
862,340125963481,1,0
863,340131062717,0,0
864,340136915191,1,0
865,340142130595,0,0
866,340147848714,0,0
867,340153363099,1,0
868,340158617232,0,0
869,340164294173,1,0
870,340169439649,0,0
871,340175151499,0,0
872,340180849335,1,0
873,340185974275,1,0
874,340191066994,1,0
875,340196303161,0,0
876,340201998518,1,0
877,340207189687,1,0
878,340212247131,0,0
879,340217904703,1,0
880,340223040948,0,0
881,340228747939,0,0
882,340234425592,1,0
883,340239768940,0,0
884,340245547840,0,0
885,340251137319,0,0
886,340256846353,0,0
887,340262354179,1,0
888,340267642172,1,0
889,340272906305,1,0
890,340278286393,0,0
891,340283799767,1,0
892,340289029014,0,0
893,340294447221,1,0
894,340299871329,0,0
895,340305335381,0,0
896,340310756052,1,0
897,340315942154,0,0
898,340321479216,0,0
899,340326950352,0,0
900,340332549313,1,0
901,340337696042,1,0
902,340342786005,0,0
903,340348043322,0,0
904,340353414334,0,0
905,340358800867,0,0
906,340364229721,0,0
907,340369811401,0,0
908,340375183556,1,0
909,340380289670,1,0
910,340385416165,1,0
911,340390511352,0,0
912,340395888926,1,0
913,340401044651,1,0
914,340406154876,1,0
915,340411196263,1,0
916,340416268729,0,0
917,340421642728,0,0
918,340426969248,1,0
919,340432132638,0,0
920,340437440619,1,0
921,340442505022,0,0
922,340447889641,1,0
923,340453012040,0,0
924,340458443274,1,0
925,340463550408,1,0
926,340468670600,1,0
927,340473749708,1,0
928,340479024542,1,0
929,340484243312,1,0
930,340489595079,0,0
931,340494987900,1,0
932,340500206798,0,0
933,340505817413,1,0
934,340511067089,0,0
935,340516590969,1,0
936,340521776533,0,0
937,340527406118,0,0
938,340533011926,0,0
939,340538538727,0,0
940,340544041541,1,0
941,340549132682,1,0
942,340554212084,1,0
943,340559365038,1,0
944,340564555948,0,0
945,340569975463,0,0
946,340575438797,1,0
947,340580647684,1,0
948,340585754617,0,0
949,340591217116,0,0
950,340596831035,1,0
951,340602052665,1,0
952,340607224363,1,0
953,340612369378,0,0
954,340617817935,0,0
955,340623389231,0,0
956,340629255992,0,0
957,340634966389,1,0
958,340640188817,1,0
959,340645264847,1,0
960,340650587465,0,0
961,340656255215,1,0
962,340661411144,0,0
963,340667129912,0,0
964,340672911986,0,0
965,340678723913,1,0
966,340684143953,0,0
967,340690097384,1,0
968,340695413855,1,0
969,340700712297,0,0
970,340706353383,0,0
971,340711962220,0,0
972,340717472949,1,0
973,340722677975,1,0
974,340727871328,0,0
975,340733443324,0,0
976,340739180667,1,0
977,340744261875,1,0
978,340749375822,1,0
979,340754483731,1,0
980,340759690977,1,0
981,340764910060,1,0
982,340770040024,0,0
983,340775471705,1,0
984,340780677710,1,0
985,340785965639,0,0
986,340791494035,1,0
987,340796733399,1,0
988,340801886921,0,0
989,340807427154,1,0
990,340812659611,1,0
991,340817784691,1,0
992,340822932125,0,0
993,340828360707,1,0
994,340833556805,0,0
995,340838872331,1,0
996,340844025644,0,0
997,340849502574,0,0
998,340854832591,0,0
999,340860244647,1,0
1000,340865416156,1,0
1001,340870562197,1,0
1002,340875723880,1,0
1003,340880930151,0,0
1004,340886327697,0,0
1005,340891789727,1,0
1006,340897735996,1,0
1007,340902920204,1,0
1008,340908064122,1,0
1009,340913436416,0,0
1010,340918806358,0,0
1011,340924386561,0,0
1012,340929939164,0,0
1013,340935391809,0,0
1014,340940982710,1,0
1015,340946106426,0,0
1016,340952043951,1,0
1017,340957183867,0,0
1018,340962702574,0,0
1019,340968224379,0,0
1020,340973767759,1,0
1021,340978943433,1,0
1022,340984082599,0,0
1023,340989806535,0,0
1024,340995593598,1,0
1025,341000861914,0,0
1026,341006758441,0,0
1027,341012429062,0,0
1028,341018407925,0,0
1029,341024161705,1,0
1030,341029302488,0,0
1031,341034882237,1,0
1032,341040030621,0,0
1033,341045696279,0,0
1034,341051536451,1,0
1035,341056817710,1,0
1036,341061965552,1,0
1037,341067064701,1,0
1038,341072243591,0,0
1039,341077975135,1,0
1040,341083076499,1,0
1041,341088217312,1,0
1042,341093566285,1,0
1043,341098783187,0,0
1044,341104349848,0,0
1045,341110138533,0,0
1046,341115632940,0,0
1047,341121215873,1,0
1048,341126452800,0,0
1049,341132656453,1,0
1050,341137882032,1,0
1051,341143042774,1,0
1052,341148192246,1,0
1053,341153385257,0,0
1054,341158899691,0,0
1055,341164448081,1,0
1056,341169566924,1,0
1057,341174724569,1,0
1058,341179861945,1,0
1059,341184997717,0,0
1060,341190808168,0,0
1061,341196390579,1,0
1062,341201528668,0,0
1063,341207173262,1,0
1064,341212299553,0,0
1065,341217987087,0,0
1066,341223622302,0,0
1067,341229199989,0,0
1068,341235029009,1,0
1069,341240138600,0,0
1070,341245839109,0,0
1071,341251670271,1,0
1072,341257138544,1,0
1073,341262406576,0,0
1074,341268047589,1,0
1075,341273332170,1,0
1076,341278836707,1,0
1077,341284088544,1,0
1078,341289322664,1,0
1079,341294654591,0,0
1080,341300257322,0,0
1081,341306132470,1,0
1082,341311420734,1,0
1083,341316603668,0,0
1084,341322430132,0,0
1085,341328487460,1,0
1086,341333758193,0,0
1087,341339345770,0,0
1088,341345072014,0,0
1089,341351055281,1,0
1090,341356206833,1,0
1091,341361553933,0,0
1092,341367135878,1,0
1093,341372314904,1,0
1094,341377807455,1,0
1095,341383085091,0,0
1096,341388825886,0,0
1097,341394448780,0,0
1098,341400129560,1,0
1099,341405243947,0,0
1100,341410912491,1,0
1101,341416035393,0,0
1102,341422032161,1,0
1103,341427329938,0,0
1104,341433036018,1,0
1105,341438137671,0,0
1106,341443979073,0,0
1107,341449792603,1,0
1108,341454983935,0,0
1109,341461063230,1,0
1110,341466179752,0,0
1111,341471645705,1,0
1112,341476750240,1,0
1113,341481858751,1,0
1114,341487027765,1,0
1115,341492167209,0,0
1116,341497888397,1,0
1117,341503073208,0,0
1118,341508882723,1,0
1119,341514055507,1,0
1120,341519207158,1,0
1121,341524284752,1,0
1122,341529442310,0,0
1123,341535070886,1,0
1124,341540260840,0,0
1125,341546037111,1,0
1126,341551225097,0,0
1127,341557023862,1,0
1128,341562257112,0,0
1129,341567924798,0,0
1130,341573369419,0,0
1131,341578933681,0,0
1132,341584534412,1,0
1133,341590063155,0,0
1134,341595518623,0,0
1135,341601058880,1,0
1136,341606223928,1,0
1137,341611531514,1,0
1138,341616902488,0,0
1139,341622631331,0,0
1140,341628406215,1,0
1141,341633786452,1,0
1142,341638931286,1,0
1143,341644044606,1,0
1144,341649165789,0,0
1145,341655171434,1,0
1146,341660398295,0,0
1147,341666175861,1,0
1148,341671460953,1,0
1149,341676691152,1,0
1150,341681929790,1,0
1151,341687317239,1,0
1152,341692747489,1,0
1153,341697997048,1,0
1154,341703206574,1,0
1155,341708422011,0,0
1156,341714061653,0,0
1157,341719689473,1,0
1158,341724851189,1,0
1159,341730056220,0,0
1160,341735731579,1,0
1161,341741090872,1,0
1162,341746265256,0,0
1163,341751809067,1,0
1164,341757027059,1,0
1165,341762218842,0,0
1166,341767871096,1,0
1167,341773054152,1,0
1168,341778235697,1,0
1169,341783524763,0,0
1170,341789560620,1,0
1171,341794847641,1,0
1172,341800079937,1,0
1173,341805263410,1,0
1174,341810767792,0,0
1175,341816869080,0,0
1176,341822903939,1,0
1177,341828148976,0,0
1178,341833728375,1,0
1179,341838980084,0,0
1180,341844620838,0,0
1181,341850319013,1,0
1182,341855672731,0,0
1183,341861345759,1,0
1184,341866667209,0,0
1185,341872408924,1,0
1186,341877930569,0,0
1187,341883496348,1,0
1188,341888698940,0,0
1189,341894419459,1,0
1190,341899753948,0,0
1191,341905379640,1,0
1192,341910664788,0,0
1193,341916315402,1,0
1194,341921449128,0,0
1195,341927060585,1,0
1196,341932202675,0,0
1197,341937901830,1,0
1198,341943081965,1,0
1199,341948251842,1,0
1200,341953502887,1,0
1201,341958921836,1,0
1202,341964136808,1,0
1203,341969270826,0,0
1204,341974955589,0,0
1205,341980540576,1,0
1206,341985753761,0,0
1207,341991431356,1,0
1208,341996648089,0,0
1209,342002332540,1,0
1210,342007856293,0,0
1211,342013361894,0,0
1212,342019020653,0,0
1213,342024636348,0,0
1214,342030262805,0,0
1215,342035929974,1,0
1216,342041069521,0,0
1217,342046662108,0,0
1218,342052216550,1,0
1219,342057505339,0,0
1220,342063173230,0,0
1221,342068814871,1,0
1222,342073965911,0,0
1223,342079536772,0,0
1224,342085232188,1,0
1225,342090363643,1,0
1226,342095671597,0,0
1227,342101065309,1,0
1228,342106205077,0,0
1229,342111877686,1,0
1230,342117034162,0,0
1231,342122734657,0,0
1232,342128219222,0,0
1233,342133897420,0,0
1234,342139407361,0,0
1235,342144785309,1,0
1236,342149990191,0,0
1237,342155858812,0,0
1238,342161387485,0,0
1239,342167163883,0,0
1240,342172691664,0,0
1241,342178336155,0,0
1242,342184050513,1,0
1243,342189159253,1,0
1244,342194279948,1,0
1245,342199493544,0,0
1246,342205192389,0,0
1247,342210962956,0,0
1248,342216532025,0,0
1249,342222180330,0,0
1250,342227827605,1,0
1251,342232943631,0,0
1252,342238556187,1,0
1253,342243654098,0,0
1254,342249210577,0,0
1255,342254904667,0,0
1256,342260680335,1,0
1257,342265893883,0,0
1258,342271270686,1,0
1259,342276423652,0,0
1260,342281814448,0,0
1261,342287392021,0,0
1262,342292954508,0,0
1263,342298569434,1,0
1264,342303797771,0,0
1265,342309281658,0,0
1266,342314881613,1,0
1267,342320012224,1,0
1268,342325057840,1,0
1269,342330207558,1,0
1270,342335216854,0,0
1271,342340676798,1,0
1272,342345714781,0,0
1273,342351052460,1,0
1274,342356186619,1,0
1275,342361284781,0,0
1276,342367143624,0,0
1277,342372861540,1,0
1278,342378100106,1,0
1279,342383250098,0,0
1280,342388925990,1,0
1281,342394052434,1,0
1282,342399193821,0,0
1283,342404750352,1,0
1284,342410070110,0,0
1285,342415775789,1,0
1286,342420922435,0,0
1287,342426594751,0,0
1288,342432697783,0,0
1289,342438368229,1,0
1290,342443581194,0,0
1291,342449288834,0,0
1292,342454979692,1,0
1293,342460057467,0,0
1294,342465810410,1,0
1295,342470926283,1,0
1296,342476059781,1,0
1297,342481163951,1,0
1298,342486268242,0,0
1299,342491940019,0,0
1300,342497456039,1,0
1301,342502748543,0,0
1302,342508506821,0,0
1303,342514205899,1,0
1304,342519335568,0,0
1305,342525018117,0,0
1306,342530853961,0,0
1307,342536372014,1,0
1308,342541537630,1,0
1309,342546738814,1,0
1310,342551856722,1,0
1311,342556986795,1,0
1312,342562125370,0,0
1313,342567804175,1,0
1314,342572980192,1,0
1315,342578062265,0,0
1316,342583855151,1,0
1317,342588995352,0,0
1318,342594530052,1,0
1319,342599992348,0,0
1320,342605552830,1,0
1321,342610970058,0,0
1322,342616775119,1,0
1323,342621977733,1,0
1324,342627147626,0,0
1325,342632874221,0,0
1326,342638739857,1,0
1327,342643887902,0,0
1328,342649541172,0,0
1329,342655217522,0,0
1330,342660936913,0,0
1331,342666542672,0,0
1332,342672306805,0,0
1333,342677973682,0,0
1334,342683585772,1,0
1335,342688709020,0,0
1336,342694341448,0,0
1337,342700059819,1,0
1338,342705227456,0,0
1339,342711145093,1,0
1340,342716212893,1,0
1341,342721329694,0,0
1342,342727046051,1,0
1343,342732217693,0,0
1344,342737929922,1,0
1345,342743143591,1,0
1346,342748356243,1,0
1347,342753531133,1,0
1348,342758743490,0,0
1349,342764557058,1,0
1350,342769748709,1,0
1351,342774953594,1,0
1352,342780066812,1,0
1353,342785278030,0,0
1354,342791120148,1,0
1355,342796396334,0,0
1356,342802169011,0,0
1357,342807776307,1,0
1358,342812941968,1,0
1359,342818040021,0,0
1360,342823614705,0,0
1361,342829337712,1,0
1362,342834657814,0,0
1363,342840063870,0,0
1364,342845459976,1,0
1365,342850664890,1,0
1366,342855859237,0,0
1367,342861297246,0,0
1368,342866666834,0,0
1369,342872041212,0,0
1370,342877395417,0,0
1371,342882801790,1,0
1372,342887936341,0,0
1373,342893257254,0,0
1374,342898546247,0,0
1375,342903898362,0,0
1376,342909217940,1,0
1377,342914271622,1,0
1378,342919347389,0,0
1379,342925157280,1,0
1380,342930614061,1,0
1381,342935747105,1,0
1382,342940951850,1,0
1383,342946046218,0,0
1384,342951988555,1,0
1385,342957150506,0,0
1386,342962752629,1,0
1387,342967911623,0,0
1388,342973565192,0,0
1389,342979187028,0,0
1390,342984775106,1,0
1391,342990067390,1,0
1392,342995252203,1,0
1393,343000544366,0,0
1394,343006049234,1,0
1395,343011258590,1,0
1396,343016379437,1,0
1397,343021549284,0,0
1398,343026977975,1,0
1399,343032136636,1,0
1400,343037295784,0,0
1401,343043064786,1,0
1402,343048210977,1,0
1403,343053328379,1,0
1404,343058568911,0,0
1405,343064434218,1,0
1406,343069669081,0,0
1407,343075661251,1,0
1408,343081017131,1,0
1409,343086150611,0,0
1410,343091738812,1,0
1411,343096978668,0,0
1412,343102609368,0,0
1413,343108365911,0,0
1414,343113938319,1,0
1415,343119049233,1,0
1416,343124165808,0,0
1417,343129943434,0,0
1418,343135668905,1,0
1419,343140817801,1,0
1420,343146143113,1,0
1421,343151273478,1,0
1422,343156433787,1,0
1423,343161601170,0,0
1424,343167371911,1,0
1425,343172638861,1,0
1426,343177922239,0,0
1427,343183659390,0,0
1428,343189300431,0,0
1429,343195026878,0,0
1430,343200948688,1,0
1431,343206118792,1,0
1432,343211256084,0,0
1433,343216837753,1,0
1434,343221994657,0,0
1435,343227931110,1,0
1436,343233062728,0,0
1437,343238912711,0,0
1438,343244547709,0,0
1439,343250239304,0,0
1440,343255856563,0,0
1441,343261977110,0,0
1442,343267803164,1,0
1443,343272970109,0,0
1444,343278528143,1,0
1445,343283636282,0,0
1446,343289580693,1,0
1447,343294572853,0,0
1448,343300268972,1,0
1449,343305522792,1,0
1450,343310667939,0,0
1451,343316432094,1,0
1452,343321605904,0,0
1453,343327430657,1,0
1454,343332962210,0,0
1455,343338520337,0,0
1456,343344110746,1,0
1457,343349243837,1,0
1458,343354427582,0,0
1459,343360472439,0,0
1460,343366413167,0,0
1461,343372144079,1,0
1462,343377237290,1,0
1463,343382342512,1,0
1464,343387562656,0,0
1465,343393309956,0,0
1466,343399108490,1,0
1467,343404315734,1,0
1468,343409547099,1,0
1469,343414913349,1,0
1470,343420060525,0,0
1471,343425728617,1,0
1472,343430938156,1,0
1473,343435957699,0,0
1474,343441737660,0,0
1475,343447544911,1,0
1476,343453024668,1,0
1477,343458218340,1,0
1478,343463767582,1,0
1479,343468948133,0,0
1480,343474553332,0,0
1481,343480357475,0,0
1482,343485978675,1,0
1483,343491061009,1,0
1484,343496210597,0,0
1485,343501987150,0,0
1486,343507612739,0,0
1487,343513465709,1,0
1488,343518783220,1,0
1489,343524246643,0,0
1490,343530063169,0,0
1491,343536357341,0,0
1492,343542061125,0,0
1493,343547811666,0,0
1494,343553691260,0,0
1495,343559580393,0,0
1496,343565799253,0,0
1497,343571468633,1,0
1498,343576710959,0,0
1499,343582402241,1,0
1500,343587491406,1,0
1501,343592718020,1,0
1502,343597865634,0,0
1503,343603638194,1,0
1504,343608755961,0,0
1505,343614492611,1,0
1506,343619660244,0,0
1507,343625457499,1,0
1508,343630603760,0,0
1509,343636397588,0,0
1510,343642235002,1,0
1511,343647444529,0,0
1512,343653277773,0,0
1513,343658734819,1,0
1514,343664094444,1,0
1515,343669230016,1,0
1516,343674314187,0,0
1517,343679818727,0,0
1518,343685158645,1,0
1519,343690843316,0,0
1520,343696544437,1,0
1521,343701873611,0,0
1522,343707600687,1,0
1523,343712786412,0,0
1524,343718477873,0,0
1525,343724358777,1,0
1526,343729842047,0,0
1527,343735753192,1,0
1528,343740956722,0,0
1529,343747152832,0,0
1530,343752738550,1,0
1531,343757901604,1,0
1532,343763074508,0,0
1533,343768927901,1,0
1534,343774061684,1,0
1535,343779178892,0,0
1536,343784837371,1,0
1537,343789955672,0,0
1538,343795756106,1,0
1539,343800896307,0,0
1540,343806458919,1,0
1541,343811864613,1,0
1542,343817047794,1,0
1543,343822187504,0,0
1544,343827966389,1,0
1545,343833066364,1,0
1546,343838230960,1,0
1547,343843431095,1,0
1548,343848948254,1,0
1549,343854070977,1,0
1550,343859199804,0,0
1551,343864921702,0,0
1552,343870599002,0,0
1553,343876212532,0,0
1554,343882164890,1,0
1555,343887282695,0,0
1556,343892973517,1,0
1557,343898063419,1,0
1558,343903671484,1,0
1559,343908799347,0,0
1560,343914263772,1,0
1561,343919609520,0,0
1562,343925161469,0,0
1563,343930876093,1,0
1564,343936022756,1,0
1565,343941153915,0,0
1566,343946889901,0,0
1567,343952564640,0,0
1568,343958248955,1,0
1569,343963525222,0,0
1570,343969139742,1,0
1571,343974252956,0,0
1572,343979917851,1,0
1573,343985069955,0,0
1574,343990756001,0,0
1575,343996365319,1,0
1576,344001616909,1,0
1577,344006772596,1,0
1578,344011931460,1,0
1579,344017074575,1,0
1580,344022228393,0,0
1581,344027932407,0,0
1582,344033550366,0,0
1583,344039133908,0,0
1584,344044738046,0,0
1585,344050179892,1,0
1586,344055442884,0,0
1587,344061031971,1,0
1588,344066186455,0,0
1589,344071836532,0,0
1590,344077304106,0,0
1591,344082927990,0,0
1592,344088534649,1,0
1593,344093717764,1,0
1594,344098909407,1,0
1595,344104062746,1,0
1596,344109183679,0,0
1597,344114853898,1,0
1598,344120154700,1,0
1599,344125305267,1,0
1600,344130500739,1,0
1601,344135717597,0,0
1602,344141294140,1,0
1603,344146517384,1,0
1604,344151635481,0,0
1605,344157242032,1,0
1606,344162393697,0,0
1607,344168040209,0,0
1608,344173638296,1,0
1609,344178745236,0,0
1610,344184360512,0,0
1611,344190070397,1,0
1612,344195182728,1,0
1613,344200466395,1,0
1614,344205598536,1,0
1615,344210777537,1,0
1616,344215964461,1,0
1617,344221116042,1,0
1618,344226240535,1,0
1619,344231401186,0,0
1620,344237166365,1,0
1621,344242254505,0,0
1622,344248018462,0,0
1623,344253531980,1,0
1624,344258694039,1,0
1625,344263785642,0,0
1626,344269481343,0,0
1627,344275461796,1,0
1628,344280898111,1,0
1629,344286204451,1,0
1630,344291545324,0,0
1631,344297208894,0,0
1632,344302625668,1,0
1633,344307790032,0,0
1634,344313046772,0,0
1635,344318474794,1,0
1636,344323662130,1,0
1637,344328809737,1,0
1638,344333990281,0,0
1639,344339324272,1,0
1640,344344449417,1,0
1641,344349607274,1,0
1642,344354745032,0,0
1643,344360021721,1,0
1644,344365172692,1,0
1645,344370274378,1,0
1646,344375417575,0,0
1647,344380759200,1,0
1648,344385941773,0,0
1649,344391211839,0,0
1650,344396728433,1,0
1651,344401873432,1,0
1652,344407226299,1,0
1653,344412442931,0,0
1654,344418064853,1,0
1655,344423184863,0,0
1656,344429032370,1,0
1657,344434138781,0,0
1658,344439936774,0,0
1659,344445368160,1,0
1660,344450632948,1,0
1661,344455796465,0,0
1662,344461557889,0,0
1663,344467128355,1,0
1664,344472256420,0,0
1665,344477878219,0,0
1666,344483610415,0,0
1667,344489161620,1,0
1668,344494224980,0,0
1669,344499819573,0,0
1670,344505405213,1,0
1671,344510555344,0,0
1672,344516132438,0,0
1673,344521701531,0,0
1674,344527212102,1,0
1675,344532366252,1,0
1676,344537491408,0,0
1677,344543055712,0,0
1678,344548756822,1,0
1679,344553905188,1,0
1680,344559030080,1,0
1681,344565802685,1,0
1682,344571517919,1,0
1683,344576630126,0,0
1684,344582325863,1,0
1685,344587505258,0,0
1686,344592971659,1,0
1687,344598180952,1,0
1688,344603375965,0,0
1689,344608934954,1,0
1690,344614212838,0,0
1691,344619851560,0,0
1692,344625484421,0,0
1693,344631239363,1,0
1694,344636731961,1,0
1695,344642134758,0,0
1696,344647938240,1,0
1697,344653056912,0,0
1698,344658708108,0,0
1699,344664445484,0,0
1700,344670180098,1,0
1701,344675407825,1,0
1702,344680637602,1,0
1703,344685817335,1,0
1704,344691212036,1,0
1705,344696532586,1,0
1706,344702035750,1,0
1707,344707132082,0,0
1708,344712991664,0,0
1709,344718559941,0,0
1710,344724223640,1,0
1711,344729476302,0,0
1712,344735196561,0,0
1713,344740896671,0,0
1714,344746665756,1,0
1715,344751726632,0,0
1716,344757577542,1,0
1717,344762936823,0,0
1718,344768364922,0,0
1719,344774024693,0,0
1720,344779879384,0,0
1721,344785665534,0,0
1722,344791431278,0,0
1723,344797229948,1,0
1724,344802410551,0,0
1725,344808010724,0,0
1726,344813534572,1,0
1727,344818634162,0,0
1728,344824590167,0,0
1729,344830475279,1,0
1730,344835746808,0,0
1731,344841475087,0,0
1732,344847331801,1,0
1733,344852568373,0,0
1734,344858448959,0,0
1735,344864201916,1,0
1736,344869538506,0,0
1737,344875272668,0,0
1738,344881071100,0,0
1739,344886935235,0,0
1740,344892492484,0,0
1741,344898183055,1,0
1742,344903281824,1,0
1743,344908507440,1,0
1744,344913623876,1,0
1745,344918956400,0,0
1746,344924865586,1,0
1747,344930076593,1,0
1748,344935783520,1,0
1749,344940958274,1,0
1750,344946138978,0,0
1751,344951772004,1,0
1752,344956928554,0,0
1753,344962664865,1,0
1754,344967854214,0,0
1755,344973334184,1,0
1756,344978444170,1,0
1757,344983729767,1,0
1758,344988866920,0,0
1759,344994332060,0,0
1760,345000148486,1,0
1761,345005315442,0,0
1762,345010986866,1,0
1763,345016142085,1,0
1764,345021233332,0,0
1765,345027015289,1,0
1766,345032117455,0,0
1767,345037710927,1,0
1768,345043028469,1,0
1769,345048140463,0,0
1770,345053950418,1,0
1771,345059154369,0,0
1772,345064751032,0,0
1773,345070504369,1,0
1774,345076063292,1,0
1775,345081150475,1,0
1776,345086228909,0,0
1777,345091957115,0,0
1778,345098065784,0,0
1779,345103864845,0,0
1780,345109548537,1,0
1781,345114726123,0,0
1782,345120559710,1,0
1783,345125748568,0,0
1784,345131333771,0,0
1785,345137162890,1,0
1786,345142419931,0,0
1787,345148067965,1,0
1788,345153277487,1,0
1789,345158607038,1,0
1790,345163867970,0,0
1791,345169629496,0,0
1792,345175416764,1,0
1793,345180513273,0,0
1794,345186314222,1,0
1795,345191450118,1,0
1796,345196790094,0,0
1797,345202432345,1,0
1798,345207769076,0,0
1799,345213419752,1,0
1800,345218745896,0,0
1801,345224544265,1,0
1802,345229845344,0,0
1803,345235563499,0,0
1804,345241415423,0,0
1805,345247316854,0,0
1806,345253237416,1,0
1807,345258462692,0,0
1808,345264270871,1,0
1809,345269573540,0,0
1810,345275251937,1,0
1811,345280423946,1,0
1812,345285526491,1,0
1813,345290622074,0,0
1814,345296463631,0,0
1815,345302560029,0,0
1816,345308406660,0,0
1817,345314252165,0,0
1818,345319859963,0,0
1819,345325420876,1,0
1820,345330853982,0,0
1821,345336419761,0,0
1822,345341887855,0,0
1823,345347467277,0,0
1824,345353052904,1,0
1825,345358263813,0,0
1826,345363977060,0,0
1827,345369585119,1,0
1828,345374995640,0,0
1829,345380746951,0,0
1830,345386424014,1,0
1831,345391770891,0,0
1832,345397490403,0,0
1833,345403256964,0,0
1834,345409023930,0,0
1835,345414995928,0,0
1836,345420662665,0,0
1837,345426329807,0,0
1838,345432067629,0,0
1839,345437562232,1,0
1840,345442707852,0,0
1841,345448599890,0,0
1842,345454328904,0,0
1843,345460227460,0,0
1844,345465604639,1,0
1845,345470784948,0,0
1846,345476389801,0,0
1847,345481925567,1,0
1848,345487038177,0,0
1849,345492783625,0,0
1850,345498381949,0,0
1851,345504143880,1,0
1852,345509248632,0,0
1853,345514985429,0,0
1854,345520806661,1,0
1855,345526098782,1,0
1856,345531221076,0,0
1857,345536831746,0,0
1858,345542545429,0,0
1859,345548199746,1,0
1860,345553472150,1,0
1861,345558929819,0,0
1862,345564797020,0,0
1863,345570450308,1,0
1864,345575765106,1,0
1865,345580885045,1,0
1866,345585964528,0,0
1867,345591631600,1,0
1868,345596821379,1,0
1869,345601972533,0,0
1870,345607656482,0,0
1871,345613268965,0,0
1872,345618978308,0,0
1873,345624627800,1,0
1874,345629817506,1,0
1875,345634950770,0,0
1876,345640505569,0,0
1877,345646129647,0,0
1878,345651931947,0,0
1879,345657565631,0,0
1880,345663340126,1,0
1881,345668621925,1,0
1882,345673793812,0,0
1883,345679434960,1,0
1884,345684557952,0,0
1885,345690375156,0,0
1886,345696082820,0,0
1887,345701857400,0,0
1888,345707451130,1,0
1889,345712576636,1,0
1890,345717773866,1,0
1891,345722834675,1,0
1892,345727996805,1,0
1893,345733068737,1,0
1894,345738263558,0,0
1895,345743990281,1,0
1896,345749063938,1,0
1897,345754189841,1,0
1898,345759283391,1,0
1899,345764616138,0,0
1900,345770429233,1,0
1901,345775668400,1,0
1902,345780809744,0,0
1903,345786379635,0,0
1904,345791955777,0,0
1905,345797733592,0,0
1906,345803346016,1,0
1907,345808532868,1,0
1908,345813731322,0,0
1909,345819466270,0,0
1910,345825127265,1,0
1911,345830271701,1,0
1912,345835400877,1,0
1913,345840491786,0,0
1914,345846201209,0,0
1915,345851881313,1,0
1916,345857066995,1,0
1917,345862212999,1,0
1918,345867553438,1,0
1919,345872759563,1,0
1920,345877917830,1,0
1921,345883068832,1,0
1922,345888242858,1,0
1923,345893559035,0,0
1924,345899253680,1,0
1925,345904806149,0,0
1926,345910445374,0,0
1927,345916020789,1,0
1928,345921190319,1,0
1929,345926443699,0,0
1930,345932242853,0,0
1931,345937951669,0,0
1932,345943463808,0,0
1933,345949206560,0,0
1934,345954932319,0,0
1935,345960477369,1,0
1936,345965833253,0,0
1937,345971341102,0,0
1938,345977051008,0,0
1939,345982620914,1,0
1940,345987797262,0,0
1941,345993403438,1,0
1942,345998789408,1,0
1943,346003856106,1,0
1944,346009023178,0,0
1945,346014649886,0,0
1946,346020349200,1,0
1947,346025612360,0,0
1948,346031402744,0,0
1949,346037343978,1,0
1950,346042437540,0,0
1951,346048124226,1,0
1952,346053257015,1,0
1953,346058472763,1,0
1954,346063867061,0,0
1955,346069415168,1,0
1956,346074619035,0,0
1957,346080289128,0,0
1958,346086065630,1,0
1959,346091256850,1,0
1960,346096537785,1,0
1961,346101659678,0,0
1962,346107265764,1,0
1963,346112464178,1,0
1964,346117766362,0,0
1965,346123401646,0,0
1966,346128873090,1,0
1967,346134042697,1,0
1968,346139147398,1,0
1969,346144296673,1,0
1970,346149498265,0,0
1971,346155160285,0,0
1972,346160761176,1,0
1973,346165843811,1,0
1974,346171027777,1,0
1975,346176175072,1,0
1976,346181237724,0,0
1977,346186798018,0,0
1978,346192335781,0,0
1979,346197905770,0,0
1980,346203496322,0,0
1981,346209119298,0,0
1982,346214758971,0,0
1983,346220306800,0,0
1984,346225737570,1,0
1985,346230846655,0,0
1986,346236269340,1,0
1987,346241432298,1,0
1988,346246656427,0,0
1989,346252152516,1,0
1990,346257275831,0,0
1991,346263012097,0,0
1992,346268543946,0,0
1993,346274099717,0,0
1994,346279785440,1,0
1995,346284920202,0,0
1996,346290443736,0,0
1997,346296178537,0,0
1998,346301905846,1,0
1999,346307106428,0,0
2000,346312644566,1,0
2001,346317760616,1,0
2002,346322866124,1,0
2003,346327938460,1,0
2004,346333055179,0,0
2005,346338612634,1,0
2006,346343720820,0,0
2007,346349200946,1,0
2008,346354278215,1,0
2009,346359414177,1,0
2010,346364476402,0,0
2011,346369948097,1,0
2012,346375017927,0,0
2013,346380498074,1,0
2014,346385688359,1,0
2015,346390821990,0,0
2016,346396243132,1,0
2017,346401328494,1,0
2018,346406429920,1,0
2019,346411524373,0,0
2020,346417179441,0,0
2021,346422718524,0,0
2022,346428214361,0,0
2023,346433917077,1,0
2024,346439049915,0,0
2025,346444586779,1,0
2026,346449767297,1,0
2027,346454867098,1,0
2028,346460019409,0,0
2029,346465479859,0,0
2030,346471339339,0,0
2031,346477022389,0,0
2032,346482699293,1,0
2033,346487842431,1,0
2034,346492981700,1,0
2035,346498054351,0,0
2036,346503794917,0,0
2037,346509325125,1,0
2038,346514581386,1,0
2039,346519695964,0,0
2040,346525348926,0,0
2041,346531068267,1,0
2042,346536179513,1,0
2043,346541355879,1,0
2044,346546474755,1,0
2045,346551624416,0,0
2046,346557289593,0,0
2047,346562978976,0,0
2048,346568589098,0,0
2049,346574201123,1,0
2050,346579469055,0,0
2051,346585205621,1,0
2052,346590443650,0,0
2053,346596291121,0,0
2054,346601987691,0,0
2055,346607425753,1,0
2056,346612630318,1,0
2057,346617950487,0,0
2058,346623502167,1,0
2059,346628647488,0,0
2060,346634436069,0,0
2061,346639984609,0,0
2062,346645485115,0,0
2063,346651135438,1,0
2064,346656265161,1,0
2065,346661401460,0,0
2066,346667029253,0,0
2067,346672524058,1,0
2068,346677651340,1,0
2069,346682908645,0,0
2070,346688712164,1,0
2071,346693918330,0,0
2072,346699725136,0,0
2073,346705444713,0,0
2074,346711189507,0,0
2075,346716874172,1,0
2076,346722019003,1,0
2077,346727056703,1,0
2078,346732447759,1,0
2079,346737879222,1,0
2080,346742992117,1,0
2081,346748058694,0,0
2082,346753762176,0,0
2083,346759334721,0,0
2084,346765196123,0,0
2085,346770879261,1,0
2086,346776134882,1,0
2087,346781401588,1,0
2088,346786559180,1,0
2089,346791769105,1,0
2090,346796957019,1,0
2091,346802172491,0,0
2092,346808059241,0,0
2093,346813619098,1,0
2094,346818922395,0,0
2095,346824682911,0,0
2096,346830542099,0,0
2097,346836224767,1,0
2098,346841492641,0,0
2099,346847301094,1,0
2100,346852578339,0,0
2101,346858265710,1,0
2102,346863603863,0,0
2103,346869548600,1,0
2104,346874717533,0,0
2105,346880423765,0,0
2106,346886056995,0,0
2107,346891814198,1,0
2108,346896987368,0,0
2109,346902712763,1,0
2110,346907855442,0,0
2111,346913480381,0,0
2112,346919157360,0,0
2113,346924776091,1,0
2114,346929936850,0,0
2115,346935581350,1,0
2116,346940754140,1,0
2117,346945925679,0,0
2118,346951841408,0,0
2119,346957548029,1,0
2120,346962704566,0,0
2121,346968454309,0,0
2122,346974432726,0,0
2123,346980060198,1,0
2124,346985232977,1,0
2125,346990463983,0,0
2126,346996259407,0,0
2127,347001961652,1,0
2128,347007200010,1,0
2129,347012292379,0,0
2130,347018259460,1,0
2131,347023414300,0,0
2132,347029125053,1,0
2133,347034291084,1,0
2134,347039480241,0,0
2135,347045049309,1,0
2136,347050226649,0,0
2137,347055969013,0,0
2138,347061718735,0,0
2139,347067505093,1,0
2140,347072686721,1,0
2141,347077888298,0,0
2142,347083462190,1,0
2143,347088634762,0,0
2144,347094094471,0,0
2145,347099618699,1,0
2146,347104769889,0,0
2147,347110169442,0,0
2148,347115566229,1,0
2149,347120679615,1,0
2150,347125875487,0,0
2151,347131700282,1,0
2152,347136907114,1,0
2153,347142067903,1,0
2154,347147156101,1,0
2155,347152266099,1,0
2156,347157558646,0,0
2157,347163194127,0,0
2158,347168817968,0,0
2159,347174334459,1,0
2160,347179637659,1,0
2161,347184901383,1,0
2162,347190052807,0,0
2163,347195589364,0,0
2164,347201333256,1,0
2165,347206565226,0,0
2166,347212122982,0,0
2167,347217991008,1,0
2168,347223132308,1,0
2169,347228294340,1,0
2170,347233448448,1,0
2171,347238631888,1,0
2172,347243809451,0,0
2173,347249473605,0,0
2174,347255058034,0,0
2175,347260744424,1,0
2176,347265940673,1,0
2177,347271131076,1,0
2178,347276308985,1,0
2179,347281452367,1,0
2180,347286669817,1,0
2181,347291966801,0,0
2182,347297640020,0,0
2183,347303283644,0,0
2184,347308925239,1,0
2185,347314146941,0,0
2186,347319893923,0,0
2187,347325498871,1,0
2188,347330847382,0,0
2189,347336570230,0,0
2190,347342346292,1,0
2191,347347611149,0,0
2192,347353375303,1,0
2193,347358815499,0,0
2194,347364412781,0,0
2195,347370107292,0,0
2196,347375767442,1,0
2197,347381023386,1,0
2198,347386188773,0,0
2199,347391957460,0,0
2200,347397765384,1,0
2201,347402940865,1,0
2202,347408074643,1,0
2203,347413334668,1,0
2204,347418448924,0,0
2205,347424124109,1,0
2206,347429230074,0,0
2207,347435024400,1,0
2208,347440221229,1,0
2209,347445512025,1,0
2210,347450709283,1,0
2211,347455857116,0,0
2212,347461572753,0,0
2213,347467108223,1,0
2214,347472221388,0,0
2215,347478045202,0,0
2216,347483877273,0,0
2217,347489661415,1,0
2218,347494864136,1,0
2219,347500080588,1,0
2220,347505165419,0,0
2221,347510940867,1,0
2222,347516075737,0,0
2223,347521561614,0,0
2224,347527597509,1,0
2225,347532859675,0,0
2226,347538809503,1,0
2227,347544167729,1,0
2228,347549352996,0,0
2229,347555082652,1,0
2230,347560294368,1,0
2231,347565577705,0,0
2232,347571311998,0,0
2233,347577087597,0,0
2234,347582701163,1,0
2235,347587922500,0,0
2236,347593925872,1,0
2237,347599069691,0,0
2238,347604914254,0,0
2239,347610651936,1,0
2240,347616070684,1,0
2241,347621272149,0,0
2242,347627072980,1,0
2243,347632268236,1,0
2244,347637519343,1,0
2245,347642728057,1,0
2246,347647896373,1,0
2247,347653049925,1,0
2248,347658226377,0,0
2249,347663600509,0,0
2250,347668922117,0,0
2251,347674284508,0,0
2252,347679616820,0,0
2253,347684964921,0,0
2254,347690367855,1,0
2255,347695740639,1,0
2256,347700984480,0,0
2257,347706453040,0,0
2258,347711979721,1,0
2259,347717215073,1,0
2260,347722359354,0,0
2261,347727604268,0,0
2262,347733085806,1,0
2263,347738176129,1,0
2264,347743303723,1,0
2265,347748443710,0,0
2266,347753853337,1,0
2267,347759027857,0,0
2268,347764450996,0,0
2269,347769817911,0,0
2270,347775179104,1,0
2271,347780600484,0,0
2272,347786223361,0,0
2273,347791686317,1,0
2274,347796805141,1,0
2275,347801918301,1,0
2276,347807055503,1,0
2277,347812145334,0,0
2278,347817665104,0,0
2279,347823279351,1,0
2280,347828436308,1,0
2281,347833557233,0,0
2282,347839050568,1,0
2283,347844211613,0,0
2284,347849810058,0,0
2285,347855274027,1,0
2286,347860358742,1,0
2287,347865750009,0,0
2288,347871382994,1,0
2289,347876553466,0,0
2290,347882224572,1,0
2291,347887323881,1,0
2292,347892659844,1,0
2293,347897832658,1,0
2294,347902989572,0,0
2295,347908900446,1,0
2296,347914055145,0,0
2297,347919611683,1,0
2298,347924736385,1,0
2299,347929853386,0,0
2300,347935506893,0,0
2301,347941042242,0,0
2302,347946444086,1,0
2303,347951574459,0,0
2304,347956990187,1,0
2305,347962151080,0,0
2306,347967662399,0,0
2307,347973218002,0,0
2308,347978921605,0,0
2309,347984551343,1,0
2310,347989634044,1,0
2311,347994764122,0,0
2312,348000268948,0,0
2313,348005908660,0,0
2314,348011494252,1,0
2315,348016772689,1,0
2316,348022042963,1,0
2317,348027209816,1,0
2318,348032478365,0,0
2319,348038210730,0,0
2320,348043752215,0,0
2321,348049543189,0,0
2322,348055018210,1,0
2323,348060197190,0,0
2324,348065537909,1,0
2325,348070791399,0,0
2326,348076132307,1,0
2327,348081267753,1,0
2328,348086421241,1,0
2329,348091456694,1,0
2330,348096587972,0,0
2331,348102274442,0,0
2332,348107823012,0,0
2333,348113366380,0,0
2334,348119016386,0,0
2335,348124589009,1,0
2336,348129812501,1,0
2337,348134991123,1,0
2338,348140143063,0,0
2339,348145837868,0,0
2340,348151604739,1,0
2341,348156950509,1,0
2342,348162182952,0,0
2343,348167817938,0,0
2344,348173293036,0,0
2345,348179024400,0,0
2346,348184558165,0,0
2347,348190120324,0,0
2348,348195916148,0,0
2349,348201538309,1,0
2350,348206920571,1,0
2351,348212071736,1,0
2352,348217215259,0,0
2353,348222947768,1,0
2354,348228057432,0,0
2355,348233805281,0,0
2356,348239303029,1,0
2357,348244592600,1,0
2358,348249943919,1,0
2359,348255110187,1,0
2360,348260265553,0,0
2361,348266052245,0,0
2362,348271678574,1,0
2363,348276883170,0,0
2364,348282457051,1,0
2365,348287777491,0,0
2366,348293351466,1,0
2367,348298642607,1,0
2368,348303850553,1,0
2369,348308982662,1,0
2370,348314033671,0,0
2371,348319985446,1,0
2372,348325056794,1,0
2373,348330241616,1,0
2374,348335533455,0,0
2375,348341295158,0,0
2376,348347069416,0,0
2377,348352726512,0,0
2378,348358289780,0,0
2379,348363949168,0,0
2380,348369528377,0,0
2381,348375199125,0,0
2382,348381025466,1,0
2383,348386056993,0,0
2384,348391682683,0,0
2385,348397292809,0,0
2386,348403021272,0,0
2387,348408811538,1,0
2388,348413972174,1,0
2389,348419201724,1,0
2390,348424464859,1,0
2391,348429722597,0,0
2392,348435352743,1,0
2393,348440627856,1,0
2394,348445768717,0,0
2395,348451225445,0,0
2396,348456542162,0,0
2397,348462130895,1,0
2398,348467261836,1,0
2399,348472521126,1,0
2400,348477968452,1,0
2401,348483162282,0,0
2402,348488831350,0,0
2403,348494429040,0,0
2404,348500072200,0,0
2405,348505690941,0,0
2406,348511185013,0,0
2407,348516607430,0,0
2408,348522095557,1,0
2409,348527230444,1,0
2410,348532486497,1,0
2411,348537608357,0,0
2412,348543458080,1,0
2413,348548909394,0,0
2414,348554442622,1,0
2415,348559699894,1,0
2416,348564909971,1,0
2417,348570060739,1,0
2418,348575278394,1,0
2419,348580441367,0,0
2420,348586036802,0,0
2421,348591860004,0,0
2422,348597693985,0,0
2423,348603285609,1,0
2424,348608394584,0,0
2425,348614128988,0,0
2426,348619803906,0,0
2427,348625520854,1,0
2428,348630757928,1,0
2429,348636042032,0,0
2430,348641592892,0,0
2431,348647339176,1,0
2432,348652623477,1,0
2433,348657960973,0,0
2434,348664030089,0,0
2435,348669438560,1,0
2436,348674634408,1,0
2437,348679720015,0,0
2438,348685292830,0,0
2439,348691083409,1,0
2440,348696202385,1,0
2441,348701510881,0,0
2442,348707441209,1,0
2443,348712673906,0,0
2444,348718387870,1,0
2445,348723669978,1,0
2446,348728895210,1,0
2447,348734158975,1,0
2448,348739305174,1,0
2449,348744606737,0,0
2450,348750439597,0,0
2451,348756055520,1,0
2452,348761228359,0,0
2453,348767063262,1,0
2454,348772270576,0,0
2455,348777866488,1,0
2456,348782993640,1,0
2457,348788148523,0,0
2458,348794072329,0,0
2459,348799762547,1,0
2460,348804952166,0,0
2461,348810527486,0,0
2462,348816130433,1,0
2463,348821250649,0,0
2464,348826720731,1,0
2465,348831856034,0,0
2466,348837510042,0,0
2467,348843220682,0,0
2468,348849296691,1,0
2469,348854468328,1,0
2470,348859780170,0,0
2471,348865467569,0,0
2472,348871037024,1,0
2473,348876228751,1,0
2474,348881550280,0,0
2475,348887261851,1,0
2476,348892630824,1,0
2477,348897838441,1,0
2478,348903065738,0,0
2479,348908744611,0,0
2480,348914549873,1,0
2481,348919752864,1,0
2482,348924932404,0,0
2483,348930519591,0,0
2484,348936177634,1,0
2485,348941265616,1,0
2486,348946435655,0,0
2487,348951842054,1,0
2488,348957021244,1,0
2489,348962181472,0,0
2490,348967685263,1,0
2491,348972858095,1,0
2492,348978034173,1,0
2493,348983140911,1,0
2494,348988233233,0,0
2495,348994184460,1,0
2496,348999491776,0,0
2497,349005366419,0,0
2498,349011073447,1,0
2499,349016302845,0,0
2500,349022057074,1,0
2501,349027181034,1,0
2502,349032463600,0,0
2503,349038233341,1,0
2504,349043484590,1,0
2505,349048614637,1,0
2506,349053775601,0,0
2507,349059390544,1,0
2508,349064522456,0,0
2509,349070242649,1,0
2510,349075491904,1,0
2511,349080626995,0,0
2512,349086318220,0,0
2513,349092037957,0,0
2514,349097699059,0,0
2515,349103374469,1,0
2516,349108479544,1,0
2517,349113619416,1,0
2518,349118698775,0,0
2519,349124386510,0,0
2520,349130151669,0,0
2521,349135960154,1,0
2522,349141081888,1,0
2523,349146392905,0,0
2524,349152307053,1,0
2525,349157548967,1,0
2526,349162995572,0,0
2527,349168774971,1,0
2528,349173829442,1,0
2529,349178978146,1,0
2530,349184057618,1,0
2531,349189239967,1,0
2532,349194333660,1,0
2533,349199517396,0,0
2534,349205303721,1,0
2535,349210794534,1,0
2536,349215952487,1,0
2537,349221324754,1,0
2538,349226560177,0,0
2539,349232175008,0,0
2540,349237771827,1,0
2541,349242957252,1,0
2542,349248239307,0,0
2543,349254040449,1,0
2544,349259151365,0,0
2545,349264920826,0,0
2546,349270624660,0,0
2547,349276360426,0,0
2548,349282133616,1,0
2549,349287231735,0,0
2550,349292879306,1,0
2551,349298031974,0,0
2552,349303676402,1,0
2553,349308920618,1,0
2554,349314027135,1,0
2555,349319138490,1,0
2556,349324226184,1,0
2557,349329469792,1,0
2558,349334735357,1,0
2559,349339860202,0,0
2560,349345542662,1,0
2561,349350928700,1,0
2562,349356059470,1,0
2563,349361413717,1,0
2564,349366516155,1,0
2565,349371928828,1,0
2566,349377117619,1,0
2567,349382259507,0,0
2568,349387825485,0,0
2569,349393359864,0,0
2570,349399039130,0,0
2571,349404573884,0,0
2572,349410293835,0,0
2573,349415922021,1,0
2574,349421057542,1,0
2575,349426172483,0,0
2576,349431801275,1,0
2577,349437032676,0,0
2578,349442722285,0,0
2579,349448142126,1,0
2580,349453332944,1,0
2581,349458686029,0,0
2582,349464326680,0,0
2583,349469923997,0,0
2584,349475368001,0,0
2585,349481074132,1,0
2586,349486288182,1,0
2587,349491567437,0,0
2588,349497447283,1,0
2589,349502616022,0,0
2590,349508241132,0,0
2591,349513810822,1,0
2592,349519125521,0,0
2593,349524648340,1,0
2594,349529933052,0,0
2595,349535645627,1,0
2596,349541173883,1,0
2597,349546323838,1,0
2598,349551624831,1,0
2599,349556776439,1,0
2600,349561940217,1,0
2601,349567078276,0,0
2602,349573128526,0,0
2603,349578760885,0,0
2604,349584346878,1,0
2605,349589702019,0,0
2606,349595284339,1,0
2607,349600545120,0,0
2608,349606402609,0,0
2609,349611876914,0,0
2610,349617771037,1,0
2611,349623047093,1,0
2612,349628301785,0,0
2613,349634210139,1,0
2614,349639420834,1,0
2615,349644656727,0,0
2616,349650162823,1,0
2617,349655300762,1,0
2618,349660489920,0,0
2619,349665981627,1,0
2620,349671218991,0,0
2621,349676656154,1,0
2622,349681784210,0,0
2623,349687511118,0,0
2624,349693502706,1,0
2625,349698821051,0,0
2626,349704519567,1,0
2627,349709796875,0,0
2628,349715469582,0,0
2629,349721153568,1,0
2630,349726403944,1,0
2631,349731752391,1,0
2632,349737351529,1,0
2633,349742607503,0,0
2634,349748503443,0,0
2635,349754342048,1,0
2636,349759698128,1,0
2637,349765289240,1,0
2638,349770687695,0,0
2639,349776378529,0,0
2640,349782059463,1,0
2641,349787233533,1,0
2642,349792540118,0,0
2643,349798252669,0,0
2644,349804016474,0,0
2645,349809617411,1,0
2646,349814822078,1,0
2647,349819965614,0,0
2648,349825810009,0,0
2649,349831450495,0,0
2650,349837138429,0,0
2651,349842943853,0,0
2652,349848531153,0,0
2653,349854557517,1,0
2654,349860049532,0,0
2655,349865817537,0,0
2656,349871576549,1,0
2657,349876782101,0,0
2658,349882539042,1,0
2659,349887756934,0,0
2660,349893483972,0,0
2661,349899213786,1,0
2662,349904505020,0,0
2663,349910198205,1,0
2664,349915335406,0,0
2665,349921078747,1,0
2666,349926318131,0,0
2667,349932071629,1,0
2668,349937242648,1,0
2669,349942547904,1,0
2670,349947989930,0,0
2671,349953462342,0,0
2672,349959129471,1,0
2673,349964277172,1,0
2674,349969492825,0,0
2675,349974832270,1,0
2676,349980053822,0,0
2677,349985667567,0,0
2678,349991476257,0,0
2679,349997162244,0,0
2680,350002934270,1,0
2681,350008361996,0,0
2682,350014053056,0,0
2683,350019685430,0,0
2684,350025337335,0,0
2685,350031043158,0,0
2686,350036668985,1,0
2687,350041888363,0,0
2688,350047446302,1,0
2689,350052533544,0,0
2690,350058238878,1,0
2691,350063427228,0,0
2692,350069030123,1,0
2693,350074226363,0,0
2694,350080039563,0,0
2695,350085498052,0,0
2696,350091062046,1,0
2697,350096186320,0,0
2698,350101650982,1,0
2699,350106834017,0,0
2700,350112397454,1,0
2701,350117706564,0,0
2702,350123357861,1,0
2703,350128619786,0,0
2704,350134256538,0,0
2705,350140030025,1,0
2706,350145223276,0,0
2707,350150923916,0,0
2708,350156559845,0,0
2709,350162199326,1,0
2710,350167478348,0,0
2711,350173076746,1,0
2712,350178312791,0,0
2713,350183912722,0,0
2714,350189560355,1,0
2715,350194882363,0,0
2716,350200526813,0,0
2717,350206338003,1,0
2718,350211600100,0,0
2719,350217323975,1,0
2720,350222597792,1,0
2721,350227732526,1,0
2722,350232965743,0,0
2723,350238659166,0,0
2724,350244205999,1,0
2725,350249509126,0,0
2726,350255211062,0,0
2727,350260898751,0,0
2728,350266547979,1,0
2729,350271717701,1,0
2730,350276859508,1,0
2731,350282130620,0,0
2732,350287688398,0,0
2733,350293239509,1,0
2734,350298521896,0,0
2735,350304256434,0,0
2736,350309707894,1,0
2737,350314872721,1,0
2738,350320026399,0,0
2739,350325639053,1,0
2740,350330828786,1,0
2741,350335962608,0,0
2742,350341428820,1,0
2743,350346614804,0,0
2744,350352281475,0,0
2745,350357971799,0,0
2746,350363698046,1,0
2747,350368894306,1,0
2748,350374033729,0,0
2749,350379658843,1,0
2750,350384799243,0,0
2751,350390382972,1,0
2752,350395601365,0,0
2753,350401194529,0,0
2754,350406785870,1,0
2755,350412054782,0,0
2756,350417524578,1,0
2757,350422706039,1,0
2758,350427934904,1,0
2759,350433126565,1,0
2760,350438348164,0,0
2761,350444041508,0,0
2762,350449671028,1,0
2763,350454930222,0,0
2764,350460519471,1,0
2765,350465965166,1,0
2766,350471207516,0,0
2767,350476574668,0,0
2768,350482134198,0,0
2769,350487741037,1,0
2770,350492970972,0,0
2771,350498651139,0,0
2772,350504387734,1,0
2773,350509609174,1,0
2774,350514740981,0,0
2775,350520364634,0,0
2776,350526140335,1,0
2777,350531311337,0,0
2778,350537060659,0,0
2779,350542741366,1,0
2780,350547727528,1,0
2781,350552864712,1,0
2782,350558065475,1,0
2783,350563225331,1,0
2784,350568498240,0,0
2785,350574212578,0,0
2786,350579920109,0,0
2787,350585590127,1,0
2788,350590677814,1,0
2789,350595767175,1,0
2790,350601067540,0,0
2791,350606899381,0,0
2792,350612635888,1,0
2793,350617949051,1,0
2794,350623223636,0,0
2795,350629071640,0,0
2796,350634805742,1,0
2797,350639987212,0,0
2798,350645643435,1,0
2799,350650784322,0,0
2800,350656230632,1,0
2801,350661431331,0,0
2802,350667195705,1,0
2803,350672299778,1,0
2804,350677410769,1,0
2805,350682525820,1,0
2806,350687685566,0,0
2807,350693278249,1,0
2808,350698426322,1,0
2809,350703651930,0,0
2810,350709326790,1,0
2811,350714557401,1,0
2812,350719745041,0,0
2813,350725410010,0,0
2814,350731030830,0,0
2815,350736758906,1,0
2816,350742162574,0,0
2817,350747668354,1,0
2818,350752802375,0,0
2819,350758192372,1,0
2820,350763279726,0,0
2821,350768974504,1,0
2822,350774129620,1,0
2823,350779301858,1,0
2824,350784428564,1,0
2825,350789588135,0,0
2826,350795267500,1,0
2827,350800407739,1,0
2828,350805588965,0,0
2829,350811048809,1,0
2830,350816463890,1,0
2831,350821827873,1,0
2832,350827057002,1,0
2833,350832432873,0,0
2834,350838155651,0,0
2835,350843868767,0,0
2836,350849615358,0,0
2837,350855477766,1,0
2838,350860732261,0,0
2839,350866437590,0,0
2840,350872219391,1,0
2841,350877585149,1,0
2842,350883058746,1,0
2843,350888247970,0,0
2844,350894016888,0,0
2845,350899567998,0,0
2846,350905142598,0,0
2847,350910814272,1,0
2848,350916152653,1,0
2849,350921278743,1,0
2850,350926662984,1,0
2851,350931871836,0,0
2852,350937457389,1,0
2853,350942810944,0,0
2854,350948369057,0,0
2855,350954077714,0,0
2856,350959556875,1,0
2857,350964882957,1,0
2858,350970044493,1,0
2859,350975195482,1,0
2860,350980332973,0,0
2861,350985759610,0,0
2862,350991227033,1,0
2863,350996490137,1,0
2864,351001741694,0,0
2865,351007170231,0,0
2866,351012568286,1,0
2867,351017832947,0,0
2868,351023330203,0,0
2869,351028823019,1,0
2870,351034032799,0,0
2871,351039432625,0,0
2872,351044753808,1,0
2873,351050023968,1,0
2874,351055232911,0,0
2875,351060680733,1,0
2876,351065916164,0,0
2877,351071481070,0,0
2878,351077187364,0,0
2879,351082696786,0,0
2880,351088226326,1,0
2881,351093557626,0,0
2882,351099052066,1,0
2883,351104246957,1,0
2884,351112069209,0,0
2885,351117770389,1,0
2886,351123044858,0,0
2887,351129041123,0,0
2888,351134738260,0,0
2889,351140391929,1,0
2890,351145623293,0,0
2891,351151203608,1,0
2892,351156483955,0,0
2893,351162191145,1,0
2894,351167320782,0,0
2895,351172739991,1,0
2896,351178072015,0,0
2897,351183753735,1,0
2898,351189033145,0,0
2899,351194534321,1,0
2900,351199735770,1,0
2901,351204909967,1,0
2902,351210116463,1,0
2903,351215302113,1,0
2904,351220516068,1,0
2905,351225827378,1,0
2906,351230942133,1,0
2907,351236058481,0,0
2908,351241590096,1,0
2909,351247019690,1,0
2910,351252180428,1,0
2911,351257238075,1,0
2912,351262319149,0,0
2913,351268198470,0,0
2914,351273840257,1,0
2915,351279089890,1,0
2916,351284261063,1,0
2917,351289513920,1,0
2918,351294637018,1,0
2919,351299887311,0,0
2920,351305524444,1,0
2921,351310965580,1,0
2922,351316148771,1,0
2923,351321383773,1,0
2924,351326612131,0,0
2925,351332257638,1,0
2926,351337525033,0,0
2927,351343409874,1,0
2928,351348832417,0,0
2929,351354588615,0,0
2930,351360478690,1,0
2931,351365696182,0,0
2932,351371320226,0,0
2933,351376763459,1,0
2934,351381959965,1,0
2935,351387133700,0,0
2936,351392612170,0,0
2937,351398129142,0,0
2938,351403558198,0,0
2939,351408856244,0,0
2940,351414261956,1,0
2941,351419480830,1,0
2942,351424709705,0,0
2943,351430298500,1,0
2944,351435356273,0,0
2945,351441053647,1,0
2946,351446132831,0,0
2947,351451435189,0,0
2948,351456808463,0,0
2949,351462061530,0,0
2950,351467445222,1,0
2951,351472547766,0,0
2952,351477914753,1,0
2953,351483218277,0,0
2954,351489060724,0,0
2955,351497135103,0,0
2956,351502938991,1,0
2957,351508643570,0,0
2958,351514422284,1,0
2959,351519617603,0,0
2960,351525348173,0,0
2961,351531064510,1,0
2962,351536309463,0,0
2963,351541618967,1,0
2964,351546826855,1,0
2965,351552028896,1,0
2966,351557259065,1,0
2967,351562429483,1,0
2968,351567647269,0,0
2969,351573128469,0,0
2970,351578654940,0,0
2971,351584171195,0,0
2972,351589611630,0,0
2973,351595056342,0,0
2974,351600464791,1,0
2975,351605646637,0,0
2976,351611109900,0,0
2977,351616710837,0,0
2978,351622192372,0,0
2979,351629196540,1,0
2980,351634450030,1,0
2981,351641313949,0,0
2982,351647419218,1,0
2983,351652607263,0,0
2984,351658316687,1,0
2985,351663610392,1,0
2986,351669185349,1,0
2987,351674745306,1,0
2988,351680178985,0,0
2989,351685573735,1,0
2990,351691164086,1,0
2991,351696268378,1,0
2992,351701576825,1,0
2993,351706857387,0,0
2994,351712506616,0,0
2995,351718060759,0,0
2996,351723608956,0,0
2997,351729648775,0,0
2998,351735327011,0,0
2999,351741144444,1,0
3000,351746283426,1,0
3001,351752394531,1,0
3002,351757747242,1,0
3003,351762929123,1,0
3004,351768114059,0,0
3005,351773530352,0,0
3006,351779837082,1,0
3007,351784637930,0,0
3008,351790302975,1,0
3009,351796193693,1,0
3010,351803583875,1,0
3011,351808784722,0,0
3012,351814387142,0,0
3013,351820480370,0,0
3014,351826257651,0,0
3015,351832225840,1,0
3016,351837253417,1,0
3017,351842325893,0,0
3018,351847842786,0,0
3019,351853292592,0,0
3020,351859024135,0,0
3021,351864510122,0,0
3022,351869983835,0,0
3023,351875439828,1,0
3024,351880444084,0,0
3025,351885853218,0,0
3026,351891212697,0,0
3027,351896552021,1,0
3028,351901734376,0,0
3029,351907146113,1,0
3030,351912125311,1,0
3031,351917128286,0,0
3032,351922491400,0,0
3033,351927871592,1,0
3034,351932889667,1,0
3035,351938117529,0,0
3036,351943307576,0,0
3037,351948708777,1,0
3038,351953696417,1,0
3039,351958683470,1,0
3040,351963666435,0,0
3041,351969083295,1,0
3042,351974161667,0,0
3043,351979434456,1,0
3044,351984458956,0,0
3045,351989873557,1,0
3046,351994883576,1,0
3047,351999905312,0,0
3048,352005294531,0,0
3049,352010487730,0,0
3050,352015926873,0,0
3051,352021276516,0,0
3052,352026602897,0,0
3053,352031923490,0,0
3054,352037399669,1,0
3055,352042433153,1,0
3056,352047555357,0,0
3057,352053015430,0,0
3058,352058408926,1,0
3059,352063539830,1,0
3060,352068685236,0,0
3061,352076176381,1,0
3062,352080742132,0,0
3063,352086011235,0,0
3064,352091410216,1,0
3065,352096418241,1,0
3066,352103140752,1,0
3067,352108680563,1,0
3068,352116175353,1,0
3069,352122195260,0,0
3070,352128629886,1,0
3071,352135130012,0,0
3072,352141123005,1,0
3073,352148127509,0,0
3074,352153598456,0,0
3075,352159104196,0,0
3076,352165110894,0,0
3077,352171118996,1,0
3078,352176636681,1,0
3079,352181327387,0,0
3080,352186745212,1,0
3081,352192055461,0,0
3082,352197220202,0,0
3083,352202832686,1,0
3084,352208130360,0,0
3085,352213538527,0,0
3086,352218974065,0,0
3087,352224410749,1,0
3088,352229500594,0,0
3089,352235117328,0,0
3090,352240513747,0,0
3091,352246163983,1,0
3092,352251336868,0,0
3093,352257082468,1,0
3094,352262227410,1,0
3095,352267326292,0,0
3096,352272777015,1,0
3097,352277958438,0,0
3098,352283235993,0,0
3099,352288713959,1,0
3100,352293922261,0,0
3101,352299399905,1,0
3102,352304547400,1,0
3103,352309829934,1,0
3104,352315033906,1,0
3105,352320206935,0,0
3106,352325569846,1,0
3107,352330761436,1,0
3108,352335937764,0,0
3109,352341399852,0,0
3110,352346955826,0,0
3111,352352942316,1,0
3112,352358124416,0,0
3113,352364023317,1,0
3114,352369155455,1,0
3115,352374266499,0,0
3116,352380239053,1,0
3117,352385402574,1,0
3118,352390516145,0,0
3119,352396190906,1,0
3120,352401410321,0,0
3121,352406979553,0,0
3122,352412537641,1,0
3123,352417999406,0,0
3124,352423806003,1,0
3125,352429022528,0,0
3126,352434549203,1,0
3127,352439744660,0,0
3128,352445354736,1,0
3129,352450678423,1,0
3130,352456037275,1,0
3131,352461189626,0,0
3132,352466621361,0,0
3133,352472266835,1,0
3134,352477543254,1,0
3135,352482646240,1,0
3136,352487786893,0,0
3137,352493376294,0,0
3138,352499064069,1,0
3139,352504440602,0,0
3140,352510066181,0,0
3141,352515708930,1,0
3142,352520909447,0,0
3143,352526498035,1,0
3144,352531693082,0,0
3145,352537283477,1,0
3146,352542539683,0,0
3147,352548318797,0,0
3148,352554022985,0,0
3149,352559716530,1,0
3150,352564898308,0,0
3151,352570310813,1,0
3152,352575529601,0,0
3153,352581207423,1,0
3154,352586520843,0,0
3155,352592238089,0,0
3156,352598036343,0,0
3157,352603724956,0,0
3158,352609351462,0,0
3159,352615067704,1,0
3160,352620189022,1,0
3161,352625441152,1,0
3162,352630689888,0,0
3163,352636344750,1,0
3164,352641606277,0,0
3165,352647254642,1,0
3166,352652640059,0,0
3167,352658231864,1,0
3168,352663491995,0,0
3169,352669195806,1,0
3170,352674485368,1,0
3171,352679573337,1,0
3172,352684981028,0,0
3173,352691019339,1,0
3174,352696199370,0,0
3175,352701622555,0,0
3176,352707584675,1,0
3177,352712896508,0,0
3178,352718417023,1,0
3179,352723667342,1,0
3180,352728769514,0,0
3181,352734413111,0,0
3182,352740239556,1,0
3183,352745530867,0,0
3184,352751148732,1,0
3185,352756241249,0,0
3186,352762062387,1,0
3187,352767293903,0,0
3188,352772731932,1,0
3189,352777930281,0,0
3190,352783666497,0,0
3191,352789304223,1,0
3192,352794692896,0,0
3193,352800281878,0,0
3194,352805727406,0,0
3195,352811189826,0,0
3196,352816529370,0,0
3197,352822172630,1,0
3198,352827372850,1,0
3199,352832562863,0,0
3200,352838282013,0,0
3201,352844064220,1,0
3202,352849236167,0,0
3203,352854974917,1,0
3204,352860076219,0,0
3205,352866022936,0,0
3206,352871769771,0,0
3207,352877304276,0,0
3208,352883067281,0,0
3209,352888584507,1,0
3210,352893996533,1,0
3211,352899122747,0,0
3212,352904863007,1,0
3213,352909969403,1,0
3214,352915052640,0,0
3215,352920437026,1,0
3216,352925543616,1,0
3217,352930930657,0,0
3218,352936415848,0,0
3219,352942063423,0,0
3220,352947840359,0,0
3221,352953423295,0,0
3222,352958962546,1,0
3223,352964071319,1,0
3224,352969221552,1,0
3225,352974446692,0,0
3226,352980142617,0,0
3227,352985675953,1,0
3228,352990858063,0,0
3229,352996615241,1,0
3230,353002040270,0,0
3231,353007746749,1,0
3232,353012946200,1,0
3233,353018078283,0,0
3234,353023642919,0,0
3235,353029318446,0,0
3236,353035160018,0,0
3237,353040938591,1,0
3238,353046365016,0,0
3239,353052123712,1,0
3240,353057396512,1,0
3241,353062722858,0,0
3242,353068542710,0,0
3243,353074525305,1,0
3244,353079916652,1,0
3245,353085139499,0,0
3246,353090872772,1,0
3247,353095867095,0,0
3248,353101553654,1,0
3249,353106778969,1,0
3250,353111952048,1,0
3251,353117111227,0,0
3252,353122692691,0,0
3253,353128203705,1,0
3254,353133346967,1,0
3255,353138558266,0,0
3256,353144139573,0,0
3257,353149695167,1,0
3258,353154992557,1,0
3259,353160255406,0,0
3260,353165913315,0,0
3261,353171440961,1,0
3262,353176752567,1,0
3263,353182079782,1,0
3264,353187290129,0,0
3265,353192723993,1,0
3266,353197951502,1,0
3267,353203136811,0,0
3268,353208773225,0,0
3269,353214325122,0,0
3270,353220029850,0,0
3271,353225464121,1,0
3272,353230727117,1,0
3273,353236063148,1,0
3274,353241336699,0,0
3275,353246989910,0,0
3276,353252664123,0,0
3277,353258522507,1,0
3278,353263863771,1,0
3279,353269058792,0,0
3280,353274936771,1,0
3281,353279908662,1,0
3282,353284994076,0,0
3283,353290652309,0,0
3284,353296404023,1,0
3285,353301538751,0,0
3286,353307157522,0,0
3287,353313071435,0,0
3288,353318642274,1,0
3289,353325296712,0,0
3290,353330988106,1,0
3291,353336549855,0,0
3292,353342347834,0,0
3293,353348125990,0,0
3294,353353925279,1,0
3295,353359133656,1,0
3296,353364293385,0,0
3297,353370043134,0,0
3298,353375568561,0,0
3299,353381380423,0,0
3300,353387074873,0,0
3301,353392890154,0,0
3302,353398734893,1,0
3303,353404023959,0,0
3304,353409756325,1,0
3305,353415214619,0,0
3306,353420956325,1,0
3307,353426074594,1,0
3308,353431352740,1,0
3309,353436565841,1,0
3310,353441918674,1,0
3311,353447436315,0,0
3312,353453166106,1,0
3313,353458328227,1,0
3314,353463605805,1,0
3315,353468964384,0,0
3316,353474620423,0,0
3317,353480299566,0,0
3318,353485878027,0,0
3319,353491613141,1,0
3320,353497145157,1,0
3321,353502393744,0,0
3322,353508024135,1,0
3323,353513265379,0,0
3324,353518776289,0,0
3325,353524428717,1,0
3326,353529663242,0,0
3327,353535186478,1,0
3328,353540273602,0,0
3329,353545981963,0,0
3330,353551758139,0,0
3331,353557403090,0,0
3332,353563124845,0,0
3333,353568921207,0,0
3334,353574546627,0,0
3335,353580108974,1,0
3336,353585216907,0,0
3337,353590979824,1,0
3338,353596129670,1,0
3339,353601245725,1,0
3340,353606481444,1,0
3341,353611602389,1,0
3342,353616982035,0,0
3343,353622568969,1,0
3344,353627735843,1,0
3345,353632947293,0,0
3346,353638572706,1,0
3347,353643696184,1,0
3348,353648837516,0,0
3349,353654410876,0,0
3350,353659980413,0,0
3351,353665785061,1,0
3352,353671071012,1,0
3353,353676281936,0,0
3354,353682085836,1,0
3355,353687300391,1,0
3356,353692744698,0,0
3357,353698426081,0,0
3358,353704317496,1,0
3359,353709673467,0,0
3360,353715504234,0,0
3361,353721270343,0,0
3362,353726978952,1,0
3363,353732146000,0,0
3364,353737992425,0,0
3365,353743703231,1,0
3366,353748954711,1,0
3367,353754067928,0,0
3368,353759783617,0,0
3369,353765241808,0,0
3370,353770663592,1,0
3371,353775887225,1,0
3372,353781053616,1,0
3373,353786229976,0,0
3374,353791682525,0,0
3375,353797069106,1,0
3376,353802178266,1,0
3377,353807247842,0,0
3378,353812746024,1,0
3379,353817864674,1,0
3380,353822942992,0,0
3381,353828316915,1,0
3382,353833503048,1,0
3383,353838653498,1,0
3384,353843803411,0,0
3385,353849327072,1,0
3386,353854490606,0,0
3387,353860057797,0,0
3388,353865716189,1,0
3389,353870870928,0,0
3390,353876451944,1,0
3391,353881570504,1,0
3392,353886814076,0,0
3393,353892417021,1,0
3394,353897551646,0,0
3395,353903057797,0,0
3396,353908625564,0,0
3397,353914050235,1,0
3398,353919167562,1,0
3399,353924304267,0,0
3400,353929702228,0,0
3401,353935019338,1,0
3402,353940189347,1,0
3403,353945304493,1,0
3404,353950327938,0,0
3405,353955799938,1,0
3406,353960879830,1,0
3407,353965966117,0,0
3408,353971438559,0,0
3409,353976896083,0,0
3410,353982161625,0,0
3411,353987433145,1,0
3412,353992567129,1,0
3413,353997864966,0,0
3414,354003442468,0,0
3415,354009069509,1,0
3416,354014189306,0,0
3417,354020019146,1,0
3418,354025126049,1,0
3419,354030274469,1,0
3420,354035554607,1,0
3421,354040715216,0,0
3422,354046328964,0,0
3423,354052214364,1,0
3424,354057479032,1,0
3425,354062893029,1,0
3426,354068085916,0,0
3427,354073609319,1,0
3428,354078958064,0,0
3429,354084260450,1,0
3430,354089590795,0,0
3431,354095539978,0,0
3432,354101346161,0,0
3433,354107048153,0,0
3434,354112365816,1,0
3435,354117567766,0,0
3436,354123379508,1,0
3437,354128577212,0,0
3438,354134264809,1,0
3439,354139600768,0,0
3440,354145299061,0,0
3441,354151085739,0,0
3442,354156713058,0,0
3443,354162451924,1,0
3444,354167605176,0,0
3445,354173405877,0,0
3446,354178970871,0,0
3447,354184585294,0,0
3448,354190411081,1,0
3449,354195719143,0,0
3450,354201440725,1,0
3451,354206576270,0,0
3452,354212308707,0,0
3453,354218080489,0,0
3454,354223578477,0,0
3455,354229227530,0,0
3456,354235059497,1,0
3457,354240231765,1,0
3458,354245577006,0,0
3459,354251359524,0,0
3460,354257141169,0,0
3461,354262913693,1,0
3462,354268073421,1,0
3463,354273279329,1,0
3464,354278584808,0,0
3465,354284471487,0,0
3466,354290071926,0,0
3467,354295650305,0,0
3468,354301250213,1,0
3469,354306789353,1,0
3470,354311710156,0,0
3471,354317324975,0,0
3472,354323081702,0,0
3473,354328579816,1,0
3474,354333985357,0,0
3475,354339650189,0,0
3476,354345452582,0,0
3477,354351211923,1,0
3478,354356483347,0,0
3479,354362234036,0,0
3480,354368026317,1,0
3481,354373191083,0,0
3482,354378709147,1,0
3483,354383931649,1,0
3484,354389067985,0,0
3485,354394790671,1,0
3486,354399956644,0,0
3487,354405585264,1,0
3488,354410949449,1,0
3489,354416195105,1,0
3490,354421328525,1,0
3491,354426668217,1,0
3492,354431895272,1,0
3493,354437167209,1,0
3494,354442318508,0,0
3495,354448152821,1,0
3496,354453338551,1,0
3497,354458690088,0,0
3498,354464465071,1,0
3499,354469650706,1,0
3500,354474842499,0,0
3501,354480484834,1,0
3502,354485674046,0,0
3503,354491448203,1,0
3504,354496883487,0,0
3505,354502261111,0,0
3506,354507795864,0,0
3507,354513422105,1,0
3508,354518634180,1,0
3509,354523770302,1,0
3510,354529547189,1,0
3511,354534973301,1,0
3512,354540180210,0,0
3513,354545930160,0,0
3514,354551467786,1,0
3515,354556654635,0,0
3516,354562445585,0,0
3517,354568123741,1,0
3518,354573458151,0,0
3519,354579307307,0,0
3520,354585021435,1,0
3521,354590138347,1,0
3522,354595271035,0,0
3523,354601194481,0,0
3524,354606729577,1,0
3525,354611884680,0,0
3526,354617554055,0,0
3527,354623237499,1,0
3528,354628469078,1,0
3529,354633574928,0,0
3530,354639291412,0,0
3531,354644757626,0,0
3532,354650418374,0,0
3533,354656052899,1,0
3534,354661210415,0,0
3535,354666966767,0,0
3536,354672501723,1,0
3537,354677630196,1,0
3538,354682736887,0,0
3539,354688329177,1,0
3540,354693794977,1,0
3541,354698817877,0,0
3542,354704327669,0,0
3543,354710254976,0,0
3544,354716032788,0,0
3545,354721629567,1,0
3546,354726773680,1,0
3547,354731985067,0,0
3548,354737833900,0,0
3549,354743376015,1,0
3550,354748540414,1,0
3551,354753775267,1,0
3552,354758749392,0,0
3553,354764470943,1,0
3554,354769593622,1,0
3555,354774768052,0,0
3556,354780573414,1,0
3557,354785700719,1,0
3558,354791021668,1,0
3559,354796018240,1,0
3560,354801114316,1,0
3561,354806269145,0,0
3562,354811987287,1,0
3563,354817179406,1,0
3564,354822276916,1,0
3565,354827491069,1,0
3566,354832877401,0,0
3567,354838318781,0,0
3568,354844124779,0,0
3569,354849908125,1,0
3570,354855071165,1,0
3571,354860253894,0,0
3572,354866039829,0,0
3573,354871603412,0,0
3574,354877161521,1,0
3575,354882251178,0,0
3576,354888021329,1,0
3577,354893174704,1,0
3578,354898273674,1,0
3579,354903675637,1,0
3580,354908998900,1,0
3581,354914156121,1,0
3582,354919250703,1,0
3583,354924478262,1,0
3584,354929566611,0,0
3585,354935268329,1,0
3586,354940486339,1,0
3587,354945609342,1,0
3588,354950775970,1,0
3589,354955997632,0,0
3590,354961903298,1,0
3591,354967039297,1,0
3592,354972153713,0,0
3593,354977804436,1,0
3594,354982965004,0,0
3595,354988409062,1,0
3596,354993531785,1,0
3597,354998702232,1,0
3598,355003869698,1,0
3599,355008933706,0,0
3600,355015036209,0,0
3601,355020657859,1,0
3602,355025836842,0,0
3603,355031810520,1,0
3604,355037043526,0,0
3605,355042912905,1,0
3606,355048032365,0,0
3607,355053617845,0,0
3608,355059356934,0,0
3609,355065140036,0,0
3610,355070965137,0,0
3611,355076643185,1,0
3612,355081783329,1,0
3613,355086922988,1,0
3614,355092076517,0,0
3615,355097814755,1,0
3616,355103028537,0,0
3617,355108799552,0,0
3618,355114320720,1,0
3619,355119599662,1,0
3620,355124757443,1,0
3621,355129990901,1,0
3622,355135224795,1,0
3623,355140601813,1,0
3624,355145845312,0,0
3625,355151766471,1,0
3626,355157083569,1,0
3627,355162339881,0,0
3628,355168336560,1,0
3629,355173692957,1,0
3630,355178903369,1,0
3631,355184072181,1,0
3632,355189293464,0,0
3633,355195089281,0,0
3634,355200702317,0,0
3635,355206524332,0,0
3636,355212396907,1,0
3637,355217504057,0,0
3638,355223251397,0,0
3639,355229144655,1,0
3640,355234310973,0,0
3641,355240073228,1,0
3642,355245164291,0,0
3643,355250798343,1,0
3644,355256026619,1,0
3645,355261211486,0,0
3646,355267056900,1,0
3647,355272197865,0,0
3648,355277966762,1,0
3649,355283130561,1,0
3650,355288299767,1,0
3651,355293707409,0,0
3652,355299463203,0,0
3653,355305250161,0,0
3654,355311389340,0,0
3655,355317067661,1,0
3656,355322171114,0,0
3657,355327931256,1,0
3658,355333064875,0,0
3659,355338746682,0,0
3660,355344267855,0,0
3661,355349966841,0,0
3662,355355527349,0,0
3663,355361329029,0,0
3664,355367124006,1,0
3665,355372267304,1,0
3666,355377497687,1,0
3667,355382589962,1,0
3668,355387748897,1,0
3669,355392896157,0,0
3670,355398616880,0,0
3671,355404486603,0,0
3672,355410139065,1,0
3673,355415457607,0,0
3674,355421215954,1,0
3675,355426472150,1,0
3676,355431659931,1,0
3677,355436819711,1,0
3678,355442051648,1,0
3679,355447227533,1,0
3680,355452538833,1,0
3681,355457908624,1,0
3682,355463147014,0,0
3683,355469053941,0,0
3684,355474752366,0,0
3685,355480340183,0,0
3686,355486102786,0,0
3687,355491670812,0,0
3688,355497416325,1,0
3689,355502757207,1,0
3690,355507963710,1,0
3691,355513055322,1,0
3692,355518276286,0,0
3693,355524020487,0,0
3694,355529560294,1,0
3695,355534769566,0,0
3696,355540341466,0,0
3697,355546069130,0,0
3698,355551746932,0,0
3699,355557452035,0,0
3700,355563076561,1,0
3701,355568265940,0,0
3702,355573774680,1,0
3703,355578967628,1,0
3704,355584131112,1,0
3705,355589291561,1,0
3706,355594594013,1,0
3707,355599720019,0,0
3708,355605254992,1,0
3709,355610473783,0,0
3710,355616210099,1,0
3711,355621497824,1,0
3712,355626705001,1,0
3713,355631795808,1,0
3714,355636966368,1,0
3715,355642062495,0,0
3716,355647829243,1,0
3717,355652953895,1,0
3718,355658075943,1,0
3719,355663166275,0,0
3720,355668960824,1,0
3721,355674122172,1,0
3722,355679244545,1,0
3723,355684588430,0,0
3724,355690477641,0,0
3725,355696412339,1,0
3726,355701926611,1,0
3727,355706985726,1,0
3728,355712206984,0,0
3729,355717740671,1,0
3730,355722926211,0,0
3731,355728585032,0,0
3732,355734466458,0,0
3733,355740425792,0,0
3734,355746174877,1,0
3735,355751332987,0,0
3736,355757232236,0,0
3737,355763067870,0,0
3738,355768644262,1,0
3739,355773880649,0,0
3740,355779552646,0,0
3741,355785135883,0,0
3742,355791065168,1,0
3743,355796140689,0,0
3744,355801891025,0,0
3745,355807665354,1,0
3746,355812925256,0,0
3747,355818486040,0,0
3748,355824286318,1,0
3749,355829556933,0,0
3750,355835156177,0,0
3751,355840727453,1,0
3752,355846037562,1,0
3753,355851358563,0,0
3754,355857157181,1,0
3755,355862287590,0,0
3756,355867944692,0,0
3757,355873327149,0,0
3758,355879148860,1,0
3759,355884282608,0,0
3760,355889943383,0,0
3761,355895400369,1,0
3762,355900578303,0,0
3763,355906109272,1,0
3764,355911242448,1,0
3765,355916352039,1,0
3766,355921539801,1,0
3767,355926711452,0,0
3768,355932198881,0,0
3769,355937668693,0,0
3770,355943243694,1,0
3771,355948335711,0,0
3772,355953800193,1,0
3773,355959049982,0,0
3774,355964715839,1,0
3775,355970085018,0,0
3776,355975551415,1,0
3777,355980761277,0,0
3778,355986201839,0,0
3779,355991666750,0,0
3780,355997315948,1,0
3781,356002751051,0,0
3782,356008180468,0,0
3783,356013518123,0,0
3784,356019170283,0,0
3785,356025051751,1,0
3786,356030158070,1,0
3787,356035260194,0,0
3788,356040980087,1,0
3789,356046220643,0,0
3790,356051804448,0,0
3791,356057347676,0,0
3792,356063044554,1,0
3793,356068136367,0,0
3794,356073611828,0,0
3795,356079273098,0,0
3796,356085121642,1,0
3797,356090308204,1,0
3798,356095452219,0,0
3799,356100940217,0,0
3800,356106484659,1,0
3801,356111730143,0,0
3802,356117164281,1,0
3803,356122248757,1,0
3804,356127344331,1,0
3805,356132589480,0,0
3806,356138317316,1,0
3807,356143640831,0,0
3808,356149330710,0,0
3809,356155070784,1,0
3810,356160261651,0,0
3811,356165928679,1,0
3812,356171055646,1,0
3813,356176217290,1,0
3814,356181502439,0,0
3815,356187319158,1,0
3816,356192607016,0,0
3817,356198352690,0,0
3818,356204145614,1,0
3819,356209234056,0,0
3820,356215024620,1,0
3821,356220134202,1,0
3822,356225280082,1,0
3823,356230605081,0,0
3824,356236431352,1,0
3825,356241626630,1,0
3826,356246789076,0,0
3827,356252422803,0,0
3828,356258066113,0,0
3829,356263815681,1,0
3830,356268952420,0,0
3831,356274597236,1,0
3832,356279955526,0,0
3833,356285598354,0,0
3834,356291293354,1,0
3835,356296527178,0,0
3836,356302230859,1,0
3837,356307582601,0,0
3838,356313302568,1,0
3839,356318454529,1,0
3840,356323601703,0,0
3841,356329436125,0,0
3842,356334966947,1,0
3843,356340062273,1,0
3844,356345226496,1,0
3845,356350493852,1,0
3846,356355970326,1,0
3847,356361159096,0,0
3848,356366714954,1,0
3849,356371881750,0,0
3850,356377325909,1,0
3851,356382479629,1,0
3852,356387755479,0,0
3853,356393350439,1,0
3854,356398603456,1,0
3855,356403874734,1,0
3856,356409024811,0,0
3857,356414507066,1,0
3858,356419611398,1,0
3859,356424788543,0,0
3860,356430354478,1,0
3861,356435652868,0,0
3862,356441266149,1,0
3863,356446491322,1,0
3864,356451701166,1,0
3865,356456912700,0,0
3866,356462402878,1,0
3867,356467505540,1,0
3868,356472768226,1,0
3869,356477929613,0,0
3870,356483459811,0,0
3871,356489039566,0,0
3872,356494593281,0,0
3873,356500173456,0,0
3874,356505593098,1,0
3875,356510877310,1,0
3876,356516055243,1,0
3877,356521159331,1,0
3878,356526245683,0,0
3879,356531767048,0,0
3880,356537275347,1,0
3881,356542404462,1,0
3882,356547505839,0,0
3883,356553104652,1,0
3884,356558231839,0,0
3885,356563726548,0,0
3886,356569263521,1,0
3887,356574485825,0,0
3888,356580039728,1,0
3889,356585188119,0,0
3890,356590714435,0,0
3891,356596800611,1,0
3892,356602035929,0,0
3893,356607689121,0,0
3894,356613426408,0,0
3895,356618748611,1,0
3896,356623925195,1,0
3897,356629042724,0,0
3898,356635020811,1,0
3899,356640213074,0,0
3900,356645765048,0,0
3901,356651447138,1,0
3902,356656729192,0,0
3903,356662396087,0,0
3904,356668115141,1,0
3905,356673300779,1,0
3906,356678477403,0,0
3907,356684054260,0,0
3908,356689620925,0,0
3909,356695352304,0,0
3910,356701127612,1,0
3911,356706302297,1,0
3912,356711664333,0,0
3913,356717419096,0,0
3914,356723067793,0,0
3915,356728676296,0,0
3916,356734438248,0,0
3917,356740067088,1,0
3918,356745217505,0,0
3919,356751058840,0,0
3920,356756737877,0,0
3921,356762377898,1,0
3922,356767788664,1,0
3923,356772976218,0,0
3924,356778611821,0,0
3925,356784409294,1,0
3926,356789723410,1,0
3927,356794885710,1,0
3928,356800070469,1,0
3929,356805394405,0,0
3930,356811023910,0,0
3931,356816600827,0,0
3932,356822179390,1,0
3933,356827412534,1,0
3934,356832900516,1,0
3935,356838110917,1,0
3936,356843303049,0,0
3937,356848973220,1,0
3938,356854175029,0,0
3939,356859648162,0,0
3940,356865424767,0,0
3941,356871126886,0,0
3942,356876841605,1,0
3943,356882033359,0,0
3944,356887606199,1,0
3945,356892699291,0,0
3946,356898231770,0,0
3947,356903815327,1,0
3948,356909033978,0,0
3949,356914601244,1,0
3950,356919727959,1,0
3951,356924863362,0,0
3952,356930634902,1,0
3953,356935849273,0,0
3954,356941423961,1,0
3955,356946670384,0,0
3956,356952427015,1,0
3957,356957772305,1,0
3958,356963046278,1,0
3959,356968159492,0,0
3960,356973609767,1,0
3961,356978785470,0,0
3962,356984257272,1,0
3963,356989322421,1,0
3964,356994401977,1,0
3965,356999572534,1,0
3966,357004825336,1,0
3967,357009985119,1,0
3968,357015131282,0,0
3969,357020912284,1,0
3970,357026124716,1,0
3971,357031272323,1,0
3972,357036405395,0,0
3973,357041993792,0,0
3974,357047364806,0,0
3975,357053032328,1,0
3976,357058152608,1,0
3977,357063242245,1,0
3978,357068345418,1,0
3979,357073466549,0,0
3980,357079047006,1,0
3981,357084201782,1,0
3982,357089621709,1,0
3983,357094787037,0,0
3984,357100394878,1,0
3985,357105696214,1,0
3986,357110718743,1,0
3987,357115917980,0,0
3988,357121615886,0,0
3989,357127111228,1,0
3990,357132251398,1,0
3991,357137331871,1,0
3992,357142529228,1,0
3993,357147642886,1,0
3994,357152862432,0,0
3995,357158385610,1,0
3996,357163756203,0,0
3997,357169424939,1,0
3998,357174769214,1,0
3999,357179892355,0,0
4000,357185522385,0,0
4001,357191346135,0,0
4002,357196972242,1,0
4003,357202060637,1,0
4004,357207231927,1,0
4005,357212451542,0,0
4006,357218127955,1,0
4007,357223796908,0,0
4008,357229514209,1,0
4009,357234698629,1,0
4010,357239868052,1,0
4011,357245040348,0,0
4012,357250975987,1,0
4013,357256063446,0,0
4014,357261776692,1,0
4015,357267018309,0,0
4016,357272339993,1,0
4017,357277475880,0,0
4018,357282682771,1,0
4019,357287804082,0,0
4020,357293257396,0,0
4021,357298683373,1,0
4022,357303914038,0,0
4023,357309602522,0,0
4024,357315267932,1,0
4025,357320590945,1,0
4026,357325727829,1,0
4027,357330901761,1,0
4028,357336059889,1,0
4029,357341156147,0,0
4030,357346836300,1,0
4031,357351982938,0,0
4032,357357481495,0,0
4033,357363143036,1,0
4034,357368251395,0,0
4035,357374047191,0,0
4036,357379625903,0,0
4037,357385355967,1,0
4038,357390623819,0,0
4039,357396339868,1,0
4040,357401587313,0,0
4041,357407147155,0,0
4042,357412467716,0,0
4043,357418034623,1,0
4044,357423146220,0,0
4045,357428739643,0,0
4046,357434611698,1,0
4047,357439799005,1,0
4048,357445016393,0,0
4049,357450629596,0,0
4050,357456410485,1,0
4051,357461611972,1,0
4052,357466745946,0,0
4053,357472604802,0,0
4054,357478326235,1,0
4055,357483646152,1,0
4056,357488882936,1,0
4057,357494068157,0,0
4058,357499822287,1,0
4059,357504991366,1,0
4060,357510065846,0,0
4061,357515718836,1,0
4062,357521083572,0,0
4063,357526860152,1,0
4064,357532081504,0,0
4065,357538029156,0,0
4066,357543584015,1,0
4067,357548753620,0,0
4068,357554424351,1,0
4069,357559540703,0,0
4070,357565233510,1,0
4071,357570590369,1,0
4072,357575613185,0,0
4073,357581171698,0,0
4074,357586718887,0,0
4075,357592316496,1,0
4076,357597540050,0,0
4077,357603164303,0,0
4078,357609044487,1,0
4079,357614227218,1,0
4080,357619612749,0,0
4081,357625398028,1,0
4082,357630982640,0,0
4083,357636218577,0,0
4084,357641849017,1,0
4085,357646979789,0,0
4086,357652512369,0,0
4087,357658115638,0,0
4088,357663820668,1,0
4089,357669022011,0,0
4090,357674666668,0,0
4091,357680411367,1,0
4092,357685624620,0,0
4093,357691636902,1,0
4094,357696774728,1,0
4095,357701975302,0,0
4096,357707423219,1,0
4097,357712966471,0,0
4098,357718614656,1,0
4099,357723784065,0,0
4100,357729312426,0,0
4101,357735035593,0,0
4102,357740706206,1,0
4103,357745927367,0,0
4104,357751538069,0,0
4105,357757501678,1,0
4106,357762706008,0,0
4107,357768548685,0,0
4108,357774387901,1,0
4109,357779807062,1,0
4110,357785062947,0,0
4111,357790545439,0,0
4112,357796171558,1,0
4113,357801375598,0,0
4114,357806883559,0,0
4115,357812269074,1,0
4116,357817442920,1,0
4117,357822624156,1,0
4118,357827830911,0,0
4119,357833361221,1,0
4120,357838656040,0,0
4121,357844365146,0,0
4122,357849860143,1,0
4123,357855167952,1,0
4124,357860347495,1,0
4125,357865618353,0,0
4126,357871285989,0,0
4127,357877038291,1,0
4128,357882198737,0,0
4129,357887988552,0,0
4130,357893691577,0,0
4131,357899360497,1,0
4132,357904584627,1,0
4133,357909694959,0,0
4134,357915147659,1,0
4135,357920273142,1,0
4136,357925449201,0,0
4137,357930774902,0,0
4138,357936269263,1,0
4139,357941409238,0,0
4140,357946724457,0,0
4141,357952407819,1,0
4142,357957535911,1,0
4143,357962711473,1,0
4144,357967822485,1,0
4145,357972992203,1,0
4146,357978107933,1,0
4147,357983225652,1,0
4148,357988316477,0,0
4149,357993762204,1,0
4150,357998889182,1,0
4151,358004019575,0,0
4152,358009556869,0,0
4153,358015040350,0,0
4154,358020630165,0,0
4155,358026503767,1,0
4156,358031846852,1,0
4157,358037049998,1,0
4158,358042216606,1,0
4159,358047302585,0,0
4160,358052833428,0,0
4161,358058215888,1,0
4162,358063312579,0,0
4163,358068835389,0,0
4164,358074404571,1,0
4165,358079538035,0,0
4166,358085233289,1,0
4167,358090493006,1,0
4168,358095613523,0,0
4169,358101171740,1,0
4170,358106264013,0,0
4171,358111616434,0,0
4172,358117145373,0,0
4173,358122984372,1,0
4174,358128132153,1,0
4175,358133305903,1,0
4176,358138607576,1,0
4177,358143920467,1,0
4178,358149250538,0,0
4179,358154850915,1,0
4180,358160033500,1,0
4181,358165170064,0,0
4182,358170647124,0,0
4183,358176314063,0,0
4184,358181868464,1,0
4185,358187077835,1,0
4186,358192324198,0,0
4187,358197926659,0,0
4188,358203376833,0,0
4189,358209147126,0,0
4190,358214983268,1,0
4191,358220071812,1,0
4192,358225317940,0,0
4193,358230936132,1,0
4194,358236154490,1,0
4195,358241342742,1,0
4196,358246722123,1,0
4197,358251978995,1,0
4198,358257076307,0,0
4199,358262871898,0,0
4200,358268512527,1,0
4201,358273863393,1,0
4202,358279034745,0,0
4203,358284532964,0,0
4204,358290458278,0,0
4205,358296385463,1,0
4206,358301643270,0,0
4207,358307287225,1,0
4208,358312545628,1,0
4209,358317708790,1,0
4210,358322938590,0,0
4211,358328600098,0,0
4212,358334253308,0,0
4213,358339990373,0,0
4214,358345732324,1,0
4215,358350848383,1,0
4216,358355976935,0,0
4217,358361477702,1,0
4218,358366671644,0,0
4219,358372360553,0,0
4220,358378081926,0,0
4221,358383518161,0,0
4222,358389270893,1,0
4223,358394629674,1,0
4224,358399806443,0,0
4225,358405580078,0,0
4226,358411392196,0,0
4227,358417023909,0,0
4228,358422402362,0,0
4229,358428071952,1,0
4230,358433360368,1,0
4231,358438773544,0,0
4232,358444485471,0,0
4233,358450066642,0,0
4234,358456020129,1,0
4235,358461213039,1,0
4236,358466422504,1,0
4237,358471754793,0,0
4238,358477481653,1,0
4239,358482791581,0,0
4240,358488430931,0,0
4241,358494127188,0,0
4242,358500066369,1,0
4243,358505267214,0,0
4244,358511071240,1,0
4245,358516213101,1,0
4246,358521308609,0,0
4247,358526954770,0,0
4248,358532610203,0,0
4249,358538248344,1,0
4250,358543398278,0,0
4251,358548889261,0,0
4252,358554283946,0,0
4253,358559624124,0,0
4254,358564986143,0,0
4255,358570484417,0,0
4256,358576136793,0,0
4257,358581629231,0,0
4258,358587114722,1,0
4259,358592246464,1,0
4260,358597446240,0,0
4261,358603072896,0,0
4262,358608624577,0,0
4263,358614413579,0,0
4264,358620170906,1,0
4265,358625288905,1,0
4266,358630600066,1,0
4267,358635888495,0,0
4268,358641606360,0,0
4269,358647252856,0,0
4270,358653125341,1,0
4271,358658237421,1,0
4272,358663461786,0,0
4273,358669015755,0,0
4274,358674588590,1,0
4275,358679939791,0,0
4276,358685564471,1,0
4277,358690695669,0,0
4278,358696636613,1,0
4279,358702075435,0,0
4280,358708231652,0,0
4281,358713984939,0,0
4282,358719820841,1,0
4283,358724958374,0,0
4284,358730550082,0,0
4285,358736559030,1,0
4286,358741885874,0,0
4287,358747508084,1,0
4288,358752837432,1,0
4289,358758022128,0,0
4290,358763587074,0,0
4291,358769189289,1,0
4292,358774253710,1,0
4293,358779422238,1,0
4294,358784564620,0,0
4295,358790181705,0,0
4296,358795715808,1,0
4297,358800821554,0,0
4298,358806070766,1,0
4299,358811249435,0,0
4300,358816779485,1,0
4301,358821967346,1,0
4302,358827291738,1,0
4303,358832487179,1,0
4304,358837636244,0,0
4305,358843392323,0,0
4306,358849045893,0,0
4307,358854651008,0,0
4308,358860247337,0,0
4309,358866068689,0,0
4310,358872162436,1,0
4311,358877299663,0,0
4312,358883064733,0,0
4313,358888629763,0,0
4314,358894176421,1,0
4315,358899297092,0,0
4316,358905112242,0,0
4317,358910834400,0,0
4318,358916560422,0,0
4319,358922185220,0,0
4320,358928067391,0,0
4321,358933833328,0,0
4322,358939357289,0,0
4323,358945273601,0,0
4324,358950967557,1,0
4325,358956241505,1,0
4326,358961450729,1,0
4327,358966685327,0,0
4328,358972532390,0,0
4329,358978424359,0,0
4330,358984163106,1,0
4331,358989388441,0,0
4332,358995062990,1,0
4333,359000271615,1,0
4334,359005537452,0,0
4335,359011361261,0,0
4336,359017019864,1,0
4337,359022209467,0,0
4338,359027887308,0,0
4339,359033513836,0,0
4340,359039169592,1,0
4341,359044395033,0,0
4342,359049788543,1,0
4343,359054965236,0,0
4344,359060741858,1,0
4345,359065943619,0,0
4346,359071648663,1,0
4347,359076873672,1,0
4348,359082075120,1,0
4349,359087425060,0,0
4350,359093027513,0,0
4351,359098546418,1,0
4352,359103797790,1,0
4353,359109042174,1,0
4354,359114262408,0,0
4355,359119888909,1,0
4356,359125277337,1,0
4357,359130822428,1,0
4358,359136083289,0,0
4359,359141700336,0,0
4360,359147504708,0,0
4361,359153776868,0,0
4362,359159814717,1,0
4363,359165051922,1,0
4364,359170418852,1,0
4365,359175881797,0,0
4366,359181647225,1,0
4367,359187148344,1,0
4368,359192293379,0,0
4369,359198214806,0,0
4370,359204202080,1,0
4371,359209414389,1,0
4372,359214514623,0,0
4373,359220207508,1,0
4374,359225421417,1,0
4375,359230609526,0,0
4376,359236509602,1,0
4377,359241680925,1,0
4378,359246997259,1,0
4379,359252125962,0,0
4380,359257798442,1,0
4381,359262981231,1,0
4382,359268021209,1,0
4383,359273235192,1,0
4384,359278507311,0,0
4385,359284410866,0,0
4386,359290046437,1,0
4387,359295200397,1,0
4388,359300450263,1,0
4389,359305755700,0,0
4390,359311351811,1,0
4391,359316612714,0,0
4392,359322288020,0,0
4393,359328146511,0,0
4394,359334154677,0,0
4395,359340053061,0,0
4396,359346142471,0,0
4397,359351971732,1,0
4398,359357063941,0,0
4399,359362809853,1,0
4400,359367964651,1,0
4401,359373166021,0,0
4402,359378750371,1,0
4403,359383855634,0,0
4404,359389626220,0,0
4405,359395340367,1,0
4406,359400669633,1,0
4407,359405839742,0,0
4408,359411354735,0,0
4409,359417057832,1,0
4410,359422190398,1,0
4411,359427419749,1,0
4412,359432621259,0,0
4413,359438290460,0,0
4414,359444073834,0,0
4415,359449571094,1,0
4416,359454776994,0,0
4417,359460294150,0,0
4418,359465886314,0,0
4419,359471415773,0,0
4420,359477044556,0,0
4421,359482894460,0,0
4422,359489121157,1,0
4423,359494388678,1,0
4424,359499648670,1,0
4425,359505038933,1,0
4426,359510237487,0,0
4427,359515853148,1,0
4428,359521075805,0,0
4429,359526644970,1,0
4430,359531929685,1,0
4431,359537295503,0,0
4432,359543206251,1,0
4433,359548559245,1,0
4434,359553832807,1,0
4435,359559315173,0,0
4436,359565209971,1,0
4437,359570401453,0,0
4438,359576057955,0,0
4439,359581847410,0,0
4440,359587580282,1,0
4441,359592805268,0,0
4442,359598452626,1,0
4443,359603793374,0,0
4444,359609499801,0,0
4445,359615202382,0,0
4446,359620830101,0,0
4447,359626333477,1,0
4448,359631611599,0,0
4449,359637317253,0,0
4450,359642900491,1,0
4451,359648097571,1,0
4452,359653255865,1,0
4453,359658446734,1,0
4454,359663861828,0,0
4455,359669119431,0,0
4456,359674624697,1,0
4457,359679724196,0,0
4458,359685351331,0,0
4459,359691084380,0,0
4460,359696799390,1,0
4461,359702061466,0,0
4462,359707665394,0,0
4463,359713354542,1,0
4464,359718558231,1,0
4465,359723803987,0,0
4466,359729442760,0,0
4467,359735446036,1,0
4468,359740565754,1,0
4469,359745697459,1,0
4470,359750884792,0,0
4471,359756525034,1,0
4472,359761670724,0,0
4473,359767355020,0,0
4474,359773068179,1,0
4475,359778340119,1,0
4476,359783715945,0,0
4477,359789396287,1,0
4478,359794623851,0,0
4479,359800212806,1,0
4480,359805404459,0,0
4481,359811070756,0,0
4482,359817068435,1,0
4483,359822378763,0,0
4484,359828063058,1,0
4485,359833489312,0,0
4486,359839177460,0,0
4487,359844928922,0,0
4488,359850663434,1,0
4489,359855792775,0,0
4490,359861405061,0,0
4491,359867129136,1,0
4492,359872301129,1,0
4493,359877644455,0,0
4494,359883337516,0,0
4495,359888874298,0,0
4496,359894360536,0,0
4497,359900067683,1,0
4498,359905211681,1,0
4499,359910480330,0,0
4500,359916066862,1,0
4501,359921279595,1,0
4502,359926384849,1,0
4503,359931489430,1,0
4504,359936621099,1,0
4505,359941727507,1,0
4506,359946876293,1,0
4507,359951977569,1,0
4508,359957147949,0,0
4509,359962676408,1,0
4510,359967862067,0,0
4511,359973608929,1,0
4512,359978804744,0,0
4513,359984479728,0,0
4514,359990276304,0,0
4515,359996063348,0,0
4516,360001819577,0,0
4517,360007573711,0,0
4518,360013260845,0,0
4519,360018940025,0,0
4520,360024752340,0,0
4521,360030532952,1,0
4522,360035803661,1,0
4523,360041271266,0,0
4524,360046883423,1,0
4525,360052066979,0,0
4526,360057616408,1,0
4527,360063024160,1,0
4528,360068188096,1,0
4529,360073323876,1,0
4530,360078657511,1,0
4531,360084041141,0,0
4532,360089607741,1,0
4533,360094863937,1,0
4534,360100018985,1,0
4535,360105116708,1,0
4536,360110263670,0,0
4537,360115724962,1,0
4538,360120954079,0,0
4539,360126485443,0,0
4540,360132067695,0,0
4541,360137702269,1,0
4542,360142902505,0,0
4543,360148408582,1,0
4544,360153631237,0,0
4545,360159208300,0,0
4546,360164781957,1,0
4547,360170022571,1,0
4548,360175218061,1,0
4549,360180627937,1,0
4550,360185723320,1,0
4551,360190886382,1,0
4552,360196048900,1,0
4553,360201183700,1,0
4554,360206288581,0,0
4555,360211670295,1,0
4556,360216824686,1,0
4557,360221937154,0,0
4558,360227475221,0,0
4559,360233084234,1,0
4560,360238264493,0,0
4561,360244205750,0,0
4562,360249935532,0,0
4563,360255549254,1,0
4564,360260909213,1,0
4565,360266083170,1,0
4566,360271312512,1,0
4567,360276656749,1,0
4568,360281790132,1,0
4569,360286971132,1,0
4570,360292131745,0,0
4571,360297850195,0,0
4572,360303303867,1,0
4573,360308573369,1,0
4574,360313673818,0,0
4575,360319289418,1,0
4576,360324561343,1,0
4577,360329851716,1,0
4578,360335142678,0,0
4579,360340852026,0,0
4580,360346743002,0,0
4581,360352407373,0,0
4582,360358122398,0,0
4583,360363607154,1,0
4584,360368707558,1,0
4585,360373858472,0,0
4586,360379626743,0,0
4587,360385266334,0,0
4588,360391135118,1,0
4589,360396225262,0,0
4590,360401953977,1,0
4591,360407062917,1,0
4592,360412520047,1,0
4593,360417889938,1,0
4594,360423018021,1,0
4595,360428183262,0,0
4596,360433633598,0,0
4597,360439211771,0,0
4598,360445200207,1,0
4599,360450326093,0,0
4600,360455926016,0,0
4601,360461425205,0,0
4602,360467147595,1,0
4603,360472254397,1,0
4604,360477364265,1,0
4605,360482497777,1,0
4606,360487576777,0,0
4607,360493190632,0,0
4608,360498887946,0,0
4609,360504425444,1,0
4610,360509618869,0,0
4611,360515315657,0,0
4612,360520907356,1,0
4613,360526056967,1,0
4614,360531215504,1,0
4615,360536485657,1,0
4616,360541803203,1,0
4617,360547021067,1,0
4618,360552137339,0,0
4619,360557850411,0,0
4620,360563496095,1,0
4621,360568838226,1,0
4622,360574016960,0,0
4623,360579565949,0,0
4624,360585132726,0,0
4625,360590676775,1,0
4626,360595830191,0,0
4627,360601322480,0,0
4628,360606839252,0,0
4629,360612426734,0,0
4630,360618218386,0,0
4631,360623942570,1,0
4632,360629066303,1,0
4633,360634368372,0,0
4634,360640321240,0,0
4635,360646044760,0,0
4636,360651635379,0,0
4637,360657369454,0,0
4638,360662924743,0,0
4639,360668421890,0,0
4640,360674130209,1,0
4641,360679267012,1,0
4642,360684415888,1,0
4643,360689499991,0,0
4644,360695311940,1,0
4645,360700452606,0,0
4646,360706241329,1,0
4647,360711409101,1,0
4648,360716788944,0,0
4649,360722553351,0,0
4650,360728359707,1,0
4651,360733699537,1,0
4652,360739028472,0,0
4653,360744767711,0,0
4654,360750438164,1,0
4655,360755807757,0,0
4656,360761328716,0,0
4657,360767032126,0,0
4658,360772669308,1,0
4659,360777807602,1,0
4660,360783211740,1,0
4661,360788216954,1,0
4662,360793600784,1,0
4663,360798926773,0,0
4664,360804907069,1,0
4665,360810066044,1,0
4666,360815221554,0,0
4667,360821064356,0,0
4668,360826568978,1,0
4669,360831794853,1,0
4670,360837138826,0,0
4671,360842825714,1,0
4672,360848029976,0,0
4673,360853793572,1,0
4674,360858980148,0,0
4675,360864495176,1,0
4676,360869782568,1,0
4677,360874938606,1,0
4678,360880069549,0,0
4679,360885958810,1,0
4680,360891327974,1,0
4681,360896671557,0,0
4682,360902438843,1,0
4683,360907546477,0,0
4684,360913347225,1,0
4685,360918476041,0,0
4686,360924046013,0,0
4687,360929590097,0,0
4688,360935239653,0,0
4689,360941047198,1,0
4690,360946214688,0,0
4691,360951948037,1,0
4692,360957067288,0,0
4693,360962816437,0,0
4694,360968318740,1,0
4695,360973677908,1,0
4696,360979049600,1,0
4697,360984288510,1,0
4698,360989693606,0,0
4699,360995502859,1,0
4700,361000824034,0,0
4701,361006420674,0,0
4702,361012208770,1,0
4703,361017384128,1,0
4704,361022587343,0,0
4705,361028381070,0,0
4706,361033908284,0,0
4707,361039438965,1,0
4708,361044556348,0,0
4709,361050460219,1,0
4710,361055760169,0,0
4711,361061428214,0,0
4712,361067152442,0,0
4713,361072889821,0,0
4714,361078437982,0,0
4715,361084130871,0,0
4716,361089898556,1,0
4717,361095061831,0,0
4718,361100604294,0,0
4719,361106198352,1,0
4720,361111446783,1,0
4721,361116580484,0,0
4722,361122298168,0,0
4723,361127837165,0,0
4724,361133542732,1,0
4725,361138658194,0,0
4726,361144452237,0,0
4727,361150140522,0,0
4728,361156022822,1,0
4729,361161119239,1,0
4730,361166294575,0,0
4731,361171975696,1,0
4732,361177059374,0,0
4733,361182729524,1,0
4734,361187989480,1,0
4735,361193123959,0,0
4736,361199057502,0,0
4737,361205050378,0,0
4738,361210407970,0,0
4739,361216072425,1,0
4740,361221302675,0,0
4741,361227158708,0,0
4742,361232813266,0,0
4743,361238414840,1,0
4744,361243687813,0,0
4745,361249439135,1,0
4746,361254696755,1,0
4747,361260058685,0,0
4748,361265339629,0,0
4749,361271047197,1,0
4750,361276105607,0,0
4751,361281676592,0,0
4752,361287389038,0,0
4753,361292923011,1,0
4754,361298329480,1,0
4755,361303622831,1,0
4756,361308901764,1,0
4757,361314059987,0,0
4758,361319685860,1,0
4759,361325069255,0,0
4760,361330653285,1,0
4761,361335806845,0,0
4762,361341572267,1,0
4763,361346680883,0,0
4764,361352352302,1,0
4765,361357654910,1,0
4766,361362828004,1,0
4767,361367962011,1,0
4768,361373056353,0,0
4769,361378780114,1,0
4770,361383990847,0,0
4771,361389761094,0,0
4772,361395573423,0,0
4773,361401245622,1,0
4774,361406473889,1,0
4775,361411575063,1,0
4776,361416772903,1,0
4777,361421958939,1,0
4778,361427054738,0,0
4779,361432733718,1,0
4780,361437973630,1,0
4781,361443123139,1,0
4782,361448280919,0,0
4783,361454064289,1,0
4784,361459579297,1,0
4785,361464763912,0,0
4786,361470345041,0,0
4787,361476115811,1,0
4788,361481248172,1,0
4789,361486491738,1,0
4790,361491778576,0,0
4791,361497410079,1,0
4792,361502680294,0,0
4793,361508505235,1,0
4794,361513924899,0,0
4795,361519576170,1,0
4796,361524730860,0,0
4797,361530445456,1,0
4798,361535695494,0,0
4799,361541471245,1,0
4800,361546654953,1,0
4801,361551866625,0,0
4802,361557069242,1,0
4803,361562256127,0,0
4804,361567744415,0,0
4805,361573302919,1,0
4806,361578437550,1,0
4807,361583573251,0,0
4808,361588957466,1,0
4809,361594222425,1,0
4810,361599674331,1,0
4811,361604904901,1,0
4812,361610054729,0,0
4813,361615689408,0,0
4814,361620929912,1,0
4815,361626010051,1,0
4816,361631045174,1,0
4817,361636371123,0,0
4818,361641834983,0,0
4819,361647251546,0,0
4820,361652661263,0,0
4821,361658377037,1,0
4822,361663603776,0,0
4823,361669100436,1,0
4824,361674238268,0,0
4825,361679799637,0,0
4826,361685207651,0,0
4827,361690904675,1,0
4828,361696045609,0,0
4829,361701545218,0,0
4830,361707044443,0,0
4831,361712344606,1,0
4832,361717640779,1,0
4833,361722915356,0,0
4834,361728656611,1,0
4835,361733871326,1,0
4836,361739064029,0,0
4837,361744959048,0,0
4838,361750703645,1,0
4839,361756127409,0,0
4840,361762024167,1,0
4841,361767287109,0,0
4842,361773067837,0,0
4843,361778646864,1,0
4844,361783890961,0,0
4845,361789506350,0,0
4846,361795061001,1,0
4847,361800277925,0,0
4848,361805672493,1,0
4849,361810869794,0,0
4850,361816270910,0,0
4851,361821697180,1,0
4852,361827014347,0,0
4853,361832601254,0,0
4854,361838272532,0,0
4855,361843890566,0,0
4856,361849415426,0,0
4857,361854957093,1,0
4858,361860105775,0,0
4859,361865547079,1,0
4860,361870716156,1,0
4861,361876061790,0,0
4862,361881398069,0,0
4863,361886508819,0,0
4864,361891686393,1,0
4865,361896781278,1,0
4866,361901902173,1,0
4867,361907016111,1,0
4868,361912266172,0,0
4869,361917446687,1,0
4870,361922568357,1,0
4871,361927662294,0,0
4872,361933060522,1,0
4873,361938213807,1,0
4874,361943397830,0,0
4875,361948908016,0,0
4876,361954283182,0,0
4877,361959650209,0,0
4878,361965415161,0,0
4879,361970888111,1,0
4880,361975985243,0,0
4881,361981215009,1,0
4882,361986418545,1,0
4883,361991647239,1,0
4884,361996802511,0,0
4885,362002274495,0,0
4886,362007818787,1,0
4887,362012890329,1,0
4888,362018015350,0,0
4889,362023509592,0,0
4890,362029057931,0,0
4891,362034630901,1,0
4892,362039951339,1,0
4893,362045047495,1,0
4894,362050169040,1,0
4895,362055271243,0,0
4896,362060798846,1,0
4897,362065887403,1,0
4898,362071038647,0,0
4899,362076380445,1,0
4900,362081563069,1,0
4901,362087057350,0,0
4902,362092594678,0,0
4903,362098151928,1,0
4904,362103761725,1,0
4905,362108981633,0,0
4906,362116404252,1,0
4907,362121829445,1,0
4908,362127083056,1,0
4909,362132359601,1,0
4910,362137547459,1,0
4911,362142853160,0,0
4912,362148346239,0,0
4913,362153825210,1,0
4914,362159022641,1,0
4915,362164206649,1,0
4916,362169325434,0,0
4917,362174770171,0,0
4918,362180297351,1,0
4919,362185489993,0,0
4920,362191021645,1,0
4921,362196163325,1,0
4922,362201320399,1,0
4923,362206474839,1,0
4924,362211833161,0,0
4925,362217391400,0,0
4926,362223081897,0,0
4927,362228852053,0,0
4928,362234423295,0,0
4929,362240284364,1,0
4930,362245612232,0,0
4931,362251474674,1,0
4932,362256711204,1,0
4933,362261869746,1,0
4934,362267131976,1,0
4935,362272358108,0,0
4936,362277720480,0,0
4937,362283337602,0,0
4938,362288737503,0,0
4939,362294414908,1,0
4940,362299579891,0,0
4941,362304994779,0,0
4942,362310361500,0,0
4943,362315806877,1,0
4944,362320990787,0,0
4945,362326532379,1,0
4946,362331717294,0,0
4947,362337381998,0,0
4948,362342778371,1,0
4949,362347917277,0,0
4950,362353445558,0,0
4951,362359240539,1,0
4952,362364372915,0,0
4953,362369882775,0,0
4954,362375128399,1,0
4955,362380243359,1,0
4956,362385395474,0,0
4957,362390998163,0,0
4958,362396349953,1,0
4959,362401463207,0,0
4960,362406953116,0,0
4961,362412558534,1,0
4962,362417705371,0,0
4963,362423304615,0,0
4964,362428775296,0,0
4965,362434314794,1,0
4966,362439587749,1,0
4967,362444871594,0,0
4968,362450310513,1,0
4969,362455439395,0,0
4970,362461016887,0,0
4971,362466446477,1,0
4972,362471578689,1,0
4973,362479043731,1,0
4974,362484228703,0,0
4975,362489760354,0,0
4976,362495276287,1,0
4977,362500332540,1,0
4978,362505420788,1,0
4979,362510767483,0,0
4980,362516421741,1,0
4981,362521565878,0,0
4982,362527207971,1,0
4983,362532422241,1,0
4984,362537683835,1,0
4985,362542831510,0,0
4986,362548465380,1,0
4987,362553727548,0,0
4988,362559387545,1,0
4989,362564524546,1,0
4990,362569653749,0,0
4991,362575109464,1,0
4992,362580275855,0,0
4993,362586200042,1,0
4994,362591556337,0,0
4995,362597247318,1,0
4996,362602541059,1,0
4997,362607834740,0,0
4998,362613309248,1,0
4999,362618567998,1,0
5000,362623712511,0,0
5001,362629391721,1,0
5002,362634519267,1,0
5003,362639643347,1,0
5004,362644913776,1,0
5005,362650054258,0,0
5006,362655736135,0,0
5007,362661349244,0,0
5008,362667067028,0,0
5009,362672821262,0,0
5010,362678405737,0,0
5011,362684134783,0,0
5012,362689856853,1,0
5013,362695051555,1,0
5014,362700148076,0,0
5015,362706024494,0,0
5016,362711877064,1,0
5017,362717257851,1,0
5018,362722512630,1,0
5019,362727694596,0,0
5020,362733285677,1,0
5021,362738420012,1,0
5022,362743539278,0,0
5023,362749100574,0,0
5024,362754696609,1,0
5025,362759886355,1,0
5026,362765008585,0,0
5027,362770614245,1,0
5028,362775900061,0,0
5029,362781578701,1,0
5030,362786845332,1,0
5031,362791998652,0,0
5032,362797672846,0,0
5033,362803445486,0,0
5034,362809277505,0,0
5035,362814923055,1,0
5036,362820061971,0,0
5037,362825805113,0,0
5038,362831199205,0,0
5039,362836695815,1,0
5040,362841840669,0,0
5041,362847395039,1,0
5042,362852563746,1,0
5043,362857703936,1,0
5044,362862870835,1,0
5045,362868015017,1,0
5046,362873107452,1,0
5047,362878292545,0,0
5048,362884376352,1,0
5049,362889656930,0,0
5050,362895177123,0,0
5051,362900578094,1,0
5052,362905861864,1,0
5053,362911252988,1,0
5054,362916567534,1,0
5055,362921891551,0,0
5056,362927678826,1,0
5057,362932825727,0,0
5058,362938430659,1,0
5059,362943736707,1,0
5060,362948936336,0,0
5061,362954565793,0,0
5062,362960261294,0,0
5063,362966456134,1,0
5064,362971580627,0,0
5065,362977431913,0,0
5066,362983155769,0,0
5067,362989157809,0,0
5068,362995045256,0,0
5069,363000627786,1,0
5070,363005913562,0,0
5071,363011562374,1,0
5072,363016835443,1,0
5073,363022044756,0,0
5074,363027671306,0,0
5075,363033475567,1,0
5076,363038753594,0,0
5077,363044398143,0,0
5078,363049872856,0,0
5079,363055172165,0,0
5080,363060832808,0,0
5081,363066513840,0,0
5082,363072405968,0,0
5083,363078406093,1,0
5084,363083711695,0,0
5085,363089353328,0,0
5086,363095057759,0,0
5087,363100528242,0,0
5088,363106250836,0,0
5089,363111866758,0,0
5090,363117574279,0,0
5091,363123218294,0,0
5092,363128807987,1,0
5093,363133943523,1,0
5094,363139342764,0,0
5095,363144938560,0,0
5096,363150499315,1,0
5097,363155950062,1,0
5098,363161203120,0,0
5099,363167068772,0,0
5100,363172804977,1,0
5101,363178075020,0,0
5102,363184040614,0,0
5103,363189710259,0,0
5104,363195362247,0,0
5105,363201056800,0,0
5106,363206720516,1,0
5107,363211858080,1,0
5108,363217017096,0,0
5109,363222921343,1,0
5110,363228706279,1,0
5111,363233894360,1,0
5112,363239113222,1,0
5113,363244360460,0,0
5114,363250055157,1,0
5115,363255399181,1,0
5116,363260656990,1,0
5117,363265727082,1,0
5118,363270900331,0,0
5119,363276702829,0,0
5120,363282324171,1,0
5121,363287587423,0,0
5122,363293344492,0,0
5123,363299065480,1,0
5124,363304208265,0,0
5125,363309909205,0,0
5126,363315446241,0,0
5127,363321052738,0,0
5128,363326849587,1,0
5129,363331990417,1,0
5130,363337183931,1,0
5131,363342295560,1,0
5132,363347583767,0,0
5133,363353311901,1,0
5134,363358540344,1,0
5135,363363848895,1,0
5136,363369038140,1,0
5137,363374129915,0,0
5138,363380034775,0,0
5139,363385670689,0,0
5140,363391324476,0,0
5141,363397023003,1,0
5142,363402104877,0,0
5143,363408057025,1,0
5144,363413262820,0,0
5145,363419055096,0,0
5146,363424601019,0,0
5147,363430220005,0,0
5148,363435785826,1,0
5149,363441021923,0,0
5150,363446805593,0,0
5151,363452510906,1,0
5152,363457632176,0,0
5153,363463258525,0,0
5154,363469056378,0,0
5155,363474689838,1,0
5156,363479902206,1,0
5157,363485095651,0,0
5158,363490818263,0,0
5159,363496301341,1,0
5160,363501417694,1,0
5161,363506607937,1,0
5162,363512124550,1,0
5163,363517554482,1,0
5164,363522754081,1,0
5165,363527947016,1,0
5166,363533063232,0,0
5167,363538859121,0,0
5168,363544848483,1,0
5169,363550061590,0,0
5170,363555836813,1,0
5171,363560936956,0,0
5172,363566501768,1,0
5173,363571757675,1,0
5174,363576975755,1,0
5175,363582350474,1,0
5176,363587665497,0,0
5177,363593374942,0,0
5178,363599195200,1,0
5179,363604418887,1,0
5180,363609706248,1,0
5181,363614891833,1,0
5182,363620073526,1,0
5183,363625302457,1,0
5184,363630606153,1,0
5185,363635716849,0,0
5186,363641364870,1,0
5187,363646674533,0,0
5188,363652541646,0,0
5189,363658146813,0,0
5190,363663859462,1,0
5191,363668949482,1,0
5192,363674304149,1,0
5193,363679587029,1,0
5194,363684718553,0,0
5195,363690555588,0,0
5196,363696248593,0,0
5197,363701905219,0,0
5198,363707594047,0,0
5199,363713343260,0,0
5200,363719298914,0,0
5201,363725165422,1,0
5202,363730423428,1,0
5203,363735780238,0,0
5204,363741423005,0,0
5205,363747225874,1,0
5206,363752379689,1,0
5207,363757710757,1,0
5208,363762882247,0,0
5209,363768776757,1,0
5210,363774390173,0,0
5211,363780094607,0,0
5212,363785962754,1,0
5213,363791058295,0,0
5214,363796722837,0,0
5215,363802282270,1,0
5216,363807429223,0,0
5217,363813258489,1,0
5218,363818515921,0,0
5219,363824485922,1,0
5220,363829485446,0,0
5221,363835304356,1,0
5222,363840642423,1,0
5223,363845780473,1,0
5224,363850988244,0,0
5225,363856830466,0,0
5226,363862626223,1,0
5227,363867856762,1,0
5228,363873060459,1,0
5229,363878410464,0,0
5230,363884138046,1,0
5231,363889287372,0,0
5232,363894963620,0,0
5233,363900399509,1,0
5234,363905701024,1,0
5235,363910845808,1,0
5236,363915974021,1,0
5237,363921094594,0,0
5238,363926813813,0,0
5239,363932400497,0,0
5240,363937918265,0,0
5241,363943319351,1,0
5242,363948502729,1,0
5243,363953627319,1,0
5244,363958742749,1,0
5245,363963930356,0,0
5246,363969245251,0,0
5247,363974779102,1,0
5248,363979925978,0,0
5249,363985382559,1,0
5250,363990713220,0,0
5251,363996169412,0,0
5252,364001639315,0,0
5253,364007236490,1,0
5254,364012399248,0,0
5255,364017965430,1,0
5256,364023143157,1,0
5257,364028310127,0,0
5258,364033844579,1,0
5259,364038966104,0,0
5260,364044530702,0,0
5261,364050103075,0,0
5262,364055691053,0,0
5263,364061251389,0,0
5264,364066846166,0,0
5265,364072415518,1,0
5266,364077542692,0,0
5267,364083109233,0,0
5268,364088722621,0,0
5269,364094429922,1,0
5270,364099680025,1,0
5271,364105061858,1,0
5272,364110238343,1,0
5273,364115342143,1,0
5274,364120512745,1,0
5275,364125639889,1,0
5276,364130744530,0,0
5277,364136356590,1,0
5278,364141489177,1,0
5279,364146631059,1,0
5280,364151785941,1,0
5281,364156967019,1,0
5282,364162141739,1,0
5283,364167269771,1,0
5284,364172399529,1,0
5285,364177942546,1,0
5286,364182954491,1,0
5287,364188131611,1,0
5288,364193273316,0,0
5289,364198964915,0,0
5290,364204574054,0,0
5291,364210389124,1,0
5292,364215533796,0,0
5293,364221149424,0,0
5294,364226713899,0,0
5295,364232344501,1,0
5296,364237499205,0,0
5297,364243306351,0,0
5298,364248902363,1,0
5299,364254060396,0,0
5300,364259596061,1,0
5301,364264902911,0,0
5302,364270608590,0,0
5303,364276352526,1,0
5304,364281712881,0,0
5305,364287551550,1,0
5306,364292891843,0,0
5307,364298417636,0,0
5308,364304126102,1,0
5309,364309262079,1,0
5310,364314531329,1,0
5311,364319845906,1,0
5312,364325052076,1,0
5313,364330157058,1,0
5314,364335274959,1,0
5315,364340555740,1,0
5316,364345714077,0,0
5317,364351270116,0,0
5318,364356707739,0,0
5319,364362129308,0,0
5320,364367725753,0,0
5321,364373245095,1,0
5322,364378376314,1,0
5323,364383501073,0,0
5324,364389023936,1,0
5325,364394060533,0,0
5326,364399500554,1,0
5327,364404698167,0,0
5328,364410120545,1,0
5329,364415270886,0,0
5330,364420717099,1,0
5331,364425991342,0,0
5332,364431339813,0,0
5333,364436780038,1,0
5334,364442071289,0,0
5335,364447726147,1,0
5336,364453130275,0,0
5337,364458795981,0,0
5338,364464576434,1,0
5339,364470067809,1,0
5340,364475289523,1,0
5341,364480749530,0,0
5342,364486478922,0,0
5343,364492058354,0,0
5344,364497692252,0,0
5345,364503384137,1,0
5346,364508743710,1,0
5347,364514193366,0,0
5348,364519708521,0,0
5349,364525525581,1,0
5350,364530927047,0,0
5351,364536634034,0,0
5352,364542262902,1,0
5353,364547619367,1,0
5354,364552900019,0,0
5355,364558397934,1,0
5356,364563639152,0,0
5357,364569297231,0,0
5358,364574868338,1,0
5359,364580053060,1,0
5360,364585213242,1,0
5361,364590470652,1,0
5362,364595815595,1,0
5363,364601056894,0,0
5364,364606827510,0,0
5365,364612613261,0,0
5366,364618217844,1,0
5367,364623422334,1,0
5368,364628770573,1,0
5369,364633847628,0,0
5370,364639539193,1,0
5371,364644796154,0,0
5372,364650401278,1,0
5373,364655556211,0,0
5374,364661266777,1,0
5375,364666517634,0,0
5376,364672061281,0,0
5377,364677516251,1,0
5378,364682842826,1,0
5379,364687971243,1,0
5380,364693127984,1,0
5381,364698265725,1,0
5382,364703543790,0,0
5383,364709200676,0,0
5384,364714961955,1,0
5385,364720529496,0,0
5386,364726480846,1,0
5387,364731901076,0,0
5388,364737564731,0,0
5389,364743327576,0,0
5390,364749076654,1,0
5391,364754442685,0,0
5392,364760205019,0,0
5393,364765826934,0,0
5394,364771540047,0,0
5395,364777264786,0,0
5396,364782930826,1,0
5397,364788055350,0,0
5398,364793703404,1,0
5399,364798821044,0,0
5400,364804307166,0,0
5401,364810022292,1,0
5402,364815063324,1,0
5403,364820203872,1,0
5404,364825481237,0,0
5405,364831250687,1,0
5406,364836462637,0,0
5407,364842227736,1,0
5408,364847430091,1,0
5409,364852662368,0,0
5410,364858765840,0,0
5411,364864386777,1,0
5412,364869692265,1,0
5413,364874803835,0,0
5414,364880594951,1,0
5415,364885784460,1,0
5416,364890986885,0,0
5417,364896615750,1,0
5418,364901872138,1,0
5419,364906951093,1,0
5420,364912065235,1,0
5421,364917212074,0,0
5422,364922811626,0,0
5423,364928560670,0,0
5424,364934069478,0,0
5425,364939955566,1,0
5426,364945121035,1,0
5427,364950320096,0,0
5428,364956260863,0,0
5429,364961930113,1,0
5430,364967030337,1,0
5431,364972106715,0,0
5432,364977709994,1,0
5433,364982826750,1,0
5434,364987988477,1,0
5435,364993199922,1,0
5436,364998523519,0,0
5437,365004324722,1,0
5438,365009562391,1,0
5439,365014896557,1,0
5440,365020238241,1,0
5441,365025522774,1,0
5442,365030771110,1,0
5443,365035936696,1,0
5444,365041156576,0,0
5445,365046705341,0,0
5446,365052488472,0,0
5447,365058494598,1,0
5448,365063842151,1,0
5449,365069035921,0,0
5450,365074793643,0,0
5451,365080629977,0,0
5452,365086433496,1,0
5453,365091708850,0,0
5454,365097323601,0,0
5455,365102790096,0,0
5456,365108326379,1,0
5457,365113594453,0,0
5458,365119371683,0,0
5459,365124951550,0,0
5460,365130551358,1,0
5461,365135757421,1,0
5462,365140982201,0,0
5463,365146521575,1,0
5464,365151906947,1,0
5465,365157086884,1,0
5466,365162378891,0,0
5467,365167884330,0,0
5468,365173656955,0,0
5469,365179452070,1,0
5470,365184617520,1,0
5471,365189802535,1,0
5472,365194983490,0,0
5473,365200762453,0,0
5474,365206385518,0,0
5475,365211933424,0,0
5476,365217588281,0,0
5477,365223467312,0,0
5478,365229185778,0,0
5479,365235064053,0,0
5480,365240666255,0,0
5481,365246407119,0,0
5482,365252062667,0,0
5483,365257889757,1,0
5484,365263032682,0,0
5485,365268622890,1,0
5486,365273742860,0,0
5487,365279426436,1,0
5488,365284720419,1,0
5489,365289911237,1,0
5490,365295059150,0,0
5491,365300929928,1,0
5492,365306061680,0,0
5493,365311874518,1,0
5494,365317144163,0,0
5495,365323033534,1,0
5496,365328294980,1,0
5497,365333537196,1,0
5498,365338731819,1,0
5499,365343865195,1,0
5500,365349019721,1,0
5501,365354155183,0,0
5502,365360138102,1,0
5503,365365282627,0,0
5504,365370961926,0,0
5505,365376609187,1,0
5506,365381880947,1,0
5507,365387028536,1,0
5508,365392191867,0,0
5509,365398036246,0,0
5510,365403613673,0,0
5511,365409175104,0,0
5512,365414868571,0,0
5513,365420403406,1,0
5514,365425854711,0,0
5515,365431602955,1,0
5516,365437018852,1,0
5517,365442411948,0,0
5518,365448064315,1,0
5519,365453754052,0,0
5520,365459508242,1,0
5521,365464960361,1,0
5522,365470131507,0,0
5523,365475798268,1,0
5524,365481060724,0,0
5525,365486804629,1,0
5526,365492019983,1,0
5527,365497180614,1,0
5528,365502449586,0,0
5529,365508273327,0,0
5530,365514052815,0,0
5531,365519634653,1,0
5532,365524737791,0,0
5533,365530348362,0,0
5534,365535864887,0,0
5535,365541636844,1,0
5536,365546849899,0,0
5537,365552558335,1,0
5538,365557733265,0,0
5539,365563237632,0,0
5540,365568930150,0,0
5541,365574393039,1,0
5542,365579714414,0,0
5543,365585213552,0,0
5544,365590757373,0,0
5545,365596552923,0,0
5546,365602144556,0,0
5547,365607701689,1,0
5548,365613063549,1,0
5549,365618494018,0,0
5550,365624066494,0,0
5551,365629620097,1,0
5552,365634963941,1,0
5553,365640131016,1,0
5554,365645476964,1,0
5555,365650778932,0,0
5556,365656447402,0,0
5557,365662029854,1,0
5558,365667242359,0,0
5559,365672790297,1,0
5560,365678056226,0,0
5561,365683611971,1,0
5562,365688952426,1,0
5563,365694211511,1,0
5564,365699555161,1,0
5565,365704911052,1,0
5566,365710126615,1,0
5567,365715469448,1,0
5568,365720652647,1,0
5569,365725924287,0,0
5570,365731653303,0,0
5571,365737444803,0,0
5572,365743142894,1,0
5573,365748250768,1,0
5574,365753370408,0,0
5575,365758907763,1,0
5576,365764129051,0,0
5577,365769497091,0,0
5578,365775285235,1,0
5579,365780593999,1,0
5580,365786151498,1,0
5581,365791536011,1,0
5582,365796790646,0,0
5583,365802494703,1,0
5584,365807819242,0,0
5585,365813706649,0,0
5586,365819482500,1,0
5587,365824710476,0,0
5588,365830322662,1,0
5589,365835622292,1,0
5590,365840854179,0,0
5591,365846798593,0,0
5592,365852580245,0,0
5593,365858442223,0,0
5594,365864145578,1,0
5595,365869318571,1,0
5596,365874518607,0,0
5597,365880070389,1,0
5598,365885263181,0,0
5599,365891230135,1,0
5600,365896563724,1,0
5601,365901854686,1,0
5602,365907037852,1,0
5603,365912258915,0,0
5604,365917784756,0,0
5605,365923415433,0,0
5606,365928965193,1,0
5607,365934150271,1,0
5608,365939265767,1,0
5609,365944431577,1,0
5610,365949625345,0,0
5611,365955239477,1,0
5612,365960412145,0,0
5613,365966206325,1,0
5614,365971310641,1,0
5615,365976539364,1,0
5616,365981744250,1,0
5617,365986918669,1,0
5618,365992047321,0,0
5619,365997708543,1,0
5620,366002918919,0,0
5621,366008681267,1,0
5622,366013886042,0,0
5623,366019641777,1,0
5624,366024808904,1,0
5625,366030149432,1,0
5626,366035144274,0,0
5627,366040906300,1,0
5628,366046071962,1,0
5629,366051394572,1,0
5630,366056530263,0,0
5631,366062200730,1,0
5632,366067542428,1,0
5633,366072767115,0,0
5634,366078406027,0,0
5635,366084110821,1,0
5636,366089284460,0,0
5637,366094988566,1,0
5638,366100115994,0,0
5639,366105728379,0,0
5640,366111303649,0,0
5641,366116886769,0,0
5642,366122421397,1,0
5643,366127565248,0,0
5644,366133301630,0,0
5645,366139047061,1,0
5646,366144193550,0,0
5647,366149907303,0,0
5648,366155679599,1,0
5649,366160864693,0,0
5650,366166474412,1,0
5651,366171776645,1,0
5652,366176904445,0,0
5653,366182577516,0,0
5654,366188240645,0,0
5655,366193954862,0,0
5656,366199665900,1,0
5657,366204773733,1,0
5658,366210214963,0,0
5659,366215741397,1,0
5660,366221045107,0,0
5661,366226573516,1,0
5662,366231862307,0,0
5663,366237263589,0,0
5664,366243058991,0,0
5665,366248496689,0,0
5666,366254238357,1,0
5667,366259502633,1,0
5668,366264744779,0,0
5669,366270331526,0,0
5670,366275915009,0,0
5671,366281467204,1,0
5672,366286622736,0,0
5673,366292191192,0,0
5674,366297747790,1,0
5675,366302856729,0,0
5676,366308136256,1,0
5677,366313287176,0,0
5678,366318979298,0,0
5679,366324640935,0,0
5680,366330327822,1,0
5681,366335579339,1,0
5682,366340886733,0,0
5683,366346539552,0,0
5684,366352271039,1,0
5685,366357552723,1,0
5686,366362874461,0,0
5687,366368655334,1,0
5688,366374081760,1,0
5689,366379537722,1,0
5690,366384803281,1,0
5691,366389966211,1,0
5692,366395115282,0,0
5693,366400881035,1,0
5694,366406042837,0,0
5695,366411644078,0,0
5696,366417245522,1,0
5697,366422384623,0,0
5698,366427958026,0,0
5699,366433335691,1,0
5700,366438643461,1,0
5701,366443865342,1,0
5702,366448974297,1,0
5703,366454126236,1,0
5704,366459275298,0,0
5705,366464891114,1,0
5706,366470044458,1,0
5707,366475167375,0,0
5708,366480686813,0,0
5709,366486408898,0,0
5710,366491780302,0,0
5711,366497591535,0,0
5712,366503207449,0,0
5713,366508688045,0,0
5714,366514350345,0,0
5715,366519755848,0,0
5716,366525655274,1,0
5717,366530850985,0,0
5718,366536599186,1,0
5719,366541764770,0,0
5720,366547560006,1,0
5721,366552888909,0,0
5722,366558619414,0,0
5723,366564387298,1,0
5724,366569729672,0,0
5725,366575416649,0,0
5726,366581020004,1,0
5727,366586383327,1,0
5728,366591615635,1,0
5729,366596788939,0,0
5730,366602431944,0,0
5731,366608029971,0,0
5732,366613754491,1,0
5733,366619031922,1,0
5734,366624202401,0,0
5735,366629970915,0,0
5736,366635612004,0,0
5737,366641220983,1,0
5738,366646554827,0,0
5739,366652199065,1,0
5740,366657415193,0,0
5741,366663041613,0,0
5742,366668654867,0,0
5743,366674509814,0,0
5744,366680404094,1,0
5745,366685608769,0,0
5746,366691396099,0,0
5747,366697117390,0,0
5748,366702786343,0,0
5749,366708332759,1,0
5750,366713759917,0,0
5751,366719578838,0,0
5752,366725447152,0,0
5753,366731366799,0,0
5754,366737019104,1,0
5755,366742306631,1,0
5756,366747533857,1,0
5757,366752791607,1,0
5758,366758074251,1,0
5759,366763448850,1,0
5760,366768797256,0,0
5761,366774624969,0,0
5762,366780812544,0,0
5763,366786313932,0,0
5764,366791913811,0,0
5765,366797518010,1,0
5766,366802922455,0,0
5767,366808489387,0,0
5768,366814037433,1,0
5769,366819296883,1,0
5770,366824614521,0,0
5771,366830415391,0,0
5772,366835763838,1,0
5773,366841058078,1,0
5774,366846277366,0,0
5775,366851743373,0,0
5776,366857242711,0,0
5777,366862602806,1,0
5778,366867802483,0,0
5779,366873410117,0,0
5780,366879141602,0,0
5781,366884972344,0,0
5782,366890628440,0,0
5783,366896450766,0,0
5784,366901899542,1,0
5785,366907044811,1,0
5786,366912220479,0,0
5787,366917572066,0,0
5788,366922986967,1,0
5789,366928132328,0,0
5790,366933533156,0,0
5791,366939117694,0,0
5792,366944496201,1,0
5793,366949740833,1,0
5794,366955157368,1,0
5795,366960300981,1,0
5796,366965580587,1,0
5797,366970763130,0,0
5798,366976308047,1,0
5799,366981534577,0,0
5800,366987136037,1,0
5801,366992567131,0,0
5802,366998342770,1,0
5803,367003799725,0,0
5804,367009496009,1,0
5805,367014881353,0,0
5806,367020548532,1,0
5807,367025919842,0,0
5808,367031543511,1,0
5809,367036932309,1,0
5810,367042100494,0,0
5811,367047720431,1,0
5812,367052993568,0,0
5813,367058592959,1,0
5814,367064164067,0,0
5815,367069760407,1,0
5816,367074944339,0,0
5817,367080361457,1,0
5818,367085616905,1,0
5819,367090805065,1,0
5820,367096035963,1,0
5821,367101279280,0,0
5822,367106909518,0,0
5823,367112402810,0,0
5824,367117979956,0,0
5825,367123713816,1,0
5826,367128951882,1,0
5827,367134156382,0,0
5828,367139767795,0,0
5829,367145510846,0,0
5830,367151190070,0,0
5831,367156862879,1,0
5832,367162101546,0,0
5833,367167582007,1,0
5834,367172826062,0,0
5835,367178222675,0,0
5836,367183681220,0,0
5837,367189085332,0,0
5838,367194678115,0,0
5839,367200499057,1,0
5840,367205636189,0,0
5841,367211240938,1,0
5842,367216596083,0,0
5843,367222084485,0,0
5844,367227534910,1,0
5845,367232740924,0,0
5846,367238281490,0,0
5847,367243828001,1,0
5848,367249012196,0,0
5849,367254848963,0,0
5850,367260499148,0,0
5851,367266125192,0,0
5852,367271625934,0,0
5853,367277038869,1,0
5854,367282387761,1,0
5855,367287541319,0,0
5856,367293194035,0,0
5857,367298977883,1,0
5858,367304220648,0,0
5859,367309636533,1,0
5860,367314769921,1,0
5861,367319940940,0,0
5862,367325427579,1,0
5863,367330537393,1,0
5864,367335675903,0,0
5865,367341242076,1,0
5866,367346370206,1,0
5867,367351452017,1,0
5868,367356597553,1,0
5869,367361769971,0,0
5870,367367357120,1,0
5871,367372507339,0,0
5872,367378078992,1,0
5873,367383192036,0,0
5874,367388762571,0,0
5875,367394479389,0,0
5876,367399906399,0,0
5877,367405459287,1,0
5878,367410550373,1,0
5879,367415728268,0,0
5880,367421220957,0,0
5881,367426816374,1,0
5882,367432058899,1,0
5883,367437281965,1,0
5884,367442526519,0,0
5885,367448285095,0,0
5886,367454032402,0,0
5887,367459815849,0,0
5888,367465575188,1,0
5889,367470804549,1,0
5890,367475988818,1,0
5891,367481129579,1,0
5892,367486328397,1,0
5893,367491542508,1,0
5894,367496790974,1,0
5895,367502073199,1,0
5896,367507316528,1,0
5897,367512673401,0,0
5898,367518510429,0,0
5899,367524169850,0,0
5900,367529717958,0,0
5901,367535237914,0,0
5902,367540769452,1,0
5903,367545869916,0,0
5904,367551291184,1,0
5905,367556375827,1,0
5906,367561482737,0,0
5907,367567169529,0,0
5908,367572715273,0,0
5909,367578154851,0,0
5910,367583605649,0,0
5911,367589086514,0,0
5912,367594604071,0,0
5913,367600216762,1,0
5914,367605348994,1,0
5915,367610452661,0,0
5916,367615783601,1,0
5917,367620909274,0,0
5918,367626496252,1,0
5919,367631673700,0,0
5920,367637291375,0,0
5921,367642769667,0,0
5922,367648297127,0,0
5923,367653789725,1,0
5924,367658893346,0,0
5925,367664394438,1,0
5926,367669511505,0,0
5927,367674965141,0,0
5928,367680471698,0,0
5929,367686107152,0,0
5930,367691669661,1,0
5931,367696795965,0,0
5932,367702416897,1,0
5933,367707524312,0,0
5934,367712994727,0,0
5935,367718465253,0,0
5936,367723924784,1,0
5937,367729017654,1,0
5938,367734134256,0,0
5939,367739735256,1,0
5940,367744832097,0,0
5941,367750434923,1,0
5942,367755548593,0,0
5943,367761095865,1,0
5944,367766226906,0,0
5945,367771789529,1,0
5946,367776915534,0,0
5947,367782427813,1,0
5948,367787495006,1,0
5949,367792594009,1,0
5950,367797694265,1,0
5951,367802804914,0,0
5952,367808440802,1,0
5953,367813539694,0,0
5954,367819167359,0,0
5955,367824710919,1,0
5956,367829896052,0,0
5957,367835519917,0,0
5958,367841214428,0,0
5959,367846678970,0,0
5960,367852273824,1,0
5961,367857422430,0,0
5962,367863017591,0,0
5963,367868658285,0,0
5964,367874137526,1,0
5965,367879210205,1,0
5966,367884310458,1,0
5967,367889420673,0,0
5968,367895016482,1,0
5969,367900145980,0,0
5970,367905745242,0,0
5971,367911314854,0,0
5972,367916774672,0,0
5973,367922399417,1,0
5974,367927492008,0,0
5975,367933097664,0,0
5976,367938399110,0,0
5977,367943888964,1,0
5978,367948992812,1,0
5979,367954121198,1,0
5980,367959235739,0,0
5981,367964801031,1,0
5982,367969942611,1,0
5983,367975093964,0,0
5984,367980731749,1,0
5985,367985892001,0,0
5986,367991477978,0,0
5987,367997020920,0,0
5988,368002621029,1,0
5989,368007768318,1,0
5990,368012882697,1,0
5991,368017999192,0,0
5992,368023538989,1,0
5993,368028693854,1,0
5994,368033810975,0,0
5995,368039315264,1,0
5996,368044448567,0,0
5997,368049950022,0,0
5998,368055527502,0,0
5999,368061093010,0,0
6000,368066650690,0,0
6001,368072216861,0,0
6002,368077630258,1,0
6003,368082791397,0,0
6004,368088281100,1,0
6005,368093452284,1,0
6006,368098593959,1,0
6007,368103742474,0,0
6008,368109389516,0,0
6009,368114791548,1,0
6010,368119997694,0,0
6011,368125519481,1,0
6012,368130736338,0,0
6013,368136345014,1,0
6014,368141489664,1,0
6015,368146644770,0,0
6016,368151987788,0,0
6017,368157547115,0,0
6018,368163085679,0,0
6019,368168673189,1,0
6020,368173831077,1,0
6021,368178957396,1,0
6022,368184015946,0,0
6023,368189786888,0,0
6024,368195603310,1,0
6025,368200872392,0,0
6026,368206544746,0,0
6027,368212495303,0,0
6028,368218302401,0,0
6029,368223864916,1,0
6030,368228988234,1,0
6031,368234131599,0,0
6032,368239707511,0,0
6033,368245219963,1,0
6034,368250285956,0,0
6035,368255785327,0,0
6036,368261266152,0,0
6037,368266841915,1,0
6038,368271985975,1,0
6039,368277136256,1,0
6040,368282375429,0,0
6041,368287918936,0,0
6042,368293546390,1,0
6043,368298696504,0,0
6044,368304245983,0,0
6045,368309817259,1,0
6046,368314972556,1,0
6047,368320095310,0,0
6048,368325740587,0,0
6049,368331203450,0,0
6050,368336794309,0,0
6051,368342278193,0,0
6052,368347810865,1,0
6053,368352958586,1,0
6054,368358100572,1,0
6055,368363229657,0,0
6056,368368553090,1,0
6057,368373709696,0,0
6058,368379294542,1,0
6059,368384403809,1,0
6060,368389520432,0,0
6061,368395139224,1,0
6062,368400227302,0,0
6063,368405571927,1,0
6064,368410708565,1,0
6065,368415814769,0,0
6066,368421457485,1,0
6067,368426641676,0,0
6068,368432385548,1,0
6069,368437506670,0,0
6070,368442970203,1,0
6071,368448019920,1,0
6072,368453159556,0,0
6073,368458613011,0,0
6074,368464153008,0,0
6075,368469703617,0,0
6076,368475247709,0,0
6077,368480943203,1,0
6078,368486095464,0,0
6079,368491894054,1,0
6080,368497178679,0,0
6081,368502753405,1,0
6082,368507888756,0,0
6083,368513431597,1,0
6084,368518664514,0,0
6085,368524297930,1,0
6086,368529592554,0,0
6087,368535133687,0,0
6088,368540759896,1,0
6089,368545905285,0,0
6090,368551392778,0,0
6091,368556843625,0,0
6092,368562645676,1,0
6093,368567871861,0,0
6094,368573468791,0,0
6095,368579224020,1,0
6096,368584436162,0,0
6097,368590042322,0,0
6098,368595603212,1,0
6099,368600787689,1,0
6100,368606184910,0,0
6101,368611980823,1,0
6102,368617122609,1,0
6103,368622334159,1,0
6104,368627582396,1,0
6105,368632800684,1,0
6106,368637908770,1,0
6107,368643110928,1,0
6108,368648306134,0,0
6109,368654137739,0,0
6110,368659928104,1,0
6111,368665050283,0,0
6112,368670594751,1,0
6113,368675752863,1,0
6114,368680898629,1,0
6115,368686026096,0,0
6116,368691615894,1,0
6117,368696623777,0,0
6118,368702420575,0,0
6119,368708193221,1,0
6120,368713313857,1,0
6121,368718590505,1,0
6122,368723758869,0,0
6123,368729573917,0,0
6124,368735493717,1,0
6125,368740810622,0,0
6126,368746331950,0,0
6127,368751988700,1,0
6128,368757092926,0,0
6129,368762878807,0,0
6130,368768502505,0,0
6131,368774402760,1,0
6132,368779521596,1,0
6133,368784901506,1,0
6134,368789937145,1,0
6135,368795051027,0,0
6136,368800709800,1,0
6137,368805969112,0,0
6138,368811471008,0,0
6139,368816934676,0,0
6140,368822583569,1,0
6141,368827804756,0,0
6142,368833358625,1,0
6143,368838563988,0,0
6144,368843887926,1,0
6145,368849164220,1,0
6146,368854263153,1,0
6147,368859529862,1,0
6148,368864863573,0,0
6149,368870454828,1,0
6150,368875856687,0,0
6151,368881356079,0,0
6152,368886718075,1,0
6153,368892064092,0,0
6154,368897607281,1,0
6155,368902982448,1,0
6156,368908227394,1,0
6157,368913531165,0,0
6158,368919552696,0,0
6159,368925154382,1,0
6160,368930394179,1,0
6161,368935654891,0,0
6162,368941386126,1,0
6163,368946688149,1,0
6164,368951830208,1,0
6165,368957035797,0,0
6166,368962917635,1,0
6167,368968036296,0,0
6168,368973770242,0,0
6169,368979387859,0,0
6170,368985031528,1,0
6171,368990128447,0,0
6172,368995791013,0,0
6173,369001360738,1,0
6174,369006504300,1,0
6175,369011814374,0,0
6176,369017418073,0,0
6177,369022989576,0,0
6178,369028698428,0,0
6179,369034440228,1,0
6180,369039870692,1,0
6181,369045034267,0,0
6182,369050575810,0,0
6183,369056249165,1,0
6184,369061451528,1,0
6185,369066704346,1,0
6186,369071836819,1,0
6187,369076994833,1,0
6188,369082155423,0,0
6189,369087719137,0,0
6190,369093509706,0,0
6191,369099515662,1,0
6192,369104897825,0,0
6193,369110823198,0,0
6194,369116474935,1,0
6195,369121896941,0,0
6196,369128157274,1,0
6197,369133182893,1,0
6198,369138452990,1,0
6199,369143675779,0,0
6200,369149474488,0,0
6201,369155247758,0,0
6202,369161022585,0,0
6203,369166769500,0,0
6204,369172499833,0,0
6205,369178437521,1,0
6206,369183689967,1,0
6207,369189129716,1,0
6208,369194369851,1,0
6209,369199565999,0,0
6210,369205134433,0,0
6211,369210807368,1,0
6212,369215933650,1,0
6213,369221062190,1,0
6214,369226475503,0,0
6215,369232327767,0,0
6216,369238381080,0,0
6217,369244198801,1,0
6218,369249464432,1,0
6219,369254762631,1,0
6220,369259857221,0,0
6221,369265478570,0,0
6222,369271038006,1,0
6223,369276233945,1,0
6224,369281488161,0,0
6225,369287209558,1,0
6226,369292478021,1,0
6227,369297792524,1,0
6228,369302939163,1,0
6229,369308028260,1,0
6230,369313167217,0,0
6231,369318896883,1,0
6232,369324045021,0,0
6233,369329812425,1,0
6234,369335230228,1,0
6235,369340729037,1,0
6236,369345945944,0,0
6237,369351509048,1,0
6238,369356808694,1,0
6239,369361959590,0,0
6240,369367458780,0,0
6241,369373590251,1,0
6242,369378864116,1,0
6243,369384035589,1,0
6244,369389485465,0,0
6245,369395422972,0,0
6246,369401148303,1,0
6247,369406491124,1,0
6248,369411808206,1,0
6249,369417569010,1,0
6250,369422785725,0,0
6251,369428509347,1,0
6252,369433791335,0,0
6253,369439573810,1,0
6254,369445163886,0,0
6255,369451050184,1,0
6256,369456273405,1,0
6257,369461504268,1,0
6258,369466703636,0,0
6259,369472272368,1,0
6260,369477602361,1,0
6261,369482916099,0,0
6262,369488622754,0,0
6263,369494435418,1,0
6264,369499733193,0,0
6265,369505476755,1,0
6266,369510813222,1,0
6267,369516033477,0,0
6268,369521803641,1,0
6269,369527019809,0,0
6270,369532847665,1,0
6271,369538098878,1,0
6272,369543399162,0,0
6273,369549161538,1,0
6274,369554392026,0,0
6275,369559985470,0,0
6276,369565508328,1,0
6277,369570788739,0,0
6278,369576604090,0,0
6279,369582302291,0,0
6280,369587918016,1,0
6281,369593136888,1,0
6282,369598327728,1,0
6283,369603627971,1,0
6284,369608897956,1,0
6285,369614107991,1,0
6286,369619286675,1,0
6287,369624625395,0,0
6288,369630284346,1,0
6289,369635568523,1,0
6290,369640935991,0,0
6291,369646587109,0,0
6292,369652145188,0,0
6293,369657607888,1,0
6294,369663034392,1,0
6295,369668197014,0,0
6296,369673812770,1,0
6297,369679209317,1,0
6298,369684481683,0,0
6299,369690110434,1,0
6300,369695301369,1,0
6301,369700630223,0,0
6302,369706429559,1,0
6303,369711804622,1,0
6304,369716986482,1,0
6305,369722152960,1,0
6306,369727388311,0,0
6307,369733163596,1,0
6308,369738298549,0,0
6309,369743918419,1,0
6310,369749094008,0,0
6311,369754784005,0,0
6312,369760422442,0,0
6313,369766116783,1,0
6314,369771269242,0,0
6315,369777047327,1,0
6316,369782284632,1,0
6317,369787846533,0,0
6318,369793334896,1,0
6319,369798607235,0,0
6320,369804288143,0,0
6321,369809919121,0,0
6322,369815473228,1,0
6323,369820755227,1,0
6324,369825825291,0,0
6325,369831553318,0,0
6326,369837235407,0,0
6327,369842942867,0,0
6328,369848467113,0,0
6329,369854164122,0,0
6330,369859646755,1,0
6331,369864814109,1,0
6332,369869976301,0,0
6333,369875496746,1,0
6334,369880817256,1,0
6335,369885957822,0,0
6336,369891497015,1,0
6337,369896798647,0,0
6338,369902371793,0,0
6339,369908192672,1,0
6340,369913464252,0,0
6341,369919239304,0,0
6342,369924901885,1,0
6343,369930215550,0,0
6344,369935943258,1,0
6345,369941038116,1,0
6346,369946219574,1,0
6347,369951513679,0,0
6348,369957112430,1,0
6349,369962254844,0,0
6350,369967933396,0,0
6351,369973513291,0,0
6352,369979538576,0,0
6353,369985220305,1,0
6354,369990396881,0,0
6355,369996067553,0,0
6356,370001711463,1,0
6357,370006867180,0,0
6358,370012471733,0,0
6359,370017870030,1,0
6360,370023025739,1,0
6361,370028214268,0,0
6362,370033766855,1,0
6363,370038852583,1,0
6364,370044025566,0,0
6365,370049715929,0,0
6366,370055518695,0,0
6367,370061023900,1,0
6368,370066520457,1,0
6369,370071828279,0,0
6370,370077555866,0,0
6371,370083225525,1,0
6372,370088523507,0,0
6373,370094118915,1,0
6374,370099282664,0,0
6375,370104947922,1,0
6376,370110060895,0,0
6377,370115903354,1,0
6378,370120986256,0,0
6379,370126694937,0,0
6380,370132422619,0,0
6381,370138093801,0,0
6382,370143876627,1,0
6383,370148902555,0,0
6384,370154514664,0,0
6385,370160206920,0,0
6386,370165743690,0,0
6387,370171303210,1,0
6388,370176572942,0,0
6389,370182151305,1,0
6390,370187397320,1,0
6391,370192809786,0,0
6392,370198358625,1,0
6393,370203690152,0,0
6394,370209452374,0,0
6395,370215472979,0,0
6396,370221576663,0,0
6397,370227507879,0,0
6398,370233615242,1,0
6399,370238773013,1,0
6400,370244042667,0,0
6401,370249689843,1,0
6402,370254924511,1,0
6403,370260137848,0,0
6404,370265908362,0,0
6405,370271633283,1,0
6406,370276965719,1,0
6407,370282130230,1,0
6408,370287531558,1,0
6409,370292824386,1,0
6410,370297953356,1,0
6411,370303029974,0,0
6412,370308747912,0,0
6413,370314384252,1,0
6414,370319658968,1,0
6415,370324843988,1,0
6416,370329977120,1,0
6417,370335099205,0,0
6418,370340946259,0,0
6419,370346679887,1,0
6420,370352027601,0,0
6421,370357730979,0,0
6422,370363563431,1,0
6423,370368915854,0,0
6424,370374628677,0,0
6425,370380316883,0,0
6426,370385878786,1,0
6427,370391093181,1,0
6428,370396441174,0,0
6429,370402192684,1,0
6430,370407601356,1,0
6431,370412922119,0,0
6432,370418547325,0,0
6433,370424295239,1,0
6434,370429475853,0,0
6435,370435356811,1,0
6436,370440616989,0,0
6437,370446293705,1,0
6438,370451736603,1,0
6439,370456942269,1,0
6440,370462111312,0,0
6441,370467941405,1,0
6442,370473240909,1,0
6443,370478501056,1,0
6444,370483899784,1,0
6445,370488952692,0,0
6446,370494613864,0,0
6447,370500386029,1,0
6448,370505749013,1,0
6449,370510963984,1,0
6450,370516079729,1,0
6451,370521262673,1,0
6452,370526598599,1,0
6453,370531736327,1,0
6454,370536883110,0,0
6455,370542521626,1,0
6456,370547914261,0,0
6457,370553402033,0,0
6458,370559035944,0,0
6459,370564617146,1,0
6460,370569831757,0,0
6461,370575488288,0,0
6462,370581279967,0,0
6463,370586908841,0,0
6464,370592312545,1,0
6465,370597509571,1,0
6466,370602745640,0,0
6467,370608490261,0,0
6468,370614158126,0,0
6469,370619863313,0,0
6470,370625601015,0,0
6471,370631560424,1,0
6472,370636776529,0,0
6473,370642306774,1,0
6474,370647480851,1,0
6475,370652804045,1,0
6476,370658129507,0,0
6477,370663925518,0,0
6478,370669585355,0,0
6479,370675249533,0,0
6480,370680829065,1,0
6481,370686105686,0,0
6482,370691510244,1,0
6483,370696655926,1,0
6484,370701816246,0,0
6485,370707506612,1,0
6486,370712754363,1,0
6487,370718089747,0,0
6488,370723782842,1,0
6489,370729056261,0,0
6490,370735302128,0,0
6491,370741153959,1,0
6492,370746362868,0,0
6493,370752043003,1,0
6494,370757401020,0,0
6495,370763037704,0,0
6496,370768996105,0,0
6497,370774845682,1,0
6498,370780366845,1,0
6499,370785625052,1,0
6500,370790832610,1,0
6501,370796033224,0,0
6502,370801825240,1,0
6503,370807216703,0,0
6504,370812951477,0,0
6505,370818390419,0,0
6506,370824039780,1,0
6507,370829225366,0,0
6508,370834934989,1,0
6509,370839981081,0,0
6510,370845522643,0,0
6511,370851634379,1,0
6512,370856990704,1,0
6513,370862623969,0,0
6514,370868394748,1,0
6515,370873771709,1,0
6516,370878971266,0,0
6517,370884826998,1,0
6518,370890113039,0,0
6519,370895913037,1,0
6520,370901025312,1,0
6521,370906399026,0,0
6522,370912536764,1,0
6523,370917921778,1,0
6524,370923145935,0,0
6525,370929236296,1,0
6526,370934553339,0,0
6527,370940174498,1,0
6528,370945240051,1,0
6529,370950360337,1,0
6530,370955516603,0,0
6531,370961114264,0,0
6532,370966698429,1,0
6533,370971843123,1,0
6534,370976988543,0,0
6535,370982610453,1,0
6536,370987780518,1,0
6537,370992899058,1,0
6538,370998052310,1,0
6539,371003093340,1,0
6540,371008228440,0,0
6541,371013988561,1,0
6542,371019153918,0,0
6543,371024601431,0,0
6544,371030235341,1,0
6545,371035364737,0,0
6546,371040981902,0,0
6547,371046618128,1,0
6548,371051757016,1,0
6549,371056874655,1,0
6550,371061970864,1,0
6551,371067018249,1,0
6552,371072085839,1,0
6553,371077182519,0,0
6554,371082514245,0,0
6555,371088015156,0,0
6556,371093541599,1,0
6557,371098702160,0,0
6558,371104124367,1,0
6559,371109283415,1,0
6560,371114528983,0,0
6561,371120129621,0,0
6562,371125954640,1,0
6563,371131028899,0,0
6564,371136609506,0,0
6565,371142026779,1,0
6566,371147146306,1,0
6567,371152208864,1,0
6568,371157313514,0,0
6569,371162718348,1,0
6570,371167846627,0,0
6571,371173451003,1,0
6572,371178633376,0,0
6573,371184112387,0,0
6574,371189547654,0,0
6575,371195089449,1,0
6576,371200215954,0,0
6577,371205647300,1,0
6578,371210821575,1,0
6579,371215977207,1,0
6580,371221159798,1,0
6581,371226233832,0,0
6582,371231902062,0,0
6583,371237556020,0,0
6584,371243210794,1,0
6585,371248397289,0,0
6586,371254365207,0,0
6587,371259812328,1,0
6588,371264986449,1,0
6589,371270231147,1,0
6590,371275373423,0,0
6591,371280981712,0,0
6592,371286682555,0,0
6593,371292143953,1,0
6594,371297277076,0,0
6595,371302669751,0,0
6596,371308044515,1,0
6597,371313224001,1,0
6598,371318375931,1,0
6599,371323836572,0,0
6600,371329506278,0,0
6601,371335531815,0,0
6602,371341158805,0,0
6603,371347038738,1,0
6604,371352464521,0,0
6605,371358145767,1,0
6606,371363233349,0,0
6607,371368747081,1,0
6608,371373927413,1,0
6609,371379233221,1,0
6610,371384567276,1,0
6611,371389889293,0,0
6612,371395576208,0,0
6613,371401457629,1,0
6614,371406834015,1,0
6615,371412179373,0,0
6616,371417740963,0,0
6617,371423266559,1,0
6618,371428462787,0,0
6619,371433904552,0,0
6620,371439808215,1,0
6621,371445021678,1,0
6622,371450253784,0,0
6623,371455836444,1,0
6624,371461253584,1,0
6625,371466467628,0,0
6626,371472151526,1,0
6627,371477310269,1,0
6628,371482497526,1,0
6629,371487761170,1,0
6630,371493013271,0,0
6631,371498830848,1,0
6632,371504061215,1,0
6633,371509562717,1,0
6634,371514848804,1,0
6635,371520241632,0,0
6636,371525952073,0,0
6637,371531738349,1,0
6638,371536975880,0,0
6639,371542590799,1,0
6640,371547857652,0,0
6641,371553398765,0,0
6642,371558935938,1,0
6643,371564020227,0,0
6644,371569544368,1,0
6645,371574697911,0,0
6646,371580501777,0,0
6647,371586113886,1,0
6648,371591248094,0,0
6649,371596837642,1,0
6650,371601943278,0,0
6651,371607554211,1,0
6652,371612676120,0,0
6653,371618406961,0,0
6654,371623813526,1,0
6655,371628911966,1,0
6656,371634012867,0,0
6657,371639534361,0,0
6658,371645023635,0,0
6659,371650611599,1,0
6660,371655825920,1,0
6661,371660993231,1,0
6662,371666163841,1,0
6663,371671177440,0,0
6664,371676576401,0,0
6665,371681938916,1,0
6666,371687024624,0,0
6667,371692461013,1,0
6668,371697591371,1,0
6669,371702718356,1,0
6670,371707832723,0,0
6671,371713458745,0,0
6672,371719009816,0,0
6673,371724511953,0,0
6674,371730056167,1,0
6675,371735313932,1,0
6676,371740576946,1,0
6677,371745876088,1,0
6678,371751423782,1,0
6679,371756837803,0,0
6680,371762394428,0,0
6681,371768100272,0,0
6682,371773963783,0,0
6683,371780065573,0,0
6684,371785729905,0,0
6685,371791470854,1,0
6686,371796669353,1,0
6687,371801906979,1,0
6688,371807248808,1,0
6689,371812555135,0,0
6690,371818223642,1,0
6691,371823504405,1,0
6692,371828818432,0,0
6693,371834666536,0,0
6694,371840577853,0,0
6695,371846257749,0,0
6696,371852033227,0,0
6697,371857991217,0,0
6698,371863517882,1,0
6699,371868943027,1,0
6700,371874130542,1,0
6701,371879374266,1,0
6702,371884634941,0,0
6703,371890308048,1,0
6704,371895681788,0,0
6705,371901413714,1,0
6706,371906697937,1,0
6707,371911909603,0,0
6708,371917669307,1,0
6709,371922869114,0,0
6710,371928477360,0,0
6711,371934136931,0,0
6712,371939928486,0,0
6713,371945626821,1,0
6714,371951119113,1,0
6715,371956392194,1,0
6716,371961760175,0,0
6717,371967534608,0,0
6718,371973323692,0,0
6719,371979315124,1,0
6720,371985034967,1,0
6721,371990574549,0,0
6722,371996234310,1,0
6723,372001504499,0,0
6724,372007223708,0,0
6725,372012942584,0,0
6726,372018434130,1,0
6727,372023580151,0,0
6728,372029218068,0,0
6729,372034953226,0,0
6730,372040606912,1,0
6731,372045805175,0,0
6732,372051641605,1,0
6733,372056858041,0,0
6734,372062323985,0,0
6735,372067989184,0,0
6736,372073652076,1,0
6737,372078824856,0,0
6738,372084198314,1,0
6739,372089305624,0,0
6740,372094766913,0,0
6741,372100505953,1,0
6742,372105545122,1,0
6743,372110669329,1,0
6744,372115803287,1,0
6745,372121121545,1,0
6746,372126239752,1,0
6747,372131541703,0,0
6748,372136990401,1,0
6749,372142181435,0,0
6750,372147691455,0,0
6751,372153506687,0,0
6752,372159525977,0,0
6753,372165183445,0,0
6754,372170794385,1,0
6755,372176019243,1,0
6756,372181383398,0,0
6757,372186935436,1,0
6758,372192305820,1,0
6759,372197501957,0,0
6760,372203011728,0,0
6761,372208350942,0,0
6762,372213852819,1,0
6763,372219021855,0,0
6764,372224437125,0,0
6765,372229850895,1,0
6766,372235045051,0,0
6767,372240381558,0,0
6768,372245702404,0,0
6769,372251129411,1,0
6770,372256294570,1,0
6771,372261457825,1,0
6772,372266824602,1,0
6773,372272036398,1,0
6774,372277438421,1,0
6775,372282630342,0,0
6776,372288243543,0,0
6777,372293700585,1,0
6778,372299043259,1,0
6779,372304411912,0,0
6780,372309848541,0,0
6781,372315468560,0,0
6782,372320856705,0,0
6783,372326241253,0,0
6784,372331620022,0,0
6785,372337109469,0,0
6786,372342641622,0,0
6787,372347881697,1,0
6788,372353158998,0,0
6789,372358708032,0,0
6790,372364180420,1,0
6791,372369420052,1,0
6792,372374591272,0,0
6793,372380124407,1,0
6794,372385254842,0,0
6795,372390634407,0,0
6796,372396248182,0,0
6797,372401536919,1,0
6798,372406749154,0,0
6799,372412234104,0,0
6800,372417761064,1,0
6801,372423111628,0,0
6802,372428157679,1,0
6803,372433502319,1,0
6804,372438870403,1,0
6805,372444230816,0,0
6806,372449710642,0,0
6807,372455238960,1,0
6808,372460393402,0,0
6809,372465924065,0,0
6810,372471404821,1,0
6811,372476604488,1,0
6812,372481693189,0,0
6813,372487176115,1,0
6814,372492483472,0,0
6815,372498058389,1,0
6816,372503294770,1,0
6817,372508500222,0,0
6818,372514433251,1,0
6819,372519731051,1,0
6820,372524869026,1,0
6821,372530145356,0,0
6822,372535737569,0,0
6823,372541348875,1,0
6824,372546635465,1,0
6825,372552034776,1,0
6826,372557261513,1,0
6827,372562580699,1,0
6828,372567864552,1,0
6829,372573036162,1,0
6830,372578469533,0,0
6831,372584110503,1,0
6832,372589344105,0,0
6833,372595127626,1,0
6834,372600247600,0,0
6835,372605899644,1,0
6836,372610983906,1,0
6837,372616086777,1,0
6838,372621178785,0,0
6839,372626576275,0,0
6840,372632030641,0,0
6841,372637648169,0,0
6842,372643036870,1,0
6843,372648174357,1,0
6844,372653268981,0,0
6845,372658902061,0,0
6846,372664013026,0,0
6847,372669426940,1,0
6848,372674593718,1,0
6849,372679777582,1,0
6850,372684943337,0,0
6851,372690277108,0,0
6852,372695538330,1,0
6853,372700747182,1,0
6854,372706045433,1,0
6855,372711296652,0,0
6856,372717558979,0,0
6857,372723224245,0,0
6858,372728707505,0,0
6859,372734549923,1,0
6860,372739784575,0,0
6861,372745414091,0,0
6862,372750926869,1,0
6863,372756168292,0,0
6864,372761778656,0,0
6865,372767538933,0,0
6866,372773408109,1,0
6867,372778579087,0,0
6868,372784488999,0,0
6869,372790048044,0,0
6870,372795313901,1,0
6871,372800467250,1,0
6872,372805806574,1,0
6873,372810992064,0,0
6874,372816484172,1,0
6875,372821645472,1,0
6876,372826783868,1,0
6877,372831895805,1,0
6878,372837014843,0,0
6879,372842642075,0,0
6880,372848191080,1,0
6881,372853314704,0,0
6882,372858829319,1,0
6883,372863988681,0,0
6884,372869919797,1,0
6885,372875039442,1,0
6886,372880232084,1,0
6887,372885498016,0,0
6888,372891130250,1,0
6889,372896279400,0,0
6890,372902085055,1,0
6891,372907022202,1,0
6892,372912119913,1,0
6893,372917229464,0,0
6894,372922963084,0,0
6895,372928630427,0,0
6896,372934126833,0,0
6897,372939693375,1,0
6898,372945026832,0,0
6899,372950739354,0,0
6900,372956425110,1,0
6901,372961886598,1,0
6902,372966937800,1,0
6903,372972093432,1,0
6904,372977210431,0,0
6905,372982978082,1,0
6906,372988110246,1,0
6907,372993556862,0,0
6908,372999430711,0,0
6909,373005312310,0,0
6910,373011034265,1,0
6911,373016361703,0,0
6912,373021760004,1,0
6913,373027125957,1,0
6914,373032260349,1,0
6915,373037408055,0,0
6916,373043129581,0,0
6917,373048823417,0,0
6918,373054766648,0,0
6919,373060842771,1,0
6920,373066624069,0,0
6921,373072397052,1,0
6922,373077839759,1,0
6923,373082982925,1,0
6924,373088116823,1,0
6925,373093318204,0,0
6926,373098956221,1,0
6927,373104032715,1,0
6928,373109203849,0,0
6929,373114959428,0,0
6930,373120507796,1,0
6931,373125788799,1,0
6932,373130907545,0,0
6933,373136550470,0,0
6934,373142370983,1,0
6935,373147579126,0,0
6936,373153330519,0,0
6937,373159140937,0,0
6938,373164945051,1,0
6939,373170106507,1,0
6940,373175375356,0,0
6941,373181055514,1,0
6942,373186196040,1,0
6943,373191398219,0,0
6944,373197220053,1,0
6945,373202508911,1,0
6946,373207790540,0,0
6947,373213421260,0,0
6948,373219116252,0,0
6949,373224873107,1,0
6950,373230026015,1,0
6951,373235202645,1,0
6952,373240452018,1,0
6953,373245868486,0,0
6954,373251636960,1,0
6955,373256787504,0,0
6956,373262338911,0,0
6957,373267928434,0,0
6958,373273488034,1,0
6959,373278659408,1,0
6960,373283807427,1,0
6961,373288965004,1,0
6962,373294289787,1,0
6963,373299446968,1,0
6964,373304598764,1,0
6965,373309843652,1,0
6966,373314988800,1,0
6967,373320163218,1,0
6968,373325262934,1,0
6969,373330391547,0,0
6970,373335909858,0,0
6971,373341676183,0,0
6972,373347313240,1,0
6973,373352535874,0,0
6974,373358257447,0,0
6975,373364103568,0,0
6976,373369881804,1,0
6977,373375048877,1,0
6978,373380238948,1,0
6979,373385387394,0,0
6980,373391126245,1,0
6981,373396484958,0,0
6982,373402246114,0,0
6983,373407983542,1,0
6984,373413107201,0,0
6985,373418957536,0,0
6986,373424612414,0,0
6987,373430564226,0,0
6988,373436078740,1,0
6989,373441217000,1,0
6990,373446326172,1,0
6991,373451454192,0,0
6992,373457022284,1,0
6993,373462208203,1,0
6994,373467348660,0,0
6995,373472856346,0,0
6996,373478401833,1,0
6997,373483498052,0,0
6998,373488969806,0,0
6999,373494717503,0,0
7000,373500515846,0,0
7001,373505960423,0,0
7002,373511517262,0,0
7003,373517023192,1,0
7004,373522204532,0,0
7005,373527744175,1,0
7006,373532866786,0,0
7007,373538469439,0,0
7008,373543873399,0,0
7009,373549517094,1,0
7010,373554758264,0,0
7011,373560488728,0,0
7012,373566296353,1,0
7013,373571436303,0,0
7014,373576926595,1,0
7015,373582008497,0,0
7016,373587784433,1,0
7017,373592994191,0,0
7018,373598882883,0,0
7019,373604610912,0,0
7020,373609975989,1,0
7021,373615281062,0,0
7022,373621037412,0,0
7023,373626777239,1,0
7024,373632037087,0,0
7025,373637590843,0,0
7026,373643049072,0,0
7027,373648660105,1,0
7028,373653893403,0,0
7029,373659519828,0,0
7030,373665342649,0,0
7031,373671063552,1,0
7032,373676164380,1,0
7033,373681257839,1,0
7034,373686685030,0,0
7035,373692490382,0,0
7036,373698078884,0,0
7037,373703962917,1,0
7038,373709124771,0,0
7039,373714882410,0,0
7040,373720732964,0,0
7041,373726319026,0,0
7042,373731980945,1,0
7043,373737387018,0,0
7044,373743180527,0,0
7045,373749039182,0,0
7046,373755040363,0,0
7047,373760966039,0,0
7048,373766654798,1,0
7049,373771931006,1,0
7050,373777136886,0,0
7051,373782624116,1,0
7052,373787964616,0,0
7053,373793542011,1,0
7054,373798864562,1,0
7055,373804180534,0,0
7056,373809579760,0,0
7057,373815232455,0,0
7058,373821132594,0,0
7059,373826527316,1,0
7060,373831753567,1,0
7061,373836874082,0,0
7062,373842473176,1,0
7063,373847821753,0,0
7064,373853586831,0,0
7065,373859224054,0,0
7066,373864952160,1,0
7067,373870147195,0,0
7068,373875748268,0,0
7069,373881384283,0,0
7070,373887067979,1,0
7071,373892231625,0,0
7072,373897993651,0,0
7073,373903548032,0,0
7074,373909439029,1,0
7075,373914743356,1,0
7076,373919941353,0,0
7077,373925676113,1,0
7078,373930880910,1,0
7079,373936108003,0,0
7080,373941837675,0,0
7081,373947390369,0,0
7082,373953142532,0,0
7083,373959040759,1,0
7084,373964072820,0,0
7085,373969689434,0,0
7086,373975415533,0,0
7087,373981048344,0,0
7088,373986945265,0,0
7089,373992306305,0,0
7090,373998325093,0,0
7091,374003771296,1,0
7092,374009026126,1,0
7093,374014200438,1,0
7094,374019615863,1,0
7095,374024829154,1,0
7096,374029957575,1,0
7097,374035114295,1,0
7098,374040312995,1,0
7099,374045540910,1,0
7100,374050964216,0,0
7101,374056553279,1,0
7102,374061839968,0,0
7103,374067377456,1,0
7104,374072612274,0,0
7105,374078508276,1,0
7106,374083804468,1,0
7107,374088911652,0,0
7108,374094540950,1,0
7109,374099892074,1,0
7110,374104983845,1,0
7111,374110219532,1,0
7112,374115495619,1,0
7113,374120859606,0,0
7114,374126679698,1,0
7115,374131892711,1,0
7116,374137033476,0,0
7117,374142607480,0,0
7118,374148311148,0,0
7119,374154056258,1,0
7120,374159186497,0,0
7121,374164982595,0,0
7122,374170552875,0,0
7123,374176237248,1,0
7124,374181470977,1,0
7125,374186766874,1,0
7126,374192085103,1,0
7127,374196969717,1,0
7128,374202121153,1,0
7129,374207630608,1,0
7130,374212945019,0,0
7131,374218597080,0,0
7132,374224271031,1,0
7133,374229550383,1,0
7134,374234869190,0,0
7135,374240417951,1,0
7136,374245637280,0,0
7137,374251413297,0,0
7138,374257042236,0,0
7139,374262681586,1,0
7140,374267847790,0,0
7141,374273660537,1,0
7142,374279029869,1,0
7143,374284021914,1,0
7144,374289153053,1,0
7145,374294283945,1,0
7146,374299617740,1,0
7147,374304998087,0,0
7148,374310530529,1,0
7149,374316045456,0,0
7150,374321420786,0,0
7151,374327062132,0,0
7152,374332622736,0,0
7153,374338371596,1,0
7154,374343739186,1,0
7155,374349051592,0,0
7156,374354721105,0,0
7157,374360588866,0,0
7158,374366544623,0,0
7159,374372297369,1,0
7160,374377546821,0,0
7161,374383417773,1,0
7162,374388694582,0,0
7163,374394315725,0,0
7164,374399986936,1,0
7165,374405028755,1,0
7166,374410169305,0,0
7167,374415640299,1,0
7168,374421050068,1,0
7169,374426256873,1,0
7170,374431596576,1,0
7171,374436960743,1,0
7172,374442022258,0,0
7173,374447422594,1,0
7174,374452839231,0,0
7175,374458429086,1,0
7176,374463696177,0,0
7177,374469385506,1,0
7178,374474672964,0,0
7179,374480145586,1,0
7180,374485262351,1,0
7181,374490416716,1,0
7182,374495537106,1,0
7183,374500671572,0,0
7184,374506220807,1,0
7185,374511464181,0,0
7186,374516971267,1,0
7187,374522113996,1,0
7188,374527265585,0,0
7189,374532718835,0,0
7190,374538207617,1,0
7191,374543414733,1,0
7192,374548541587,1,0
7193,374553700294,1,0
7194,374558848004,0,0
7195,374564211680,1,0
7196,374569314530,0,0
7197,374574808088,1,0
7198,374580026470,0,0
7199,374585829736,0,0
7200,374591364199,1,0
7201,374596649271,1,0
7202,374601803182,0,0
7203,374607538067,1,0
7204,374612915372,0,0
7205,374618682396,1,0
7206,374623864278,0,0
7207,374629568847,1,0
7208,374634715595,1,0
7209,374639891929,1,0
7210,374645025662,0,0
7211,374650564652,1,0
7212,374655742292,1,0
7213,374661038365,0,0
7214,374666631909,0,0
7215,374672423586,1,0
7216,374677544314,1,0
7217,374682815169,0,0
7218,374688534372,0,0
7219,374694235091,0,0
7220,374699973089,1,0
7221,374705117804,0,0
7222,374710544976,1,0
7223,374715714922,1,0
7224,374720876670,1,0
7225,374725991735,0,0
7226,374731620125,0,0
7227,374737341329,1,0
7228,374742816512,1,0
7229,374747968854,0,0
7230,374753723295,0,0
7231,374759229024,0,0
7232,374764793782,1,0
7233,374770118718,0,0
7234,374775743306,0,0
7235,374781339766,0,0
7236,374787126872,0,0
7237,374792759100,0,0
7238,374798471928,1,0
7239,374803947230,0,0
7240,374809388966,1,0
7241,374814717026,0,0
7242,374820329845,1,0
7243,374825615925,1,0
7244,374830954234,0,0
7245,374836712202,0,0
7246,374842386317,1,0
7247,374847669073,0,0
7248,374853415254,1,0
7249,374858546669,0,0
7250,374864351852,0,0
7251,374869862147,1,0
7252,374875022661,1,0
7253,374880175752,0,0
7254,374885741861,0,0
7255,374891118877,0,0
7256,374896719331,1,0
7257,374901839334,0,0
7258,374907453047,1,0
7259,374912607724,0,0
7260,374918026034,0,0
7261,374923519639,0,0
7262,374929037522,0,0
7263,374934619059,0,0
7264,374940405692,0,0
7265,374946094564,1,0
7266,374951418071,1,0
7267,374956697343,0,0
7268,374962416262,1,0
7269,374967643627,0,0
7270,374973360230,1,0
7271,374978639598,0,0
7272,374984216742,1,0
7273,374989476976,0,0
7274,374995092548,1,0
7275,375000340060,0,0
7276,375006254179,0,0
7277,375011748424,0,0
7278,375017257521,0,0
7279,375022883108,0,0
7280,375028547378,1,0
7281,375033693596,1,0
7282,375038816147,0,0
7283,375044494805,1,0
7284,375049642453,0,0
7285,375055108451,0,0
7286,375060609939,1,0
7287,375065752809,1,0
7288,375070868919,1,0
7289,375076201440,1,0
7290,375081374594,1,0
7291,375086477263,0,0
7292,375092204906,1,0
7293,375097462931,0,0
7294,375103112112,0,0
7295,375108766273,1,0
7296,375114306372,0,0
7297,375120125198,1,0
7298,375125517666,1,0
7299,375131159321,0,0
7300,375137161252,0,0
7301,375142924065,0,0
7302,375148605344,1,0
7303,375153909823,0,0
7304,375159967113,1,0
7305,375165200541,0,0
7306,375171042589,0,0
7307,375176670179,1,0
7308,375182148214,1,0
7309,375187413003,0,0
7310,375193164795,0,0
7311,375198819887,1,0
7312,375203954829,0,0
7313,375209453619,1,0
7314,375214747729,1,0
7315,375220117305,0,0
7316,375225800161,1,0
7317,375231143686,1,0
7318,375236151179,0,0
7319,375241994890,0,0
7320,375247539638,0,0
7321,375253280346,1,0
7322,375258569703,1,0
7323,375263886117,1,0
7324,375269035371,0,0
7325,375274678983,0,0
7326,375280228647,0,0
7327,375285934618,0,0
7328,375291499883,1,0
7329,375296767338,1,0
7330,375302028014,1,0
7331,375307259572,1,0
7332,375312529084,0,0
7333,375318098883,0,0
7334,375323953554,1,0
7335,375329035536,0,0
7336,375334887659,1,0
7337,375339946875,0,0
7338,375345520580,1,0
7339,375350779588,0,0
7340,375356355175,1,0
7341,375361549433,0,0
7342,375367261100,1,0
7343,375372520686,1,0
7344,375377820155,0,0
7345,375383491325,0,0
7346,375389363628,1,0
7347,375394613806,0,0
7348,375400513955,0,0
7349,375406503610,1,0
7350,375411632830,0,0
7351,375417385677,0,0
7352,375423193064,1,0
7353,375428584699,0,0
7354,375434413576,1,0
7355,375439908315,0,0
7356,375445661246,0,0
7357,375451570962,0,0
7358,375457382642,0,0
7359,375462907026,1,0
7360,375468143759,1,0
7361,375473306607,0,0
7362,375479060091,1,0
7363,375484213168,0,0
7364,375489904205,1,0
7365,375495174683,0,0
7366,375500908373,0,0
7367,375506668108,1,0
7368,375512044905,0,0
7369,375517903755,1,0
7370,375523465091,0,0
7371,375529129457,1,0
7372,375534645639,0,0
7373,375540472681,1,0
7374,375545704394,1,0
7375,375551013167,1,0
7376,375556196355,0,0
7377,375561986631,0,0
7378,375567636717,1,0
7379,375572771671,0,0
7380,375578421949,1,0
7381,375583697187,1,0
7382,375588882298,0,0
7383,375594340511,0,0
7384,375599901419,1,0
7385,375605014315,0,0
7386,375610696878,1,0
7387,375616043474,1,0
7388,375621554562,1,0
7389,375626930228,1,0
7390,375632241496,1,0
7391,375637566678,0,0
7392,375643171158,1,0
7393,375648470645,1,0
7394,375653646005,1,0
7395,375658862190,0,0
7396,375664524791,0,0
7397,375670473947,1,0
7398,375675663125,1,0
7399,375680829051,1,0
7400,375685970766,0,0
7401,375691657874,1,0
7402,375696906089,1,0
7403,375702041854,1,0
7404,375707288828,1,0
7405,375712583915,1,0
7406,375717904659,1,0
7407,375723118383,1,0
7408,375728287687,0,0
7409,375733872160,1,0
7410,375739142609,0,0
7411,375744812261,0,0
7412,375750263775,0,0
7413,375755716552,0,0
7414,375761221596,1,0
7415,375766556596,0,0
7416,375772472118,1,0
7417,375777815751,1,0
7418,375782941560,1,0
7419,375788110779,1,0
7420,375793235615,0,0
7421,375798885014,0,0
7422,375804663273,1,0
7423,375810218987,0,0
7424,375815631414,0,0
7425,375821327837,0,0
7426,375826941252,0,0
7427,375832562054,0,0
7428,375838489130,1,0
7429,375843914193,0,0
7430,375849622431,0,0
7431,375855331079,1,0
7432,375860706032,1,0
7433,375865968325,0,0
7434,375871691128,1,0
7435,375876915894,0,0
7436,375882501019,0,0
7437,375888267948,0,0
7438,375893808288,1,0
7439,375899062617,1,0
7440,375904235520,0,0
7441,375910199364,1,0
7442,375915311577,1,0
7443,375920412131,1,0
7444,375925537065,1,0
7445,375930909652,1,0
7446,375935870930,0,0
7447,375941505189,0,0
7448,375947210803,1,0
7449,375952457445,1,0
7450,375957605619,0,0
7451,375963164221,1,0
7452,375968243582,0,0
7453,375973995288,0,0
7454,375979509442,0,0
7455,375984914075,1,0
7456,375990019083,1,0
7457,375995163651,1,0
7458,376000472526,1,0
7459,376005793967,1,0
7460,376011066549,0,0
7461,376016519933,0,0
7462,376022096446,0,0
7463,376027478546,1,0
7464,376032644716,0,0
7465,376037989174,0,0
7466,376043495076,0,0
7467,376049021492,1,0
7468,376054121606,1,0
7469,376059233627,1,0
7470,376064372734,0,0
7471,376069831290,1,0
7472,376074963025,1,0
7473,376080117990,1,0
7474,376085204086,0,0
7475,376090617015,1,0
7476,376095756764,0,0
7477,376101455810,1,0
7478,376106581198,0,0
7479,376112244623,0,0
7480,376117781734,0,0
7481,376123354841,1,0
7482,376128696575,0,0
7483,376135195991,1,0
7484,376140442413,0,0
7485,376146146904,0,0
7486,376151789306,1,0
7487,376156920786,0,0
7488,376162466419,1,0
7489,376167628783,1,0
7490,376172723107,0,0
7491,376178203602,0,0
7492,376183813938,1,0
7493,376188974719,0,0
7494,376194571233,1,0
7495,376199763110,0,0
7496,376205497901,1,0
7497,376210670180,1,0
7498,376216010032,0,0
7499,376221705362,0,0
7500,376227360231,1,0
7501,376232543374,0,0
7502,376238104748,1,0
7503,376243231266,1,0
7504,376248367270,1,0
7505,376253458348,1,0
7506,376258594770,0,0
7507,376264127437,1,0
7508,376269297774,0,0
7509,376274900597,1,0
7510,376280018152,0,0
7511,376285391448,1,0
7512,376290483333,0,0
7513,376296014491,1,0
7514,376301231958,0,0
7515,376306634812,1,0
7516,376311814715,0,0
7517,376317512332,0,0
7518,376323156577,0,0
7519,376329026192,0,0
7520,376334636938,1,0
7521,376339917243,0,0
7522,376345419714,1,0
7523,376350816412,0,0
7524,376356492676,0,0
7525,376362103940,0,0
7526,376367606841,0,0
7527,376373108829,1,0
7528,376378204422,1,0
7529,376383293579,1,0
7530,376388478082,0,0
7531,376393939648,0,0
7532,376399517081,0,0
7533,376405137957,0,0
7534,376410596428,1,0
7535,376415933358,0,0
7536,376421699762,1,0
7537,376427071802,1,0
7538,376432230747,1,0
7539,376437537794,0,0
7540,376443485781,0,0
7541,376449011277,1,0
7542,376454182363,0,0
7543,376459733830,1,0
7544,376464893652,1,0
7545,376470016772,1,0
7546,376475421004,0,0
7547,376481097295,0,0
7548,376486510658,1,0
7549,376491661134,1,0
7550,376496799377,1,0
7551,376501924560,0,0
7552,376507554697,0,0
7553,376513093408,0,0
7554,376518605107,0,0
7555,376524112661,0,0
7556,376529449355,1,0
7557,376534578789,0,0
7558,376540109069,0,0
7559,376545822866,0,0
7560,376551444115,0,0
7561,376557053623,1,0
7562,376562272061,1,0
7563,376567548127,0,0
7564,376573168864,1,0
7565,376578361229,1,0
7566,376583511961,1,0
7567,376588696736,1,0
7568,376593903444,1,0
7569,376599025106,0,0
7570,376604697432,0,0
7571,376610418797,1,0
7572,376615787422,0,0
7573,376621602665,0,0
7574,376627352002,0,0
7575,376633121841,0,0
7576,376638890363,0,0
7577,376644734541,0,0
7578,376650608042,1,0
7579,376655811390,0,0
7580,376661219579,1,0
7581,376666522658,1,0
7582,376671890672,1,0
7583,376677151677,0,0
7584,376682816020,1,0
7585,376688128175,1,0
7586,376693408169,1,0
7587,376698996084,0,0
7588,376704707482,1,0
7589,376709919354,0,0
7590,376715764822,1,0
7591,376720904886,0,0
7592,376726588289,0,0
7593,376732315176,1,0
7594,376737669370,1,0
7595,376743068578,0,0
7596,376749028009,0,0
7597,376754316442,0,0
7598,376760032211,0,0
7599,376765613571,0,0
7600,376771561660,1,0
7601,376776928393,0,0
7602,376782791973,0,0
7603,376788677689,1,0
7604,376793964615,0,0
7605,376799625625,0,0
7606,376805230075,0,0
7607,376810830515,1,0
7608,376816108788,0,0
7609,376821984647,0,0
7610,376827694255,1,0
7611,376832940211,0,0
7612,376838602823,0,0
7613,376844276566,1,0
7614,376849577476,1,0
7615,376855047039,0,0
7616,376860651162,1,0
7617,376865827003,1,0
7618,376871020972,1,0
7619,376876166547,1,0
7620,376881275138,1,0
7621,376886656656,0,0
7622,376892242809,1,0
7623,376897484498,0,0
7624,376903164659,0,0
7625,376908754621,0,0
7626,376914422270,0,0
7627,376920374529,0,0
7628,376926028388,0,0
7629,376931731638,1,0
7630,376937065180,1,0
7631,376942161740,1,0
7632,376948433331,1,0
7633,376953554471,0,0
7634,376958922361,0,0
7635,376964460409,0,0
7636,376969945951,0,0
7637,376975480849,1,0
7638,376980582021,1,0
7639,376985773644,0,0
7640,376991303340,0,0
7641,376996822596,1,0
7642,377001900182,0,0
7643,377007465917,0,0
7644,377012972715,1,0
7645,377018084757,1,0
7646,377023213967,1,0
7647,377028514880,0,0
7648,377034371391,1,0
7649,377039502080,0,0
7650,377045099896,0,0
7651,377050464964,0,0
7652,377056095425,1,0
7653,377061431514,1,0
7654,377066565397,0,0
7655,377072125041,1,0
7656,377077262446,1,0
7657,377082361092,0,0
7658,377087915939,0,0
7659,377093568908,0,0
7660,377099146852,0,0
7661,377104560333,1,0
7662,377109693047,1,0
7663,377114863465,1,0
7664,377119983147,1,0
7665,377125178825,1,0
7666,377130226366,1,0
7667,377135399676,1,0
7668,377140577385,0,0
7669,377146389828,1,0
7670,377151515846,0,0
7671,377157175797,0,0
7672,377162753463,1,0
7673,377167983916,0,0
7674,377173806043,1,0
7675,377179123251,0,0
7676,377184819891,0,0
7677,377190817987,1,0
7678,377196068383,1,0
7679,377201185014,1,0
7680,377206394835,1,0
7681,377211684299,0,0
7682,377217387577,0,0
7683,377223061547,1,0
7684,377228269222,1,0
7685,377233670730,0,0
7686,377239526749,0,0
7687,377245433947,0,0
7688,377251142086,1,0
7689,377256695089,0,0
7690,377262504372,1,0
7691,377267688431,0,0
7692,377273231609,0,0
7693,377278626085,0,0
7694,377284304712,0,0
7695,377289922617,0,0
7696,377295246474,0,0
7697,377300837757,1,0
7698,377306134680,1,0
7699,377311363773,0,0
7700,377316921773,0,0
7701,377322596648,1,0
7702,377327744455,1,0
7703,377333089019,1,0
7704,377338258692,0,0
7705,377343916962,1,0
7706,377349137392,0,0
7707,377354910954,1,0
7708,377360133476,0,0
7709,377365616919,0,0
7710,377371181544,0,0
7711,377376600264,1,0
7712,377381900178,1,0
7713,377386989538,1,0
7714,377392130417,0,0
7715,377397884935,1,0
7716,377403136237,0,0
7717,377409155074,0,0
7718,377414669000,0,0
7719,377420258011,1,0
7720,377425449235,0,0
7721,377430948369,0,0
7722,377436399082,0,0
7723,377441899725,1,0
7724,377447104446,0,0
7725,377452874667,1,0
7726,377458013266,1,0
7727,377463118656,0,0
7728,377468890941,1,0
7729,377474030254,0,0
7730,377480042818,0,0
7731,377485537705,0,0
7732,377491261170,1,0
7733,377496789327,1,0
7734,377502035744,0,0
7735,377508024171,1,0
7736,377513424424,0,0
7737,377519043592,0,0
7738,377524966771,1,0
7739,377530150364,1,0
7740,377535318519,1,0
7741,377540630171,0,0
7742,377546558255,1,0
7743,377552244957,0,0
7744,377558054936,0,0
7745,377564032176,0,0
7746,377569757533,1,0
7747,377574950580,1,0
7748,377580162331,0,0
7749,377586050961,1,0
7750,377591165595,1,0
7751,377596388137,0,0
7752,377602429654,1,0
7753,377607651396,0,0
7754,377613615835,0,0
7755,377619447601,0,0
7756,377625106377,0,0
7757,377630837547,0,0
7758,377636497092,0,0
7759,377642255833,1,0
7760,377647546605,0,0
7761,377653420926,0,0
7762,377659169724,0,0
7763,377664885060,0,0
7764,377670533541,0,0
7765,377676138134,1,0
7766,377681310751,1,0
7767,377686581190,0,0
7768,377692122608,0,0
7769,377697646758,1,0
7770,377702804318,0,0
7771,377708274969,1,0
7772,377713437300,0,0
7773,377719026126,0,0
7774,377724659191,0,0
7775,377730103425,0,0
7776,377735566098,0,0
7777,377740983009,0,0
7778,377746520750,1,0
7779,377751772421,1,0
7780,377756993749,1,0
7781,377762161898,1,0
7782,377767290189,0,0
7783,377772789649,1,0
7784,377777943134,1,0
7785,377783120238,1,0
7786,377788303395,0,0
7787,377793783180,0,0
7788,377799481498,1,0
7789,377804609403,0,0
7790,377810172127,1,0
7791,377815367783,0,0
7792,377820861478,1,0
7793,377826157015,1,0
7794,377831527388,0,0
7795,377837339563,0,0
7796,377843016286,1,0
7797,377848177929,1,0
7798,377853297756,1,0
7799,377858697147,0,0
7800,377864403413,1,0
7801,377869730713,1,0
7802,377875079193,1,0
7803,377880151079,0,0
7804,377885635401,0,0
7805,377891515243,0,0
7806,377897338088,0,0
7807,377903119261,1,0
7808,377908179070,1,0
7809,377913430520,1,0
7810,377918723564,1,0
7811,377924055946,0,0
7812,377929773793,1,0
7813,377934917237,0,0
7814,377940675666,0,0
7815,377946450966,1,0
7816,377951666635,0,0
7817,377957242052,1,0
7818,377962328071,0,0
7819,377967921729,0,0
7820,377973499528,0,0
7821,377979019373,0,0
7822,377984525792,1,0
7823,377989667384,0,0
7824,377995154941,1,0
7825,378000228372,1,0
7826,378005375803,0,0
7827,378010827823,1,0
7828,378015960654,0,0
7829,378021649326,0,0
7830,378027223518,0,0
7831,378033036980,1,0
7832,378038119316,0,0
7833,378043675507,1,0
7834,378049054293,0,0
7835,378054890263,0,0
7836,378060640882,1,0
7837,378065954944,0,0
7838,378072160749,1,0
7839,378077055719,0,0
7840,378082715662,0,0
7841,378088277148,0,0
7842,378093972467,0,0
7843,378099372060,1,0
7844,378104657878,1,0
7845,378110038980,1,0
7846,378115358641,0,0
7847,378120984454,0,0
7848,378126680595,0,0
7849,378132500500,0,0
7850,378138394681,0,0
7851,378144108175,0,0
7852,378149444310,1,0
7853,378154779020,1,0
7854,378159931958,0,0
7855,378165736119,0,0
7856,378171503016,0,0
7857,378177531119,0,0
7858,378183240499,1,0
7859,378188683767,1,0
7860,378193846984,0,0
7861,378199558924,1,0
7862,378204893845,1,0
7863,378210017818,1,0
7864,378215171841,0,0
7865,378221058322,1,0
7866,378226026592,1,0
7867,378231344210,1,0
7868,378236496434,0,0
7869,378242408474,1,0
7870,378247782925,0,0
7871,378253738247,1,0
7872,378258922160,1,0
7873,378264032365,0,0
7874,378269752758,0,0
7875,378275386241,1,0
7876,378280638651,1,0
7877,378285795632,0,0
7878,378291592527,0,0
7879,378297108180,1,0
7880,378302290656,1,0
7881,378307426712,1,0
7882,378312723103,0,0
7883,378318403565,1,0
7884,378323661347,1,0
7885,378328810108,0,0
7886,378334466011,0,0
7887,378339988743,1,0
7888,378345319029,0,0
7889,378351403093,0,0
7890,378357130613,1,0
7891,378362251041,0,0
7892,378368020383,1,0
7893,378373170695,0,0
7894,378378946560,0,0
7895,378384835668,1,0
7896,378390140272,1,0
7897,378395488066,0,0
7898,378401413089,0,0
7899,378407085870,1,0
7900,378412153979,1,0
7901,378417288144,0,0
7902,378423022593,0,0
7903,378428655749,0,0
7904,378434620236,0,0
7905,378440414532,0,0
7906,378446057080,0,0
7907,378451483823,0,0
7908,378457300030,0,0
7909,378462975728,1,0
7910,378468281983,1,0
7911,378473713739,1,0
7912,378478931942,1,0
7913,378484022155,0,0
7914,378489817234,1,0
7915,378494933173,1,0
7916,378500140096,1,0
7917,378505278164,0,0
7918,378510930384,0,0
7919,378516703812,1,0
7920,378521848608,1,0
7921,378527010636,0,0
7922,378532625673,1,0
7923,378537804093,0,0
7924,378543566703,1,0
7925,378548737166,0,0
7926,378554236010,1,0
7927,378559378257,1,0
7928,378564463202,1,0
7929,378569704080,0,0
7930,378575262563,0,0
7931,378580697888,1,0
7932,378585887832,1,0
7933,378590985505,0,0
7934,378596699378,1,0
7935,378601862604,0,0
7936,378607608676,1,0
7937,378612936348,0,0
7938,378619047995,0,0
7939,378624732167,0,0
7940,378630511749,0,0
7941,378636248528,0,0
7942,378642032666,0,0
7943,378647588801,0,0
7944,378653340701,1,0
7945,378658597187,0,0
7946,378664227186,0,0
7947,378669951220,0,0
7948,378675455203,1,0
7949,378680749886,0,0
7950,378686468033,0,0
7951,378692086720,0,0
7952,378697566461,1,0
7953,378702837743,1,0
7954,378708065831,0,0
7955,378714041003,1,0
7956,378719316228,1,0
7957,378724700665,0,0
7958,378730397980,1,0
7959,378735772221,1,0
7960,378740968922,1,0
7961,378746539075,1,0
7962,378751874718,0,0
7963,378757583072,0,0
7964,378763112628,1,0
7965,378768395936,0,0
7966,378773759475,0,0
7967,378779621533,1,0
7968,378784984213,1,0
7969,378790227824,1,0
7970,378795455016,0,0
7971,378800994024,1,0
7972,378806156719,1,0
7973,378811212221,0,0
7974,378816917309,1,0
7975,378822147805,0,0
7976,378827582293,0,0
7977,378833328215,0,0
7978,378838971499,0,0
7979,378844604325,0,0
7980,378850610517,0,0
7981,378856253984,0,0
7982,378862032300,0,0
7983,378868126273,1,0
7984,378873466029,1,0
7985,378878912068,0,0
7986,378884829078,1,0
7987,378890572797,1,0
7988,378895906722,1,0
7989,378901018057,0,0
7990,378906725777,0,0
7991,378912522405,0,0
7992,378918618760,1,0
7993,378923936938,1,0
7994,378929404394,0,0
7995,378935464989,0,0
7996,378941301243,0,0
7997,378946912518,0,0
7998,378952659244,1,0
7999,378957894546,1,0
8000,378963031331,1,0
8001,378968166639,1,0
8002,378973328409,1,0
8003,378978678855,0,0
8004,378984520103,1,0
8005,378989944615,0,0
8006,378995644047,0,0
8007,379001556424,1,0
8008,379006784371,0,0
8009,379012205917,0,0
8010,379017943258,0,0
8011,379023668455,1,0
8012,379028795557,1,0
8013,379033998878,0,0
8014,379039601910,0,0
8015,379045111712,0,0
8016,379050705398,1,0
8017,379055835705,1,0
8018,379060961832,0,0
8019,379066537980,0,0
8020,379072145706,0,0
8021,379077671450,1,0
8022,379082814641,0,0
8023,379088351574,0,0
8024,379093912619,1,0
8025,379099012979,0,0
8026,379104710073,0,0
8027,379110339428,1,0
8028,379115561477,0,0
8029,379121087912,1,0
8030,379126383366,0,0
8031,379131943925,1,0
8032,379137185407,0,0
8033,379142818202,1,0
8034,379147971425,0,0
8035,379153671551,0,0
8036,379159404165,1,0
8037,379164546083,1,0
8038,379169723246,1,0
8039,379174865566,1,0
8040,379180013042,0,0
8041,379186030642,1,0
8042,379191192472,0,0
8043,379197134555,1,0
8044,379202448723,1,0
8045,379207395835,0,0
8046,379213052324,1,0
8047,379218203493,1,0
8048,379223404126,0,0
8049,379228940332,0,0
8050,379234670329,1,0
8051,379240030115,0,0
8052,379245962311,1,0
8053,379251025578,1,0
8054,379256765812,0,0
8055,379262621240,1,0
8056,379267972732,1,0
8057,379273102547,1,0
8058,379278234350,0,0
8059,379283899742,1,0
8060,379289029370,0,0
8061,379294959085,0,0
8062,379300481452,1,0
8063,379305823247,0,0
8064,379311416060,1,0
8065,379316692183,1,0
8066,379321981789,1,0
8067,379327165021,1,0
8068,379332606556,1,0
8069,379337931927,0,0
8070,379343808133,0,0
8071,379349578140,0,0
8072,379355553003,0,0
8073,379361431814,1,0
8074,379366943547,0,0
8075,379372720866,1,0
8076,379377926292,0,0
8077,379383724916,0,0
8078,379389408946,0,0
8079,379395114439,0,0
8080,379400751890,0,0
8081,379406436205,0,0
8082,379412125792,0,0
8083,379417723885,0,0
8084,379423282570,1,0
8085,379428532943,0,0
8086,379434260341,1,0
8087,379439482223,0,0
8088,379445081846,1,0
8089,379450125176,1,0
8090,379455264021,0,0
8091,379461025156,0,0
8092,379466543285,1,0
8093,379471937532,0,0
8094,379477322683,1,0
8095,379482630090,0,0
8096,379488379514,1,0
8097,379493933269,0,0
8098,379499577997,1,0
8099,379504835091,1,0
8100,379510019110,0,0
8101,379515661550,0,0
8102,379521381445,0,0
8103,379527056925,1,0
8104,379532174298,0,0
8105,379537864491,1,0
8106,379543099992,1,0
8107,379548387773,1,0
8108,379553593730,0,0
8109,379559549284,0,0
8110,379565503172,0,0
8111,379571332406,1,0
8112,379576552421,0,0
8113,379582103032,0,0
8114,379588067817,0,0
8115,379593601603,1,0
8116,379598966585,1,0
8117,379604139673,0,0
8118,379609795385,0,0
8119,379615326161,0,0
8120,379621133851,0,0
8121,379626638981,1,0
8122,379631761814,0,0
8123,379637574289,0,0
8124,379643519364,1,0
8125,379648808716,0,0
8126,379654659879,0,0
8127,379660358915,0,0
8128,379666017548,1,0
8129,379671440389,1,0
8130,379676672677,0,0
8131,379682528180,0,0
8132,379688554829,0,0
8133,379694382103,1,0
8134,379699642416,0,0
8135,379705324146,0,0
8136,379711074908,1,0
8137,379716174241,0,0
8138,379721867464,0,0
8139,379727582731,1,0
8140,379732865356,1,0
8141,379738047108,1,0
8142,379743728818,0,0
8143,379749574303,0,0
8144,379755492142,1,0
8145,379760879416,1,0
8146,379766123314,1,0
8147,379771552287,0,0
8148,379777160548,1,0
8149,379782272214,0,0
8150,379787971808,1,0
8151,379793114879,0,0
8152,379798930645,0,0
8153,379804550094,0,0
8154,379810235540,0,0
8155,379815848255,0,0
8156,379821504578,0,0
8157,379827101884,0,0
8158,379832582271,1,0
8159,379837848436,1,0
8160,379842986470,0,0
8161,379848775750,0,0
8162,379854450777,1,0
8163,379859784006,1,0
8164,379864961537,0,0
8165,379870798813,0,0
8166,379876561171,1,0
8167,379881755154,0,0
8168,379887442949,0,0
8169,379892962395,1,0
8170,379898112313,1,0
8171,379903193743,0,0
8172,379908750895,1,0
8173,379913911663,1,0
8174,379919010310,1,0
8175,379924156006,1,0
8176,379929336261,1,0
8177,379934432932,0,0
8178,379939813114,0,0
8179,379945208976,0,0
8180,379950672989,1,0
8181,379955888614,1,0
8182,379961015026,1,0
8183,379966200724,1,0
8184,379971289536,1,0
8185,379976460489,1,0
8186,379981640104,1,0
8187,379986785533,0,0
8188,379992288107,0,0
8189,379997608557,0,0
8190,380003019246,1,0
8191,380008168893,1,0
8192,380013187490,0,0
8193,380018695654,0,0
8194,380024256224,1,0
8195,380029389263,0,0
8196,380034814386,1,0
8197,380039953938,1,0
8198,380045115215,1,0
8199,380050487231,0,0
8200,380056141567,1,0
8201,380061295161,1,0
8202,380066725079,0,0
8203,380072400745,1,0
8204,380077723153,1,0
8205,380082889597,0,0
8206,380088312159,1,0
8207,380093456254,1,0
8208,380098608497,1,0
8209,380103750990,0,0
8210,380109117739,0,0
8211,380114440459,1,0
8212,380119772228,0,0
8213,380125450132,0,0
8214,380131173049,0,0
8215,380136691953,0,0
8216,380142250926,0,0
8217,380148081469,0,0
8218,380153584023,1,0
8219,380158727760,1,0
8220,380163927615,0,0
8221,380169654816,1,0
8222,380174782305,1,0
8223,380179935420,0,0
8224,380185467724,1,0
8225,380190599045,1,0
8226,380195936736,1,0
8227,380201086985,0,0
8228,380206610851,1,0
8229,380211791621,0,0
8230,380217412427,0,0
8231,380222993006,1,0
8232,380228196634,1,0
8233,380233366506,1,0
8234,380238452512,0,0
8235,380244031409,0,0
8236,380249571409,1,0
8237,380254869468,1,0
8238,380259971885,0,0
8239,380265551365,1,0
8240,380270797733,1,0
8241,380275982352,1,0
8242,380281116788,0,0
8243,380286868290,0,0
8244,380292464628,0,0
8245,380298525056,1,0
8246,380303720443,1,0
8247,380308846495,1,0
8248,380313965224,1,0
8249,380319124211,0,0
8250,380324693135,1,0
8251,380329848631,0,0
8252,380335272335,0,0
8253,380340975371,0,0
8254,380346742398,0,0
8255,380352431280,0,0
8256,380358075934,1,0
8257,380363490184,1,0
8258,380368770918,1,0
8259,380373895843,1,0
8260,380379030250,0,0
8261,380384632933,1,0
8262,380389961338,1,0
8263,380395097728,0,0
8264,380400564225,1,0
8265,380405881138,1,0
8266,380411036507,0,0
8267,380416503352,1,0
8268,380421810366,0,0
8269,380427397578,0,0
8270,380433020766,1,0
8271,380437974864,0,0
8272,380443836695,0,0
8273,380449612638,0,0
8274,380455598803,0,0
8275,380461217702,0,0
8276,380466754498,0,0
8277,380472166012,1,0
8278,380477255558,1,0
8279,380482372152,0,0
8280,380487950082,1,0
8281,380493038301,0,0
8282,380498657094,0,0
8283,380504416450,1,0
8284,380509698893,1,0
8285,380514851119,0,0
8286,380520466276,0,0
8287,380526313862,0,0
8288,380531931779,1,0
8289,380537037355,1,0
8290,380542525340,0,0
8291,380548274002,1,0
8292,380553556852,0,0
8293,380559232634,1,0
8294,380564475575,0,0
8295,380569944181,1,0
8296,380575206632,0,0
8297,380580735872,0,0
8298,380586490570,1,0
8299,380591982275,1,0
8300,380597394306,1,0
8301,380602658596,1,0
8302,380607819465,1,0
8303,380613018209,0,0
8304,380618752094,1,0
8305,380623952895,0,0
8306,380629887718,1,0
8307,380634946625,1,0
8308,380640129497,1,0
8309,380645482396,0,0
8310,380651125116,0,0
8311,380656617054,0,0
8312,380662246036,1,0
8313,380667544680,0,0
8314,380673129780,1,0
8315,380678271913,1,0
8316,380683510678,1,0
8317,380688869990,1,0
8318,380694130913,1,0
8319,380699292334,0,0
8320,380704782285,0,0
8321,380710249525,0,0
8322,380715834075,1,0
8323,380721011670,1,0
8324,380726167518,0,0
8325,380731575282,1,0
8326,380736739532,0,0
8327,380742411165,0,0
8328,380748097637,1,0
8329,380753613674,0,0
8330,380759498062,1,0
8331,380765156707,0,0
8332,380770641294,1,0
8333,380776051779,1,0
8334,380781547851,1,0
8335,380786947228,1,0
8336,380792185291,1,0
8337,380797459924,1,0
8338,380802813139,1,0
8339,380807957731,0,0
8340,380813441758,0,0
8341,380819146163,0,0
8342,380825020396,1,0
8343,380830725101,1,0
8344,380835720553,0,0
8345,380841399934,1,0
8346,380846505266,1,0
8347,380851804892,1,0
8348,380856960638,1,0
8349,380862158048,1,0
8350,380867447109,0,0
8351,380872966628,1,0
8352,380878128999,0,0
8353,380883366533,0,0
8354,380888715941,0,0
8355,380894016265,1,0
8356,380899210244,0,0
8357,380904694579,0,0
8358,380910029414,0,0
8359,380915873632,1,0
8360,380921093165,0,0
8361,380926869071,1,0
8362,380932095838,1,0
8363,380937569076,0,0
8364,380943534195,0,0
8365,380949451890,1,0
8366,380954898248,0,0
8367,380960428313,0,0
8368,380966082288,1,0
8369,380971554345,0,0
8370,380977129421,0,0
8371,380982563261,1,0
8372,380987902209,0,0
8373,380993403849,0,0
8374,380999072333,0,0
8375,381004491263,1,0
8376,381009793652,1,0
8377,381014965678,0,0
8378,381020291838,0,0
8379,381025877504,1,0
8380,381031032095,1,0
8381,381036219651,0,0
8382,381041745544,1,0
8383,381047025931,1,0
8384,381052443055,1,0
8385,381057723290,0,0
8386,381063381414,1,0
8387,381068657234,0,0
8388,381074363841,1,0
8389,381079574356,1,0
8390,381084861497,0,0
8391,381090528596,1,0
8392,381095697145,1,0
8393,381100942388,1,0
8394,381106035893,1,0
8395,381111559827,1,0
8396,381116796384,1,0
8397,381122369744,1,0
8398,381127499853,0,0
8399,381132908010,1,0
8400,381138107540,0,0
8401,381143658900,0,0
8402,381149279678,0,0
8403,381154957402,0,0
8404,381160644971,0,0
8405,381166146727,1,0
8406,381171235723,1,0
8407,381176465295,1,0
8408,381181708920,0,0
8409,381187109673,0,0
8410,381192649390,1,0
8411,381198072170,1,0
8412,381203138758,1,0
8413,381208237085,1,0
8414,381213433690,1,0
8415,381218715958,0,0
8416,381224620318,1,0
8417,381229929444,0,0
8418,381235277621,1,0
8419,381240562292,0,0
8420,381246140567,1,0
8421,381251290579,1,0
8422,381256576568,1,0
8423,381261975740,0,0
8424,381267380082,1,0
8425,381272596103,0,0
8426,381278059316,0,0
8427,381283457290,1,0
8428,381288727632,0,0
8429,381294345569,0,0
8430,381299894826,0,0
8431,381305393067,1,0
8432,381310671128,0,0
8433,381316194544,1,0
8434,381321498860,0,0
8435,381327116870,0,0
8436,381332503652,0,0
8437,381337949270,0,0
8438,381343278539,1,0
8439,381348505219,1,0
8440,381353777716,0,0
8441,381359374552,0,0
8442,381364973687,1,0
8443,381370181699,1,0
8444,381375314879,1,0
8445,381380445849,1,0
8446,381385594562,1,0
8447,381390772691,1,0
8448,381395936350,0,0
8449,381401297179,1,0
8450,381406462928,1,0
8451,381411626397,0,0
8452,381417147887,1,0
8453,381422266887,1,0
8454,381427454578,1,0
8455,381432611728,0,0
8456,381438024309,1,0
8457,381443183776,1,0
8458,381448287250,0,0
8459,381453628609,0,0
8460,381459011342,1,0
8461,381464315077,0,0
8462,381469558782,1,0
8463,381474709949,0,0
8464,381480012052,0,0
8465,381485484202,1,0
8466,381490710489,1,0
8467,381495902331,1,0
8468,381501017178,1,0
8469,381506177413,0,0
8470,381511478273,0,0
8471,381516848932,1,0
8472,381522045943,1,0
8473,381527355080,1,0
8474,381532675844,1,0
8475,381537990052,1,0
8476,381543117213,1,0
8477,381548285826,1,0
8478,381553562320,0,0
8479,381559320623,1,0
8480,381564775212,0,0
8481,381570377191,0,0
8482,381576073580,1,0
8483,381581171839,0,0
8484,381586672850,1,0
8485,381591811003,0,0
8486,381597410723,0,0
8487,381603067406,1,0
8488,381608116846,0,0
8489,381613854524,0,0
8490,381619527940,0,0
8491,381625237073,0,0
8492,381631125659,0,0
8493,381636663031,0,0
8494,381642260242,1,0
8495,381647459646,1,0
8496,381652739806,0,0
8497,381658416424,0,0
8498,381664137920,0,0
8499,381670039565,1,0
8500,381675027029,1,0
8501,381680254109,1,0
8502,381685558550,0,0
8503,381691329841,0,0
8504,381697140185,1,0
8505,381702181927,0,0
8506,381707640681,1,0
8507,381712914552,0,0
8508,381718410688,1,0
8509,381723622779,0,0
8510,381729281012,1,0
8511,381734570911,0,0
8512,381740256438,0,0
8513,381746026429,0,0
8514,381751838770,0,0
8515,381757791941,0,0
8516,381763631932,1,0
8517,381768897920,1,0
8518,381774016585,1,0
8519,381779210497,0,0
8520,381784658573,1,0
8521,381789917949,1,0
8522,381795161645,1,0
8523,381800397089,1,0
8524,381805549474,0,0
8525,381811253490,0,0
8526,381816839924,1,0
8527,381822017870,0,0
8528,381827682160,1,0
8529,381832862480,0,0
8530,381838548058,1,0
8531,381843885546,1,0
8532,381849132459,1,0
8533,381854477947,1,0
8534,381859829864,0,0
8535,381865506597,0,0
8536,381871282607,0,0
8537,381877127259,1,0
8538,381882221179,1,0
8539,381887449600,0,0
8540,381893117781,1,0
8541,381898277477,0,0
8542,381903957786,0,0
8543,381909580998,0,0
8544,381915306020,1,0
8545,381920533068,0,0
8546,381926256873,0,0
8547,381931903076,1,0
8548,381937152871,0,0
8549,381942817667,0,0
8550,381948535333,1,0
8551,381953830292,0,0
8552,381959674518,1,0
8553,381964862554,0,0
8554,381970573990,1,0
8555,381975969691,0,0
8556,381981549031,1,0
8557,381986844747,0,0
8558,381992416143,0,0
8559,381998112415,0,0
8560,382003689460,0,0
8561,382009234694,1,0
8562,382014483385,1,0
8563,382019790974,1,0
8564,382025036429,0,0
8565,382030596922,0,0
8566,382036215176,0,0
8567,382041821370,1,0
8568,382047126987,0,0
8569,382052594085,1,0
8570,382057750515,1,0
8571,382063101596,1,0
8572,382068277794,1,0
8573,382073562147,0,0
8574,382079174440,1,0
8575,382084289683,0,0
8576,382089708421,1,0
8577,382094956903,0,0
8578,382100409810,1,0
8579,382105488397,0,0
8580,382111117552,0,0
8581,382116579690,0,0
8582,382122153336,1,0
8583,382127334606,1,0
8584,382132739071,1,0
8585,382138024271,1,0
8586,382143582801,0,0
8587,382149627829,1,0
8588,382154842907,0,0
8589,382160412830,0,0
8590,382166122604,1,0
8591,382171237633,0,0
8592,382176961746,1,0
8593,382182116870,0,0
8594,382187609726,0,0
8595,382193200304,1,0
8596,382198484146,0,0
8597,382204098045,0,0
8598,382209638653,1,0
8599,382214674752,0,0
8600,382220224262,1,0
8601,382226697729,1,0
8602,382231894136,0,0
8603,382237305305,0,0
8604,382242693234,0,0
8605,382248246368,1,0
8606,382253525409,1,0
8607,382258702335,0,0
8608,382264628709,0,0
8609,382270225596,1,0
8610,382275448987,1,0
8611,382280867438,0,0
8612,382286215069,1,0
8613,382291453890,0,0
8614,382297292705,0,0
8615,382303104283,0,0
8616,382308554104,1,0
8617,382313850256,0,0
8618,382319269040,1,0
8619,382324406632,0,0
8620,382330017134,1,0
8621,382335343012,1,0
8622,382340434913,0,0
8623,382345921816,0,0
8624,382351602880,1,0
8625,382356709779,0,0
8626,382362088453,1,0
8627,382367236277,1,0
8628,382372616182,0,0
8629,382377940169,1,0
8630,382383258252,0,0
8631,382388854255,0,0
8632,382394417777,0,0
8633,382400133555,1,0
8634,382405422249,0,0
8635,382410891838,1,0
8636,382416257738,1,0
8637,382421295505,1,0
8638,382426561307,1,0
8639,382431971671,1,0
8640,382437147087,1,0
8641,382442309898,0,0
8642,382448027152,1,0
8643,382453246352,1,0
8644,382458521866,0,0
8645,382464205416,1,0
8646,382469423143,1,0
8647,382474697382,1,0
8648,382480048727,0,0
8649,382485877890,1,0
8650,382491054466,1,0
8651,382496206023,0,0
8652,382501918167,1,0
8653,382507110902,1,0
8654,382512183069,1,0
8655,382517475497,1,0
8656,382522792882,0,0
8657,382528542836,0,0
8658,382534197461,1,0
8659,382539462823,1,0
8660,382544721202,1,0
8661,382550133652,0,0
8662,382555714149,1,0
8663,382560875018,0,0
8664,382566394709,1,0
8665,382571564358,0,0
8666,382577087536,0,0
8667,382582743277,1,0
8668,382588106053,1,0
8669,382593160454,0,0
8670,382599075047,0,0
8671,382604587409,1,0
8672,382609863063,1,0
8673,382615024046,0,0
8674,382620773314,1,0
8675,382625994372,1,0
8676,382631149599,0,0
8677,382637110977,0,0
8678,382642824106,0,0
8679,382648655645,0,0
8680,382654468261,0,0
8681,382660103227,0,0
8682,382665634811,0,0
8683,382671207990,1,0
8684,382676355111,0,0
8685,382681878581,1,0
8686,382687007748,1,0
8687,382692184188,0,0
8688,382697827297,0,0
8689,382703427192,1,0
8690,382708523270,1,0
8691,382713638259,0,0
8692,382719478000,1,0
8693,382724753433,1,0
8694,382730022517,0,0
8695,382735717622,0,0
8696,382741556907,1,0
8697,382746899043,1,0
8698,382752171010,0,0
8699,382757702375,1,0
8700,382763147582,1,0
8701,382768461378,0,0
8702,382773888408,1,0
8703,382779489414,0,0
8704,382785133314,0,0
8705,382790534817,0,0
8706,382796095020,0,0
8707,382801531575,0,0
8708,382807292325,1,0
8709,382812544483,0,0
8710,382817977113,1,0
8711,382823284320,1,0
8712,382828622937,1,0
8713,382833856751,0,0
8714,382839272120,1,0
8715,382844513053,1,0
8716,382849807383,1,0
8717,382855097835,1,0
8718,382860430741,1,0
8719,382865750305,0,0
8720,382871387082,1,0
8721,382876576447,1,0
8722,382881878372,0,0
8723,382887361957,0,0
8724,382892822459,0,0
8725,382898498946,1,0
8726,382903741364,1,0
8727,382909122020,1,0
8728,382914353044,1,0
8729,382919555897,0,0
8730,382924974011,1,0
8731,382930346341,1,0
8732,382935632595,1,0
8733,382940887170,1,0
8734,382946161837,1,0
8735,382951530568,0,0
8736,382957309373,1,0
8737,382962568639,1,0
8738,382967923994,1,0
8739,382973331814,0,0
8740,382979169132,0,0
8741,382984579862,0,0
8742,382990362689,1,0
8743,382995883348,1,0
8744,383001234454,0,0
8745,383006800019,0,0
8746,383012371048,1,0
8747,383017796216,1,0
8748,383023117178,0,0
8749,383028593359,1,0
8750,383034019991,0,0
8751,383039541883,0,0
8752,383045039905,1,0
8753,383050105337,0,0
8754,383055674367,0,0
8755,383061270635,1,0
8756,383066513077,1,0
8757,383071690813,0,0
8758,383077171501,1,0
8759,383082218479,1,0
8760,383087309013,1,0
8761,383092464781,1,0
8762,383097554241,0,0
8763,383103026067,1,0
8764,383108179300,0,0
8765,383113629530,0,0
8766,383119077298,0,0
8767,383124706304,0,0
8768,383130390444,0,0
8769,383136141187,1,0
8770,383141306323,1,0
8771,383146614098,0,0
8772,383152408343,0,0
8773,383158134274,0,0
8774,383163718405,0,0
8775,383169443975,0,0
8776,383175024581,0,0
8777,383180525633,1,0
8778,383185884626,1,0
8779,383191117964,1,0
8780,383196252253,0,0
8781,383201743525,1,0
8782,383207135825,0,0
8783,383212721727,1,0
8784,383217956505,1,0
8785,383223097573,1,0
8786,383228253830,1,0
8787,383233413931,1,0
8788,383238520810,0,0
8789,383243837804,1,0
8790,383248980669,1,0
8791,383254124805,1,0
8792,383259246987,1,0
8793,383264437921,1,0
8794,383269579807,1,0
8795,383274775471,0,0
8796,383280506999,1,0
8797,383285764352,1,0
8798,383290977361,1,0
8799,383296202543,0,0
8800,383301592327,1,0
8801,383306844428,0,0
8802,383312326462,1,0
8803,383317619810,0,0
8804,383323064175,0,0
8805,383328509176,0,0
8806,383333942359,1,0
8807,383339019545,1,0
8808,383344328855,0,0
8809,383349864570,1,0
8810,383355030218,0,0
8811,383360593913,1,0
8812,383365705421,0,0
8813,383371332577,1,0
8814,383376472804,1,0
8815,383381637508,0,0
8816,383387023405,1,0
8817,383392213477,1,0
8818,383397562795,0,0
8819,383403290935,0,0
8820,383408925125,0,0
8821,383414526816,0,0
8822,383420283564,0,0
8823,383425938615,1,0
8824,383431100834,0,0
8825,383436649126,0,0
8826,383442257437,1,0
8827,383447601915,0,0
8828,383453393679,0,0
8829,383459062850,1,0
8830,383464213441,0,0
8831,383470072051,1,0
8832,383475113853,1,0
8833,383480259932,1,0
8834,383485479846,1,0
8835,383490735272,0,0
8836,383496387604,0,0
8837,383502242892,1,0
8838,383507520737,1,0
8839,383512791989,0,0
8840,383518531680,1,0
8841,383523827148,1,0
8842,383529044081,1,0
8843,383534161512,0,0
8844,383539621836,0,0
8845,383545170364,1,0
8846,383550282986,1,0
8847,383555527684,0,0
8848,383561290167,0,0
8849,383566904209,0,0
8850,383572617577,0,0
8851,383578314452,1,0
8852,383583605424,0,0
8853,383589364946,1,0
8854,383594658876,1,0
8855,383599977923,0,0
8856,383605471808,0,0
8857,383611180852,0,0
8858,383617154159,0,0
8859,383622885933,1,0
8860,383628083792,1,0
8861,383633039830,0,0
8862,383638756073,0,0
8863,383644282492,1,0
8864,383649551797,1,0
8865,383654900847,1,0
8866,383660069568,1,0
8867,383665119292,1,0
8868,383670472824,1,0
8869,383675583682,1,0
8870,383680905838,1,0
8871,383686123210,0,0
8872,383691646408,1,0
8873,383697151683,0,0
8874,383702449706,0,0
8875,383707801012,0,0
8876,383713255864,1,0
8877,383718476245,0,0
8878,383723812335,0,0
8879,383729211386,1,0
8880,383734527442,1,0
8881,383739898276,1,0
8882,383745283702,1,0
8883,383750397160,1,0
8884,383755769191,1,0
8885,383761193957,0,0
8886,383767077744,1,0
8887,383772751655,1,0
8888,383777914284,0,0
8889,383783531923,0,0
8890,383789308682,1,0
8891,383794543626,0,0
8892,383800025252,1,0
8893,383805258941,0,0
8894,383810996476,1,0
8895,383816198609,0,0
8896,383821674973,1,0
8897,383826977617,0,0
8898,383832439906,0,0
8899,383838156710,1,0
8900,383843195123,1,0
8901,383848469415,0,0
8902,383854116967,0,0
8903,383859310950,0,0
8904,383864894537,0,0
8905,383870319457,1,0
8906,383875599952,1,0
8907,383881071509,1,0
8908,383886124958,0,0
8909,383891541461,0,0
8910,383897152375,1,0
8911,383902223538,1,0
8912,383907509641,0,0
8913,383913123221,0,0
8914,383918516503,0,0
8915,383924111703,1,0
8916,383929193871,0,0
8917,383934662942,1,0
8918,383940052053,0,0
8919,383945354939,1,0
8920,383950657273,1,0
8921,383956094017,1,0
8922,383961150365,1,0
8923,383966291907,1,0
8924,383971566253,0,0
8925,383977116797,1,0
8926,383982308655,1,0
8927,383987629246,1,0
8928,383992827791,1,0
8929,383998135728,0,0
8930,384003571563,1,0
8931,384008776263,1,0
8932,384013996882,1,0
8933,384019037442,1,0
8934,384024250552,1,0
8935,384029624287,0,0
8936,384035236729,1,0
8937,384040508639,0,0
8938,384046143210,1,0
8939,384051453039,1,0
8940,384056892240,1,0
8941,384062022526,0,0
8942,384067423487,0,0
8943,384072989924,1,0
8944,384078031921,0,0
8945,384083496448,1,0
8946,384088831152,0,0
8947,384094462668,0,0
8948,384100017022,0,0
8949,384105536247,0,0
8950,384111504118,1,0
8951,384116824414,1,0
8952,384122231277,0,0
8953,384127567944,0,0
8954,384133243985,1,0
8955,384138563981,0,0
8956,384144297930,1,0
8957,384149567692,0,0
8958,384155208643,1,0
8959,384160420762,1,0
8960,384165687687,1,0
8961,384170822457,1,0
8962,384175918280,1,0
8963,384181095565,1,0
8964,384186245189,0,0
8965,384191753955,1,0
8966,384196903719,0,0
8967,384202331787,1,0
8968,384207452058,0,0
8969,384212935106,0,0
8970,384218611260,1,0
8971,384223773522,1,0
8972,384228886765,0,0
8973,384234417712,0,0
8974,384239826191,0,0
8975,384245385013,1,0
8976,384250501173,0,0
8977,384256255833,0,0
8978,384261708749,0,0
8979,384267433460,0,0
8980,384272976422,0,0
8981,384278504113,1,0
8982,384283739483,0,0
8983,384289200069,1,0
8984,384294449434,0,0
8985,384299915434,0,0
8986,384305294371,0,0
8987,384310740612,0,0
8988,384316137126,0,0
8989,384321706588,1,0
8990,384326941053,1,0
8991,384332109190,0,0
8992,384337602384,1,0
8993,384342846441,1,0
8994,384348056840,0,0
8995,384353480096,0,0
8996,384358880493,1,0
8997,384364254985,0,0
8998,384369758182,0,0
8999,384375491590,0,0
9000,384381050425,1,0
9001,384386553444,0,0
9002,384392354648,0,0
9003,384397950544,1,0
9004,384403386058,0,0
9005,384408941309,1,0
9006,384414540522,1,0
9007,384419895789,1,0
9008,384425136798,1,0
9009,384430473818,1,0
9010,384435818146,1,0
9011,384441152991,1,0
9012,384446372313,0,0
9013,384451810407,1,0
9014,384457017447,1,0
9015,384462440762,0,0
9016,384468050163,0,0
9017,384473684154,1,0
9018,384479222496,1,0
9019,384484421990,0,0
9020,384490118897,0,0
9021,384495784210,1,0
9022,384501050038,1,0
9023,384506485708,0,0
9024,384512106486,0,0
9025,384518122867,0,0
9026,384523684479,0,0
9027,384529368897,0,0
9028,384535048033,0,0
9029,384540501470,1,0
9030,384545873988,0,0
9031,384551522068,1,0
9032,384556787458,0,0
9033,384562253166,0,0
9034,384568034647,0,0
9035,384573582277,0,0
9036,384579292671,1,0
9037,384584557697,0,0
9038,384590530162,0,0
9039,384596144732,1,0
9040,384601258120,0,0
9041,384607064293,1,0
9042,384612190454,1,0
9043,384617689908,1,0
9044,384622924055,1,0
9045,384628064764,1,0
9046,384633664257,0,0
9047,384639490006,0,0
9048,384645231212,0,0
9049,384650876489,0,0
9050,384656810045,1,0
9051,384661971433,0,0
9052,384667631980,1,0
9053,384672764369,0,0
9054,384678555945,0,0
9055,384684365445,0,0
9056,384689956039,1,0
9057,384695161577,1,0
9058,384700355375,0,0
9059,384706130671,1,0
9060,384711660261,1,0
9061,384717074434,1,0
9062,384722138928,1,0
9063,384727251836,1,0
9064,384732424753,0,0
9065,384738441758,0,0
9066,384744133079,0,0
9067,384750351715,1,0
9068,384755792858,0,0
9069,384761536032,0,0
9070,384767418451,1,0
9071,384772859215,1,0
9072,384777913941,1,0
9073,384783255258,0,0
9074,384789059652,0,0
9075,384794636793,0,0
9076,384800380563,1,0
9077,384805711531,0,0
9078,384811344056,0,0
9079,384817561586,1,0
9080,384822709992,0,0
9081,384828380475,1,0
9082,384833638563,1,0
9083,384839029819,1,0
9084,384844063484,1,0
9085,384849203431,1,0
9086,384854476872,1,0
9087,384859755293,1,0
9088,384864916203,0,0
9089,384870683405,1,0
9090,384875861628,1,0
9091,384881076617,0,0
9092,384886807600,0,0
9093,384892722826,0,0
9094,384898629535,1,0
9095,384903925043,1,0
9096,384909054149,1,0
9097,384914184515,0,0
9098,384919991890,0,0
9099,384925685242,0,0
9100,384931443556,0,0
9101,384937176497,0,0
9102,384942624716,1,0
9103,384947942462,0,0
9104,384953608455,1,0
9105,384959035277,1,0
9106,384964024170,0,0
9107,384969659867,1,0
9108,384974935529,1,0
9109,384980224799,0,0
9110,384986082509,0,0
9111,384991648108,0,0
9112,384997484136,1,0
9113,385002833646,0,0
9114,385008329506,1,0
9115,385013643589,0,0
9116,385019357133,0,0
9117,385025044195,0,0
9118,385030561477,0,0
9119,385036156817,0,0
9120,385042034451,1,0
9121,385047174952,1,0
9122,385052308629,0,0
9123,385058028596,0,0
9124,385063510551,1,0
9125,385068729861,1,0
9126,385074029447,0,0
9127,385079713596,0,0
9128,385085372810,1,0
9129,385090751339,1,0
9130,385095955491,1,0
9131,385101699843,1,0
9132,385107029456,1,0
9133,385112819949,0,0
9134,385118406557,1,0
9135,385123593053,1,0
9136,385128792758,0,0
9137,385134422463,1,0
9138,385139592136,1,0
9139,385144772194,0,0
9140,385150460406,1,0
9141,385155670250,0,0
9142,385161214936,1,0
9143,385166485021,1,0
9144,385171604657,1,0
9145,385177020254,0,0
9146,385182765160,0,0
9147,385188596581,1,0
9148,385193884475,1,0
9149,385199115770,0,0
9150,385204695623,0,0
9151,385210672343,1,0
9152,385216018922,1,0
9153,385221188009,0,0
9154,385226934351,0,0
9155,385232556462,1,0
9156,385237853925,1,0
9157,385243186292,1,0
9158,385248252913,1,0
9159,385253602359,0,0
9160,385259305636,0,0
9161,385265042473,0,0
9162,385270894767,1,0
9163,385276072041,0,0
9164,385281909859,1,0
9165,385287253453,1,0
9166,385292521544,1,0
9167,385297955832,0,0
9168,385303563321,1,0
9169,385308945958,1,0
9170,385314246694,0,0
9171,385319937197,0,0
9172,385325507136,1,0
9173,385330859815,0,0
9174,385336314786,1,0
9175,385341544770,0,0
9176,385347325512,0,0
9177,385353354392,0,0
9178,385359149840,1,0
9179,385364480046,0,0
9180,385370170968,0,0
9181,385376179553,0,0
9182,385381971553,1,0
9183,385387136040,1,0
9184,385392227370,1,0
9185,385397500386,0,0
9186,385403211745,0,0
9187,385409177039,1,0
9188,385414264763,0,0
9189,385420088136,1,0
9190,385425110719,1,0
9191,385430688930,1,0
9192,385435882123,1,0
9193,385440914633,1,0
9194,385446122695,0,0
9195,385451782323,1,0
9196,385456923768,1,0
9197,385462224771,1,0
9198,385467199390,1,0
9199,385472425296,0,0
9200,385478213895,1,0
9201,385483491755,1,0
9202,385488816315,0,0
9203,385494615253,1,0
9204,385499911387,1,0
9205,385505035856,0,0
9206,385510875707,0,0
9207,385516719440,1,0
9208,385522067581,1,0
9209,385527567898,0,0
9210,385533624702,1,0
9211,385538890670,0,0
9212,385544743729,0,0
9213,385550692694,1,0
9214,385556059012,1,0
9215,385561043688,0,0
9216,385566536731,1,0
9217,385571797806,0,0
9218,385577687773,1,0
9219,385582883430,1,0
9220,385588016799,0,0
9221,385593655334,0,0
9222,385599075608,0,0
9223,385604701864,1,0
9224,385609965959,0,0
9225,385615570321,1,0
9226,385620793707,1,0
9227,385625931357,1,0
9228,385631215206,1,0
9229,385636234842,0,0
9230,385642258022,0,0
9231,385648104783,0,0
9232,385653891448,1,0
9233,385659029274,0,0
9234,385664674775,0,0
9235,385670608086,1,0
9236,385676056766,1,0
9237,385681524665,1,0
9238,385686957905,0,0
9239,385692795399,1,0
9240,385698232908,0,0
9241,385704040108,1,0
9242,385709245842,1,0
9243,385714379028,0,0
9244,385720088202,0,0
9245,385725706204,1,0
9246,385731039100,0,0
9247,385736757720,0,0
9248,385742698179,0,0
9249,385748440286,0,0
9250,385754442141,0,0
9251,385760247125,0,0
9252,385766034617,0,0
9253,385771872752,1,0
9254,385777476510,0,0
9255,385783100687,0,0
9256,385788799988,1,0
9257,385794021761,0,0
9258,385799605200,0,0
9259,385805037351,1,0
9260,385810198969,1,0
9261,385815566521,0,0
9262,385821502020,1,0
9263,385826898360,1,0
9264,385832189051,0,0
9265,385837954242,1,0
9266,385843158584,1,0
9267,385848744387,0,0
9268,385854281040,1,0
9269,385859533961,1,0
9270,385864960295,1,0
9271,385870054656,0,0
9272,385875707049,0,0
9273,385881559551,0,0
9274,385887119338,0,0
9275,385892837429,0,0
9276,385898319450,1,0
9277,385903473346,1,0
9278,385908786717,1,0
9279,385913996767,1,0
9280,385919064503,1,0
9281,385924306859,0,0
9282,385929935044,0,0
9283,385935556365,0,0
9284,385941237653,0,0
9285,385947070253,0,0
9286,385952523701,1,0
9287,385957860715,0,0
9288,385963638616,1,0
9289,385968934965,1,0
9290,385974125786,0,0
9291,385980038150,1,0
9292,385985188852,0,0
9293,385990944358,0,0
9294,385996689545,1,0
9295,386002046524,1,0
9296,386007400260,1,0
9297,386012831581,1,0
9298,386017964221,1,0
9299,386023136534,1,0
9300,386028326323,0,0
9301,386034047744,1,0
9302,386039069210,1,0
9303,386044320216,0,0
9304,386049968893,0,0
9305,386055547278,1,0
9306,386060973730,0,0
9307,386066357443,0,0
9308,386072069984,1,0
9309,386077066580,1,0
9310,386082437607,1,0
9311,386087766899,1,0
9312,386093059995,0,0
9313,386098828056,1,0
9314,386104047759,1,0
9315,386109324945,1,0
9316,386114731651,0,0
9317,386120497805,0,0
9318,386126015586,1,0
9319,386131453725,1,0
9320,386136778038,1,0
9321,386142148558,1,0
9322,386147581959,0,0
9323,386153469624,0,0
9324,386159483187,0,0
9325,386165216275,0,0
9326,386170974593,1,0
9327,386176250472,0,0
9328,386182050514,1,0
9329,386187191834,0,0
9330,386193068280,1,0
9331,386198218834,0,0
9332,386204594126,0,0
9333,386209956752,1,0
9334,386215143183,0,0
9335,386221153774,1,0
9336,386226470251,0,0
9337,386232168314,0,0
9338,386237955966,0,0
9339,386243642803,0,0
9340,386249497692,1,0
9341,386254803337,0,0
9342,386260588472,1,0
9343,386265919691,0,0
9344,386271704712,1,0
9345,386276918192,0,0
9346,386282653219,0,0
9347,386288431189,0,0
9348,386294141856,1,0
9349,386299682555,0,0
9350,386305618005,0,0
9351,386311690836,0,0
9352,386317585184,1,0
9353,386322974688,1,0
9354,386328134448,0,0
9355,386334056916,1,0
9356,386339067482,0,0
9357,386344861919,1,0
9358,386350058248,1,0
9359,386355455993,1,0
9360,386360752827,0,0
9361,386366683683,1,0
9362,386371949648,0,0
9363,386377651475,0,0
9364,386383611406,1,0
9365,386388989769,0,0
9366,386394602119,0,0
9367,386400674573,1,0
9368,386405977492,1,0
9369,386411152318,1,0
9370,386416524914,0,0
9371,386422215910,0,0
9372,386427964055,0,0
9373,386433916690,0,0
9374,386439663127,1,0
9375,386444945295,0,0
9376,386450592800,1,0
9377,386456031926,1,0
9378,386461261660,1,0
9379,386466440823,0,0
9380,386472147234,0,0
9381,386478093241,0,0
9382,386483782159,0,0
9383,386489633158,0,0
9384,386495716660,1,0
9385,386501194068,0,0
9386,386507142562,0,0
9387,386512685148,0,0
9388,386518854767,0,0
9389,386524667742,0,0
9390,386530577553,0,0
9391,386536515021,1,0
9392,386541964088,0,0
9393,386547687803,0,0
9394,386553573605,0,0
9395,386559444609,1,0
9396,386564796172,1,0
9397,386570066746,1,0
9398,386575512913,1,0
9399,386580936124,1,0
9400,386586047499,0,0
9401,386591787337,0,0
9402,386597638368,0,0
9403,386603545805,0,0
9404,386609479013,0,0
9405,386615444328,0,0
9406,386621395760,1,0
9407,386626705882,0,0
9408,386632620578,1,0
9409,386637882542,0,0
9410,386643539438,1,0
9411,386648751886,1,0
9412,386654030875,1,0
9413,386659333921,0,0
9414,386665116383,0,0
9415,386670843889,0,0
9416,386676423226,1,0
9417,386681767187,1,0
9418,386687260534,1,0
9419,386692660988,0,0
9420,386698903980,1,0
9421,386704189883,0,0
9422,386710046372,1,0
9423,386715173342,1,0
9424,386720186487,0,0
9425,386725765889,1,0
9426,386731497115,0,0
9427,386737160426,1,0
9428,386743633924,1,0
9429,386749251869,1,0
9430,386755539269,0,0
9431,386761325582,1,0
9432,386766833498,0,0
9433,386772586770,0,0
9434,386778162518,1,0
9435,386783685576,1,0
9436,386788978370,1,0
9437,386794193513,1,0
9438,386799601157,1,0
9439,386804937070,0,0
9440,386810641763,0,0
9441,386816479402,1,0
9442,386822776014,1,0
9443,386828066665,1,0
9444,386833489512,1,0
9445,386838610978,1,0
9446,386844043252,1,0
9447,386849475832,1,0
9448,386856191388,1,0
9449,386862414754,0,0
9450,386868212508,0,0
9451,386873836080,0,0
9452,386880075999,1,0
9453,386885290560,0,0
9454,386891413285,1,0
9455,386896881593,1,0
9456,386904593775,0,0
9457,386909947334,0,0
9458,386915935960,1,0
9459,386921486155,0,0
9460,386927632877,1,0
9461,386933545087,1,0
9462,386940802959,1,0
9463,386946212025,1,0
9464,386951512115,0,0
9465,386957038792,0,0
9466,386962717089,0,0
9467,386968272205,0,0
9468,386973875085,1,0
9469,386979148809,0,0
9470,386984589809,0,0
9471,386990172301,1,0
9472,386995316697,0,0
9473,387000861356,1,0
9474,387006076152,0,0
9475,387011726844,1,0
9476,387016883541,0,0
9477,387022606275,0,0
9478,387028205321,0,0
9479,387033884725,1,0
9480,387039084370,0,0
9481,387044771115,0,0
9482,387050469427,0,0
9483,387055944696,0,0
9484,387061649706,1,0
9485,387066935559,1,0
9486,387072142579,1,0
9487,387077610984,1,0
9488,387082904531,0,0
9489,387088830056,1,0
9490,387094077138,1,0
9491,387099395819,0,0
9492,387104970938,0,0
9493,387110738514,1,0
9494,387116052230,0,0
9495,387121873728,1,0
9496,387127043503,0,0
9497,387132830635,1,0
9498,387138164121,1,0
9499,387143453353,0,0
9500,387149606831,0,0
9501,387155473262,1,0
9502,387160879041,1,0
9503,387166093518,0,0
9504,387172039561,1,0
9505,387177486343,0,0
9506,387183512018,1,0
9507,387188865471,0,0
9508,387194754255,1,0
9509,387199954094,1,0
9510,387205328540,1,0
9511,387210637201,1,0
9512,387215935523,0,0
9513,387221778236,0,0
9514,387227568108,0,0
9515,387233302748,0,0
9516,387239064579,1,0
9517,387244526820,1,0
9518,387249850184,1,0
9519,387255042499,0,0
9520,387260690720,0,0
9521,387266480076,1,0
9522,387271823939,0,0
9523,387277307796,1,0
9524,387282422107,1,0
9525,387287646462,0,0
9526,387292993650,0,0
9527,387298379401,1,0
9528,387303634721,0,0
9529,387309214430,1,0
9530,387314310220,0,0
9531,387320064913,0,0
9532,387325687122,1,0
9533,387330829469,0,0
9534,387336705258,0,0
9535,387342303079,0,0
9536,387347941550,1,0
9537,387353577317,1,0
9538,387358927106,0,0
9539,387364958398,0,0
9540,387370665097,1,0
9541,387375916286,0,0
9542,387381630750,1,0
9543,387386979492,0,0
9544,387392672490,1,0
9545,387397863842,1,0
9546,387403040010,0,0
9547,387408725249,1,0
9548,387413912227,0,0
9549,387420052113,1,0
9550,387425391854,0,0
9551,387431147934,0,0
9552,387437058202,0,0
9553,387442840623,0,0
9554,387448716030,1,0
9555,387454052405,0,0
9556,387459839657,1,0
9557,387465039578,1,0
9558,387470167033,0,0
9559,387475909760,0,0
9560,387481776004,1,0
9561,387487094650,1,0
9562,387492533222,0,0
9563,387498507690,1,0
9564,387503801964,1,0
9565,387508965088,0,0
9566,387514736512,0,0
9567,387520661753,0,0
9568,387526496054,0,0
9569,387532359350,1,0
9570,387537785969,0,0
9571,387543627928,0,0
9572,387549175839,1,0
9573,387554348572,0,0
9574,387559986020,1,0
9575,387565030592,1,0
9576,387570153292,0,0
9577,387575668315,1,0
9578,387580876175,0,0
9579,387586944768,1,0
9580,387592167864,1,0
9581,387597614111,1,0
9582,387602964667,1,0
9583,387608178343,0,0
9584,387613946430,1,0
9585,387619268254,0,0
9586,387625035736,0,0
9587,387630748394,1,0
9588,387636074275,1,0
9589,387641423873,0,0
9590,387647576204,0,0
9591,387653500054,1,0
9592,387658872759,0,0
9593,387664813937,1,0
9594,387670250620,1,0
9595,387675608703,0,0
9596,387681562097,1,0
9597,387686889983,0,0
9598,387692823885,1,0
9599,387698065104,0,0
9600,387703923939,1,0
9601,387709195086,0,0
9602,387715044140,0,0
9603,387721080623,1,0
9604,387726269319,0,0
9605,387732100006,1,0
9606,387737179718,0,0
9607,387742869472,0,0
9608,387748840259,1,0
9609,387753927325,1,0
9610,387759122285,0,0
9611,387764684906,0,0
9612,387770354382,1,0
9613,387775557896,1,0
9614,387780722814,0,0
9615,387786418467,0,0
9616,387792029931,1,0
9617,387797189412,0,0
9618,387802781678,0,0
9619,387808658342,0,0
9620,387814549514,0,0
9621,387820431978,0,0
9622,387826071072,1,0
9623,387831523755,1,0
9624,387836859598,0,0
9625,387842639743,1,0
9626,387847939091,1,0
9627,387853258295,1,0
9628,387858736862,1,0
9629,387863941097,1,0
9630,387869086180,0,0
9631,387874839225,1,0
9632,387880058239,0,0
9633,387885708663,1,0
9634,387890877686,1,0
9635,387896080430,0,0
9636,387901687281,0,0
9637,387907337920,1,0
9638,387912320377,0,0
9639,387917934510,1,0
9640,387923057090,0,0
9641,387928618534,1,0
9642,387933920899,0,0
9643,387939667246,0,0
9644,387945625059,0,0
9645,387951625892,0,0
9646,387957619999,0,0
9647,387963216147,1,0
9648,387968635052,1,0
9649,387973927042,0,0
9650,387979639692,0,0
9651,387985625937,1,0
9652,387990958713,1,0
9653,387996137864,0,0
9654,388001945102,1,0
9655,388007101593,0,0
9656,388013073176,0,0
9657,388018731334,0,0
9658,388024568463,0,0
9659,388030487560,0,0
9660,388036484174,0,0
9661,388042555280,1,0
9662,388047981191,0,0
9663,388053735522,0,0
9664,388059661367,1,0
9665,388064970357,0,0
9666,388070707737,0,0
9667,388076602923,0,0
9668,388082613954,1,0
9669,388087951131,1,0
9670,388093413527,0,0
9671,388098902727,0,0
9672,388104566553,1,0
9673,388109884887,0,0
9674,388115628393,1,0
9675,388121109113,0,0
9676,388126553582,1,0
9677,388132074027,1,0
9678,388137561465,1,0
9679,388142902527,1,0
9680,388148088098,1,0
9681,388153564733,1,0
9682,388158937709,0,0
9683,388164578228,0,0
9684,388170336648,1,0
9685,388175754154,1,0
9686,388180996446,1,0
9687,388186163478,1,0
9688,388191503431,0,0
9689,388197498918,1,0
9690,388202936864,0,0
9691,388208552985,1,0
9692,388213942431,1,0
9693,388219076823,0,0
9694,388224679921,0,0
9695,388230551970,1,0
9696,388235861872,0,0
9697,388241500957,0,0
9698,388247265218,0,0
9699,388253162735,0,0
9700,388258852793,1,0
9701,388264066524,1,0
9702,388269471875,1,0
9703,388274827235,0,0
9704,388280655910,1,0
9705,388286034258,1,0
9706,388291205227,1,0
9707,388296568897,0,0
9708,388302519077,0,0
9709,388308514798,1,0
9710,388313745599,0,0
9711,388319357189,1,0
9712,388324634427,0,0
9713,388330254478,0,0
9714,388336048848,1,0
9715,388341204413,1,0
9716,388346594980,1,0
9717,388351653602,0,0
9718,388357316180,0,0
9719,388363166074,0,0
9720,388368702705,0,0
9721,388374449898,1,0
9722,388379716423,0,0
9723,388385376285,0,0
9724,388391173202,0,0
9725,388396864840,0,0
9726,388402360066,0,0
9727,388408157498,1,0
9728,388413218796,0,0
9729,388418934434,1,0
9730,388424145055,1,0
9731,388429146061,0,0
9732,388434829742,1,0
9733,388439957342,1,0
9734,388445085212,0,0
9735,388450902357,0,0
9736,388456351794,1,0
9737,388461637721,1,0
9738,388466991122,0,0
9739,388472780672,1,0
9740,388478094483,0,0
9741,388483868396,1,0
9742,388489087090,0,0
9743,388494623603,1,0
9744,388500146250,1,0
9745,388505204165,1,0
9746,388510530284,0,0
9747,388516310155,1,0
9748,388521611135,0,0
9749,388527331643,0,0
9750,388533044997,1,0
9751,388538082833,0,0
9752,388543766165,0,0
9753,388549355029,0,0
9754,388555120104,1,0
9755,388560135999,0,0
9756,388565725328,0,0
9757,388571218876,1,0
9758,388576265295,0,0
9759,388581874139,0,0
9760,388587751431,1,0
9761,388592992319,1,0
9762,388598193559,0,0
9763,388604054508,0,0
9764,388609730763,0,0
9765,388615605258,1,0
9766,388621054035,0,0
9767,388626726883,0,0
9768,388632861897,0,0
9769,388638387101,0,0
9770,388644529035,0,0
9771,388650292094,1,0
9772,388655801412,1,0
9773,388660998900,1,0
9774,388666187942,0,0
9775,388671879767,1,0
9776,388677080410,1,0
9777,388682496087,0,0
9778,388688280800,1,0
9779,388693672779,1,0
9780,388699123675,0,0
9781,388704751292,0,0
9782,388710740275,0,0
9783,388716652781,1,0
9784,388721988018,0,0
9785,388727800806,0,0
9786,388733550918,1,0
9787,388738772043,0,0
9788,388744499671,0,0
9789,388750187425,1,0
9790,388755390130,1,0
9791,388760579748,1,0
9792,388765839543,0,0
9793,388771660489,1,0
9794,388776879513,1,0
9795,388782247549,0,0
9796,388788185600,1,0
9797,388793516132,0,0
9798,388799153936,1,0
9799,388804444889,1,0
9800,388809825480,0,0
9801,388815598315,1,0
9802,388820886383,0,0
9803,388826766430,0,0
9804,388832672445,1,0
9805,388837967997,1,0
9806,388843144637,0,0
9807,388849151519,0,0
9808,388854578994,1,0
9809,388860098628,1,0
9810,388865287499,1,0
9811,388870468589,0,0
9812,388876068407,1,0
9813,388881259771,0,0
9814,388887185605,0,0
9815,388892808074,0,0
9816,388898916808,1,0
9817,388904077802,1,0
9818,388909491941,1,0
9819,388914801455,0,0
9820,388920641116,0,0
9821,388926490586,1,0
9822,388931843799,1,0
9823,388937071537,1,0
9824,388942366457,1,0
9825,388947736579,1,0
9826,388953116994,0,0
9827,388959021971,1,0
9828,388964240648,1,0
9829,388969539890,1,0
9830,388974869372,0,0
9831,388980539504,0,0
9832,388986209171,1,0
9833,388991490853,1,0
9834,388996739547,1,0
9835,389001887820,0,0
9836,389007570349,0,0
9837,389013200492,1,0
9838,389018588345,0,0
9839,389024479829,1,0
9840,389029782797,0,0
9841,389035545854,0,0
9842,389041355592,1,0
9843,389046826334,1,0
9844,389052099718,0,0
9845,389057953519,1,0
9846,389063446608,1,0
9847,389068838957,1,0
9848,389074240319,0,0
9849,389079967148,1,0
9850,389085094827,1,0
9851,389090589113,1,0
9852,389096294828,0,0
9853,389102118650,0,0
9854,389107932626,1,0
9855,389113127161,0,0
9856,389118972047,0,0
9857,389124826182,0,0
9858,389130705629,1,0
9859,389136222072,0,0
9860,389141993586,0,0
9861,389147930681,0,0
9862,389153813109,0,0
9863,389159745367,0,0
9864,389165567983,0,0
9865,389171565226,0,0
9866,389177516289,0,0
9867,389183227297,1,0
9868,389188455477,1,0
9869,389193742514,1,0
9870,389198963139,1,0
9871,389204307488,1,0
9872,389209716884,1,0
9873,389214917972,0,0
9874,389220626735,1,0
9875,389226675458,1,0
9876,389232086547,0,0
9877,389238065382,1,0
9878,389243557936,1,0
9879,389249091268,0,0
9880,389254911231,0,0
9881,389260809138,1,0
9882,389266092121,1,0
9883,389271818572,1,0
9884,389277151841,0,0
9885,389283061098,1,0
9886,389288496481,0,0
9887,389294673089,1,0
9888,389300484265,0,0
9889,389306535170,1,0
9890,389311888433,1,0
9891,389317175972,0,0
9892,389323052637,0,0
9893,389328758642,0,0
9894,389334630027,1,0
9895,389339992403,0,0
9896,389345734973,1,0
9897,389351078903,0,0
9898,389357102048,0,0
9899,389363229005,0,0
9900,389369028553,1,0
9901,389374610023,0,0
9902,389380751859,0,0
9903,389386642526,0,0
9904,389392572131,0,0
9905,389398445888,1,0
9906,389403906819,1,0
9907,389408939530,1,0
9908,389414082066,0,0
9909,389419894757,1,0
9910,389425578295,1,0
9911,389431076042,1,0
9912,389436329107,1,0
9913,389441821200,0,0
9914,389447641366,1,0
9915,389452882349,0,0
9916,389458969831,0,0
9917,389464679342,1,0
9918,389469858146,0,0
9919,389475586959,0,0
9920,389481527075,0,0
9921,389487557587,0,0
9922,389493611206,0,0
9923,389499456444,0,0
9924,389505220247,1,0
9925,389510747556,0,0
9926,389516644030,0,0
9927,389522601838,0,0
9928,389528482094,1,0
9929,389533949605,1,0
9930,389539336454,0,0
9931,389544863057,1,0
9932,389550024688,0,0
9933,389555664538,1,0
9934,389560919814,0,0
9935,389566791807,0,0
9936,389572581827,1,0
9937,389577874369,1,0
9938,389583187101,1,0
9939,389588626163,1,0
9940,389593991023,0,0
9941,389600058805,1,0
9942,389605401401,1,0
9943,389610690238,0,0
9944,389616522309,1,0
9945,389621895700,0,0
9946,389627782026,0,0
9947,389633719318,0,0
9948,389639695669,0,0
9949,389645539702,1,0
9950,389650879943,0,0
9951,389656689326,0,0
9952,389662680024,0,0
9953,389668687313,0,0
9954,389674654791,0,0
9955,389680636614,0,0
9956,389686677830,1,0
9957,389692089852,1,0
9958,389697709830,0,0
9959,389703594061,1,0
9960,389708968082,0,0
9961,389714964051,1,0
9962,389720428161,0,0
9963,389726483214,0,0
9964,389732379988,0,0
9965,389738215179,1,0
9966,389743539295,0,0
9967,389749598827,1,0
9968,389754941795,1,0
9969,389760430241,1,0
9970,389765834290,0,0
9971,389771558843,1,0
9972,389776840526,0,0
9973,389782642891,0,0
9974,389788569734,0,0
9975,389794457453,1,0
9976,389799872194,0,0
9977,389805727347,1,0
9978,389811078142,1,0
9979,389816665961,1,0
9980,389821930486,1,0
9981,389827564518,1,0
9982,389832892825,1,0
9983,389838069127,1,0
9984,389843490750,1,0
9985,389848821904,1,0
9986,389854067287,0,0
9987,389859933505,0,0
9988,389865910206,0,0
9989,389871626202,1,0
9990,389876966085,0,0
9991,389882760243,1,0
9992,389888029854,0,0
9993,389893720832,0,0
9994,389899709669,1,0
9995,389905022803,0,0
9996,389910717671,1,0
9997,389916022841,1,0
9998,389921197724,1,0
9999,389926687728,1,0
10000,389931947327,1,0
