trial_id,event_start_ns,event,error
1,227533634440,0,0
2,227539422509,1,0
3,227544546287,1,0
4,227549618635,1,0
5,227554684504,1,0
6,227559783547,1,0
7,227564859593,1,0
8,227569862560,1,0
9,227574898499,0,0
10,227580585857,0,0
11,227586289084,1,0
12,227591486169,1,0
13,227596644762,1,0
14,227601693620,0,0
15,227607433991,1,0
16,227612666653,0,0
17,227618470660,0,0
18,227623954056,1,0
19,227629045302,1,0
20,227634111831,0,0
21,227639686835,0,0
22,227645298549,0,0
23,227651034573,1,0
24,227656328818,0,0
25,227661583481,0,0
26,227667538640,0,0
27,227673155596,0,0
28,227678797659,0,0
29,227684497580,1,0
30,227689639320,1,0
31,227694796154,1,0
32,227699923918,1,0
33,227704988769,0,0
34,227710727508,1,0
35,227716022246,1,0
36,227721716015,1,0
37,227726771119,0,0
38,227732416921,0,0
39,227738537924,0,0
40,227744342312,1,0
41,227749500145,1,0
42,227754679150,0,0
43,227760235746,0,0
44,227765977859,0,0
45,227771532173,1,0
46,227776855154,0,0
47,227782606166,0,0
48,227788150602,1,0
49,227793225985,0,0
50,227798732426,0,0
51,227804220265,0,0
52,227809803305,1,0
53,227815026999,1,0
54,227820032977,0,0
55,227825692783,0,0
56,227831093067,0,0
57,227836757923,0,0
58,227842659760,0,0
59,227848694471,1,0
60,227853835751,0,0
61,227859403222,0,0
62,227865063800,0,0
63,227870722953,1,0
64,227875839835,1,0
65,227880919489,1,0
66,227886051374,1,0
67,227891227505,1,0
68,227896273116,1,0
69,227901487266,1,0
70,227906640462,0,0
71,227912304100,0,0
72,227917753035,1,0
73,227923026682,0,0
74,227928425340,0,0
75,227934068970,1,0
76,227939120701,1,0
77,227944208123,0,0
78,227949947323,1,0
79,227954885414,0,0
80,227960335695,1,0
81,227965420883,0,0
82,227970712771,0,0
83,227976069800,0,0
84,227981747599,0,0
85,227987013532,0,0
86,227992374433,0,0
87,227997869527,0,0
88,228003269616,1,0
89,228008311767,0,0
90,228013947635,1,0
91,228019152226,1,0
92,228024580409,0,0
93,228030155445,0,0
94,228035692454,0,0
95,228041143533,0,0
96,228046757669,0,0
97,228052383331,1,0
98,228057610086,0,0
99,228063275836,1,0
100,228068541724,1,0
101,228073653189,1,0
102,228078835312,1,0
103,228083926770,0,0
104,228089630209,1,0
105,228094918510,1,0
106,228099995309,0,0
107,228105471546,1,0
108,228110711640,1,0
109,228115784656,1,0
110,228120870151,1,0
111,228125929920,0,0
112,228131590675,0,0
113,228137223408,0,0
114,228142893030,1,0
115,228148133303,1,0
116,228153114843,1,0
117,228158261492,0,0
118,228164037691,1,0
119,228169213634,1,0
120,228174282230,0,0
121,228179934293,0,0
122,228185244510,1,0
123,228190298161,0,0
124,228195846943,0,0
125,228201319380,0,0
126,228206869776,1,0
127,228211995259,1,0
128,228217069452,1,0
129,228222203268,0,0
130,228227978898,1,0
131,228232950456,1,0
132,228238093361,1,0
133,228243232924,1,0
134,228248281836,0,0
135,228253623110,0,0
136,228258876865,1,0
137,228263958710,0,0
138,228269250520,1,0
139,228274250286,0,0
140,228279715568,1,0
141,228284795488,1,0
142,228289861344,0,0
143,228295395621,0,0
144,228300863580,1,0
145,228305885281,0,0
146,228311382090,1,0
147,228316446102,0,0
148,228322120709,0,0
149,228327765247,0,0
150,228333261763,1,0
151,228338457118,1,0
152,228343649979,1,0
153,228348712073,1,0
154,228353774236,1,0
155,228358847341,1,0
156,228363892297,1,0
157,228368973360,1,0
158,228374134028,1,0
159,228379237511,1,0
160,228384285770,0,0
161,228389702576,1,0
162,228394725908,0,0
163,228400188484,1,0
164,228405182591,0,0
165,228410449181,1,0
166,228415458735,1,0
167,228420476502,0,0
168,228425735195,1,0
169,228430762789,1,0
170,228435857733,1,0
171,228441071422,0,0
172,228446748247,1,0
173,228451813663,1,0
174,228456957477,0,0
175,228462536827,0,0
176,228468055821,1,0
177,228473120729,1,0
178,228478200310,0,0
179,228483997566,0,0
180,228489514869,1,0
181,228494667753,1,0
182,228499720520,1,0
183,228504764552,0,0
184,228510188621,1,0
185,228515214862,0,0
186,228520725601,1,0
187,228525791201,0,0
188,228531229049,0,0
189,228536644073,0,0
190,228542097012,1,0
191,228547141882,1,0
192,228552183666,1,0
193,228557208674,0,0
194,228562690736,0,0
195,228568148450,0,0
196,228573571989,1,0
197,228578654728,0,0
198,228583959894,1,0
199,228589017123,1,0
200,228594075462,0,0
201,228599491978,0,0
202,228604871655,1,0
203,228609916279,0,0
204,228615460195,0,0
205,228620867645,0,0
206,228626223372,0,0
207,228631475486,1,0
208,228636559026,1,0
209,228641634894,0,0
210,228647105885,0,0
211,228652587391,1,0
212,228657648035,0,0
213,228663161576,1,0
214,228668245646,0,0
215,228673596701,1,0
216,228678646693,0,0
217,228683884265,0,0
218,228689455616,0,0
219,228694765862,1,0
220,228699803954,1,0
221,228704884769,0,0
222,228710336496,0,0
223,228715777719,1,0
224,228720864593,0,0
225,228726270355,0,0
226,228731800393,0,0
227,228737099994,0,0
228,228742548913,1,0
229,228747640573,0,0
230,228753120981,0,0
231,228758648339,1,0
232,228763673590,1,0
233,228768773602,0,0
234,228774256888,0,0
235,228779759769,0,0
236,228785208305,1,0
237,228790258983,0,0
238,228795825880,1,0
239,228800890050,0,0
240,228806358360,1,0
241,228811401300,0,0
242,228816798070,0,0
243,228822209883,0,0
244,228827644374,1,0
245,228832687119,1,0
246,228837803206,0,0
247,228843271547,0,0
248,228848797512,1,0
249,228853925948,0,0
250,228859663906,0,0
251,228865599008,0,0
252,228871699441,0,0
253,228877562049,0,0
254,228883561379,0,0
255,228889476801,1,0
256,228894527747,1,0
257,228899553347,0,0
258,228905014934,0,0
259,228910602033,1,0
260,228915711720,0,0
261,228921236805,1,0
262,228926253697,0,0
263,228931877660,1,0
264,228936905610,0,0
265,228942503459,0,0
266,228948016936,1,0
267,228953128919,0,0
268,228958716865,1,0
269,228963721681,0,0
270,228969126550,0,0
271,228974584968,1,0
272,228979652864,1,0
273,228984684182,1,0
274,228989772011,0,0
275,228995135384,1,0
276,229000162170,0,0
277,229005911518,1,0
278,229011033639,0,0
279,229016878500,1,0
280,229022239025,1,0
281,229027643022,1,0
282,229032926973,0,0
283,229038623357,1,0
284,229043797079,0,0
285,229049279228,1,0
286,229054609778,0,0
287,229060186557,0,0
288,229065911921,0,0
289,229071534578,0,0
290,229077148577,1,0
291,229082462433,1,0
292,229087484233,1,0
293,229092551527,1,0
294,229097746290,1,0
295,229102788202,1,0
296,229107931563,0,0
297,229113646260,0,0
298,229119317365,1,0
299,229124551982,0,0
300,229130305723,1,0
301,229135806431,1,0
302,229140960704,1,0
303,229146181065,0,0
304,229151941233,1,0
305,229157116302,1,0
306,229162275115,1,0
307,229167464901,1,0
308,229172792217,0,0
309,229178579602,1,0
310,229183705255,0,0
311,229189333492,1,0
312,229194491944,1,0
313,229199681383,0,0
314,229204972918,1,0
315,229210031182,1,0
316,229215021742,1,0
317,229220128983,1,0
318,229225213364,1,0
319,229230288106,0,0
320,229235892180,0,0
321,229241471095,1,0
322,229246523890,0,0
323,229252219743,1,0
324,229257360145,1,0
325,229262542444,0,0
326,229268108984,1,0
327,229273387971,1,0
328,229278564565,0,0
329,229284164110,0,0
330,229289967649,1,0
331,229294978282,1,0
332,229300033054,1,0
333,229305115370,1,0
334,229310151198,1,0
335,229315266194,0,0
336,229321252924,0,0
337,229326978358,0,0
338,229332732349,1,0
339,229337922800,0,0
340,229343622227,0,0
341,229349575524,0,0
342,229355282391,0,0
343,229360939657,0,0
344,229366480489,1,0
345,229371595717,0,0
346,229377293398,1,0
347,229382346856,1,0
348,229387365640,1,0
349,229392316252,1,0
350,229397415624,0,0
351,229402913421,1,0
352,229407969686,1,0
353,229413101309,0,0
354,229418522891,1,0
355,229423721766,1,0
356,229428771293,1,0
357,229433848009,0,0
358,229439373185,1,0
359,229444395841,1,0
360,229449417087,0,0
361,229454827254,0,0
362,229460285974,0,0
363,229465670940,0,0
364,229471159214,0,0
365,229476485305,0,0
366,229481914036,1,0
367,229486981257,1,0
368,229492019360,0,0
369,229497431129,1,0
370,229502406073,0,0
371,229507790388,0,0
372,229513400192,0,0
373,229519273218,0,0
374,229524992730,0,0
375,229530495604,0,0
376,229536130028,0,0
377,229541755268,0,0
378,229547352150,1,0
379,229552494692,0,0
380,229558027362,0,0
381,229563554063,0,0
382,229569250416,1,0
383,229574777448,1,0
384,229579902195,0,0
385,229585673278,1,0
386,229590958721,0,0
387,229596736703,1,0
388,229602106391,1,0
389,229607705254,0,0
390,229613591408,1,0
391,229618693571,1,0
392,229623770466,0,0
393,229629460991,1,0
394,229634542548,1,0
395,229639624504,1,0
396,229644688618,0,0
397,229650172387,1,0
398,229655186999,1,0
399,229660218918,0,0
400,229665832089,1,0
401,229670887638,1,0
402,229675931742,1,0
403,229681012523,1,0
404,229686504848,0,0
405,229692136151,1,0
406,229697260777,0,0
407,229703044197,0,0
408,229708517853,1,0
409,229713720211,0,0
410,229719265068,1,0
411,229724386672,0,0
412,229730056096,0,0
413,229735911647,0,0
414,229741371681,1,0
415,229746542260,1,0
416,229751695042,1,0
417,229756805091,1,0
418,229761913127,0,0
419,229767524950,0,0
420,229773256218,0,0
421,229779034523,0,0
422,229784523116,1,0
423,229789815555,1,0
424,229794724128,1,0
425,229799985701,1,0
426,229805136109,1,0
427,229810255316,0,0
428,229815962493,1,0
429,229821183809,1,0
430,229826720572,1,0
431,229831680656,0,0
432,229837441545,1,0
433,229842593419,0,0
434,229848276486,0,0
435,229854053351,0,0
436,229859526202,0,0
437,229865147683,1,0
438,229870239856,0,0
439,229876034690,1,0
440,229880946275,0,0
441,229886801461,0,0
442,229892389010,0,0
443,229898097417,1,0
444,229903235920,1,0
445,229908300875,1,0
446,229913430619,0,0
447,229919064982,1,0
448,229923957404,1,0
449,229928981355,1,0
450,229934031718,1,0
451,229939159808,1,0
452,229944249739,0,0
453,229949601795,0,0
454,229954975708,1,0
455,229960112720,0,0
456,229965926189,1,0
457,229971095750,0,0
458,229976774486,1,0
459,229981853037,1,0
460,229986966931,0,0
461,229992613004,1,0
462,229997726954,1,0
463,230002796496,1,0
464,230007828155,0,0
465,230013209402,1,0
466,230018216495,1,0
467,230023279590,0,0
468,230029059073,1,0
469,230034084189,1,0
470,230039074146,1,0
471,230044183610,0,0
472,230049753341,1,0
473,230054826607,0,0
474,230060257595,1,0
475,230065451836,0,0
476,230071049867,1,0
477,230076287850,0,0
478,230081502993,0,0
479,230086742277,0,0
480,230092013104,1,0
481,230097166686,1,0
482,230102241751,0,0
483,230107673797,1,0
484,230112796559,0,0
485,230118367126,1,0
486,230123467204,1,0
487,230128523278,1,0
488,230133636105,1,0
489,230138740436,0,0
490,230144417549,1,0
491,230149584123,1,0
492,230154702258,1,0
493,230159799372,1,0
494,230164871158,1,0
495,230169936216,0,0
496,230175426666,1,0
497,230180464912,0,0
498,230185621965,1,0
499,230190737626,0,0
500,230196019328,1,0
501,230201170048,1,0
502,230206250991,0,0
503,230211511520,0,0
504,230216707752,0,0
505,230222031569,1,0
506,230227089824,1,0
507,230232136026,0,0
508,230237434129,1,0
509,230242858337,0,0
510,230248516183,0,0
511,230253989006,1,0
512,230259151080,1,0
513,230264484164,1,0
514,230269655462,1,0
515,230274846398,0,0
516,230280378712,1,0
517,230285561274,0,0
518,230291403803,1,0
519,230296532243,1,0
520,230301642075,1,0
521,230306697331,0,0
522,230312159039,1,0
523,230317181864,1,0
524,230322217389,1,0
525,230327222300,1,0
526,230332218193,1,0
527,230337233991,0,0
528,230342682587,1,0
529,230347784141,0,0
530,230353202426,0,0
531,230358641212,0,0
532,230364265107,0,0
533,230369797131,1,0
534,230374961244,1,0
535,230379945382,0,0
536,230385329842,1,0
537,230390515644,1,0
538,230395541509,1,0
539,230400598939,0,0
540,230406019542,1,0
541,230411206818,0,0
542,230416738343,1,0
543,230421812953,1,0
544,230426879929,1,0
545,230432033849,0,0
546,230437694129,1,0
547,230442806631,0,0
548,230448568785,1,0
549,230453699418,1,0
550,230458812140,1,0
551,230463943607,1,0
552,230469117433,1,0
553,230474436982,1,0
554,230479504597,0,0
555,230485090370,1,0
556,230490027740,1,0
557,230495094437,0,0
558,230500647021,1,0
559,230505683849,0,0
560,230511387435,0,0
561,230517092752,1,0
562,230522134485,0,0
563,230527666198,1,0
564,230532978796,0,0
565,230538252352,0,0
566,230543922306,0,0
567,230549565770,0,0
568,230555254371,0,0
569,230560948025,0,0
570,230566345548,0,0
571,230572234690,0,0
572,230577560721,0,0
573,230583268181,1,0
574,230588669729,1,0
575,230594034108,1,0
576,230599275864,1,0
577,230604491746,0,0
578,230610517577,0,0
579,230616202964,1,0
580,230621254896,0,0
581,230626809962,1,0
582,230631857019,0,0
583,230637259523,0,0
584,230642990836,1,0
585,230647947367,0,0
586,230653626813,0,0
587,230659552369,1,0
588,230664689946,1,0
589,230669748302,1,0
590,230674753917,0,0
591,230680305305,1,0
592,230685476843,1,0
593,230690671556,0,0
594,230696286249,0,0
595,230701778987,1,0
596,230707055540,1,0
597,230712436754,0,0
598,230718090562,0,0
599,230723811044,1,0
600,230728911155,0,0
601,230734470245,0,0
602,230740124795,1,0
603,230745211707,1,0
604,230750235659,1,0
605,230755245462,1,0
606,230760248276,1,0
607,230765210491,1,0
608,230770303524,1,0
609,230775510657,0,0
610,230781739553,0,0
611,230787336735,1,0
612,230792582547,0,0
613,230798150893,0,0
614,230803772125,1,0
615,230808913376,1,0
616,230813933082,1,0
617,230818970458,0,0
618,230824698235,1,0
619,230829780144,1,0
620,230834836823,0,0
621,230840460775,0,0
622,230845923258,1,0
623,230850976897,1,0
624,230856030850,0,0
625,230861469041,0,0
626,230866883431,0,0
627,230872358537,0,0
628,230878032845,1,0
629,230883195082,1,0
630,230888228018,1,0
631,230893215840,1,0
632,230898215683,1,0
633,230903307382,1,0
634,230908387139,0,0
635,230913745436,1,0
636,230918808722,1,0
637,230923865843,0,0
638,230929424294,1,0
639,230934488100,0,0
640,230939951712,0,0
641,230945459334,1,0
642,230950466183,0,0
643,230955892747,0,0
644,230961284377,1,0
645,230966280505,0,0
646,230971889476,0,0
647,230977469456,1,0
648,230982567567,0,0
649,230988105258,0,0
650,230993663285,0,0
651,230999131819,0,0
652,231004619403,1,0
653,231009655615,1,0
654,231014732292,0,0
655,231020190573,0,0
656,231025759874,1,0
657,231030811624,0,0
658,231036287696,1,0
659,231041353444,0,0
660,231046839589,1,0
661,231051956510,0,0
662,231057389740,0,0
663,231062934397,0,0
664,231068251990,0,0
665,231073941047,1,0
666,231079024144,1,0
667,231084027666,0,0
668,231089608038,0,0
669,231095202054,1,0
670,231100256883,1,0
671,231105517881,0,0
672,231111203828,0,0
673,231116703727,0,0
674,231122208046,1,0
675,231127254697,0,0
676,231132751474,0,0
677,231138778272,0,0
678,231144617016,0,0
679,231150586654,0,0
680,231156019029,0,0
681,231161728893,0,0
682,231167587197,1,0
683,231172674824,1,0
684,231177759696,0,0
685,231183519336,1,0
686,231188793058,1,0
687,231193891713,1,0
688,231198936339,1,0
689,231204019475,0,0
690,231209718834,0,0
691,231215422599,0,0
692,231221037181,0,0
693,231226793100,0,0
694,231232708783,0,0
695,231238518778,1,0
696,231243641806,0,0
697,231249389703,1,0
698,231254559208,1,0
699,231259842815,0,0
700,231265522699,1,0
701,231270728069,1,0
702,231275787518,1,0
703,231280904735,1,0
704,231285930023,1,0
705,231290940589,0,0
706,231296424719,0,0
707,231301676362,1,0
708,231306722802,1,0
709,231311794900,1,0
710,231316884876,1,0
711,231321908009,0,0
712,231327671354,1,0
713,231332776507,0,0
714,231338369986,1,0
715,231343510732,0,0
716,231349125919,0,0
717,231354879694,1,0
718,231359960257,1,0
719,231365019072,1,0
720,231370044764,0,0
721,231375863025,0,0
722,231381557018,0,0
723,231387099492,1,0
724,231392523468,1,0
725,231397766247,0,0
726,231403434728,0,0
727,231409032013,0,0
728,231414427289,1,0
729,231419471583,1,0
730,231424490631,1,0
731,231429485364,1,0
732,231434732949,0,0
733,231440478568,0,0
734,231446104945,0,0
735,231451591280,1,0
736,231456818183,1,0
737,231462098278,1,0
738,231466988702,1,0
739,231472041652,1,0
740,231477442716,0,0
741,231483048072,0,0
742,231488670691,0,0
743,231494498003,1,0
744,231499756728,1,0
745,231504809310,1,0
746,231509818497,0,0
747,231515391660,0,0
748,231520687740,1,0
749,231525777665,0,0
750,231531387213,0,0
751,231536991404,0,0
752,231542680190,1,0
753,231547892537,1,0
754,231553289287,0,0
755,231558901144,0,0
756,231564637155,1,0
757,231569941116,0,0
758,231575377981,0,0
759,231581231325,1,0
760,231586256141,1,0
761,231591431947,1,0
762,231596611882,1,0
763,231601762697,0,0
764,231607385705,0,0
765,231613240311,0,0
766,231618944462,1,0
767,231623859436,0,0
768,231629392479,0,0
769,231634753959,1,0
770,231639804398,0,0
771,231645326002,0,0
772,231651106410,0,0
773,231656537451,1,0
774,231661625978,1,0
775,231666654873,1,0
776,231671669527,0,0
777,231677271329,0,0
778,231682872535,0,0
779,231688259287,0,0
780,231693855924,0,0
781,231699567418,0,0
782,231705223935,0,0
783,231711038270,1,0
784,231716036491,1,0
785,231721113906,0,0
786,231726700615,1,0
787,231731714052,0,0
788,231737300008,1,0
789,231742617202,0,0
790,231748160983,0,0
791,231753846263,0,0
792,231759502727,0,0
793,231765189518,0,0
794,231771114667,0,0
795,231776739315,1,0
796,231781939500,0,0
797,231787526133,0,0
798,231793078698,1,0
799,231798155434,1,0
800,231803139793,1,0
801,231808239592,1,0
802,231813277979,1,0
803,231818477513,0,0
804,231824118817,1,0
805,231829174086,0,0
806,231834874796,1,0
807,231839986723,0,0
808,231845966989,1,0
809,231851218075,1,0
810,231856506171,1,0
811,231861571191,1,0
812,231866775915,1,0
813,231871864921,0,0
814,231877436208,1,0
815,231882673157,0,0
816,231888375327,0,0
817,231894097628,0,0
818,231900038319,1,0
819,231905035760,0,0
820,231910706404,1,0
821,231915805271,1,0
822,231920906777,0,0
823,231926276099,0,0
824,231931990603,0,0
825,231937333540,1,0
826,231942535103,0,0
827,231948171670,1,0
828,231953348806,0,0
829,231958661082,0,0
830,231964236381,1,0
831,231969265212,1,0
832,231974422965,0,0
833,231980080645,1,0
834,231985100393,0,0
835,231990460759,0,0
836,231995990503,1,0
837,232004386782,0,0
838,232010034448,1,0
839,232015480930,1,0
840,232020625144,0,0
841,232026242293,1,0
842,232031256284,1,0
843,232036295314,1,0
844,232041308981,1,0
845,232046347285,1,0
846,232051368197,0,0
847,232056972682,0,0
848,232062320504,1,0
849,232067394169,0,0
850,232072790356,0,0
851,232078174535,0,0
852,232083753287,0,0
853,232089471117,1,0
854,232094734770,0,0
855,232100339885,1,0
856,232105610448,1,0
857,232110958158,0,0
858,232116734662,0,0
859,232122381814,1,0
860,232127746870,0,0
861,232133606560,1,0
862,232138743036,1,0
863,232143981233,0,0
864,232149578851,1,0
865,232154825685,0,0
866,232160416418,0,0
867,232166183290,1,0
868,232171448985,0,0
869,232177126372,1,0
870,232182641184,0,0
871,232188628887,0,0
872,232194102467,1,0
873,232199115961,1,0
874,232204521549,1,0
875,232209697738,0,0
876,232215261728,1,0
877,232220502548,1,0
878,232225730679,0,0
879,232231293951,1,0
880,232236561786,0,0
881,232242342463,0,0
882,232248045075,1,0
883,232253529139,0,0
884,232259304527,0,0
885,232264633647,0,0
886,232270227243,0,0
887,232275665281,1,0
888,232280716325,1,0
889,232285827680,1,0
890,232290854988,0,0
891,232296201771,1,0
892,232301183149,0,0
893,232306731368,1,0
894,232311827506,0,0
895,232317141115,0,0
896,232322447595,1,0
897,232327473263,0,0
898,232332782009,0,0
899,232338133109,0,0
900,232343489137,1,0
901,232348560112,1,0
902,232353608679,0,0
903,232359186167,0,0
904,232364589451,0,0
905,232369931786,0,0
906,232375593102,0,0
907,232380968427,0,0
908,232386408854,1,0
909,232391431067,1,0
910,232396428018,1,0
911,232401467872,0,0
912,232406871703,1,0
913,232411876466,1,0
914,232416951763,1,0
915,232422007511,1,0
916,232427020428,0,0
917,232432612642,0,0
918,232438020658,1,0
919,232443111251,0,0
920,232448687282,1,0
921,232453763738,0,0
922,232459140375,1,0
923,232464159951,0,0
924,232469655538,1,0
925,232474712903,1,0
926,232479729366,1,0
927,232484751116,1,0
928,232489800717,1,0
929,232494830155,1,0
930,232499835237,0,0
931,232505265292,1,0
932,232510288734,0,0
933,232515769910,1,0
934,232520849395,0,0
935,232525994409,1,0
936,232531016713,0,0
937,232536386313,0,0
938,232541625852,0,0
939,232547127417,0,0
940,232552669729,1,0
941,232557731869,1,0
942,232562789966,1,0
943,232567809892,1,0
944,232572850017,0,0
945,232578141704,0,0
946,232583618569,1,0
947,232588673057,1,0
948,232593713821,0,0
949,232599011811,0,0
950,232604217175,1,0
951,232609217046,1,0
952,232614204296,1,0
953,232619226101,0,0
954,232624288573,0,0
955,232629561489,0,0
956,232634835810,0,0
957,232640087010,1,0
958,232645177310,1,0
959,232650214056,1,0
960,232655249140,0,0
961,232660580878,1,0
962,232665716335,0,0
963,232671213568,0,0
964,232676743625,0,0
965,232682524172,1,0
966,232687632697,0,0
967,232693126167,1,0
968,232698196464,1,0
969,232703212706,0,0
970,232708611514,0,0
971,232714103147,0,0
972,232719502106,1,0
973,232724580853,1,0
974,232729889696,0,0
975,232735515352,0,0
976,232741149989,1,0
977,232746651841,1,0
978,232751771429,1,0
979,232756852483,1,0
980,232762033063,1,0
981,232767437207,1,0
982,232772707447,0,0
983,232778409299,1,0
984,232783560262,1,0
985,232788623683,0,0
986,232794242919,1,0
987,232799250883,1,0
988,232804261476,0,0
989,232809768455,1,0
990,232814899132,1,0
991,232820189991,1,0
992,232825431607,0,0
993,232831187386,1,0
994,232836271692,0,0
995,232841890891,1,0
996,232847050762,0,0
997,232852880031,0,0
998,232858661841,0,0
999,232864689307,1,0
1000,232870046646,1,0
1001,232875493273,1,0
1002,232880759682,1,0
1003,232886038883,0,0
1004,232891753206,0,0
1005,232897546400,1,0
1006,232902953466,1,0
1007,232908047119,1,0
1008,232913571257,1,0
1009,232918933173,0,0
1010,232924759953,0,0
1011,232930565263,0,0
1012,232936398007,0,0
1013,232942170371,0,0
1014,232947604172,1,0
1015,232952689928,0,0
1016,232958155998,1,0
1017,232963252898,0,0
1018,232968604575,0,0
1019,232974015470,0,0
1020,232979458579,1,0
1021,232984572002,1,0
1022,232989786819,0,0
1023,232995387433,0,0
1024,233001127611,1,0
1025,233006035542,0,0
1026,233011835416,0,0
1027,233017620249,0,0
1028,233023483164,0,0
1029,233029043660,1,0
1030,233034583486,0,0
1031,233040494277,1,0
1032,233045825930,0,0
1033,233051716075,0,0
1034,233057348690,1,0
1035,233062942733,1,0
1036,233068215235,1,0
1037,233073556786,1,0
1038,233078875476,0,0
1039,233084481792,1,0
1040,233089803487,1,0
1041,233094850388,1,0
1042,233100019635,1,0
1043,233105112576,0,0
1044,233110699878,0,0
1045,233116523877,0,0
1046,233121946018,0,0
1047,233127552187,1,0
1048,233132701102,0,0
1049,233138583943,1,0
1050,233143911924,1,0
1051,233149072311,1,0
1052,233154449167,1,0
1053,233159808694,0,0
1054,233165643983,0,0
1055,233171596175,1,0
1056,233176754994,1,0
1057,233182032378,1,0
1058,233187177475,1,0
1059,233192610767,0,0
1060,233198245085,0,0
1061,233203894111,1,0
1062,233209048752,0,0
1063,233214692083,1,0
1064,233219951162,0,0
1065,233225814757,0,0
1066,233231696388,0,0
1067,233237600406,0,0
1068,233243431375,1,0
1069,233248637474,0,0
1070,233254427685,0,0
1071,233259957450,1,0
1072,233265041103,1,0
1073,233270483492,0,0
1074,233276127343,1,0
1075,233281613130,1,0
1076,233286843178,1,0
1077,233292099597,1,0
1078,233297190735,1,0
1079,233302289535,0,0
1080,233307756140,0,0
1081,233313142114,1,0
1082,233318241284,1,0
1083,233323341404,0,0
1084,233328925186,0,0
1085,233334310139,1,0
1086,233339445861,0,0
1087,233344842178,0,0
1088,233350269764,0,0
1089,233355620634,1,0
1090,233360729124,1,0
1091,233365966804,0,0
1092,233371227171,1,0
1093,233376254336,1,0
1094,233381289178,1,0
1095,233386404849,0,0
1096,233391647451,0,0
1097,233397053425,0,0
1098,233402246691,1,0
1099,233407243333,0,0
1100,233412518729,1,0
1101,233417624454,0,0
1102,233422914133,1,0
1103,233427969878,0,0
1104,233433420143,1,0
1105,233438490060,0,0
1106,233443856998,0,0
1107,233449179223,1,0
1108,233454239306,0,0
1109,233459528939,1,0
1110,233464673026,0,0
1111,233470045636,1,0
1112,233475215841,1,0
1113,233480331393,1,0
1114,233485594270,1,0
1115,233490966176,0,0
1116,233496427525,1,0
1117,233501566958,0,0
1118,233507018691,1,0
1119,233512113755,1,0
1120,233517433787,1,0
1121,233522735251,1,0
1122,233527957964,0,0
1123,233533597644,1,0
1124,233538913669,0,0
1125,233544737915,1,0
1126,233549925738,0,0
1127,233555707277,1,0
1128,233561124602,0,0
1129,233566741746,0,0
1130,233572346088,0,0
1131,233578047704,0,0
1132,233583670283,1,0
1133,233589045132,0,0
1134,233594631733,0,0
1135,233600225502,1,0
1136,233605352588,1,0
1137,233610666298,1,0
1138,233615865018,0,0
1139,233621574709,0,0
1140,233627207320,1,0
1141,233632253425,1,0
1142,233637342483,1,0
1143,233642580398,1,0
1144,233647834216,0,0
1145,233653653527,1,0
1146,233658918028,0,0
1147,233664635543,1,0
1148,233669906511,1,0
1149,233674908455,1,0
1150,233679964898,1,0
1151,233685519888,1,0
1152,233690917736,1,0
1153,233696066014,1,0
1154,233701484313,1,0
1155,233706810536,0,0
1156,233712500357,0,0
1157,233718393430,1,0
1158,233723780746,1,0
1159,233728746707,0,0
1160,233734506891,1,0
1161,233739685150,1,0
1162,233744980212,0,0
1163,233750245300,1,0
1164,233755256928,1,0
1165,233760476443,0,0
1166,233766059347,1,0
1167,233771016485,1,0
1168,233776119967,1,0
1169,233781067886,0,0
1170,233786678974,1,0
1171,233791782643,1,0
1172,233797039970,1,0
1173,233802554399,1,0
1174,233808264580,0,0
1175,233814049382,0,0
1176,233819717108,1,0
1177,233825191868,0,0
1178,233830945143,1,0
1179,233836155710,0,0
1180,233842030569,0,0
1181,233847929942,1,0
1182,233852935282,0,0
1183,233858601678,1,0
1184,233863833098,0,0
1185,233869609043,1,0
1186,233874905190,0,0
1187,233880707288,1,0
1188,233886211349,0,0
1189,233892129981,1,0
1190,233897521117,0,0
1191,233903516560,1,0
1192,233908855013,0,0
1193,233914625027,1,0
1194,233919827359,0,0
1195,233925613329,1,0
1196,233930826242,0,0
1197,233936339638,1,0
1198,233941801115,1,0
1199,233946919746,1,0
1200,233952052152,1,0
1201,233957197175,1,0
1202,233962447876,1,0
1203,233967615937,0,0
1204,233973166922,0,0
1205,233978985609,1,0
1206,233984137801,0,0
1207,233989929012,1,0
1208,233995171070,0,0
1209,234001200416,1,0
1210,234006033361,0,0
1211,234011644274,0,0
1212,234017643538,0,0
1213,234023718648,0,0
1214,234029584057,0,0
1215,234035468898,1,0
1216,234040810149,0,0
1217,234046634601,0,0
1218,234052524478,1,0
1219,234057724902,0,0
1220,234063253464,0,0
1221,234068889639,1,0
1222,234073936708,0,0
1223,234079354787,0,0
1224,234084839430,1,0
1225,234089916800,1,0
1226,234094966203,0,0
1227,234100337739,1,0
1228,234105462114,0,0
1229,234110947522,1,0
1230,234117800549,0,0
1231,234123252283,0,0
1232,234128862136,0,0
1233,234134462457,0,0
1234,234139845835,0,0
1235,234145404255,1,0
1236,234150518447,0,0
1237,234155870063,0,0
1238,234161193756,0,0
1239,234166481718,0,0
1240,234171801716,0,0
1241,234177171542,0,0
1242,234182667428,1,0
1243,234187684751,1,0
1244,234192732129,1,0
1245,234197786713,0,0
1246,234203257767,0,0
1247,234208655926,0,0
1248,234214070404,0,0
1249,234219652198,0,0
1250,234225178756,1,0
1251,234230543032,0,0
1252,234235913273,1,0
1253,234241092173,0,0
1254,234246613990,0,0
1255,234252214821,0,0
1256,234257833563,1,0
1257,234262869961,0,0
1258,234268310359,1,0
1259,234273504526,0,0
1260,234278916907,0,0
1261,234284453898,0,0
1262,234289780084,0,0
1263,234295083764,1,0
1264,234300374002,0,0
1265,234305649333,0,0
1266,234311087756,1,0
1267,234316391419,1,0
1268,234321516943,1,0
1269,234326588654,1,0
1270,234331864515,0,0
1271,234337682902,1,0
1272,234342877404,0,0
1273,234348587300,1,0
1274,234353913715,1,0
1275,234359092041,0,0
1276,234364785598,0,0
1277,234370729249,1,0
1278,234376090499,1,0
1279,234381578251,0,0
1280,234387473120,1,0
1281,234392744551,1,0
1282,234397867302,0,0
1283,234403448717,1,0
1284,234408718061,0,0
1285,234414038236,1,0
1286,234419167610,0,0
1287,234424619339,0,0
1288,234430083548,0,0
1289,234435676715,1,0
1290,234440769658,0,0
1291,234446418963,0,0
1292,234451953803,1,0
1293,234456920904,0,0
1294,234462342373,1,0
1295,234467412491,1,0
1296,234472482099,1,0
1297,234477519976,1,0
1298,234482527157,0,0
1299,234488069285,0,0
1300,234493688491,1,0
1301,234498863078,0,0
1302,234504497408,0,0
1303,234510094917,1,0
1304,234515078474,0,0
1305,234520446166,0,0
1306,234525911604,0,0
1307,234531538025,1,0
1308,234536717507,1,0
1309,234541806329,1,0
1310,234546875257,1,0
1311,234552097175,1,0
1312,234557078673,0,0
1313,234562624224,1,0
1314,234567925951,1,0
1315,234572971773,0,0
1316,234578654691,1,0
1317,234583901682,0,0
1318,234589450680,1,0
1319,234594612509,0,0
1320,234600080218,1,0
1321,234605249927,0,0
1322,234610677009,1,0
1323,234615959165,1,0
1324,234621098357,0,0
1325,234626265262,0,0
1326,234631557796,1,0
1327,234640530293,0,0
1328,234645960094,0,0
1329,234651483937,0,0
1330,234657165525,0,0
1331,234662693146,0,0
1332,234668105130,0,0
1333,234673957320,0,0
1334,234679792121,1,0
1335,234684938262,0,0
1336,234690389932,0,0
1337,234696100464,1,0
1338,234701241843,0,0
1339,234707171520,1,0
1340,234712795278,1,0
1341,234718037279,0,0
1342,234723710038,1,0
1343,234729091115,0,0
1344,234734365558,1,0
1345,234739703211,1,0
1346,234744835695,1,0
1347,234750092133,1,0
1348,234755209322,0,0
1349,234760987695,1,0
1350,234766545852,1,0
1351,234771793235,1,0
1352,234776889368,1,0
1353,234781968006,0,0
1354,234787658953,1,0
1355,234792910028,0,0
1356,234798568772,0,0
1357,234804164693,1,0
1358,234809316310,1,0
1359,234814534483,0,0
1360,234820172957,0,0
1361,234825895294,1,0
1362,234830919278,0,0
1363,234836424890,0,0
1364,234842166169,1,0
1365,234847841024,1,0
1366,234852889044,0,0
1367,234858609461,0,0
1368,234864172506,0,0
1369,234869911365,0,0
1370,234875809233,0,0
1371,234881821354,1,0
1372,234887152794,0,0
1373,234893049143,0,0
1374,234898943125,0,0
1375,234904681275,0,0
1376,234910514341,1,0
1377,234915869528,1,0
1378,234920973023,0,0
1379,234926592196,1,0
1380,234931907115,1,0
1381,234937078818,1,0
1382,234942151449,1,0
1383,234947586175,0,0
1384,234953274272,1,0
1385,234958574711,0,0
1386,234964166325,1,0
1387,234969571696,0,0
1388,234975125097,0,0
1389,234980777791,0,0
1390,234986595350,1,0
1391,234991864165,1,0
1392,234997069722,1,0
1393,235002168311,0,0
1394,235008072624,1,0
1395,235013167553,1,0
1396,235018459180,1,0
1397,235023705258,0,0
1398,235029652521,1,0
1399,235035084545,1,0
1400,235040435254,0,0
1401,235046378867,1,0
1402,235051720005,1,0
1403,235057086332,1,0
1404,235062759785,0,0
1405,235068600114,1,0
1406,235073931627,0,0
1407,235079595903,1,0
1408,235084867611,1,0
1409,235090080211,0,0
1410,235095784467,1,0
1411,235100959901,0,0
1412,235106757302,0,0
1413,235112455984,0,0
1414,235118090544,1,0
1415,235123535249,1,0
1416,235128752860,0,0
1417,235134530813,0,0
1418,235140629055,1,0
1419,235145829760,1,0
1420,235150960552,1,0
1421,235156498779,1,0
1422,235161832643,1,0
1423,235167072639,0,0
1424,235172674050,1,0
1425,235177944651,1,0
1426,235183281299,0,0
1427,235189209326,0,0
1428,235195051780,0,0
1429,235200479064,0,0
1430,235206135449,1,0
1431,235211555498,1,0
1432,235216714145,0,0
1433,235222492237,1,0
1434,235227845158,0,0
1435,235233837363,1,0
1436,235239661430,0,0
1437,235245475273,0,0
1438,235251598016,0,0
1439,235257350948,0,0
1440,235263074113,0,0
1441,235268814117,0,0
1442,235274558852,1,0
1443,235279818640,0,0
1444,235285701224,1,0
1445,235290836142,0,0
1446,235296602647,1,0
1447,235301901654,0,0
1448,235307552495,1,0
1449,235312689281,1,0
1450,235317871214,0,0
1451,235323705823,1,0
1452,235328797125,0,0
1453,235334582849,1,0
1454,235339735121,0,0
1455,235345129637,0,0
1456,235350929828,1,0
1457,235356066566,1,0
1458,235361147537,0,0
1459,235366832420,0,0
1460,235372566988,0,0
1461,235378370819,1,0
1462,235383492659,1,0
1463,235388718491,1,0
1464,235394017395,0,0
1465,235399669051,0,0
1466,235405497371,1,0
1467,235410712002,1,0
1468,235415812219,1,0
1469,235421087230,1,0
1470,235426637220,0,0
1471,235432638755,1,0
1472,235437898124,1,0
1473,235443523075,0,0
1474,235449568487,0,0
1475,235455156164,1,0
1476,235460611746,1,0
1477,235465932258,1,0
1478,235471018789,1,0
1479,235476065534,0,0
1480,235481694386,0,0
1481,235487469875,0,0
1482,235493080770,1,0
1483,235498722765,1,0
1484,235503973598,0,0
1485,235509622131,0,0
1486,235515569967,0,0
1487,235521490032,1,0
1488,235526821985,1,0
1489,235531924780,0,0
1490,235537640512,0,0
1491,235543499932,0,0
1492,235549078493,0,0
1493,235554930320,0,0
1494,235560630676,0,0
1495,235566517906,0,0
1496,235572093589,0,0
1497,235577988119,1,0
1498,235583076586,0,0
1499,235588873393,1,0
1500,235594084025,1,0
1501,235599577620,1,0
1502,235604833882,0,0
1503,235610737756,1,0
1504,235616119664,0,0
1505,235621692438,1,0
1506,235627083166,0,0
1507,235633055563,1,0
1508,235638074777,0,0
1509,235643974946,0,0
1510,235649908250,1,0
1511,235655091509,0,0
1512,235661421783,0,0
1513,235667076410,1,0
1514,235672664330,1,0
1515,235677910403,1,0
1516,235683083524,0,0
1517,235688921691,0,0
1518,235694919865,1,0
1519,235700191327,0,0
1520,235705827597,1,0
1521,235711032267,0,0
1522,235716970439,1,0
1523,235722080318,0,0
1524,235727865427,0,0
1525,235733561443,1,0
1526,235738775937,0,0
1527,235744750065,1,0
1528,235750022401,0,0
1529,235755699254,0,0
1530,235761777573,1,0
1531,235766952827,1,0
1532,235772166961,0,0
1533,235777965249,1,0
1534,235783034213,1,0
1535,235788078663,0,0
1536,235794130691,1,0
1537,235799539902,0,0
1538,235805023826,1,0
1539,235810293247,0,0
1540,235816090076,1,0
1541,235821755095,1,0
1542,235826962255,1,0
1543,235832575631,0,0
1544,235838426059,1,0
1545,235843591726,1,0
1546,235848774046,1,0
1547,235853868093,1,0
1548,235859034983,1,0
1549,235864066299,1,0
1550,235869198008,0,0
1551,235874965103,0,0
1552,235880651114,0,0
1553,235886608381,0,0
1554,235892543159,1,0
1555,235897880961,0,0
1556,235903549920,1,0
1557,235908743792,1,0
1558,235914017842,1,0
1559,235919074322,0,0
1560,235924833190,1,0
1561,235929975467,0,0
1562,235935772184,0,0
1563,235941560437,1,0
1564,235946821558,1,0
1565,235951945519,0,0
1566,235957692329,0,0
1567,235963639172,0,0
1568,235969442296,1,0
1569,235974714874,0,0
1570,235980275879,1,0
1571,235985488016,0,0
1572,235991170993,1,0
1573,235996244378,0,0
1574,236001949698,0,0
1575,236007686147,1,0
1576,236012904814,1,0
1577,236018128360,1,0
1578,236023662521,1,0
1579,236028915048,1,0
1580,236034344028,0,0
1581,236039946845,0,0
1582,236045727119,0,0
1583,236051538299,0,0
1584,236057330583,0,0
1585,236063097470,1,0
1586,236068488030,0,0
1587,236074113984,1,0
1588,236079767439,0,0
1589,236085565253,0,0
1590,236091303375,0,0
1591,236096960842,0,0
1592,236102529996,1,0
1593,236108082421,1,0
1594,236113033148,1,0
1595,236118239741,1,0
1596,236123554120,0,0
1597,236129076128,1,0
1598,236134365529,1,0
1599,236139656181,1,0
1600,236144764837,1,0
1601,236149852521,0,0
1602,236155634078,1,0
1603,236160914701,1,0
1604,236166066842,0,0
1605,236171639564,1,0
1606,236176927259,0,0
1607,236182416121,0,0
1608,236188156831,1,0
1609,236193090119,0,0
1610,236198564697,0,0
1611,236204266890,1,0
1612,236209444403,1,0
1613,236214673144,1,0
1614,236219814913,1,0
1615,236224942131,1,0
1616,236230286690,1,0
1617,236235497247,1,0
1618,236240584035,1,0
1619,236245670393,0,0
1620,236251063434,1,0
1621,236256398062,0,0
1622,236262022346,0,0
1623,236267880851,1,0
1624,236273025866,1,0
1625,236278177023,0,0
1626,236283941505,0,0
1627,236289670234,1,0
1628,236294830923,1,0
1629,236299940760,1,0
1630,236305046125,0,0
1631,236310828760,0,0
1632,236316492801,1,0
1633,236321781483,0,0
1634,236327553358,0,0
1635,236333331073,1,0
1636,236338768687,1,0
1637,236343960704,1,0
1638,236349172676,0,0
1639,236354832047,1,0
1640,236359995425,1,0
1641,236365138753,1,0
1642,236370796492,0,0
1643,236376625295,1,0
1644,236381917373,1,0
1645,236387455951,1,0
1646,236392605916,0,0
1647,236398491887,1,0
1648,236403811050,0,0
1649,236409506732,0,0
1650,236415087487,1,0
1651,236420530362,1,0
1652,236425759257,1,0
1653,236430843317,0,0
1654,236436631208,1,0
1655,236441853303,0,0
1656,236447543347,1,0
1657,236452820587,0,0
1658,236458539391,0,0
1659,236464181969,1,0
1660,236469526731,1,0
1661,236474743809,0,0
1662,236480266686,0,0
1663,236486035934,1,0
1664,236490972841,0,0
1665,236496588792,0,0
1666,236502113032,0,0
1667,236507578890,1,0
1668,236512634670,0,0
1669,236518228585,0,0
1670,236523944336,1,0
1671,236529170575,0,0
1672,236534645609,0,0
1673,236540537168,0,0
1674,236546189867,1,0
1675,236551326321,1,0
1676,236556521764,0,0
1677,236562174776,0,0
1678,236567744183,1,0
1679,236572838240,1,0
1680,236577925668,1,0
1681,236583087983,1,0
1682,236588576910,1,0
1683,236593831081,0,0
1684,236599475784,1,0
1685,236604845697,0,0
1686,236610573543,1,0
1687,236615809484,1,0
1688,236620943261,0,0
1689,236626360359,1,0
1690,236631562046,0,0
1691,236637122154,0,0
1692,236642640414,0,0
1693,236648051180,1,0
1694,236653180431,1,0
1695,236658263972,0,0
1696,236663777878,1,0
1697,236668819921,0,0
1698,236674027424,0,0
1699,236679550368,0,0
1700,236684886558,1,0
1701,236690127269,1,0
1702,236695156450,1,0
1703,236700433324,1,0
1704,236705513351,1,0
1705,236710717933,1,0
1706,236715814146,1,0
1707,236720932592,0,0
1708,236726487926,0,0
1709,236732225344,0,0
1710,236737759978,1,0
1711,236742787824,0,0
1712,236748340085,0,0
1713,236754022263,0,0
1714,236759491305,1,0
1715,236764749876,0,0
1716,236770424173,1,0
1717,236775594581,0,0
1718,236781206716,0,0
1719,236786693475,0,0
1720,236792511245,0,0
1721,236798280645,0,0
1722,236803975933,0,0
1723,236809342314,1,0
1724,236814513869,0,0
1725,236820061606,0,0
1726,236825787576,1,0
1727,236831080279,0,0
1728,236836933064,0,0
1729,236842626426,1,0
1730,236847922942,0,0
1731,236853661197,0,0
1732,236859601309,1,0
1733,236864933735,0,0
1734,236870556928,0,0
1735,236876084919,1,0
1736,236881469090,0,0
1737,236887152338,0,0
1738,236892682882,0,0
1739,236898227182,0,0
1740,236903981667,0,0
1741,236909638786,1,0
1742,236914828163,1,0
1743,236919913038,1,0
1744,236924984685,1,0
1745,236930044441,0,0
1746,236935925657,1,0
1747,236941084993,1,0
1748,236946601214,1,0
1749,236951880841,1,0
1750,236957323263,0,0
1751,236963144316,1,0
1752,236968737203,0,0
1753,236974586023,1,0
1754,236979823081,0,0
1755,236985335395,1,0
1756,236990569026,1,0
1757,236995847515,1,0
1758,237001017958,0,0
1759,237006599513,0,0
1760,237012492574,1,0
1761,237017866764,0,0
1762,237023517260,1,0
1763,237028815577,1,0
1764,237033957571,0,0
1765,237039686217,1,0
1766,237044825821,0,0
1767,237050442108,1,0
1768,237055543438,1,0
1769,237060587435,0,0
1770,237066618248,1,0
1771,237071942912,0,0
1772,237077561910,0,0
1773,237082880059,1,0
1774,237088057403,1,0
1775,237093225051,1,0
1776,237098625585,0,0
1777,237104226848,0,0
1778,237110236464,0,0
1779,237116140081,0,0
1780,237122134503,1,0
1781,237127164672,0,0
1782,237132993149,1,0
1783,237137960216,0,0
1784,237143788247,0,0
1785,237149511598,1,0
1786,237154792693,0,0
1787,237160391105,1,0
1788,237165641983,1,0
1789,237170746813,1,0
1790,237175816424,0,0
1791,237181359896,0,0
1792,237187157978,1,0
1793,237192457788,0,0
1794,237198221463,1,0
1795,237203519536,1,0
1796,237208637678,0,0
1797,237214488115,1,0
1798,237219765437,0,0
1799,237225666739,1,0
1800,237231263596,0,0
1801,237237282413,1,0
1802,237242553535,0,0
1803,237248313849,0,0
1804,237253959629,0,0
1805,237259628521,0,0
1806,237265229689,1,0
1807,237270414720,0,0
1808,237275944650,1,0
1809,237281160182,0,0
1810,237286513569,1,0
1811,237291664644,1,0
1812,237296957483,1,0
1813,237302136811,0,0
1814,237307729691,0,0
1815,237313468308,0,0
1816,237319251419,0,0
1817,237325141030,0,0
1818,237331209173,0,0
1819,237336619715,1,0
1820,237341932169,0,0
1821,237347770867,0,0
1822,237353443879,0,0
1823,237359074723,0,0
1824,237365038010,1,0
1825,237370052987,0,0
1826,237375764438,0,0
1827,237381343883,1,0
1828,237386496978,0,0
1829,237392129301,0,0
1830,237398108717,1,0
1831,237403122392,0,0
1832,237408914424,0,0
1833,237414671544,0,0
1834,237420513312,0,0
1835,237426186300,0,0
1836,237432164348,0,0
1837,237437819769,0,0
1838,237443576945,0,0
1839,237449615225,1,0
1840,237454912352,0,0
1841,237460602194,0,0
1842,237466202022,0,0
1843,237472150309,0,0
1844,237477573364,1,0
1845,237482707007,0,0
1846,237488509321,0,0
1847,237494602943,1,0
1848,237499885144,0,0
1849,237505603429,0,0
1850,237511533051,0,0
1851,237517371825,1,0
1852,237522600648,0,0
1853,237528441740,0,0
1854,237534535690,1,0
1855,237539773425,1,0
1856,237545130130,0,0
1857,237550725232,0,0
1858,237556708846,0,0
1859,237562589635,1,0
1860,237567756642,1,0
1861,237572854560,0,0
1862,237578302648,0,0
1863,237584071481,1,0
1864,237589334101,1,0
1865,237594682394,1,0
1866,237599899998,0,0
1867,237605575706,1,0
1868,237610898595,1,0
1869,237616075489,0,0
1870,237621960296,0,0
1871,237628050836,0,0
1872,237634043542,0,0
1873,237639837415,1,0
1874,237644918389,1,0
1875,237650015997,0,0
1876,237655795316,0,0
1877,237661706722,0,0
1878,237667611300,0,0
1879,237673365306,0,0
1880,237679109863,1,0
1881,237684216196,1,0
1882,237689706268,0,0
1883,237695600260,1,0
1884,237700871919,0,0
1885,237706403329,0,0
1886,237712032294,0,0
1887,237717380868,0,0
1888,237723074840,1,0
1889,237728225237,1,0
1890,237733555599,1,0
1891,237738657998,1,0
1892,237743927817,1,0
1893,237749024198,1,0
1894,237754057974,0,0
1895,237759780316,1,0
1896,237764973070,1,0
1897,237770146760,1,0
1898,237775241938,1,0
1899,237780225532,0,0
1900,237785869129,1,0
1901,237790915795,1,0
1902,237795977615,0,0
1903,237801684359,0,0
1904,237807253647,0,0
1905,237812993923,0,0
1906,237818744425,1,0
1907,237823913467,1,0
1908,237829368456,0,0
1909,237835136837,0,0
1910,237840795609,1,0
1911,237846060318,1,0
1912,237851072057,1,0
1913,237856395297,0,0
1914,237862146531,0,0
1915,237867820165,1,0
1916,237873067438,1,0
1917,237878149246,1,0
1918,237883475163,1,0
1919,237888683495,1,0
1920,237893851795,1,0
1921,237899079811,1,0
1922,237904170248,1,0
1923,237909271332,0,0
1924,237914810115,1,0
1925,237920079319,0,0
1926,237925980918,0,0
1927,237931729721,1,0
1928,237936891542,1,0
1929,237942032106,0,0
1930,237947539145,0,0
1931,237953626372,0,0
1932,237959620790,0,0
1933,237965283162,0,0
1934,237970994304,0,0
1935,237976586338,1,0
1936,237981812154,0,0
1937,237987553204,0,0
1938,237993244375,0,0
1939,237998992169,1,0
1940,238003974168,0,0
1941,238009511725,1,0
1942,238014618447,1,0
1943,238019895729,1,0
1944,238024970902,0,0
1945,238030641876,0,0
1946,238036603261,1,0
1947,238041893977,0,0
1948,238047392214,0,0
1949,238053046061,1,0
1950,238058603298,0,0
1951,238064313424,1,0
1952,238069494536,1,0
1953,238074695687,1,0
1954,238079704280,0,0
1955,238085319664,1,0
1956,238090542285,0,0
1957,238095880802,0,0
1958,238101511335,1,0
1959,238106754196,1,0
1960,238111939204,1,0
1961,238117040130,0,0
1962,238122737387,1,0
1963,238127984590,1,0
1964,238133061412,0,0
1965,238138816542,0,0
1966,238145014103,1,0
1967,238150066034,1,0
1968,238155447042,1,0
1969,238160667645,1,0
1970,238165889671,0,0
1971,238171347203,0,0
1972,238176944249,1,0
1973,238182062860,1,0
1974,238187166987,1,0
1975,238192316236,1,0
1976,238197499211,0,0
1977,238203151991,0,0
1978,238208565976,0,0
1979,238214314627,0,0
1980,238219905106,0,0
1981,238225457550,0,0
1982,238231047716,0,0
1983,238237132081,0,0
1984,238242775197,1,0
1985,238247918814,0,0
1986,238253723230,1,0
1987,238258841656,1,0
1988,238263976997,0,0
1989,238269892103,1,0
1990,238274965936,0,0
1991,238280371992,0,0
1992,238286073813,0,0
1993,238291711771,0,0
1994,238297318209,1,0
1995,238302569039,0,0
1996,238308162004,0,0
1997,238313702255,0,0
1998,238319491120,1,0
1999,238324777908,0,0
2000,238330379056,1,0
2001,238335613051,1,0
2002,238340747345,1,0
2003,238345933888,1,0
2004,238351073415,0,0
2005,238356375485,1,0
2006,238361603311,0,0
2007,238367072832,1,0
2008,238372153135,1,0
2009,238377253312,1,0
2010,238382262244,0,0
2011,238387652695,1,0
2012,238392880251,0,0
2013,238398291273,1,0
2014,238403782017,1,0
2015,238409068406,0,0
2016,238414553474,1,0
2017,238419740386,1,0
2018,238424917096,1,0
2019,238429914128,0,0
2020,238435696002,0,0
2021,238441058050,0,0
2022,238446630765,0,0
2023,238452234991,1,0
2024,238457290114,0,0
2025,238463105870,1,0
2026,238468068349,1,0
2027,238473240782,1,0
2028,238478253946,0,0
2029,238483785903,0,0
2030,238489380724,0,0
2031,238495141151,0,0
2032,238500588708,1,0
2033,238505815506,1,0
2034,238510832370,1,0
2035,238515865799,0,0
2036,238521367831,0,0
2037,238527039486,1,0
2038,238532040810,1,0
2039,238537055424,0,0
2040,238542643594,0,0
2041,238548544740,1,0
2042,238553817390,1,0
2043,238558883289,1,0
2044,238563967020,1,0
2045,238569052263,0,0
2046,238574683129,0,0
2047,238580318598,0,0
2048,238585997119,0,0
2049,238591412722,1,0
2050,238596616778,0,0
2051,238602262251,1,0
2052,238607478672,0,0
2053,238613164891,0,0
2054,238618455708,0,0
2055,238624162206,1,0
2056,238629157619,1,0
2057,238634307307,0,0
2058,238639773075,1,0
2059,238644795074,0,0
2060,238650342870,0,0
2061,238656036013,0,0
2062,238661420495,0,0
2063,238667138799,1,0
2064,238672217536,1,0
2065,238677220757,0,0
2066,238682788521,0,0
2067,238688311288,1,0
2068,238693388553,1,0
2069,238698520426,0,0
2070,238704254895,1,0
2071,238709741071,0,0
2072,238715533303,0,0
2073,238721332766,0,0
2074,238727193822,0,0
2075,238732582275,1,0
2076,238737863517,1,0
2077,238742933209,1,0
2078,238748013876,1,0
2079,238753051187,1,0
2080,238758208321,1,0
2081,238763357494,0,0
2082,238769193570,0,0
2083,238774868802,0,0
2084,238780589125,0,0
2085,238786629224,1,0
2086,238791884134,1,0
2087,238796979462,1,0
2088,238802079326,1,0
2089,238807158700,1,0
2090,238812283956,1,0
2091,238817590037,0,0
2092,238823166132,0,0
2093,238828865995,1,0
2094,238834040782,0,0
2095,238839735222,0,0
2096,238845470056,0,0
2097,238851174722,1,0
2098,238856373249,0,0
2099,238862074977,1,0
2100,238867221789,0,0
2101,238873084558,1,0
2102,238878024237,0,0
2103,238883621122,1,0
2104,238888851905,0,0
2105,238894454766,0,0
2106,238900260545,0,0
2107,238906029630,1,0
2108,238911152085,0,0
2109,238916871054,1,0
2110,238921949381,0,0
2111,238927568778,0,0
2112,238933146109,0,0
2113,238938799224,1,0
2114,238944067219,0,0
2115,238949767954,1,0
2116,238955058230,1,0
2117,238960141069,0,0
2118,238965705698,0,0
2119,238971366617,1,0
2120,238976564809,0,0
2121,238982136776,0,0
2122,238987740814,0,0
2123,238993579988,1,0
2124,238998789803,1,0
2125,239004073635,0,0
2126,239009630959,0,0
2127,239015247346,1,0
2128,239020321814,1,0
2129,239025555379,0,0
2130,239031670108,1,0
2131,239036985352,0,0
2132,239042714601,1,0
2133,239048060378,1,0
2134,239053277043,0,0
2135,239058914610,1,0
2136,239064086422,0,0
2137,239069880839,0,0
2138,239075641786,0,0
2139,239081260072,1,0
2140,239086697374,1,0
2141,239091965473,0,0
2142,239097745062,1,0
2143,239103068425,0,0
2144,239108828007,0,0
2145,239114508719,1,0
2146,239119673274,0,0
2147,239125414580,0,0
2148,239131553668,1,0
2149,239136671663,1,0
2150,239141782913,0,0
2151,239147363454,1,0
2152,239152599446,1,0
2153,239157857993,1,0
2154,239162988464,1,0
2155,239168065865,1,0
2156,239173291726,0,0
2157,239178958400,0,0
2158,239184388604,0,0
2159,239189828821,1,0
2160,239194939102,1,0
2161,239200161959,1,0
2162,239205293265,0,0
2163,239210967375,0,0
2164,239216598453,1,0
2165,239222026455,0,0
2166,239227619398,0,0
2167,239233474951,1,0
2168,239238841570,1,0
2169,239243934216,1,0
2170,239249048534,1,0
2171,239254068208,1,0
2172,239259169119,0,0
2173,239264867695,0,0
2174,239270508842,0,0
2175,239276120745,1,0
2176,239281067982,1,0
2177,239286181060,1,0
2178,239291280055,1,0
2179,239296416865,1,0
2180,239301683385,1,0
2181,239306724262,0,0
2182,239312342948,0,0
2183,239318230059,0,0
2184,239324071317,1,0
2185,239329063521,0,0
2186,239335042539,0,0
2187,239340466930,1,0
2188,239345729254,0,0
2189,239351256053,0,0
2190,239356822926,1,0
2191,239361865603,0,0
2192,239367583940,1,0
2193,239372699724,0,0
2194,239378355229,0,0
2195,239384086496,0,0
2196,239389378672,1,0
2197,239394601984,1,0
2198,239399828806,0,0
2199,239405578227,0,0
2200,239411089330,1,0
2201,239416053940,1,0
2202,239421207992,1,0
2203,239426257278,1,0
2204,239431562426,0,0
2205,239437175398,1,0
2206,239442377100,0,0
2207,239447908043,1,0
2208,239453037067,1,0
2209,239458168814,1,0
2210,239463332253,1,0
2211,239468571376,0,0
2212,239474087151,0,0
2213,239479484501,1,0
2214,239484593728,0,0
2215,239489877730,0,0
2216,239495183491,0,0
2217,239500663131,1,0
2218,239505877106,1,0
2219,239511018470,1,0
2220,239516132425,0,0
2221,239521672935,1,0
2222,239526868246,0,0
2223,239532298409,0,0
2224,239538047364,1,0
2225,239543051136,0,0
2226,239548348703,1,0
2227,239553523047,1,0
2228,239558568102,0,0
2229,239564048079,1,0
2230,239569162727,1,0
2231,239574353089,0,0
2232,239579836663,0,0
2233,239585432014,0,0
2234,239590935624,1,0
2235,239596069134,0,0
2236,239601539709,1,0
2237,239606890948,0,0
2238,239612343556,0,0
2239,239618040484,1,0
2240,239623170586,1,0
2241,239628360847,0,0
2242,239633903228,1,0
2243,239639062361,1,0
2244,239644201828,1,0
2245,239649309457,1,0
2246,239654525454,1,0
2247,239659581757,1,0
2248,239664704134,0,0
2249,239670251941,0,0
2250,239675858393,0,0
2251,239681239491,0,0
2252,239686957326,0,0
2253,239692278877,0,0
2254,239697897997,1,0
2255,239703052705,1,0
2256,239708173018,0,0
2257,239713584615,0,0
2258,239719015860,1,0
2259,239724057825,1,0
2260,239729177962,0,0
2261,239734883832,0,0
2262,239740551249,1,0
2263,239745647293,1,0
2264,239750984434,1,0
2265,239756032618,0,0
2266,239761741907,1,0
2267,239766823535,0,0
2268,239772529045,0,0
2269,239778159032,0,0
2270,239783847389,1,0
2271,239788902366,0,0
2272,239794356747,0,0
2273,239800153266,1,0
2274,239805263553,1,0
2275,239810323169,1,0
2276,239815385430,1,0
2277,239820495888,0,0
2278,239825919044,0,0
2279,239831618271,1,0
2280,239836707469,1,0
2281,239841768390,0,0
2282,239847192582,1,0
2283,239852265427,0,0
2284,239857921060,0,0
2285,239863392139,1,0
2286,239868426800,1,0
2287,239873486507,0,0
2288,239879052551,1,0
2289,239884129577,0,0
2290,239889618236,1,0
2291,239894671078,1,0
2292,239899715454,1,0
2293,239904749512,1,0
2294,239909786367,0,0
2295,239915150695,1,0
2296,239920195013,0,0
2297,239925630366,1,0
2298,239930697566,1,0
2299,239935823236,0,0
2300,239941193319,0,0
2301,239946709520,0,0
2302,239952172565,1,0
2303,239957286218,0,0
2304,239962972786,1,0
2305,239968062915,0,0
2306,239973640497,0,0
2307,239979309670,0,0
2308,239984945868,0,0
2309,239990559914,1,0
2310,239995714895,1,0
2311,240000858444,0,0
2312,240006359474,0,0
2313,240011853174,0,0
2314,240017132631,1,0
2315,240022194337,1,0
2316,240027237597,1,0
2317,240032205206,1,0
2318,240037200944,0,0
2319,240042586067,0,0
2320,240048055877,0,0
2321,240053445927,0,0
2322,240058989788,1,0
2323,240064013012,0,0
2324,240069508680,1,0
2325,240074529795,0,0
2326,240080486036,1,0
2327,240085804122,1,0
2328,240090876661,1,0
2329,240096014641,1,0
2330,240101170340,0,0
2331,240106783559,0,0
2332,240112275917,0,0
2333,240117834150,0,0
2334,240123375938,0,0
2335,240128727059,1,0
2336,240133806752,1,0
2337,240138932532,1,0
2338,240144023805,0,0
2339,240149520277,0,0
2340,240155041092,1,0
2341,240160198277,1,0
2342,240165307510,0,0
2343,240170700854,0,0
2344,240176202481,0,0
2345,240181751864,0,0
2346,240187292684,0,0
2347,240192781649,0,0
2348,240198308832,0,0
2349,240204131828,1,0
2350,240209061261,1,0
2351,240214207661,1,0
2352,240219446782,0,0
2353,240225187217,1,0
2354,240230341080,0,0
2355,240236057680,0,0
2356,240241772983,1,0
2357,240246959854,1,0
2358,240252133772,1,0
2359,240257289671,1,0
2360,240262477553,0,0
2361,240268202334,0,0
2362,240273923006,1,0
2363,240279072276,0,0
2364,240284657381,1,0
2365,240289994648,0,0
2366,240295839291,1,0
2367,240301038976,1,0
2368,240306136212,1,0
2369,240311260468,1,0
2370,240316335195,0,0
2371,240322079781,1,0
2372,240327041351,1,0
2373,240332062109,1,0
2374,240337067534,0,0
2375,240342878775,0,0
2376,240349020441,0,0
2377,240353806380,0,0
2378,240359420536,0,0
2379,240364856365,0,0
2380,240370178505,0,0
2381,240375581534,0,0
2382,240380892009,1,0
2383,240386213359,0,0
2384,240391745622,0,0
2385,240397183413,0,0
2386,240402876625,0,0
2387,240408527319,1,0
2388,240413829385,1,0
2389,240419028506,1,0
2390,240424174667,1,0
2391,240429684939,0,0
2392,240435386743,1,0
2393,240440574436,1,0
2394,240445890000,0,0
2395,240451764399,0,0
2396,240457395326,0,0
2397,240463112321,1,0
2398,240468130017,1,0
2399,240473388400,1,0
2400,240478605086,1,0
2401,240483692070,0,0
2402,240489230084,0,0
2403,240494819882,0,0
2404,240500258757,0,0
2405,240505894892,0,0
2406,240511405238,0,0
2407,240516938009,0,0
2408,240522622806,1,0
2409,240527966661,1,0
2410,240533091551,1,0
2411,240538463547,0,0
2412,240544199625,1,0
2413,240549641585,0,0
2414,240555124513,1,0
2415,240560070285,1,0
2416,240565071783,1,0
2417,240570218943,1,0
2418,240575284371,1,0
2419,240580789971,0,0
2420,240586621807,0,0
2421,240592365045,0,0
2422,240598125626,0,0
2423,240603544558,1,0
2424,240608680979,0,0
2425,240614595209,0,0
2426,240620100390,0,0
2427,240625778710,1,0
2428,240630882748,1,0
2429,240635939905,0,0
2430,240641406631,0,0
2431,240647059273,1,0
2432,240652155239,1,0
2433,240657271780,0,0
2434,240662712582,0,0
2435,240668420267,1,0
2436,240673634348,1,0
2437,240678685751,0,0
2438,240684396160,0,0
2439,240689947595,1,0
2440,240695075306,1,0
2441,240700508742,0,0
2442,240706240374,1,0
2443,240711407662,0,0
2444,240717198326,1,0
2445,240722333230,1,0
2446,240727564513,1,0
2447,240732772717,1,0
2448,240737885622,1,0
2449,240743021281,0,0
2450,240748914122,0,0
2451,240754474595,1,0
2452,240759688498,0,0
2453,240765641614,1,0
2454,240770931025,0,0
2455,240776769646,1,0
2456,240781913265,1,0
2457,240786987690,0,0
2458,240792629658,0,0
2459,240798385093,1,0
2460,240803607702,0,0
2461,240810127048,0,0
2462,240815933507,1,0
2463,240821215206,0,0
2464,240827085376,1,0
2465,240832045878,0,0
2466,240837516820,0,0
2467,240843273810,0,0
2468,240848800557,1,0
2469,240853873120,1,0
2470,240858912347,0,0
2471,240864614154,0,0
2472,240870311862,1,0
2473,240875369969,1,0
2474,240880616212,0,0
2475,240886194497,1,0
2476,240891285231,1,0
2477,240896386999,1,0
2478,240901662001,0,0
2479,240907247557,0,0
2480,240912667291,1,0
2481,240917698152,1,0
2482,240922729603,0,0
2483,240928394452,0,0
2484,240934063755,1,0
2485,240939069241,1,0
2486,240944232704,0,0
2487,240949979572,1,0
2488,240955070922,1,0
2489,240960054315,0,0
2490,240965745082,1,0
2491,240970799139,1,0
2492,240975918598,1,0
2493,240981072861,1,0
2494,240986143385,0,0
2495,240991780708,1,0
2496,240996867235,0,0
2497,241002491301,0,0
2498,241008055463,1,0
2499,241013208892,0,0
2500,241019165855,1,0
2501,241024147056,1,0
2502,241029122694,0,0
2503,241035153764,1,0
2504,241040065360,1,0
2505,241045219656,1,0
2506,241050348502,0,0
2507,241055938832,1,0
2508,241060958268,0,0
2509,241066474989,1,0
2510,241071639521,1,0
2511,241076817132,0,0
2512,241082586725,0,0
2513,241088486839,0,0
2514,241093883323,0,0
2515,241099369326,1,0
2516,241104440801,1,0
2517,241109511632,1,0
2518,241114662973,0,0
2519,241120355387,0,0
2520,241126143753,0,0
2521,241131899341,1,0
2522,241137124120,1,0
2523,241142342357,0,0
2524,241148070471,1,0
2525,241153161124,1,0
2526,241158267021,0,0
2527,241164165603,1,0
2528,241169058584,1,0
2529,241174124352,1,0
2530,241179213381,1,0
2531,241184689915,1,0
2532,241189825880,1,0
2533,241194910330,0,0
2534,241200442291,1,0
2535,241205673988,1,0
2536,241210730327,1,0
2537,241215831780,1,0
2538,241220883216,0,0
2539,241226412524,0,0
2540,241232119296,1,0
2541,241237220350,1,0
2542,241242319570,0,0
2543,241248060557,1,0
2544,241253153752,0,0
2545,241258808869,0,0
2546,241264548115,0,0
2547,241270146380,0,0
2548,241275656401,1,0
2549,241280747900,0,0
2550,241286422143,1,0
2551,241291682799,0,0
2552,241297401066,1,0
2553,241302567967,1,0
2554,241307769320,1,0
2555,241312891023,1,0
2556,241318115699,1,0
2557,241323339795,1,0
2558,241328787205,1,0
2559,241333920452,0,0
2560,241339779750,1,0
2561,241344970222,1,0
2562,241350050982,1,0
2563,241355204160,1,0
2564,241360519717,1,0
2565,241365755302,1,0
2566,241370909507,1,0
2567,241376048721,0,0
2568,241381635044,0,0
2569,241387067899,0,0
2570,241392524403,0,0
2571,241398111442,0,0
2572,241403599926,0,0
2573,241409105689,1,0
2574,241414321043,1,0
2575,241419564366,0,0
2576,241425020743,1,0
2577,241430159282,0,0
2578,241435838152,0,0
2579,241441413523,1,0
2580,241446591098,1,0
2581,241451767421,0,0
2582,241457860545,0,0
2583,241463615023,0,0
2584,241469416349,0,0
2585,241475138887,1,0
2586,241480384270,1,0
2587,241485638512,0,0
2588,241491269873,1,0
2589,241496399123,0,0
2590,241502085399,0,0
2591,241507956381,1,0
2592,241513070926,0,0
2593,241518716400,1,0
2594,241523758869,0,0
2595,241529427504,1,0
2596,241534622215,1,0
2597,241539873578,1,0
2598,241544923027,1,0
2599,241549972263,1,0
2600,241555047383,1,0
2601,241560054213,0,0
2602,241565336289,0,0
2603,241570842112,0,0
2604,241576759268,1,0
2605,241581910676,0,0
2606,241587695903,1,0
2607,241592926457,0,0
2608,241598546832,0,0
2609,241604123009,0,0
2610,241609737279,1,0
2611,241614930919,1,0
2612,241620047549,0,0
2613,241625294501,1,0
2614,241630415954,1,0
2615,241635504234,0,0
2616,241640988989,1,0
2617,241646066645,1,0
2618,241651129730,0,0
2619,241656421872,1,0
2620,241661584390,0,0
2621,241667148079,1,0
2622,241672154669,0,0
2623,241677987626,0,0
2624,241683398062,1,0
2625,241688806608,0,0
2626,241694245101,1,0
2627,241699376490,0,0
2628,241705182909,0,0
2629,241710786181,1,0
2630,241715814579,1,0
2631,241720852901,1,0
2632,241726047908,1,0
2633,241731222042,0,0
2634,241737125458,0,0
2635,241743066136,1,0
2636,241748064088,1,0
2637,241753059416,1,0
2638,241758470996,0,0
2639,241764059283,0,0
2640,241769719561,1,0
2641,241774832381,1,0
2642,241779997204,0,0
2643,241785653037,0,0
2644,241791211399,0,0
2645,241796873314,1,0
2646,241802134229,1,0
2647,241807088214,0,0
2648,241812791368,0,0
2649,241818389744,0,0
2650,241824080488,0,0
2651,241829423536,0,0
2652,241834884155,0,0
2653,241840409614,1,0
2654,241845680290,0,0
2655,241851416422,0,0
2656,241857145422,1,0
2657,241862121718,0,0
2658,241867878618,1,0
2659,241873030275,0,0
2660,241878764070,0,0
2661,241884536301,1,0
2662,241889733961,0,0
2663,241895315785,1,0
2664,241900475840,0,0
2665,241906169397,1,0
2666,241911134184,0,0
2667,241916858004,1,0
2668,241921968782,1,0
2669,241926989728,1,0
2670,241932041227,0,0
2671,241937707069,0,0
2672,241943307907,1,0
2673,241948539901,1,0
2674,241953940068,0,0
2675,241959403475,1,0
2676,241964607770,0,0
2677,241970166505,0,0
2678,241975627104,0,0
2679,241981156967,0,0
2680,241986548268,1,0
2681,241991749384,0,0
2682,241997359275,0,0
2683,242003068894,0,0
2684,242008675592,0,0
2685,242014570067,0,0
2686,242020480425,1,0
2687,242025743356,0,0
2688,242031417269,1,0
2689,242036642566,0,0
2690,242042232761,1,0
2691,242047244904,0,0
2692,242052720899,1,0
2693,242057904791,0,0
2694,242063558809,0,0
2695,242069156990,0,0
2696,242074696726,1,0
2697,242079866834,0,0
2698,242085406664,1,0
2699,242090581158,0,0
2700,242096032446,1,0
2701,242101068393,0,0
2702,242106771155,1,0
2703,242111875718,0,0
2704,242117279757,0,0
2705,242122773913,1,0
2706,242127822780,0,0
2707,242133345411,0,0
2708,242138962397,0,0
2709,242144797945,1,0
2710,242149993621,0,0
2711,242155739425,1,0
2712,242160862007,0,0
2713,242166428499,0,0
2714,242172155363,1,0
2715,242177251697,0,0
2716,242182945153,0,0
2717,242188403459,1,0
2718,242193732279,0,0
2719,242199298727,1,0
2720,242204491886,1,0
2721,242209734636,1,0
2722,242214785537,0,0
2723,242220434342,0,0
2724,242225973364,1,0
2725,242231058427,0,0
2726,242236610635,0,0
2727,242242399750,0,0
2728,242248093173,1,0
2729,242253337243,1,0
2730,242258693232,1,0
2731,242263888151,0,0
2732,242269333471,0,0
2733,242274831417,1,0
2734,242280022277,0,0
2735,242285492646,0,0
2736,242291016683,1,0
2737,242296127690,1,0
2738,242301252541,0,0
2739,242306855176,1,0
2740,242311953685,1,0
2741,242316994166,0,0
2742,242322518591,1,0
2743,242327685703,0,0
2744,242333098068,0,0
2745,242338336726,0,0
2746,242343811906,1,0
2747,242348840096,1,0
2748,242353894202,0,0
2749,242359327648,1,0
2750,242364352736,0,0
2751,242369775718,1,0
2752,242374844621,0,0
2753,242380231611,0,0
2754,242385900428,1,0
2755,242390897094,0,0
2756,242396188993,1,0
2757,242401271412,1,0
2758,242406345343,1,0
2759,242411576084,1,0
2760,242416653468,0,0
2761,242422428284,0,0
2762,242427934527,1,0
2763,242432990026,0,0
2764,242438357935,1,0
2765,242443405382,1,0
2766,242448692451,0,0
2767,242454417591,0,0
2768,242459912267,0,0
2769,242465717842,1,0
2770,242470789765,0,0
2771,242476350485,0,0
2772,242481813219,1,0
2773,242486876438,1,0
2774,242491904375,0,0
2775,242497357075,0,0
2776,242502938803,1,0
2777,242508032532,0,0
2778,242513884285,0,0
2779,242519733494,1,0
2780,242524843239,1,0
2781,242530025690,1,0
2782,242535101383,1,0
2783,242540160895,1,0
2784,242545243974,0,0
2785,242550467456,0,0
2786,242555785900,0,0
2787,242561176821,1,0
2788,242566439980,1,0
2789,242571474184,1,0
2790,242576514128,0,0
2791,242581871111,0,0
2792,242587236123,1,0
2793,242592244571,1,0
2794,242597262577,0,0
2795,242603098561,0,0
2796,242608456155,1,0
2797,242613652927,0,0
2798,242619207536,1,0
2799,242624331646,0,0
2800,242629933786,1,0
2801,242635059918,0,0
2802,242640587670,1,0
2803,242645686499,1,0
2804,242650801784,1,0
2805,242655855990,1,0
2806,242660888694,0,0
2807,242666450140,1,0
2808,242671583798,1,0
2809,242676740131,0,0
2810,242682399141,1,0
2811,242687707434,1,0
2812,242692952465,0,0
2813,242698715739,0,0
2814,242704499480,0,0
2815,242710191978,1,0
2816,242715400660,0,0
2817,242721070657,1,0
2818,242726256723,0,0
2819,242731814003,1,0
2820,242736932379,0,0
2821,242742543849,1,0
2822,242747706721,1,0
2823,242752884992,1,0
2824,242757986146,1,0
2825,242763058131,0,0
2826,242768471553,1,0
2827,242773720591,1,0
2828,242779076259,0,0
2829,242784651886,1,0
2830,242789800285,1,0
2831,242794942853,1,0
2832,242800071497,1,0
2833,242805164047,0,0
2834,242810667394,0,0
2835,242816271847,0,0
2836,242821886410,0,0
2837,242827438043,1,0
2838,242832803905,0,0
2839,242838391813,0,0
2840,242843958486,1,0
2841,242849124744,1,0
2842,242854319709,1,0
2843,242859406660,0,0
2844,242865061841,0,0
2845,242870667112,0,0
2846,242876290679,0,0
2847,242881690448,1,0
2848,242886719823,1,0
2849,242891755302,1,0
2850,242896812846,1,0
2851,242901884288,0,0
2852,242907813864,1,0
2853,242912860281,0,0
2854,242918321361,0,0
2855,242923820475,0,0
2856,242929401470,1,0
2857,242934444707,1,0
2858,242939660768,1,0
2859,242944710561,1,0
2860,242949823616,0,0
2861,242955245012,0,0
2862,242960803785,1,0
2863,242965922453,1,0
2864,242970956589,0,0
2865,242976426887,0,0
2866,242981943984,1,0
2867,242986955463,0,0
2868,242992743953,0,0
2869,242998341200,1,0
2870,243003509530,0,0
2871,243009112253,0,0
2872,243014822878,1,0
2873,243019887575,1,0
2874,243024984493,0,0
2875,243030726519,1,0
2876,243035911569,0,0
2877,243041462453,0,0
2878,243047062878,0,0
2879,243052562204,0,0
2880,243058192971,1,0
2881,243063629960,0,0
2882,243069390045,1,0
2883,243074804120,1,0
2884,243080018755,0,0
2885,243085413479,1,0
2886,243090622967,0,0
2887,243096398334,0,0
2888,243102062537,0,0
2889,243107794265,1,0
2890,243113141630,0,0
2891,243118583908,1,0
2892,243123752022,0,0
2893,243129496492,1,0
2894,243134703701,0,0
2895,243140346103,1,0
2896,243145365137,0,0
2897,243151074279,1,0
2898,243156258660,0,0
2899,243161964869,1,0
2900,243167053384,1,0
2901,243172063720,1,0
2902,243177121641,1,0
2903,243182198381,1,0
2904,243187265192,1,0
2905,243192410576,1,0
2906,243197563391,1,0
2907,243202649222,0,0
2908,243208173052,1,0
2909,243213269723,1,0
2910,243218604540,1,0
2911,243223642166,1,0
2912,243228758930,0,0
2913,243234554039,0,0
2914,243239937961,1,0
2915,243245134125,1,0
2916,243250296565,1,0
2917,243255413276,1,0
2918,243260643271,1,0
2919,243265884884,0,0
2920,243271337064,1,0
2921,243276460785,1,0
2922,243281630565,1,0
2923,243286744340,1,0
2924,243291839337,0,0
2925,243297443348,1,0
2926,243302651471,0,0
2927,243308252579,1,0
2928,243313660845,0,0
2929,243319400061,0,0
2930,243325164248,1,0
2931,243330367668,0,0
2932,243335915834,0,0
2933,243341475644,1,0
2934,243346685595,1,0
2935,243351773660,0,0
2936,243357388478,0,0
2937,243363538080,0,0
2938,243369154105,0,0
2939,243374899106,0,0
2940,243380406145,1,0
2941,243385685430,1,0
2942,243390743966,0,0
2943,243396396232,1,0
2944,243401520952,0,0
2945,243407148900,1,0
2946,243412123873,0,0
2947,243417884824,0,0
2948,243423380865,0,0
2949,243429168351,0,0
2950,243434708904,1,0
2951,243439912338,0,0
2952,243445439474,1,0
2953,243450679492,0,0
2954,243456563851,0,0
2955,243462337994,0,0
2956,243468288638,1,0
2957,243473473962,0,0
2958,243479144005,1,0
2959,243484246381,0,0
2960,243489783646,0,0
2961,243495408555,1,0
2962,243500523212,0,0
2963,243505997270,1,0
2964,243511151634,1,0
2965,243516343178,1,0
2966,243521646700,1,0
2967,243526905101,1,0
2968,243532042797,0,0
2969,243537515766,0,0
2970,243543129824,0,0
2971,243548705104,0,0
2972,243554264875,0,0
2973,243559845578,0,0
2974,243565386803,1,0
2975,243570620521,0,0
2976,243576129888,0,0
2977,243581801427,0,0
2978,243587467507,0,0
2979,243593374829,1,0
2980,243598602413,1,0
2981,243603696438,0,0
2982,243609283971,1,0
2983,243614327278,0,0
2984,243619955638,1,0
2985,243625024915,1,0
2986,243630108014,1,0
2987,243635278608,1,0
2988,243640366613,0,0
2989,243645798463,1,0
2990,243650845167,1,0
2991,243656079609,1,0
2992,243661200065,1,0
2993,243666336357,0,0
2994,243672085204,0,0
2995,243677770430,0,0
2996,243683524389,0,0
2997,243689371867,0,0
2998,243695305143,0,0
2999,243700881825,1,0
3000,243706026153,1,0
3001,243711058934,1,0
3002,243716163668,1,0
3003,243721189158,1,0
3004,243726233073,0,0
3005,243731928249,0,0
3006,243737460105,1,0
3007,243742820975,0,0
3008,243748472574,1,0
3009,243753772109,1,0
3010,243758949602,1,0
3011,243764034679,0,0
3012,243769606235,0,0
3013,243775270646,0,0
3014,243780911833,0,0
3015,243786523552,1,0
3016,243791616971,1,0
3017,243796853713,0,0
3018,243802603888,0,0
3019,243808153426,0,0
3020,243813765434,0,0
3021,243819635666,0,0
3022,243825309958,0,0
3023,243831150213,1,0
3024,243836140027,0,0
3025,243841627671,0,0
3026,243847262336,0,0
3027,243852921990,1,0
3028,243858061788,0,0
3029,243863642801,1,0
3030,243868863848,1,0
3031,243873927956,0,0
3032,243879459952,0,0
3033,243885066207,1,0
3034,243890210800,1,0
3035,243895333051,0,0
3036,243901060465,0,0
3037,243906630879,1,0
3038,243911755435,1,0
3039,243916822136,1,0
3040,243921896884,0,0
3041,243927718181,1,0
3042,243932781850,0,0
3043,243938344633,1,0
3044,243943495489,0,0
3045,243948834857,1,0
3046,243953875092,1,0
3047,243958921766,0,0
3048,243964307937,0,0
3049,243969725111,0,0
3050,243975237435,0,0
3051,243980837076,0,0
3052,243986399812,0,0
3053,243992150270,0,0
3054,243997980036,1,0
3055,244003023479,1,0
3056,244008199700,0,0
3057,244013507164,0,0
3058,244019148272,1,0
3059,244024240257,1,0
3060,244029322335,0,0
3061,244035050432,1,0
3062,244040070150,0,0
3063,244045609503,0,0
3064,244051281796,1,0
3065,244056451538,1,0
3066,244061725059,1,0
3067,244066783462,1,0
3068,244071924699,1,0
3069,244076965857,0,0
3070,244082439121,1,0
3071,244087712650,0,0
3072,244093166040,1,0
3073,244098286890,0,0
3074,244103667378,0,0
3075,244109153983,0,0
3076,244114864899,0,0
3077,244120379570,1,0
3078,244125572497,1,0
3079,244130924371,0,0
3080,244136664021,1,0
3081,244141953415,0,0
3082,244147878559,0,0
3083,244153528504,1,0
3084,244158738677,0,0
3085,244164391607,0,0
3086,244170058803,0,0
3087,244175571811,1,0
3088,244180788002,0,0
3089,244186192687,0,0
3090,244191827389,0,0
3091,244197297320,1,0
3092,244202480245,0,0
3093,244207884121,1,0
3094,244213047519,1,0
3095,244218128742,0,0
3096,244223643145,1,0
3097,244228694895,0,0
3098,244234058288,0,0
3099,244239680929,1,0
3100,244244928083,0,0
3101,244250583437,1,0
3102,244255852609,1,0
3103,244260996271,1,0
3104,244266206775,1,0
3105,244271400168,0,0
3106,244277093579,1,0
3107,244282398576,1,0
3108,244287618502,0,0
3109,244293055024,0,0
3110,244298638376,0,0
3111,244303996026,1,0
3112,244309014637,0,0
3113,244314664099,1,0
3114,244319712695,1,0
3115,244325066118,0,0
3116,244330839490,1,0
3117,244335955194,1,0
3118,244341154223,0,0
3119,244347040819,1,0
3120,244352152539,0,0
3121,244357713516,0,0
3122,244363177023,1,0
3123,244368241378,0,0
3124,244373783503,1,0
3125,244378891725,0,0
3126,244384388399,1,0
3127,244389485712,0,0
3128,244394904318,1,0
3129,244399992764,1,0
3130,244405045896,1,0
3131,244410108829,0,0
3132,244415367688,0,0
3133,244420856184,1,0
3134,244425925957,1,0
3135,244430951911,1,0
3136,244436035506,0,0
3137,244441390021,0,0
3138,244446736316,1,0
3139,244451827288,0,0
3140,244457343547,0,0
3141,244462637096,1,0
3142,244467711075,0,0
3143,244473145494,1,0
3144,244478179019,0,0
3145,244483412951,1,0
3146,244488498233,0,0
3147,244493660425,0,0
3148,244499087773,0,0
3149,244504513023,1,0
3150,244509567882,0,0
3151,244514860461,1,0
3152,244519966674,0,0
3153,244525394351,1,0
3154,244530441663,0,0
3155,244536104389,0,0
3156,244541589007,0,0
3157,244546991193,0,0
3158,244552479950,0,0
3159,244558032883,1,0
3160,244563042158,1,0
3161,244568044993,1,0
3162,244573155379,0,0
3163,244578756931,1,0
3164,244584427828,0,0
3165,244589604391,1,0
3166,244594664058,0,0
3167,244600052326,1,0
3168,244605164852,0,0
3169,244610742551,1,0
3170,244615871227,1,0
3171,244620956503,1,0
3172,244626057691,0,0
3173,244631895179,1,0
3174,244637037103,0,0
3175,244642785618,0,0
3176,244648430290,1,0
3177,244653721166,0,0
3178,244659354135,1,0
3179,244664521759,1,0
3180,244669647093,0,0
3181,244675355645,0,0
3182,244681136139,1,0
3183,244686214064,0,0
3184,244691660293,1,0
3185,244696713309,0,0
3186,244702060906,1,0
3187,244707054507,0,0
3188,244712452752,1,0
3189,244717550293,0,0
3190,244722994699,0,0
3191,244728750017,1,0
3192,244733818119,0,0
3193,244739107551,0,0
3194,244744307234,0,0
3195,244749654998,0,0
3196,244755027130,0,0
3197,244760365525,1,0
3198,244765445479,1,0
3199,244770503988,0,0
3200,244775891274,0,0
3201,244781380322,1,0
3202,244786524343,0,0
3203,244792285836,1,0
3204,244797476151,0,0
3205,244802871177,0,0
3206,244808146795,0,0
3207,244813373027,0,0
3208,244818589399,0,0
3209,244823886802,1,0
3210,244828981853,1,0
3211,244834049094,0,0
3212,244839401968,1,0
3213,244844469981,1,0
3214,244849568424,0,0
3215,244854979299,1,0
3216,244860050429,1,0
3217,244865158201,0,0
3218,244872506951,0,0
3219,244877696906,0,0
3220,244882907849,0,0
3221,244888530219,0,0
3222,244894031502,1,0
3223,244899032699,1,0
3224,244904559029,1,0
3225,244909838577,0,0
3226,244915482885,0,0
3227,244921161429,1,0
3228,244926239004,0,0
3229,244931974344,1,0
3230,244937039856,0,0
3231,244942588440,1,0
3232,244947739031,1,0
3233,244952816561,0,0
3234,244958019751,0,0
3235,244963175593,0,0
3236,244968390541,0,0
3237,244973609402,1,0
3238,244978694152,0,0
3239,244984011520,1,0
3240,244989060160,1,0
3241,244994239589,0,0
3242,244999707037,0,0
3243,245005098825,1,0
3244,245010372773,1,0
3245,245015486473,0,0
3246,245020798338,1,0
3247,245025896410,0,0
3248,245031167885,1,0
3249,245036251189,1,0
3250,245041295871,1,0
3251,245046431922,0,0
3252,245051861177,0,0
3253,245057484748,1,0
3254,245062702747,1,0
3255,245067921514,0,0
3256,245073653890,0,0
3257,245079445616,1,0
3258,245084674742,1,0
3259,245089776211,0,0
3260,245095062521,0,0
3261,245100567568,1,0
3262,245105721937,1,0
3263,245110757720,1,0
3264,245115840260,0,0
3265,245121051398,1,0
3266,245126185346,1,0
3267,245131286368,0,0
3268,245136871536,0,0
3269,245142315167,0,0
3270,245147737998,0,0
3271,245153014390,1,0
3272,245158065787,1,0
3273,245163120078,1,0
3274,245168186074,0,0
3275,245173911809,0,0
3276,245179413204,0,0
3277,245184924544,1,0
3278,245190043774,1,0
3279,245195051181,0,0
3280,245200641370,1,0
3281,245205640012,1,0
3282,245210649960,0,0
3283,245216223830,0,0
3284,245221684296,1,0
3285,245226834416,0,0
3286,245232390518,0,0
3287,245238082063,0,0
3288,245243754417,1,0
3289,245250080121,0,0
3290,245255781411,1,0
3291,245261353942,0,0
3292,245267084212,0,0
3293,245272764946,0,0
3294,245278306177,1,0
3295,245283564923,1,0
3296,245289476716,0,0
3297,245295235521,0,0
3298,245300938047,0,0
3299,245306506120,0,0
3300,245312069259,0,0
3301,245317520990,0,0
3302,245322911069,1,0
3303,245328084446,0,0
3304,245333569588,1,0
3305,245338782005,0,0
3306,245344357261,1,0
3307,245349517756,1,0
3308,245354723542,1,0
3309,245359834285,1,0
3310,245364994050,1,0
3311,245370111700,0,0
3312,245376024128,1,0
3313,245381101976,1,0
3314,245386208508,1,0
3315,245391298831,0,0
3316,245396872966,0,0
3317,245402335884,0,0
3318,245408086657,0,0
3319,245413910599,1,0
3320,245418983476,1,0
3321,245424132703,0,0
3322,245430122308,1,0
3323,245435184755,0,0
3324,245440926595,0,0
3325,245446830003,1,0
3326,245452054905,0,0
3327,245458054572,1,0
3328,245463200510,0,0
3329,245469125528,0,0
3330,245474783864,0,0
3331,245480585134,0,0
3332,245486145353,0,0
3333,245491856793,0,0
3334,245497437374,0,0
3335,245503183178,1,0
3336,245508412442,0,0
3337,245513979748,1,0
3338,245519074715,1,0
3339,245524323637,1,0
3340,245529563513,1,0
3341,245534981056,1,0
3342,245540029971,0,0
3343,245545760055,1,0
3344,245550816201,1,0
3345,245556033500,0,0
3346,245561718960,1,0
3347,245566734507,1,0
3348,245571762946,0,0
3349,245577335899,0,0
3350,245582885125,0,0
3351,245588716898,1,0
3352,245593889451,1,0
3353,245598951938,0,0
3354,245604638580,1,0
3355,245609741882,1,0
3356,245614824803,0,0
3357,245620388487,0,0
3358,245626210298,1,0
3359,245631341078,0,0
3360,245637051230,0,0
3361,245642552226,0,0
3362,245648392658,1,0
3363,245653475590,0,0
3364,245659198481,0,0
3365,245664959486,1,0
3366,245669989435,1,0
3367,245675052881,0,0
3368,245680890859,0,0
3369,245686566265,0,0
3370,245692147430,1,0
3371,245697188627,1,0
3372,245702191234,1,0
3373,245707204903,0,0
3374,245713032205,0,0
3375,245718718175,1,0
3376,245723760671,1,0
3377,245728793639,0,0
3378,245734227964,1,0
3379,245739261316,1,0
3380,245744326532,0,0
3381,245749896972,1,0
3382,245754942555,1,0
3383,245760032796,1,0
3384,245765058441,0,0
3385,245770524827,1,0
3386,245775789978,0,0
3387,245781109877,0,0
3388,245786707502,1,0
3389,245791798953,0,0
3390,245797325727,1,0
3391,245802364313,1,0
3392,245807474418,0,0
3393,245813063618,1,0
3394,245818243057,0,0
3395,245823991006,0,0
3396,245829501432,0,0
3397,245835138514,1,0
3398,245840238880,1,0
3399,245845318944,0,0
3400,245851023538,0,0
3401,245856647469,1,0
3402,245861695554,1,0
3403,245866914128,1,0
3404,245871853663,0,0
3405,245877410718,1,0
3406,245882691004,1,0
3407,245887729246,0,0
3408,245893043920,0,0
3409,245898302946,0,0
3410,245903526976,0,0
3411,245908789159,1,0
3412,245913843222,1,0
3413,245918894888,0,0
3414,245924322787,0,0
3415,245929858092,1,0
3416,245934962749,0,0
3417,245940435323,1,0
3418,245945623434,1,0
3419,245950928336,1,0
3420,245956026833,1,0
3421,245961081436,0,0
3422,245966757479,0,0
3423,245972441549,1,0
3424,245977716233,1,0
3425,245982956236,1,0
3426,245988070010,0,0
3427,245993424077,1,0
3428,245998674666,0,0
3429,246004331241,1,0
3430,246009490389,0,0
3431,246015131922,0,0
3432,246020585406,0,0
3433,246026054827,0,0
3434,246031546041,1,0
3435,246036752344,0,0
3436,246042340929,1,0
3437,246047819723,0,0
3438,246053357029,1,0
3439,246058503776,0,0
3440,246064057297,0,0
3441,246069750155,0,0
3442,246075405321,0,0
3443,246081231760,1,0
3444,246086314131,0,0
3445,246091849329,0,0
3446,246097332141,0,0
3447,246102886277,0,0
3448,246108419336,1,0
3449,246113693760,0,0
3450,246119255568,1,0
3451,246124287463,0,0
3452,246130020313,0,0
3453,246135556823,0,0
3454,246141219907,0,0
3455,246146975349,0,0
3456,246152412587,1,0
3457,246157476084,1,0
3458,246162688331,0,0
3459,246168400659,0,0
3460,246174183085,0,0
3461,246179767537,1,0
3462,246184927781,1,0
3463,246190016738,1,0
3464,246195057414,0,0
3465,246200772420,0,0
3466,246206360030,0,0
3467,246212034897,0,0
3468,246217568200,1,0
3469,246222597461,1,0
3470,246227731546,0,0
3471,246233265550,0,0
3472,246238938423,0,0
3473,246244361957,1,0
3474,246249665366,0,0
3475,246255255817,0,0
3476,246260703772,0,0
3477,246266184977,1,0
3478,246271270560,0,0
3479,246276955077,0,0
3480,246282329724,1,0
3481,246287460999,0,0
3482,246292919317,1,0
3483,246298020064,1,0
3484,246303049035,0,0
3485,246308491709,1,0
3486,246313546579,0,0
3487,246319081849,1,0
3488,246324173474,1,0
3489,246329276293,1,0
3490,246334317181,1,0
3491,246339340297,1,0
3492,246344571149,1,0
3493,246349658896,1,0
3494,246354714871,0,0
3495,246360151969,1,0
3496,246365191681,1,0
3497,246370262287,0,0
3498,246375614207,1,0
3499,246380708096,1,0
3500,246385785566,0,0
3501,246391254254,1,0
3502,246396244405,0,0
3503,246401727570,1,0
3504,246406768487,0,0
3505,246412229383,0,0
3506,246417721606,0,0
3507,246423454083,1,0
3508,246428590334,1,0
3509,246433748337,1,0
3510,246438803903,1,0
3511,246443879594,1,0
3512,246448932876,0,0
3513,246454629202,0,0
3514,246460123343,1,0
3515,246465169390,0,0
3516,246470819139,0,0
3517,246476358800,1,0
3518,246481546051,0,0
3519,246487136409,0,0
3520,246492712643,1,0
3521,246497830678,1,0
3522,246502901765,0,0
3523,246508370472,0,0
3524,246514040817,1,0
3525,246519062948,0,0
3526,246524774209,0,0
3527,246530334733,1,0
3528,246535498263,1,0
3529,246540565963,0,0
3530,246546051137,0,0
3531,246551640456,0,0
3532,246557047589,0,0
3533,246562491200,1,0
3534,246567544254,0,0
3535,246573034986,0,0
3536,246578499904,1,0
3537,246583573500,1,0
3538,246588659669,0,0
3539,246594049893,1,0
3540,246599055417,1,0
3541,246604211495,0,0
3542,246609686592,0,0
3543,246615176689,0,0
3544,246620650660,0,0
3545,246625903619,1,0
3546,246630912633,1,0
3547,246635962231,0,0
3548,246641195819,0,0
3549,246646798248,1,0
3550,246651854462,1,0
3551,246656930123,1,0
3552,246661984398,0,0
3553,246667441649,1,0
3554,246672661253,1,0
3555,246677750057,0,0
3556,246683373534,1,0
3557,246688598158,1,0
3558,246693926808,1,0
3559,246699127529,1,0
3560,246704342242,1,0
3561,246709582350,0,0
3562,246715582757,1,0
3563,246720730485,1,0
3564,246725904940,1,0
3565,246731208254,1,0
3566,246736242078,0,0
3567,246741957640,0,0
3568,246747872968,0,0
3569,246753442110,1,0
3570,246758652979,1,0
3571,246763701899,0,0
3572,246769331249,0,0
3573,246774982730,0,0
3574,246780798622,1,0
3575,246786025344,0,0
3576,246791450037,1,0
3577,246796636634,1,0
3578,246801768831,1,0
3579,246806932924,1,0
3580,246811934088,1,0
3581,246817052200,1,0
3582,246822054124,1,0
3583,246827177145,1,0
3584,246832256805,0,0
3585,246838068885,1,0
3586,246843152463,1,0
3587,246848160327,1,0
3588,246853201139,1,0
3589,246858244830,0,0
3590,246863972099,1,0
3591,246869033302,1,0
3592,246874055852,0,0
3593,246879969496,1,0
3594,246885044771,0,0
3595,246890786472,1,0
3596,246895971122,1,0
3597,246901063044,1,0
3598,246906142369,1,0
3599,246911202700,0,0
3600,246916952377,0,0
3601,246922744531,1,0
3602,246927832769,0,0
3603,246933562980,1,0
3604,246938979320,0,0
3605,246944669032,1,0
3606,246949869530,0,0
3607,246955367241,0,0
3608,246961061797,0,0
3609,246966798775,0,0
3610,246972318680,0,0
3611,246977949946,1,0
3612,246982977649,1,0
3613,246988044881,1,0
3614,246993125586,0,0
3615,246998715958,1,0
3616,247003764043,0,0
3617,247009477236,0,0
3618,247014941265,1,0
3619,247020050245,1,0
3620,247025112280,1,0
3621,247030522433,1,0
3622,247035651315,1,0
3623,247040679198,1,0
3624,247045681002,0,0
3625,247051298980,1,0
3626,247056335258,1,0
3627,247061341219,0,0
3628,247067100938,1,0
3629,247072166697,1,0
3630,247077213502,1,0
3631,247082329036,1,0
3632,247087368379,0,0
3633,247092951812,0,0
3634,247098344689,0,0
3635,247103559373,0,0
3636,247109393762,1,0
3637,247114736062,0,0
3638,247120221286,0,0
3639,247125915607,1,0
3640,247131230380,0,0
3641,247137144075,1,0
3642,247142278931,0,0
3643,247148044299,1,0
3644,247153159665,1,0
3645,247158397835,0,0
3646,247163858836,1,0
3647,247168887135,0,0
3648,247174419856,1,0
3649,247179456817,1,0
3650,247184478613,1,0
3651,247189570210,0,0
3652,247195193303,0,0
3653,247200956028,0,0
3654,247206587983,0,0
3655,247211897002,1,0
3656,247216950377,0,0
3657,247222344056,1,0
3658,247227528084,0,0
3659,247232842496,0,0
3660,247238142153,0,0
3661,247243769261,0,0
3662,247249520877,0,0
3663,247255074244,0,0
3664,247260761956,1,0
3665,247265908279,1,0
3666,247271024241,1,0
3667,247276152830,1,0
3668,247281280884,1,0
3669,247286363276,0,0
3670,247291746957,0,0
3671,247297313539,0,0
3672,247302477920,1,0
3673,247307575601,0,0
3674,247313120770,1,0
3675,247318237165,1,0
3676,247323255105,1,0
3677,247328314930,1,0
3678,247333713317,1,0
3679,247338749384,1,0
3680,247343850419,1,0
3681,247349055084,1,0
3682,247354141686,0,0
3683,247359838811,0,0
3684,247365152726,0,0
3685,247370677610,0,0
3686,247375951994,0,0
3687,247382305392,0,0
3688,247387775778,1,0
3689,247392760516,1,0
3690,247397779347,1,0
3691,247402771619,1,0
3692,247407828515,0,0
3693,247413249609,0,0
3694,247418790268,1,0
3695,247423751787,0,0
3696,247428986474,0,0
3697,247434091819,0,0
3698,247440439558,0,0
3699,247446029614,0,0
3700,247451516883,1,0
3701,247456612587,0,0
3702,247462153361,1,0
3703,247467127255,1,0
3704,247475056072,1,0
3705,247480057780,1,0
3706,247485221101,1,0
3707,247490631225,0,0
3708,247495941051,1,0
3709,247501032559,0,0
3710,247507208066,1,0
3711,247512643187,1,0
3712,247518962957,1,0
3713,247523557829,1,0
3714,247528859877,1,0
3715,247534525713,0,0
3716,247540348712,1,0
3717,247546055859,1,0
3718,247552206963,1,0
3719,247559111814,0,0
3720,247564838440,1,0
3721,247569962648,1,0
3722,247575062190,1,0
3723,247580118457,0,0
3724,247585774427,0,0
3725,247591271355,1,0
3726,247596593647,1,0
3727,247601651220,1,0
3728,247606791748,0,0
3729,247612314120,1,0
3730,247617559562,0,0
3731,247623207591,0,0
3732,247628862927,0,0
3733,247634359078,0,0
3734,247639777299,1,0
3735,247644984990,0,0
3736,247650820849,0,0
3737,247656285642,0,0
3738,247661731486,1,0
3739,247666846303,0,0
3740,247672576232,0,0
3741,247678463262,0,0
3742,247684419535,1,0
3743,247689548585,0,0
3744,247695235470,0,0
3745,247700560327,1,0
3746,247705800300,0,0
3747,247711075987,0,0
3748,247716723896,1,0
3749,247721855930,0,0
3750,247727320887,0,0
3751,247733023192,1,0
3752,247738138413,1,0
3753,247743278361,0,0
3754,247748717368,1,0
3755,247753882720,0,0
3756,247759465164,0,0
3757,247764944807,0,0
3758,247770772814,1,0
3759,247775863194,0,0
3760,247781301124,0,0
3761,247786749854,1,0
3762,247791882298,0,0
3763,247797358085,1,0
3764,247802431888,1,0
3765,247807559746,1,0
3766,247812603373,1,0
3767,247817690412,0,0
3768,247823312824,0,0
3769,247828870171,0,0
3770,247834353142,1,0
3771,247839418521,0,0
3772,247845407019,1,0
3773,247850556659,0,0
3774,247855948860,1,0
3775,247861062796,0,0
3776,247866750069,1,0
3777,247871879488,0,0
3778,247877381103,0,0
3779,247882823081,0,0
3780,247888240199,1,0
3781,247893424347,0,0
3782,247899059952,0,0
3783,247904570313,0,0
3784,247910127629,0,0
3785,247915686793,1,0
3786,247920747103,1,0
3787,247925797098,0,0
3788,247931399370,1,0
3789,247936550601,0,0
3790,247942196512,0,0
3791,247947690602,0,0
3792,247953326228,1,0
3793,247958598403,0,0
3794,247964244831,0,0
3795,247969881712,0,0
3796,247975642725,1,0
3797,247980813617,1,0
3798,247985932843,0,0
3799,247991399796,0,0
3800,247996927438,1,0
3801,248002080303,0,0
3802,248007957809,1,0
3803,248012984621,1,0
3804,248018056163,1,0
3805,248023141734,0,0
3806,248028827891,1,0
3807,248033852752,0,0
3808,248039348951,0,0
3809,248044805566,1,0
3810,248049809035,0,0
3811,248055320638,1,0
3812,248060526527,1,0
3813,248065743638,1,0
3814,248070843836,0,0
3815,248076321356,1,0
3816,248081616774,0,0
3817,248087373866,0,0
3818,248092986928,1,0
3819,248098150286,0,0
3820,248103633751,1,0
3821,248108837547,1,0
3822,248114120442,1,0
3823,248119522281,0,0
3824,248125241590,1,0
3825,248130277603,1,0
3826,248135457034,0,0
3827,248141050830,0,0
3828,248146790681,0,0
3829,248152330816,1,0
3830,248157502841,0,0
3831,248163313910,1,0
3832,248168645766,0,0
3833,248174217763,0,0
3834,248180047911,1,0
3835,248185162084,0,0
3836,248190584221,1,0
3837,248195802537,0,0
3838,248201373280,1,0
3839,248206542985,1,0
3840,248211802225,0,0
3841,248217198021,0,0
3842,248222818409,1,0
3843,248227891411,1,0
3844,248233017366,1,0
3845,248238053489,1,0
3846,248243168516,1,0
3847,248248359151,0,0
3848,248254271342,1,0
3849,248259594426,0,0
3850,248265065528,1,0
3851,248270140283,1,0
3852,248275297551,0,0
3853,248280985245,1,0
3854,248286066537,1,0
3855,248291220861,1,0
3856,248296307811,0,0
3857,248301985363,1,0
3858,248307032326,1,0
3859,248312152565,0,0
3860,248318058547,1,0
3861,248323042687,0,0
3862,248328612873,1,0
3863,248333724694,1,0
3864,248338813989,1,0
3865,248343904529,0,0
3866,248349794587,1,0
3867,248354948762,1,0
3868,248359949465,1,0
3869,248365019550,0,0
3870,248370676439,0,0
3871,248376284863,0,0
3872,248382135037,0,0
3873,248387777329,0,0
3874,248393251734,1,0
3875,248398260041,1,0
3876,248403425690,1,0
3877,248408448338,1,0
3878,248413643956,0,0
3879,248419183949,0,0
3880,248424684026,1,0
3881,248429862397,1,0
3882,248434924192,0,0
3883,248440456824,1,0
3884,248445493493,0,0
3885,248450908743,0,0
3886,248456258407,1,0
3887,248461279010,0,0
3888,248466721863,1,0
3889,248471900672,0,0
3890,248477386131,0,0
3891,248482762173,1,0
3892,248487792198,0,0
3893,248493044562,0,0
3894,248498437132,0,0
3895,248503968930,1,0
3896,248508999386,1,0
3897,248514047818,0,0
3898,248519559171,1,0
3899,248524607593,0,0
3900,248530049273,0,0
3901,248535607105,1,0
3902,248540700589,0,0
3903,248546113004,0,0
3904,248551560324,1,0
3905,248556625190,1,0
3906,248561710262,0,0
3907,248567158079,0,0
3908,248572580335,0,0
3909,248578045261,0,0
3910,248583576887,1,0
3911,248588616057,1,0
3912,248593727015,0,0
3913,248599184228,0,0
3914,248604611825,0,0
3915,248610046568,0,0
3916,248615585561,0,0
3917,248621099053,1,0
3918,248626224539,0,0
3919,248631459516,0,0
3920,248636919513,0,0
3921,248642455496,1,0
3922,248647569526,1,0
3923,248652592380,0,0
3924,248658052971,0,0
3925,248663505367,1,0
3926,248668556342,1,0
3927,248673539003,1,0
3928,248678570271,1,0
3929,248683586241,0,0
3930,248689305136,0,0
3931,248694740507,0,0
3932,248700235010,1,0
3933,248705248226,1,0
3934,248710254164,1,0
3935,248715256957,1,0
3936,248720285789,0,0
3937,248725793171,1,0
3938,248730841821,0,0
3939,248736144026,0,0
3940,248741625620,0,0
3941,248747051913,0,0
3942,248752729680,1,0
3943,248757750431,0,0
3944,248763233474,1,0
3945,248768285999,0,0
3946,248773882068,0,0
3947,248779346785,1,0
3948,248784444557,0,0
3949,248790165292,1,0
3950,248795291293,1,0
3951,248800347048,0,0
3952,248805936386,1,0
3953,248810996865,0,0
3954,248816469009,1,0
3955,248821506028,0,0
3956,248827051217,1,0
3957,248832185739,1,0
3958,248837211229,1,0
3959,248842218284,0,0
3960,248847630304,1,0
3961,248852674516,0,0
3962,248858044642,1,0
3963,248863098755,1,0
3964,248868152561,1,0
3965,248873243748,1,0
3966,248878259147,1,0
3967,248883313838,1,0
3968,248888490765,0,0
3969,248894198310,1,0
3970,248899226751,1,0
3971,248904201555,1,0
3972,248909230225,0,0
3973,248914729888,0,0
3974,248920104661,0,0
3975,248925526665,1,0
3976,248930558928,1,0
3977,248935624519,1,0
3978,248940851651,1,0
3979,248945813153,0,0
3980,248951402318,1,0
3981,248956433878,1,0
3982,248961640983,1,0
3983,248966790440,0,0
3984,248972396161,1,0
3985,248977403764,1,0
3986,248982542009,1,0
3987,248988051441,0,0
3988,248993643273,0,0
3989,248999412912,1,0
3990,249004557195,1,0
3991,249009666305,1,0
3992,249014726851,1,0
3993,249019792785,1,0
3994,249024845966,0,0
3995,249030406629,1,0
3996,249035435252,0,0
3997,249040887408,1,0
3998,249045934071,1,0
3999,249050995365,0,0
4000,249056562938,0,0
4001,249062409263,0,0
4002,249068075568,1,0
4003,249073043323,1,0
4004,249078150568,1,0
4005,249083231455,0,0
4006,249089110545,1,0
4007,249094164109,0,0
4008,249099884854,1,0
4009,249104917315,1,0
4010,249109924544,1,0
4011,249114967796,0,0
4012,249120381461,1,0
4013,249125371084,0,0
4014,249130740920,1,0
4015,249135755651,0,0
4016,249141111078,1,0
4017,249146162927,0,0
4018,249151774336,1,0
4019,249156869347,0,0
4020,249162422547,0,0
4021,249168323363,1,0
4022,249173415709,0,0
4023,249178943253,0,0
4024,249184468759,1,0
4025,249189653171,1,0
4026,249194761847,1,0
4027,249199960834,1,0
4028,249205021267,1,0
4029,249210046580,0,0
4030,249215529839,1,0
4031,249220594929,0,0
4032,249226243747,0,0
4033,249231984955,1,0
4034,249237030502,0,0
4035,249242502190,0,0
4036,249247936742,0,0
4037,249253472044,1,0
4038,249258558596,0,0
4039,249264033926,1,0
4040,249269131024,0,0
4041,249274609921,0,0
4042,249279864032,0,0
4043,249285104392,1,0
4044,249290135973,0,0
4045,249295675117,0,0
4046,249301032922,1,0
4047,249306090458,1,0
4048,249311196148,0,0
4049,249316805404,0,0
4050,249322312814,1,0
4051,249327412942,1,0
4052,249332448907,0,0
4053,249337881604,0,0
4054,249343489514,1,0
4055,249348828853,1,0
4056,249354029005,1,0
4057,249359107819,0,0
4058,249364592901,1,0
4059,249369643568,1,0
4060,249374703444,0,0
4061,249380029774,1,0
4062,249385051470,0,0
4063,249390455817,1,0
4064,249395469286,0,0
4065,249400981088,0,0
4066,249406477255,1,0
4067,249411603257,0,0
4068,249417200042,1,0
4069,249422180241,0,0
4070,249427601995,1,0
4071,249432646375,1,0
4072,249437677664,0,0
4073,249443122663,0,0
4074,249448527304,0,0
4075,249454067972,1,0
4076,249459111639,0,0
4077,249464665293,0,0
4078,249470211170,1,0
4079,249475255706,1,0
4080,249480396628,0,0
4081,249485986481,1,0
4082,249491196364,0,0
4083,249496578167,0,0
4084,249502261740,1,0
4085,249507472304,0,0
4086,249513058139,0,0
4087,249518459254,0,0
4088,249524059262,1,0
4089,249529125253,0,0
4090,249534720472,0,0
4091,249540422873,1,0
4092,249545552927,0,0
4093,249551061000,1,0
4094,249556187308,1,0
4095,249561226182,0,0
4096,249566868978,1,0
4097,249571934388,0,0
4098,249577332859,1,0
4099,249582454796,0,0
4100,249588072945,0,0
4101,249593808397,0,0
4102,249599468200,1,0
4103,249604595533,0,0
4104,249610404404,0,0
4105,249616123532,1,0
4106,249621204566,0,0
4107,249626612450,0,0
4108,249632206472,1,0
4109,249637616391,1,0
4110,249642794364,0,0
4111,249648222312,0,0
4112,249653896115,1,0
4113,249659071099,0,0
4114,249664643493,0,0
4115,249670285829,1,0
4116,249675492436,1,0
4117,249680594970,1,0
4118,249685650032,0,0
4119,249691456006,1,0
4120,249696633676,0,0
4121,249702451999,0,0
4122,249708044690,1,0
4123,249713161274,1,0
4124,249718296079,1,0
4125,249723552601,0,0
4126,249729289994,0,0
4127,249734858907,1,0
4128,249739997214,0,0
4129,249745519548,0,0
4130,249751470953,0,0
4131,249757144116,1,0
4132,249762324044,1,0
4133,249767691981,0,0
4134,249773347642,1,0
4135,249778531697,1,0
4136,249783788759,0,0
4137,249789499661,0,0
4138,249795489277,1,0
4139,249800721633,0,0
4140,249805939174,0,0
4141,249811429360,1,0
4142,249816751966,1,0
4143,249821808133,1,0
4144,249826890713,1,0
4145,249831983573,1,0
4146,249837068705,1,0
4147,249842284186,1,0
4148,249847389953,0,0
4149,249853027033,1,0
4150,249858238183,1,0
4151,249863307692,0,0
4152,249868899541,0,0
4153,249874587597,0,0
4154,249880292897,0,0
4155,249885875753,1,0
4156,249890940142,1,0
4157,249895953983,1,0
4158,249901042387,1,0
4159,249906128383,0,0
4160,249911909135,0,0
4161,249917492085,1,0
4162,249922575922,0,0
4163,249928310320,0,0
4164,249933814988,1,0
4165,249938885786,0,0
4166,249944575060,1,0
4167,249949655722,1,0
4168,249954691972,0,0
4169,249960326980,1,0
4170,249965446379,0,0
4171,249971030456,0,0
4172,249976562688,0,0
4173,249982193665,1,0
4174,249987059054,1,0
4175,249992189431,1,0
4176,249997207821,1,0
4177,250002252626,1,0
4178,250007297226,0,0
4179,250012793123,1,0
4180,250017845364,1,0
4181,250022867397,0,0
4182,250028212429,0,0
4183,250033783596,0,0
4184,250039336790,1,0
4185,250044404041,1,0
4186,250049436198,0,0
4187,250054949097,0,0
4188,250060419378,0,0
4189,250066131333,0,0
4190,250071764885,1,0
4191,250077171595,1,0
4192,250082304803,0,0
4193,250087846393,1,0
4194,250092936270,1,0
4195,250098036068,1,0
4196,250103149003,1,0
4197,250108273653,1,0
4198,250113451282,0,0
4199,250119266236,0,0
4200,250124616164,1,0
4201,250129793202,1,0
4202,250135048961,0,0
4203,250140468701,0,0
4204,250146054813,0,0
4205,250151434118,1,0
4206,250156434261,0,0
4207,250161924956,1,0
4208,250166915225,1,0
4209,250171912655,1,0
4210,250176935852,0,0
4211,250182437622,0,0
4212,250187942480,0,0
4213,250193153449,0,0
4214,250198624157,1,0
4215,250203652769,1,0
4216,250208664186,0,0
4217,250214041267,1,0
4218,250219179636,0,0
4219,250224883686,0,0
4220,250230311677,0,0
4221,250235866028,0,0
4222,250241282895,1,0
4223,250246471594,1,0
4224,250251629664,0,0
4225,250257376740,0,0
4226,250263072124,0,0
4227,250269166352,0,0
4228,250274650187,0,0
4229,250280432912,1,0
4230,250285636105,1,0
4231,250290799691,0,0
4232,250296659235,0,0
4233,250302552107,0,0
4234,250308353418,1,0
4235,250313605783,1,0
4236,250318646447,1,0
4237,250323661972,0,0
4238,250329438464,1,0
4239,250334599373,0,0
4240,250340127792,0,0
4241,250345997830,0,0
4242,250351605283,1,0
4243,250356940511,0,0
4244,250362594725,1,0
4245,250367976816,1,0
4246,250373020745,0,0
4247,250378845172,0,0
4248,250384303453,0,0
4249,250390063962,1,0
4250,250395154874,0,0
4251,250400675688,0,0
4252,250406257231,0,0
4253,250411821809,0,0
4254,250417344868,0,0
4255,250422989052,0,0
4256,250428305282,0,0
4257,250433892491,0,0
4258,250439345971,1,0
4259,250444739942,1,0
4260,250449728088,0,0
4261,250455353939,0,0
4262,250460773859,0,0
4263,250466261111,0,0
4264,250471675243,1,0
4265,250476815399,1,0
4266,250481948017,1,0
4267,250487052329,0,0
4268,250492428582,0,0
4269,250498050775,0,0
4270,250503471941,1,0
4271,250508511838,1,0
4272,250513748336,0,0
4273,250519220914,0,0
4274,250524739084,1,0
4275,250529843341,0,0
4276,250535315628,1,0
4277,250540313640,0,0
4278,250545861551,1,0
4279,250550894061,0,0
4280,250556240674,0,0
4281,250561588067,0,0
4282,250566954190,1,0
4283,250571968847,0,0
4284,250577458686,0,0
4285,250582972956,1,0
4286,250588076542,0,0
4287,250593698057,1,0
4288,250598814103,1,0
4289,250603878573,0,0
4290,250609308849,0,0
4291,250614936471,1,0
4292,250619989309,1,0
4293,250625041472,1,0
4294,250630067495,0,0
4295,250635558176,0,0
4296,250640902390,1,0
4297,250645935668,0,0
4298,250651551188,1,0
4299,250656689428,0,0
4300,250662131759,1,0
4301,250667224171,1,0
4302,250672222340,1,0
4303,250677241438,1,0
4304,250682202379,0,0
4305,250687895563,0,0
4306,250693523720,0,0
4307,250699147868,0,0
4308,250704582721,0,0
4309,250710229800,0,0
4310,250715757076,1,0
4311,250721051336,0,0
4312,250726514411,0,0
4313,250732191602,0,0
4314,250737920740,1,0
4315,250742952113,0,0
4316,250748511000,0,0
4317,250754058144,0,0
4318,250759552535,0,0
4319,250765453039,0,0
4320,250771180510,0,0
4321,250776833565,0,0
4322,250782566349,0,0
4323,250788476523,0,0
4324,250794152549,1,0
4325,250799269846,1,0
4326,250804287234,1,0
4327,250809281428,0,0
4328,250814759406,0,0
4329,250820145643,0,0
4330,250825574131,1,0
4331,250830604497,0,0
4332,250836046880,1,0
4333,250841130178,1,0
4334,250846219757,0,0
4335,250851772092,0,0
4336,250857433077,1,0
4337,250862530635,0,0
4338,250868165668,0,0
4339,250873902033,0,0
4340,250879325341,1,0
4341,250884321064,0,0
4342,250889664405,1,0
4343,250894702762,0,0
4344,250900287067,1,0
4345,250905326938,0,0
4346,250910650029,1,0
4347,250915726722,1,0
4348,250920984338,1,0
4349,250926050394,0,0
4350,250931575413,0,0
4351,250937345478,1,0
4352,250942520000,1,0
4353,250947597291,1,0
4354,250952650922,0,0
4355,250958287928,1,0
4356,250963571769,1,0
4357,250968744395,1,0
4358,250973848115,0,0
4359,250979272638,0,0
4360,250984969096,0,0
4361,250990481120,0,0
4362,250996150077,1,0
4363,251001193904,1,0
4364,251006285889,1,0
4365,251011345669,0,0
4366,251017121828,1,0
4367,251022216257,1,0
4368,251027259069,0,0
4369,251032639949,0,0
4370,251038188915,1,0
4371,251043234266,1,0
4372,251048200839,0,0
4373,251053637225,1,0
4374,251058658005,1,0
4375,251063970993,0,0
4376,251069470147,1,0
4377,251074994563,1,0
4378,251080041222,1,0
4379,251085139978,0,0
4380,251090648039,1,0
4381,251095781133,1,0
4382,251100841367,1,0
4383,251105827295,1,0
4384,251111071203,0,0
4385,251116836177,0,0
4386,251122552933,1,0
4387,251127683361,1,0
4388,251132795170,1,0
4389,251137832558,0,0
4390,251143483454,1,0
4391,251148528613,0,0
4392,251153997016,0,0
4393,251159503572,0,0
4394,251165121781,0,0
4395,251170711362,0,0
4396,251176348911,0,0
4397,251181839628,1,0
4398,251187025497,0,0
4399,251192632466,1,0
4400,251197935579,1,0
4401,251203065744,0,0
4402,251208452436,1,0
4403,251213844732,0,0
4404,251219558289,0,0
4405,251225275577,1,0
4406,251230526866,1,0
4407,251235801034,0,0
4408,251241558861,0,0
4409,251247015623,1,0
4410,251252329543,1,0
4411,251257500230,1,0
4412,251262697741,0,0
4413,251268423965,0,0
4414,251273984031,0,0
4415,251279720783,1,0
4416,251284878332,0,0
4417,251290446720,0,0
4418,251296035691,0,0
4419,251301552989,0,0
4420,251307275603,0,0
4421,251312784055,0,0
4422,251318343533,1,0
4423,251323459812,1,0
4424,251328573945,1,0
4425,251333678886,1,0
4426,251338742105,0,0
4427,251344175536,1,0
4428,251349312979,0,0
4429,251354897731,1,0
4430,251360020758,1,0
4431,251365116426,0,0
4432,251371050142,1,0
4433,251376105520,1,0
4434,251381194110,1,0
4435,251386230103,0,0
4436,251391848395,1,0
4437,251396908925,0,0
4438,251402296797,0,0
4439,251407721630,0,0
4440,251413213246,1,0
4441,251418306422,0,0
4442,251423888919,1,0
4443,251428886870,0,0
4444,251434228009,0,0
4445,251439634678,0,0
4446,251445154577,0,0
4447,251450641869,1,0
4448,251455802710,0,0
4449,251461463836,0,0
4450,251466967571,1,0
4451,251472098981,1,0
4452,251477189777,1,0
4453,251482230002,1,0
4454,251487571160,0,0
4455,251493332061,0,0
4456,251498591030,1,0
4457,251503633010,0,0
4458,251508981902,0,0
4459,251514262204,0,0
4460,251519691911,1,0
4461,251524890774,0,0
4462,251530561313,0,0
4463,251536031582,1,0
4464,251541132097,1,0
4465,251546130453,0,0
4466,251551794274,0,0
4467,251557405071,1,0
4468,251562458532,1,0
4469,251567704746,1,0
4470,251573071580,0,0
4471,251578675114,1,0
4472,251583760198,0,0
4473,251589274779,0,0
4474,251594977047,1,0
4475,251600064553,1,0
4476,251605256544,0,0
4477,251610842183,1,0
4478,251615876063,0,0
4479,251621444434,1,0
4480,251626544846,0,0
4481,251631954301,0,0
4482,251637454991,1,0
4483,251642564721,0,0
4484,251648071818,1,0
4485,251653117842,0,0
4486,251658404319,0,0
4487,251663844346,0,0
4488,251669292367,1,0
4489,251674297848,0,0
4490,251679554784,0,0
4491,251685550075,1,0
4492,251690743984,1,0
4493,251695900645,0,0
4494,251701379036,0,0
4495,251707067806,0,0
4496,251712499934,0,0
4497,251718060969,1,0
4498,251723193588,1,0
4499,251728289881,0,0
4500,251734071282,1,0
4501,251739169364,1,0
4502,251744271820,1,0
4503,251749236803,1,0
4504,251754322111,1,0
4505,251759404040,1,0
4506,251764479211,1,0
4507,251769561993,1,0
4508,251774902906,0,0
4509,251780476057,1,0
4510,251785603969,0,0
4511,251791145174,1,0
4512,251796213226,0,0
4513,251801887241,0,0
4514,251807335380,0,0
4515,251812619830,0,0
4516,251818129941,0,0
4517,251823622184,0,0
4518,251829021517,0,0
4519,251834622271,0,0
4520,251840045069,0,0
4521,251845600215,1,0
4522,251850801535,1,0
4523,251855898429,0,0
4524,251861487805,1,0
4525,251866531026,0,0
4526,251872183190,1,0
4527,251877251031,1,0
4528,251882360248,1,0
4529,251887403654,1,0
4530,251892550744,1,0
4531,251897496687,0,0
4532,251903071235,1,0
4533,251908125281,1,0
4534,251913254328,1,0
4535,251918273873,1,0
4536,251923310542,0,0
4537,251928858655,1,0
4538,251933904220,0,0
4539,251939451744,0,0
4540,251944808729,0,0
4541,251950052644,1,0
4542,251955172283,0,0
4543,251960616821,1,0
4544,251965749224,0,0
4545,251971315317,0,0
4546,251976719231,1,0
4547,251981798799,1,0
4548,251986857675,1,0
4549,251991904747,1,0
4550,251996923993,1,0
4551,252001949484,1,0
4552,252006992230,1,0
4553,252012031518,1,0
4554,252017053824,0,0
4555,252022806179,1,0
4556,252027917513,1,0
4557,252033020422,0,0
4558,252038490084,0,0
4559,252044194921,1,0
4560,252049228187,0,0
4561,252055041190,0,0
4562,252060275600,0,0
4563,252065873588,1,0
4564,252070902002,1,0
4565,252075970722,1,0
4566,252080991403,1,0
4567,252086055523,1,0
4568,252091049696,1,0
4569,252096158555,1,0
4570,252101233263,0,0
4571,252106763741,0,0
4572,252112065036,1,0
4573,252117212975,1,0
4574,252122325347,0,0
4575,252127586086,1,0
4576,252132934296,1,0
4577,252138077419,1,0
4578,252143225753,0,0
4579,252148641616,0,0
4580,252154022010,0,0
4581,252159205496,0,0
4582,252164337188,0,0
4583,252169580398,1,0
4584,252174669162,1,0
4585,252179747645,0,0
4586,252185154724,0,0
4587,252190530257,0,0
4588,252195968011,1,0
4589,252201068547,0,0
4590,252206384228,1,0
4591,252211605506,1,0
4592,252216911585,1,0
4593,252221983283,1,0
4594,252227071843,1,0
4595,252232240246,0,0
4596,252237858703,0,0
4597,252243195047,0,0
4598,252248437165,1,0
4599,252253447048,0,0
4600,252258993552,0,0
4601,252264296640,0,0
4602,252269611302,1,0
4603,252274704615,1,0
4604,252279932425,1,0
4605,252285029849,1,0
4606,252290072121,0,0
4607,252295728525,0,0
4608,252301359626,0,0
4609,252307025213,1,0
4610,252312123632,0,0
4611,252317851828,0,0
4612,252323383695,1,0
4613,252328541043,1,0
4614,252333717572,1,0
4615,252339025250,1,0
4616,252344133607,1,0
4617,252349269012,1,0
4618,252354516249,0,0
4619,252360299065,0,0
4620,252365618681,1,0
4621,252370841369,1,0
4622,252375902065,0,0
4623,252381377415,0,0
4624,252386629645,0,0
4625,252392180358,1,0
4626,252397250613,0,0
4627,252402735542,0,0
4628,252408327778,0,0
4629,252413690472,0,0
4630,252419153451,0,0
4631,252424705115,1,0
4632,252429759932,1,0
4633,252434795679,0,0
4634,252440048266,0,0
4635,252445475248,0,0
4636,252450722777,0,0
4637,252456109825,0,0
4638,252461585291,0,0
4639,252467202454,0,0
4640,252472502547,1,0
4641,252477554684,1,0
4642,252482661331,1,0
4643,252487708541,0,0
4644,252492962698,1,0
4645,252498094605,0,0
4646,252503448119,1,0
4647,252508491402,1,0
4648,252513481134,0,0
4649,252519139957,0,0
4650,252524860727,1,0
4651,252529926866,1,0
4652,252534961454,0,0
4653,252540421832,0,0
4654,252545950932,1,0
4655,252551129116,0,0
4656,252556787796,0,0
4657,252562323733,0,0
4658,252567723132,1,0
4659,252572799740,1,0
4660,252577822888,1,0
4661,252582868302,1,0
4662,252587947997,1,0
4663,252593069813,0,0
4664,252598661110,1,0
4665,252603955641,1,0
4666,252609022126,0,0
4667,252614540894,0,0
4668,252620029328,1,0
4669,252625120933,1,0
4670,252630284245,0,0
4671,252635805834,1,0
4672,252640935740,0,0
4673,252646409388,1,0
4674,252651497559,0,0
4675,252657060125,1,0
4676,252662148635,1,0
4677,252667247717,1,0
4678,252672422048,0,0
4679,252678118018,1,0
4680,252683257487,1,0
4681,252688427768,0,0
4682,252694026863,1,0
4683,252699057020,0,0
4684,252704688620,1,0
4685,252709918271,0,0
4686,252715501465,0,0
4687,252721065077,0,0
4688,252726490142,0,0
4689,252732236225,1,0
4690,252737332860,0,0
4691,252743145072,1,0
4692,252748231263,0,0
4693,252753802465,0,0
4694,252759350771,1,0
4695,252764501882,1,0
4696,252769499684,1,0
4697,252774703400,1,0
4698,252779781466,0,0
4699,252785485973,1,0
4700,252790680076,0,0
4701,252796311902,0,0
4702,252801674632,1,0
4703,252806718334,1,0
4704,252811743586,0,0
4705,252817211680,0,0
4706,252822898321,0,0
4707,252828507049,1,0
4708,252833522762,0,0
4709,252839058521,1,0
4710,252844125218,0,0
4711,252850042002,0,0
4712,252855671362,0,0
4713,252861454152,0,0
4714,252867040159,0,0
4715,252872564698,0,0
4716,252878344689,1,0
4717,252883577575,0,0
4718,252889276505,0,0
4719,252894856152,1,0
4720,252899903207,1,0
4721,252904957287,0,0
4722,252910252499,0,0
4723,252915711493,0,0
4724,252921313954,1,0
4725,252926569549,0,0
4726,252932339335,0,0
4727,252938079187,0,0
4728,252943651051,1,0
4729,252948763018,1,0
4730,252953821669,0,0
4731,252959315717,1,0
4732,252964450255,0,0
4733,252969853346,1,0
4734,252974944891,1,0
4735,252980058543,0,0
4736,252985525426,0,0
4737,252991177363,0,0
4738,252996722712,0,0
4739,253002295257,1,0
4740,253007491718,0,0
4741,253013316218,0,0
4742,253018671472,0,0
4743,253024072034,1,0
4744,253029227595,0,0
4745,253034927879,1,0
4746,253039986799,1,0
4747,253045200773,0,0
4748,253050809814,0,0
4749,253056241099,1,0
4750,253061499178,0,0
4751,253067192418,0,0
4752,253072857964,0,0
4753,253078473011,1,0
4754,253083612660,1,0
4755,253088808787,1,0
4756,253093929422,1,0
4757,253099134051,0,0
4758,253105044676,1,0
4759,253110304743,0,0
4760,253115961418,1,0
4761,253121219304,0,0
4762,253127197908,1,0
4763,253132388626,0,0
4764,253138063492,1,0
4765,253143158412,1,0
4766,253148308523,1,0
4767,253153690124,1,0
4768,253158856837,0,0
4769,253164408119,1,0
4770,253169587681,0,0
4771,253175251545,0,0
4772,253181171384,0,0
4773,253186693595,1,0
4774,253191846430,1,0
4775,253196937453,1,0
4776,253202081560,1,0
4777,253207118524,1,0
4778,253212260404,0,0
4779,253217866233,1,0
4780,253222921735,1,0
4781,253227983113,1,0
4782,253233054165,0,0
4783,253239026881,1,0
4784,253244062645,1,0
4785,253249166778,0,0
4786,253254963010,0,0
4787,253260683458,1,0
4788,253265824326,1,0
4789,253270917933,1,0
4790,253276038939,0,0
4791,253281821310,1,0
4792,253286941512,0,0
4793,253292591424,1,0
4794,253297701987,0,0
4795,253303309204,1,0
4796,253308319455,0,0
4797,253314166223,1,0
4798,253319118952,0,0
4799,253324970273,1,0
4800,253330016161,1,0
4801,253335108829,0,0
4802,253340695427,1,0
4803,253345883067,0,0
4804,253351416368,0,0
4805,253357073387,1,0
4806,253362176613,1,0
4807,253367254824,0,0
4808,253372953854,1,0
4809,253378070677,1,0
4810,253383243370,1,0
4811,253388224983,1,0
4812,253393230737,0,0
4813,253398785732,0,0
4814,253404242673,1,0
4815,253409238526,1,0
4816,253414272779,1,0
4817,253419422776,0,0
4818,253425033940,0,0
4819,253431027844,0,0
4820,253436691657,0,0
4821,253442374692,1,0
4822,253447479919,0,0
4823,253453067873,1,0
4824,253458121874,0,0
4825,253463616665,0,0
4826,253469348045,0,0
4827,253474930463,1,0
4828,253480075090,0,0
4829,253485915712,0,0
4830,253491387034,0,0
4831,253496662477,1,0
4832,253501889816,1,0
4833,253506919538,0,0
4834,253512339758,1,0
4835,253517535695,1,0
4836,253522840426,0,0
4837,253528212695,0,0
4838,253533682990,1,0
4839,253538981245,0,0
4840,253544250081,1,0
4841,253549361535,0,0
4842,253554674527,0,0
4843,253559971548,1,0
4844,253565069579,0,0
4845,253570240446,0,0
4846,253575548063,1,0
4847,253580833315,0,0
4848,253586236001,1,0
4849,253591278664,0,0
4850,253596621092,0,0
4851,253602069715,1,0
4852,253607235744,0,0
4853,253612702255,0,0
4854,253618152080,0,0
4855,253623485317,0,0
4856,253628838558,0,0
4857,253634230206,1,0
4858,253639206519,0,0
4859,253644566966,1,0
4860,253649647548,1,0
4861,253654933823,0,0
4862,253660228138,0,0
4863,253665418788,0,0
4864,253670567555,1,0
4865,253675887123,1,0
4866,253681052582,1,0
4867,253686131519,1,0
4868,253691223196,0,0
4869,253696964595,1,0
4870,253702092829,1,0
4871,253707282425,0,0
4872,253712938609,1,0
4873,253718025093,1,0
4874,253723061818,0,0
4875,253728653211,0,0
4876,253734599892,0,0
4877,253740505780,0,0
4878,253746067566,0,0
4879,253751515948,1,0
4880,253756837810,0,0
4881,253762201185,1,0
4882,253767271503,1,0
4883,253772528386,1,0
4884,253777695451,0,0
4885,253783122952,0,0
4886,253788251292,1,0
4887,253793266263,1,0
4888,253798237115,0,0
4889,253803585304,0,0
4890,253809037339,0,0
4891,253814493376,1,0
4892,253819660494,1,0
4893,253824946527,1,0
4894,253830024448,1,0
4895,253835068217,0,0
4896,253840533572,1,0
4897,253845817014,1,0
4898,253850966879,0,0
4899,253856447620,1,0
4900,253861556037,1,0
4901,253866838308,0,0
4902,253872161307,0,0
4903,253877603221,1,0
4904,253882956675,1,0
4905,253888057870,0,0
4906,253893191963,1,0
4907,253898271200,1,0
4908,253903254858,1,0
4909,253908299695,1,0
4910,253913544068,1,0
4911,253918872580,0,0
4912,253924234633,0,0
4913,253929555754,1,0
4914,253934782795,1,0
4915,253939846489,1,0
4916,253944921387,0,0
4917,253950409210,0,0
4918,253955864038,1,0
4919,253960950511,0,0
4920,253966346782,1,0
4921,253971579144,1,0
4922,253976857542,1,0
4923,253981954825,1,0
4924,253987064414,0,0
4925,253992441767,0,0
4926,253997773828,0,0
4927,254003208673,0,0
4928,254008689051,0,0
4929,254014161752,1,0
4930,254019252777,0,0
4931,254024769596,1,0
4932,254029849170,1,0
4933,254034870117,1,0
4934,254039924231,1,0
4935,254044949844,0,0
4936,254050385872,0,0
4937,254055902450,0,0
4938,254061116758,0,0
4939,254066530780,1,0
4940,254071839074,0,0
4941,254077247153,0,0
4942,254082588478,0,0
4943,254087872530,1,0
4944,254092941774,0,0
4945,254098172590,1,0
4946,254103202639,0,0
4947,254108629924,0,0
4948,254114059187,1,0
4949,254119017324,0,0
4950,254124237398,0,0
4951,254129391690,1,0
4952,254134453210,0,0
4953,254139693229,0,0
4954,254145027404,1,0
4955,254150126375,1,0
4956,254155240200,0,0
4957,254160362037,0,0
4958,254165716240,1,0
4959,254170756765,0,0
4960,254176174438,0,0
4961,254181585976,1,0
4962,254186888937,0,0
4963,254192146801,0,0
4964,254197542623,0,0
4965,254202954291,1,0
4966,254208031730,1,0
4967,254213067146,0,0
4968,254218490595,1,0
4969,254223667249,0,0
4970,254228971789,0,0
4971,254234185109,1,0
4972,254239366471,1,0
4973,254244484078,1,0
4974,254249660326,0,0
4975,254255076545,0,0
4976,254260619241,1,0
4977,254265689449,1,0
4978,254270813339,1,0
4979,254275932436,0,0
4980,254281268498,1,0
4981,254286705202,0,0
4982,254292068412,1,0
4983,254297184062,1,0
4984,254302310188,1,0
4985,254307405193,0,0
4986,254312932006,1,0
4987,254318035289,0,0
4988,254323431256,1,0
4989,254328488492,1,0
4990,254333527045,0,0
4991,254338980692,1,0
4992,254344045992,0,0
4993,254349705986,1,0
4994,254354826987,0,0
4995,254360459864,1,0
4996,254365747142,1,0
4997,254370882496,0,0
4998,254376517727,1,0
4999,254381872748,1,0
5000,254387055245,0,0
5001,254392673383,1,0
5002,254397738141,1,0
5003,254402826344,1,0
5004,254407886784,1,0
5005,254412923164,0,0
5006,254418311401,0,0
5007,254423734223,0,0
5008,254429110788,0,0
5009,254434533918,0,0
5010,254439986063,0,0
5011,254445646721,0,0
5012,254451264971,1,0
5013,254456369458,1,0
5014,254461401794,0,0
5015,254466848182,0,0
5016,254472256501,1,0
5017,254477288126,1,0
5018,254482359117,1,0
5019,254487406208,0,0
5020,254492874860,1,0
5021,254497911390,1,0
5022,254502985954,0,0
5023,254508412554,0,0
5024,254513892110,1,0
5025,254518926018,1,0
5026,254523969428,0,0
5027,254529243277,1,0
5028,254534272801,0,0
5029,254539688029,1,0
5030,254544764837,1,0
5031,254549868819,0,0
5032,254555420605,0,0
5033,254560918226,0,0
5034,254566328487,0,0
5035,254571858891,1,0
5036,254576953546,0,0
5037,254582355191,0,0
5038,254587800558,0,0
5039,254593361515,1,0
5040,254598461545,0,0
5041,254604026421,1,0
5042,254609116205,1,0
5043,254614240508,1,0
5044,254619302042,1,0
5045,254624376096,1,0
5046,254629513952,1,0
5047,254634528940,0,0
5048,254640357994,1,0
5049,254645547003,0,0
5050,254651193869,0,0
5051,254656582592,1,0
5052,254661839230,1,0
5053,254666874882,1,0
5054,254671876640,1,0
5055,254676919652,0,0
5056,254682618087,1,0
5057,254687836017,0,0
5058,254693416875,1,0
5059,254698739980,1,0
5060,254703904983,0,0
5061,254709627750,0,0
5062,254715505976,0,0
5063,254721459063,1,0
5064,254726632760,0,0
5065,254732201204,0,0
5066,254737773921,0,0
5067,254743231255,0,0
5068,254748790546,0,0
5069,254754373674,1,0
5070,254759439335,0,0
5071,254764685879,1,0
5072,254769764401,1,0
5073,254774861032,0,0
5074,254780437336,0,0
5075,254786030930,1,0
5076,254791052302,0,0
5077,254796658294,0,0
5078,254802305142,0,0
5079,254807892823,0,0
5080,254813258908,0,0
5081,254818932517,0,0
5082,254824565098,0,0
5083,254830198535,1,0
5084,254835207775,0,0
5085,254840782558,0,0
5086,254846245799,0,0
5087,254852085771,0,0
5088,254857704646,0,0
5089,254863533891,0,0
5090,254869440061,0,0
5091,254875147916,0,0
5092,254880821056,1,0
5093,254885963713,1,0
5094,254891052047,0,0
5095,254896568612,0,0
5096,254902201966,1,0
5097,254907292106,1,0
5098,254912487578,0,0
5099,254918019314,0,0
5100,254923510189,1,0
5101,254928691218,0,0
5102,254934432305,0,0
5103,254940143936,0,0
5104,254945952435,0,0
5105,254951721821,0,0
5106,254957597985,1,0
5107,254962875382,1,0
5108,254967914156,0,0
5109,254973633873,1,0
5110,254978535980,1,0
5111,254983957378,1,0
5112,254989061476,1,0
5113,254994271452,0,0
5114,254999898522,1,0
5115,255005059100,1,0
5116,255010194383,1,0
5117,255015301406,1,0
5118,255020564495,0,0
5119,255026289536,0,0
5120,255032030035,1,0
5121,255037176557,0,0
5122,255042772959,0,0
5123,255048372548,1,0
5124,255053535122,0,0
5125,255059503468,0,0
5126,255065054235,0,0
5127,255070717291,0,0
5128,255076509272,1,0
5129,255081584738,1,0
5130,255086939961,1,0
5131,255091971432,1,0
5132,255096989393,0,0
5133,255102381568,1,0
5134,255107409383,1,0
5135,255112466228,1,0
5136,255117518557,1,0
5137,255122550399,0,0
5138,255128049544,0,0
5139,255133574264,0,0
5140,255139209425,0,0
5141,255144816616,1,0
5142,255149885214,0,0
5143,255155510056,1,0
5144,255160584760,0,0
5145,255166126237,0,0
5146,255171469261,0,0
5147,255176813930,0,0
5148,255182197975,1,0
5149,255187241266,0,0
5150,255192563466,0,0
5151,255198102372,1,0
5152,255203193546,0,0
5153,255208698775,0,0
5154,255214207354,0,0
5155,255219426745,1,0
5156,255224414675,1,0
5157,255229456652,0,0
5158,255235021051,0,0
5159,255240475236,1,0
5160,255245538200,1,0
5161,255250620247,1,0
5162,255255733633,1,0
5163,255260789970,1,0
5164,255265871407,1,0
5165,255270925693,1,0
5166,255275968338,0,0
5167,255281383714,0,0
5168,255286786537,1,0
5169,255291814534,0,0
5170,255297145239,1,0
5171,255302230639,0,0
5172,255307772443,1,0
5173,255312798849,1,0
5174,255317891261,1,0
5175,255322924334,1,0
5176,255327979804,0,0
5177,255333345760,0,0
5178,255338813382,1,0
5179,255343838142,1,0
5180,255348939090,1,0
5181,255354043967,1,0
5182,255359133376,1,0
5183,255364205550,1,0
5184,255369264480,1,0
5185,255374640832,0,0
5186,255380406786,1,0
5187,255385886183,0,0
5188,255391659103,0,0
5189,255397242401,0,0
5190,255403066255,1,0
5191,255408325084,1,0
5192,255413436986,1,0
5193,255418563246,1,0
5194,255423581932,0,0
5195,255429416860,0,0
5196,255434894319,0,0
5197,255440339661,0,0
5198,255446183820,0,0
5199,255451867625,0,0
5200,255457373129,0,0
5201,255462941916,1,0
5202,255468028880,1,0
5203,255473057065,0,0
5204,255478480755,0,0
5205,255483922808,1,0
5206,255488950195,1,0
5207,255493984474,1,0
5208,255499054453,0,0
5209,255504769888,1,0
5210,255509879013,0,0
5211,255515121336,0,0
5212,255520910950,1,0
5213,255526541141,0,0
5214,255532142853,0,0
5215,255537865352,1,0
5216,255543049477,0,0
5217,255548589130,1,0
5218,255553683539,0,0
5219,255559331149,1,0
5220,255564479146,0,0
5221,255570266035,1,0
5222,255575526616,1,0
5223,255580677076,1,0
5224,255586022368,0,0
5225,255591324770,0,0
5226,255596869909,1,0
5227,255601919912,1,0
5228,255607100516,1,0
5229,255612118597,0,0
5230,255617581113,1,0
5231,255622628992,0,0
5232,255628044200,0,0
5233,255633564315,1,0
5234,255638635759,1,0
5235,255643693991,1,0
5236,255648759882,1,0
5237,255653868254,0,0
5238,255659632900,0,0
5239,255665130103,0,0
5240,255670655301,0,0
5241,255676375293,1,0
5242,255681548471,1,0
5243,255686804698,1,0
5244,255691957198,1,0
5245,255697052693,0,0
5246,255702555944,0,0
5247,255708176197,1,0
5248,255713233803,0,0
5249,255718737511,1,0
5250,255723800647,0,0
5251,255729428514,0,0
5252,255734662033,0,0
5253,255740049456,1,0
5254,255745064729,0,0
5255,255750459445,1,0
5256,255755608717,1,0
5257,255760682564,0,0
5258,255766065172,1,0
5259,255771178418,0,0
5260,255776869160,0,0
5261,255782372683,0,0
5262,255788292726,0,0
5263,255794069099,0,0
5264,255799788228,0,0
5265,255805544027,1,0
5266,255810582938,0,0
5267,255816183362,0,0
5268,255821534629,0,0
5269,255826899397,1,0
5270,255831932983,1,0
5271,255837016195,1,0
5272,255842054337,1,0
5273,255847052805,1,0
5274,255852151225,1,0
5275,255857190801,1,0
5276,255862250500,0,0
5277,255867561339,1,0
5278,255872667588,1,0
5279,255877770559,1,0
5280,255882792653,1,0
5281,255887884971,1,0
5282,255892899397,1,0
5283,255897979242,1,0
5284,255903163365,1,0
5285,255908398144,1,0
5286,255913448929,1,0
5287,255918551724,1,0
5288,255923666948,0,0
5289,255928958914,0,0
5290,255934290189,0,0
5291,255939483744,1,0
5292,255944578999,0,0
5293,255950046668,0,0
5294,255955526034,0,0
5295,255960937305,1,0
5296,255966022720,0,0
5297,255971551660,0,0
5298,255977052440,1,0
5299,255982206771,0,0
5300,255987587258,1,0
5301,255992660569,0,0
5302,255998304382,0,0
5303,256003942278,1,0
5304,256009041633,0,0
5305,256014526521,1,0
5306,256019552537,0,0
5307,256025186222,0,0
5308,256030627246,1,0
5309,256035702303,1,0
5310,256040961972,1,0
5311,256046062030,1,0
5312,256051161022,1,0
5313,256056258009,1,0
5314,256061459314,1,0
5315,256066568442,1,0
5316,256071656839,0,0
5317,256077413190,0,0
5318,256083073055,0,0
5319,256088604020,0,0
5320,256094418344,0,0
5321,256100023537,1,0
5322,256105038601,1,0
5323,256110067656,0,0
5324,256115761581,1,0
5325,256120955087,0,0
5326,256126583381,1,0
5327,256131627636,0,0
5328,256137265534,1,0
5329,256142305766,0,0
5330,256147616530,1,0
5331,256152746236,0,0
5332,256158208629,0,0
5333,256163522179,1,0
5334,256168553219,0,0
5335,256174048942,1,0
5336,256179046064,0,0
5337,256184567163,0,0
5338,256190142624,1,0
5339,256195234267,1,0
5340,256200209680,1,0
5341,256205279916,0,0
5342,256210973368,0,0
5343,256216190664,0,0
5344,256221941404,0,0
5345,256227432137,1,0
5346,256232733849,1,0
5347,256237656178,0,0
5348,256243254836,0,0
5349,256248770332,1,0
5350,256253862487,0,0
5351,256259407359,0,0
5352,256265055387,1,0
5353,256270117528,1,0
5354,256275201726,0,0
5355,256281053170,1,0
5356,256286069796,0,0
5357,256291936754,0,0
5358,256297658804,1,0
5359,256302800699,1,0
5360,256307940628,1,0
5361,256313162191,1,0
5362,256318115763,1,0
5363,256323189713,0,0
5364,256328739424,0,0
5365,256334239509,0,0
5366,256339622788,1,0
5367,256344747409,1,0
5368,256349793483,1,0
5369,256354823771,0,0
5370,256360359008,1,0
5371,256365400270,0,0
5372,256370742217,1,0
5373,256375780569,0,0
5374,256381206562,1,0
5375,256386220635,0,0
5376,256391699013,0,0
5377,256397138148,1,0
5378,256402212502,1,0
5379,256407238170,1,0
5380,256412190771,1,0
5381,256417231181,1,0
5382,256422229104,0,0
5383,256427725219,0,0
5384,256433233775,1,0
5385,256438258525,0,0
5386,256443581928,1,0
5387,256448663726,0,0
5388,256454155783,0,0
5389,256459626721,0,0
5390,256465138072,1,0
5391,256470207528,0,0
5392,256475578761,0,0
5393,256480997876,0,0
5394,256486513635,0,0
5395,256492045576,0,0
5396,256497672116,1,0
5397,256502754165,0,0
5398,256508254708,1,0
5399,256513311118,0,0
5400,256518927962,0,0
5401,256524494219,1,0
5402,256529583208,1,0
5403,256534635200,1,0
5404,256539702578,0,0
5405,256545193729,1,0
5406,256550218679,0,0
5407,256555604248,1,0
5408,256560673278,1,0
5409,256565789789,0,0
5410,256571352159,0,0
5411,256576753287,1,0
5412,256581874540,1,0
5413,256587028716,0,0
5414,256592419159,1,0
5415,256597802598,1,0
5416,256602927439,0,0
5417,256608599835,1,0
5418,256613698099,1,0
5419,256618840981,1,0
5420,256623986373,1,0
5421,256629056841,0,0
5422,256634529959,0,0
5423,256639967854,0,0
5424,256645481163,0,0
5425,256651043299,1,0
5426,256656065601,1,0
5427,256661122064,0,0
5428,256666702016,0,0
5429,256672349430,1,0
5430,256677495435,1,0
5431,256682574050,0,0
5432,256688546689,1,0
5433,256693664110,1,0
5434,256698738125,1,0
5435,256703784218,1,0
5436,256708894555,0,0
5437,256714389704,1,0
5438,256719426055,1,0
5439,256724535492,1,0
5440,256729771016,1,0
5441,256734813457,1,0
5442,256739830881,1,0
5443,256744813893,1,0
5444,256749816764,0,0
5445,256755406894,0,0
5446,256761047340,0,0
5447,256766727960,1,0
5448,256771847000,1,0
5449,256777048745,0,0
5450,256782730343,0,0
5451,256788319849,0,0
5452,256793766831,1,0
5453,256799139400,0,0
5454,256804966372,0,0
5455,256810671459,0,0
5456,256816498799,1,0
5457,256821528789,0,0
5458,256827055402,0,0
5459,256832471426,0,0
5460,256837924441,1,0
5461,256843123339,1,0
5462,256848202534,0,0
5463,256853883686,1,0
5464,256859067097,1,0
5465,256864146501,1,0
5466,256869170002,0,0
5467,256875058991,0,0
5468,256880507770,0,0
5469,256886340038,1,0
5470,256891559416,1,0
5471,256896645825,1,0
5472,256901795598,0,0
5473,256907347283,0,0
5474,256912913285,0,0
5475,256918659963,0,0
5476,256924562280,0,0
5477,256930339475,0,0
5478,256936031882,0,0
5479,256941489721,0,0
5480,256947191489,0,0
5481,256953128409,0,0
5482,256958811669,0,0
5483,256964412819,1,0
5484,256969441190,0,0
5485,256974980872,1,0
5486,256979980849,0,0
5487,256985206666,1,0
5488,256990255668,1,0
5489,256995250509,1,0
5490,257000404750,0,0
5491,257005916037,1,0
5492,257010981668,0,0
5493,257016541157,1,0
5494,257021546899,0,0
5495,257027169579,1,0
5496,257032195335,1,0
5497,257037232286,1,0
5498,257042532981,1,0
5499,257047604827,1,0
5500,257052830009,1,0
5501,257057857553,0,0
5502,257063637321,1,0
5503,257068736971,0,0
5504,257074334459,0,0
5505,257079993097,1,0
5506,257085016448,1,0
5507,257090039359,1,0
5508,257095034143,0,0
5509,257100644715,0,0
5510,257106189929,0,0
5511,257111758656,0,0
5512,257117124906,0,0
5513,257122694994,1,0
5514,257127760239,0,0
5515,257133328083,1,0
5516,257138497130,1,0
5517,257143535779,0,0
5518,257149225477,1,0
5519,257154274872,0,0
5520,257159799521,1,0
5521,257164958066,1,0
5522,257170030539,0,0
5523,257175739393,1,0
5524,257180800497,0,0
5525,257186313138,1,0
5526,257191465467,1,0
5527,257196469794,1,0
5528,257201514107,0,0
5529,257206958321,0,0
5530,257212209266,0,0
5531,257217710225,1,0
5532,257222940927,0,0
5533,257228306028,0,0
5534,257233969624,0,0
5535,257239306820,1,0
5536,257244464179,0,0
5537,257250010136,1,0
5538,257254992144,0,0
5539,257260483826,0,0
5540,257265602756,0,0
5541,257270732232,1,0
5542,257275811468,0,0
5543,257281133877,0,0
5544,257286591443,0,0
5545,257292057063,0,0
5546,257297533093,0,0
5547,257302840680,1,0
5548,257307815326,1,0
5549,257312798222,0,0
5550,257318198452,0,0
5551,257323682789,1,0
5552,257328782651,1,0
5553,257333836728,1,0
5554,257338864386,1,0
5555,257343851772,0,0
5556,257349313611,0,0
5557,257354805117,1,0
5558,257359981753,0,0
5559,257365501187,1,0
5560,257370622646,0,0
5561,257376309225,1,0
5562,257381470496,1,0
5563,257386505353,1,0
5564,257391518150,1,0
5565,257396689117,1,0
5566,257401815208,1,0
5567,257406917906,1,0
5568,257411929026,1,0
5569,257416991153,0,0
5570,257422422977,0,0
5571,257427975388,0,0
5572,257433257164,1,0
5573,257438297811,1,0
5574,257443316617,0,0
5575,257448847215,1,0
5576,257454036368,0,0
5577,257459354861,0,0
5578,257464725272,1,0
5579,257469781694,1,0
5580,257474812570,1,0
5581,257479846016,1,0
5582,257484804767,0,0
5583,257490504212,1,0
5584,257495570006,0,0
5585,257501127939,0,0
5586,257506925433,1,0
5587,257511974447,0,0
5588,257517499790,1,0
5589,257522586208,1,0
5590,257527753641,0,0
5591,257533655312,0,0
5592,257539362404,0,0
5593,257545066111,0,0
5594,257550516806,1,0
5595,257555559520,1,0
5596,257560697439,0,0
5597,257566268005,1,0
5598,257571482830,0,0
5599,257577310490,1,0
5600,257582602206,1,0
5601,257587699397,1,0
5602,257592817391,1,0
5603,257598076299,0,0
5604,257603704444,0,0
5605,257609323532,0,0
5606,257614813768,1,0
5607,257619986016,1,0
5608,257625067178,1,0
5609,257630238881,1,0
5610,257635238000,0,0
5611,257640554875,1,0
5612,257645612152,0,0
5613,257651047489,1,0
5614,257656069963,1,0
5615,257661149597,1,0
5616,257666198040,1,0
5617,257671482904,1,0
5618,257676711846,0,0
5619,257682427887,1,0
5620,257687696736,0,0
5621,257693499898,1,0
5622,257698592400,0,0
5623,257704410833,1,0
5624,257709553532,1,0
5625,257714714992,1,0
5626,257719740555,0,0
5627,257725288998,1,0
5628,257730349994,1,0
5629,257735443437,1,0
5630,257740673754,0,0
5631,257746360599,1,0
5632,257751497533,1,0
5633,257756610903,0,0
5634,257762365860,0,0
5635,257768078155,1,0
5636,257773270744,0,0
5637,257778709424,1,0
5638,257784025633,0,0
5639,257789345199,0,0
5640,257794840092,0,0
5641,257800678684,0,0
5642,257806416006,1,0
5643,257811512854,0,0
5644,257816973461,0,0
5645,257822503622,1,0
5646,257827799510,0,0
5647,257833435301,0,0
5648,257839129906,1,0
5649,257844171153,0,0
5650,257849757650,1,0
5651,257854829921,1,0
5652,257859830225,0,0
5653,257865415087,0,0
5654,257870930729,0,0
5655,257876237261,0,0
5656,257881720720,1,0
5657,257887019940,1,0
5658,257892049739,0,0
5659,257897438377,1,0
5660,257902454065,0,0
5661,257907975324,1,0
5662,257912995705,0,0
5663,257918596397,0,0
5664,257924169281,0,0
5665,257930023428,0,0
5666,257935579421,1,0
5667,257940599634,1,0
5668,257945805097,0,0
5669,257951359203,0,0
5670,257956842903,0,0
5671,257962351878,1,0
5672,257967425636,0,0
5673,257973057241,0,0
5674,257978722055,1,0
5675,257983824520,0,0
5676,257989208590,1,0
5677,257994219957,0,0
5678,257999701014,0,0
5679,258005197928,0,0
5680,258010353596,1,0
5681,258015602151,1,0
5682,258020642592,0,0
5683,258026452969,0,0
5684,258032069794,1,0
5685,258037159274,1,0
5686,258042259663,0,0
5687,258047750737,1,0
5688,258052836018,1,0
5689,258057886251,1,0
5690,258062906610,1,0
5691,258067926104,1,0
5692,258072977779,0,0
5693,258078411238,1,0
5694,258083368206,0,0
5695,258088805991,0,0
5696,258094241349,1,0
5697,258099264365,0,0
5698,258104736517,0,0
5699,258110199612,1,0
5700,258115263563,1,0
5701,258120314444,1,0
5702,258125334406,1,0
5703,258130389418,1,0
5704,258135408835,0,0
5705,258140971942,1,0
5706,258145998599,1,0
5707,258151044310,0,0
5708,258156634270,0,0
5709,258162198859,0,0
5710,258167643317,0,0
5711,258173326280,0,0
5712,258178827063,0,0
5713,258184277921,0,0
5714,258189878152,0,0
5715,258195439197,0,0
5716,258201071505,1,0
5717,258206275470,0,0
5718,258211607509,1,0
5719,258216809755,0,0
5720,258222147435,1,0
5721,258227213842,0,0
5722,258232624262,0,0
5723,258238337868,1,0
5724,258243372273,0,0
5725,258248920825,0,0
5726,258254602741,1,0
5727,258259584811,1,0
5728,258264592162,1,0
5729,258269643472,0,0
5730,258275133483,0,0
5731,258280721747,0,0
5732,258286236141,1,0
5733,258291316375,1,0
5734,258296446533,0,0
5735,258301884601,0,0
5736,258307444739,0,0
5737,258312817934,1,0
5738,258317931997,0,0
5739,258323314947,1,0
5740,258328396884,0,0
5741,258333746548,0,0
5742,258339052347,0,0
5743,258344431595,0,0
5744,258349831280,1,0
5745,258354838813,0,0
5746,258360381611,0,0
5747,258365747029,0,0
5748,258371310452,0,0
5749,258376657860,1,0
5750,258381783808,0,0
5751,258387294255,0,0
5752,258392920904,0,0
5753,258398428553,0,0
5754,258404136677,1,0
5755,258409169343,1,0
5756,258414283343,1,0
5757,258419356390,1,0
5758,258424310939,1,0
5759,258429308438,1,0
5760,258434312801,0,0
5761,258439850689,0,0
5762,258445294936,0,0
5763,258450831362,0,0
5764,258456214336,0,0
5765,258461922799,1,0
5766,258466935191,0,0
5767,258472401818,0,0
5768,258478076212,1,0
5769,258483213423,1,0
5770,258488260993,0,0
5771,258493820500,0,0
5772,258499321827,1,0
5773,258504430890,1,0
5774,258509559575,0,0
5775,258515417353,0,0
5776,258521066373,0,0
5777,258526451313,1,0
5778,258531652820,0,0
5779,258537307779,0,0
5780,258543067939,0,0
5781,258548669119,0,0
5782,258554268938,0,0
5783,258559774159,0,0
5784,258565366933,1,0
5785,258570469942,1,0
5786,258575574393,0,0
5787,258581193424,0,0
5788,258586789936,1,0
5789,258591872282,0,0
5790,258597566976,0,0
5791,258603216401,0,0
5792,258608870356,1,0
5793,258613955474,1,0
5794,258619021053,1,0
5795,258624063733,1,0
5796,258629061567,1,0
5797,258634183476,0,0
5798,258639842917,1,0
5799,258644962439,0,0
5800,258650841319,1,0
5801,258655944480,0,0
5802,258661428524,1,0
5803,258666525973,0,0
5804,258672072262,1,0
5805,258677194272,0,0
5806,258683104199,1,0
5807,258688162832,0,0
5808,258693860046,1,0
5809,258699021810,1,0
5810,258704046440,0,0
5811,258709598172,1,0
5812,258714735641,0,0
5813,258720413017,1,0
5814,258725535386,0,0
5815,258731056616,1,0
5816,258736193928,0,0
5817,258741947541,1,0
5818,258747055343,1,0
5819,258752188245,1,0
5820,258757211487,1,0
5821,258762248800,0,0
5822,258767803454,0,0
5823,258773422396,0,0
5824,258779200856,0,0
5825,258784856871,1,0
5826,258789962230,1,0
5827,258795038655,0,0
5828,258800578582,0,0
5829,258806263241,0,0
5830,258811905944,0,0
5831,258817523270,1,0
5832,258822756068,0,0
5833,258828642179,1,0
5834,258833795444,0,0
5835,258839587594,0,0
5836,258845118264,0,0
5837,258850784350,0,0
5838,258856329579,0,0
5839,258861836709,1,0
5840,258866935817,0,0
5841,258872517387,1,0
5842,258877615151,0,0
5843,258883230007,0,0
5844,258888723454,1,0
5845,258893747907,0,0
5846,258899297159,0,0
5847,258904922924,1,0
5848,258910182260,0,0
5849,258915922937,0,0
5850,258921639698,0,0
5851,258927232425,0,0
5852,258933061230,0,0
5853,258938829091,1,0
5854,258944211793,1,0
5855,258949401099,0,0
5856,258955213726,0,0
5857,258961065016,1,0
5858,258966222609,0,0
5859,258971782832,1,0
5860,258976859835,1,0
5861,258982278457,0,0
5862,258988061312,1,0
5863,258993190460,1,0
5864,258998363772,0,0
5865,259004177823,1,0
5866,259009207781,1,0
5867,259014324420,1,0
5868,259019316522,1,0
5869,259024344347,0,0
5870,259030027312,1,0
5871,259035133270,0,0
5872,259040901083,1,0
5873,259046084690,0,0
5874,259051700330,0,0
5875,259057470644,0,0
5876,259063205944,0,0
5877,259068811566,1,0
5878,259073969480,1,0
5879,259079311222,0,0
5880,259084676188,0,0
5881,259090044411,1,0
5882,259095043794,1,0
5883,259100091561,1,0
5884,259105121862,0,0
5885,259110365799,0,0
5886,259115889156,0,0
5887,259121283322,0,0
5888,259126763199,1,0
5889,259131880831,1,0
5890,259136931977,1,0
5891,259142039064,1,0
5892,259147158308,1,0
5893,259152271292,1,0
5894,259157505122,1,0
5895,259162606987,1,0
5896,259167860723,1,0
5897,259173258895,0,0
5898,259178923246,0,0
5899,259184728881,0,0
5900,259190448571,0,0
5901,259196388664,0,0
5902,259202040659,1,0
5903,259207066490,0,0
5904,259212858189,1,0
5905,259218277172,1,0
5906,259223408410,0,0
5907,259229027704,0,0
5908,259234396210,0,0
5909,259239749636,0,0
5910,259245253420,0,0
5911,259250572292,0,0
5912,259256026040,0,0
5913,259261448871,1,0
5914,259266626427,1,0
5915,259271657580,0,0
5916,259277275541,1,0
5917,259282386394,0,0
5918,259287785080,1,0
5919,259292910766,0,0
5920,259298238087,0,0
5921,259303613879,0,0
5922,259309524794,0,0
5923,259315040473,1,0
5924,259320108952,0,0
5925,259325876446,1,0
5926,259331016087,0,0
5927,259336266436,0,0
5928,259341586995,0,0
5929,259347157171,0,0
5930,259352615297,1,0
5931,259357811662,0,0
5932,259363425588,1,0
5933,259368604372,0,0
5934,259374073999,0,0
5935,259379808283,0,0
5936,259385491040,1,0
5937,259390621634,1,0
5938,259395753581,0,0
5939,259401180137,1,0
5940,259406262418,0,0
5941,259411632607,1,0
5942,259417123581,0,0
5943,259422605390,1,0
5944,259427663157,0,0
5945,259433337777,1,0
5946,259438510238,0,0
5947,259444357041,1,0
5948,259449555007,1,0
5949,259454713550,1,0
5950,259459991917,1,0
5951,259465055583,0,0
5952,259470709886,1,0
5953,259475813927,0,0
5954,259481447434,0,0
5955,259487061241,1,0
5956,259492325273,0,0
5957,259497873074,0,0
5958,259503432110,0,0
5959,259508809535,0,0
5960,259514302690,1,0
5961,259519448504,0,0
5962,259525252291,0,0
5963,259530819110,0,0
5964,259536421329,1,0
5965,259541479814,1,0
5966,259546718777,1,0
5967,259551863792,0,0
5968,259557471991,1,0
5969,259562718716,0,0
5970,259568190470,0,0
5971,259573835536,0,0
5972,259579712305,0,0
5973,259585374394,1,0
5974,259590667429,0,0
5975,259596385224,0,0
5976,259602120007,0,0
5977,259607798581,1,0
5978,259612845305,1,0
5979,259617975961,1,0
5980,259623019628,0,0
5981,259628321831,1,0
5982,259633392751,1,0
5983,259638431536,0,0
5984,259644104864,1,0
5985,259649214219,0,0
5986,259654643846,0,0
5987,259660051875,0,0
5988,259665300286,1,0
5989,259670336290,1,0
5990,259675433149,1,0
5991,259680550125,0,0
5992,259685958307,1,0
5993,259691081744,1,0
5994,259696212238,0,0
5995,259702026071,1,0
5996,259707115884,0,0
5997,259712747692,0,0
5998,259718516331,0,0
5999,259724056550,0,0
6000,259729785600,0,0
6001,259735442519,0,0
6002,259741340338,1,0
6003,259746639475,0,0
6004,259752413154,1,0
6005,259757733881,1,0
6006,259762876968,1,0
6007,259767962585,0,0
6008,259773514279,0,0
6009,259779600750,1,0
6010,259784544268,0,0
6011,259790015775,1,0
6012,259795065273,0,0
6013,259800468952,1,0
6014,259805623594,1,0
6015,259810656477,0,0
6016,259816582775,0,0
6017,259822300479,0,0
6018,259828204595,0,0
6019,259834073654,1,0
6020,259839220478,1,0
6021,259844252708,1,0
6022,259849292314,0,0
6023,259854815428,0,0
6024,259860629284,1,0
6025,259865694319,0,0
6026,259871384529,0,0
6027,259877044056,0,0
6028,259882811002,0,0
6029,259888338904,1,0
6030,259893513176,1,0
6031,259898665737,0,0
6032,259904412911,0,0
6033,259910112899,1,0
6034,259915185590,0,0
6035,259920816510,0,0
6036,259926342501,0,0
6037,259932204514,1,0
6038,259937269672,1,0
6039,259942487779,1,0
6040,259947642940,0,0
6041,259953182359,0,0
6042,259958817033,1,0
6043,259964187319,0,0
6044,259969822623,0,0
6045,259975428664,1,0
6046,259980484835,1,0
6047,259985607667,0,0
6048,259991148051,0,0
6049,259996619788,0,0
6050,260002149585,0,0
6051,260007567317,0,0
6052,260012940835,1,0
6053,260018047087,1,0
6054,260023139446,1,0
6055,260028244919,0,0
6056,260033633530,1,0
6057,260039029968,0,0
6058,260044366368,1,0
6059,260049410735,1,0
6060,260054615571,0,0
6061,260060323464,1,0
6062,260065514712,0,0
6063,260071255581,1,0
6064,260076303334,1,0
6065,260081495094,0,0
6066,260087025433,1,0
6067,260092015645,0,0
6068,260097621227,1,0
6069,260102920557,0,0
6070,260108622473,1,0
6071,260113646106,1,0
6072,260118811664,0,0
6073,260124632582,0,0
6074,260130217796,0,0
6075,260135837367,0,0
6076,260141365293,0,0
6077,260147163045,1,0
6078,260152352065,0,0
6079,260158079473,1,0
6080,260163072319,0,0
6081,260168917809,1,0
6082,260174040839,0,0
6083,260179819779,1,0
6084,260184857077,0,0
6085,260190373473,1,0
6086,260195570298,0,0
6087,260201133088,0,0
6088,260206651839,1,0
6089,260211722600,0,0
6090,260217302492,0,0
6091,260222844341,0,0
6092,260228307163,1,0
6093,260233417649,0,0
6094,260239015456,0,0
6095,260244727737,1,0
6096,260249912559,0,0
6097,260255396827,0,0
6098,260261117804,1,0
6099,260266191862,1,0
6100,260271294995,0,0
6101,260277074896,1,0
6102,260282124924,1,0
6103,260287206281,1,0
6104,260292234893,1,0
6105,260297257128,1,0
6106,260302460238,1,0
6107,260307480755,1,0
6108,260312507354,0,0
6109,260317933981,0,0
6110,260323049661,1,0
6111,260328146502,0,0
6112,260333564303,1,0
6113,260338637662,1,0
6114,260343752992,1,0
6115,260349141310,0,0
6116,260354882613,1,0
6117,260360034657,0,0
6118,260365445383,0,0
6119,260371028963,1,0
6120,260376067153,1,0
6121,260381154800,1,0
6122,260386228406,0,0
6123,260391913013,0,0
6124,260397436643,1,0
6125,260402642133,0,0
6126,260408247567,0,0
6127,260413845679,1,0
6128,260418951033,0,0
6129,260424246492,0,0
6130,260429653419,0,0
6131,260435236029,1,0
6132,260440259539,1,0
6133,260445444878,1,0
6134,260450620770,1,0
6135,260455752202,0,0
6136,260461316419,1,0
6137,260466465207,0,0
6138,260472058570,0,0
6139,260477425984,0,0
6140,260483056194,1,0
6141,260488194872,0,0
6142,260493659037,1,0
6143,260498754049,0,0
6144,260504358442,1,0
6145,260509644413,1,0
6146,260514717660,1,0
6147,260519825892,1,0
6148,260524957388,0,0
6149,260530254013,1,0
6150,260535280525,0,0
6151,260541044790,0,0
6152,260546569643,1,0
6153,260551671734,0,0
6154,260557414786,1,0
6155,260562493522,1,0
6156,260567652932,1,0
6157,260572888199,0,0
6158,260578684333,0,0
6159,260584654901,1,0
6160,260590046479,1,0
6161,260595060247,0,0
6162,260600844311,1,0
6163,260605992822,1,0
6164,260611121601,1,0
6165,260616199887,0,0
6166,260622130666,1,0
6167,260627189159,0,0
6168,260632959328,0,0
6169,260638675701,0,0
6170,260644348146,1,0
6171,260649646471,0,0
6172,260655317935,0,0
6173,260661057065,1,0
6174,260666065283,1,0
6175,260671189229,0,0
6176,260676805603,0,0
6177,260682476177,0,0
6178,260688425747,0,0
6179,260694195044,1,0
6180,260699501687,1,0
6181,260704756475,0,0
6182,260710597385,0,0
6183,260716233320,1,0
6184,260721232862,1,0
6185,260726477149,1,0
6186,260731510512,1,0
6187,260736654350,1,0
6188,260741649998,0,0
6189,260747234413,0,0
6190,260752707606,0,0
6191,260758439931,1,0
6192,260763446559,0,0
6193,260769644518,0,0
6194,260775473255,1,0
6195,260780631104,0,0
6196,260786472573,1,0
6197,260791600372,1,0
6198,260796810116,1,0
6199,260801883033,0,0
6200,260807428548,0,0
6201,260812950801,0,0
6202,260818326105,0,0
6203,260823898028,0,0
6204,260829319245,0,0
6205,260835037584,1,0
6206,260840058542,1,0
6207,260845086958,1,0
6208,260850188679,1,0
6209,260855234862,0,0
6210,260860630070,0,0
6211,260866121531,1,0
6212,260871176255,1,0
6213,260876229593,1,0
6214,260881258067,0,0
6215,260886698673,0,0
6216,260892054278,0,0
6217,260897559309,1,0
6218,260902665119,1,0
6219,260907708872,1,0
6220,260912758541,0,0
6221,260918327628,0,0
6222,260923873987,1,0
6223,260928890966,1,0
6224,260933989134,0,0
6225,260939407772,1,0
6226,260944577451,1,0
6227,260949639197,1,0
6228,260954701647,1,0
6229,260959798947,1,0
6230,260965015939,0,0
6231,260970568721,1,0
6232,260975611897,0,0
6233,260981346307,1,0
6234,260986693147,1,0
6235,260991861432,1,0
6236,260997197690,0,0
6237,261002561747,1,0
6238,261007690577,1,0
6239,261012971544,0,0
6240,261018515956,0,0
6241,261024389904,1,0
6242,261029445204,1,0
6243,261034444511,1,0
6244,261039441405,0,0
6245,261044838767,0,0
6246,261050203636,1,0
6247,261055235277,1,0
6248,261060240644,1,0
6249,261065210415,1,0
6250,261070220583,0,0
6251,261075546131,1,0
6252,261080583052,0,0
6253,261086238770,1,0
6254,261091262732,0,0
6255,261096658275,1,0
6256,261101705833,1,0
6257,261106796513,1,0
6258,261111950541,0,0
6259,261117487914,1,0
6260,261122698877,1,0
6261,261127900521,0,0
6262,261133678601,0,0
6263,261139313753,1,0
6264,261144462984,0,0
6265,261150250698,1,0
6266,261155315929,1,0
6267,261160485243,0,0
6268,261166185003,1,0
6269,261171356457,0,0
6270,261177067827,1,0
6271,261182298575,1,0
6272,261187462834,0,0
6273,261193068525,1,0
6274,261198203613,0,0
6275,261203702128,0,0
6276,261209228592,1,0
6277,261214281481,0,0
6278,261219659114,0,0
6279,261225416458,0,0
6280,261231061412,1,0
6281,261236195737,1,0
6282,261241352249,1,0
6283,261246516532,1,0
6284,261251684378,1,0
6285,261256753547,1,0
6286,261261962137,1,0
6287,261267052624,0,0
6288,261272435080,1,0
6289,261277629097,1,0
6290,261282660152,0,0
6291,261288397277,0,0
6292,261294034651,0,0
6293,261299459232,1,0
6294,261304676187,1,0
6295,261309790711,0,0
6296,261315463147,1,0
6297,261320526880,1,0
6298,261325780331,0,0
6299,261331545567,1,0
6300,261336746153,1,0
6301,261341848906,0,0
6302,261347763039,1,0
6303,261352747622,1,0
6304,261358146510,1,0
6305,261363408518,1,0
6306,261368651952,0,0
6307,261374483339,1,0
6308,261379731468,0,0
6309,261385436074,1,0
6310,261390665934,0,0
6311,261396417375,0,0
6312,261401796008,0,0
6313,261407194931,1,0
6314,261412357550,0,0
6315,261417877593,1,0
6316,261422988189,1,0
6317,261428051786,0,0
6318,261433439494,1,0
6319,261438571119,0,0
6320,261444426483,0,0
6321,261449873611,0,0
6322,261455475624,1,0
6323,261460749523,1,0
6324,261465885184,0,0
6325,261471399638,0,0
6326,261476873757,0,0
6327,261482504171,0,0
6328,261488212702,0,0
6329,261493924308,0,0
6330,261499575628,1,0
6331,261504697254,1,0
6332,261509833925,0,0
6333,261515355160,1,0
6334,261520553555,1,0
6335,261525813314,0,0
6336,261531646396,1,0
6337,261536850624,0,0
6338,261542719311,0,0
6339,261548579472,1,0
6340,261553850082,0,0
6341,261559458280,0,0
6342,261565057385,1,0
6343,261570062101,0,0
6344,261575831547,1,0
6345,261580908035,1,0
6346,261586071977,1,0
6347,261591328651,0,0
6348,261597070161,1,0
6349,261602071946,0,0
6350,261607750637,0,0
6351,261613412112,0,0
6352,261619056382,0,0
6353,261624556007,1,0
6354,261629834812,0,0
6355,261635427677,0,0
6356,261640982791,1,0
6357,261646025709,0,0
6358,261651636763,0,0
6359,261657551621,1,0
6360,261662672625,1,0
6361,261668036440,0,0
6362,261673916215,1,0
6363,261679015328,1,0
6364,261684075885,0,0
6365,261689833751,0,0
6366,261695825075,0,0
6367,261701353351,1,0
6368,261706485917,1,0
6369,261711569674,0,0
6370,261717270894,0,0
6371,261723015248,1,0
6372,261728015982,0,0
6373,261733655867,1,0
6374,261738701479,0,0
6375,261744420479,1,0
6376,261749587013,0,0
6377,261755360224,1,0
6378,261760564474,0,0
6379,261766213574,0,0
6380,261771835817,0,0
6381,261777498339,0,0
6382,261783096887,1,0
6383,261788164341,0,0
6384,261794053730,0,0
6385,261799695317,0,0
6386,261805474150,0,0
6387,261811460639,1,0
6388,261816679319,0,0
6389,261822643398,1,0
6390,261827740344,1,0
6391,261832802013,0,0
6392,261838333626,1,0
6393,261843423038,0,0
6394,261848888179,0,0
6395,261854420055,0,0
6396,261859922041,0,0
6397,261865510769,0,0
6398,261871018339,1,0
6399,261876036236,1,0
6400,261881046772,0,0
6401,261886502449,1,0
6402,261891810576,1,0
6403,261896820796,0,0
6404,261902397074,0,0
6405,261908043493,1,0
6406,261913044037,1,0
6407,261918063726,1,0
6408,261923064321,1,0
6409,261928239445,1,0
6410,261933211998,1,0
6411,261938242703,0,0
6412,261943886548,0,0
6413,261949570655,1,0
6414,261954630096,1,0
6415,261959862112,1,0
6416,261964728279,1,0
6417,261969950439,0,0
6418,261975430834,0,0
6419,261981071912,1,0
6420,261986173944,0,0
6421,261991922965,0,0
6422,261997335242,1,0
6423,262002331776,0,0
6424,262007916075,0,0
6425,262013556934,0,0
6426,262019017661,1,0
6427,262024057328,1,0
6428,262029502954,0,0
6429,262034944981,1,0
6430,262040027942,1,0
6431,262045047507,0,0
6432,262050843346,0,0
6433,262056789812,1,0
6434,262062069652,0,0
6435,262067463603,1,0
6436,262072549984,0,0
6437,262078127959,1,0
6438,262083267815,1,0
6439,262088401136,1,0
6440,262093739198,0,0
6441,262099447591,1,0
6442,262104505269,1,0
6443,262109661127,1,0
6444,262114668249,1,0
6445,262119742956,0,0
6446,262125355404,0,0
6447,262131076824,1,0
6448,262136164900,1,0
6449,262141394110,1,0
6450,262146724037,1,0
6451,262151909759,1,0
6452,262157094394,1,0
6453,262162304947,1,0
6454,262167467805,0,0
6455,262172920807,1,0
6456,262178023181,0,0
6457,262183461275,0,0
6458,262188852267,0,0
6459,262194390754,1,0
6460,262199591218,0,0
6461,262205247096,0,0
6462,262211019543,0,0
6463,262216416002,0,0
6464,262221931218,1,0
6465,262227023824,1,0
6466,262232049788,0,0
6467,262237426958,0,0
6468,262242921383,0,0
6469,262248339028,0,0
6470,262253946108,0,0
6471,262259472307,1,0
6472,262264657294,0,0
6473,262270062547,1,0
6474,262275128998,1,0
6475,262280245694,1,0
6476,262285383660,0,0
6477,262290911683,0,0
6478,262296325768,0,0
6479,262301723507,0,0
6480,262307234809,1,0
6481,262312224471,0,0
6482,262317756265,1,0
6483,262322791107,1,0
6484,262327833359,0,0
6485,262333167120,1,0
6486,262338209591,1,0
6487,262343187675,0,0
6488,262348685008,1,0
6489,262353762301,0,0
6490,262359283030,0,0
6491,262364786011,1,0
6492,262369888578,0,0
6493,262375594901,1,0
6494,262380669237,0,0
6495,262386541025,0,0
6496,262392471655,0,0
6497,262398061461,1,0
6498,262403116094,1,0
6499,262408206927,1,0
6500,262413316985,1,0
6501,262418537277,0,0
6502,262424211222,1,0
6503,262429436736,0,0
6504,262435041563,0,0
6505,262440567220,0,0
6506,262446262473,1,0
6507,262451304356,0,0
6508,262456915691,1,0
6509,262462052790,0,0
6510,262467453820,0,0
6511,262473031778,1,0
6512,262478130620,1,0
6513,262483182303,0,0
6514,262488913529,1,0
6515,262493952310,1,0
6516,262499036174,0,0
6517,262504412988,1,0
6518,262509555992,0,0
6519,262515195863,1,0
6520,262520276476,1,0
6521,262525461259,0,0
6522,262531020138,1,0
6523,262536061810,1,0
6524,262541066595,0,0
6525,262546582489,1,0
6526,262551635990,0,0
6527,262557247506,1,0
6528,262562222088,1,0
6529,262567310457,1,0
6530,262572420788,0,0
6531,262578021724,0,0
6532,262583689500,1,0
6533,262588829344,1,0
6534,262593864978,0,0
6535,262599719604,1,0
6536,262604928497,1,0
6537,262609974595,1,0
6538,262615062476,1,0
6539,262620121445,1,0
6540,262625191612,0,0
6541,262630920946,1,0
6542,262635944467,0,0
6543,262641592906,0,0
6544,262647220121,1,0
6545,262652235544,0,0
6546,262658061811,0,0
6547,262663688280,1,0
6548,262668907811,1,0
6549,262673906475,1,0
6550,262678919129,1,0
6551,262683910543,1,0
6552,262688982137,1,0
6553,262694162179,0,0
6554,262699437393,0,0
6555,262705082657,0,0
6556,262710661365,1,0
6557,262715769417,0,0
6558,262721421762,1,0
6559,262726691143,1,0
6560,262732052079,0,0
6561,262737433085,0,0
6562,262742924400,1,0
6563,262747993964,0,0
6564,262753535121,0,0
6565,262759209973,1,0
6566,262764255506,1,0
6567,262769282257,1,0
6568,262774315218,0,0
6569,262779831736,1,0
6570,262784880301,0,0
6571,262790295627,1,0
6572,262795320345,0,0
6573,262800864996,0,0
6574,262806430798,0,0
6575,262812187258,1,0
6576,262817301118,0,0
6577,262822917633,1,0
6578,262828073630,1,0
6579,262833222535,1,0
6580,262838316621,1,0
6581,262843525030,0,0
6582,262849052920,0,0
6583,262854617821,0,0
6584,262860326441,1,0
6585,262865533038,0,0
6586,262871065474,0,0
6587,262876700351,1,0
6588,262881743505,1,0
6589,262886849137,1,0
6590,262891944586,0,0
6591,262897429389,0,0
6592,262903032157,0,0
6593,262908485358,1,0
6594,262913603834,0,0
6595,262919273237,0,0
6596,262924985525,1,0
6597,262930062005,1,0
6598,262935136524,1,0
6599,262940251677,0,0
6600,262945914369,0,0
6601,262951639181,0,0
6602,262957131394,0,0
6603,262962819023,1,0
6604,262967865815,0,0
6605,262973321062,1,0
6606,262978443585,0,0
6607,262983900934,1,0
6608,262988952725,1,0
6609,262994069763,1,0
6610,262999109377,1,0
6611,263004160188,0,0
6612,263009819650,0,0
6613,263015374037,1,0
6614,263020343897,1,0
6615,263025676949,0,0
6616,263031231477,0,0
6617,263036600752,1,0
6618,263041750681,0,0
6619,263047513483,0,0
6620,263053157440,1,0
6621,263058470983,1,0
6622,263063858450,0,0
6623,263069270798,1,0
6624,263074363770,1,0
6625,263079574607,0,0
6626,263085029801,1,0
6627,263090195107,1,0
6628,263095318130,1,0
6629,263100479766,1,0
6630,263105549242,0,0
6631,263110902758,1,0
6632,263116045982,1,0
6633,263121092498,1,0
6634,263126213358,1,0
6635,263131258653,0,0
6636,263136870171,0,0
6637,263142331443,1,0
6638,263147403619,0,0
6639,263153163269,1,0
6640,263158285264,0,0
6641,263163857768,0,0
6642,263169279983,1,0
6643,263174507533,0,0
6644,263180173013,1,0
6645,263185270705,0,0
6646,263190702745,0,0
6647,263196461790,1,0
6648,263201556015,0,0
6649,263207045994,1,0
6650,263212047559,0,0
6651,263217480527,1,0
6652,263222554863,0,0
6653,263228049951,0,0
6654,263233590639,1,0
6655,263238741244,1,0
6656,263244154429,0,0
6657,263249727539,0,0
6658,263255322203,0,0
6659,263260929360,1,0
6660,263266054441,1,0
6661,263271120228,1,0
6662,263276235422,1,0
6663,263281249618,0,0
6664,263286761055,0,0
6665,263292374329,1,0
6666,263297620548,0,0
6667,263303219614,1,0
6668,263308424580,1,0
6669,263313665965,1,0
6670,263318938743,0,0
6671,263324615255,0,0
6672,263330281008,0,0
6673,263335666962,0,0
6674,263341138732,1,0
6675,263346220904,1,0
6676,263351306046,1,0
6677,263356536978,1,0
6678,263361693230,1,0
6679,263366797861,0,0
6680,263372413911,0,0
6681,263377877592,0,0
6682,263383249521,0,0
6683,263388718173,0,0
6684,263394314230,0,0
6685,263399829253,1,0
6686,263405236010,1,0
6687,263410550309,1,0
6688,263415915673,1,0
6689,263421025525,0,0
6690,263426583865,1,0
6691,263431698163,1,0
6692,263436807622,0,0
6693,263442815595,0,0
6694,263448822336,0,0
6695,263454495599,0,0
6696,263460066791,0,0
6697,263465868559,0,0
6698,263471493491,1,0
6699,263476650034,1,0
6700,263481671648,1,0
6701,263486707027,1,0
6702,263492022081,0,0
6703,263497697160,1,0
6704,263502873158,0,0
6705,263508598248,1,0
6706,263513850619,1,0
6707,263518983807,0,0
6708,263524825878,1,0
6709,263529974095,0,0
6710,263535865411,0,0
6711,263541685804,0,0
6712,263547478586,0,0
6713,263553208871,1,0
6714,263558322736,1,0
6715,263563512292,1,0
6716,263568703262,0,0
6717,263574435841,0,0
6718,263579880891,0,0
6719,263585710223,1,0
6720,263591242377,1,0
6721,263596594623,0,0
6722,263602152743,1,0
6723,263607484703,0,0
6724,263613310820,0,0
6725,263618935452,0,0
6726,263624550730,1,0
6727,263629771788,0,0
6728,263635411643,0,0
6729,263640797849,0,0
6730,263646427696,1,0
6731,263651584674,0,0
6732,263657332623,1,0
6733,263662638660,0,0
6734,263668310641,0,0
6735,263673758731,0,0
6736,263679427857,1,0
6737,263684689451,0,0
6738,263690420845,1,0
6739,263695687135,0,0
6740,263701273498,0,0
6741,263706705175,1,0
6742,263712043362,1,0
6743,263717051679,1,0
6744,263722175494,1,0
6745,263727254862,1,0
6746,263732581630,1,0
6747,263737712782,0,0
6748,263743509122,1,0
6749,263748802345,0,0
6750,263754686919,0,0
6751,263760315028,0,0
6752,263766221566,0,0
6753,263771881156,0,0
6754,263777365442,1,0
6755,263782507171,1,0
6756,263787633509,0,0
6757,263793449752,1,0
6758,263798661104,1,0
6759,263803829273,0,0
6760,263809599788,0,0
6761,263815477085,0,0
6762,263821059624,1,0
6763,263826145346,0,0
6764,263831905082,0,0
6765,263837560635,1,0
6766,263842796854,0,0
6767,263851520989,0,0
6768,263857140460,0,0
6769,263862596719,1,0
6770,263867889638,1,0
6771,263872982356,1,0
6772,263878144762,1,0
6773,263883330920,1,0
6774,263888595483,1,0
6775,263893646607,0,0
6776,263899251342,0,0
6777,263904832570,1,0
6778,263909903406,1,0
6779,263914928271,0,0
6780,263920546188,0,0
6781,263926160043,0,0
6782,263931578504,0,0
6783,263937030307,0,0
6784,263942626481,0,0
6785,263948225244,0,0
6786,263953781445,0,0
6787,263959333304,1,0
6788,263964540484,0,0
6789,263969947251,0,0
6790,263975306507,1,0
6791,263980465102,1,0
6792,263985500469,0,0
6793,263991053544,1,0
6794,263996061845,0,0
6795,264001672112,0,0
6796,264007156118,0,0
6797,264012757332,1,0
6798,264017890232,0,0
6799,264023282988,0,0
6800,264028839357,1,0
6801,264033863068,0,0
6802,264039119406,1,0
6803,264044171699,1,0
6804,264049235184,1,0
6805,264054214709,0,0
6806,264059718941,0,0
6807,264065197957,1,0
6808,264070266736,0,0
6809,264075668137,0,0
6810,264081078599,1,0
6811,264086050673,1,0
6812,264091134294,0,0
6813,264096447754,1,0
6814,264101604370,0,0
6815,264107098743,1,0
6816,264112207645,1,0
6817,264117279915,0,0
6818,264122545435,1,0
6819,264127652875,1,0
6820,264132721527,1,0
6821,264137973595,0,0
6822,264143375883,0,0
6823,264148869681,1,0
6824,264153910193,1,0
6825,264158935925,1,0
6826,264163977360,1,0
6827,264169048260,1,0
6828,264174085280,1,0
6829,264179129425,1,0
6830,264184173289,0,0
6831,264189608343,1,0
6832,264194695025,0,0
6833,264200183858,1,0
6834,264205258145,0,0
6835,264210641176,1,0
6836,264215707403,1,0
6837,264220762689,1,0
6838,264225951919,0,0
6839,264231271622,0,0
6840,264236586135,0,0
6841,264241918161,0,0
6842,264247296025,1,0
6843,264252306418,1,0
6844,264257318528,0,0
6845,264263087801,0,0
6846,264268679568,0,0
6847,264274321311,1,0
6848,264279367291,1,0
6849,264284693658,1,0
6850,264289735908,0,0
6851,264295424715,0,0
6852,264301028154,1,0
6853,264306127166,1,0
6854,264311121801,1,0
6855,264316168633,0,0
6856,264321633059,0,0
6857,264327031830,0,0
6858,264332399519,0,0
6859,264337599111,1,0
6860,264342716211,0,0
6861,264348190864,0,0
6862,264353486057,1,0
6863,264358523087,0,0
6864,264363905183,0,0
6865,264369629717,0,0
6866,264374919768,1,0
6867,264379978067,0,0
6868,264385477980,0,0
6869,264390860283,0,0
6870,264396275130,1,0
6871,264401294825,1,0
6872,264406287630,1,0
6873,264411300676,0,0
6874,264416761960,1,0
6875,264421886115,1,0
6876,264426942866,1,0
6877,264432026995,1,0
6878,264437042185,0,0
6879,264442313236,0,0
6880,264447727612,1,0
6881,264453039626,0,0
6882,264458331476,1,0
6883,264463383056,0,0
6884,264468795278,1,0
6885,264473886684,1,0
6886,264478928896,1,0
6887,264483960705,0,0
6888,264489381914,1,0
6889,264494525721,0,0
6890,264499911118,1,0
6891,264504936059,1,0
6892,264509933325,1,0
6893,264514960681,0,0
6894,264520244835,0,0
6895,264525724210,0,0
6896,264531215183,0,0
6897,264536694519,1,0
6898,264541721445,0,0
6899,264547238511,0,0
6900,264552791435,1,0
6901,264557920938,1,0
6902,264562952629,1,0
6903,264567961679,1,0
6904,264573023513,0,0
6905,264578290161,1,0
6906,264583289120,1,0
6907,264588409351,0,0
6908,264593937075,0,0
6909,264599391093,0,0
6910,264604909792,1,0
6911,264609940757,0,0
6912,264615429952,1,0
6913,264620461385,1,0
6914,264625481210,1,0
6915,264630514039,0,0
6916,264635994786,0,0
6917,264641440856,0,0
6918,264646807001,0,0
6919,264652330939,1,0
6920,264657331085,0,0
6921,264662809313,1,0
6922,264668038765,1,0
6923,264673234039,1,0
6924,264678237731,1,0
6925,264683228527,0,0
6926,264688738360,1,0
6927,264693794206,1,0
6928,264698919807,0,0
6929,264704445457,0,0
6930,264710073688,1,0
6931,264715210306,1,0
6932,264720273722,0,0
6933,264725937945,0,0
6934,264731496593,1,0
6935,264736697644,0,0
6936,264742435472,0,0
6937,264748055859,0,0
6938,264753697735,1,0
6939,264758745120,1,0
6940,264763858697,0,0
6941,264769483917,1,0
6942,264774663812,1,0
6943,264779763576,0,0
6944,264785408726,1,0
6945,264790508408,1,0
6946,264795696097,0,0
6947,264801444771,0,0
6948,264807156227,0,0
6949,264813057565,1,0
6950,264818266365,1,0
6951,264823419938,1,0
6952,264828570502,1,0
6953,264833745825,0,0
6954,264839609589,1,0
6955,264844720231,0,0
6956,264850536599,0,0
6957,264856470678,0,0
6958,264862281881,1,0
6959,264867481888,1,0
6960,264872529802,1,0
6961,264877801242,1,0
6962,264882952411,1,0
6963,264888041146,1,0
6964,264893085505,1,0
6965,264898334260,1,0
6966,264903556028,1,0
6967,264908653477,1,0
6968,264913742770,1,0
6969,264918788412,0,0
6970,264924553350,0,0
6971,264930093010,0,0
6972,264935738990,1,0
6973,264940889649,0,0
6974,264946342487,0,0
6975,264952061117,0,0
6976,264957657014,1,0
6977,264962748539,1,0
6978,264967914231,1,0
6979,264972971279,0,0
6980,264978448842,1,0
6981,264983645278,0,0
6982,264989331665,0,0
6983,264994752609,1,0
6984,264999943860,0,0
6985,265005608927,0,0
6986,265011286456,0,0
6987,265016985723,0,0
6988,265022476202,1,0
6989,265027560702,1,0
6990,265032699861,1,0
6991,265037786508,0,0
6992,265043829050,1,0
6993,265048894755,1,0
6994,265053971844,0,0
6995,265059575625,0,0
6996,265065052644,1,0
6997,265070469811,0,0
6998,265076145237,0,0
6999,265081911403,0,0
7000,265087458660,0,0
7001,265093030338,0,0
7002,265098455957,0,0
7003,265104027475,1,0
7004,265109066556,0,0
7005,265114629152,1,0
7006,265119849335,0,0
7007,265125522126,0,0
7008,265131549880,0,0
7009,265137132067,1,0
7010,265142289702,0,0
7011,265147947986,0,0
7012,265153588816,1,0
7013,265158861157,0,0
7014,265164837576,1,0
7015,265169894208,0,0
7016,265175339607,1,0
7017,265180419240,0,0
7018,265186155530,0,0
7019,265192067459,0,0
7020,265197615620,1,0
7021,265202674632,0,0
7022,265208278266,0,0
7023,265213915018,1,0
7024,265219350568,0,0
7025,265225501724,0,0
7026,265231331801,0,0
7027,265237124892,1,0
7028,265242298224,0,0
7029,265248161260,0,0
7030,265253844682,0,0
7031,265259484489,1,0
7032,265264622069,1,0
7033,265269704219,1,0
7034,265274785413,0,0
7035,265280304585,0,0
7036,265286046104,0,0
7037,265291533265,1,0
7038,265296732001,0,0
7039,265302639918,0,0
7040,265308432620,0,0
7041,265314115379,0,0
7042,265320020441,1,0
7043,265325161178,0,0
7044,265330893201,0,0
7045,265336556332,0,0
7046,265342286477,0,0
7047,265347995982,0,0
7048,265353632922,1,0
7049,265358742153,1,0
7050,265363863705,0,0
7051,265369758631,1,0
7052,265375159311,0,0
7053,265381108658,1,0
7054,265386282226,1,0
7055,265391464014,0,0
7056,265397180238,0,0
7057,265402637762,0,0
7058,265408018381,0,0
7059,265413552426,1,0
7060,265418857660,1,0
7061,265423991587,0,0
7062,265429466459,1,0
7063,265434567593,0,0
7064,265440447508,0,0
7065,265446181435,0,0
7066,265451998439,1,0
7067,265457131447,0,0
7068,265462793854,0,0
7069,265468263444,0,0
7070,265473655946,1,0
7071,265478768773,0,0
7072,265484441616,0,0
7073,265489975027,0,0
7074,265495581094,1,0
7075,265500722819,1,0
7076,265505752468,0,0
7077,265511396274,1,0
7078,265516601107,1,0
7079,265521762591,0,0
7080,265527449536,0,0
7081,265533421201,0,0
7082,265539031308,0,0
7083,265544574892,1,0
7084,265549835004,0,0
7085,265555414168,0,0
7086,265561118948,0,0
7087,265567028555,0,0
7088,265572833156,0,0
7089,265578572426,0,0
7090,265584382250,0,0
7091,265590042656,1,0
7092,265595188201,1,0
7093,265600257703,1,0
7094,265605465294,1,0
7095,265610482934,1,0
7096,265615505503,1,0
7097,265620541270,1,0
7098,265625561918,1,0
7099,265630570351,1,0
7100,265635615379,0,0
7101,265641020473,1,0
7102,265646091208,0,0
7103,265651585981,1,0
7104,265656590811,0,0
7105,265662161023,1,0
7106,265667381107,1,0
7107,265672381271,0,0
7108,265677941421,1,0
7109,265683045898,1,0
7110,265688131634,1,0
7111,265693203257,1,0
7112,265698229947,1,0
7113,265703243825,0,0
7114,265708749071,1,0
7115,265713815502,1,0
7116,265718860871,0,0
7117,265724294244,0,0
7118,265729804379,0,0
7119,265735482443,1,0
7120,265740546444,0,0
7121,265746010201,0,0
7122,265751420156,0,0
7123,265757172476,1,0
7124,265762327575,1,0
7125,265767651451,1,0
7126,265772865978,1,0
7127,265778100948,1,0
7128,265783194183,1,0
7129,265788234407,1,0
7130,265793209921,0,0
7131,265799141267,0,0
7132,265804772296,1,0
7133,265809900357,1,0
7134,265814988563,0,0
7135,265820857073,1,0
7136,265826037982,0,0
7137,265831900498,0,0
7138,265837554450,0,0
7139,265843147503,1,0
7140,265848591209,0,0
7141,265854391504,1,0
7142,265859694616,1,0
7143,265864787426,1,0
7144,265869954289,1,0
7145,265875093576,1,0
7146,265880476487,1,0
7147,265885775211,0,0
7148,265891307422,1,0
7149,265896557503,0,0
7150,265902123046,0,0
7151,265907765236,0,0
7152,265913329125,0,0
7153,265918749638,1,0
7154,265923895262,1,0
7155,265928952905,0,0
7156,265934464457,0,0
7157,265939800682,0,0
7158,265945372238,0,0
7159,265950680336,1,0
7160,265955848250,0,0
7161,265961085699,1,0
7162,265966155537,0,0
7163,265971442246,0,0
7164,265976786813,1,0
7165,265982122833,1,0
7166,265987027897,0,0
7167,265992338933,1,0
7168,265997505159,1,0
7169,266002732525,1,0
7170,266007870850,1,0
7171,266012883821,1,0
7172,266017905648,0,0
7173,266023141315,1,0
7174,266028180885,0,0
7175,266033558358,1,0
7176,266038548627,0,0
7177,266043862850,1,0
7178,266048955177,0,0
7179,266054190420,1,0
7180,266059255592,1,0
7181,266064294892,1,0
7182,266069517876,1,0
7183,266074786125,0,0
7184,266080281240,1,0
7185,266085485032,0,0
7186,266090882699,1,0
7187,266095830116,1,0
7188,266100869062,0,0
7189,266106009532,0,0
7190,266111234761,1,0
7191,266116159054,1,0
7192,266121197199,1,0
7193,266126222284,1,0
7194,266131253903,0,0
7195,266137043849,1,0
7196,266142143397,0,0
7197,266147732761,1,0
7198,266152985989,0,0
7199,266158625971,0,0
7200,266164535287,1,0
7201,266169936537,1,0
7202,266174992534,0,0
7203,266180449994,1,0
7204,266185527722,0,0
7205,266191042293,1,0
7206,266196320781,0,0
7207,266201625657,1,0
7208,266206746718,1,0
7209,266211952371,1,0
7210,266217101194,0,0
7211,266222585085,1,0
7212,266227827680,1,0
7213,266233030269,0,0
7214,266238347866,0,0
7215,266243830198,1,0
7216,266249147439,1,0
7217,266254475531,0,0
7218,266260050662,0,0
7219,266265671910,0,0
7220,266271558435,1,0
7221,266276819696,0,0
7222,266282555038,1,0
7223,266287788525,1,0
7224,266292955914,1,0
7225,266298106388,0,0
7226,266303457568,0,0
7227,266308729735,1,0
7228,266313877075,1,0
7229,266318957808,0,0
7230,266324301290,0,0
7231,266329419196,0,0
7232,266334771150,1,0
7233,266339787496,0,0
7234,266345125747,0,0
7235,266350439387,0,0
7236,266355773554,0,0
7237,266361020337,0,0
7238,266366258299,1,0
7239,266371298314,0,0
7240,266376575828,1,0
7241,266381658715,0,0
7242,266387015268,1,0
7243,266392121742,1,0
7244,266397269657,0,0
7245,266402622470,0,0
7246,266407963222,1,0
7247,266413477451,0,0
7248,266418939790,1,0
7249,266423978944,0,0
7250,266429431755,0,0
7251,266434723154,1,0
7252,266439754840,1,0
7253,266444797216,0,0
7254,266450378457,0,0
7255,266455768786,0,0
7256,266461060398,1,0
7257,266472019071,0,0
7258,266477668893,1,0
7259,266482780851,0,0
7260,266488459247,0,0
7261,266493925687,0,0
7262,266499415423,0,0
7263,266504693431,0,0
7264,266510110961,0,0
7265,266515445763,1,0
7266,266520717823,1,0
7267,266525933821,0,0
7268,266531437413,1,0
7269,266536671513,0,0
7270,266542274359,1,0
7271,266547417858,0,0
7272,266553071260,1,0
7273,266558276037,0,0
7274,266563590377,1,0
7275,266568745733,0,0
7276,266574191485,0,0
7277,266579737209,0,0
7278,266585404733,0,0
7279,266591084272,0,0
7280,266596587899,1,0
7281,266601802781,1,0
7282,266607019026,0,0
7283,266612649983,1,0
7284,266617951037,0,0
7285,266623598097,0,0
7286,266629054901,1,0
7287,266634170289,1,0
7288,266639396885,1,0
7289,266644606294,1,0
7290,266649762851,1,0
7291,266654863613,0,0
7292,266660416338,1,0
7293,266665667281,0,0
7294,266671396688,0,0
7295,266677049901,1,0
7296,266682030837,0,0
7297,266687581522,1,0
7298,266692696133,1,0
7299,266697770891,0,0
7300,266703373035,0,0
7301,266708872769,0,0
7302,266714328797,1,0
7303,266719551297,0,0
7304,266725197926,1,0
7305,266730287728,0,0
7306,266735795558,0,0
7307,266741435907,1,0
7308,266746565255,1,0
7309,266751580228,0,0
7310,266757015895,0,0
7311,266762472837,1,0
7312,266767896313,0,0
7313,266773395276,1,0
7314,266778468992,1,0
7315,266783510477,0,0
7316,266789183647,1,0
7317,266794203203,1,0
7318,266799263923,0,0
7319,266804760471,0,0
7320,266810311570,0,0
7321,266816043061,1,0
7322,266821030724,1,0
7323,266826305307,1,0
7324,266831685758,0,0
7325,266837521387,0,0
7326,266843154172,0,0
7327,266848893985,0,0
7328,266854570085,1,0
7329,266859813040,1,0
7330,266864954208,1,0
7331,266870130169,1,0
7332,266875249323,0,0
7333,266880707829,0,0
7334,266886298135,1,0
7335,266891330050,0,0
7336,266896787745,1,0
7337,266901905173,0,0
7338,266907627503,1,0
7339,266912647563,0,0
7340,266918149140,1,0
7341,266923184098,0,0
7342,266928845182,1,0
7343,266933958964,1,0
7344,266939023449,0,0
7345,266944705200,0,0
7346,266950428179,1,0
7347,266955463191,0,0
7348,266961248726,0,0
7349,266966856370,1,0
7350,266971935984,0,0
7351,266977521283,0,0
7352,266982994591,1,0
7353,266988102060,0,0
7354,266993631159,1,0
7355,266998668984,0,0
7356,267004347990,0,0
7357,267010028335,0,0
7358,267015771606,0,0
7359,267021692730,1,0
7360,267026816485,1,0
7361,267031950986,0,0
7362,267037396789,1,0
7363,267042564019,0,0
7364,267048214685,1,0
7365,267053405880,0,0
7366,267058949529,0,0
7367,267064533731,1,0
7368,267069873485,0,0
7369,267075366990,1,0
7370,267080467240,0,0
7371,267085947705,1,0
7372,267091023195,0,0
7373,267096772729,1,0
7374,267101898136,1,0
7375,267107249329,1,0
7376,267112469974,0,0
7377,267118151083,0,0
7378,267123909417,1,0
7379,267128835739,0,0
7380,267134308374,1,0
7381,267139444112,1,0
7382,267144497583,0,0
7383,267149870895,0,0
7384,267155530843,1,0
7385,267160600321,0,0
7386,267166235942,1,0
7387,267171304166,1,0
7388,267176548251,1,0
7389,267181718080,1,0
7390,267186760551,1,0
7391,267191776167,0,0
7392,267197424518,1,0
7393,267202572678,1,0
7394,267207768099,1,0
7395,267212919116,0,0
7396,267218331090,0,0
7397,267224044812,1,0
7398,267229193000,1,0
7399,267234276519,1,0
7400,267239511018,0,0
7401,267245030116,1,0
7402,267250109849,1,0
7403,267255168537,1,0
7404,267260192517,1,0
7405,267265213402,1,0
7406,267270271603,1,0
7407,267275275047,1,0
7408,267280396216,0,0
7409,267285706932,1,0
7410,267290919921,0,0
7411,267296374836,0,0
7412,267301831742,0,0
7413,267307260839,0,0
7414,267312967984,1,0
7415,267318116216,0,0
7416,267323678708,1,0
7417,267328916193,1,0
7418,267334020683,1,0
7419,267339033292,1,0
7420,267344462814,0,0
7421,267350379873,0,0
7422,267355925630,1,0
7423,267361096550,0,0
7424,267367138126,0,0
7425,267373042806,0,0
7426,267378610181,0,0
7427,267384212277,0,0
7428,267390025782,1,0
7429,267395050996,0,0
7430,267400647828,0,0
7431,267406348975,1,0
7432,267411562696,1,0
7433,267416823942,0,0
7434,267422295776,1,0
7435,267427397192,0,0
7436,267432945367,0,0
7437,267438619428,0,0
7438,267444388506,1,0
7439,267449644976,1,0
7440,267454916139,0,0
7441,267460910139,1,0
7442,267466110727,1,0
7443,267471310565,1,0
7444,267476545612,1,0
7445,267481638451,1,0
7446,267486717240,0,0
7447,267492360794,0,0
7448,267498163961,1,0
7449,267503222142,1,0
7450,267508285099,0,0
7451,267513978466,1,0
7452,267519203022,0,0
7453,267524744595,0,0
7454,267530279370,0,0
7455,267535894826,1,0
7456,267540947130,1,0
7457,267546041836,1,0
7458,267551188122,1,0
7459,267556233698,1,0
7460,267561251060,0,0
7461,267566889009,0,0
7462,267572457423,0,0
7463,267577979796,1,0
7464,267583045674,0,0
7465,267588634841,0,0
7466,267594192646,0,0
7467,267599837421,1,0
7468,267605034664,1,0
7469,267610390756,1,0
7470,267615586120,0,0
7471,267621024443,1,0
7472,267626153095,1,0
7473,267631290296,1,0
7474,267636411066,0,0
7475,267641829336,1,0
7476,267647223242,0,0
7477,267652781783,1,0
7478,267657988938,0,0
7479,267663484949,0,0
7480,267669036415,0,0
7481,267674595594,1,0
7482,267679867943,0,0
7483,267685731490,1,0
7484,267690943840,0,0
7485,267696888036,0,0
7486,267702655434,1,0
7487,267707896892,0,0
7488,267713787656,1,0
7489,267719026834,1,0
7490,267724130421,0,0
7491,267729847166,0,0
7492,267735672020,1,0
7493,267740969352,0,0
7494,267746574212,1,0
7495,267751683680,0,0
7496,267757403617,1,0
7497,267762592908,1,0
7498,267767671580,0,0
7499,267773423441,0,0
7500,267778953521,1,0
7501,267784018904,0,0
7502,267789494441,1,0
7503,267794593975,1,0
7504,267799722652,1,0
7505,267804827371,1,0
7506,267809910377,0,0
7507,267815595005,1,0
7508,267820666259,0,0
7509,267826415662,1,0
7510,267831692950,0,0
7511,267837179469,1,0
7512,267842265306,0,0
7513,267847912313,1,0
7514,267852895586,0,0
7515,267858556181,1,0
7516,267863691455,0,0
7517,267869428573,0,0
7518,267875135312,0,0
7519,267880774052,0,0
7520,267886288683,1,0
7521,267891474804,0,0
7522,267896934992,1,0
7523,267901955916,0,0
7524,267907566277,0,0
7525,267913210845,0,0
7526,267918688464,0,0
7527,267924210843,1,0
7528,267929245448,1,0
7529,267934224016,1,0
7530,267939246998,0,0
7531,267944692627,0,0
7532,267950272254,0,0
7533,267955934692,0,0
7534,267961369406,1,0
7535,267966550499,0,0
7536,267972573573,1,0
7537,267977819577,1,0
7538,267982928875,1,0
7539,267987903851,0,0
7540,267993553988,0,0
7541,267999129815,1,0
7542,268004220288,0,0
7543,268009823294,1,0
7544,268014935228,1,0
7545,268019907567,1,0
7546,268024969903,0,0
7547,268030583637,0,0
7548,268036445362,1,0
7549,268041653364,1,0
7550,268046890085,1,0
7551,268051977615,0,0
7552,268057657494,0,0
7553,268063259498,0,0
7554,268068963485,0,0
7555,268074495880,0,0
7556,268080120459,1,0
7557,268085166592,0,0
7558,268090606403,0,0
7559,268096226432,0,0
7560,268101931774,0,0
7561,268107573475,1,0
7562,268112697588,1,0
7563,268117842355,0,0
7564,268123463213,1,0
7565,268128674074,1,0
7566,268133788771,1,0
7567,268138924995,1,0
7568,268143833812,1,0
7569,268148905864,0,0
7570,268154421332,0,0
7571,268159677846,1,0
7572,268164705074,0,0
7573,268170139039,0,0
7574,268175647887,0,0
7575,268181496579,0,0
7576,268187123295,0,0
7577,268192932554,0,0
7578,268198512077,1,0
7579,268203737743,0,0
7580,268209466278,1,0
7581,268214724228,1,0
7582,268219819745,1,0
7583,268225091148,0,0
7584,268230622886,1,0
7585,268235824824,1,0
7586,268240970170,1,0
7587,268246033564,0,0
7588,268251430884,1,0
7589,268256597977,0,0
7590,268262159821,1,0
7591,268267244234,0,0
7592,268272971567,0,0
7593,268278551726,1,0
7594,268283742914,1,0
7595,268288755520,0,0
7596,268294457600,0,0
7597,268300071578,0,0
7598,268305795783,0,0
7599,268311495225,0,0
7600,268316976424,1,0
7601,268321987836,0,0
7602,268327716421,0,0
7603,268333517468,1,0
7604,268338749678,0,0
7605,268344288349,0,0
7606,268349939775,0,0
7607,268355350357,1,0
7608,268360513847,0,0
7609,268366165193,0,0
7610,268371898059,1,0
7611,268376889339,0,0
7612,268382476641,0,0
7613,268388066243,1,0
7614,268393147177,1,0
7615,268398234841,0,0
7616,268403918581,1,0
7617,268408952912,1,0
7618,268413939786,1,0
7619,268418991993,1,0
7620,268424094401,1,0
7621,268429271651,0,0
7622,268434662827,1,0
7623,268439704376,0,0
7624,268445175240,0,0
7625,268450594096,0,0
7626,268455954418,0,0
7627,268461646039,0,0
7628,268467550747,0,0
7629,268473223763,1,0
7630,268478251615,1,0
7631,268483292421,1,0
7632,268488337159,1,0
7633,268493382454,0,0
7634,268498988464,0,0
7635,268504628098,0,0
7636,268509962647,0,0
7637,268515820296,1,0
7638,268520929037,1,0
7639,268526346641,0,0
7640,268531995970,0,0
7641,268537634802,1,0
7642,268542703808,0,0
7643,268548254639,0,0
7644,268553594672,1,0
7645,268558620425,1,0
7646,268563649904,1,0
7647,268568727885,0,0
7648,268574181635,1,0
7649,268579212439,0,0
7650,268584558390,0,0
7651,268590167936,0,0
7652,268595924783,1,0
7653,268601155522,1,0
7654,268606722446,0,0
7655,268612638777,1,0
7656,268617891216,1,0
7657,268622939940,0,0
7658,268628636707,0,0
7659,268634391517,0,0
7660,268639973099,0,0
7661,268645711278,1,0
7662,268650936596,1,0
7663,268655933174,1,0
7664,268660968413,1,0
7665,268666035416,1,0
7666,268671186954,1,0
7667,268676420200,1,0
7668,268681442920,0,0
7669,268686988747,1,0
7670,268692019788,0,0
7671,268697487923,0,0
7672,268703063049,1,0
7673,268708125019,0,0
7674,268713990067,1,0
7675,268719135148,0,0
7676,268724910266,0,0
7677,268730855065,1,0
7678,268736168415,1,0
7679,268741618634,1,0
7680,268746678208,1,0
7681,268751760630,0,0
7682,268757553617,0,0
7683,268763228697,1,0
7684,268768204654,1,0
7685,268773665346,0,0
7686,268779630531,0,0
7687,268785579058,0,0
7688,268791529788,1,0
7689,268796680751,0,0
7690,268802285072,1,0
7691,268807508535,0,0
7692,268813052833,0,0
7693,268818599465,0,0
7694,268824141570,0,0
7695,268829839845,0,0
7696,268835553310,0,0
7697,268841023348,1,0
7698,268846133362,1,0
7699,268851213162,0,0
7700,268856956403,0,0
7701,268862534406,1,0
7702,268867818124,1,0
7703,268872912550,1,0
7704,268878078425,0,0
7705,268883370833,1,0
7706,268888489374,0,0
7707,268894041645,1,0
7708,268899079522,0,0
7709,268904829099,0,0
7710,268910469571,0,0
7711,268916129086,1,0
7712,268921186643,1,0
7713,268926283692,1,0
7714,268931474609,0,0
7715,268937131746,1,0
7716,268942250942,0,0
7717,268947844338,0,0
7718,268953538144,0,0
7719,268959465283,1,0
7720,268964570230,0,0
7721,268970487276,0,0
7722,268976130743,0,0
7723,268981623114,1,0
7724,268986838212,0,0
7725,268992249416,1,0
7726,268997364394,1,0
7727,269002466763,0,0
7728,269008237581,1,0
7729,269013275157,0,0
7730,269018935358,0,0
7731,269024402435,0,0
7732,269030038129,1,0
7733,269035028569,1,0
7734,269040104337,0,0
7735,269045749211,1,0
7736,269050798677,0,0
7737,269056322374,0,0
7738,269061935301,1,0
7739,269066945497,1,0
7740,269071957051,1,0
7741,269077115689,0,0
7742,269082316074,1,0
7743,269087342168,0,0
7744,269092746863,0,0
7745,269098018561,0,0
7746,269103414249,1,0
7747,269108469302,1,0
7748,269113483603,0,0
7749,269118976907,1,0
7750,269124022142,1,0
7751,269129018706,0,0
7752,269134547933,1,0
7753,269139573510,0,0
7754,269145017763,0,0
7755,269150536512,0,0
7756,269156011730,0,0
7757,269161409087,0,0
7758,269166879711,0,0
7759,269172497343,1,0
7760,269177630562,0,0
7761,269183141000,0,0
7762,269188392386,0,0
7763,269193846916,0,0
7764,269199211911,0,0
7765,269204624869,1,0
7766,269209642511,1,0
7767,269214716824,0,0
7768,269220150378,0,0
7769,269225585774,1,0
7770,269230615747,0,0
7771,269236019056,1,0
7772,269241020783,0,0
7773,269246858872,0,0
7774,269252346175,0,0
7775,269257959531,0,0
7776,269263381854,0,0
7777,269268994949,0,0
7778,269274696121,1,0
7779,269279939382,1,0
7780,269285047509,1,0
7781,269290458644,1,0
7782,269295578110,0,0
7783,269301106431,1,0
7784,269306178052,1,0
7785,269311264167,1,0
7786,269316442809,0,0
7787,269322064698,0,0
7788,269327657534,1,0
7789,269332772323,0,0
7790,269338318485,1,0
7791,269343473878,0,0
7792,269349116003,1,0
7793,269354179776,1,0
7794,269359231084,0,0
7795,269364678803,0,0
7796,269370408102,1,0
7797,269375633667,1,0
7798,269380807501,1,0
7799,269385891360,0,0
7800,269391291527,1,0
7801,269396568859,1,0
7802,269401861122,1,0
7803,269406897739,0,0
7804,269412446353,0,0
7805,269418057414,0,0
7806,269423586785,0,0
7807,269429130631,1,0
7808,269434170225,1,0
7809,269439239617,1,0
7810,269444287779,1,0
7811,269449465765,0,0
7812,269455044172,1,0
7813,269460274003,0,0
7814,269465970246,0,0
7815,269471215747,1,0
7816,269476389195,0,0
7817,269481950012,1,0
7818,269486968379,0,0
7819,269492337858,0,0
7820,269497697389,0,0
7821,269503196985,0,0
7822,269508740807,1,0
7823,269513924196,0,0
7824,269519718767,1,0
7825,269524890994,1,0
7826,269530147685,0,0
7827,269536044383,1,0
7828,269541679533,0,0
7829,269547368159,0,0
7830,269552951244,0,0
7831,269558600790,1,0
7832,269563791012,0,0
7833,269569577828,1,0
7834,269574881145,0,0
7835,269580739278,0,0
7836,269586484528,1,0
7837,269591693570,0,0
7838,269597460097,1,0
7839,269602688350,0,0
7840,269608260858,0,0
7841,269613987924,0,0
7842,269619540428,0,0
7843,269625190561,1,0
7844,269630301983,1,0
7845,269635481345,1,0
7846,269640507770,0,0
7847,269646084593,0,0
7848,269651597636,0,0
7849,269656991102,0,0
7850,269662518893,0,0
7851,269667946841,0,0
7852,269673453029,1,0
7853,269678531543,1,0
7854,269683888673,0,0
7855,269689396274,0,0
7856,269695168096,0,0
7857,269700586631,0,0
7858,269706383791,1,0
7859,269711683578,1,0
7860,269716957153,0,0
7861,269722669155,1,0
7862,269727774739,1,0
7863,269732820128,1,0
7864,269737869667,0,0
7865,269743629624,1,0
7866,269748867279,1,0
7867,269753792396,1,0
7868,269759043305,0,0
7869,269764637988,1,0
7870,269769764731,0,0
7871,269775431544,1,0
7872,269780642813,1,0
7873,269785736355,0,0
7874,269791311877,0,0
7875,269796958897,1,0
7876,269801962883,1,0
7877,269806975161,0,0
7878,269812719594,0,0
7879,269818312455,1,0
7880,269823388917,1,0
7881,269828441935,1,0
7882,269833529904,0,0
7883,269839222011,1,0
7884,269844373718,1,0
7885,269849364997,0,0
7886,269854855300,0,0
7887,269860269762,1,0
7888,269865299046,0,0
7889,269870844195,0,0
7890,269876399511,1,0
7891,269881425189,0,0
7892,269887094357,1,0
7893,269892151738,0,0
7894,269897602017,0,0
7895,269902934360,1,0
7896,269908086829,1,0
7897,269913217352,0,0
7898,269918974254,0,0
7899,269924382335,1,0
7900,269929582281,1,0
7901,269934892785,0,0
7902,269940434645,0,0
7903,269946072162,0,0
7904,269951593350,0,0
7905,269957059656,0,0
7906,269962636974,0,0
7907,269968244857,0,0
7908,269973921704,0,0
7909,269979519147,1,0
7910,269984701012,1,0
7911,269989755841,1,0
7912,269994841168,1,0
7913,269999891176,0,0
7914,270005386686,1,0
7915,270010484116,1,0
7916,270015648444,1,0
7917,270020980611,0,0
7918,270026388779,0,0
7919,270032023159,1,0
7920,270037027861,1,0
7921,270042162027,0,0
7922,270047720230,1,0
7923,270052947976,0,0
7924,270058519522,1,0
7925,270063730699,0,0
7926,270069422130,1,0
7927,270074589845,1,0
7928,270079758910,1,0
7929,270084832222,0,0
7930,270090336494,0,0
7931,270095917631,1,0
7932,270100863945,1,0
7933,270106042434,0,0
7934,270111459167,1,0
7935,270116616772,0,0
7936,270122017153,1,0
7937,270127102062,0,0
7938,270132621153,0,0
7939,270138101521,0,0
7940,270143365801,0,0
7941,270148700345,0,0
7942,270154266418,0,0
7943,270159973773,0,0
7944,270165703181,1,0
7945,270170802668,0,0
7946,270176417253,0,0
7947,270182049265,0,0
7948,270187435202,1,0
7949,270192716341,0,0
7950,270198256048,0,0
7951,270203655196,0,0
7952,270209156518,1,0
7953,270214152124,1,0
7954,270219187021,0,0
7955,270224787840,1,0
7956,270229951123,1,0
7957,270235032882,0,0
7958,270240501022,1,0
7959,270245740260,1,0
7960,270250978481,1,0
7961,270257617710,1,0
7962,270262895814,0,0
7963,270268527503,0,0
7964,270273962573,1,0
7965,270279334749,0,0
7966,270284942150,0,0
7967,270290406758,1,0
7968,270295668550,1,0
7969,270300881530,1,0
7970,270306102053,0,0
7971,270311491669,1,0
7972,270316677006,1,0
7973,270321809802,0,0
7974,270327163893,1,0
7975,270332361249,0,0
7976,270337629922,0,0
7977,270342902608,0,0
7978,270348377584,0,0
7979,270354029211,0,0
7980,270359635826,0,0
7981,270365509215,0,0
7982,270371032921,0,0
7983,270376785188,1,0
7984,270381923037,1,0
7985,270387026891,0,0
7986,270392713281,1,0
7987,270397796376,1,0
7988,270402904961,1,0
7989,270407931202,0,0
7990,270413571395,0,0
7991,270419243022,0,0
7992,270424741022,1,0
7993,270429851016,1,0
7994,270434917541,0,0
7995,270440394546,0,0
7996,270446249123,0,0
7997,270451813854,0,0
7998,270457411016,1,0
7999,270462530083,1,0
8000,270467718734,1,0
8001,270472793020,1,0
8002,270477856585,1,0
8003,270482906199,0,0
8004,270488473280,1,0
8005,270493635999,0,0
8006,270499206412,0,0
8007,270504761831,1,0
8008,270509804572,0,0
8009,270515439009,0,0
8010,270521042316,0,0
8011,270526528067,1,0
8012,270531682461,1,0
8013,270536887205,0,0
8014,270542674172,0,0
8015,270548509445,0,0
8016,270554140873,1,0
8017,270559205264,1,0
8018,270564292569,0,0
8019,270570037233,0,0
8020,270575620455,0,0
8021,270581243132,1,0
8022,270586246088,0,0
8023,270591421942,0,0
8024,270597245872,1,0
8025,270602404501,0,0
8026,270608073211,0,0
8027,270613708999,1,0
8028,270618786525,0,0
8029,270624315697,1,0
8030,270629604202,0,0
8031,270635267761,1,0
8032,270640461161,0,0
8033,270646120096,1,0
8034,270651207485,0,0
8035,270656949294,0,0
8036,270662262109,1,0
8037,270667386024,1,0
8038,270672459227,1,0
8039,270677698600,1,0
8040,270682789901,0,0
8041,270688695386,1,0
8042,270693935634,0,0
8043,270699563134,1,0
8044,270704826094,1,0
8045,270709918876,0,0
8046,270715511227,1,0
8047,270720781121,1,0
8048,270726017038,0,0
8049,270731436111,0,0
8050,270737046098,1,0
8051,270742026296,0,0
8052,270747583223,1,0
8053,270752812150,1,0
8054,270757904989,0,0
8055,270763533143,1,0
8056,270768619907,1,0
8057,270773711958,1,0
8058,270778819387,0,0
8059,270784450046,1,0
8060,270789671269,0,0
8061,270795284098,0,0
8062,270800695636,1,0
8063,270805979191,0,0
8064,270811418818,1,0
8065,270816561919,1,0
8066,270821763498,1,0
8067,270826868506,1,0
8068,270831913308,1,0
8069,270837016151,0,0
8070,270842424980,0,0
8071,270847862665,0,0
8072,270853515411,0,0
8073,270859241482,1,0
8074,270864253915,0,0
8075,270869797853,1,0
8076,270875067553,0,0
8077,270880616164,0,0
8078,270886454718,0,0
8079,270892054828,0,0
8080,270897786561,0,0
8081,270903325840,0,0
8082,270908685907,0,0
8083,270914038991,0,0
8084,270919525107,1,0
8085,270924695562,0,0
8086,270930265083,1,0
8087,270935461278,0,0
8088,270941066668,1,0
8089,270946181903,1,0
8090,270951317039,0,0
8091,270956983474,0,0
8092,270962517560,1,0
8093,270967616664,0,0
8094,270973108400,1,0
8095,270978141637,0,0
8096,270983937052,1,0
8097,270989033529,0,0
8098,270994706182,1,0
8099,270999750447,1,0
8100,271004812579,0,0
8101,271010505930,0,0
8102,271016040528,0,0
8103,271021585804,1,0
8104,271026956718,0,0
8105,271032238653,1,0
8106,271037273827,1,0
8107,271042421908,1,0
8108,271047544320,0,0
8109,271053154336,0,0
8110,271058893069,0,0
8111,271064457190,1,0
8112,271069546625,0,0
8113,271075244581,0,0
8114,271080646045,0,0
8115,271086366394,1,0
8116,271091426816,1,0
8117,271096464051,0,0
8118,271101895633,0,0
8119,271107154273,0,0
8120,271112461726,0,0
8121,271117830091,1,0
8122,271123038756,0,0
8123,271128458650,0,0
8124,271134363574,1,0
8125,271139655158,0,0
8126,271145463955,0,0
8127,271151034669,0,0
8128,271156911312,1,0
8129,271162159126,1,0
8130,271167526770,0,0
8131,271173375102,0,0
8132,271179040619,0,0
8133,271184618955,1,0
8134,271189822878,0,0
8135,271195669629,0,0
8136,271201481753,1,0
8137,271206653314,0,0
8138,271212223550,0,0
8139,271217880317,1,0
8140,271223496062,1,0
8141,271228762461,1,0
8142,271233810582,0,0
8143,271239322996,0,0
8144,271244966345,1,0
8145,271249959563,1,0
8146,271255101934,1,0
8147,271260546259,0,0
8148,271266201444,1,0
8149,271271269431,0,0
8150,271276660782,1,0
8151,271281937262,0,0
8152,271287642458,0,0
8153,271293290703,0,0
8154,271299147311,0,0
8155,271305069239,0,0
8156,271310801843,0,0
8157,271316316636,0,0
8158,271322064713,1,0
8159,271327206454,1,0
8160,271332630314,0,0
8161,271338412117,0,0
8162,271343991123,1,0
8163,271348970400,1,0
8164,271354034908,0,0
8165,271359710391,0,0
8166,271365478169,1,0
8167,271370647241,0,0
8168,271376586447,0,0
8169,271382544264,1,0
8170,271387798317,1,0
8171,271392917147,0,0
8172,271398509879,1,0
8173,271403774453,1,0
8174,271408899873,1,0
8175,271414107688,1,0
8176,271419146348,1,0
8177,271424157677,0,0
8178,271429613309,0,0
8179,271435139760,0,0
8180,271440564948,1,0
8181,271445663492,1,0
8182,271450725553,1,0
8183,271455798899,1,0
8184,271460848271,1,0
8185,271465910031,1,0
8186,271470928925,1,0
8187,271475930961,0,0
8188,271481398656,0,0
8189,271486974193,0,0
8190,271492477490,1,0
8191,271497604023,1,0
8192,271502834599,0,0
8193,271508390643,0,0
8194,271514150037,1,0
8195,271519440834,0,0
8196,271525028952,1,0
8197,271529917016,1,0
8198,271534917773,1,0
8199,271539978331,0,0
8200,271545509911,1,0
8201,271550694871,1,0
8202,271555782525,0,0
8203,271561286328,1,0
8204,271566472890,1,0
8205,271571602708,0,0
8206,271577228684,1,0
8207,271582345691,1,0
8208,271587474151,1,0
8209,271592781510,0,0
8210,271598497253,0,0
8211,271604065697,1,0
8212,271609171799,0,0
8213,271614949931,0,0
8214,271620713973,0,0
8215,271626713130,0,0
8216,271632370290,0,0
8217,271637885922,0,0
8218,271643274178,1,0
8219,271648380155,1,0
8220,271653468782,0,0
8221,271658984739,1,0
8222,271664017395,1,0
8223,271669022581,0,0
8224,271674515943,1,0
8225,271679542153,1,0
8226,271684540379,1,0
8227,271689547226,0,0
8228,271694886144,1,0
8229,271699910842,0,0
8230,271705395154,0,0
8231,271711043556,1,0
8232,271716141958,1,0
8233,271721197776,1,0
8234,271726313170,0,0
8235,271731988826,0,0
8236,271737228480,1,0
8237,271742276354,1,0
8238,271747469474,0,0
8239,271753067884,1,0
8240,271758152590,1,0
8241,271763211173,1,0
8242,271768213871,0,0
8243,271773566512,0,0
8244,271779123275,0,0
8245,271784570859,1,0
8246,271789644465,1,0
8247,271794714136,1,0
8248,271799774942,1,0
8249,271804813679,0,0
8250,271810596404,1,0
8251,271815737984,0,0
8252,271821469982,0,0
8253,271827246792,0,0
8254,271832876446,0,0
8255,271838629731,0,0
8256,271844227445,1,0
8257,271849249853,1,0
8258,271854291771,1,0
8259,271859441793,1,0
8260,271864612657,0,0
8261,271870288458,1,0
8262,271875470464,1,0
8263,271880654633,0,0
8264,271886397654,1,0
8265,271891572607,1,0
8266,271896783135,0,0
8267,271902412155,1,0
8268,271907553522,0,0
8269,271913179346,0,0
8270,271918933841,1,0
8271,271923933416,0,0
8272,271929597594,0,0
8273,271935053487,0,0
8274,271940683742,0,0
8275,271946518643,0,0
8276,271952132829,0,0
8277,271957642935,1,0
8278,271962913486,1,0
8279,271967958124,0,0
8280,271973366865,1,0
8281,271978599504,0,0
8282,271984223725,0,0
8283,271989895111,1,0
8284,271994862020,1,0
8285,272000039418,0,0
8286,272005536927,0,0
8287,272011204993,0,0
8288,272016684946,1,0
8289,272021748606,1,0
8290,272026948897,0,0
8291,272032612407,1,0
8292,272037848936,0,0
8293,272043366905,1,0
8294,272048518500,0,0
8295,272054316707,1,0
8296,272059532692,0,0
8297,272065050536,0,0
8298,272070923201,1,0
8299,272075939155,1,0
8300,272081034771,1,0
8301,272086593136,1,0
8302,272091737081,1,0
8303,272096815727,0,0
8304,272102213445,1,0
8305,272107168410,0,0
8306,272112648800,1,0
8307,272117699948,1,0
8308,272122923042,1,0
8309,272127919388,0,0
8310,272133529466,0,0
8311,272139454797,0,0
8312,272145101782,1,0
8313,272150211291,0,0
8314,272155725165,1,0
8315,272160794773,1,0
8316,272165857872,1,0
8317,272170943531,1,0
8318,272175950228,1,0
8319,272181018990,0,0
8320,272186711559,0,0
8321,272192209393,0,0
8322,272197907371,1,0
8323,272202985221,1,0
8324,272208120618,0,0
8325,272213840418,1,0
8326,272218987553,0,0
8327,272224656295,0,0
8328,272230192940,1,0
8329,272235427907,0,0
8330,272241051201,1,0
8331,272246120558,0,0
8332,272251637966,1,0
8333,272256722678,1,0
8334,272261834311,1,0
8335,272267051421,1,0
8336,272272337785,1,0
8337,272277492743,1,0
8338,272282710991,1,0
8339,272288010916,0,0
8340,272293591757,0,0
8341,272299051143,0,0
8342,272304670573,1,0
8343,272309822457,1,0
8344,272314977435,0,0
8345,272320402916,1,0
8346,272325616120,1,0
8347,272330646764,1,0
8348,272335857084,1,0
8349,272341042696,1,0
8350,272346417753,0,0
8351,272351866309,1,0
8352,272357038260,0,0
8353,272362766136,0,0
8354,272368520216,0,0
8355,272374133330,1,0
8356,272379410292,0,0
8357,272385113446,0,0
8358,272390632685,0,0
8359,272396389495,1,0
8360,272401456987,0,0
8361,272406701927,1,0
8362,272411765726,1,0
8363,272416839671,0,0
8364,272422319480,0,0
8365,272427742067,1,0
8366,272432863177,0,0
8367,272438544510,0,0
8368,272444493097,1,0
8369,272449716465,0,0
8370,272455193577,0,0
8371,272460930925,1,0
8372,272465865906,0,0
8373,272471396444,0,0
8374,272477071654,0,0
8375,272482466746,1,0
8376,272487618784,1,0
8377,272492810563,0,0
8378,272498477804,0,0
8379,272504315250,1,0
8380,272509621656,1,0
8381,272514725593,0,0
8382,272520320531,1,0
8383,272525534123,1,0
8384,272530570840,1,0
8385,272535628354,0,0
8386,272541127211,1,0
8387,272546171661,0,0
8388,272551470011,1,0
8389,272556588056,1,0
8390,272561832021,0,0
8391,272567359905,1,0
8392,272572508268,1,0
8393,272577691635,1,0
8394,272582761759,1,0
8395,272588018920,1,0
8396,272593190299,1,0
8397,272598366076,1,0
8398,272603598271,0,0
8399,272609236945,1,0
8400,272614254783,0,0
8401,272619730361,0,0
8402,272625515772,0,0
8403,272631047711,0,0
8404,272636564240,0,0
8405,272642111750,1,0
8406,272647463625,1,0
8407,272652563125,1,0
8408,272657612150,0,0
8409,272663158468,0,0
8410,272668495917,1,0
8411,272673648250,1,0
8412,272678819790,1,0
8413,272683845980,1,0
8414,272688905889,1,0
8415,272693974535,0,0
8416,272699293024,1,0
8417,272704493766,0,0
8418,272710057555,1,0
8419,272715023517,0,0
8420,272720424618,1,0
8421,272725581032,1,0
8422,272730651064,1,0
8423,272735955012,0,0
8424,272741528011,1,0
8425,272746697814,0,0
8426,272752252662,0,0
8427,272757929685,1,0
8428,272762992474,0,0
8429,272768660172,0,0
8430,272774110409,0,0
8431,272780180744,1,0
8432,272784952385,0,0
8433,272790534782,1,0
8434,272795713447,0,0
8435,272801556279,0,0
8436,272807155734,0,0
8437,272812763726,0,0
8438,272818389003,1,0
8439,272823635214,1,0
8440,272828744761,0,0
8441,272834150566,0,0
8442,272839605623,1,0
8443,272844746931,1,0
8444,272849858028,1,0
8445,272854952060,1,0
8446,272860068917,1,0
8447,272865236153,1,0
8448,272870321024,0,0
8449,272876046211,1,0
8450,272881040536,1,0
8451,272886601578,0,0
8452,272892458493,1,0
8453,272897781364,1,0
8454,272902839820,1,0
8455,272907880668,0,0
8456,272913445220,1,0
8457,272918539580,1,0
8458,272923619614,0,0
8459,272929409526,0,0
8460,272934980095,1,0
8461,272940174004,0,0
8462,272945879506,1,0
8463,272951381053,0,0
8464,272957238650,0,0
8465,272962746954,1,0
8466,272967881489,1,0
8467,272972943605,1,0
8468,272978017019,1,0
8469,272983023860,0,0
8470,272988913977,0,0
8471,272994804194,1,0
8472,273000412413,1,0
8473,273005689398,1,0
8474,273011021615,1,0
8475,273016202662,1,0
8476,273021501303,1,0
8477,273026773755,1,0
8478,273031863483,0,0
8479,273037333404,1,0
8480,273042572705,0,0
8481,273048220593,0,0
8482,273054061319,1,0
8483,273059101309,0,0
8484,273064948913,1,0
8485,273070162049,0,0
8486,273075955520,0,0
8487,273081400025,1,0
8488,273086515701,0,0
8489,273092340162,0,0
8490,273098215137,0,0
8491,273103914884,0,0
8492,273109501382,0,0
8493,273115120168,0,0
8494,273120926489,1,0
8495,273126034476,1,0
8496,273131479103,0,0
8497,273136999362,0,0
8498,273142732719,0,0
8499,273148687774,1,0
8500,273153985476,1,0
8501,273159113548,1,0
8502,273164197777,0,0
8503,273169780549,0,0
8504,273175279802,1,0
8505,273180428040,0,0
8506,273185935116,1,0
8507,273190978401,0,0
8508,273196429772,1,0
8509,273201568230,0,0
8510,273207082012,1,0
8511,273212106626,0,0
8512,273217559469,0,0
8513,273223109824,0,0
8514,273228634408,0,0
8515,273234147291,0,0
8516,273239314210,1,0
8517,273244352525,1,0
8518,273249302976,1,0
8519,273254306098,0,0
8520,273259493939,1,0
8521,273264562531,1,0
8522,273269947095,1,0
8523,273274856651,1,0
8524,273280066740,0,0
8525,273285240433,0,0
8526,273290731061,1,0
8527,273295812685,0,0
8528,273301435339,1,0
8529,273306608530,0,0
8530,273312146848,1,0
8531,273317240800,1,0
8532,273322291403,1,0
8533,273327377665,1,0
8534,273332386785,0,0
8535,273337528923,0,0
8536,273342775668,0,0
8537,273347963620,1,0
8538,273352954420,1,0
8539,273358021453,0,0
8540,273363417299,1,0
8541,273368476335,0,0
8542,273373694807,0,0
8543,273379019031,0,0
8544,273384284696,1,0
8545,273389306711,0,0
8546,273394884099,0,0
8547,273400154400,1,0
8548,273405224415,0,0
8549,273410690632,0,0
8550,273416142033,1,0
8551,273421193163,0,0
8552,273426478605,1,0
8553,273431466478,0,0
8554,273436848991,1,0
8555,273441957377,0,0
8556,273447248631,1,0
8557,273452242823,0,0
8558,273457625532,0,0
8559,273462846104,0,0
8560,273468021920,0,0
8561,273473279147,1,0
8562,273478292439,1,0
8563,273483355372,1,0
8564,273488520308,0,0
8565,273494287763,0,0
8566,273499988642,0,0
8567,273505378548,1,0
8568,273510588977,0,0
8569,273516170038,1,0
8570,273521296871,1,0
8571,273526381704,1,0
8572,273531716790,1,0
8573,273536729231,0,0
8574,273542017646,1,0
8575,273547251452,0,0
8576,273552600089,1,0
8577,273557715249,0,0
8578,273563188729,1,0
8579,273568227252,0,0
8580,273573426485,0,0
8581,273578773043,0,0
8582,273584017102,1,0
8583,273589084490,1,0
8584,273594387818,1,0
8585,273599638024,1,0
8586,273604881695,0,0
8587,273610171014,1,0
8588,273615325816,0,0
8589,273620931388,0,0
8590,273626550672,1,0
8591,273631837495,0,0
8592,273637488116,1,0
8593,273642619711,0,0
8594,273648121745,0,0
8595,273653567521,1,0
8596,273658771423,0,0
8597,273664425709,0,0
8598,273669933777,1,0
8599,273675014033,0,0
8600,273680670807,1,0
8601,273685779464,1,0
8602,273690817605,0,0
8603,273696333010,0,0
8604,273701872525,0,0
8605,273707148756,1,0
8606,273712358766,1,0
8607,273717570847,0,0
8608,273723134858,0,0
8609,273728389777,1,0
8610,273733719899,1,0
8611,273738758277,0,0
8612,273744186356,1,0
8613,273749275037,0,0
8614,273754949734,0,0
8615,273760434000,0,0
8616,273766243993,1,0
8617,273771364072,0,0
8618,273776638423,1,0
8619,273781704410,0,0
8620,273787292781,1,0
8621,273792405522,1,0
8622,273797628397,0,0
8623,273803317486,0,0
8624,273808948954,1,0
8625,273814118814,0,0
8626,273819737242,1,0
8627,273824805172,1,0
8628,273829866035,0,0
8629,273835740665,1,0
8630,273840956244,0,0
8631,273846517254,0,0
8632,273852470606,0,0
8633,273858039569,1,0
8634,273863166548,0,0
8635,273868932901,1,0
8636,273874106531,1,0
8637,273879525543,1,0
8638,273884783233,1,0
8639,273889993451,1,0
8640,273895036058,1,0
8641,273900430217,0,0
8642,273906182089,1,0
8643,273911279529,1,0
8644,273916453604,0,0
8645,273922093209,1,0
8646,273927026939,1,0
8647,273932149495,1,0
8648,273937233161,0,0
8649,273943025936,1,0
8650,273948140639,1,0
8651,273953450851,0,0
8652,273958791662,1,0
8653,273963868857,1,0
8654,273968944982,1,0
8655,273974008873,1,0
8656,273979122654,0,0
8657,273984388710,0,0
8658,273989833493,1,0
8659,273994865569,1,0
8660,273999953416,1,0
8661,274004993500,0,0
8662,274010566914,1,0
8663,274015631357,0,0
8664,274021161110,1,0
8665,274026214235,0,0
8666,274031717713,0,0
8667,274036996008,1,0
8668,274042097838,1,0
8669,274047190191,0,0
8670,274052706434,0,0
8671,274057978154,1,0
8672,274063103158,1,0
8673,274068166289,0,0
8674,274073654084,1,0
8675,274078691288,1,0
8676,274083740273,0,0
8677,274089291238,0,0
8678,274095121197,0,0
8679,274100649274,0,0
8680,274106443120,0,0
8681,274111888160,0,0
8682,274117599880,0,0
8683,274123487650,1,0
8684,274128802223,0,0
8685,274134425444,1,0
8686,274139650796,1,0
8687,274144864033,0,0
8688,274150359946,0,0
8689,274155862678,1,0
8690,274161184075,1,0
8691,274166126898,0,0
8692,274171855458,1,0
8693,274176885289,1,0
8694,274181943829,0,0
8695,274187623254,0,0
8696,274193110766,1,0
8697,274198234011,1,0
8698,274203228926,0,0
8699,274208792460,1,0
8700,274213995628,1,0
8701,274219130137,0,0
8702,274224750681,1,0
8703,274229994459,0,0
8704,274235693937,0,0
8705,274241094800,0,0
8706,274246480176,0,0
8707,274251982272,0,0
8708,274257558678,1,0
8709,274262805724,0,0
8710,274268601791,1,0
8711,274273820168,1,0
8712,274278894389,1,0
8713,274283981460,0,0
8714,274289501998,1,0
8715,274294683408,1,0
8716,274300162438,1,0
8717,274305159425,1,0
8718,274310311442,1,0
8719,274315655436,0,0
8720,274321434331,1,0
8721,274326684726,1,0
8722,274331973704,0,0
8723,274337469950,0,0
8724,274343313613,0,0
8725,274349042406,1,0
8726,274353984001,1,0
8727,274359028569,1,0
8728,274364176658,1,0
8729,274369324635,0,0
8730,274375031478,1,0
8731,274380115713,1,0
8732,274385214057,1,0
8733,274390274106,1,0
8734,274395444711,1,0
8735,274400640007,0,0
8736,274406268517,1,0
8737,274411421492,1,0
8738,274416540388,1,0
8739,274421674996,0,0
8740,274427136307,0,0
8741,274432550777,0,0
8742,274437860452,1,0
8743,274443024131,1,0
8744,274448142483,0,0
8745,274453651353,0,0
8746,274459264763,1,0
8747,274464509025,1,0
8748,274469736868,0,0
8749,274475238090,1,0
8750,274480435428,0,0
8751,274486344841,0,0
8752,274491965437,1,0
8753,274497103959,0,0
8754,274502710137,0,0
8755,274508533438,1,0
8756,274513781763,1,0
8757,274518911169,0,0
8758,274524647946,1,0
8759,274529811021,1,0
8760,274534915276,1,0
8761,274540034156,1,0
8762,274545218503,0,0
8763,274551046204,1,0
8764,274556046706,0,0
8765,274561784106,0,0
8766,274568162537,0,0
8767,274573795958,0,0
8768,274579451964,0,0
8769,274585134916,1,0
8770,274590419326,1,0
8771,274595562374,0,0
8772,274601395623,0,0
8773,274606860393,0,0
8774,274612309642,0,0
8775,274617987547,0,0
8776,274623520984,0,0
8777,274629192391,1,0
8778,274634261694,1,0
8779,274639442231,1,0
8780,274644606013,0,0
8781,274650349700,1,0
8782,274655514952,0,0
8783,274661423153,1,0
8784,274666666344,1,0
8785,274671797884,1,0
8786,274676882625,1,0
8787,274681984699,1,0
8788,274687163807,0,0
8789,274692669372,1,0
8790,274697771947,1,0
8791,274702898455,1,0
8792,274708036375,1,0
8793,274713241782,1,0
8794,274718723299,1,0
8795,274723982199,0,0
8796,274729810306,1,0
8797,274735036080,1,0
8798,274740204433,1,0
8799,274745529147,0,0
8800,274751096661,1,0
8801,274756293284,0,0
8802,274761714777,1,0
8803,274766765917,0,0
8804,274772383313,0,0
8805,274777722834,0,0
8806,274783231956,1,0
8807,274788275596,1,0
8808,274793350258,0,0
8809,274798783103,1,0
8810,274803911005,0,0
8811,274809391304,1,0
8812,274814546795,0,0
8813,274820107083,1,0
8814,274825097773,1,0
8815,274830234484,0,0
8816,274836042769,1,0
8817,274840977240,1,0
8818,274846179110,0,0
8819,274851897655,0,0
8820,274857457952,0,0
8821,274863186337,0,0
8822,274869045549,0,0
8823,274874430620,1,0
8824,274879568931,0,0
8825,274885092535,0,0
8826,274890260474,1,0
8827,274895385772,0,0
8828,274901103619,0,0
8829,274906514176,1,0
8830,274911783273,0,0
8831,274917636194,1,0
8832,274922806892,1,0
8833,274927979308,1,0
8834,274933040488,1,0
8835,274938225973,0,0
8836,274943617893,0,0
8837,274949166495,1,0
8838,274954378062,1,0
8839,274959448684,0,0
8840,274964987123,1,0
8841,274970107262,1,0
8842,274975575257,1,0
8843,274980873788,0,0
8844,274986584265,0,0
8845,274992493923,1,0
8846,274997602775,1,0
8847,275002688850,0,0
8848,275008187237,0,0
8849,275013586445,0,0
8850,275019250690,0,0
8851,275024784469,1,0
8852,275029904722,0,0
8853,275035530183,1,0
8854,275040768462,1,0
8855,275045819680,0,0
8856,275051294494,0,0
8857,275056908590,0,0
8858,275062254458,0,0
8859,275067801982,1,0
8860,275072939381,1,0
8861,275078031421,0,0
8862,275083476609,0,0
8863,275088913094,1,0
8864,275093939481,1,0
8865,275099070404,1,0
8866,275104072032,1,0
8867,275109284547,1,0
8868,275114438464,1,0
8869,275119572476,1,0
8870,275124797455,1,0
8871,275129871216,0,0
8872,275135688311,1,0
8873,275140894066,0,0
8874,275146456222,0,0
8875,275152222990,0,0
8876,275157812290,1,0
8877,275162836351,0,0
8878,275168347048,0,0
8879,275174172727,1,0
8880,275179252979,1,0
8881,275184489915,1,0
8882,275189731764,1,0
8883,275194827033,1,0
8884,275200082156,1,0
8885,275205379934,0,0
8886,275211271644,1,0
8887,275216674393,1,0
8888,275221863820,0,0
8889,275227469593,0,0
8890,275233111135,1,0
8891,275238592329,0,0
8892,275244246941,1,0
8893,275249380907,0,0
8894,275254925978,1,0
8895,275260045425,0,0
8896,275265501206,1,0
8897,275270768568,0,0
8898,275276447765,0,0
8899,275281986560,1,0
8900,275287035311,1,0
8901,275292263116,0,0
8902,275297662906,0,0
8903,275303631275,0,0
8904,275309355893,0,0
8905,275314867892,1,0
8906,275320034377,1,0
8907,275325164384,1,0
8908,275330309188,0,0
8909,275335807793,0,0
8910,275341150844,1,0
8911,275346469527,1,0
8912,275351728297,0,0
8913,275357417288,0,0
8914,275363180968,0,0
8915,275368980240,1,0
8916,275374144451,0,0
8917,275379577875,1,0
8918,275384791359,0,0
8919,275390467598,1,0
8920,275395504154,1,0
8921,275400493429,1,0
8922,275405482626,1,0
8923,275410467181,1,0
8924,275415476831,0,0
8925,275421261829,1,0
8926,275426278867,1,0
8927,275431292263,1,0
8928,275436527875,1,0
8929,275441715620,0,0
8930,275447382567,1,0
8931,275452498626,1,0
8932,275457563889,1,0
8933,275462586102,1,0
8934,275467567785,1,0
8935,275472752765,0,0
8936,275478399435,1,0
8937,275483542550,0,0
8938,275489018865,1,0
8939,275494179649,1,0
8940,275499283614,1,0
8941,275504379794,0,0
8942,275510140512,0,0
8943,275515657531,1,0
8944,275520683358,0,0
8945,275526222725,1,0
8946,275531227381,0,0
8947,275536721568,0,0
8948,275542470636,0,0
8949,275547815260,0,0
8950,275553015279,1,0
8951,275558013889,1,0
8952,275563030749,0,0
8953,275568659781,0,0
8954,275574142610,1,0
8955,275579212004,0,0
8956,275584637808,1,0
8957,275589645279,0,0
8958,275594980606,1,0
8959,275600311484,1,0
8960,275605652610,1,0
8961,275610867277,1,0
8962,275615950495,1,0
8963,275621045502,1,0
8964,275626158834,0,0
8965,275631856827,1,0
8966,275637042225,0,0
8967,275642817895,1,0
8968,275648122525,0,0
8969,275653787662,0,0
8970,275659530327,1,0
8971,275664849244,1,0
8972,275669925874,0,0
8973,275675771622,0,0
8974,275681262443,0,0
8975,275686655070,1,0
8976,275691773266,0,0
8977,275697333125,0,0
8978,275702945108,0,0
8979,275708458910,0,0
8980,275714161326,0,0
8981,275719515821,1,0
8982,275724762691,0,0
8983,275730328714,1,0
8984,275735463401,0,0
8985,275741395058,0,0
8986,275747234989,0,0
8987,275752915482,0,0
8988,275758896354,0,0
8989,275764621786,1,0
8990,275769987288,1,0
8991,275775345438,0,0
8992,275781059668,1,0
8993,275786124269,1,0
8994,275791594964,0,0
8995,275797457239,0,0
8996,275803404487,1,0
8997,275808603989,0,0
8998,275814436311,0,0
8999,275820075447,0,0
9000,275826020457,1,0
9001,275831173541,0,0
9002,275837018115,0,0
9003,275842719208,1,0
9004,275847918952,0,0
9005,275853437947,1,0
9006,275858801491,1,0
9007,275863924563,1,0
9008,275869047764,1,0
9009,275874400681,1,0
9010,275879710749,1,0
9011,275884748510,1,0
9012,275889807235,0,0
9013,275895545462,1,0
9014,275900584667,1,0
9015,275905675447,0,0
9016,275911187180,0,0
9017,275916531375,1,0
9018,275921582747,1,0
9019,275926669176,0,0
9020,275932170684,0,0
9021,275937478538,1,0
9022,275942507409,1,0
9023,275947525564,0,0
9024,275952950572,0,0
9025,275958377674,0,0
9026,275963771135,0,0
9027,275969219545,0,0
9028,275974657937,0,0
9029,275979962682,1,0
9030,275985018632,0,0
9031,275990497951,1,0
9032,275995678378,0,0
9033,276001259871,0,0
9034,276006842829,0,0
9035,276012386924,0,0
9036,276018070267,1,0
9037,276023022568,0,0
9038,276028577166,0,0
9039,276034116000,1,0
9040,276039122180,0,0
9041,276044508720,1,0
9042,276049612260,1,0
9043,276054949094,1,0
9044,276059914726,1,0
9045,276064992562,1,0
9046,276070115098,0,0
9047,276076028784,0,0
9048,276081523072,0,0
9049,276086990754,0,0
9050,276092495128,1,0
9051,276097738495,0,0
9052,276103197218,1,0
9053,276108297919,0,0
9054,276114044448,0,0
9055,276119620098,0,0
9056,276125370520,1,0
9057,276130592075,1,0
9058,276136031699,0,0
9059,276141408915,1,0
9060,276146606878,1,0
9061,276151900295,1,0
9062,276157054047,1,0
9063,276162049205,1,0
9064,276167514069,0,0
9065,276173156199,0,0
9066,276178636451,0,0
9067,276184318754,1,0
9068,276189519930,0,0
9069,276195195126,0,0
9070,276200644477,1,0
9071,276205751921,1,0
9072,276210932028,1,0
9073,276216049829,0,0
9074,276221700765,0,0
9075,276227492834,0,0
9076,276233296333,1,0
9077,276238670051,0,0
9078,276244532420,0,0
9079,276250166341,1,0
9080,276255477355,0,0
9081,276261521659,1,0
9082,276266696251,1,0
9083,276271760167,1,0
9084,276276827542,1,0
9085,276281939218,1,0
9086,276287056125,1,0
9087,276292462440,1,0
9088,276297780955,0,0
9089,276303412937,1,0
9090,276308639833,1,0
9091,276313779702,0,0
9092,276319548791,0,0
9093,276325200494,0,0
9094,276330903600,1,0
9095,276335910416,1,0
9096,276341027355,1,0
9097,276346242683,0,0
9098,276351739986,0,0
9099,276357624460,0,0
9100,276363637500,0,0
9101,276369388786,0,0
9102,276375054725,1,0
9103,276380148191,0,0
9104,276385832929,1,0
9105,276390943488,1,0
9106,276396057971,0,0
9107,276401700264,1,0
9108,276406841212,1,0
9109,276411921934,0,0
9110,276417384290,0,0
9111,276422762457,0,0
9112,276428242577,1,0
9113,276433267263,0,0
9114,276438720505,1,0
9115,276443900826,0,0
9116,276449572685,0,0
9117,276455052777,0,0
9118,276460701840,0,0
9119,276466334258,0,0
9120,276472126096,1,0
9121,276477133888,1,0
9122,276482220056,0,0
9123,276487623599,0,0
9124,276493208673,1,0
9125,276498272955,1,0
9126,276503514396,0,0
9127,276509030335,0,0
9128,276514626661,1,0
9129,276519812281,1,0
9130,276524911588,1,0
9131,276529986156,1,0
9132,276535049588,1,0
9133,276540135428,0,0
9134,276545833838,1,0
9135,276550939395,1,0
9136,276556019155,0,0
9137,276561508609,1,0
9138,276566570482,1,0
9139,276571607348,0,0
9140,276576923764,1,0
9141,276582012026,0,0
9142,276587310670,1,0
9143,276592421441,1,0
9144,276597442860,1,0
9145,276602704351,0,0
9146,276608181064,0,0
9147,276613566853,1,0
9148,276618696516,1,0
9149,276624056021,0,0
9150,276629449326,0,0
9151,276634916340,1,0
9152,276639948043,1,0
9153,276644861018,0,0
9154,276650264365,0,0
9155,276655846450,1,0
9156,276660996258,1,0
9157,276666076839,1,0
9158,276671165593,1,0
9159,276676229847,0,0
9160,276681614652,0,0
9161,276687167092,0,0
9162,276692689982,1,0
9163,276697763320,0,0
9164,276703255273,1,0
9165,276708418754,1,0
9166,276713752141,1,0
9167,276718894363,0,0
9168,276724639317,1,0
9169,276730053657,1,0
9170,276735383332,0,0
9171,276741022948,0,0
9172,276746735675,1,0
9173,276752204758,0,0
9174,276757803035,1,0
9175,276763162434,0,0
9176,276768669544,0,0
9177,276774526049,0,0
9178,276780462423,1,0
9179,276785656231,0,0
9180,276791229781,0,0
9181,276796601765,0,0
9182,276802019736,1,0
9183,276807037335,1,0
9184,276812214909,1,0
9185,276817344635,0,0
9186,276822874668,0,0
9187,276828626022,1,0
9188,276833816737,0,0
9189,276839780878,1,0
9190,276845052543,1,0
9191,276851645293,1,0
9192,276856940325,1,0
9193,276861960552,1,0
9194,276867013972,0,0
9195,276872376913,1,0
9196,276877625588,1,0
9197,276882870810,1,0
9198,276888160048,1,0
9199,276893512633,0,0
9200,276899109644,1,0
9201,276904302308,1,0
9202,276909518934,0,0
9203,276915086127,1,0
9204,276920244575,1,0
9205,276925518847,0,0
9206,276931552982,0,0
9207,276937530513,1,0
9208,276942824291,1,0
9209,276948180859,0,0
9210,276953599534,1,0
9211,276959087819,0,0
9212,276964872397,0,0
9213,276970695028,1,0
9214,276975868859,1,0
9215,276981080772,0,0
9216,276986806403,1,0
9217,276992167574,0,0
9218,276997778676,1,0
9219,277003081186,1,0
9220,277008247408,0,0
9221,277014171942,0,0
9222,277019913059,0,0
9223,277025591483,1,0
9224,277030842822,0,0
9225,277036548496,1,0
9226,277041715616,1,0
9227,277046937927,1,0
9228,277052047391,1,0
9229,277057220039,0,0
9230,277062627378,0,0
9231,277068384508,0,0
9232,277073613310,1,0
9233,277078634475,0,0
9234,277083692460,0,0
9235,277088847294,1,0
9236,277093918077,1,0
9237,277099052132,1,0
9238,277104184031,0,0
9239,277109763148,1,0
9240,277114986763,0,0
9241,277120463840,1,0
9242,277125740616,1,0
9243,277130985514,0,0
9244,277136755812,0,0
9245,277146801511,1,0
9246,277151917030,0,0
9247,277157432665,0,0
9248,277162857253,0,0
9249,277168431021,0,0
9250,277173727063,0,0
9251,277178961913,0,0
9252,277184507909,0,0
9253,277189691371,1,0
9254,277194772483,0,0
9255,277200443525,0,0
9256,277205790935,1,0
9257,277210859628,0,0
9258,277216272046,0,0
9259,277221648381,1,0
9260,277226674513,1,0
9261,277231808268,0,0
9262,277237259858,1,0
9263,277242315994,1,0
9264,277247339091,0,0
9265,277253132427,1,0
9266,277258190611,1,0
9267,277263301775,0,0
9268,277268906778,1,0
9269,277274050279,1,0
9270,277279190724,1,0
9271,277284327613,0,0
9272,277289816502,0,0
9273,277295725466,0,0
9274,277301402364,0,0
9275,277307072246,0,0
9276,277312801997,1,0
9277,277317954506,1,0
9278,277323317688,1,0
9279,277328773949,1,0
9280,277333967551,1,0
9281,277339127417,0,0
9282,277344979875,0,0
9283,277350784353,0,0
9284,277356544754,0,0
9285,277362209751,0,0
9286,277367938754,1,0
9287,277373201237,0,0
9288,277378748320,1,0
9289,277383946579,1,0
9290,277389188567,0,0
9291,277395053196,1,0
9292,277400538077,0,0
9293,277406564848,0,0
9294,277412538506,1,0
9295,277417812092,1,0
9296,277422950296,1,0
9297,277428075054,1,0
9298,277433595739,1,0
9299,277438762872,1,0
9300,277443977381,0,0
9301,277449792255,1,0
9302,277454899556,1,0
9303,277460066385,0,0
9304,277465670773,0,0
9305,277471119499,1,0
9306,277476467676,0,0
9307,277481955802,0,0
9308,277487624740,1,0
9309,277492899799,1,0
9310,277497987867,1,0
9311,277502981551,1,0
9312,277508123754,0,0
9313,277513743544,1,0
9314,277518756269,1,0
9315,277524109275,1,0
9316,277528961502,0,0
9317,277534877247,0,0
9318,277540796234,1,0
9319,277545873916,1,0
9320,277550953900,1,0
9321,277556112508,1,0
9322,277561085947,0,0
9323,277566909736,0,0
9324,277572737627,0,0
9325,277580615081,0,0
9326,277585604712,1,0
9327,277592142069,0,0
9328,277597732739,1,0
9329,277602887563,0,0
9330,277608809295,1,0
9331,277614172276,0,0
9332,277619839279,0,0
9333,277625619693,1,0
9334,277630873599,0,0
9335,277636514584,1,0
9336,277641806683,0,0
9337,277647502867,0,0
9338,277652954319,0,0
9339,277658526072,0,0
9340,277664165506,1,0
9341,277669441762,0,0
9342,277675103138,1,0
9343,277680214078,0,0
9344,277685983893,1,0
9345,277691055687,0,0
9346,277696506033,0,0
9347,277702046646,0,0
9348,277707486183,1,0
9349,277712940901,0,0
9350,277718598609,0,0
9351,277724079673,0,0
9352,277729869338,1,0
9353,277735473313,1,0
9354,277740762133,0,0
9355,277746534005,1,0
9356,277751852196,0,0
9357,277757557775,1,0
9358,277762813044,1,0
9359,277767988489,1,0
9360,277773092650,0,0
9361,277778848468,1,0
9362,277783895433,0,0
9363,277789507666,0,0
9364,277795363550,1,0
9365,277800540827,0,0
9366,277806144488,0,0
9367,277811821220,1,0
9368,277817580290,1,0
9369,277822839401,1,0
9370,277828173221,0,0
9371,277833758011,0,0
9372,277839576964,0,0
9373,277845097406,0,0
9374,277851543574,1,0
9375,277856844208,0,0
9376,277862666355,1,0
9377,277867878691,1,0
9378,277872987430,1,0
9379,277878165522,0,0
9380,277884029397,0,0
9381,277889676623,0,0
9382,277895611581,0,0
9383,277901540708,0,0
9384,277906982615,1,0
9385,277912083208,0,0
9386,277918084148,0,0
9387,277923686565,0,0
9388,277929628299,0,0
9389,277935669531,0,0
9390,277941535978,0,0
9391,277947521755,1,0
9392,277952814756,0,0
9393,277958709386,0,0
9394,277964703188,0,0
9395,277970587507,1,0
9396,277975828725,1,0
9397,277981064047,1,0
9398,277986148568,1,0
9399,277991574907,1,0
9400,277996887965,0,0
9401,278003737791,0,0
9402,278009511097,0,0
9403,278015242089,0,0
9404,278020962899,0,0
9405,278026735584,0,0
9406,278032661144,1,0
9407,278037889066,0,0
9408,278043568166,1,0
9409,278048745615,0,0
9410,278054563015,1,0
9411,278059803544,1,0
9412,278065068543,1,0
9413,278070468423,0,0
9414,278076075669,0,0
9415,278081831534,0,0
9416,278087553845,1,0
9417,278092789732,1,0
9418,278097966058,1,0
9419,278103079504,0,0
9420,278108838978,1,0
9421,278114177822,0,0
9422,278119950731,1,0
9423,278125036150,1,0
9424,278130169218,0,0
9425,278135977558,1,0
9426,278141068391,0,0
9427,278146867380,1,0
9428,278152072581,1,0
9429,278157306439,1,0
9430,278162715822,0,0
9431,278168446736,1,0
9432,278173683449,0,0
9433,278179338193,0,0
9434,278185049440,1,0
9435,278190151481,1,0
9436,278195303420,1,0
9437,278200731372,1,0
9438,278205760873,1,0
9439,278211072449,0,0
9440,278216455793,0,0
9441,278222124716,1,0
9442,278227260045,1,0
9443,278232451256,1,0
9444,278237598993,1,0
9445,278242634425,1,0
9446,278247933941,1,0
9447,278252940357,1,0
9448,278258237655,1,0
9449,278263326210,0,0
9450,278269123078,0,0
9451,278274677017,0,0
9452,278280602813,1,0
9453,278285889294,0,0
9454,278291625721,1,0
9455,278296909305,1,0
9456,278302366352,0,0
9457,278307976330,0,0
9458,278313353303,1,0
9459,278318552436,0,0
9460,278324165246,1,0
9461,278329374454,1,0
9462,278334595346,1,0
9463,278339930577,1,0
9464,278344984485,0,0
9465,278350475583,0,0
9466,278356179229,0,0
9467,278361738911,0,0
9468,278367592408,1,0
9469,278372806424,0,0
9470,278378545383,0,0
9471,278384230770,1,0
9472,278389288896,0,0
9473,278394968587,1,0
9474,278399946591,0,0
9475,278405352138,1,0
9476,278410545475,0,0
9477,278416163785,0,0
9478,278421662933,0,0
9479,278427267030,1,0
9480,278432467011,0,0
9481,278438069672,0,0
9482,278443875070,0,0
9483,278449482151,0,0
9484,278455131604,1,0
9485,278460086946,1,0
9486,278465140043,1,0
9487,278470236185,1,0
9488,278475248713,0,0
9489,278481058100,1,0
9490,278485988329,1,0
9491,278491061299,0,0
9492,278496620126,0,0
9493,278502149616,1,0
9494,278507307178,0,0
9495,278512852745,1,0
9496,278518161355,0,0
9497,278523621019,1,0
9498,278528940785,1,0
9499,278533990375,0,0
9500,278539364522,0,0
9501,278544895601,1,0
9502,278549965331,1,0
9503,278554931816,0,0
9504,278560367686,1,0
9505,278565570515,0,0
9506,278571445491,1,0
9507,278576605891,0,0
9508,278582445704,1,0
9509,278587267814,1,0
9510,278592465470,1,0
9511,278597604735,1,0
9512,278602893911,0,0
9513,278608623997,0,0
9514,278614205756,0,0
9515,278619576175,0,0
9516,278625322489,1,0
9517,278630969546,1,0
9518,278636142144,1,0
9519,278641463457,0,0
9520,278647185870,0,0
9521,278652658791,1,0
9522,278657905480,0,0
9523,278663625812,1,0
9524,278668960953,1,0
9525,278674092219,0,0
9526,278679787125,0,0
9527,278685573256,1,0
9528,278690839060,0,0
9529,278696726481,1,0
9530,278702062751,0,0
9531,278707666049,0,0
9532,278713466973,1,0
9533,278718680248,0,0
9534,278724556670,0,0
9535,278730203868,0,0
9536,278736194434,1,0
9537,278741571360,1,0
9538,278746801099,0,0
9539,278752540477,0,0
9540,278758458366,1,0
9541,278763715753,0,0
9542,278769412634,1,0
9543,278774595797,0,0
9544,278780343904,1,0
9545,278785589724,1,0
9546,278790752547,0,0
9547,278796411701,1,0
9548,278801589205,0,0
9549,278807311534,1,0
9550,278812451449,0,0
9551,278818155251,0,0
9552,278823640259,0,0
9553,278829308155,0,0
9554,278834995616,1,0
9555,278840165449,0,0
9556,278845373312,1,0
9557,278850568372,1,0
9558,278855895458,0,0
9559,278861603046,0,0
9560,278867313616,1,0
9561,278872533429,1,0
9562,278877863575,0,0
9563,278883355462,1,0
9564,278888593088,1,0
9565,278893810556,0,0
9566,278899450981,0,0
9567,278905167966,0,0
9568,278910649107,0,0
9569,278916271122,1,0
9570,278921502687,0,0
9571,278927296936,0,0
9572,278933058994,1,0
9573,278938062883,0,0
9574,278943716857,1,0
9575,278949032392,1,0
9576,278954086338,0,0
9577,278960025283,1,0
9578,278965191945,0,0
9579,278970886285,1,0
9580,278976073285,1,0
9581,278981166887,1,0
9582,278986278125,1,0
9583,278991474974,0,0
9584,278997525082,1,0
9585,279002884962,0,0
9586,279008717465,0,0
9587,279014597038,1,0
9588,279019850655,1,0
9589,279024945335,0,0
9590,279030782659,0,0
9591,279036486085,1,0
9592,279041749661,0,0
9593,279047462248,1,0
9594,279052651286,1,0
9595,279058018918,0,0
9596,279063632041,1,0
9597,279068997835,0,0
9598,279074854104,1,0
9599,279079994980,0,0
9600,279085583883,1,0
9601,279090875409,0,0
9602,279096783363,0,0
9603,279102664372,1,0
9604,279107960991,0,0
9605,279113725201,1,0
9606,279118862615,0,0
9607,279124574676,0,0
9608,279130180238,1,0
9609,279135425215,1,0
9610,279140700195,0,0
9611,279146428384,0,0
9612,279152165798,1,0
9613,279157457191,1,0
9614,279162846496,0,0
9615,279168901517,0,0
9616,279174652039,1,0
9617,279180089185,0,0
9618,279185975343,0,0
9619,279191726453,0,0
9620,279197438273,0,0
9621,279203242006,0,0
9622,279209067151,1,0
9623,279214603037,1,0
9624,279219828510,0,0
9625,279225544443,1,0
9626,279230906962,1,0
9627,279236190186,1,0
9628,279241570207,1,0
9629,279246842188,1,0
9630,279252138000,0,0
9631,279257635781,1,0
9632,279262952687,0,0
9633,279268832897,1,0
9634,279274088125,1,0
9635,279279213355,0,0
9636,279285031065,0,0
9637,279290758751,1,0
9638,279295958449,0,0
9639,279301713098,1,0
9640,279306787515,0,0
9641,279312546251,1,0
9642,279318043531,0,0
9643,279323712104,0,0
9644,279329650587,0,0
9645,279335140748,0,0
9646,279340416220,0,0
9647,279345598668,1,0
9648,279350665740,1,0
9649,279355896467,0,0
9650,279361510372,0,0
9651,279367114790,1,0
9652,279372166107,1,0
9653,279377477503,0,0
9654,279383071225,1,0
9655,279388163015,0,0
9656,279393978563,0,0
9657,279400214428,0,0
9658,279406110059,0,0
9659,279411618282,0,0
9660,279417575393,0,0
9661,279423608624,1,0
9662,279428868194,0,0
9663,279434741373,0,0
9664,279440578764,1,0
9665,279445821190,0,0
9666,279451418489,0,0
9667,279457085632,0,0
9668,279462535332,1,0
9669,279467764333,1,0
9670,279472870491,0,0
9671,279478483654,0,0
9672,279484318184,1,0
9673,279489585122,0,0
9674,279495514726,1,0
9675,279500840920,0,0
9676,279506367600,1,0
9677,279511576943,1,0
9678,279516735974,1,0
9679,279521861682,1,0
9680,279527092090,1,0
9681,279531972671,1,0
9682,279537072532,0,0
9683,279543021093,0,0
9684,279548938277,1,0
9685,279554097697,1,0
9686,279559730518,1,0
9687,279564932810,1,0
9688,279570063031,0,0
9689,279575758785,1,0
9690,279580821417,0,0
9691,279586450154,1,0
9692,279591661331,1,0
9693,279596929152,0,0
9694,279602625037,0,0
9695,279608549106,1,0
9696,279613945859,0,0
9697,279619854019,0,0
9698,279625787557,0,0
9699,279631528769,0,0
9700,279637099212,1,0
9701,279642045980,1,0
9702,279647220025,1,0
9703,279652574411,0,0
9704,279658689084,1,0
9705,279663837719,1,0
9706,279668968474,1,0
9707,279674275396,0,0
9708,279679960960,0,0
9709,279685541474,1,0
9710,279690752761,0,0
9711,279696686303,1,0
9712,279701799116,0,0
9713,279707486572,0,0
9714,279713073093,1,0
9715,279718141515,1,0
9716,279723428967,1,0
9717,279728626968,0,0
9718,279734249760,0,0
9719,279740034923,0,0
9720,279745371443,0,0
9721,279751175341,1,0
9722,279756181623,0,0
9723,279762086426,0,0
9724,279767484032,0,0
9725,279773125508,0,0
9726,279778516206,0,0
9727,279784306437,1,0
9728,279789293345,0,0
9729,279794913124,1,0
9730,279800264202,1,0
9731,279805557773,0,0
9732,279811561433,1,0
9733,279816897272,1,0
9734,279822025199,0,0
9735,279827632202,0,0
9736,279833527936,1,0
9737,279838738380,1,0
9738,279843891492,0,0
9739,279849659272,1,0
9740,279854790188,0,0
9741,279860363533,1,0
9742,279865654068,0,0
9743,279871182318,1,0
9744,279876359066,1,0
9745,279881644592,1,0
9746,279886742155,0,0
9747,279892500736,1,0
9748,279897775925,0,0
9749,279903605518,0,0
9750,279909213185,1,0
9751,279914337633,0,0
9752,279920052612,0,0
9753,279925493997,0,0
9754,279931198497,1,0
9755,279936326209,0,0
9756,279942093758,0,0
9757,279947544182,1,0
9758,279952784434,0,0
9759,279958493584,0,0
9760,279964196550,1,0
9761,279969299176,1,0
9762,279974534045,0,0
9763,279980227502,0,0
9764,279986198454,0,0
9765,279991659006,1,0
9766,279996936314,0,0
9767,280002337051,0,0
9768,280008056541,0,0
9769,280013457096,0,0
9770,280019203254,0,0
9771,280024679927,1,0
9772,280029919976,1,0
9773,280034961625,1,0
9774,280039980326,0,0
9775,280045614982,1,0
9776,280050669996,1,0
9777,280055690672,0,0
9778,280061322784,1,0
9779,280066388379,1,0
9780,280071375888,0,0
9781,280077051920,0,0
9782,280082619293,0,0
9783,280088276010,1,0
9784,280093484499,0,0
9785,280099026717,0,0
9786,280104319146,1,0
9787,280109346634,0,0
9788,280114894119,0,0
9789,280120622787,1,0
9790,280125816699,1,0
9791,280130851091,1,0
9792,280135884969,0,0
9793,280141344356,1,0
9794,280146401719,1,0
9795,280151499704,0,0
9796,280156939192,1,0
9797,280162175626,0,0
9798,280167806089,1,0
9799,280172978045,1,0
9800,280178147584,0,0
9801,280184103004,1,0
9802,280189512713,0,0
9803,280195229824,0,0
9804,280200957016,1,0
9805,280206024212,1,0
9806,280211134005,0,0
9807,280216980159,0,0
9808,280222464988,1,0
9809,280227640033,1,0
9810,280232871545,1,0
9811,280237777314,0,0
9812,280243237229,1,0
9813,280248226670,0,0
9814,280253834816,0,0
9815,280259400216,0,0
9816,280265195516,1,0
9817,280270279861,1,0
9818,280275670137,1,0
9819,280280950431,0,0
9820,280286682564,0,0
9821,280292535435,1,0
9822,280297741702,1,0
9823,280302800368,1,0
9824,280307846840,1,0
9825,280312905712,1,0
9826,280318024105,0,0
9827,280323569587,1,0
9828,280328660181,1,0
9829,280334043408,1,0
9830,280338917344,0,0
9831,280344605806,0,0
9832,280350220339,1,0
9833,280355791475,1,0
9834,280360932038,1,0
9835,280366090465,0,0
9836,280371982698,0,0
9837,280377886979,1,0
9838,280383066526,0,0
9839,280388749485,1,0
9840,280393884746,0,0
9841,280399844701,0,0
9842,280405684080,1,0
9843,280410811125,1,0
9844,280415871147,0,0
9845,280421403425,1,0
9846,280426638683,1,0
9847,280431734732,1,0
9848,280436766941,0,0
9849,280442316082,1,0
9850,280447509509,1,0
9851,280452687990,1,0
9852,280457842847,0,0
9853,280463303070,0,0
9854,280468842190,1,0
9855,280473953186,0,0
9856,280479578639,0,0
9857,280485156029,0,0
9858,280490909652,1,0
9859,280496335009,0,0
9860,280501597693,0,0
9861,280507352161,0,0
9862,280513172815,0,0
9863,280518561242,0,0
9864,280524242049,0,0
9865,280530095621,0,0
9866,280535664342,0,0
9867,280541361156,1,0
9868,280546585291,1,0
9869,280551775582,1,0
9870,280556920034,1,0
9871,280562383443,1,0
9872,280567205310,1,0
9873,280572355619,0,0
9874,280578045010,1,0
9875,280583059633,1,0
9876,280588530493,0,0
9877,280594120024,1,0
9878,280599494471,1,0
9879,280605313906,0,0
9880,280611074988,0,0
9881,280616780828,1,0
9882,280622488040,1,0
9883,280627792208,1,0
9884,280633203126,0,0
9885,280639232714,1,0
9886,280644310399,0,0
9887,280649961209,1,0
9888,280655077355,0,0
9889,280660732392,1,0
9890,280666209598,1,0
9891,280671064873,0,0
9892,280676705819,0,0
9893,280682346592,0,0
9894,280688053996,1,0
9895,280693306002,0,0
9896,280699032115,1,0
9897,280704511411,0,0
9898,280710657015,0,0
9899,280716338838,0,0
9900,280721482853,1,0
9901,280726722849,0,0
9902,280732662827,0,0
9903,280738168086,0,0
9904,280743980063,0,0
9905,280749544915,1,0
9906,280754665605,1,0
9907,280760017685,1,0
9908,280765386892,0,0
9909,280771063740,1,0
9910,280776719454,1,0
9911,280782038671,1,0
9912,280787257160,1,0
9913,280792661123,0,0
9914,280798528790,1,0
9915,280803591173,0,0
9916,280809395773,0,0
9917,280815070339,1,0
9918,280820183936,0,0
9919,280825963348,0,0
9920,280831437352,0,0
9921,280837192437,0,0
9922,280842946184,0,0
9923,280848671619,0,0
9924,280854243116,1,0
9925,280859313155,0,0
9926,280865067543,0,0
9927,280870854996,0,0
9928,280876541342,1,0
9929,280881854281,1,0
9930,280887105056,0,0
9931,280892826250,1,0
9932,280898169702,0,0
9933,280903829572,1,0
9934,280908989363,0,0
9935,280914541816,0,0
9936,280920078013,1,0
9937,280925553000,1,0
9938,280930934204,1,0
9939,280936546527,1,0
9940,280941829628,0,0
9941,280947583940,1,0
9942,280952849266,1,0
9943,280958203414,0,0
9944,280964032167,1,0
9945,280969176262,0,0
9946,280974874435,0,0
9947,280980561911,0,0
9948,280986068038,0,0
9949,280992059097,1,0
9950,280997634438,0,0
9951,281003261909,0,0
9952,281008812352,0,0
9953,281014323842,0,0
9954,281020055549,0,0
9955,281025687757,0,0
9956,281031300109,1,0
9957,281036392344,1,0
9958,281041571345,0,0
9959,281047151304,1,0
9960,281052238742,0,0
9961,281058071271,1,0
9962,281063230890,0,0
9963,281068981340,0,0
9964,281074409604,0,0
9965,281080067327,1,0
9966,281085055369,0,0
9967,281090562654,1,0
9968,281095754328,1,0
9969,281100845476,1,0
9970,281105895054,0,0
9971,281111368324,1,0
9972,281116542501,0,0
9973,281122232283,0,0
9974,281128064083,0,0
9975,281133685647,1,0
9976,281138659123,0,0
9977,281144404346,1,0
9978,281149684951,1,0
9979,281154793943,1,0
9980,281160032030,1,0
9981,281165065843,1,0
9982,281170127512,1,0
9983,281175218784,1,0
9984,281180250153,1,0
9985,281185343520,1,0
9986,281190500088,0,0
9987,281196189909,0,0
9988,281201839185,0,0
9989,281207366918,1,0
9990,281212629502,0,0
9991,281218131734,1,0
9992,281223448924,0,0
9993,281229056966,0,0
9994,281234651583,1,0
9995,281239820432,0,0
9996,281245831265,1,0
9997,281251161353,1,0
9998,281256419344,1,0
9999,281261806787,1,0
10000,281267201474,1,0
