trial_id,event_start_ns,event,error
1,174130079219,0,0
2,174136194624,1,0
3,174141318642,1,0
4,174146763301,1,0
5,174151823602,1,0
6,174156938262,1,0
7,174162070571,1,0
8,174167137041,1,0
9,174172054926,0,0
10,174177543923,0,0
11,174183129850,1,0
12,174188183095,1,0
13,174193206726,1,0
14,174198266083,0,0
15,174203814750,1,0
16,174208846376,0,0
17,174214332547,0,0
18,174219888750,1,0
19,174224867172,1,0
20,174229886975,0,0
21,174235337249,0,0
22,174240846142,0,0
23,174246216878,1,0
24,174251178706,0,0
25,174256700902,0,0
26,174262190935,0,0
27,174267793820,0,0
28,174273359514,0,0
29,174278821338,1,0
30,174283985602,1,0
31,174289016900,1,0
32,174294054535,1,0
33,174299055308,0,0
34,174304335532,1,0
35,174309479869,1,0
36,174314508090,1,0
37,174319562229,0,0
38,174325071924,0,0
39,174330745728,0,0
40,174336359555,1,0
41,174341453768,1,0
42,174346593372,0,0
43,174352066272,0,0
44,174357638720,0,0
45,174363350566,1,0
46,174368596080,0,0
47,174374176855,0,0
48,174379754637,1,0
49,174384830790,0,0
50,174390368517,0,0
51,174396174202,0,0
52,174401505023,1,0
53,174406757676,1,0
54,174411830822,0,0
55,174417532433,0,0
56,174423090218,0,0
57,174428577393,0,0
58,174434331803,0,0
59,174439944563,1,0
60,174445034527,0,0
61,174450631741,0,0
62,174456245386,0,0
63,174461763320,1,0
64,174466911185,1,0
65,174472137226,1,0
66,174477236628,1,0
67,174482311558,1,0
68,174487437465,1,0
69,174492508304,1,0
70,174497667717,0,0
71,174503043963,0,0
72,174508283460,1,0
73,174513289039,0,0
74,174518585680,0,0
75,174523931933,1,0
76,174529048880,1,0
77,174534120521,0,0
78,174539571269,1,0
79,174544689502,0,0
80,174550024879,1,0
81,174555152422,0,0
82,174560843641,0,0
83,174566306664,0,0
84,174571861147,0,0
85,174577382480,0,0
86,174582964052,0,0
87,174588249182,0,0
88,174593821828,1,0
89,174598926519,0,0
90,174604477304,1,0
91,174609617021,1,0
92,174614706470,0,0
93,174620258741,0,0
94,174625803346,0,0
95,174631112222,0,0
96,174636556388,0,0
97,174642068195,1,0
98,174647168119,0,0
99,174652839502,1,0
100,174657944411,1,0
101,174663031913,1,0
102,174668140808,1,0
103,174673244296,0,0
104,174678719960,1,0
105,174683723374,1,0
106,174688711319,0,0
107,174694118490,1,0
108,174699322738,1,0
109,174704463144,1,0
110,174709602070,1,0
111,174714859963,0,0
112,174720423146,0,0
113,174726242256,0,0
114,174731759085,1,0
115,174736937099,1,0
116,174742063287,1,0
117,174747140041,0,0
118,174752814534,1,0
119,174757963869,1,0
120,174762970144,0,0
121,174768822145,0,0
122,174774408410,1,0
123,174779547288,0,0
124,174785084998,0,0
125,174790809107,0,0
126,174796300074,1,0
127,174801350241,1,0
128,174806582881,1,0
129,174811654069,0,0
130,174817406531,1,0
131,174822506722,1,0
132,174827522994,1,0
133,174832573754,1,0
134,174837873713,0,0
135,174843456579,0,0
136,174848951665,1,0
137,174854064879,0,0
138,174859558227,1,0
139,174864604378,0,0
140,174870072852,1,0
141,174875074551,1,0
142,174880225011,0,0
143,174885805270,0,0
144,174891147176,1,0
145,174896196644,0,0
146,174902031290,1,0
147,174907108715,0,0
148,174912422155,0,0
149,174917802072,0,0
150,174923451285,1,0
151,174928637848,1,0
152,174933711356,1,0
153,174938787966,1,0
154,174943960717,1,0
155,174949038049,1,0
156,174954055788,1,0
157,174959162061,1,0
158,174964223575,1,0
159,174969262057,1,0
160,174974327367,0,0
161,174979939887,1,0
162,174985071949,0,0
163,174990600451,1,0
164,174995948568,0,0
165,175001587937,1,0
166,175006951062,1,0
167,175012056376,0,0
168,175017625215,1,0
169,175022687586,1,0
170,175027784134,1,0
171,175032817855,0,0
172,175038369641,1,0
173,175043607209,1,0
174,175048607114,0,0
175,175054215479,0,0
176,175059859473,1,0
177,175064879280,1,0
178,175069967428,0,0
179,175075605005,0,0
180,175081118413,1,0
181,175086149563,1,0
182,175091188249,1,0
183,175096224851,0,0
184,175101627779,1,0
185,175106888138,0,0
186,175112262534,1,0
187,175117214130,0,0
188,175122687972,0,0
189,175128085544,0,0
190,175133800353,1,0
191,175138975839,1,0
192,175144019359,1,0
193,175149065055,0,0
194,175154705359,0,0
195,175160276581,0,0
196,175165887880,1,0
197,175170970773,0,0
198,175176504390,1,0
199,175181468817,1,0
200,175186492037,0,0
201,175192121828,0,0
202,175197700221,1,0
203,175202714992,0,0
204,175208226667,0,0
205,175213810062,0,0
206,175219422391,0,0
207,175225082000,1,0
208,175230131865,1,0
209,175235218215,0,0
210,175241023006,0,0
211,175246152922,1,0
212,175251163357,0,0
213,175256810230,1,0
214,175261731634,0,0
215,175267305669,1,0
216,175272311893,0,0
217,175277512657,0,0
218,175283068170,0,0
219,175288497498,1,0
220,175293548079,1,0
221,175298637819,0,0
222,175304305931,0,0
223,175310018176,1,0
224,175315046985,0,0
225,175320280622,0,0
226,175325604154,0,0
227,175331174733,0,0
228,175336536041,1,0
229,175341814008,0,0
230,175347284689,0,0
231,175352845647,1,0
232,175357883802,1,0
233,175362879248,0,0
234,175368295472,0,0
235,175373905892,0,0
236,175379489323,1,0
237,175384490440,0,0
238,175390081904,1,0
239,175395125295,0,0
240,175400485416,1,0
241,175405462250,0,0
242,175410907167,0,0
243,175416348730,0,0
244,175421942171,1,0
245,175426975603,1,0
246,175431977070,0,0
247,175437499259,0,0
248,175443229977,1,0
249,175448230915,0,0
250,175453875000,0,0
251,175459232400,0,0
252,175464989877,0,0
253,175470506856,0,0
254,175476248049,0,0
255,175481954030,1,0
256,175486983581,1,0
257,175492014881,0,0
258,175497482062,0,0
259,175503163486,1,0
260,175508209516,0,0
261,175513890408,1,0
262,175518919544,0,0
263,175524443721,1,0
264,175529515886,0,0
265,175535069620,0,0
266,175540733950,1,0
267,175545762850,0,0
268,175551192407,1,0
269,175556218156,0,0
270,175561739963,0,0
271,175567212230,1,0
272,175572248526,1,0
273,175577210900,1,0
274,175582216603,0,0
275,175587758284,1,0
276,175592853691,0,0
277,175598329637,1,0
278,175603526116,0,0
279,175609137370,1,0
280,175614180947,1,0
281,175619207177,1,0
282,175624203199,0,0
283,175629850160,1,0
284,175634938604,0,0
285,175640598367,1,0
286,175645893355,0,0
287,175651512050,0,0
288,175657071050,0,0
289,175662670109,0,0
290,175668337192,1,0
291,175673568797,1,0
292,175678790443,1,0
293,175684149194,1,0
294,175689321020,1,0
295,175694522975,1,0
296,175699845149,0,0
297,175705613483,0,0
298,175711283725,1,0
299,175716272575,0,0
300,175721819136,1,0
301,175726753827,1,0
302,175731769523,1,0
303,175736810527,0,0
304,175742494005,1,0
305,175747491298,1,0
306,175752561449,1,0
307,175757632187,1,0
308,175762729410,0,0
309,175768372552,1,0
310,175773552576,0,0
311,175779250579,1,0
312,175784204329,1,0
313,175789226492,0,0
314,175794761760,1,0
315,175799818878,1,0
316,175804884432,1,0
317,175809938640,1,0
318,175814985541,1,0
319,175819968321,0,0
320,175825544074,0,0
321,175831050703,1,0
322,175836041006,0,0
323,175841515882,1,0
324,175846633440,1,0
325,175851665411,0,0
326,175857475565,1,0
327,175862568829,1,0
328,175867621893,0,0
329,175873192639,0,0
330,175878850209,1,0
331,175883959092,1,0
332,175889062135,1,0
333,175894123701,1,0
334,175899245463,1,0
335,175904381654,0,0
336,175910186313,0,0
337,175915716104,0,0
338,175921290034,1,0
339,175926484106,0,0
340,175932051641,0,0
341,175937481441,0,0
342,175943025680,0,0
343,175948429529,0,0
344,175954028161,1,0
345,175959052468,0,0
346,175964543717,1,0
347,175969948566,1,0
348,175975025031,1,0
349,175980050775,1,0
350,175985238644,0,0
351,175990962203,1,0
352,175996026796,1,0
353,176001066107,0,0
354,176006756516,1,0
355,176011814691,1,0
356,176016905086,1,0
357,176021959621,0,0
358,176027282348,1,0
359,176032437843,1,0
360,176037595057,0,0
361,176043259590,0,0
362,176048972343,0,0
363,176054522901,0,0
364,176059995734,0,0
365,176065460301,0,0
366,176071333271,1,0
367,176076541994,1,0
368,176081575003,0,0
369,176087019783,1,0
370,176092029027,0,0
371,176097242506,0,0
372,176102786008,0,0
373,176108301922,0,0
374,176113943753,0,0
375,176119506429,0,0
376,176125113603,0,0
377,176130683915,0,0
378,176136433454,1,0
379,176141573698,0,0
380,176147077756,0,0
381,176152541792,0,0
382,176158075739,1,0
383,176163118316,1,0
384,176168195505,0,0
385,176173779368,1,0
386,176178834554,0,0
387,176184359703,1,0
388,176189504754,1,0
389,176194521644,0,0
390,176200119754,1,0
391,176205125321,1,0
392,176210186759,0,0
393,176215499033,1,0
394,176220589079,1,0
395,176225708959,1,0
396,176230843694,0,0
397,176236359687,1,0
398,176241467646,1,0
399,176246501334,0,0
400,176251768308,1,0
401,176256818544,1,0
402,176261911235,1,0
403,176266931853,1,0
404,176271957349,0,0
405,176277600125,1,0
406,176282707357,0,0
407,176288046842,0,0
408,176293327126,1,0
409,176298324380,0,0
410,176303659920,1,0
411,176308743027,0,0
412,176314044254,0,0
413,176319433579,0,0
414,176324815319,1,0
415,176329832062,1,0
416,176334832726,1,0
417,176339857765,1,0
418,176344892570,0,0
419,176350452163,0,0
420,176355798638,0,0
421,176361237369,0,0
422,176366707732,1,0
423,176371740547,1,0
424,176376802005,1,0
425,176381915779,1,0
426,176386914671,1,0
427,176391945866,0,0
428,176397176110,1,0
429,176402220833,1,0
430,176407260569,1,0
431,176412260572,0,0
432,176417688557,1,0
433,176422925618,0,0
434,176428494538,0,0
435,176434028518,0,0
436,176439429725,0,0
437,176444984321,1,0
438,176450037773,0,0
439,176455460157,1,0
440,176460461271,0,0
441,176465953890,0,0
442,176471433370,0,0
443,176477062244,1,0
444,176482058893,1,0
445,176487270580,1,0
446,176492213901,0,0
447,176497586209,1,0
448,176502607873,1,0
449,176507633114,1,0
450,176512665662,1,0
451,176517720105,1,0
452,176522767295,0,0
453,176528095286,0,0
454,176533483388,1,0
455,176538585628,0,0
456,176544069995,1,0
457,176549063774,0,0
458,176554545442,1,0
459,176559548828,1,0
460,176564742903,0,0
461,176570355979,1,0
462,176575512575,1,0
463,176580649363,1,0
464,176585900417,0,0
465,176591453433,1,0
466,176596602938,1,0
467,176601616679,0,0
468,176607172215,1,0
469,176612554493,1,0
470,176617618923,1,0
471,176622767770,0,0
472,176628382782,1,0
473,176633552325,0,0
474,176639134499,1,0
475,176644243931,0,0
476,176649846683,1,0
477,176654855920,0,0
478,176660349300,0,0
479,176665965684,0,0
480,176671464364,1,0
481,176676648791,1,0
482,176681709000,0,0
483,176687503053,1,0
484,176692509804,0,0
485,176698168383,1,0
486,176703387748,1,0
487,176708572117,1,0
488,176713725565,1,0
489,176718873408,0,0
490,176727280052,1,0
491,176732445643,1,0
492,176737476822,1,0
493,176742469859,1,0
494,176747449463,1,0
495,176752419518,0,0
496,176757863180,1,0
497,176763336177,0,0
498,176768833933,1,0
499,176774084052,0,0
500,176779823608,1,0
501,176785067794,1,0
502,176790240322,0,0
503,176795730631,0,0
504,176801159688,0,0
505,176806541553,1,0
506,176811715814,1,0
507,176816866772,0,0
508,176822301152,1,0
509,176827301273,0,0
510,176832590947,0,0
511,176837975428,1,0
512,176843064938,1,0
513,176848173276,1,0
514,176853316696,1,0
515,176858335983,0,0
516,176863664166,1,0
517,176868673970,0,0
518,176874149274,1,0
519,176879431666,1,0
520,176884570981,1,0
521,176889635382,0,0
522,176895066494,1,0
523,176900070962,1,0
524,176905130654,1,0
525,176910216491,1,0
526,176915398910,1,0
527,176920525566,0,0
528,176925916179,1,0
529,176931049143,0,0
530,176936744301,0,0
531,176942562659,0,0
532,176948064610,0,0
533,176953463730,1,0
534,176958563275,1,0
535,176963659945,0,0
536,176969056474,1,0
537,176974061139,1,0
538,176979309183,1,0
539,176984563224,0,0
540,176990073446,1,0
541,176995182916,0,0
542,177000883652,1,0
543,177005926519,1,0
544,177011020834,1,0
545,177016034426,0,0
546,177021197105,1,0
547,177026292374,0,0
548,177031713660,1,0
549,177036839134,1,0
550,177041982277,1,0
551,177047028995,1,0
552,177052061429,1,0
553,177057137405,1,0
554,177062278529,0,0
555,177067625599,1,0
556,177072723976,1,0
557,177077854142,0,0
558,177083171501,1,0
559,177088286411,0,0
560,177093453426,0,0
561,177098689970,1,0
562,177103757150,0,0
563,177109207580,1,0
564,177114411140,0,0
565,177119748205,0,0
566,177125119437,0,0
567,177130381173,0,0
568,177135674320,0,0
569,177141359470,0,0
570,177147352582,0,0
571,177153060780,0,0
572,177158530819,0,0
573,177164038318,1,0
574,177169312356,1,0
575,177174507572,1,0
576,177179630093,1,0
577,177184856111,0,0
578,177190343693,0,0
579,177195780853,1,0
580,177200991545,0,0
581,177206525545,1,0
582,177211662432,0,0
583,177217314120,0,0
584,177222898236,1,0
585,177227990260,0,0
586,177233510341,0,0
587,177239072234,1,0
588,177244202641,1,0
589,177249388836,1,0
590,177254560261,0,0
591,177260037807,1,0
592,177265137488,1,0
593,177270224186,0,0
594,177275560115,0,0
595,177280971707,1,0
596,177286061564,1,0
597,177291174008,0,0
598,177296577554,0,0
599,177302134490,1,0
600,177307465947,0,0
601,177312763135,0,0
602,177318171370,1,0
603,177323422314,1,0
604,177328497684,1,0
605,177333545698,1,0
606,177338588057,1,0
607,177343652368,1,0
608,177348816242,1,0
609,177353870330,0,0
610,177359428296,0,0
611,177364924944,1,0
612,177370250226,0,0
613,177375842646,0,0
614,177381548213,1,0
615,177386706463,1,0
616,177391754553,1,0
617,177396805139,0,0
618,177402430199,1,0
619,177407640068,1,0
620,177413036072,0,0
621,177418401376,0,0
622,177423926117,1,0
623,177428928064,1,0
624,177433961210,0,0
625,177439618173,0,0
626,177445216222,0,0
627,177450947293,0,0
628,177456832929,1,0
629,177461984349,1,0
630,177467035078,1,0
631,177472035332,1,0
632,177477019145,1,0
633,177482261088,1,0
634,177487436431,0,0
635,177492952398,1,0
636,177498019234,1,0
637,177503110521,0,0
638,177508644374,1,0
639,177513612903,0,0
640,177518955460,0,0
641,177524334892,1,0
642,177529453970,0,0
643,177535156003,0,0
644,177540876920,1,0
645,177545955995,0,0
646,177551422402,0,0
647,177557107003,1,0
648,177562124685,0,0
649,177567528917,0,0
650,177572933941,0,0
651,177578188530,0,0
652,177583757910,1,0
653,177588859943,1,0
654,177593927792,0,0
655,177599353042,0,0
656,177604926573,1,0
657,177609917847,0,0
658,177615290597,1,0
659,177620341369,0,0
660,177625524317,1,0
661,177630640855,0,0
662,177636086241,0,0
663,177641480671,0,0
664,177647064294,0,0
665,177652770904,1,0
666,177658038562,1,0
667,177663043133,0,0
668,177668439768,0,0
669,177674116153,1,0
670,177679413866,1,0
671,177684502128,0,0
672,177689941556,0,0
673,177695561134,0,0
674,177701144268,1,0
675,177706387511,0,0
676,177711988266,0,0
677,177717582936,0,0
678,177723196025,0,0
679,177728750109,0,0
680,177734207610,0,0
681,177739876885,0,0
682,177745526713,1,0
683,177750648168,1,0
684,177755776996,0,0
685,177761337486,1,0
686,177766490543,1,0
687,177771532553,1,0
688,177776552171,1,0
689,177781566971,0,0
690,177787197590,0,0
691,177792784558,0,0
692,177798271372,0,0
693,177803788629,0,0
694,177809443299,0,0
695,177814950816,1,0
696,177820046089,0,0
697,177825520753,1,0
698,177830551442,1,0
699,177835580505,0,0
700,177841259175,1,0
701,177846456937,1,0
702,177851533544,1,0
703,177856577866,1,0
704,177861647085,1,0
705,177866755823,0,0
706,177872239067,0,0
707,177877644118,1,0
708,177882742031,1,0
709,177887758202,1,0
710,177893053169,1,0
711,177897844504,0,0
712,177903201517,1,0
713,177908291668,0,0
714,177913870836,1,0
715,177918894207,0,0
716,177924372882,0,0
717,177929905531,1,0
718,177934927890,1,0
719,177939972458,1,0
720,177945012437,0,0
721,177950533487,0,0
722,177956132837,0,0
723,177961426070,1,0
724,177966506759,1,0
725,177971647964,0,0
726,177977160905,0,0
727,177982743152,0,0
728,177988453399,1,0
729,177993638986,1,0
730,177998754471,1,0
731,178004073513,1,0
732,178009034671,0,0
733,178014324673,0,0
734,178020044034,0,0
735,178025575483,1,0
736,178030675386,1,0
737,178035935501,1,0
738,178040932001,1,0
739,178045960147,1,0
740,178050971305,0,0
741,178056621348,0,0
742,178062046155,0,0
743,178067474666,1,0
744,178072560463,1,0
745,178077574756,1,0
746,178082588336,0,0
747,178088015474,0,0
748,178093429168,1,0
749,178098573712,0,0
750,178103959225,0,0
751,178109345053,0,0
752,178115044476,1,0
753,178120211550,1,0
754,178125275048,0,0
755,178131348169,0,0
756,178136875183,1,0
757,178142059357,0,0
758,178147697379,0,0
759,178153676333,1,0
760,178159035037,1,0
761,178164202910,1,0
762,178169703417,1,0
763,178174910087,0,0
764,178180487178,0,0
765,178185954052,0,0
766,178191478357,1,0
767,178196530160,0,0
768,178201868652,0,0
769,178207442645,1,0
770,178212477600,0,0
771,178217887115,0,0
772,178223368469,0,0
773,178228828391,1,0
774,178234066984,1,0
775,178239104841,1,0
776,178244110876,0,0
777,178249586674,0,0
778,178255011962,0,0
779,178260377647,0,0
780,178265725948,0,0
781,178271143489,0,0
782,178276387573,0,0
783,178281599226,1,0
784,178286674971,1,0
785,178291738073,0,0
786,178297146415,1,0
787,178302199105,0,0
788,178307679672,1,0
789,178312724675,0,0
790,178318198608,0,0
791,178323725644,0,0
792,178329228795,0,0
793,178334541858,0,0
794,178340125091,0,0
795,178345676045,1,0
796,178350723642,0,0
797,178356323876,0,0
798,178361932240,1,0
799,178367040454,1,0
800,178372174523,1,0
801,178377194707,1,0
802,178382200260,1,0
803,178387210560,0,0
804,178392499727,1,0
805,178397725335,0,0
806,178403273972,1,0
807,178408309126,0,0
808,178414030205,1,0
809,178419171759,1,0
810,178424263418,1,0
811,178429307472,1,0
812,178434414827,1,0
813,178439600421,0,0
814,178445160793,1,0
815,178450264517,0,0
816,178456030642,0,0
817,178461540550,0,0
818,178467217628,1,0
819,178472257797,0,0
820,178477760188,1,0
821,178482833722,1,0
822,178487850270,0,0
823,178493502385,0,0
824,178499130325,0,0
825,178504486913,1,0
826,178509489992,0,0
827,178515018294,1,0
828,178520133750,0,0
829,178525889366,0,0
830,178531250735,1,0
831,178536260891,1,0
832,178541216612,0,0
833,178546972740,1,0
834,178551969630,0,0
835,178557760794,0,0
836,178563313425,1,0
837,178568399125,0,0
838,178574033362,1,0
839,178579062238,1,0
840,178584163948,0,0
841,178589814491,1,0
842,178594959918,1,0
843,178600200771,1,0
844,178605521930,1,0
845,178610782890,1,0
846,178615897227,0,0
847,178621018822,0,0
848,178626502733,1,0
849,178631787037,0,0
850,178637017771,0,0
851,178642354527,0,0
852,178647764704,0,0
853,178653182045,1,0
854,178658218596,0,0
855,178663663956,1,0
856,178668668714,1,0
857,178673641506,0,0
858,178679033366,0,0
859,178684843258,1,0
860,178690381692,0,0
861,178696292361,1,0
862,178701450494,1,0
863,178706500997,0,0
864,178711965504,1,0
865,178717032794,0,0
866,178722660226,0,0
867,178728248366,1,0
868,178733243743,0,0
869,178738861935,1,0
870,178743974610,0,0
871,178749348235,0,0
872,178754926334,1,0
873,178759802414,1,0
874,178764777029,1,0
875,178769831185,0,0
876,178775295072,1,0
877,178780267630,1,0
878,178785208514,0,0
879,178790516091,1,0
880,178795483748,0,0
881,178800802333,0,0
882,178806118375,1,0
883,178811081872,0,0
884,178816363757,0,0
885,178821712261,0,0
886,178827118579,0,0
887,178832790273,1,0
888,178837799422,1,0
889,178842870908,1,0
890,178847907990,0,0
891,178853474280,1,0
892,178858494158,0,0
893,178863929593,1,0
894,178868997162,0,0
895,178874575057,0,0
896,178879893106,1,0
897,178884957797,0,0
898,178890554197,0,0
899,178895842993,0,0
900,178901093124,1,0
901,178906144021,1,0
902,178911124537,0,0
903,178916352617,0,0
904,178921690520,0,0
905,178926963069,0,0
906,178932455755,0,0
907,178937712047,0,0
908,178942941044,1,0
909,178948226543,1,0
910,178953425703,1,0
911,178958478589,0,0
912,178963628574,1,0
913,178968629140,1,0
914,178973647502,1,0
915,178978599154,1,0
916,178983649943,0,0
917,178989329732,0,0
918,178994722147,1,0
919,178999809026,0,0
920,179005280537,1,0
921,179010301758,0,0
922,179015739100,1,0
923,179020811067,0,0
924,179026108632,1,0
925,179031162802,1,0
926,179036167059,1,0
927,179041159857,1,0
928,179046130769,1,0
929,179051111270,1,0
930,179056136936,0,0
931,179061387303,1,0
932,179066381319,0,0
933,179071549894,1,0
934,179076562230,0,0
935,179081946148,1,0
936,179086983014,0,0
937,179092588682,0,0
938,179097939948,0,0
939,179103412488,0,0
940,179108676053,1,0
941,179113771847,1,0
942,179118899076,1,0
943,179124013410,1,0
944,179129312576,0,0
945,179134986770,0,0
946,179140671572,1,0
947,179145838896,1,0
948,179150932225,0,0
949,179156404441,0,0
950,179161969774,1,0
951,179167013087,1,0
952,179172129977,1,0
953,179177164701,0,0
954,179182546573,0,0
955,179187905233,0,0
956,179193219809,0,0
957,179198616872,1,0
958,179203815544,1,0
959,179209035067,1,0
960,179214573347,0,0
961,179220576189,1,0
962,179225810393,0,0
963,179231475982,0,0
964,179237159536,0,0
965,179242905802,1,0
966,179248137493,0,0
967,179253768408,1,0
968,179258846157,1,0
969,179263896517,0,0
970,179269328369,0,0
971,179274955302,0,0
972,179280242660,1,0
973,179285653938,1,0
974,179290909185,0,0
975,179296605455,0,0
976,179302255062,1,0
977,179307369081,1,0
978,179312602207,1,0
979,179317818002,1,0
980,179322844730,1,0
981,179327925356,1,0
982,179333017863,0,0
983,179338676311,1,0
984,179343836372,1,0
985,179349479504,0,0
986,179355512644,1,0
987,179360672687,1,0
988,179365921726,0,0
989,179371470337,1,0
990,179376671089,1,0
991,179381703082,1,0
992,179386740162,0,0
993,179392303452,1,0
994,179397401245,0,0
995,179402788823,1,0
996,179407986310,0,0
997,179413546431,0,0
998,179419145229,0,0
999,179424960765,1,0
1000,179430030940,1,0
1001,179435210446,1,0
1002,179440273502,1,0
1003,179445265042,0,0
1004,179450706917,0,0
1005,179456247660,1,0
1006,179461278310,1,0
1007,179466250328,1,0
1008,179471203004,1,0
1009,179476190603,0,0
1010,179481613193,0,0
1011,179486960141,0,0
1012,179492310951,0,0
1013,179497723637,0,0
1014,179503302977,1,0
1015,179508475696,0,0
1016,179514183441,1,0
1017,179519135071,0,0
1018,179524637484,0,0
1019,179530395200,0,0
1020,179535852734,1,0
1021,179541157384,1,0
1022,179546213822,0,0
1023,179551685645,0,0
1024,179557182557,1,0
1025,179562254561,0,0
1026,179567722855,0,0
1027,179573123662,0,0
1028,179578530039,0,0
1029,179584068305,1,0
1030,179589040800,0,0
1031,179594783356,1,0
1032,179599831394,0,0
1033,179605309721,0,0
1034,179610880152,1,0
1035,179615925965,1,0
1036,179620897098,1,0
1037,179625893566,1,0
1038,179631117886,0,0
1039,179636752532,1,0
1040,179641818583,1,0
1041,179646931458,1,0
1042,179652084181,1,0
1043,179657034052,0,0
1044,179662909865,0,0
1045,179668701752,0,0
1046,179674725401,0,0
1047,179680522366,1,0
1048,179685968182,0,0
1049,179691600994,1,0
1050,179696684007,1,0
1051,179701771000,1,0
1052,179706784114,1,0
1053,179711808545,0,0
1054,179717171601,0,0
1055,179722537887,1,0
1056,179727735492,1,0
1057,179732854977,1,0
1058,179737940461,1,0
1059,179743127413,0,0
1060,179748746687,0,0
1061,179754446811,1,0
1062,179759660101,0,0
1063,179765438908,1,0
1064,179770665864,0,0
1065,179776322651,0,0
1066,179781820700,0,0
1067,179787283983,0,0
1068,179792980298,1,0
1069,179798130196,0,0
1070,179803540923,0,0
1071,179809494491,1,0
1072,179814729076,1,0
1073,179819846855,0,0
1074,179825580533,1,0
1075,179830761099,1,0
1076,179835927983,1,0
1077,179840932444,1,0
1078,179845975952,1,0
1079,179851020623,0,0
1080,179856501435,0,0
1081,179862283652,1,0
1082,179867671513,1,0
1083,179872818141,0,0
1084,179878310004,0,0
1085,179883722284,1,0
1086,179888880175,0,0
1087,179894428718,0,0
1088,179899741095,0,0
1089,179905215443,1,0
1090,179910221274,1,0
1091,179915606276,0,0
1092,179921099328,1,0
1093,179926451870,1,0
1094,179931723456,1,0
1095,179936850771,0,0
1096,179942536826,0,0
1097,179947997069,0,0
1098,179953625254,1,0
1099,179958790537,0,0
1100,179964260153,1,0
1101,179969441515,0,0
1102,179975048729,1,0
1103,179980468208,0,0
1104,179986044072,1,0
1105,179991331123,0,0
1106,179997419591,0,0
1107,180003019741,1,0
1108,180008659284,0,0
1109,180014543439,1,0
1110,180019770911,0,0
1111,180025526919,1,0
1112,180030694040,1,0
1113,180035830936,1,0
1114,180041150024,1,0
1115,180046465507,0,0
1116,180052154362,1,0
1117,180057190661,0,0
1118,180062838355,1,0
1119,180067883887,1,0
1120,180072942959,1,0
1121,180077929358,1,0
1122,180082938312,0,0
1123,180088644279,1,0
1124,180093745040,0,0
1125,180099588959,1,0
1126,180104805541,0,0
1127,180110478689,1,0
1128,180115703303,0,0
1129,180121307647,0,0
1130,180126854314,0,0
1131,180132796987,0,0
1132,180138400620,1,0
1133,180143752410,0,0
1134,180149332315,0,0
1135,180155047615,1,0
1136,180160209973,1,0
1137,180165429528,1,0
1138,180170509601,0,0
1139,180176053397,0,0
1140,180181219378,1,0
1141,180186402461,1,0
1142,180191584945,1,0
1143,180196694267,1,0
1144,180201774213,0,0
1145,180207478833,1,0
1146,180212568791,0,0
1147,180217916665,1,0
1148,180222911311,1,0
1149,180227948306,1,0
1150,180233033732,1,0
1151,180238039540,1,0
1152,180243310789,1,0
1153,180248684307,1,0
1154,180253856161,1,0
1155,180258912477,0,0
1156,180264485157,0,0
1157,180270019704,1,0
1158,180275054706,1,0
1159,180280250482,0,0
1160,180285839560,1,0
1161,180290913366,1,0
1162,180295931237,0,0
1163,180301703569,1,0
1164,180306777520,1,0
1165,180311818206,0,0
1166,180317295743,1,0
1167,180322495240,1,0
1168,180327649535,1,0
1169,180332797426,0,0
1170,180338441907,1,0
1171,180343633890,1,0
1172,180349088752,1,0
1173,180354072431,1,0
1174,180359175004,0,0
1175,180364926690,0,0
1176,180370405503,1,0
1177,180375565579,0,0
1178,180381223607,1,0
1179,180386285920,0,0
1180,180391958007,0,0
1181,180397437172,1,0
1182,180402598055,0,0
1183,180408242489,1,0
1184,180413297646,0,0
1185,180418982554,1,0
1186,180423954722,0,0
1187,180429343119,1,0
1188,180434498528,0,0
1189,180440124015,1,0
1190,180445070741,0,0
1191,180450653768,1,0
1192,180455983074,0,0
1193,180461486916,1,0
1194,180466685524,0,0
1195,180472305456,1,0
1196,180477479446,0,0
1197,180483189663,1,0
1198,180488103262,1,0
1199,180493203874,1,0
1200,180498295788,1,0
1201,180503415522,1,0
1202,180508670486,1,0
1203,180513867396,0,0
1204,180519363748,0,0
1205,180524967819,1,0
1206,180529996008,0,0
1207,180535404397,1,0
1208,180540447321,0,0
1209,180546078557,1,0
1210,180551447398,0,0
1211,180556982645,0,0
1212,180562353788,0,0
1213,180567699353,0,0
1214,180573472173,0,0
1215,180579063871,1,0
1216,180584079647,0,0
1217,180589846623,0,0
1218,180595675306,1,0
1219,180600872206,0,0
1220,180606575970,0,0
1221,180612130236,1,0
1222,180617524163,0,0
1223,180623076507,0,0
1224,180628895902,1,0
1225,180633989090,1,0
1226,180639151135,0,0
1227,180644484877,1,0
1228,180649685204,0,0
1229,180655511088,1,0
1230,180660831968,0,0
1231,180666556363,0,0
1232,180672122261,0,0
1233,180677564887,0,0
1234,180683012266,0,0
1235,180688339440,1,0
1236,180693482644,0,0
1237,180699166517,0,0
1238,180705071416,0,0
1239,180710444034,0,0
1240,180715969074,0,0
1241,180721739732,0,0
1242,180727607510,1,0
1243,180732850052,1,0
1244,180738151446,1,0
1245,180743321211,0,0
1246,180748596409,0,0
1247,180754016991,0,0
1248,180759471626,0,0
1249,180765091286,0,0
1250,180770795233,1,0
1251,180775955976,0,0
1252,180781446268,1,0
1253,180786628874,0,0
1254,180792353688,0,0
1255,180797933721,0,0
1256,180803760085,1,0
1257,180809076817,0,0
1258,180814932152,1,0
1259,180819951075,0,0
1260,180825572243,0,0
1261,180831167303,0,0
1262,180836929138,0,0
1263,180842655299,1,0
1264,180847871654,0,0
1265,180853478084,0,0
1266,180859080698,1,0
1267,180864518638,1,0
1268,180869858296,1,0
1269,180875144052,1,0
1270,180880350641,0,0
1271,180885983609,1,0
1272,180891027780,0,0
1273,180896721117,1,0
1274,180902029653,1,0
1275,180907119753,0,0
1276,180912808487,0,0
1277,180918510664,1,0
1278,180923759247,1,0
1279,180928873932,0,0
1280,180934523575,1,0
1281,180939795904,1,0
1282,180945018454,0,0
1283,180950538821,1,0
1284,180955683874,0,0
1285,180961338760,1,0
1286,180966589442,0,0
1287,180972351523,0,0
1288,180977852198,0,0
1289,180983316291,1,0
1290,180988339512,0,0
1291,180993757014,0,0
1292,180999129738,1,0
1293,181004450425,0,0
1294,181010097456,1,0
1295,181015042334,1,0
1296,181020079951,1,0
1297,181025152087,1,0
1298,181030565478,0,0
1299,181036538973,0,0
1300,181042196571,1,0
1301,181047249908,0,0
1302,181052746327,0,0
1303,181058270267,1,0
1304,181063229695,0,0
1305,181068750490,0,0
1306,181074058486,0,0
1307,181079616555,1,0
1308,181084632751,1,0
1309,181089677946,1,0
1310,181094720622,1,0
1311,181099873861,1,0
1312,181105020202,0,0
1313,181110121667,1,0
1314,181115388838,1,0
1315,181120492879,0,0
1316,181125912065,1,0
1317,181130868292,0,0
1318,181136212508,1,0
1319,181141313744,0,0
1320,181146944820,1,0
1321,181152022572,0,0
1322,181157783639,1,0
1323,181162964774,1,0
1324,181168123820,0,0
1325,181173442501,0,0
1326,181178993822,1,0
1327,181184088880,0,0
1328,181189622379,0,0
1329,181195041532,0,0
1330,181200416958,0,0
1331,181206040070,0,0
1332,181212942972,0,0
1333,181218567761,0,0
1334,181224139659,1,0
1335,181229259774,0,0
1336,181235064376,0,0
1337,181240574843,1,0
1338,181245844625,0,0
1339,181251502123,1,0
1340,181256782675,1,0
1341,181261877716,0,0
1342,181267550503,1,0
1343,181272831524,0,0
1344,181278555254,1,0
1345,181283773000,1,0
1346,181289028496,1,0
1347,181294144311,1,0
1348,181299391326,0,0
1349,181305023187,1,0
1350,181310440770,1,0
1351,181315687464,1,0
1352,181320879872,1,0
1353,181325913218,0,0
1354,181331243554,1,0
1355,181336304539,0,0
1356,181341613058,0,0
1357,181347026939,1,0
1358,181352122010,1,0
1359,181357202167,0,0
1360,181362772739,0,0
1361,181368317898,1,0
1362,181373371774,0,0
1363,181378805384,0,0
1364,181384145647,1,0
1365,181389392399,1,0
1366,181394721805,0,0
1367,181400563531,0,0
1368,181406119980,0,0
1369,181411571428,0,0
1370,181416776330,0,0
1371,181422248822,1,0
1372,181427409186,0,0
1373,181432980704,0,0
1374,181438376515,0,0
1375,181443989057,0,0
1376,181449510493,1,0
1377,181454917310,1,0
1378,181460074402,0,0
1379,181465456480,1,0
1380,181470899211,1,0
1381,181476078125,1,0
1382,181481414311,1,0
1383,181486615380,0,0
1384,181492232139,1,0
1385,181497241602,0,0
1386,181502985555,1,0
1387,181507993532,0,0
1388,181513240010,0,0
1389,181518646036,0,0
1390,181523858753,1,0
1391,181528818336,1,0
1392,181533823951,1,0
1393,181538776248,0,0
1394,181544277677,1,0
1395,181549295928,1,0
1396,181554625521,1,0
1397,181559745422,0,0
1398,181565421409,1,0
1399,181570572500,1,0
1400,181575539072,0,0
1401,181580964281,1,0
1402,181586044908,1,0
1403,181591044343,1,0
1404,181596036442,0,0
1405,181601404921,1,0
1406,181606364865,0,0
1407,181611651631,1,0
1408,181616700460,1,0
1409,181621743964,0,0
1410,181627156134,1,0
1411,181632213328,0,0
1412,181637826570,0,0
1413,181644057712,0,0
1414,181650765574,1,0
1415,181656153598,1,0
1416,181661484927,0,0
1417,181667041852,0,0
1418,181672591728,1,0
1419,181677965968,1,0
1420,181683155770,1,0
1421,181688342457,1,0
1422,181693632635,1,0
1423,181698993202,0,0
1424,181704368731,1,0
1425,181709484664,1,0
1426,181714593314,0,0
1427,181719980949,0,0
1428,181725577555,0,0
1429,181731159098,0,0
1430,181736554631,1,0
1431,181741578804,1,0
1432,181746553520,0,0
1433,181752051802,1,0
1434,181757042968,0,0
1435,181762611957,1,0
1436,181767614648,0,0
1437,181773029617,0,0
1438,181778630921,0,0
1439,181783847071,0,0
1440,181789236172,0,0
1441,181794728624,0,0
1442,181800199681,1,0
1443,181805192610,0,0
1444,181810699013,1,0
1445,181815678174,0,0
1446,181821049457,1,0
1447,181826098946,0,0
1448,181831623166,1,0
1449,181836637892,1,0
1450,181841638082,0,0
1451,181847043107,1,0
1452,181852055862,0,0
1453,181857594112,1,0
1454,181862605983,0,0
1455,181867948365,0,0
1456,181873284881,1,0
1457,181878259747,1,0
1458,181883191703,0,0
1459,181888567405,0,0
1460,181894048840,0,0
1461,181899398558,1,0
1462,181904404425,1,0
1463,181909399780,1,0
1464,181914399633,0,0
1465,181919801025,0,0
1466,181925261133,1,0
1467,181930208730,1,0
1468,181935287087,1,0
1469,181940362503,1,0
1470,181945449527,0,0
1471,181950892019,1,0
1472,181955912485,1,0
1473,181960919586,0,0
1474,181966326656,0,0
1475,181971873561,1,0
1476,181976912245,1,0
1477,181982009759,1,0
1478,181987024675,1,0
1479,181992043323,0,0
1480,181997736699,0,0
1481,182003187797,0,0
1482,182008764029,1,0
1483,182013790605,1,0
1484,182018840899,0,0
1485,182024187738,0,0
1486,182029644941,0,0
1487,182035047251,1,0
1488,182040020087,1,0
1489,182045388492,0,0
1490,182051059410,0,0
1491,182056577635,0,0
1492,182062201372,0,0
1493,182067873999,0,0
1494,182073361398,0,0
1495,182078972215,0,0
1496,182084401028,0,0
1497,182089696113,1,0
1498,182094723457,0,0
1499,182100256279,1,0
1500,182105220263,1,0
1501,182110301109,1,0
1502,182115423074,0,0
1503,182121324855,1,0
1504,182126192796,0,0
1505,182131736423,1,0
1506,182136858676,0,0
1507,182142431215,1,0
1508,182147650063,0,0
1509,182152990381,0,0
1510,182158408425,1,0
1511,182163442382,0,0
1512,182168852559,0,0
1513,182174214986,1,0
1514,182179205703,1,0
1515,182184189703,1,0
1516,182189181931,0,0
1517,182194737377,0,0
1518,182200011346,1,0
1519,182205022322,0,0
1520,182210319360,1,0
1521,182215303081,0,0
1522,182220864584,1,0
1523,182225878463,0,0
1524,182231226173,0,0
1525,182236684418,1,0
1526,182241655075,0,0
1527,182246949193,1,0
1528,182251928792,0,0
1529,182257364208,0,0
1530,182262856608,1,0
1531,182267946439,1,0
1532,182273047473,0,0
1533,182278427964,1,0
1534,182283507387,1,0
1535,182288495709,0,0
1536,182293875593,1,0
1537,182298908975,0,0
1538,182304223320,1,0
1539,182309231677,0,0
1540,182314376583,1,0
1541,182319411296,1,0
1542,182324390375,1,0
1543,182329533841,0,0
1544,182334702561,1,0
1545,182339705466,1,0
1546,182344692109,1,0
1547,182349702801,1,0
1548,182354729079,1,0
1549,182359732392,1,0
1550,182364760494,0,0
1551,182370162962,0,0
1552,182375613098,0,0
1553,182381000492,0,0
1554,182386403155,1,0
1555,182391445117,0,0
1556,182396896375,1,0
1557,182401890112,1,0
1558,182406943918,1,0
1559,182411998583,0,0
1560,182417466603,1,0
1561,182422484395,0,0
1562,182427989465,0,0
1563,182433593047,1,0
1564,182438786809,1,0
1565,182443820943,0,0
1566,182449411112,0,0
1567,182455040705,0,0
1568,182460874428,1,0
1569,182466085984,0,0
1570,182471441438,1,0
1571,182476645383,0,0
1572,182482074119,1,0
1573,182487340867,0,0
1574,182492996571,0,0
1575,182498457694,1,0
1576,182503710224,1,0
1577,182508787908,1,0
1578,182513893304,1,0
1579,182518920857,1,0
1580,182523967577,0,0
1581,182529645347,0,0
1582,182535282807,0,0
1583,182540942293,0,0
1584,182546321385,0,0
1585,182551969534,1,0
1586,182557025873,0,0
1587,182562564178,1,0
1588,182567665023,0,0
1589,182573442806,0,0
1590,182578885751,0,0
1591,182584318943,0,0
1592,182589852737,1,0
1593,182594916633,1,0
1594,182599962374,1,0
1595,182605045862,1,0
1596,182610058106,0,0
1597,182615626859,1,0
1598,182620698162,1,0
1599,182625808560,1,0
1600,182630829381,1,0
1601,182635863574,0,0
1602,182641367627,1,0
1603,182646578317,1,0
1604,182651881972,0,0
1605,182657806157,1,0
1606,182662924045,0,0
1607,182668485361,0,0
1608,182674442188,1,0
1609,182679943898,0,0
1610,182685296841,0,0
1611,182690990933,1,0
1612,182696068285,1,0
1613,182701145070,1,0
1614,182706277174,1,0
1615,182711304491,1,0
1616,182716440742,1,0
1617,182721759465,1,0
1618,182726904853,1,0
1619,182731920393,0,0
1620,182737529154,1,0
1621,182742768030,0,0
1622,182748689136,0,0
1623,182754368211,1,0
1624,182759769551,1,0
1625,182764834382,0,0
1626,182770652260,0,0
1627,182776450124,1,0
1628,182781822378,1,0
1629,182786916061,1,0
1630,182792148557,0,0
1631,182797688809,0,0
1632,182803141634,1,0
1633,182808253778,0,0
1634,182813827889,0,0
1635,182819722082,1,0
1636,182824767500,1,0
1637,182829739534,1,0
1638,182834873297,0,0
1639,182840375272,1,0
1640,182845478498,1,0
1641,182850853081,1,0
1642,182855932809,0,0
1643,182861723195,1,0
1644,182866842124,1,0
1645,182871941446,1,0
1646,182877117372,0,0
1647,182882773466,1,0
1648,182887783024,0,0
1649,182893272108,0,0
1650,182898620679,1,0
1651,182903706670,1,0
1652,182909023776,1,0
1653,182914046038,0,0
1654,182919547300,1,0
1655,182924595328,0,0
1656,182930111338,1,0
1657,182935132733,0,0
1658,182940728409,0,0
1659,182946204363,1,0
1660,182951235230,1,0
1661,182956189157,0,0
1662,182961712267,0,0
1663,182967043559,1,0
1664,182972055091,0,0
1665,182977725279,0,0
1666,182983198147,0,0
1667,182988867194,1,0
1668,182993925703,0,0
1669,182999498528,0,0
1670,183004905816,1,0
1671,183010072074,0,0
1672,183015964541,0,0
1673,183021716442,0,0
1674,183027437278,1,0
1675,183032697166,1,0
1676,183037853483,0,0
1677,183043293993,0,0
1678,183048942944,1,0
1679,183054130259,1,0
1680,183059241799,1,0
1681,183064434266,1,0
1682,183069774290,1,0
1683,183074848787,0,0
1684,183080341026,1,0
1685,183085647743,0,0
1686,183090990596,1,0
1687,183096016949,1,0
1688,183101037016,0,0
1689,183106900493,1,0
1690,183111970140,0,0
1691,183117440154,0,0
1692,183123023445,0,0
1693,183128914883,1,0
1694,183134022593,1,0
1695,183139060240,0,0
1696,183144294222,1,0
1697,183149310979,0,0
1698,183155079305,0,0
1699,183160736285,0,0
1700,183166257406,1,0
1701,183171544683,1,0
1702,183176710244,1,0
1703,183181823977,1,0
1704,183186919545,1,0
1705,183191986821,1,0
1706,183197088446,1,0
1707,183202144704,0,0
1708,183207564316,0,0
1709,183213248846,0,0
1710,183218719923,1,0
1711,183223897711,0,0
1712,183229503935,0,0
1713,183235323956,0,0
1714,183240733724,1,0
1715,183246038470,0,0
1716,183251542511,1,0
1717,183256632771,0,0
1718,183262371711,0,0
1719,183267873124,0,0
1720,183273226665,0,0
1721,183278897071,0,0
1722,183284457868,0,0
1723,183289903879,1,0
1724,183295259573,0,0
1725,183300837209,0,0
1726,183306346828,1,0
1727,183311963506,0,0
1728,183317333277,0,0
1729,183323056407,1,0
1730,183328109522,0,0
1731,183333552547,0,0
1732,183339036730,1,0
1733,183344014310,0,0
1734,183349171628,0,0
1735,183354607789,1,0
1736,183359540799,0,0
1737,183365016725,0,0
1738,183370380718,0,0
1739,183375810100,0,0
1740,183381232794,0,0
1741,183387020519,1,0
1742,183392084633,1,0
1743,183397166680,1,0
1744,183402288632,1,0
1745,183407413608,0,0
1746,183412968672,1,0
1747,183417976217,1,0
1748,183422973329,1,0
1749,183428020100,1,0
1750,183433055878,0,0
1751,183438611604,1,0
1752,183443676643,0,0
1753,183449176829,1,0
1754,183454281477,0,0
1755,183459345877,1,0
1756,183464465269,1,0
1757,183469456582,1,0
1758,183474577251,0,0
1759,183480346860,0,0
1760,183486063812,1,0
1761,183491060406,0,0
1762,183496740759,1,0
1763,183501921822,1,0
1764,183507097333,0,0
1765,183512701166,1,0
1766,183517725738,0,0
1767,183523337071,1,0
1768,183528350490,1,0
1769,183533355650,0,0
1770,183538795423,1,0
1771,183543836017,0,0
1772,183549339034,0,0
1773,183555060946,1,0
1774,183560059819,1,0
1775,183565052959,1,0
1776,183570243647,0,0
1777,183575821960,0,0
1778,183581419130,0,0
1779,183587089732,0,0
1780,183592560492,1,0
1781,183598034786,0,0
1782,183603696702,1,0
1783,183608986378,0,0
1784,183614933353,0,0
1785,183620631759,1,0
1786,183625575317,0,0
1787,183631128059,1,0
1788,183636136137,1,0
1789,183641141034,1,0
1790,183646176372,0,0
1791,183651932536,0,0
1792,183657538914,1,0
1793,183662761838,0,0
1794,183668155498,1,0
1795,183673121181,1,0
1796,183678270556,0,0
1797,183683958797,1,0
1798,183689062731,0,0
1799,183694508139,1,0
1800,183699729574,0,0
1801,183705368506,1,0
1802,183710699499,0,0
1803,183716366510,0,0
1804,183721841801,0,0
1805,183727056785,0,0
1806,183732795763,1,0
1807,183738141212,0,0
1808,183743604524,1,0
1809,183748844787,0,0
1810,183754398054,1,0
1811,183759530034,1,0
1812,183764650480,1,0
1813,183769862230,0,0
1814,183775447814,0,0
1815,183781206349,0,0
1816,183786908235,0,0
1817,183792519829,0,0
1818,183798062050,0,0
1819,183803696735,1,0
1820,183808808095,0,0
1821,183814698836,0,0
1822,183820322570,0,0
1823,183825920472,0,0
1824,183831470600,1,0
1825,183836635573,0,0
1826,183842165889,0,0
1827,183847837898,1,0
1828,183852952574,0,0
1829,183858369962,0,0
1830,183863920246,1,0
1831,183869068107,0,0
1832,183874416478,0,0
1833,183880233638,0,0
1834,183885629611,0,0
1835,183891396828,0,0
1836,183896954825,0,0
1837,183902544996,0,0
1838,183908225562,0,0
1839,183913787272,1,0
1840,183918978185,0,0
1841,183924557002,0,0
1842,183930079555,0,0
1843,183935621342,0,0
1844,183941277079,1,0
1845,183946341015,0,0
1846,183951816444,0,0
1847,183957358782,1,0
1848,183962516340,0,0
1849,183968236988,0,0
1850,183973792162,0,0
1851,183979468320,1,0
1852,183984496747,0,0
1853,183990031346,0,0
1854,183995584970,1,0
1855,184000642053,1,0
1856,184005719141,0,0
1857,184010995880,0,0
1858,184016693177,0,0
1859,184022293298,1,0
1860,184027421776,1,0
1861,184032919927,0,0
1862,184038622173,0,0
1863,184044072244,1,0
1864,184049121741,1,0
1865,184054180684,1,0
1866,184059216731,0,0
1867,184064821447,1,0
1868,184069842336,1,0
1869,184074825800,0,0
1870,184080138881,0,0
1871,184085525646,0,0
1872,184090846313,0,0
1873,184096237288,1,0
1874,184101214878,1,0
1875,184106268070,0,0
1876,184111524529,0,0
1877,184117021537,0,0
1878,184122550756,0,0
1879,184128255444,0,0
1880,184133984792,1,0
1881,184139058971,1,0
1882,184144145349,0,0
1883,184149842824,1,0
1884,184155257898,0,0
1885,184160969726,0,0
1886,184166844281,0,0
1887,184172503986,0,0
1888,184178478010,1,0
1889,184183575160,1,0
1890,184188709463,1,0
1891,184193995992,1,0
1892,184199162872,1,0
1893,184204299928,1,0
1894,184209351129,0,0
1895,184214937756,1,0
1896,184220077409,1,0
1897,184225204819,1,0
1898,184230306051,1,0
1899,184235673561,0,0
1900,184241072839,1,0
1901,184246156892,1,0
1902,184251167019,0,0
1903,184256687735,0,0
1904,184262177076,0,0
1905,184267841502,0,0
1906,184273372032,1,0
1907,184278484996,1,0
1908,184283630034,0,0
1909,184289123718,0,0
1910,184294245991,1,0
1911,184299188801,1,0
1912,184304130007,1,0
1913,184309176049,0,0
1914,184314775974,0,0
1915,184320277857,1,0
1916,184325341912,1,0
1917,184330515920,1,0
1918,184335783203,1,0
1919,184340935756,1,0
1920,184346077324,1,0
1921,184351177300,1,0
1922,184356283675,1,0
1923,184361437472,0,0
1924,184367021780,1,0
1925,184372041415,0,0
1926,184377349135,0,0
1927,184382749632,1,0
1928,184387822177,1,0
1929,184392899734,0,0
1930,184398238477,0,0
1931,184403486410,0,0
1932,184408961885,0,0
1933,184414229321,0,0
1934,184419644405,0,0
1935,184425070032,1,0
1936,184430110673,0,0
1937,184435500781,0,0
1938,184440972088,0,0
1939,184446468932,1,0
1940,184451592798,0,0
1941,184457057603,1,0
1942,184462119937,1,0
1943,184467284612,1,0
1944,184472319940,0,0
1945,184477679332,0,0
1946,184483199516,1,0
1947,184488333294,0,0
1948,184493713514,0,0
1949,184499228057,1,0
1950,184504320106,0,0
1951,184509872448,1,0
1952,184514878209,1,0
1953,184519911959,1,0
1954,184524945132,0,0
1955,184530282416,1,0
1956,184535262302,0,0
1957,184540606195,0,0
1958,184546130020,1,0
1959,184551215778,1,0
1960,184556339818,1,0
1961,184561452501,0,0
1962,184566871538,1,0
1963,184571955545,1,0
1964,184577061782,0,0
1965,184582513159,0,0
1966,184587900846,1,0
1967,184592921371,1,0
1968,184597917052,1,0
1969,184602952446,1,0
1970,184607978426,0,0
1971,184613449449,0,0
1972,184619250815,1,0
1973,184624310300,1,0
1974,184629292903,1,0
1975,184634283482,1,0
1976,184639255786,0,0
1977,184644604207,0,0
1978,184649941041,0,0
1979,184655220809,0,0
1980,184660674240,0,0
1981,184666045713,0,0
1982,184671193256,0,0
1983,184676550102,0,0
1984,184681941762,1,0
1985,184687095355,0,0
1986,184692390537,1,0
1987,184697398966,1,0
1988,184702446136,0,0
1989,184708130924,1,0
1990,184713210179,0,0
1991,184718476418,0,0
1992,184723739775,0,0
1993,184728822545,0,0
1994,184734024422,1,0
1995,184739050504,0,0
1996,184744280790,0,0
1997,184749873924,0,0
1998,184755465979,1,0
1999,184760758283,0,0
2000,184766553420,1,0
2001,184771637569,1,0
2002,184776744799,1,0
2003,184781836751,1,0
2004,184786994993,0,0
2005,184792913454,1,0
2006,184797980178,0,0
2007,184803490170,1,0
2008,184808487625,1,0
2009,184813484663,1,0
2010,184818513323,0,0
2011,184824189337,1,0
2012,184829293938,0,0
2013,184834753563,1,0
2014,184839989301,1,0
2015,184845365325,0,0
2016,184851085960,1,0
2017,184856174010,1,0
2018,184861308405,1,0
2019,184866512208,0,0
2020,184872112988,0,0
2021,184877667805,0,0
2022,184883142878,0,0
2023,184888618261,1,0
2024,184893742770,0,0
2025,184899342632,1,0
2026,184904510687,1,0
2027,184909560421,1,0
2028,184914609566,0,0
2029,184920243406,0,0
2030,184925646532,0,0
2031,184931268276,0,0
2032,184936724123,1,0
2033,184941831240,1,0
2034,184946919191,1,0
2035,184951974188,0,0
2036,184957437807,0,0
2037,184962954449,1,0
2038,184968044022,1,0
2039,184973013892,0,0
2040,184978521652,0,0
2041,184984058481,1,0
2042,184989182784,1,0
2043,184994274129,1,0
2044,184999311771,1,0
2045,185004531302,0,0
2046,185010381746,0,0
2047,185016434641,0,0
2048,185022169846,0,0
2049,185028072879,1,0
2050,185033355310,0,0
2051,185039015345,1,0
2052,185044018165,0,0
2053,185049413774,0,0
2054,185054827002,0,0
2055,185060336005,1,0
2056,185065472944,1,0
2057,185070524683,0,0
2058,185076116964,1,0
2059,185081201528,0,0
2060,185086882307,0,0
2061,185092338088,0,0
2062,185097855614,0,0
2063,185103412724,1,0
2064,185108428362,1,0
2065,185113421665,0,0
2066,185119062567,0,0
2067,185125061146,1,0
2068,185130078165,1,0
2069,185135213311,0,0
2070,185140855350,1,0
2071,185146054165,0,0
2072,185152037793,0,0
2073,185157609309,0,0
2074,185163377074,0,0
2075,185169153671,1,0
2076,185174168320,1,0
2077,185179243467,1,0
2078,185184258203,1,0
2079,185189528590,1,0
2080,185194552356,1,0
2081,185199574375,0,0
2082,185204984287,0,0
2083,185210406176,0,0
2084,185216124552,0,0
2085,185221828915,1,0
2086,185226839765,1,0
2087,185232048268,1,0
2088,185237101913,1,0
2089,185242197495,1,0
2090,185247297170,1,0
2091,185252288646,0,0
2092,185257571382,0,0
2093,185263052520,1,0
2094,185268116676,0,0
2095,185273672288,0,0
2096,185279197948,0,0
2097,185284635780,1,0
2098,185289907999,0,0
2099,185295333888,1,0
2100,185300556043,0,0
2101,185306048836,1,0
2102,185311059777,0,0
2103,185316805798,1,0
2104,185321878235,0,0
2105,185327328008,0,0
2106,185332981892,0,0
2107,185338491639,1,0
2108,185343599460,0,0
2109,185349182140,1,0
2110,185354210878,0,0
2111,185360071655,0,0
2112,185365938546,0,0
2113,185371462819,1,0
2114,185376581918,0,0
2115,185382138094,1,0
2116,185387150892,1,0
2117,185392162505,0,0
2118,185397788470,0,0
2119,185403206123,1,0
2120,185408225217,0,0
2121,185413720341,0,0
2122,185419208551,0,0
2123,185424648046,1,0
2124,185429757890,1,0
2125,185434773550,0,0
2126,185440223999,0,0
2127,185445637555,1,0
2128,185450661592,1,0
2129,185455724099,0,0
2130,185461275502,1,0
2131,185466221595,0,0
2132,185472257940,1,0
2133,185477290666,1,0
2134,185482452598,0,0
2135,185487922012,1,0
2136,185492958466,0,0
2137,185498523841,0,0
2138,185504127662,0,0
2139,185509746355,1,0
2140,185514831240,1,0
2141,185519837455,0,0
2142,185525271855,1,0
2143,185530278021,0,0
2144,185536160044,0,0
2145,185541643378,1,0
2146,185546686728,0,0
2147,185552232168,0,0
2148,185557592347,1,0
2149,185562663406,1,0
2150,185567675720,0,0
2151,185573336565,1,0
2152,185578538218,1,0
2153,185584021946,1,0
2154,185589056921,1,0
2155,185594055967,1,0
2156,185599045504,0,0
2157,185604547657,0,0
2158,185610014994,0,0
2159,185615265173,1,0
2160,185620212147,1,0
2161,185625441775,1,0
2162,185630356469,0,0
2163,185635796986,0,0
2164,185641090544,1,0
2165,185646212327,0,0
2166,185651572952,0,0
2167,185657050282,1,0
2168,185662121882,1,0
2169,185667248787,1,0
2170,185672322433,1,0
2171,185677324697,1,0
2172,185682394727,0,0
2173,185688073142,0,0
2174,185693581339,0,0
2175,185699036309,1,0
2176,185704054454,1,0
2177,185709060336,1,0
2178,185714163325,1,0
2179,185719187564,1,0
2180,185724211697,1,0
2181,185729235705,0,0
2182,185734666614,0,0
2183,185740208957,0,0
2184,185745592048,1,0
2185,185750683914,0,0
2186,185756156967,0,0
2187,185761682328,1,0
2188,185766775393,0,0
2189,185772196469,0,0
2190,185777534190,1,0
2191,185782581422,0,0
2192,185788143137,1,0
2193,185793247640,0,0
2194,185799174749,0,0
2195,185805063640,0,0
2196,185810490432,1,0
2197,185815511163,1,0
2198,185820516891,0,0
2199,185826136428,0,0
2200,185831634466,1,0
2201,185836837760,1,0
2202,185841738839,1,0
2203,185846768128,1,0
2204,185851818147,0,0
2205,185857357208,1,0
2206,185862566166,0,0
2207,185868202035,1,0
2208,185873252179,1,0
2209,185878417599,1,0
2210,185883585228,1,0
2211,185888628088,0,0
2212,185894161893,0,0
2213,185899779664,1,0
2214,185904839249,0,0
2215,185910437869,0,0
2216,185915918084,0,0
2217,185921547802,1,0
2218,185926616236,1,0
2219,185931598833,1,0
2220,185936614114,0,0
2221,185942326352,1,0
2222,185947442788,0,0
2223,185953464963,0,0
2224,185959031202,1,0
2225,185964038136,0,0
2226,185969558054,1,0
2227,185974551366,1,0
2228,185979856443,0,0
2229,185985614833,1,0
2230,185990631932,1,0
2231,185995715539,0,0
2232,186001049163,0,0
2233,186006313932,0,0
2234,186011736983,1,0
2235,186016812801,0,0
2236,186022203499,1,0
2237,186027251891,0,0
2238,186032730404,0,0
2239,186038233902,1,0
2240,186043203087,1,0
2241,186048234034,0,0
2242,186053606241,1,0
2243,186058634944,1,0
2244,186063707191,1,0
2245,186068762263,1,0
2246,186073839118,1,0
2247,186078878459,1,0
2248,186083860865,0,0
2249,186089276672,0,0
2250,186094935833,0,0
2251,186101042608,0,0
2252,186106414287,0,0
2253,186112067148,0,0
2254,186117589829,1,0
2255,186122681631,1,0
2256,186127770736,0,0
2257,186133605858,0,0
2258,186139408741,1,0
2259,186144595711,1,0
2260,186149642229,0,0
2261,186155340397,0,0
2262,186161207424,1,0
2263,186166341513,1,0
2264,186171542270,1,0
2265,186176667570,0,0
2266,186182337949,1,0
2267,186187499912,0,0
2268,186193036957,0,0
2269,186198280181,0,0
2270,186203840238,1,0
2271,186208878146,0,0
2272,186214186066,0,0
2273,186219615648,1,0
2274,186224596164,1,0
2275,186229610800,1,0
2276,186234642495,1,0
2277,186239638798,0,0
2278,186245123003,0,0
2279,186250520913,1,0
2280,186255517599,1,0
2281,186260553196,0,0
2282,186265828014,1,0
2283,186270865954,0,0
2284,186276219681,0,0
2285,186281739662,1,0
2286,186286651410,1,0
2287,186291696498,0,0
2288,186297334861,1,0
2289,186302487904,0,0
2290,186307958595,1,0
2291,186312906048,1,0
2292,186318047847,1,0
2293,186323060755,1,0
2294,186328059314,0,0
2295,186333560190,1,0
2296,186338562952,0,0
2297,186344056523,1,0
2298,186349151100,1,0
2299,186354297131,0,0
2300,186359758618,0,0
2301,186365413716,0,0
2302,186371073353,1,0
2303,186376059198,0,0
2304,186381527584,1,0
2305,186386716462,0,0
2306,186392330079,0,0
2307,186397853857,0,0
2308,186403364258,0,0
2309,186408824435,1,0
2310,186413882806,1,0
2311,186418945603,0,0
2312,186424344863,0,0
2313,186429912476,0,0
2314,186435457181,1,0
2315,186440714838,1,0
2316,186445804145,1,0
2317,186450825670,1,0
2318,186455856322,0,0
2319,186461367700,0,0
2320,186467067584,0,0
2321,186472488211,0,0
2322,186478121707,1,0
2323,186483187740,0,0
2324,186488759768,1,0
2325,186494062018,0,0
2326,186499567189,1,0
2327,186504753249,1,0
2328,186510055437,1,0
2329,186515057479,1,0
2330,186520059992,0,0
2331,186525670278,0,0
2332,186531216717,0,0
2333,186536627901,0,0
2334,186542209217,0,0
2335,186547745208,1,0
2336,186552810873,1,0
2337,186557866159,1,0
2338,186562951797,0,0
2339,186568341702,0,0
2340,186573910130,1,0
2341,186579020504,1,0
2342,186584019904,0,0
2343,186589418253,0,0
2344,186595038235,0,0
2345,186600568705,0,0
2346,186606071667,0,0
2347,186612061743,0,0
2348,186617308228,0,0
2349,186622896229,1,0
2350,186628029940,1,0
2351,186633061068,1,0
2352,186638064324,0,0
2353,186643425320,1,0
2354,186648520998,0,0
2355,186654048431,0,0
2356,186659540968,1,0
2357,186664609293,1,0
2358,186669652304,1,0
2359,186674693320,1,0
2360,186679714626,0,0
2361,186685121962,0,0
2362,186690415537,1,0
2363,186695352801,0,0
2364,186700725905,1,0
2365,186705744411,0,0
2366,186711137676,1,0
2367,186716161839,1,0
2368,186721181761,1,0
2369,186726172899,1,0
2370,186731162209,0,0
2371,186736658535,1,0
2372,186741686096,1,0
2373,186746741047,1,0
2374,186752054172,0,0
2375,186757661103,0,0
2376,186763216691,0,0
2377,186768697269,0,0
2378,186774159942,0,0
2379,186779551132,0,0
2380,186785023084,0,0
2381,186790303934,0,0
2382,186795557680,1,0
2383,186800630203,0,0
2384,186806128047,0,0
2385,186811560094,0,0
2386,186816947867,0,0
2387,186822739035,1,0
2388,186827883909,1,0
2389,186832940835,1,0
2390,186838042630,1,0
2391,186843055773,0,0
2392,186848689295,1,0
2393,186854027365,1,0
2394,186859039452,0,0
2395,186864491825,0,0
2396,186870053948,0,0
2397,186875489280,1,0
2398,186880611497,1,0
2399,186885827950,1,0
2400,186890826871,1,0
2401,186895873127,0,0
2402,186901689106,0,0
2403,186907227534,0,0
2404,186912762278,0,0
2405,186918432468,0,0
2406,186923938437,0,0
2407,186929492924,0,0
2408,186935038730,1,0
2409,186940126884,1,0
2410,186945195211,1,0
2411,186950500133,0,0
2412,186955884143,1,0
2413,186960916316,0,0
2414,186966612939,1,0
2415,186971932657,1,0
2416,186976938728,1,0
2417,186981955158,1,0
2418,186986962959,1,0
2419,186992052665,0,0
2420,186997739011,0,0
2421,187003517179,0,0
2422,187009074545,0,0
2423,187014622336,1,0
2424,187019842456,0,0
2425,187025445689,0,0
2426,187031024625,0,0
2427,187036526597,1,0
2428,187041585692,1,0
2429,187046636584,0,0
2430,187052042917,0,0
2431,187057541337,1,0
2432,187062719905,1,0
2433,187067948352,0,0
2434,187073425523,0,0
2435,187079045336,1,0
2436,187084133908,1,0
2437,187089353583,0,0
2438,187094958428,0,0
2439,187100504512,1,0
2440,187105736211,1,0
2441,187110804437,0,0
2442,187116376454,1,0
2443,187121662363,0,0
2444,187127316158,1,0
2445,187132491830,1,0
2446,187137772511,1,0
2447,187142912390,1,0
2448,187148284798,1,0
2449,187153473979,0,0
2450,187159075047,0,0
2451,187165273514,1,0
2452,187170580043,0,0
2453,187176056057,1,0
2454,187181139282,0,0
2455,187186769947,1,0
2456,187191866772,1,0
2457,187196933762,0,0
2458,187202878909,0,0
2459,187208566145,1,0
2460,187213720929,0,0
2461,187219557006,0,0
2462,187225252595,1,0
2463,187230476294,0,0
2464,187236389893,1,0
2465,187241612696,0,0
2466,187247445776,0,0
2467,187253147246,0,0
2468,187259041268,1,0
2469,187264141158,1,0
2470,187269205908,0,0
2471,187274505757,0,0
2472,187280015915,1,0
2473,187285196883,1,0
2474,187290305195,0,0
2475,187295893872,1,0
2476,187301042238,1,0
2477,187306139337,1,0
2478,187311444857,0,0
2479,187317473785,0,0
2480,187323176667,1,0
2481,187328296331,1,0
2482,187333259936,0,0
2483,187338845412,0,0
2484,187344385613,1,0
2485,187349401656,1,0
2486,187354355300,0,0
2487,187359806601,1,0
2488,187364873137,1,0
2489,187369892961,0,0
2490,187375215120,1,0
2491,187380180451,1,0
2492,187385184686,1,0
2493,187390184966,1,0
2494,187395191875,0,0
2495,187400732359,1,0
2496,187405741436,0,0
2497,187411132944,0,0
2498,187416482232,1,0
2499,187421452035,0,0
2500,187426827874,1,0
2501,187432082736,1,0
2502,187437133190,0,0
2503,187442635659,1,0
2504,187447741695,1,0
2505,187452867302,1,0
2506,187457946790,0,0
2507,187463567456,1,0
2508,187468772640,0,0
2509,187474380305,1,0
2510,187479525197,1,0
2511,187484684935,0,0
2512,187490252591,0,0
2513,187495736763,0,0
2514,187501439073,0,0
2515,187506995940,1,0
2516,187512119952,1,0
2517,187517246866,1,0
2518,187522308112,0,0
2519,187527661250,0,0
2520,187533269668,0,0
2521,187538953901,1,0
2522,187543951794,1,0
2523,187548956085,0,0
2524,187554508531,1,0
2525,187559612123,1,0
2526,187564610533,0,0
2527,187570125331,1,0
2528,187575158574,1,0
2529,187580174777,1,0
2530,187585227226,1,0
2531,187590222523,1,0
2532,187595233359,1,0
2533,187600290480,0,0
2534,187605829567,1,0
2535,187610935219,1,0
2536,187615882585,1,0
2537,187620886735,1,0
2538,187625946600,0,0
2539,187631383140,0,0
2540,187636947746,1,0
2541,187641942730,1,0
2542,187647039974,0,0
2543,187652469690,1,0
2544,187657486035,0,0
2545,187662916955,0,0
2546,187668299285,0,0
2547,187674123928,0,0
2548,187679594905,1,0
2549,187684628194,0,0
2550,187690109254,1,0
2551,187695126361,0,0
2552,187700715254,1,0
2553,187705766793,1,0
2554,187710779678,1,0
2555,187715863571,1,0
2556,187720887607,1,0
2557,187725893505,1,0
2558,187730916039,1,0
2559,187735970280,0,0
2560,187741585837,1,0
2561,187746663233,1,0
2562,187751648450,1,0
2563,187756640184,1,0
2564,187761619163,1,0
2565,187766646321,1,0
2566,187771685589,1,0
2567,187776668803,0,0
2568,187782016331,0,0
2569,187787391608,0,0
2570,187792884697,0,0
2571,187798413892,0,0
2572,187803966138,0,0
2573,187809243355,1,0
2574,187814298770,1,0
2575,187819294223,0,0
2576,187824816996,1,0
2577,187829833583,0,0
2578,187835214166,0,0
2579,187840751377,1,0
2580,187845730860,1,0
2581,187850767080,0,0
2582,187856153762,0,0
2583,187861507967,0,0
2584,187866862430,0,0
2585,187872318333,1,0
2586,187877310979,1,0
2587,187882282943,0,0
2588,187887554892,1,0
2589,187892540878,0,0
2590,187897742301,0,0
2591,187903075898,1,0
2592,187908075998,0,0
2593,187913585791,1,0
2594,187918645121,0,0
2595,187924338009,1,0
2596,187929352399,1,0
2597,187934401600,1,0
2598,187939391911,1,0
2599,187944371293,1,0
2600,187949408798,1,0
2601,187954350038,0,0
2602,187959756074,0,0
2603,187965191760,0,0
2604,187970616575,1,0
2605,187975592563,0,0
2606,187980930115,1,0
2607,187985918724,0,0
2608,187991209380,0,0
2609,187996703596,0,0
2610,188002230509,1,0
2611,188007295205,1,0
2612,188012700278,0,0
2613,188018062669,1,0
2614,188023157988,1,0
2615,188028477894,0,0
2616,188034135282,1,0
2617,188039242739,1,0
2618,188044262315,0,0
2619,188049867013,1,0
2620,188054899619,0,0
2621,188060418097,1,0
2622,188065501937,0,0
2623,188071134952,0,0
2624,188076889496,1,0
2625,188081758230,0,0
2626,188087336742,1,0
2627,188092321116,0,0
2628,188097573013,0,0
2629,188103033630,1,0
2630,188108034192,1,0
2631,188113123618,1,0
2632,188118214325,1,0
2633,188123279166,0,0
2634,188128912759,0,0
2635,188134681129,1,0
2636,188139935925,1,0
2637,188145536178,1,0
2638,188150959550,0,0
2639,188156611592,0,0
2640,188162368195,1,0
2641,188167518002,1,0
2642,188172565354,0,0
2643,188178155538,0,0
2644,188183623271,0,0
2645,188189163637,1,0
2646,188194406319,1,0
2647,188199542664,0,0
2648,188204927240,0,0
2649,188210695346,0,0
2650,188216181360,0,0
2651,188221816556,0,0
2652,188227235668,0,0
2653,188232654410,1,0
2654,188237744781,0,0
2655,188243394389,0,0
2656,188248913167,1,0
2657,188253954975,0,0
2658,188259375951,1,0
2659,188264367680,0,0
2660,188269746956,0,0
2661,188275229730,1,0
2662,188280238260,0,0
2663,188285905364,1,0
2664,188290853556,0,0
2665,188296393497,1,0
2666,188301556178,0,0
2667,188307029926,1,0
2668,188312175452,1,0
2669,188317099475,1,0
2670,188322149629,0,0
2671,188327540665,0,0
2672,188333389646,1,0
2673,188338704285,1,0
2674,188343904404,0,0
2675,188349496030,1,0
2676,188354812007,0,0
2677,188360368788,0,0
2678,188366037628,0,0
2679,188371640564,0,0
2680,188377388355,1,0
2681,188382535735,0,0
2682,188388029231,0,0
2683,188393662377,0,0
2684,188399146205,0,0
2685,188404572613,0,0
2686,188410043092,1,0
2687,188415101810,0,0
2688,188420828631,1,0
2689,188425855860,0,0
2690,188431678859,1,0
2691,188436881147,0,0
2692,188442308707,1,0
2693,188447314722,0,0
2694,188453045319,0,0
2695,188458674507,0,0
2696,188464294501,1,0
2697,188469309019,0,0
2698,188474963290,1,0
2699,188479930469,0,0
2700,188485581164,1,0
2701,188490766748,0,0
2702,188496012157,1,0
2703,188501106288,0,0
2704,188506725244,0,0
2705,188512205724,1,0
2706,188517464045,0,0
2707,188522937678,0,0
2708,188528544458,0,0
2709,188533925547,1,0
2710,188539036043,0,0
2711,188544548342,1,0
2712,188549651585,0,0
2713,188555185189,0,0
2714,188560679553,1,0
2715,188565903038,0,0
2716,188571548274,0,0
2717,188577051263,1,0
2718,188582167313,0,0
2719,188587666866,1,0
2720,188592873786,1,0
2721,188597965165,1,0
2722,188603013087,0,0
2723,188608590473,0,0
2724,188614347896,1,0
2725,188619457535,0,0
2726,188624871493,0,0
2727,188630366781,0,0
2728,188636166183,1,0
2729,188641378104,1,0
2730,188646440791,1,0
2731,188651589431,0,0
2732,188657294704,0,0
2733,188663086175,1,0
2734,188668172446,0,0
2735,188673820972,0,0
2736,188679636428,1,0
2737,188684796097,1,0
2738,188689917723,0,0
2739,188695575648,1,0
2740,188700811792,1,0
2741,188705907064,0,0
2742,188711634576,1,0
2743,188716677026,0,0
2744,188722191002,0,0
2745,188727847033,0,0
2746,188733433310,1,0
2747,188738601194,1,0
2748,188743856766,0,0
2749,188749473366,1,0
2750,188754506704,0,0
2751,188759925337,1,0
2752,188764960970,0,0
2753,188770245040,0,0
2754,188775959386,1,0
2755,188781127000,0,0
2756,188786806325,1,0
2757,188791640397,1,0
2758,188796800757,1,0
2759,188801795243,1,0
2760,188806818992,0,0
2761,188812377489,0,0
2762,188818178039,1,0
2763,188823576108,0,0
2764,188829276592,1,0
2765,188834355946,1,0
2766,188839521023,0,0
2767,188845406869,0,0
2768,188851162695,0,0
2769,188856970967,1,0
2770,188862064001,0,0
2771,188867820880,0,0
2772,188873638721,1,0
2773,188879021539,1,0
2774,188884361934,0,0
2775,188890135478,0,0
2776,188895648277,1,0
2777,188900703478,0,0
2778,188906342853,0,0
2779,188912233048,1,0
2780,188917288101,1,0
2781,188922286387,1,0
2782,188927285916,1,0
2783,188932512203,1,0
2784,188937785883,0,0
2785,188943421433,0,0
2786,188948865432,0,0
2787,188954571389,1,0
2788,188959756935,1,0
2789,188964961991,1,0
2790,188969883711,0,0
2791,188975208184,0,0
2792,188980607002,1,0
2793,188985752336,1,0
2794,188990959626,0,0
2795,188996204942,0,0
2796,189001934001,1,0
2797,189007110079,0,0
2798,189012687832,1,0
2799,189017905439,0,0
2800,189023736460,1,0
2801,189028833769,0,0
2802,189034383767,1,0
2803,189039596911,1,0
2804,189044888584,1,0
2805,189050049750,1,0
2806,189055045365,0,0
2807,189060724530,1,0
2808,189065971328,1,0
2809,189071045436,0,0
2810,189076650719,1,0
2811,189081646672,1,0
2812,189086671657,0,0
2813,189092136783,0,0
2814,189097757003,0,0
2815,189103193332,1,0
2816,189108245761,0,0
2817,189113878500,1,0
2818,189119068628,0,0
2819,189124613738,1,0
2820,189129626816,0,0
2821,189134970638,1,0
2822,189140030587,1,0
2823,189145129991,1,0
2824,189150138543,1,0
2825,189155216001,0,0
2826,189160490251,1,0
2827,189165676946,1,0
2828,189171345884,0,0
2829,189177398480,1,0
2830,189182605591,1,0
2831,189187759792,1,0
2832,189192780084,1,0
2833,189197849949,0,0
2834,189203415345,0,0
2835,189208961388,0,0
2836,189214493320,0,0
2837,189220224557,1,0
2838,189225435597,0,0
2839,189231047216,0,0
2840,189236570812,1,0
2841,189241846961,1,0
2842,189247027686,1,0
2843,189252276736,0,0
2844,189257792000,0,0
2845,189263447267,0,0
2846,189268950736,0,0
2847,189274388801,1,0
2848,189279541695,1,0
2849,189284699842,1,0
2850,189289808978,1,0
2851,189294883711,0,0
2852,189300694616,1,0
2853,189305774357,0,0
2854,189311577831,0,0
2855,189317196396,0,0
2856,189322985949,1,0
2857,189328041499,1,0
2858,189333122452,1,0
2859,189338175976,1,0
2860,189343253401,0,0
2861,189348881061,0,0
2862,189354401949,1,0
2863,189359534753,1,0
2864,189364663492,0,0
2865,189370403105,0,0
2866,189375918639,1,0
2867,189380940588,0,0
2868,189386664387,0,0
2869,189392254835,1,0
2870,189397285290,0,0
2871,189402910498,0,0
2872,189408331950,1,0
2873,189413475986,1,0
2874,189418597769,0,0
2875,189424177906,1,0
2876,189429250528,0,0
2877,189434958643,0,0
2878,189440512936,0,0
2879,189446442988,0,0
2880,189451974081,1,0
2881,189457148047,0,0
2882,189462548798,1,0
2883,189467725228,1,0
2884,189472901064,0,0
2885,189478494106,1,0
2886,189483958512,0,0
2887,189489441071,0,0
2888,189494921332,0,0
2889,189500497983,1,0
2890,189505735422,0,0
2891,189511679259,1,0
2892,189516963507,0,0
2893,189522689720,1,0
2894,189527903558,0,0
2895,189533593219,1,0
2896,189538820209,0,0
2897,189544703197,1,0
2898,189549872233,0,0
2899,189555698058,1,0
2900,189560775153,1,0
2901,189565870537,1,0
2902,189570907755,1,0
2903,189575933544,1,0
2904,189581163033,1,0
2905,189586308775,1,0
2906,189591446223,1,0
2907,189596700142,0,0
2908,189602458003,1,0
2909,189607678377,1,0
2910,189612935120,1,0
2911,189617938101,1,0
2912,189622937089,0,0
2913,189628623637,0,0
2914,189634494154,1,0
2915,189639669394,1,0
2916,189644908184,1,0
2917,189650058926,1,0
2918,189655449805,1,0
2919,189660436848,0,0
2920,189666268196,1,0
2921,189671552431,1,0
2922,189676747120,1,0
2923,189681868492,1,0
2924,189687120479,0,0
2925,189692755921,1,0
2926,189697803279,0,0
2927,189703316983,1,0
2928,189708434412,0,0
2929,189714073988,0,0
2930,189719788308,1,0
2931,189724821820,0,0
2932,189730423760,0,0
2933,189736067150,1,0
2934,189740974667,1,0
2935,189746040178,0,0
2936,189751713925,0,0
2937,189757474940,0,0
2938,189763058056,0,0
2939,189768455097,0,0
2940,189773728272,1,0
2941,189778932471,1,0
2942,189783983001,0,0
2943,189789219879,1,0
2944,189794253150,0,0
2945,189799818955,1,0
2946,189804967204,0,0
2947,189810575643,0,0
2948,189816212679,0,0
2949,189821685643,0,0
2950,189827199820,1,0
2951,189832255723,0,0
2952,189837817046,1,0
2953,189842844233,0,0
2954,189848347045,0,0
2955,189853839900,0,0
2956,189859339877,1,0
2957,189864484696,0,0
2958,189870059597,1,0
2959,189875072184,0,0
2960,189880488637,0,0
2961,189886085380,1,0
2962,189891028862,0,0
2963,189896581554,1,0
2964,189901621767,1,0
2965,189906625110,1,0
2966,189911642332,1,0
2967,189916732305,1,0
2968,189921951490,0,0
2969,189927501155,0,0
2970,189932786246,0,0
2971,189938351238,0,0
2972,189943918038,0,0
2973,189949630353,0,0
2974,189955354394,1,0
2975,189960500661,0,0
2976,189966069122,0,0
2977,189971918640,0,0
2978,189977447774,0,0
2979,189983169019,1,0
2980,189988227264,1,0
2981,189993278401,0,0
2982,189999044150,1,0
2983,190004020217,0,0
2984,190009847111,1,0
2985,190014921248,1,0
2986,190019950554,1,0
2987,190025091739,1,0
2988,190030664290,0,0
2989,190036380514,1,0
2990,190041639928,1,0
2991,190046730885,1,0
2992,190051740555,1,0
2993,190056799438,0,0
2994,190062076023,0,0
2995,190067247173,0,0
2996,190072417531,0,0
2997,190077934253,0,0
2998,190083319126,0,0
2999,190088976588,1,0
3000,190093975459,1,0
3001,190099102385,1,0
3002,190104115762,1,0
3003,190109221102,1,0
3004,190114213997,0,0
3005,190119689536,0,0
3006,190125235012,1,0
3007,190130676948,0,0
3008,190136290273,1,0
3009,190141436694,1,0
3010,190146794031,1,0
3011,190152081308,0,0
3012,190157668331,0,0
3013,190163538511,0,0
3014,190169326322,0,0
3015,190175113980,1,0
3016,190180080435,1,0
3017,190185337790,0,0
3018,190190868731,0,0
3019,190196628697,0,0
3020,190202657953,0,0
3021,190208503807,0,0
3022,190214134605,0,0
3023,190219754637,1,0
3024,190224917555,0,0
3025,190230473053,0,0
3026,190236034134,0,0
3027,190241487694,1,0
3028,190246624498,0,0
3029,190252382970,1,0
3030,190257570024,1,0
3031,190262772580,0,0
3032,190268500612,0,0
3033,190274114514,1,0
3034,190279281037,1,0
3035,190284279269,0,0
3036,190289746390,0,0
3037,190295030093,1,0
3038,190300021970,1,0
3039,190305152933,1,0
3040,190310157494,0,0
3041,190315441605,1,0
3042,190320433532,0,0
3043,190325680868,1,0
3044,190330697672,0,0
3045,190336183478,1,0
3046,190341214273,1,0
3047,190346270583,0,0
3048,190351771162,0,0
3049,190357216463,0,0
3050,190362726750,0,0
3051,190368298801,0,0
3052,190374086488,0,0
3053,190379470068,0,0
3054,190385082776,1,0
3055,190390030153,1,0
3056,190395128028,0,0
3057,190401044554,0,0
3058,190406489647,1,0
3059,190411582559,1,0
3060,190416669647,0,0
3061,190422157636,1,0
3062,190427549360,0,0
3063,190433107071,0,0
3064,190438619534,1,0
3065,190443719777,1,0
3066,190448978597,1,0
3067,190453980928,1,0
3068,190459024971,1,0
3069,190464027720,0,0
3070,190469684822,1,0
3071,190474853171,0,0
3072,190480680354,1,0
3073,190485841114,0,0
3074,190491409016,0,0
3075,190496658430,0,0
3076,190502337411,0,0
3077,190507863881,1,0
3078,190512902088,1,0
3079,190517938178,0,0
3080,190523372467,1,0
3081,190528489509,0,0
3082,190534110771,0,0
3083,190539275643,1,0
3084,190544287175,0,0
3085,190550058692,0,0
3086,190555294720,0,0
3087,190561024919,1,0
3088,190565956750,0,0
3089,190571518129,0,0
3090,190577137966,0,0
3091,190582997230,1,0
3092,190588141400,0,0
3093,190593877799,1,0
3094,190598909300,1,0
3095,190603888134,0,0
3096,190609586719,1,0
3097,190614699263,0,0
3098,190620166920,0,0
3099,190625875039,1,0
3100,190630875270,0,0
3101,190636487612,1,0
3102,190641466319,1,0
3103,190646475181,1,0
3104,190651465054,1,0
3105,190656451664,0,0
3106,190661989019,1,0
3107,190666982862,1,0
3108,190671954987,0,0
3109,190677412496,0,0
3110,190683089056,0,0
3111,190688645105,1,0
3112,190693847951,0,0
3113,190699338804,1,0
3114,190704521367,1,0
3115,190709664020,0,0
3116,190715428765,1,0
3117,190720584818,1,0
3118,190725580754,0,0
3119,190731116662,1,0
3120,190736010561,0,0
3121,190741546798,0,0
3122,190747039618,1,0
3123,190752110403,0,0
3124,190757788376,1,0
3125,190762851786,0,0
3126,190768282157,1,0
3127,190773382489,0,0
3128,190779160239,1,0
3129,190784295717,1,0
3130,190789206330,1,0
3131,190794235472,0,0
3132,190799902324,0,0
3133,190805387342,1,0
3134,190810555553,1,0
3135,190815700504,1,0
3136,190820765657,0,0
3137,190826276367,0,0
3138,190831665335,1,0
3139,190836901763,0,0
3140,190842336927,0,0
3141,190847920417,1,0
3142,190852849880,0,0
3143,190858390240,1,0
3144,190863483588,0,0
3145,190869092335,1,0
3146,190874043698,0,0
3147,190879654311,0,0
3148,190885539801,0,0
3149,190891189770,1,0
3150,190896249608,0,0
3151,190901508213,1,0
3152,190906513786,0,0
3153,190912102145,1,0
3154,190917141177,0,0
3155,190922849234,0,0
3156,190928594906,0,0
3157,190934085501,0,0
3158,190939622535,0,0
3159,190945478730,1,0
3160,190950826593,1,0
3161,190956142552,1,0
3162,190961299798,0,0
3163,190966884187,1,0
3164,190972123067,0,0
3165,190977508384,1,0
3166,190982549607,0,0
3167,190988118055,1,0
3168,190993834611,0,0
3169,190999458377,1,0
3170,191004703301,1,0
3171,191009758011,1,0
3172,191014853878,0,0
3173,191020713865,1,0
3174,191025848969,0,0
3175,191031570704,0,0
3176,191037122424,1,0
3177,191042110010,0,0
3178,191047924804,1,0
3179,191052906612,1,0
3180,191058167389,0,0
3181,191063974474,0,0
3182,191069600541,1,0
3183,191074732546,0,0
3184,191080391355,1,0
3185,191085496617,0,0
3186,191090981550,1,0
3187,191095912161,0,0
3188,191101441044,1,0
3189,191106407409,0,0
3190,191111729277,0,0
3191,191117105269,1,0
3192,191122193916,0,0
3193,191127778424,0,0
3194,191133211267,0,0
3195,191138450549,0,0
3196,191144307806,0,0
3197,191150167420,1,0
3198,191155852981,1,0
3199,191161116106,0,0
3200,191166790988,0,0
3201,191172459168,1,0
3202,191177685561,0,0
3203,191183236039,1,0
3204,191188327001,0,0
3205,191194033948,0,0
3206,191199498820,0,0
3207,191204943818,0,0
3208,191210406112,0,0
3209,191215744221,1,0
3210,191220766738,1,0
3211,191225767704,0,0
3212,191231216318,1,0
3213,191236239923,1,0
3214,191241228619,0,0
3215,191246928114,1,0
3216,191251937860,1,0
3217,191256826504,0,0
3218,191262301032,0,0
3219,191267831890,0,0
3220,191273128151,0,0
3221,191278601625,0,0
3222,191284181713,1,0
3223,191289055345,1,0
3224,191294136321,1,0
3225,191299409230,0,0
3226,191305031583,0,0
3227,191310592175,1,0
3228,191315837254,0,0
3229,191321312703,1,0
3230,191326336171,0,0
3231,191331927323,1,0
3232,191336977207,1,0
3233,191342079611,0,0
3234,191347642474,0,0
3235,191353246989,0,0
3236,191359047010,0,0
3237,191364750916,1,0
3238,191369918486,0,0
3239,191375648195,1,0
3240,191380904601,1,0
3241,191386184708,0,0
3242,191392058229,0,0
3243,191397683428,1,0
3244,191402951227,1,0
3245,191408140863,0,0
3246,191413883271,1,0
3247,191419081594,0,0
3248,191424888923,1,0
3249,191430071737,1,0
3250,191435488493,1,0
3251,191440805402,0,0
3252,191446725812,0,0
3253,191452660527,1,0
3254,191457972104,1,0
3255,191463134333,0,0
3256,191468890475,0,0
3257,191474714196,1,0
3258,191480029201,1,0
3259,191485097378,0,0
3260,191490952562,0,0
3261,191496516972,1,0
3262,191501823392,1,0
3263,191507384354,1,0
3264,191512915362,0,0
3265,191518675310,1,0
3266,191524048642,1,0
3267,191529233500,0,0
3268,191534868104,0,0
3269,191540612685,0,0
3270,191546213841,0,0
3271,191551753637,1,0
3272,191556859492,1,0
3273,191562040141,1,0
3274,191567081022,0,0
3275,191572806576,0,0
3276,191578359113,0,0
3277,191583840416,1,0
3278,191589052056,1,0
3279,191594144781,0,0
3280,191600044569,1,0
3281,191605037373,1,0
3282,191610154796,0,0
3283,191616150569,0,0
3284,191621959378,1,0
3285,191627033506,0,0
3286,191632649205,0,0
3287,191638182168,0,0
3288,191643982036,1,0
3289,191649045443,0,0
3290,191654751074,1,0
3291,191660037248,0,0
3292,191665748882,0,0
3293,191671732976,0,0
3294,191677569520,1,0
3295,191682769940,1,0
3296,191687859370,0,0
3297,191693751884,0,0
3298,191699476568,0,0
3299,191705311653,0,0
3300,191710943658,0,0
3301,191716596651,0,0
3302,191722063533,1,0
3303,191727403234,0,0
3304,191733035629,1,0
3305,191738259348,0,0
3306,191743832511,1,0
3307,191749122225,1,0
3308,191754285505,1,0
3309,191759445664,1,0
3310,191764554905,1,0
3311,191769733616,0,0
3312,191775150334,1,0
3313,191780435329,1,0
3314,191785653026,1,0
3315,191790832211,0,0
3316,191796209374,0,0
3317,191801649756,0,0
3318,191807119150,0,0
3319,191812674514,1,0
3320,191817876998,1,0
3321,191822978548,0,0
3322,191828649698,1,0
3323,191833887972,0,0
3324,191839744879,0,0
3325,191845422245,1,0
3326,191850661823,0,0
3327,191856341009,1,0
3328,191861684211,0,0
3329,191867086578,0,0
3330,191872829294,0,0
3331,191878626718,0,0
3332,191884161289,0,0
3333,191889706043,0,0
3334,191895089105,0,0
3335,191900586864,1,0
3336,191905803161,0,0
3337,191911472083,1,0
3338,191916728088,1,0
3339,191921867830,1,0
3340,191926992978,1,0
3341,191932168568,1,0
3342,191937240985,0,0
3343,191942925988,1,0
3344,191947987816,1,0
3345,191953048514,0,0
3346,191958527711,1,0
3347,191963793778,1,0
3348,191968856479,0,0
3349,191974544826,0,0
3350,191979965742,0,0
3351,191985465650,1,0
3352,191990611660,1,0
3353,191995731304,0,0
3354,192001087083,1,0
3355,192006251451,1,0
3356,192011454786,0,0
3357,192016868734,0,0
3358,192022140173,1,0
3359,192027260225,0,0
3360,192032560701,0,0
3361,192038049173,0,0
3362,192043314866,1,0
3363,192048428298,0,0
3364,192053840627,0,0
3365,192059061664,1,0
3366,192064168824,1,0
3367,192069391892,0,0
3368,192074668590,0,0
3369,192079971578,0,0
3370,192085131708,1,0
3371,192090201406,1,0
3372,192095245832,1,0
3373,192100314002,0,0
3374,192105897095,0,0
3375,192111175449,1,0
3376,192116087605,1,0
3377,192121250753,0,0
3378,192126555605,1,0
3379,192131686940,1,0
3380,192136738577,0,0
3381,192142051000,1,0
3382,192147109706,1,0
3383,192152291890,1,0
3384,192157189690,0,0
3385,192162547930,1,0
3386,192167539804,0,0
3387,192172794586,0,0
3388,192178114994,1,0
3389,192183205613,0,0
3390,192188526279,1,0
3391,192193495521,1,0
3392,192198494512,0,0
3393,192203884282,1,0
3394,192208931697,0,0
3395,192214152431,0,0
3396,192219388015,0,0
3397,192224756958,1,0
3398,192229903219,1,0
3399,192235359794,0,0
3400,192240967005,0,0
3401,192246406421,1,0
3402,192251684506,1,0
3403,192256902981,1,0
3404,192261994557,0,0
3405,192267243426,1,0
3406,192272298019,1,0
3407,192277326085,0,0
3408,192282427352,0,0
3409,192287630298,0,0
3410,192292767281,0,0
3411,192298183879,1,0
3412,192303317514,1,0
3413,192308468480,0,0
3414,192313782051,0,0
3415,192319095512,1,0
3416,192324187324,0,0
3417,192329442580,1,0
3418,192334525908,1,0
3419,192339524449,1,0
3420,192344546830,1,0
3421,192349681249,0,0
3422,192355215733,0,0
3423,192360680825,1,0
3424,192365905091,1,0
3425,192370964578,1,0
3426,192376134268,0,0
3427,192381478638,1,0
3428,192386777882,0,0
3429,192392464268,1,0
3430,192397995182,0,0
3431,192403637054,0,0
3432,192408893485,0,0
3433,192414342108,0,0
3434,192419724958,1,0
3435,192424815837,0,0
3436,192430111698,1,0
3437,192435183068,0,0
3438,192440555509,1,0
3439,192445668817,0,0
3440,192451108931,0,0
3441,192456648294,0,0
3442,192462181211,0,0
3443,192467725628,1,0
3444,192472860969,0,0
3445,192478448261,0,0
3446,192484182954,0,0
3447,192489573666,0,0
3448,192495165713,1,0
3449,192500236719,0,0
3450,192505839604,1,0
3451,192510995684,0,0
3452,192516410885,0,0
3453,192522150145,0,0
3454,192527627695,0,0
3455,192533242129,0,0
3456,192538943955,1,0
3457,192543977329,1,0
3458,192549045802,0,0
3459,192554645383,0,0
3460,192560282542,0,0
3461,192565595335,1,0
3462,192570682013,1,0
3463,192575734133,1,0
3464,192580767329,0,0
3465,192586024396,0,0
3466,192591205094,0,0
3467,192596544284,0,0
3468,192601856531,1,0
3469,192606913540,1,0
3470,192611904773,0,0
3471,192617426385,0,0
3472,192622843762,0,0
3473,192628311843,1,0
3474,192633268217,0,0
3475,192638490126,0,0
3476,192643753679,0,0
3477,192649194394,1,0
3478,192654224564,0,0
3479,192659834572,0,0
3480,192665345523,1,0
3481,192670507155,0,0
3482,192676148471,1,0
3483,192681096707,1,0
3484,192686197079,0,0
3485,192692133347,1,0
3486,192697216244,0,0
3487,192702967682,1,0
3488,192708068725,1,0
3489,192713250778,1,0
3490,192718650007,1,0
3491,192723818502,1,0
3492,192728880892,1,0
3493,192733866508,1,0
3494,192738885681,0,0
3495,192744491951,1,0
3496,192749626327,1,0
3497,192754836596,0,0
3498,192760521720,1,0
3499,192765770357,1,0
3500,192770955147,0,0
3501,192776661424,1,0
3502,192781800601,0,0
3503,192787198846,1,0
3504,192792339540,0,0
3505,192797970453,0,0
3506,192803364591,0,0
3507,192809049835,1,0
3508,192813934916,1,0
3509,192818970800,1,0
3510,192824073333,1,0
3511,192829348879,1,0
3512,192834641410,0,0
3513,192840675297,0,0
3514,192846254483,1,0
3515,192851265686,0,0
3516,192856864682,0,0
3517,192862481652,1,0
3518,192867609936,0,0
3519,192873230772,0,0
3520,192878920499,1,0
3521,192884088754,1,0
3522,192889274749,0,0
3523,192894800222,0,0
3524,192900283502,1,0
3525,192905333357,0,0
3526,192911038982,0,0
3527,192916645431,1,0
3528,192921768885,1,0
3529,192926840360,0,0
3530,192932378229,0,0
3531,192938133291,0,0
3532,192943628136,0,0
3533,192949195769,1,0
3534,192954321405,0,0
3535,192960036345,0,0
3536,192965652619,1,0
3537,192970652860,1,0
3538,192975657449,0,0
3539,192981304162,1,0
3540,192986468401,1,0
3541,192991937093,0,0
3542,192997612815,0,0
3543,193003341535,0,0
3544,193009156246,0,0
3545,193014808616,1,0
3546,193019891356,1,0
3547,193025390780,0,0
3548,193031417591,0,0
3549,193036950112,1,0
3550,193042047846,1,0
3551,193047420148,1,0
3552,193052536120,0,0
3553,193057950431,1,0
3554,193063044939,1,0
3555,193068047187,0,0
3556,193073573995,1,0
3557,193078655739,1,0
3558,193083724499,1,0
3559,193088806456,1,0
3560,193093871447,1,0
3561,193098941646,0,0
3562,193104239184,1,0
3563,193109296122,1,0
3564,193114332702,1,0
3565,193119361739,1,0
3566,193124392799,0,0
3567,193129819373,0,0
3568,193135310832,0,0
3569,193140846555,1,0
3570,193145947639,1,0
3571,193151067639,0,0
3572,193156783029,0,0
3573,193162399612,0,0
3574,193167964784,1,0
3575,193173064834,0,0
3576,193178707442,1,0
3577,193183748088,1,0
3578,193188794099,1,0
3579,193194062482,1,0
3580,193199138081,1,0
3581,193204185546,1,0
3582,193209286771,1,0
3583,193214387172,1,0
3584,193219515167,0,0
3585,193225446294,1,0
3586,193230669778,1,0
3587,193235830539,1,0
3588,193241172713,1,0
3589,193246075387,0,0
3590,193251660713,1,0
3591,193256842290,1,0
3592,193261960247,0,0
3593,193267565890,1,0
3594,193272719967,0,0
3595,193278207102,1,0
3596,193283235003,1,0
3597,193288251798,1,0
3598,193293270431,1,0
3599,193298252337,0,0
3600,193303639460,0,0
3601,193309120777,1,0
3602,193314167699,0,0
3603,193319854904,1,0
3604,193324946118,0,0
3605,193330585014,1,0
3606,193335696164,0,0
3607,193341399909,0,0
3608,193346782813,0,0
3609,193352361147,0,0
3610,193358044569,0,0
3611,193363708881,1,0
3612,193368913501,1,0
3613,193373984019,1,0
3614,193379066851,0,0
3615,193384607688,1,0
3616,193389791370,0,0
3617,193395464790,0,0
3618,193401218434,1,0
3619,193406146931,1,0
3620,193411192203,1,0
3621,193416202438,1,0
3622,193421266613,1,0
3623,193426546767,1,0
3624,193431742714,0,0
3625,193437262244,1,0
3626,193442637770,1,0
3627,193447831084,0,0
3628,193453390674,1,0
3629,193458836039,1,0
3630,193463885504,1,0
3631,193468952919,1,0
3632,193473986840,0,0
3633,193479623371,0,0
3634,193485134362,0,0
3635,193490503726,0,0
3636,193496153776,1,0
3637,193501175932,0,0
3638,193506714878,0,0
3639,193512161207,1,0
3640,193517184374,0,0
3641,193522492768,1,0
3642,193527576554,0,0
3643,193533140493,1,0
3644,193538140879,1,0
3645,193543035447,0,0
3646,193548174722,1,0
3647,193553445949,0,0
3648,193559274724,1,0
3649,193564329896,1,0
3650,193569422325,1,0
3651,193574615845,0,0
3652,193580178997,0,0
3653,193585735527,0,0
3654,193591256557,0,0
3655,193596499401,1,0
3656,193601590317,0,0
3657,193607112663,1,0
3658,193612165195,0,0
3659,193617695994,0,0
3660,193623398571,0,0
3661,193629034217,0,0
3662,193634511584,0,0
3663,193640178441,0,0
3664,193645642085,1,0
3665,193650715027,1,0
3666,193655868860,1,0
3667,193660865676,1,0
3668,193665886707,1,0
3669,193671034961,0,0
3670,193676410964,0,0
3671,193682032054,0,0
3672,193687600105,1,0
3673,193692739802,0,0
3674,193698438010,1,0
3675,193703639552,1,0
3676,193708722726,1,0
3677,193713745583,1,0
3678,193718728013,1,0
3679,193723728815,1,0
3680,193728762489,1,0
3681,193733942966,1,0
3682,193739059036,0,0
3683,193744549427,0,0
3684,193750126684,0,0
3685,193755771053,0,0
3686,193761205773,0,0
3687,193767056548,0,0
3688,193772608507,1,0
3689,193777721975,1,0
3690,193782845178,1,0
3691,193787888195,1,0
3692,193792906875,0,0
3693,193798462407,0,0
3694,193803909208,1,0
3695,193808951628,0,0
3696,193814600539,0,0
3697,193820273575,0,0
3698,193826132324,0,0
3699,193831728311,0,0
3700,193837234641,1,0
3701,193842298800,0,0
3702,193848052086,1,0
3703,193852951987,1,0
3704,193857989472,1,0
3705,193863023210,1,0
3706,193868037288,1,0
3707,193873055336,0,0
3708,193878603084,1,0
3709,193883737343,0,0
3710,193889380882,1,0
3711,193894634024,1,0
3712,193899790133,1,0
3713,193904851454,1,0
3714,193909874011,1,0
3715,193914905056,0,0
3716,193920496441,1,0
3717,193925859487,1,0
3718,193930906995,1,0
3719,193935972764,0,0
3720,193941462692,1,0
3721,193946692569,1,0
3722,193952031353,1,0
3723,193957035504,0,0
3724,193962625484,0,0
3725,193968240898,1,0
3726,193973300255,1,0
3727,193978432573,1,0
3728,193983551989,0,0
3729,193989017048,1,0
3730,193994070067,0,0
3731,193999764802,0,0
3732,194005361416,0,0
3733,194010936611,0,0
3734,194016377184,1,0
3735,194021551060,0,0
3736,194027128478,0,0
3737,194032748052,0,0
3738,194038413606,1,0
3739,194043560313,0,0
3740,194049024635,0,0
3741,194054377138,0,0
3742,194060071194,1,0
3743,194065066071,0,0
3744,194070653719,0,0
3745,194076148670,1,0
3746,194081216149,0,0
3747,194086750495,0,0
3748,194092440138,1,0
3749,194097269975,0,0
3750,194102667385,0,0
3751,194108205406,1,0
3752,194113231469,1,0
3753,194118201635,0,0
3754,194123544806,1,0
3755,194128541768,0,0
3756,194134020252,0,0
3757,194139379041,0,0
3758,194144859943,1,0
3759,194149886353,0,0
3760,194155693128,0,0
3761,194161107824,1,0
3762,194166149376,0,0
3763,194171736853,1,0
3764,194176801619,1,0
3765,194181849151,1,0
3766,194187051700,1,0
3767,194192041307,0,0
3768,194197534762,0,0
3769,194203043966,0,0
3770,194208361096,1,0
3771,194213398445,0,0
3772,194218891529,1,0
3773,194223908940,0,0
3774,194229429885,1,0
3775,194234716095,0,0
3776,194240376481,1,0
3777,194245704519,0,0
3778,194251297126,0,0
3779,194257056406,0,0
3780,194262700069,1,0
3781,194267779318,0,0
3782,194273366864,0,0
3783,194278824119,0,0
3784,194284402428,0,0
3785,194289835776,1,0
3786,194294855564,1,0
3787,194299889155,0,0
3788,194305317307,1,0
3789,194310331032,0,0
3790,194315867920,0,0
3791,194321642451,0,0
3792,194327192621,1,0
3793,194332184287,0,0
3794,194337772902,0,0
3795,194343228505,0,0
3796,194348805605,1,0
3797,194353828308,1,0
3798,194358880483,0,0
3799,194364670506,0,0
3800,194370402361,1,0
3801,194375524017,0,0
3802,194380896495,1,0
3803,194385941163,1,0
3804,194390969907,1,0
3805,194396046711,0,0
3806,194401575880,1,0
3807,194407016872,0,0
3808,194412603433,0,0
3809,194418572874,1,0
3810,194423739711,0,0
3811,194429394597,1,0
3812,194434431868,1,0
3813,194439456365,1,0
3814,194444798799,0,0
3815,194450593714,1,0
3816,194455739422,0,0
3817,194461254346,0,0
3818,194466628418,1,0
3819,194471682377,0,0
3820,194477248715,1,0
3821,194482315326,1,0
3822,194487448462,1,0
3823,194492978436,0,0
3824,194498242027,1,0
3825,194503269559,1,0
3826,194508356107,0,0
3827,194514087328,0,0
3828,194519806135,0,0
3829,194525627373,1,0
3830,194530848289,0,0
3831,194536747321,1,0
3832,194541837729,0,0
3833,194547318004,0,0
3834,194552949502,1,0
3835,194558196787,0,0
3836,194563955541,1,0
3837,194569371871,0,0
3838,194574984689,1,0
3839,194580014607,1,0
3840,194585064371,0,0
3841,194590746853,0,0
3842,194596530198,1,0
3843,194601768308,1,0
3844,194606876964,1,0
3845,194611922730,1,0
3846,194616940857,1,0
3847,194621983169,0,0
3848,194627346908,1,0
3849,194632410683,0,0
3850,194637953124,1,0
3851,194643075239,1,0
3852,194648058852,0,0
3853,194653603987,1,0
3854,194658908223,1,0
3855,194664077115,1,0
3856,194669076441,0,0
3857,194674949230,1,0
3858,194679973069,1,0
3859,194685047143,0,0
3860,194690506946,1,0
3861,194695707714,0,0
3862,194701125591,1,0
3863,194706199903,1,0
3864,194711247140,1,0
3865,194716266277,0,0
3866,194721752280,1,0
3867,194726766176,1,0
3868,194731816426,1,0
3869,194736855335,0,0
3870,194742239584,0,0
3871,194747808794,0,0
3872,194753289589,0,0
3873,194759019870,0,0
3874,194764501465,1,0
3875,194769704312,1,0
3876,194775019725,1,0
3877,194780060267,1,0
3878,194785155767,0,0
3879,194790797985,0,0
3880,194796373497,1,0
3881,194801531856,1,0
3882,194806760172,0,0
3883,194812583066,1,0
3884,194817668470,0,0
3885,194823290679,0,0
3886,194828919789,1,0
3887,194833993712,0,0
3888,194839665179,1,0
3889,194844934993,0,0
3890,194850639557,0,0
3891,194856318972,1,0
3892,194861510266,0,0
3893,194867026410,0,0
3894,194872416897,0,0
3895,194878143629,1,0
3896,194883058251,1,0
3897,194888053759,0,0
3898,194893506001,1,0
3899,194898747998,0,0
3900,194904409522,0,0
3901,194910154331,1,0
3902,194915069372,0,0
3903,194920813344,0,0
3904,194926433137,1,0
3905,194931520289,1,0
3906,194936745248,0,0
3907,194942403480,0,0
3908,194947890072,0,0
3909,194953696369,0,0
3910,194959126927,1,0
3911,194964235401,1,0
3912,194969299389,0,0
3913,194974769393,0,0
3914,194980232409,0,0
3915,194985903747,0,0
3916,194991609508,0,0
3917,194997288188,1,0
3918,195002354442,0,0
3919,195007900927,0,0
3920,195013241768,0,0
3921,195018859038,1,0
3922,195023969391,1,0
3923,195029021065,0,0
3924,195034660870,0,0
3925,195040247777,1,0
3926,195045603932,1,0
3927,195050713460,1,0
3928,195055733100,1,0
3929,195060880868,0,0
3930,195066417207,0,0
3931,195072138896,0,0
3932,195077762667,1,0
3933,195082796133,1,0
3934,195087837450,1,0
3935,195092853812,1,0
3936,195097879665,0,0
3937,195103348026,1,0
3938,195108674303,0,0
3939,195114342891,0,0
3940,195119981240,0,0
3941,195125560518,0,0
3942,195131399017,1,0
3943,195136732829,0,0
3944,195142451631,1,0
3945,195147726941,0,0
3946,195153321978,0,0
3947,195158947567,1,0
3948,195164055782,0,0
3949,195169781502,1,0
3950,195175122811,1,0
3951,195180303097,0,0
3952,195186052478,1,0
3953,195191166200,0,0
3954,195196802833,1,0
3955,195201849794,0,0
3956,195207373067,1,0
3957,195212516219,1,0
3958,195217727443,1,0
3959,195222833803,0,0
3960,195228718121,1,0
3961,195233896272,0,0
3962,195239408035,1,0
3963,195244570619,1,0
3964,195249583333,1,0
3965,195254601553,1,0
3966,195259596647,1,0
3967,195264553335,1,0
3968,195269632922,0,0
3969,195275396132,1,0
3970,195280537539,1,0
3971,195285543101,1,0
3972,195290570922,0,0
3973,195296265397,0,0
3974,195301744738,0,0
3975,195307261786,1,0
3976,195312332358,1,0
3977,195317600778,1,0
3978,195322797095,1,0
3979,195327844005,0,0
3980,195333900294,1,0
3981,195338932494,1,0
3982,195343981967,1,0
3983,195348975157,0,0
3984,195354773367,1,0
3985,195359795461,1,0
3986,195364858937,1,0
3987,195369976566,0,0
3988,195375540529,0,0
3989,195381151604,1,0
3990,195386188247,1,0
3991,195391170167,1,0
3992,195396170123,1,0
3993,195401233881,1,0
3994,195406267783,0,0
3995,195411814178,1,0
3996,195416939090,0,0
3997,195422323464,1,0
3998,195427818659,1,0
3999,195432701150,0,0
4000,195438336464,0,0
4001,195444070698,0,0
4002,195449687823,1,0
4003,195454783344,1,0
4004,195459842878,1,0
4005,195464981709,0,0
4006,195470914008,1,0
4007,195476149568,0,0
4008,195481791482,1,0
4009,195487151622,1,0
4010,195492133120,1,0
4011,195497215942,0,0
4012,195502855878,1,0
4013,195507883980,0,0
4014,195513327798,1,0
4015,195518337660,0,0
4016,195523923249,1,0
4017,195528948531,0,0
4018,195534341367,1,0
4019,195539534459,0,0
4020,195545157637,0,0
4021,195550746588,1,0
4022,195555699358,0,0
4023,195561174361,0,0
4024,195566895012,1,0
4025,195572065614,1,0
4026,195577046066,1,0
4027,195582066163,1,0
4028,195587216441,1,0
4029,195592348081,0,0
4030,195598171423,1,0
4031,195603261122,0,0
4032,195608800666,0,0
4033,195614172627,1,0
4034,195619149078,0,0
4035,195624748208,0,0
4036,195630227427,0,0
4037,195635965884,1,0
4038,195640978291,0,0
4039,195646197494,1,0
4040,195651216084,0,0
4041,195656725021,0,0
4042,195662162889,0,0
4043,195667981663,1,0
4044,195673049039,0,0
4045,195678562189,0,0
4046,195684069887,1,0
4047,195689160553,1,0
4048,195694179694,0,0
4049,195699870984,0,0
4050,195705423002,1,0
4051,195710507192,1,0
4052,195715576718,0,0
4053,195720874577,0,0
4054,195726282126,1,0
4055,195731355924,1,0
4056,195736440681,1,0
4057,195741487090,0,0
4058,195747155813,1,0
4059,195752132347,1,0
4060,195757200715,0,0
4061,195762771439,1,0
4062,195767795163,0,0
4063,195773048169,1,0
4064,195778126593,0,0
4065,195783239627,0,0
4066,195788412806,1,0
4067,195793340788,0,0
4068,195798700261,1,0
4069,195803705682,0,0
4070,195809027419,1,0
4071,195813977601,1,0
4072,195818950131,0,0
4073,195824328449,0,0
4074,195829954892,0,0
4075,195835462684,1,0
4076,195840905206,0,0
4077,195846446968,0,0
4078,195852053663,1,0
4079,195857054929,1,0
4080,195862118386,0,0
4081,195867690378,1,0
4082,195872781829,0,0
4083,195878375300,0,0
4084,195884193765,1,0
4085,195889399851,0,0
4086,195894890218,0,0
4087,195900994174,0,0
4088,195906531474,1,0
4089,195911730653,0,0
4090,195917250629,0,0
4091,195922639973,1,0
4092,195927722695,0,0
4093,195932938265,1,0
4094,195938068401,1,0
4095,195943241770,0,0
4096,195948779906,1,0
4097,195953866592,0,0
4098,195959355447,1,0
4099,195964587254,0,0
4100,195970206596,0,0
4101,195975795660,0,0
4102,195981442777,1,0
4103,195986427383,0,0
4104,195992186574,0,0
4105,195997893736,1,0
4106,196002956631,0,0
4107,196008460429,0,0
4108,196014149740,1,0
4109,196019181224,1,0
4110,196024183253,0,0
4111,196029868849,0,0
4112,196035253244,1,0
4113,196040266430,0,0
4114,196045919596,0,0
4115,196051317769,1,0
4116,196056361039,1,0
4117,196061315079,1,0
4118,196066297234,0,0
4119,196071736531,1,0
4120,196076757415,0,0
4121,196082166554,0,0
4122,196087575828,1,0
4123,196092607887,1,0
4124,196097760884,1,0
4125,196102780689,0,0
4126,196108190445,0,0
4127,196113709241,1,0
4128,196118774809,0,0
4129,196124266150,0,0
4130,196129775213,0,0
4131,196135261203,1,0
4132,196140313813,1,0
4133,196145573782,0,0
4134,196151183575,1,0
4135,196156114805,1,0
4136,196161111961,0,0
4137,196166580271,0,0
4138,196172038452,1,0
4139,196177060632,0,0
4140,196182768090,0,0
4141,196188451036,1,0
4142,196193494380,1,0
4143,196198513268,1,0
4144,196203587172,1,0
4145,196208651686,1,0
4146,196213716867,1,0
4147,196218638616,1,0
4148,196223616008,0,0
4149,196229049593,1,0
4150,196234124495,1,0
4151,196239122341,0,0
4152,196244461309,0,0
4153,196250061771,0,0
4154,196255621689,0,0
4155,196261180415,1,0
4156,196266231416,1,0
4157,196271293902,1,0
4158,196276684867,1,0
4159,196281659869,0,0
4160,196287336214,0,0
4161,196293048866,1,0
4162,196298050450,0,0
4163,196303584035,0,0
4164,196309120467,1,0
4165,196314162703,0,0
4166,196319749690,1,0
4167,196324789239,1,0
4168,196329788702,0,0
4169,196335388228,1,0
4170,196340460486,0,0
4171,196346055882,0,0
4172,196351321792,0,0
4173,196356974601,1,0
4174,196362037811,1,0
4175,196367035767,1,0
4176,196372057577,1,0
4177,196377059470,1,0
4178,196382059451,0,0
4179,196387847831,1,0
4180,196392839440,1,0
4181,196397829523,0,0
4182,196403382838,0,0
4183,196408943324,0,0
4184,196414271838,1,0
4185,196419344674,1,0
4186,196424425367,0,0
4187,196429981732,0,0
4188,196435449683,0,0
4189,196441038150,0,0
4190,196446624622,1,0
4191,196451630823,1,0
4192,196456821394,0,0
4193,196462173989,1,0
4194,196467196615,1,0
4195,196472211293,1,0
4196,196477230842,1,0
4197,196482232849,1,0
4198,196487221435,0,0
4199,196492849486,0,0
4200,196498347367,1,0
4201,196503540158,1,0
4202,196508639339,0,0
4203,196514278271,0,0
4204,196519647208,0,0
4205,196525208321,1,0
4206,196530234816,0,0
4207,196535825792,1,0
4208,196540960016,1,0
4209,196545990352,1,0
4210,196550995494,0,0
4211,196556113171,0,0
4212,196561524119,0,0
4213,196567129230,0,0
4214,196572798721,1,0
4215,196577808375,1,0
4216,196582833481,0,0
4217,196588330402,1,0
4218,196593490143,0,0
4219,196599067072,0,0
4220,196604624573,0,0
4221,196610286907,0,0
4222,196615888677,1,0
4223,196620903304,1,0
4224,196625930723,0,0
4225,196631519375,0,0
4226,196637214943,0,0
4227,196642805341,0,0
4228,196648283944,0,0
4229,196653790490,1,0
4230,196658782008,1,0
4231,196663748495,0,0
4232,196669285215,0,0
4233,196674811037,0,0
4234,196680595822,1,0
4235,196685568945,1,0
4236,196690865248,1,0
4237,196695879695,0,0
4238,196701442598,1,0
4239,196706565009,0,0
4240,196712248749,0,0
4241,196717714391,0,0
4242,196723332729,1,0
4243,196728612366,0,0
4244,196734158312,1,0
4245,196739269042,1,0
4246,196744257965,0,0
4247,196749467778,0,0
4248,196754851844,0,0
4249,196760150969,1,0
4250,196765192742,0,0
4251,196770811743,0,0
4252,196776191033,0,0
4253,196781730385,0,0
4254,196787189368,0,0
4255,196792824055,0,0
4256,196798455004,0,0
4257,196804319019,0,0
4258,196810061632,1,0
4259,196815234045,1,0
4260,196820293709,0,0
4261,196825813790,0,0
4262,196831372495,0,0
4263,196837130767,0,0
4264,196842825628,1,0
4265,196847858125,1,0
4266,196852881932,1,0
4267,196857867537,0,0
4268,196863796970,0,0
4269,196869464058,0,0
4270,196875202407,1,0
4271,196880324496,1,0
4272,196885317130,0,0
4273,196890698055,0,0
4274,196896052323,1,0
4275,196901094479,0,0
4276,196906550525,1,0
4277,196911565621,0,0
4278,196917021169,1,0
4279,196922056380,0,0
4280,196927854215,0,0
4281,196933318144,0,0
4282,196939038383,1,0
4283,196944054502,0,0
4284,196949556545,0,0
4285,196955108116,1,0
4286,196960236145,0,0
4287,196965637200,1,0
4288,196970730437,1,0
4289,196975756860,0,0
4290,196981042837,0,0
4291,196986228307,1,0
4292,196991204756,1,0
4293,196996211869,1,0
4294,197001209041,0,0
4295,197006413909,0,0
4296,197011653531,1,0
4297,197016706136,0,0
4298,197022205825,1,0
4299,197027271349,0,0
4300,197032662534,1,0
4301,197037767868,1,0
4302,197042869862,1,0
4303,197047914921,1,0
4304,197052994348,0,0
4305,197058458143,0,0
4306,197063829266,0,0
4307,197069263024,0,0
4308,197074782828,0,0
4309,197080280552,0,0
4310,197085603013,1,0
4311,197090745488,0,0
4312,197096191035,0,0
4313,197101757544,0,0
4314,197107103190,1,0
4315,197112262342,0,0
4316,197117653972,0,0
4317,197123308295,0,0
4318,197128698955,0,0
4319,197134300216,0,0
4320,197140049253,0,0
4321,197145783677,0,0
4322,197151362389,0,0
4323,197157057375,0,0
4324,197162778366,1,0
4325,197167923933,1,0
4326,197172948421,1,0
4327,197178055948,0,0
4328,197183539582,0,0
4329,197189350219,0,0
4330,197194909498,1,0
4331,197200033170,0,0
4332,197205682990,1,0
4333,197211061472,1,0
4334,197216214481,0,0
4335,197221785635,0,0
4336,197227310835,1,0
4337,197232530561,0,0
4338,197238057124,0,0
4339,197243558486,0,0
4340,197249118082,1,0
4341,197254225773,0,0
4342,197259482231,1,0
4343,197264658744,0,0
4344,197270037179,1,0
4345,197275061780,0,0
4346,197280421858,1,0
4347,197285479791,1,0
4348,197290575784,1,0
4349,197295835968,0,0
4350,197301333760,0,0
4351,197307036122,1,0
4352,197312133179,1,0
4353,197317232486,1,0
4354,197322305181,0,0
4355,197327906385,1,0
4356,197332976765,1,0
4357,197338084436,1,0
4358,197343271367,0,0
4359,197348655114,0,0
4360,197354427639,0,0
4361,197360120290,0,0
4362,197365524896,1,0
4363,197370871299,1,0
4364,197375960337,1,0
4365,197381042576,0,0
4366,197386485894,1,0
4367,197391486161,1,0
4368,197396517594,0,0
4369,197402045649,0,0
4370,197407918221,1,0
4371,197413072743,1,0
4372,197418063682,0,0
4373,197423816105,1,0
4374,197428855358,1,0
4375,197433835646,0,0
4376,197439484951,1,0
4377,197444518285,1,0
4378,197449523050,1,0
4379,197454561687,0,0
4380,197460199683,1,0
4381,197465249544,1,0
4382,197470263963,1,0
4383,197475776888,1,0
4384,197480674181,0,0
4385,197486202348,0,0
4386,197491722741,1,0
4387,197496756612,1,0
4388,197501815025,1,0
4389,197506846048,0,0
4390,197512289424,1,0
4391,197517269515,0,0
4392,197522841534,0,0
4393,197528241542,0,0
4394,197533575130,0,0
4395,197539122040,0,0
4396,197544952144,0,0
4397,197550332088,1,0
4398,197555328889,0,0
4399,197560587638,1,0
4400,197565659791,1,0
4401,197570734432,0,0
4402,197576238330,1,0
4403,197581238238,0,0
4404,197586644345,0,0
4405,197592225638,1,0
4406,197597224547,1,0
4407,197602387794,0,0
4408,197607806280,0,0
4409,197613228417,1,0
4410,197618232534,1,0
4411,197623226976,1,0
4412,197628201011,0,0
4413,197633650732,0,0
4414,197639202286,0,0
4415,197644756013,1,0
4416,197649720764,0,0
4417,197655044925,0,0
4418,197660278408,0,0
4419,197665641991,0,0
4420,197671335922,0,0
4421,197676887273,0,0
4422,197682218010,1,0
4423,197687521104,1,0
4424,197693069191,1,0
4425,197698169189,1,0
4426,197703313352,0,0
4427,197708659704,1,0
4428,197713859293,0,0
4429,197719320660,1,0
4430,197724317467,1,0
4431,197729416279,0,0
4432,197734807491,1,0
4433,197739836461,1,0
4434,197744873087,1,0
4435,197749904825,0,0
4436,197755396791,1,0
4437,197760542617,0,0
4438,197766071297,0,0
4439,197771485431,0,0
4440,197777172849,1,0
4441,197782503958,0,0
4442,197787812059,1,0
4443,197792852980,0,0
4444,197798112951,0,0
4445,197803416581,0,0
4446,197808926712,0,0
4447,197814294701,1,0
4448,197819303615,0,0
4449,197825070219,0,0
4450,197830713695,1,0
4451,197835774126,1,0
4452,197840881565,1,0
4453,197845876843,1,0
4454,197850946135,0,0
4455,197856496161,0,0
4456,197861966868,1,0
4457,197867056815,0,0
4458,197872502532,0,0
4459,197878151997,0,0
4460,197883738148,1,0
4461,197888755812,0,0
4462,197894357157,0,0
4463,197900049901,1,0
4464,197905066679,1,0
4465,197910136825,0,0
4466,197915485828,0,0
4467,197920902948,1,0
4468,197925931733,1,0
4469,197931022566,1,0
4470,197936050054,0,0
4471,197941641760,1,0
4472,197946722407,0,0
4473,197952145271,0,0
4474,197957737725,1,0
4475,197962778465,1,0
4476,197967794390,0,0
4477,197973286791,1,0
4478,197978578217,0,0
4479,197984237433,1,0
4480,197989309635,0,0
4481,197994877088,0,0
4482,198000310455,1,0
4483,198005697976,0,0
4484,198011277299,1,0
4485,198016307823,0,0
4486,198021807715,0,0
4487,198027276965,0,0
4488,198032697957,1,0
4489,198037868015,0,0
4490,198043474681,0,0
4491,198048919304,1,0
4492,198054014812,1,0
4493,198059044287,0,0
4494,198064439103,0,0
4495,198069855495,0,0
4496,198075197368,0,0
4497,198080554903,1,0
4498,198085636648,1,0
4499,198090814004,0,0
4500,198096150758,1,0
4501,198101256553,1,0
4502,198106239068,1,0
4503,198111251743,1,0
4504,198116265041,1,0
4505,198121282346,1,0
4506,198126339955,1,0
4507,198131385837,1,0
4508,198136356101,0,0
4509,198141542627,1,0
4510,198146579267,0,0
4511,198151894840,1,0
4512,198156932705,0,0
4513,198162050373,0,0
4514,198167519484,0,0
4515,198173353289,0,0
4516,198179077731,0,0
4517,198184699156,0,0
4518,198190248435,0,0
4519,198195947002,0,0
4520,198201519101,0,0
4521,198207459685,1,0
4522,198212568499,1,0
4523,198217818330,0,0
4524,198223235424,1,0
4525,198228231249,0,0
4526,198233725866,1,0
4527,198238735459,1,0
4528,198243722203,1,0
4529,198248698649,1,0
4530,198253704712,1,0
4531,198258709845,0,0
4532,198264178754,1,0
4533,198269218683,1,0
4534,198274232140,1,0
4535,198279230353,1,0
4536,198284387837,0,0
4537,198289782825,1,0
4538,198294859518,0,0
4539,198300564320,0,0
4540,198309796945,0,0
4541,198315308557,1,0
4542,198320299698,0,0
4543,198325761937,1,0
4544,198330865736,0,0
4545,198336263393,0,0
4546,198341864029,1,0
4547,198346920056,1,0
4548,198352055481,1,0
4549,198357067961,1,0
4550,198362125954,1,0
4551,198367155288,1,0
4552,198372446735,1,0
4553,198377630597,1,0
4554,198382873887,0,0
4555,198388137009,1,0
4556,198393217726,1,0
4557,198398246149,0,0
4558,198403574958,0,0
4559,198408956564,1,0
4560,198414136889,0,0
4561,198419539252,0,0
4562,198424752461,0,0
4563,198429992529,1,0
4564,198435026905,1,0
4565,198440094175,1,0
4566,198445116842,1,0
4567,198450149944,1,0
4568,198455227837,1,0
4569,198460241456,1,0
4570,198465242976,0,0
4571,198470698879,0,0
4572,198476106328,1,0
4573,198481184649,1,0
4574,198486202214,0,0
4575,198491664833,1,0
4576,198496697709,1,0
4577,198501717389,1,0
4578,198506919267,0,0
4579,198512352909,0,0
4580,198517778071,0,0
4581,198523243097,0,0
4582,198528590153,0,0
4583,198534103082,1,0
4584,198539133977,1,0
4585,198544194000,0,0
4586,198549667704,0,0
4587,198555197906,0,0
4588,198560596302,1,0
4589,198565627346,0,0
4590,198571107162,1,0
4591,198576155782,1,0
4592,198581229374,1,0
4593,198586470608,1,0
4594,198591483827,1,0
4595,198596485521,0,0
4596,198601920331,0,0
4597,198607310566,0,0
4598,198612967545,1,0
4599,198618039340,0,0
4600,198623316347,0,0
4601,198628733004,0,0
4602,198634241293,1,0
4603,198639279049,1,0
4604,198644275321,1,0
4605,198649283584,1,0
4606,198654264103,0,0
4607,198659682615,0,0
4608,198665061102,0,0
4609,198670753080,1,0
4610,198675820887,0,0
4611,198681418182,0,0
4612,198687061987,1,0
4613,198692072968,1,0
4614,198697127690,1,0
4615,198702343099,1,0
4616,198707279673,1,0
4617,198712339906,1,0
4618,198717562067,0,0
4619,198723063286,0,0
4620,198728800403,1,0
4621,198733919447,1,0
4622,198738968839,0,0
4623,198744279875,0,0
4624,198749915084,0,0
4625,198755419316,1,0
4626,198760512381,0,0
4627,198766018641,0,0
4628,198771310597,0,0
4629,198777257116,0,0
4630,198782983416,0,0
4631,198788544064,1,0
4632,198793740536,1,0
4633,198798784201,0,0
4634,198804318290,0,0
4635,198809830539,0,0
4636,198815418034,0,0
4637,198821060111,0,0
4638,198826606098,0,0
4639,198832477136,0,0
4640,198838054997,1,0
4641,198843059166,1,0
4642,198848153121,1,0
4643,198853436455,0,0
4644,198859040026,1,0
4645,198864070749,0,0
4646,198869713421,1,0
4647,198875102030,1,0
4648,198880247081,0,0
4649,198885573498,0,0
4650,198890963929,1,0
4651,198896048524,1,0
4652,198901046075,0,0
4653,198906340840,0,0
4654,198911973612,1,0
4655,198917089256,0,0
4656,198922773603,0,0
4657,198928577959,0,0
4658,198934416376,1,0
4659,198939567959,1,0
4660,198944663118,1,0
4661,198949794424,1,0
4662,198954944255,1,0
4663,198960136150,0,0
4664,198965650598,1,0
4665,198970918793,1,0
4666,198976043669,0,0
4667,198981964624,0,0
4668,198987589191,1,0
4669,198993015155,1,0
4670,198998191798,0,0
4671,199003956947,1,0
4672,199008980351,0,0
4673,199014642690,1,0
4674,199020017920,0,0
4675,199025610199,1,0
4676,199030813294,1,0
4677,199035885392,1,0
4678,199040937758,0,0
4679,199046599210,1,0
4680,199051888719,1,0
4681,199057057040,0,0
4682,199062999157,1,0
4683,199068060646,0,0
4684,199073757555,1,0
4685,199079470696,0,0
4686,199085259585,0,0
4687,199091016106,0,0
4688,199096637686,0,0
4689,199102294803,1,0
4690,199107423933,0,0
4691,199113126778,1,0
4692,199118131091,0,0
4693,199123485700,0,0
4694,199128952502,1,0
4695,199133974832,1,0
4696,199139059069,1,0
4697,199144069566,1,0
4698,199149060100,0,0
4699,199154729590,1,0
4700,199159901239,0,0
4701,199165715527,0,0
4702,199171375996,1,0
4703,199176633193,1,0
4704,199181783824,0,0
4705,199187263003,0,0
4706,199192768962,0,0
4707,199198217883,1,0
4708,199203229093,0,0
4709,199208831113,1,0
4710,199213930542,0,0
4711,199219243861,0,0
4712,199224817476,0,0
4713,199230338955,0,0
4714,199236061752,0,0
4715,199241580565,0,0
4716,199247334891,1,0
4717,199252498418,0,0
4718,199257974979,0,0
4719,199263466427,1,0
4720,199268392249,1,0
4721,199273285242,0,0
4722,199278608258,0,0
4723,199284069170,0,0
4724,199289700581,1,0
4725,199294703864,0,0
4726,199300463010,0,0
4727,199306055806,0,0
4728,199311701681,1,0
4729,199316813646,1,0
4730,199321879324,0,0
4731,199327344668,1,0
4732,199332481281,0,0
4733,199338050691,1,0
4734,199343039125,1,0
4735,199348291636,0,0
4736,199354219400,0,0
4737,199359800850,0,0
4738,199365386424,0,0
4739,199371028780,1,0
4740,199376082294,0,0
4741,199381722270,0,0
4742,199387513708,0,0
4743,199393149802,1,0
4744,199398270461,0,0
4745,199403966614,1,0
4746,199409046673,1,0
4747,199414069404,0,0
4748,199419620001,0,0
4749,199425137414,1,0
4750,199430268503,0,0
4751,199436115371,0,0
4752,199441617114,0,0
4753,199447301587,1,0
4754,199452461099,1,0
4755,199457698253,1,0
4756,199462778743,1,0
4757,199467878256,0,0
4758,199473437412,1,0
4759,199478606916,0,0
4760,199484367680,1,0
4761,199489775500,0,0
4762,199495412486,1,0
4763,199500530617,0,0
4764,199506061562,1,0
4765,199511232437,1,0
4766,199516352577,1,0
4767,199521420363,1,0
4768,199526474399,0,0
4769,199531994170,1,0
4770,199537064916,0,0
4771,199542617393,0,0
4772,199548340497,0,0
4773,199553845923,1,0
4774,199559145984,1,0
4775,199564279395,1,0
4776,199569435373,1,0
4777,199574523005,1,0
4778,199579564340,0,0
4779,199585474256,1,0
4780,199590597628,1,0
4781,199595813237,1,0
4782,199600908495,0,0
4783,199606632152,1,0
4784,199611675213,1,0
4785,199616775730,0,0
4786,199622434137,0,0
4787,199628059230,1,0
4788,199633058420,1,0
4789,199638057429,1,0
4790,199643075643,0,0
4791,199648918165,1,0
4792,199653978777,0,0
4793,199659466195,1,0
4794,199664598056,0,0
4795,199670232375,1,0
4796,199675209294,0,0
4797,199680488996,1,0
4798,199685513572,0,0
4799,199690893039,1,0
4800,199695931555,1,0
4801,199700986489,0,0
4802,199706384802,1,0
4803,199711386642,0,0
4804,199716903660,0,0
4805,199722293861,1,0
4806,199727529318,1,0
4807,199732470528,0,0
4808,199737940399,1,0
4809,199742959657,1,0
4810,199747985979,1,0
4811,199753018836,1,0
4812,199758062394,0,0
4813,199763423951,0,0
4814,199768834193,1,0
4815,199773852430,1,0
4816,199778845527,1,0
4817,199783834986,0,0
4818,199789282925,0,0
4819,199794757317,0,0
4820,199800469687,0,0
4821,199806164631,1,0
4822,199811254448,0,0
4823,199816976635,1,0
4824,199821991224,0,0
4825,199827262894,0,0
4826,199832734879,0,0
4827,199838414607,1,0
4828,199843435229,0,0
4829,199848756179,0,0
4830,199854302931,0,0
4831,199860046544,1,0
4832,199865087000,1,0
4833,199870191692,0,0
4834,199875896798,1,0
4835,199881071919,1,0
4836,199886150064,0,0
4837,199892177429,0,0
4838,199897633606,1,0
4839,199902932751,0,0
4840,199908424559,1,0
4841,199913636760,0,0
4842,199919402828,0,0
4843,199925056606,1,0
4844,199930115887,0,0
4845,199935678900,0,0
4846,199941249057,1,0
4847,199946298358,0,0
4848,199952122059,1,0
4849,199957320666,0,0
4850,199962878408,0,0
4851,199968357702,1,0
4852,199973569764,0,0
4853,199979205050,0,0
4854,199984886189,0,0
4855,199990320070,0,0
4856,199995768495,0,0
4857,200001222997,1,0
4858,200006251251,0,0
4859,200011854241,1,0
4860,200016890473,1,0
4861,200021958518,0,0
4862,200027618598,0,0
4863,200033317830,0,0
4864,200038836939,1,0
4865,200043885716,1,0
4866,200048915303,1,0
4867,200053972933,1,0
4868,200059356404,0,0
4869,200064838699,1,0
4870,200069923195,1,0
4871,200074936306,0,0
4872,200080281189,1,0
4873,200085438250,1,0
4874,200090572028,0,0
4875,200095945729,0,0
4876,200101316991,0,0
4877,200106830574,0,0
4878,200112359542,0,0
4879,200117690946,1,0
4880,200122804912,0,0
4881,200128550951,1,0
4882,200133577585,1,0
4883,200138611518,1,0
4884,200143717127,0,0
4885,200149580822,0,0
4886,200155183643,1,0
4887,200160123548,1,0
4888,200165174997,0,0
4889,200170706310,0,0
4890,200176518435,0,0
4891,200182605030,1,0
4892,200188136536,1,0
4893,200193359552,1,0
4894,200198689493,1,0
4895,200203982349,0,0
4896,200209315828,1,0
4897,200214554927,1,0
4898,200219799476,0,0
4899,200225470765,1,0
4900,200230614831,1,0
4901,200235677027,0,0
4902,200241499468,0,0
4903,200247018849,1,0
4904,200252058640,1,0
4905,200257065206,0,0
4906,200262521398,1,0
4907,200267544593,1,0
4908,200272630571,1,0
4909,200277675764,1,0
4910,200282734122,1,0
4911,200287806942,0,0
4912,200293332248,0,0
4913,200298721407,1,0
4914,200303721530,1,0
4915,200308740797,1,0
4916,200313777293,0,0
4917,200319127399,0,0
4918,200324642355,1,0
4919,200329841151,0,0
4920,200335298741,1,0
4921,200340407974,1,0
4922,200345469158,1,0
4923,200350517156,1,0
4924,200355584586,0,0
4925,200360850190,0,0
4926,200366297177,0,0
4927,200371727672,0,0
4928,200377403809,0,0
4929,200382693040,1,0
4930,200387801354,0,0
4931,200393536372,1,0
4932,200398790153,1,0
4933,200404015417,1,0
4934,200409051961,1,0
4935,200414064038,0,0
4936,200419386875,0,0
4937,200424796309,0,0
4938,200430286731,0,0
4939,200435840291,1,0
4940,200440937351,0,0
4941,200446520149,0,0
4942,200452174591,0,0
4943,200458127247,1,0
4944,200463348234,0,0
4945,200468914536,1,0
4946,200473975756,0,0
4947,200479296513,0,0
4948,200484925346,1,0
4949,200489953251,0,0
4950,200495471326,0,0
4951,200501131476,1,0
4952,200506240757,0,0
4953,200511856046,0,0
4954,200517399799,1,0
4955,200522580954,1,0
4956,200527663988,0,0
4957,200533247760,0,0
4958,200538850457,1,0
4959,200543880332,0,0
4960,200549411627,0,0
4961,200554946907,1,0
4962,200560062571,0,0
4963,200565672056,0,0
4964,200571352572,0,0
4965,200576855230,1,0
4966,200581879272,1,0
4967,200586894787,0,0
4968,200592413601,1,0
4969,200597552697,0,0
4970,200602985949,0,0
4971,200608611858,1,0
4972,200613802181,1,0
4973,200618861918,1,0
4974,200623892640,0,0
4975,200629392841,0,0
4976,200634727191,1,0
4977,200639873771,1,0
4978,200644947509,1,0
4979,200650034127,0,0
4980,200655290830,1,0
4981,200660342279,0,0
4982,200665589983,1,0
4983,200670589890,1,0
4984,200675661162,1,0
4985,200680726183,0,0
4986,200686451974,1,0
4987,200691589116,0,0
4988,200697189659,1,0
4989,200702362459,1,0
4990,200707654469,0,0
4991,200713345916,1,0
4992,200718547193,0,0
4993,200724064017,1,0
4994,200729241728,0,0
4995,200734696445,1,0
4996,200739862610,1,0
4997,200744915188,0,0
4998,200750343774,1,0
4999,200755607349,1,0
5000,200760857793,0,0
5001,200766410492,1,0
5002,200771645301,1,0
5003,200776853185,1,0
5004,200781954547,1,0
5005,200787108772,0,0
5006,200792642497,0,0
5007,200798438527,0,0
5008,200803868596,0,0
5009,200809406228,0,0
5010,200814743081,0,0
5011,200820494201,0,0
5012,200826034278,1,0
5013,200831471339,1,0
5014,200836608588,0,0
5015,200842266615,0,0
5016,200847791367,1,0
5017,200853029039,1,0
5018,200858545401,1,0
5019,200863877975,0,0
5020,200869513174,1,0
5021,200874787014,1,0
5022,200880253084,0,0
5023,200885766641,0,0
5024,200891595477,1,0
5025,200896820151,1,0
5026,200901855083,0,0
5027,200907571132,1,0
5028,200912845083,0,0
5029,200918214352,1,0
5030,200923242995,1,0
5031,200928242195,0,0
5032,200933844137,0,0
5033,200939389933,0,0
5034,200944858918,0,0
5035,200950456553,1,0
5036,200955538724,0,0
5037,200961151990,0,0
5038,200966667000,0,0
5039,200972043669,1,0
5040,200977052906,0,0
5041,200982451157,1,0
5042,200987495111,1,0
5043,200992462876,1,0
5044,200997569124,1,0
5045,201002679372,1,0
5046,201007674336,1,0
5047,201012676812,0,0
5048,201018127498,1,0
5049,201023194986,0,0
5050,201028870489,0,0
5051,201034486015,1,0
5052,201039588477,1,0
5053,201044854003,1,0
5054,201049988350,1,0
5055,201055041419,0,0
5056,201060486443,1,0
5057,201065618958,0,0
5058,201071391628,1,0
5059,201076477040,1,0
5060,201081523637,0,0
5061,201087157952,0,0
5062,201092839076,0,0
5063,201098327129,1,0
5064,201103401667,0,0
5065,201108842683,0,0
5066,201114426427,0,0
5067,201120174436,0,0
5068,201125722541,0,0
5069,201131671774,1,0
5070,201137035666,0,0
5071,201142809834,1,0
5072,201148031286,1,0
5073,201153405980,0,0
5074,201159402428,0,0
5075,201164846991,1,0
5076,201170188135,0,0
5077,201175843404,0,0
5078,201181377574,0,0
5079,201187189498,0,0
5080,201193065817,0,0
5081,201198725865,0,0
5082,201204552845,0,0
5083,201210276462,1,0
5084,201215300467,0,0
5085,201220937101,0,0
5086,201226591103,0,0
5087,201232441518,0,0
5088,201238160416,0,0
5089,201243814668,0,0
5090,201249411231,0,0
5091,201255139546,0,0
5092,201260727793,1,0
5093,201265787350,1,0
5094,201270921388,0,0
5095,201276299452,0,0
5096,201281733936,1,0
5097,201286758396,1,0
5098,201291884919,0,0
5099,201297420809,0,0
5100,201303074423,1,0
5101,201308646291,0,0
5102,201314470378,0,0
5103,201320053889,0,0
5104,201325424896,0,0
5105,201331060168,0,0
5106,201336516355,1,0
5107,201341696237,1,0
5108,201346896701,0,0
5109,201352547238,1,0
5110,201357641694,1,0
5111,201362805907,1,0
5112,201368176157,1,0
5113,201373681901,0,0
5114,201379502322,1,0
5115,201384705271,1,0
5116,201389911394,1,0
5117,201395060306,1,0
5118,201400057797,0,0
5119,201405517984,0,0
5120,201411056436,1,0
5121,201416046252,0,0
5122,201421533418,0,0
5123,201427057463,1,0
5124,201431974660,0,0
5125,201437344141,0,0
5126,201442539309,0,0
5127,201447816331,0,0
5128,201453175115,1,0
5129,201458182579,1,0
5130,201463187430,1,0
5131,201468201607,1,0
5132,201473191573,0,0
5133,201478691361,1,0
5134,201483701430,1,0
5135,201488684037,1,0
5136,201493660524,1,0
5137,201498756815,0,0
5138,201504186856,0,0
5139,201509587103,0,0
5140,201514873560,0,0
5141,201520166906,1,0
5142,201525180255,0,0
5143,201530557521,1,0
5144,201535598917,0,0
5145,201541059540,0,0
5146,201546575244,0,0
5147,201551987529,0,0
5148,201557485416,1,0
5149,201562583880,0,0
5150,201568205417,0,0
5151,201573908124,1,0
5152,201578899980,0,0
5153,201584351931,0,0
5154,201589920435,0,0
5155,201595594646,1,0
5156,201600789032,1,0
5157,201605861697,0,0
5158,201611410901,0,0
5159,201617064526,1,0
5160,201622493505,1,0
5161,201627751764,1,0
5162,201632810672,1,0
5163,201637854991,1,0
5164,201642931633,1,0
5165,201647957172,1,0
5166,201653023349,0,0
5167,201658894136,0,0
5168,201664586025,1,0
5169,201669781173,0,0
5170,201675357272,1,0
5171,201680489325,0,0
5172,201686061383,1,0
5173,201691593929,1,0
5174,201696798554,1,0
5175,201701913263,1,0
5176,201707057525,0,0
5177,201712887894,0,0
5178,201718468769,1,0
5179,201723588808,1,0
5180,201728672571,1,0
5181,201733838320,1,0
5182,201738937648,1,0
5183,201744103857,1,0
5184,201749258355,1,0
5185,201754369474,0,0
5186,201760129202,1,0
5187,201765165129,0,0
5188,201770530427,0,0
5189,201776234934,0,0
5190,201781741950,1,0
5191,201786745876,1,0
5192,201791785092,1,0
5193,201796853933,1,0
5194,201802030660,0,0
5195,201807565809,0,0
5196,201813268009,0,0
5197,201818889088,0,0
5198,201824601687,0,0
5199,201830329343,0,0
5200,201835743585,0,0
5201,201841405310,1,0
5202,201846650038,1,0
5203,201851933759,0,0
5204,201857583200,0,0
5205,201863237246,1,0
5206,201868499995,1,0
5207,201873736102,1,0
5208,201878804077,0,0
5209,201884411735,1,0
5210,201889662751,0,0
5211,201895394908,0,0
5212,201900991589,1,0
5213,201906050860,0,0
5214,201911601526,0,0
5215,201917041760,1,0
5216,201922050799,0,0
5217,201927638836,1,0
5218,201932810999,0,0
5219,201938412296,1,0
5220,201943572312,0,0
5221,201949168418,1,0
5222,201954255467,1,0
5223,201959287905,1,0
5224,201964451381,0,0
5225,201969984575,0,0
5226,201975224506,1,0
5227,201980301627,1,0
5228,201985539038,1,0
5229,201990444478,0,0
5230,201996154173,1,0
5231,202001033729,0,0
5232,202006591452,0,0
5233,202012362258,1,0
5234,202017552384,1,0
5235,202022748653,1,0
5236,202027835337,1,0
5237,202032935526,0,0
5238,202038732175,0,0
5239,202044469762,0,0
5240,202049933256,0,0
5241,202055483794,1,0
5242,202060617328,1,0
5243,202065805610,1,0
5244,202070788208,1,0
5245,202075875282,0,0
5246,202081620404,0,0
5247,202087136601,1,0
5248,202092220142,0,0
5249,202097667397,1,0
5250,202102757086,0,0
5251,202108296701,0,0
5252,202113736482,0,0
5253,202119314165,1,0
5254,202124725518,0,0
5255,202130403283,1,0
5256,202135617342,1,0
5257,202140792345,0,0
5258,202146482783,1,0
5259,202151748139,0,0
5260,202157365718,0,0
5261,202162789596,0,0
5262,202168567524,0,0
5263,202174198952,0,0
5264,202179979141,0,0
5265,202185536216,1,0
5266,202190962841,0,0
5267,202196584171,0,0
5268,202202242857,0,0
5269,202208242094,1,0
5270,202213428834,1,0
5271,202218597989,1,0
5272,202223685255,1,0
5273,202228958973,1,0
5274,202234648708,1,0
5275,202239837371,1,0
5276,202245017107,0,0
5277,202250495537,1,0
5278,202255671914,1,0
5279,202260904573,1,0
5280,202266133357,1,0
5281,202271345234,1,0
5282,202276517014,1,0
5283,202281659722,1,0
5284,202286791785,1,0
5285,202292035409,1,0
5286,202297187349,1,0
5287,202302405844,1,0
5288,202307511603,0,0
5289,202312875839,0,0
5290,202318064128,0,0
5291,202323185812,1,0
5292,202328226377,0,0
5293,202333408361,0,0
5294,202338545231,0,0
5295,202343966066,1,0
5296,202349123534,0,0
5297,202354457257,0,0
5298,202359682422,1,0
5299,202364752893,0,0
5300,202370055932,1,0
5301,202375301187,0,0
5302,202380861438,0,0
5303,202386029575,1,0
5304,202391027783,0,0
5305,202396336671,1,0
5306,202401464818,0,0
5307,202406746143,0,0
5308,202412142785,1,0
5309,202417189162,1,0
5310,202422246433,1,0
5311,202427261245,1,0
5312,202432287696,1,0
5313,202437279607,1,0
5314,202442274372,1,0
5315,202447253736,1,0
5316,202452232570,0,0
5317,202457828104,0,0
5318,202463348650,0,0
5319,202468550140,0,0
5320,202473925045,0,0
5321,202479514159,1,0
5322,202484838735,1,0
5323,202489993105,0,0
5324,202495332069,1,0
5325,202500528505,0,0
5326,202505962796,1,0
5327,202511140875,0,0
5328,202516656362,1,0
5329,202521755269,0,0
5330,202527223670,1,0
5331,202532252960,0,0
5332,202537603297,0,0
5333,202543140961,1,0
5334,202548364709,0,0
5335,202553754081,1,0
5336,202558848808,0,0
5337,202564236848,0,0
5338,202569651748,1,0
5339,202574795738,1,0
5340,202580036708,1,0
5341,202585193761,0,0
5342,202590724043,0,0
5343,202596410518,0,0
5344,202601829877,0,0
5345,202607435257,1,0
5346,202612659588,1,0
5347,202618023832,0,0
5348,202623441434,0,0
5349,202628680488,1,0
5350,202633937514,0,0
5351,202639236345,0,0
5352,202644413121,1,0
5353,202649495636,1,0
5354,202654593241,0,0
5355,202659962814,1,0
5356,202665091222,0,0
5357,202670428753,0,0
5358,202675814036,1,0
5359,202680841918,1,0
5360,202685942334,1,0
5361,202691074892,1,0
5362,202696136084,1,0
5363,202701263993,0,0
5364,202706623460,0,0
5365,202712195094,0,0
5366,202717535263,1,0
5367,202722620198,1,0
5368,202727683251,1,0
5369,202732841503,0,0
5370,202738182996,1,0
5371,202743281482,0,0
5372,202748558975,1,0
5373,202753681180,0,0
5374,202758995936,1,0
5375,202764023161,0,0
5376,202769206763,0,0
5377,202774548371,1,0
5378,202779626777,1,0
5379,202784683548,1,0
5380,202789732588,1,0
5381,202794798723,1,0
5382,202799928732,0,0
5383,202805228335,0,0
5384,202810637276,1,0
5385,202815727254,0,0
5386,202821279317,1,0
5387,202826400225,0,0
5388,202832492078,0,0
5389,202838047053,0,0
5390,202843830517,1,0
5391,202849088442,0,0
5392,202854272866,0,0
5393,202859845505,0,0
5394,202865165187,0,0
5395,202870367718,0,0
5396,202875931916,1,0
5397,202881049976,0,0
5398,202886698914,1,0
5399,202891892246,0,0
5400,202897615573,0,0
5401,202903222824,1,0
5402,202908472810,1,0
5403,202913536573,1,0
5404,202918623755,0,0
5405,202924154504,1,0
5406,202929270413,0,0
5407,202934817161,1,0
5408,202939900069,1,0
5409,202945275443,0,0
5410,202950681303,0,0
5411,202956020569,1,0
5412,202961093661,1,0
5413,202966124714,0,0
5414,202971521155,1,0
5415,202976497220,1,0
5416,202981472903,0,0
5417,202987017307,1,0
5418,202992089481,1,0
5419,202997132788,1,0
5420,203002563849,1,0
5421,203007990795,0,0
5422,203013595555,0,0
5423,203019273507,0,0
5424,203024685366,0,0
5425,203030082859,1,0
5426,203035494082,1,0
5427,203040573240,0,0
5428,203046037917,0,0
5429,203051530917,1,0
5430,203056650995,1,0
5431,203061798482,0,0
5432,203067418332,1,0
5433,203072531274,1,0
5434,203077610250,1,0
5435,203082686892,1,0
5436,203087818025,0,0
5437,203093437894,1,0
5438,203098575569,1,0
5439,203103737754,1,0
5440,203108751937,1,0
5441,203113805607,1,0
5442,203118797677,1,0
5443,203123931329,1,0
5444,203128827509,0,0
5445,203134329183,0,0
5446,203139823726,0,0
5447,203145369709,1,0
5448,203150460441,1,0
5449,203155667554,0,0
5450,203161322125,0,0
5451,203166716591,0,0
5452,203172156349,1,0
5453,203177340703,0,0
5454,203182798969,0,0
5455,203188651956,0,0
5456,203194536977,1,0
5457,203199820980,0,0
5458,203205598983,0,0
5459,203211425785,0,0
5460,203216991467,1,0
5461,203222118149,1,0
5462,203227691408,0,0
5463,203233507942,1,0
5464,203238642314,1,0
5465,203243649538,1,0
5466,203248674019,0,0
5467,203254222916,0,0
5468,203259736319,0,0
5469,203265235460,1,0
5470,203270242151,1,0
5471,203275225886,1,0
5472,203280192293,0,0
5473,203285882109,0,0
5474,203291506478,0,0
5475,203297189197,0,0
5476,203302745971,0,0
5477,203308271317,0,0
5478,203313759647,0,0
5479,203319223768,0,0
5480,203324597834,0,0
5481,203329935747,0,0
5482,203335672536,0,0
5483,203341121972,1,0
5484,203346195864,0,0
5485,203351721059,1,0
5486,203356824905,0,0
5487,203362500926,1,0
5488,203367581223,1,0
5489,203372813822,1,0
5490,203377853422,0,0
5491,203383424859,1,0
5492,203388600057,0,0
5493,203394219963,1,0
5494,203399251386,0,0
5495,203404636209,1,0
5496,203409679762,1,0
5497,203414911591,1,0
5498,203420085508,1,0
5499,203425184113,1,0
5500,203430506741,1,0
5501,203435723207,0,0
5502,203441515511,1,0
5503,203446701261,0,0
5504,203452434563,0,0
5505,203458046389,1,0
5506,203463295943,1,0
5507,203468368358,1,0
5508,203473586850,0,0
5509,203479479067,0,0
5510,203485164897,0,0
5511,203490742938,0,0
5512,203496400156,0,0
5513,203501970677,1,0
5514,203507046688,0,0
5515,203512779547,1,0
5516,203518047312,1,0
5517,203523248606,0,0
5518,203528915050,1,0
5519,203534155868,0,0
5520,203539700594,1,0
5521,203544822392,1,0
5522,203549868968,0,0
5523,203555651425,1,0
5524,203560831890,0,0
5525,203566654899,1,0
5526,203571896353,1,0
5527,203577037637,1,0
5528,203582420296,0,0
5529,203588031871,0,0
5530,203593752539,0,0
5531,203599357636,1,0
5532,203604513188,0,0
5533,203610069261,0,0
5534,203615726579,0,0
5535,203621589283,1,0
5536,203626705060,0,0
5537,203632329162,1,0
5538,203637677619,0,0
5539,203643457318,0,0
5540,203649103247,0,0
5541,203654346891,1,0
5542,203659538860,0,0
5543,203665286282,0,0
5544,203670743823,0,0
5545,203676379067,0,0
5546,203681987819,0,0
5547,203687598405,1,0
5548,203692627119,1,0
5549,203697673635,0,0
5550,203703289491,0,0
5551,203708756215,1,0
5552,203713750861,1,0
5553,203718865897,1,0
5554,203723842847,1,0
5555,203728820052,0,0
5556,203734357463,0,0
5557,203739942176,1,0
5558,203744871987,0,0
5559,203750384313,1,0
5560,203755451284,0,0
5561,203760990568,1,0
5562,203766028590,1,0
5563,203771030278,1,0
5564,203776090577,1,0
5565,203781105465,1,0
5566,203786101592,1,0
5567,203791111622,1,0
5568,203796097013,1,0
5569,203801014945,0,0
5570,203806442700,0,0
5571,203811934067,0,0
5572,203817276166,1,0
5573,203822368447,1,0
5574,203827412704,0,0
5575,203833029081,1,0
5576,203838108037,0,0
5577,203843834433,0,0
5578,203849289014,1,0
5579,203854258544,1,0
5580,203859174558,1,0
5581,203864181323,1,0
5582,203869191687,0,0
5583,203874582539,1,0
5584,203879655988,0,0
5585,203884883411,0,0
5586,203890236342,1,0
5587,203895299486,0,0
5588,203900523482,1,0
5589,203905551245,1,0
5590,203910607454,0,0
5591,203916015869,0,0
5592,203921500573,0,0
5593,203926953011,0,0
5594,203932592662,1,0
5595,203937596722,1,0
5596,203942575770,0,0
5597,203948021028,1,0
5598,203953171823,0,0
5599,203958490945,1,0
5600,203963598802,1,0
5601,203968754769,1,0
5602,203974055700,1,0
5603,203979192751,0,0
5604,203984669157,0,0
5605,203990125951,0,0
5606,203995835049,1,0
5607,204000865057,1,0
5608,204005864730,1,0
5609,204010943780,1,0
5610,204016046688,0,0
5611,204021635794,1,0
5612,204026770408,0,0
5613,204032531733,1,0
5614,204037807515,1,0
5615,204042920184,1,0
5616,204047989787,1,0
5617,204053200830,1,0
5618,204058203069,0,0
5619,204063658371,1,0
5620,204068667228,0,0
5621,204074195981,1,0
5622,204079354341,0,0
5623,204084852279,1,0
5624,204089964870,1,0
5625,204095016539,1,0
5626,204100095157,0,0
5627,204105567355,1,0
5628,204110668517,1,0
5629,204115946791,1,0
5630,204121059517,0,0
5631,204126919613,1,0
5632,204132046451,1,0
5633,204137545240,0,0
5634,204143061302,0,0
5635,204148933160,1,0
5636,204154118152,0,0
5637,204159711542,1,0
5638,204164796512,0,0
5639,204170490316,0,0
5640,204175967010,0,0
5641,204181678721,0,0
5642,204187433659,1,0
5643,204192479729,0,0
5644,204197971388,0,0
5645,204203438527,1,0
5646,204208519829,0,0
5647,204214145578,0,0
5648,204219615767,1,0
5649,204224609904,0,0
5650,204230371260,1,0
5651,204235745757,1,0
5652,204241036283,0,0
5653,204246502932,0,0
5654,204252032197,0,0
5655,204257492953,0,0
5656,204263071573,1,0
5657,204268249175,1,0
5658,204273452270,0,0
5659,204278731562,1,0
5660,204283737023,0,0
5661,204289098702,1,0
5662,204294015318,0,0
5663,204299504779,0,0
5664,204304891285,0,0
5665,204310301867,0,0
5666,204315740859,1,0
5667,204320763251,1,0
5668,204325806717,0,0
5669,204331020123,0,0
5670,204336588149,0,0
5671,204342106497,1,0
5672,204347165086,0,0
5673,204352640987,0,0
5674,204358110155,1,0
5675,204363148345,0,0
5676,204368544656,1,0
5677,204373556293,0,0
5678,204379179179,0,0
5679,204384659806,0,0
5680,204390316209,1,0
5681,204395426613,1,0
5682,204400581243,0,0
5683,204406497854,0,0
5684,204412032374,1,0
5685,204416963952,1,0
5686,204422315642,0,0
5687,204427805433,1,0
5688,204432821972,1,0
5689,204438035539,1,0
5690,204443116001,1,0
5691,204448607380,1,0
5692,204453858392,0,0
5693,204459419246,1,0
5694,204464529787,0,0
5695,204470103425,0,0
5696,204475792877,1,0
5697,204480809736,0,0
5698,204486312262,0,0
5699,204491969326,1,0
5700,204496903007,1,0
5701,204502064899,1,0
5702,204507137298,1,0
5703,204512118754,1,0
5704,204517213448,0,0
5705,204523336864,1,0
5706,204528429388,1,0
5707,204533577345,0,0
5708,204539187981,0,0
5709,204544574667,0,0
5710,204550010996,0,0
5711,204555677720,0,0
5712,204561089268,0,0
5713,204566617204,0,0
5714,204572373566,0,0
5715,204577968538,0,0
5716,204583507407,1,0
5717,204588765720,0,0
5718,204594290121,1,0
5719,204599436060,0,0
5720,204605134890,1,0
5721,204610600618,0,0
5722,204616198199,0,0
5723,204621996633,1,0
5724,204627049587,0,0
5725,204632953546,0,0
5726,204638492980,1,0
5727,204643633970,1,0
5728,204648706868,1,0
5729,204653843282,0,0
5730,204659248033,0,0
5731,204664970320,0,0
5732,204670362558,1,0
5733,204675433971,1,0
5734,204680552633,0,0
5735,204686205703,0,0
5736,204691914853,0,0
5737,204697507700,1,0
5738,204702579209,0,0
5739,204708227677,1,0
5740,204713257154,0,0
5741,204719118017,0,0
5742,204725022200,0,0
5743,204730666323,0,0
5744,204736341114,1,0
5745,204741394055,0,0
5746,204747294385,0,0
5747,204753061966,0,0
5748,204758730047,0,0
5749,204764200451,1,0
5750,204769289487,0,0
5751,204775103917,0,0
5752,204780836281,0,0
5753,204786389165,0,0
5754,204792168998,1,0
5755,204797582299,1,0
5756,204802736576,1,0
5757,204807760895,1,0
5758,204812824046,1,0
5759,204817917436,1,0
5760,204822922944,0,0
5761,204828671018,0,0
5762,204834583932,0,0
5763,204840926255,0,0
5764,204846745750,0,0
5765,204852628568,1,0
5766,204857878540,0,0
5767,204863658261,0,0
5768,204869451828,1,0
5769,204874614003,1,0
5770,204879902004,0,0
5771,204885374488,0,0
5772,204891050258,1,0
5773,204896406383,1,0
5774,204901508006,0,0
5775,204907020309,0,0
5776,204912516548,0,0
5777,204918131372,1,0
5778,204923623678,0,0
5779,204929281239,0,0
5780,204934660977,0,0
5781,204940140148,0,0
5782,204945789354,0,0
5783,204951137053,0,0
5784,204956559381,1,0
5785,204961618649,1,0
5786,204966712051,0,0
5787,204972455925,0,0
5788,204977843107,1,0
5789,204982915093,0,0
5790,204988231468,0,0
5791,204993973523,0,0
5792,204999483513,1,0
5793,205004598283,1,0
5794,205009683296,1,0
5795,205014796914,1,0
5796,205019802780,1,0
5797,205025345897,0,0
5798,205030931424,1,0
5799,205036040676,0,0
5800,205041499987,1,0
5801,205046708551,0,0
5802,205052518860,1,0
5803,205058040632,0,0
5804,205063428884,1,0
5805,205068833051,0,0
5806,205074580455,1,0
5807,205079691803,0,0
5808,205085472338,1,0
5809,205090765264,1,0
5810,205095826074,0,0
5811,205101452243,1,0
5812,205106448175,0,0
5813,205112106542,1,0
5814,205117108051,0,0
5815,205122597033,1,0
5816,205127702127,0,0
5817,205133309937,1,0
5818,205138455147,1,0
5819,205143552191,1,0
5820,205148623849,1,0
5821,205153860152,0,0
5822,205159574887,0,0
5823,205165235807,0,0
5824,205170991862,0,0
5825,205176708691,1,0
5826,205181868894,1,0
5827,205187156870,0,0
5828,205192905555,0,0
5829,205198381461,0,0
5830,205204123643,0,0
5831,205210129628,1,0
5832,205215293608,0,0
5833,205221055843,1,0
5834,205226309385,0,0
5835,205231960365,0,0
5836,205237618883,0,0
5837,205243227139,0,0
5838,205249072698,0,0
5839,205254612823,1,0
5840,205259818059,0,0
5841,205265313506,1,0
5842,205270450307,0,0
5843,205275989636,0,0
5844,205281496602,1,0
5845,205286793773,0,0
5846,205292591142,0,0
5847,205298623825,1,0
5848,205303705620,0,0
5849,205309453095,0,0
5850,205315353322,0,0
5851,205321102505,0,0
5852,205326578458,0,0
5853,205332204344,1,0
5854,205337260033,1,0
5855,205342238974,0,0
5856,205347711410,0,0
5857,205353374009,1,0
5858,205358660931,0,0
5859,205364493203,1,0
5860,205369659698,1,0
5861,205374917403,0,0
5862,205380542586,1,0
5863,205385726778,1,0
5864,205390918071,0,0
5865,205396619965,1,0
5866,205401659383,1,0
5867,205406750492,1,0
5868,205411779483,1,0
5869,205416836643,0,0
5870,205422240327,1,0
5871,205427190142,0,0
5872,205432674030,1,0
5873,205437656545,0,0
5874,205443364216,0,0
5875,205448774714,0,0
5876,205454215093,0,0
5877,205459706824,1,0
5878,205464738954,1,0
5879,205469739771,0,0
5880,205475131710,0,0
5881,205480468410,1,0
5882,205485602994,1,0
5883,205490740821,1,0
5884,205495767530,0,0
5885,205501265618,0,0
5886,205506926519,0,0
5887,205512440457,0,0
5888,205518113437,1,0
5889,205523215941,1,0
5890,205528305353,1,0
5891,205533429712,1,0
5892,205538567996,1,0
5893,205543749012,1,0
5894,205548940687,1,0
5895,205553974953,1,0
5896,205559250645,1,0
5897,205564582277,0,0
5898,205570070190,0,0
5899,205575548948,0,0
5900,205581105226,0,0
5901,205586800986,0,0
5902,205592404266,1,0
5903,205597850978,0,0
5904,205603524676,1,0
5905,205608684637,1,0
5906,205613816650,0,0
5907,205619282893,0,0
5908,205624922028,0,0
5909,205630522353,0,0
5910,205636177386,0,0
5911,205641760483,0,0
5912,205647429949,0,0
5913,205653568530,1,0
5914,205658571019,1,0
5915,205663660797,0,0
5916,205669116881,1,0
5917,205674444497,0,0
5918,205679708425,1,0
5919,205684896014,0,0
5920,205690387624,0,0
5921,205695953132,0,0
5922,205701499125,0,0
5923,205707265644,1,0
5924,205712498536,0,0
5925,205717932359,1,0
5926,205722945288,0,0
5927,205728529894,0,0
5928,205733989128,0,0
5929,205739619143,0,0
5930,205745481268,1,0
5931,205750689106,0,0
5932,205756173662,1,0
5933,205761647751,0,0
5934,205767037299,0,0
5935,205772564223,0,0
5936,205778189458,1,0
5937,205783420554,1,0
5938,205788561105,0,0
5939,205793845285,1,0
5940,205798932557,0,0
5941,205804365075,1,0
5942,205809571911,0,0
5943,205815118022,1,0
5944,205820492133,0,0
5945,205826104741,1,0
5946,205831317863,0,0
5947,205836958669,1,0
5948,205842028741,1,0
5949,205847420346,1,0
5950,205852719149,1,0
5951,205857847142,0,0
5952,205863091880,1,0
5953,205868371290,0,0
5954,205873895846,0,0
5955,205879481107,1,0
5956,205884574252,0,0
5957,205889970728,0,0
5958,205895281129,0,0
5959,205900571273,0,0
5960,205905873448,1,0
5961,205910934846,0,0
5962,205916222478,0,0
5963,205921497026,0,0
5964,205926889889,1,0
5965,205931989862,1,0
5966,205937032881,1,0
5967,205942112028,0,0
5968,205947742987,1,0
5969,205952800203,0,0
5970,205958094494,0,0
5971,205963375401,0,0
5972,205969104166,0,0
5973,205974258502,1,0
5974,205979269163,0,0
5975,205984586206,0,0
5976,205990180954,0,0
5977,205995705376,1,0
5978,206000843031,1,0
5979,206005833652,1,0
5980,206010948134,0,0
5981,206016388624,1,0
5982,206021504025,1,0
5983,206026669234,0,0
5984,206031951168,1,0
5985,206037008230,0,0
5986,206042457442,0,0
5987,206047928084,0,0
5988,206053482520,1,0
5989,206058524812,1,0
5990,206063515510,1,0
5991,206068567637,0,0
5992,206074085386,1,0
5993,206079188580,1,0
5994,206084301038,0,0
5995,206089782800,1,0
5996,206095109534,0,0
5997,206100425703,0,0
5998,206105720417,0,0
5999,206111285211,0,0
6000,206116824861,0,0
6001,206122331267,0,0
6002,206128215381,1,0
6003,206133151494,0,0
6004,206139046231,1,0
6005,206144580879,1,0
6006,206149852751,1,0
6007,206154919404,0,0
6008,206160578806,0,0
6009,206166157496,1,0
6010,206171212914,0,0
6011,206176987590,1,0
6012,206182047222,0,0
6013,206188032847,1,0
6014,206193457994,1,0
6015,206198744622,0,0
6016,206204406988,0,0
6017,206209890629,0,0
6018,206215449676,0,0
6019,206221075828,1,0
6020,206226111231,1,0
6021,206231026544,1,0
6022,206236043379,0,0
6023,206241599352,0,0
6024,206247253469,1,0
6025,206252356841,0,0
6026,206258110641,0,0
6027,206263503738,0,0
6028,206269134348,0,0
6029,206274323658,1,0
6030,206279549836,1,0
6031,206284755585,0,0
6032,206290374650,0,0
6033,206295676913,1,0
6034,206300971824,0,0
6035,206306432005,0,0
6036,206312118077,0,0
6037,206317578271,1,0
6038,206322917280,1,0
6039,206327818260,1,0
6040,206332872181,0,0
6041,206338397433,0,0
6042,206344106141,1,0
6043,206349033512,0,0
6044,206354581367,0,0
6045,206360094309,1,0
6046,206365100114,1,0
6047,206370174522,0,0
6048,206375797389,0,0
6049,206381132095,0,0
6050,206386787670,0,0
6051,206392312686,0,0
6052,206398026906,1,0
6053,206403110122,1,0
6054,206408431174,1,0
6055,206413474082,0,0
6056,206419104679,1,0
6057,206424496778,0,0
6058,206430049066,1,0
6059,206435021777,1,0
6060,206440030387,0,0
6061,206445679158,1,0
6062,206450717433,0,0
6063,206456290122,1,0
6064,206461639643,1,0
6065,206466464344,0,0
6066,206472055135,1,0
6067,206477092244,0,0
6068,206482506297,1,0
6069,206487519446,0,0
6070,206493131748,1,0
6071,206498025767,1,0
6072,206503156330,0,0
6073,206508663595,0,0
6074,206514431073,0,0
6075,206519807330,0,0
6076,206525410722,0,0
6077,206530938050,1,0
6078,206536043154,0,0
6079,206541580950,1,0
6080,206546737778,0,0
6081,206552426542,1,0
6082,206557567156,0,0
6083,206563140038,1,0
6084,206568181465,0,0
6085,206574093055,1,0
6086,206579135717,0,0
6087,206584549465,0,0
6088,206590106411,1,0
6089,206595552159,0,0
6090,206601111741,0,0
6091,206607115860,0,0
6092,206612978667,1,0
6093,206617967635,0,0
6094,206623591087,0,0
6095,206629091417,1,0
6096,206634332697,0,0
6097,206639849912,0,0
6098,206645528795,1,0
6099,206650734598,1,0
6100,206655818395,0,0
6101,206661522648,1,0
6102,206666620342,1,0
6103,206671684287,1,0
6104,206676738188,1,0
6105,206681742503,1,0
6106,206686724938,1,0
6107,206691791531,1,0
6108,206696842265,0,0
6109,206702268692,0,0
6110,206707509549,1,0
6111,206712530245,0,0
6112,206718116253,1,0
6113,206723294729,1,0
6114,206728361898,1,0
6115,206733305028,0,0
6116,206738726034,1,0
6117,206743745370,0,0
6118,206748992840,0,0
6119,206754568124,1,0
6120,206759672951,1,0
6121,206764806343,1,0
6122,206770065030,0,0
6123,206775500788,0,0
6124,206780850480,1,0
6125,206786134670,0,0
6126,206791903598,0,0
6127,206797278439,1,0
6128,206802240442,0,0
6129,206807467196,0,0
6130,206812917221,0,0
6131,206818662896,1,0
6132,206823844740,1,0
6133,206828842763,1,0
6134,206833906063,1,0
6135,206838957555,0,0
6136,206844546605,1,0
6137,206849691015,0,0
6138,206855660883,0,0
6139,206861374956,0,0
6140,206866861714,1,0
6141,206871930462,0,0
6142,206877608759,1,0
6143,206882930461,0,0
6144,206888654721,1,0
6145,206893741708,1,0
6146,206898861482,1,0
6147,206903932914,1,0
6148,206909041068,0,0
6149,206914462126,1,0
6150,206919718364,0,0
6151,206925540578,0,0
6152,206931062858,1,0
6153,206936238295,0,0
6154,206941826736,1,0
6155,206946876481,1,0
6156,206952119457,1,0
6157,206957274749,0,0
6158,206962868599,0,0
6159,206968302164,1,0
6160,206973395893,1,0
6161,206978577190,0,0
6162,206984351750,1,0
6163,206989522340,1,0
6164,206994734269,1,0
6165,206999916816,0,0
6166,207005620378,1,0
6167,207010719529,0,0
6168,207016263819,0,0
6169,207021614639,0,0
6170,207027320799,1,0
6171,207032396386,0,0
6172,207038174441,0,0
6173,207043910410,1,0
6174,207048969303,1,0
6175,207054500975,0,0
6176,207059768203,0,0
6177,207065452308,0,0
6178,207071158323,0,0
6179,207076375509,1,0
6180,207081542049,1,0
6181,207086845419,0,0
6182,207092567146,0,0
6183,207098152283,1,0
6184,207103164223,1,0
6185,207108192583,1,0
6186,207113216191,1,0
6187,207118270722,1,0
6188,207123297639,0,0
6189,207128610699,0,0
6190,207134061423,0,0
6191,207139961948,1,0
6192,207145665332,0,0
6193,207151481269,0,0
6194,207157114432,1,0
6195,207162309665,0,0
6196,207167957537,1,0
6197,207173440405,1,0
6198,207178861886,1,0
6199,207184034831,0,0
6200,207189905114,0,0
6201,207195897379,0,0
6202,207202030452,0,0
6203,207207681377,0,0
6204,207213134104,0,0
6205,207218496748,1,0
6206,207223694053,1,0
6207,207229026770,1,0
6208,207234155210,1,0
6209,207239645347,0,0
6210,207245453811,0,0
6211,207251140454,1,0
6212,207256658931,1,0
6213,207261880598,1,0
6214,207267030785,0,0
6215,207272704486,0,0
6216,207278316365,0,0
6217,207283665502,1,0
6218,207288784416,1,0
6219,207294124992,1,0
6220,207299531738,0,0
6221,207305558523,0,0
6222,207311722342,1,0
6223,207316877674,1,0
6224,207322039172,0,0
6225,207327470094,1,0
6226,207332578779,1,0
6227,207337648095,1,0
6228,207342720049,1,0
6229,207347894604,1,0
6230,207352961043,0,0
6231,207358918012,1,0
6232,207364061897,0,0
6233,207369616749,1,0
6234,207374828941,1,0
6235,207379900259,1,0
6236,207384984982,0,0
6237,207390809189,1,0
6238,207396124748,1,0
6239,207401385962,0,0
6240,207407266809,0,0
6241,207412673090,1,0
6242,207417802910,1,0
6243,207423237509,1,0
6244,207428427099,0,0
6245,207433964945,0,0
6246,207439654256,1,0
6247,207444945503,1,0
6248,207450527823,1,0
6249,207455773100,1,0
6250,207460986126,0,0
6251,207466681126,1,0
6252,207471978173,0,0
6253,207477559253,1,0
6254,207482809069,0,0
6255,207488722471,1,0
6256,207493840954,1,0
6257,207498913461,1,0
6258,207504045638,0,0
6259,207509543889,1,0
6260,207514694888,1,0
6261,207519870475,0,0
6262,207525653680,0,0
6263,207531495506,1,0
6264,207536691865,0,0
6265,207542301266,1,0
6266,207547480846,1,0
6267,207552622975,0,0
6268,207558281756,1,0
6269,207563351267,0,0
6270,207568787642,1,0
6271,207573925430,1,0
6272,207578874603,0,0
6273,207584548431,1,0
6274,207589540989,0,0
6275,207595045946,0,0
6276,207600498254,1,0
6277,207605661402,0,0
6278,207611278126,0,0
6279,207616882105,0,0
6280,207622720993,1,0
6281,207627954492,1,0
6282,207633030070,1,0
6283,207638058072,1,0
6284,207643069662,1,0
6285,207648194495,1,0
6286,207653634557,1,0
6287,207658906854,0,0
6288,207664530776,1,0
6289,207669859185,1,0
6290,207674987395,0,0
6291,207680732763,0,0
6292,207686764160,0,0
6293,207692617768,1,0
6294,207697930565,1,0
6295,207703576319,0,0
6296,207709138166,1,0
6297,207714454109,1,0
6298,207719988965,0,0
6299,207725572788,1,0
6300,207730785292,1,0
6301,207736088114,0,0
6302,207742086732,1,0
6303,207747075342,1,0
6304,207752160633,1,0
6305,207757295408,1,0
6306,207762700809,0,0
6307,207768480699,1,0
6308,207773626185,0,0
6309,207779504892,1,0
6310,207784602082,0,0
6311,207790651323,0,0
6312,207796670752,0,0
6313,207802609975,1,0
6314,207808081321,0,0
6315,207813642084,1,0
6316,207818937439,1,0
6317,207824156651,0,0
6318,207829977800,1,0
6319,207835138946,0,0
6320,207840902023,0,0
6321,207846648153,0,0
6322,207852601606,1,0
6323,207857968319,1,0
6324,207863066146,0,0
6325,207868760676,0,0
6326,207874655032,0,0
6327,207880545964,0,0
6328,207886211952,0,0
6329,207892055462,0,0
6330,207897687394,1,0
6331,207902799354,1,0
6332,207907947945,0,0
6333,207913619352,1,0
6334,207918821146,1,0
6335,207923909714,0,0
6336,207929577569,1,0
6337,207934696261,0,0
6338,207940552575,0,0
6339,207946226442,1,0
6340,207951268883,0,0
6341,207957052320,0,0
6342,207962574942,1,0
6343,207967764808,0,0
6344,207973598993,1,0
6345,207978695925,1,0
6346,207983801657,1,0
6347,207988889120,0,0
6348,207994585611,1,0
6349,207999650448,0,0
6350,208005506435,0,0
6351,208011394244,0,0
6352,208017101177,0,0
6353,208022776743,1,0
6354,208028059526,0,0
6355,208033604052,0,0
6356,208039440987,1,0
6357,208044727565,0,0
6358,208050328650,0,0
6359,208056076478,1,0
6360,208060949466,1,0
6361,208066016649,0,0
6362,208071450608,1,0
6363,208076615982,1,0
6364,208081891165,0,0
6365,208087385730,0,0
6366,208093127203,0,0
6367,208098706777,1,0
6368,208103871550,1,0
6369,208109087555,0,0
6370,208114595416,0,0
6371,208120180872,1,0
6372,208125419971,0,0
6373,208131165611,1,0
6374,208136489183,0,0
6375,208142020374,1,0
6376,208147298059,0,0
6377,208152887731,1,0
6378,208157983787,0,0
6379,208163529153,0,0
6380,208169174982,0,0
6381,208174753678,0,0
6382,208180385007,1,0
6383,208185577355,0,0
6384,208191196425,0,0
6385,208197047491,0,0
6386,208202737828,0,0
6387,208208567743,1,0
6388,208213733213,0,0
6389,208219514417,1,0
6390,208224845656,1,0
6391,208229946758,0,0
6392,208235576823,1,0
6393,208240712595,0,0
6394,208246324185,0,0
6395,208251941578,0,0
6396,208257438615,0,0
6397,208263057609,0,0
6398,208268412471,1,0
6399,208273586648,1,0
6400,208278717878,0,0
6401,208284408136,1,0
6402,208289612993,1,0
6403,208295120852,0,0
6404,208300339087,0,0
6405,208306179010,1,0
6406,208311238730,1,0
6407,208316177465,1,0
6408,208321252855,1,0
6409,208326702575,1,0
6410,208331764378,1,0
6411,208336835666,0,0
6412,208342544238,0,0
6413,208348143442,1,0
6414,208353533391,1,0
6415,208358917977,1,0
6416,208364228324,1,0
6417,208369082522,0,0
6418,208374750977,0,0
6419,208380248061,1,0
6420,208385529503,0,0
6421,208391684691,0,0
6422,208397172963,1,0
6423,208402574210,0,0
6424,208408598043,0,0
6425,208414544949,0,0
6426,208420598137,1,0
6427,208426085590,1,0
6428,208431165931,0,0
6429,208436834028,1,0
6430,208442153863,1,0
6431,208447683677,0,0
6432,208453546828,0,0
6433,208459526419,1,0
6434,208464759053,0,0
6435,208470430322,1,0
6436,208475804306,0,0
6437,208481629466,1,0
6438,208486858915,1,0
6439,208492153350,1,0
6440,208497155380,0,0
6441,208502877073,1,0
6442,208508099052,1,0
6443,208513426597,1,0
6444,208518872836,1,0
6445,208524096359,0,0
6446,208529890436,0,0
6447,208535587590,1,0
6448,208540932156,1,0
6449,208546159785,1,0
6450,208551542934,1,0
6451,208556778515,1,0
6452,208561938349,1,0
6453,208567036850,1,0
6454,208572077644,0,0
6455,208577744190,1,0
6456,208582980632,0,0
6457,208588725126,0,0
6458,208594563774,0,0
6459,208600079359,1,0
6460,208605489630,0,0
6461,208611182961,0,0
6462,208616719333,0,0
6463,208622278660,0,0
6464,208627790430,1,0
6465,208632923276,1,0
6466,208637848476,0,0
6467,208643393062,0,0
6468,208649193851,0,0
6469,208654636971,0,0
6470,208660225773,0,0
6471,208665993926,1,0
6472,208671026157,0,0
6473,208676563199,1,0
6474,208681731333,1,0
6475,208686938654,1,0
6476,208692414007,0,0
6477,208697734927,0,0
6478,208703668060,0,0
6479,208709471837,0,0
6480,208714983641,1,0
6481,208720096400,0,0
6482,208725988960,1,0
6483,208731036713,1,0
6484,208736183160,0,0
6485,208741908474,1,0
6486,208746964374,1,0
6487,208752030989,0,0
6488,208757707262,1,0
6489,208762989188,0,0
6490,208768650536,0,0
6491,208774553373,1,0
6492,208779746675,0,0
6493,208785620143,1,0
6494,208790824123,0,0
6495,208796588898,0,0
6496,208802463644,0,0
6497,208808014407,1,0
6498,208813032997,1,0
6499,208818083492,1,0
6500,208823125721,1,0
6501,208828283461,0,0
6502,208834079109,1,0
6503,208839229297,0,0
6504,208845047241,0,0
6505,208851093216,0,0
6506,208856825459,1,0
6507,208862055743,0,0
6508,208867526155,1,0
6509,208872743432,0,0
6510,208878333307,0,0
6511,208883925327,1,0
6512,208889044289,1,0
6513,208894164828,0,0
6514,208899682130,1,0
6515,208904975937,1,0
6516,208910052089,0,0
6517,208915545378,1,0
6518,208920767786,0,0
6519,208926444685,1,0
6520,208931645480,1,0
6521,208936936370,0,0
6522,208942726977,1,0
6523,208947962080,1,0
6524,208953088561,0,0
6525,208958647385,1,0
6526,208963624260,0,0
6527,208969021334,1,0
6528,208975190448,1,0
6529,208980222216,1,0
6530,208985285588,0,0
6531,208990975686,0,0
6532,208997163884,1,0
6533,209003314646,1,0
6534,209009721313,0,0
6535,209015442829,1,0
6536,209020631332,1,0
6537,209025701799,1,0
6538,209031021594,1,0
6539,209036065895,1,0
6540,209041523350,0,0
6541,209047284003,1,0
6542,209052432109,0,0
6543,209057958284,0,0
6544,209064045424,1,0
6545,209069974578,0,0
6546,209075149572,0,0
6547,209080517205,1,0
6548,209085561831,1,0
6549,209090587750,1,0
6550,209096192492,1,0
6551,209100991093,1,0
6552,209108031983,1,0
6553,209113147174,0,0
6554,209118611802,0,0
6555,209124945620,0,0
6556,209130593106,1,0
6557,209136034360,0,0
6558,209141614419,1,0
6559,209147189181,1,0
6560,209152237927,0,0
6561,209157804191,0,0
6562,209163243493,1,0
6563,209168243356,0,0
6564,209173578417,0,0
6565,209179296169,1,0
6566,209184246865,1,0
6567,209189231435,1,0
6568,209194253335,0,0
6569,209199730694,1,0
6570,209204714730,0,0
6571,209210028007,1,0
6572,209215018093,0,0
6573,209220236733,0,0
6574,209225562470,0,0
6575,209230760440,1,0
6576,209235755427,0,0
6577,209240940599,1,0
6578,209245874097,1,0
6579,209250791027,1,0
6580,209255714472,1,0
6581,209260812160,0,0
6582,209266199906,0,0
6583,209271639971,0,0
6584,209276967716,1,0
6585,209281903813,0,0
6586,209287304861,0,0
6587,209292499869,1,0
6588,209297470161,1,0
6589,209302382547,1,0
6590,209308356779,0,0
6591,209313539721,0,0
6592,209318713462,0,0
6593,209323827206,1,0
6594,209328752639,0,0
6595,209333992656,0,0
6596,209339371577,1,0
6597,209344274756,1,0
6598,209349213579,1,0
6599,209355232178,0,0
6600,209360612380,0,0
6601,209365964515,0,0
6602,209371299404,0,0
6603,209376684882,1,0
6604,209381684068,0,0
6605,209387131833,1,0
6606,209392012466,0,0
6607,209397160303,1,0
6608,209402109302,1,0
6609,209407014046,1,0
6610,209411986884,1,0
6611,209416940952,0,0
6612,209422340780,0,0
6613,209427479741,1,0
6614,209432803068,1,0
6615,209437782665,0,0
6616,209443110070,0,0
6617,209448504171,1,0
6618,209453473631,0,0
6619,209458665559,0,0
6620,209463950971,1,0
6621,209469232008,1,0
6622,209474909039,0,0
6623,209480376272,1,0
6624,209486344880,1,0
6625,209492209651,0,0
6626,209497490472,1,0
6627,209503222996,1,0
6628,209509190002,1,0
6629,209514206378,1,0
6630,209520089021,0,0
6631,209525223482,1,0
6632,209530748661,1,0
6633,209535342984,1,0
6634,209540457794,1,0
6635,209545377890,0,0
6636,209550848873,0,0
6637,209556122550,1,0
6638,209561186244,0,0
6639,209566478495,1,0
6640,209571443594,0,0
6641,209576682385,0,0
6642,209581954431,1,0
6643,209587035613,0,0
6644,209592584514,1,0
6645,209597645722,0,0
6646,209603190585,0,0
6647,209608836561,1,0
6648,209613979235,0,0
6649,209619885363,1,0
6650,209625066796,0,0
6651,209630813365,1,0
6652,209636444915,0,0
6653,209642076631,0,0
6654,209647780113,1,0
6655,209652943190,1,0
6656,209657976186,0,0
6657,209663524273,0,0
6658,209669415994,0,0
6659,209675152736,1,0
6660,209680474639,1,0
6661,209685703498,1,0
6662,209690903463,1,0
6663,209695946481,0,0
6664,209701704014,0,0
6665,209707528171,1,0
6666,209712755944,0,0
6667,209718351990,1,0
6668,209723509034,1,0
6669,209728514570,1,0
6670,209733543591,0,0
6671,209739125873,0,0
6672,209744777785,0,0
6673,209750270054,0,0
6674,209755778902,1,0
6675,209760903252,1,0
6676,209766027108,1,0
6677,209771205440,1,0
6678,209776349187,1,0
6679,209781473816,0,0
6680,209786719732,0,0
6681,209792182350,0,0
6682,209797694012,0,0
6683,209803153671,0,0
6684,209808929992,0,0
6685,209814414987,1,0
6686,209819732343,1,0
6687,209824814527,1,0
6688,209830160125,1,0
6689,209835577787,0,0
6690,209841509979,1,0
6691,209846697372,1,0
6692,209851837608,0,0
6693,209857584535,0,0
6694,209863342284,0,0
6695,209869079638,0,0
6696,209874574994,0,0
6697,209880178880,0,0
6698,209886045456,1,0
6699,209891529264,1,0
6700,209896861163,1,0
6701,209902081053,1,0
6702,209907282155,0,0
6703,209912800314,1,0
6704,209917983727,0,0
6705,209923392058,1,0
6706,209928613137,1,0
6707,209933860031,0,0
6708,209939491235,1,0
6709,209944487815,0,0
6710,209950254046,0,0
6711,209955806974,0,0
6712,209961441988,0,0
6713,209967049451,1,0
6714,209972073394,1,0
6715,209977242349,1,0
6716,209982573013,0,0
6717,209988379372,0,0
6718,209994287827,0,0
6719,210000079674,1,0
6720,210005228742,1,0
6721,210010330317,0,0
6722,210016338184,1,0
6723,210021647287,0,0
6724,210027174867,0,0
6725,210032847624,0,0
6726,210038414834,1,0
6727,210043810718,0,0
6728,210049490978,0,0
6729,210055204856,0,0
6730,210060985188,1,0
6731,210066239216,0,0
6732,210071982356,1,0
6733,210077182718,0,0
6734,210082799513,0,0
6735,210088570138,0,0
6736,210094246295,1,0
6737,210099617975,0,0
6738,210105440685,1,0
6739,210110687216,0,0
6740,210116042049,0,0
6741,210121507153,1,0
6742,210126560948,1,0
6743,210131580890,1,0
6744,210136612527,1,0
6745,210141693016,1,0
6746,210146794096,1,0
6747,210152019256,0,0
6748,210157738836,1,0
6749,210163172953,0,0
6750,210169067070,0,0
6751,210175076859,0,0
6752,210181440694,0,0
6753,210187083279,0,0
6754,210192777838,1,0
6755,210198022509,1,0
6756,210203112132,0,0
6757,210208660565,1,0
6758,210213847830,1,0
6759,210218869319,0,0
6760,210224478541,0,0
6761,210230271620,0,0
6762,210236067756,1,0
6763,210241121236,0,0
6764,210246712309,0,0
6765,210252254519,1,0
6766,210257252427,0,0
6767,210262883768,0,0
6768,210268666538,0,0
6769,210274502591,1,0
6770,210279686197,1,0
6771,210284796633,1,0
6772,210289771317,1,0
6773,210294823161,1,0
6774,210299861315,1,0
6775,210304862877,0,0
6776,210310401290,0,0
6777,210315959566,1,0
6778,210321013736,1,0
6779,210326054829,0,0
6780,210331618438,0,0
6781,210337554047,0,0
6782,210343203658,0,0
6783,210349050302,0,0
6784,210354495340,0,0
6785,210360119139,0,0
6786,210365252743,0,0
6787,210370797047,1,0
6788,210375833027,0,0
6789,210381259379,0,0
6790,210386992612,1,0
6791,210392017827,1,0
6792,210397067741,0,0
6793,210402686759,1,0
6794,210408035221,0,0
6795,210413678250,0,0
6796,210419383495,0,0
6797,210424731945,1,0
6798,210429927983,0,0
6799,210435327293,0,0
6800,210441040026,1,0
6801,210446018607,0,0
6802,210451579137,1,0
6803,210456760430,1,0
6804,210461982598,1,0
6805,210467031109,0,0
6806,210472411026,0,0
6807,210477965676,1,0
6808,210483174454,0,0
6809,210488540419,0,0
6810,210493954558,1,0
6811,210498984988,1,0
6812,210504036511,0,0
6813,210509859308,1,0
6814,210514901572,0,0
6815,210520495621,1,0
6816,210525568227,1,0
6817,210530689407,0,0
6818,210536277411,1,0
6819,210541365991,1,0
6820,210546589675,1,0
6821,210551782726,0,0
6822,210557412689,0,0
6823,210562751228,1,0
6824,210568025071,1,0
6825,210573042867,1,0
6826,210578041042,1,0
6827,210583155921,1,0
6828,210588208705,1,0
6829,210593269413,1,0
6830,210598192161,0,0
6831,210603821641,1,0
6832,210608869635,0,0
6833,210614516952,1,0
6834,210619845352,0,0
6835,210625341752,1,0
6836,210630566047,1,0
6837,210635697373,1,0
6838,210640746520,0,0
6839,210646308675,0,0
6840,210651795666,0,0
6841,210657402563,0,0
6842,210663097916,1,0
6843,210668145955,1,0
6844,210673082869,0,0
6845,210678869499,0,0
6846,210684573926,0,0
6847,210690178230,1,0
6848,210695241493,1,0
6849,210700272504,1,0
6850,210705301065,0,0
6851,210710883449,0,0
6852,210716383176,1,0
6853,210721567982,1,0
6854,210726572543,1,0
6855,210731562379,0,0
6856,210737165575,0,0
6857,210742676268,0,0
6858,210748305374,0,0
6859,210753940130,1,0
6860,210758971769,0,0
6861,210764417179,0,0
6862,210770042267,1,0
6863,210775056009,0,0
6864,210780969718,0,0
6865,210786669113,0,0
6866,210792285624,1,0
6867,210797360382,0,0
6868,210803097857,0,0
6869,210808596903,0,0
6870,210814072618,1,0
6871,210819176887,1,0
6872,210824203746,1,0
6873,210829280210,0,0
6874,210834996016,1,0
6875,210840053112,1,0
6876,210845041901,1,0
6877,210850050733,1,0
6878,210855144030,0,0
6879,210860870453,0,0
6880,210866333280,1,0
6881,210871468550,0,0
6882,210877128578,1,0
6883,210882221368,0,0
6884,210887861196,1,0
6885,210892917095,1,0
6886,210897952382,1,0
6887,210903021281,0,0
6888,210908592167,1,0
6889,210913696997,0,0
6890,210919265622,1,0
6891,210924204344,1,0
6892,210929213764,1,0
6893,210934289448,0,0
6894,210939897625,0,0
6895,210945404229,0,0
6896,210951139312,0,0
6897,210956389072,1,0
6898,210961582495,0,0
6899,210967153390,0,0
6900,210972373283,1,0
6901,210977515878,1,0
6902,210982645099,1,0
6903,210987662554,1,0
6904,210992688562,0,0
6905,210998169791,1,0
6906,211003182158,1,0
6907,211008197981,0,0
6908,211013869268,0,0
6909,211019435029,0,0
6910,211025062661,1,0
6911,211030218590,0,0
6912,211035830225,1,0
6913,211040856246,1,0
6914,211045972508,1,0
6915,211051421023,0,0
6916,211057308795,0,0
6917,211063072905,0,0
6918,211068718581,0,0
6919,211074531557,1,0
6920,211079831882,0,0
6921,211085577877,1,0
6922,211090905753,1,0
6923,211096024200,1,0
6924,211101114499,1,0
6925,211106312258,0,0
6926,211112183142,1,0
6927,211117768523,1,0
6928,211122977546,0,0
6929,211128726468,0,0
6930,211134514550,1,0
6931,211139808865,1,0
6932,211145082669,0,0
6933,211150501415,0,0
6934,211156310556,1,0
6935,211161465411,0,0
6936,211167119834,0,0
6937,211172777547,0,0
6938,211178525177,1,0
6939,211183471394,1,0
6940,211188800563,0,0
6941,211194457616,1,0
6942,211199693531,1,0
6943,211204790619,0,0
6944,211210333764,1,0
6945,211215412651,1,0
6946,211220610428,0,0
6947,211226296821,0,0
6948,211231817314,0,0
6949,211237335006,1,0
6950,211242523039,1,0
6951,211247736420,1,0
6952,211252862466,1,0
6953,211257959187,0,0
6954,211263598960,1,0
6955,211268789904,0,0
6956,211274313529,0,0
6957,211279830596,0,0
6958,211285429008,1,0
6959,211290672897,1,0
6960,211295843566,1,0
6961,211300986463,1,0
6962,211306068341,1,0
6963,211311350926,1,0
6964,211316412484,1,0
6965,211321685893,1,0
6966,211326893703,1,0
6967,211331925914,1,0
6968,211337018642,1,0
6969,211342056443,0,0
6970,211347558691,0,0
6971,211352932432,0,0
6972,211358428677,1,0
6973,211363669351,0,0
6974,211369115658,0,0
6975,211374513389,0,0
6976,211379954227,1,0
6977,211385066055,1,0
6978,211390173294,1,0
6979,211395329206,0,0
6980,211400937077,1,0
6981,211406064088,0,0
6982,211411873248,0,0
6983,211417612012,1,0
6984,211422744708,0,0
6985,211428201804,0,0
6986,211433821750,0,0
6987,211439670273,0,0
6988,211445306072,1,0
6989,211450531076,1,0
6990,211455966614,1,0
6991,211461016801,0,0
6992,211466411805,1,0
6993,211471571136,1,0
6994,211476543181,0,0
6995,211482236505,0,0
6996,211487979480,1,0
6997,211493095561,0,0
6998,211498411768,0,0
6999,211503783988,0,0
7000,211509390103,0,0
7001,211515051971,0,0
7002,211520636066,0,0
7003,211526081750,1,0
7004,211531183681,0,0
7005,211536847086,1,0
7006,211542223233,0,0
7007,211547959725,0,0
7008,211553888741,0,0
7009,211559448909,1,0
7010,211564821293,0,0
7011,211570375446,0,0
7012,211576139812,1,0
7013,211581138547,0,0
7014,211586880645,1,0
7015,211592018730,0,0
7016,211597631358,1,0
7017,211602754187,0,0
7018,211608232718,0,0
7019,211613733773,0,0
7020,211619488189,1,0
7021,211624752195,0,0
7022,211630411898,0,0
7023,211635958172,1,0
7024,211641055259,0,0
7025,211646581850,0,0
7026,211652067975,0,0
7027,211657875325,1,0
7028,211662994837,0,0
7029,211668337446,0,0
7030,211673749729,0,0
7031,211679203603,1,0
7032,211684306153,1,0
7033,211689693174,1,0
7034,211694788583,0,0
7035,211700286466,0,0
7036,211705847438,0,0
7037,211711219353,1,0
7038,211716361673,0,0
7039,211722114396,0,0
7040,211727741024,0,0
7041,211733347015,0,0
7042,211739220944,1,0
7043,211744291832,0,0
7044,211750098019,0,0
7045,211755986578,0,0
7046,211761457432,0,0
7047,211766990983,0,0
7048,211772743409,1,0
7049,211777972584,1,0
7050,211783053434,0,0
7051,211788891903,1,0
7052,211794062837,0,0
7053,211800128502,1,0
7054,211805228070,1,0
7055,211810383782,0,0
7056,211816604169,0,0
7057,211822297084,0,0
7058,211828072662,0,0
7059,211833581369,1,0
7060,211838660738,1,0
7061,211843710770,0,0
7062,211849635798,1,0
7063,211854695638,0,0
7064,211860178952,0,0
7065,211865549245,0,0
7066,211871133993,1,0
7067,211876230519,0,0
7068,211882071053,0,0
7069,211887864566,0,0
7070,211893366139,1,0
7071,211898458892,0,0
7072,211904164695,0,0
7073,211909663398,0,0
7074,211915225630,1,0
7075,211920499750,1,0
7076,211925658250,0,0
7077,211931154124,1,0
7078,211936222285,1,0
7079,211941250787,0,0
7080,211946792264,0,0
7081,211952435108,0,0
7082,211958166872,0,0
7083,211963549123,1,0
7084,211968666601,0,0
7085,211974022266,0,0
7086,211979532119,0,0
7087,211985118929,0,0
7088,211990747611,0,0
7089,211996077065,0,0
7090,212001610032,0,0
7091,212007127775,1,0
7092,212012155702,1,0
7093,212017278944,1,0
7094,212022315651,1,0
7095,212027373916,1,0
7096,212032419436,1,0
7097,212037610101,1,0
7098,212042784465,1,0
7099,212047794515,1,0
7100,212052997441,0,0
7101,212058255371,1,0
7102,212063269426,0,0
7103,212068861263,1,0
7104,212073961592,0,0
7105,212079260576,1,0
7106,212084384119,1,0
7107,212089716975,0,0
7108,212095249549,1,0
7109,212100248146,1,0
7110,212105232100,1,0
7111,212110305483,1,0
7112,212115338403,1,0
7113,212120351325,0,0
7114,212126061558,1,0
7115,212131186506,1,0
7116,212136360484,0,0
7117,212142160365,0,0
7118,212147439762,0,0
7119,212153128244,1,0
7120,212158249690,0,0
7121,212164125440,0,0
7122,212169675717,0,0
7123,212175184311,1,0
7124,212180278762,1,0
7125,212185395894,1,0
7126,212190580781,1,0
7127,212195621378,1,0
7128,212200773432,1,0
7129,212205852604,1,0
7130,212210873886,0,0
7131,212216583609,0,0
7132,212222365588,1,0
7133,212227429250,1,0
7134,212232497788,0,0
7135,212238370895,1,0
7136,212243659607,0,0
7137,212249338799,0,0
7138,212255155100,0,0
7139,212260618547,1,0
7140,212265605958,0,0
7141,212271058759,1,0
7142,212276056643,1,0
7143,212281157490,1,0
7144,212286166568,1,0
7145,212291141870,1,0
7146,212296162915,1,0
7147,212301210466,0,0
7148,212306812306,1,0
7149,212311951240,0,0
7150,212317266183,0,0
7151,212323027174,0,0
7152,212328407488,0,0
7153,212333898145,1,0
7154,212339028442,1,0
7155,212344070352,0,0
7156,212349442674,0,0
7157,212354891280,0,0
7158,212360204774,0,0
7159,212365620099,1,0
7160,212370726047,0,0
7161,212376065520,1,0
7162,212381137444,0,0
7163,212386503850,0,0
7164,212392065263,1,0
7165,212397131557,1,0
7166,212402180456,0,0
7167,212407932652,1,0
7168,212413123643,1,0
7169,212418135719,1,0
7170,212423254875,1,0
7171,212428339789,1,0
7172,212433511851,0,0
7173,212438828761,1,0
7174,212443896420,0,0
7175,212449795963,1,0
7176,212454820957,0,0
7177,212460361424,1,0
7178,212465573810,0,0
7179,212471342282,1,0
7180,212476485665,1,0
7181,212481722856,1,0
7182,212486867293,1,0
7183,212491893939,0,0
7184,212497501792,1,0
7185,212502671237,0,0
7186,212508085523,1,0
7187,212513128322,1,0
7188,212518163203,0,0
7189,212523810045,0,0
7190,212529409573,1,0
7191,212534464511,1,0
7192,212539657476,1,0
7193,212544672020,1,0
7194,212549819350,0,0
7195,212555565720,1,0
7196,212560597888,0,0
7197,212566210850,1,0
7198,212571339315,0,0
7199,212576751335,0,0
7200,212582113142,1,0
7201,212587163076,1,0
7202,212592186360,0,0
7203,212597827553,1,0
7204,212602869049,0,0
7205,212608349937,1,0
7206,212613467024,0,0
7207,212619157938,1,0
7208,212624125333,1,0
7209,212629153533,1,0
7210,212634224679,0,0
7211,212639845592,1,0
7212,212644842128,1,0
7213,212649883949,0,0
7214,212655363161,0,0
7215,212660947244,1,0
7216,212665977835,1,0
7217,212671273393,0,0
7218,212676761081,0,0
7219,212682367223,0,0
7220,212688020138,1,0
7221,212693148944,0,0
7222,212699092449,1,0
7223,212704353167,1,0
7224,212709592144,1,0
7225,212714762244,0,0
7226,212720206304,0,0
7227,212726054667,1,0
7228,212731120162,1,0
7229,212736214897,0,0
7230,212741891228,0,0
7231,212747335949,0,0
7232,212752975660,1,0
7233,212758023567,0,0
7234,212763750474,0,0
7235,212769339566,0,0
7236,212774933730,0,0
7237,212780444744,0,0
7238,212786068841,1,0
7239,212791205354,0,0
7240,212796842410,1,0
7241,212801859225,0,0
7242,212807374711,1,0
7243,212812462089,1,0
7244,212817633590,0,0
7245,212823158163,0,0
7246,212828668121,1,0
7247,212833756589,0,0
7248,212839264442,1,0
7249,212844235615,0,0
7250,212850129675,0,0
7251,212855693095,1,0
7252,212860860985,1,0
7253,212865990001,0,0
7254,212871547998,0,0
7255,212877022245,0,0
7256,212882288734,1,0
7257,212887235571,0,0
7258,212892470659,1,0
7259,212897499970,0,0
7260,212902786869,0,0
7261,212908486330,0,0
7262,212913914661,0,0
7263,212919377483,0,0
7264,212924779030,0,0
7265,212930197991,1,0
7266,212935081104,1,0
7267,212940217985,0,0
7268,212945675664,1,0
7269,212950906466,0,0
7270,212956224627,1,0
7271,212961242100,0,0
7272,212966851518,1,0
7273,212971848551,0,0
7274,212977198229,1,0
7275,212982195898,0,0
7276,212987651557,0,0
7277,212993153878,0,0
7278,212998460572,0,0
7279,213004047285,0,0
7280,213009413177,1,0
7281,213014489316,1,0
7282,213019603090,0,0
7283,213025110868,1,0
7284,213030063302,0,0
7285,213035688855,0,0
7286,213041048826,1,0
7287,213046194220,1,0
7288,213051325410,1,0
7289,213056483519,1,0
7290,213061471560,1,0
7291,213066679880,0,0
7292,213072402398,1,0
7293,213077591033,0,0
7294,213083119864,0,0
7295,213088638526,1,0
7296,213093932923,0,0
7297,213099446809,1,0
7298,213104740529,1,0
7299,213109916920,0,0
7300,213115635394,0,0
7301,213121235294,0,0
7302,213126867511,1,0
7303,213132067022,0,0
7304,213137693354,1,0
7305,213142758182,0,0
7306,213148321506,0,0
7307,213153840663,1,0
7308,213158923033,1,0
7309,213164082178,0,0
7310,213169736935,0,0
7311,213175221812,1,0
7312,213180326535,0,0
7313,213185813644,1,0
7314,213190897512,1,0
7315,213195964648,0,0
7316,213202163953,1,0
7317,213207250716,1,0
7318,213212288130,0,0
7319,213217768153,0,0
7320,213223158963,0,0
7321,213228451776,1,0
7322,213233545399,1,0
7323,213238578177,1,0
7324,213243633137,0,0
7325,213249051783,0,0
7326,213254988623,0,0
7327,213260596192,0,0
7328,213266304189,1,0
7329,213271350705,1,0
7330,213276600290,1,0
7331,213281796390,1,0
7332,213286876986,0,0
7333,213292652445,0,0
7334,213298287607,1,0
7335,213303352951,0,0
7336,213308847814,1,0
7337,213313839036,0,0
7338,213319318066,1,0
7339,213324367223,0,0
7340,213329981706,1,0
7341,213334946973,0,0
7342,213340421046,1,0
7343,213345551652,1,0
7344,213350795447,0,0
7345,213356317548,0,0
7346,213362024231,1,0
7347,213367029627,0,0
7348,213372534461,0,0
7349,213378075058,1,0
7350,213383159553,0,0
7351,213388676177,0,0
7352,213394303351,1,0
7353,213399473261,0,0
7354,213404877318,1,0
7355,213410028100,0,0
7356,213415443480,0,0
7357,213421046312,0,0
7358,213426361844,0,0
7359,213431908727,1,0
7360,213437071342,1,0
7361,213442150721,0,0
7362,213447734652,1,0
7363,213452789036,0,0
7364,213458144360,1,0
7365,213463225180,0,0
7366,213468461789,0,0
7367,213473928813,1,0
7368,213479023369,0,0
7369,213484370193,1,0
7370,213489381966,0,0
7371,213494826404,1,0
7372,213499889346,0,0
7373,213505300658,1,0
7374,213510308079,1,0
7375,213515320858,1,0
7376,213520453239,0,0
7377,213525975690,0,0
7378,213531655183,1,0
7379,213536776317,0,0
7380,213542378545,1,0
7381,213547690453,1,0
7382,213552888547,0,0
7383,213558503137,0,0
7384,213564098585,1,0
7385,213569212691,0,0
7386,213574998345,1,0
7387,213580084282,1,0
7388,213585253493,1,0
7389,213590327499,1,0
7390,213595547865,1,0
7391,213600719386,0,0
7392,213606322110,1,0
7393,213611468249,1,0
7394,213616813450,1,0
7395,213621867591,0,0
7396,213627658533,0,0
7397,213633052296,1,0
7398,213638213454,1,0
7399,213643485676,1,0
7400,213648718994,0,0
7401,213654349538,1,0
7402,213659489094,1,0
7403,213664749665,1,0
7404,213669976295,1,0
7405,213675077761,1,0
7406,213680148602,1,0
7407,213685250766,1,0
7408,213690328417,0,0
7409,213695803208,1,0
7410,213700931656,0,0
7411,213706827294,0,0
7412,213712557541,0,0
7413,213718187141,0,0
7414,213723921243,1,0
7415,213729048848,0,0
7416,213734853799,1,0
7417,213740355538,1,0
7418,213745674649,1,0
7419,213751020300,1,0
7420,213756063425,0,0
7421,213761727328,0,0
7422,213767417110,1,0
7423,213772484759,0,0
7424,213778249144,0,0
7425,213783706962,0,0
7426,213789359103,0,0
7427,213794895245,0,0
7428,213800499545,1,0
7429,213805754925,0,0
7430,213811316177,0,0
7431,213816946200,1,0
7432,213822078740,1,0
7433,213827261024,0,0
7434,213833028839,1,0
7435,213838042103,0,0
7436,213843797172,0,0
7437,213849234803,0,0
7438,213854813495,1,0
7439,213859881976,1,0
7440,213864987328,0,0
7441,213870349914,1,0
7442,213875332690,1,0
7443,213880486216,1,0
7444,213885543502,1,0
7445,213890806703,1,0
7446,213895978878,0,0
7447,213901504407,0,0
7448,213907067091,1,0
7449,213912159181,1,0
7450,213917137336,0,0
7451,213922870476,1,0
7452,213927909120,0,0
7453,213933477839,0,0
7454,213939269379,0,0
7455,213944859994,1,0
7456,213949860225,1,0
7457,213954892525,1,0
7458,213959963964,1,0
7459,213965024710,1,0
7460,213970077152,0,0
7461,213975903475,0,0
7462,213981491850,0,0
7463,213987020521,1,0
7464,213992013505,0,0
7465,213997497694,0,0
7466,214003069314,0,0
7467,214008538536,1,0
7468,214013819108,1,0
7469,214018845239,1,0
7470,214023927245,0,0
7471,214029507353,1,0
7472,214034721711,1,0
7473,214039740752,1,0
7474,214044748514,0,0
7475,214050059835,1,0
7476,214055064212,0,0
7477,214060672364,1,0
7478,214065695352,0,0
7479,214071068474,0,0
7480,214076706203,0,0
7481,214082361057,1,0
7482,214087340420,0,0
7483,214092522758,1,0
7484,214097714789,0,0
7485,214103403703,0,0
7486,214108931537,1,0
7487,214114054844,0,0
7488,214119758911,1,0
7489,214124742440,1,0
7490,214129841476,0,0
7491,214135399764,0,0
7492,214141198839,1,0
7493,214146516175,0,0
7494,214152078484,1,0
7495,214157234389,0,0
7496,214162932018,1,0
7497,214168030115,1,0
7498,214173084569,0,0
7499,214178711494,0,0
7500,214184046093,1,0
7501,214189231105,0,0
7502,214194804141,1,0
7503,214199940813,1,0
7504,214205351478,1,0
7505,214210606622,1,0
7506,214215654755,0,0
7507,214221357135,1,0
7508,214226481618,0,0
7509,214231900706,1,0
7510,214236902415,0,0
7511,214242323837,1,0
7512,214247406382,0,0
7513,214252807694,1,0
7514,214257844618,0,0
7515,214263250677,1,0
7516,214268348702,0,0
7517,214273883380,0,0
7518,214279516487,0,0
7519,214285078821,0,0
7520,214290511733,1,0
7521,214295665481,0,0
7522,214301205533,1,0
7523,214306243663,0,0
7524,214311797483,0,0
7525,214317245260,0,0
7526,214322844155,0,0
7527,214328325252,1,0
7528,214333523688,1,0
7529,214338847547,1,0
7530,214344020023,0,0
7531,214349368982,0,0
7532,214354964479,0,0
7533,214360427771,0,0
7534,214366020094,1,0
7535,214371059977,0,0
7536,214376806426,1,0
7537,214381899619,1,0
7538,214387084465,1,0
7539,214392260562,0,0
7540,214398022048,0,0
7541,214403525729,1,0
7542,214408680098,0,0
7543,214414362260,1,0
7544,214419462564,1,0
7545,214424711013,1,0
7546,214429976125,0,0
7547,214435512221,0,0
7548,214441079967,1,0
7549,214446203623,1,0
7550,214451254172,1,0
7551,214456276446,0,0
7552,214461744901,0,0
7553,214467091916,0,0
7554,214472816079,0,0
7555,214478347646,0,0
7556,214483926784,1,0
7557,214489066759,0,0
7558,214494756156,0,0
7559,214500426225,0,0
7560,214506229395,0,0
7561,214512062494,1,0
7562,214517053989,1,0
7563,214522055317,0,0
7564,214527769114,1,0
7565,214532837368,1,0
7566,214537898105,1,0
7567,214542910486,1,0
7568,214548062288,1,0
7569,214553074073,0,0
7570,214558676654,0,0
7571,214564066445,1,0
7572,214569058732,0,0
7573,214574654531,0,0
7574,214580232111,0,0
7575,214585824499,0,0
7576,214591245769,0,0
7577,214596765704,0,0
7578,214602287494,1,0
7579,214607478385,0,0
7580,214613074418,1,0
7581,214618062032,1,0
7582,214623062440,1,0
7583,214628068879,0,0
7584,214633664864,1,0
7585,214638979694,1,0
7586,214643992313,1,0
7587,214649064820,0,0
7588,214654563815,1,0
7589,214659900063,0,0
7590,214665384590,1,0
7591,214670628603,0,0
7592,214676228529,0,0
7593,214682058096,1,0
7594,214687060382,1,0
7595,214692060981,0,0
7596,214697653531,0,0
7597,214703206637,0,0
7598,214708811422,0,0
7599,214714289419,0,0
7600,214720085867,1,0
7601,214725183564,0,0
7602,214730685191,0,0
7603,214736164289,1,0
7604,214741312909,0,0
7605,214746613352,0,0
7606,214752124051,0,0
7607,214757396496,1,0
7608,214762506802,0,0
7609,214768058760,0,0
7610,214773625950,1,0
7611,214778797116,0,0
7612,214784448332,0,0
7613,214790219966,1,0
7614,214795251612,1,0
7615,214800291796,0,0
7616,214805523953,1,0
7617,214810865796,1,0
7618,214815948156,1,0
7619,214820963230,1,0
7620,214828833866,1,0
7621,214833897360,0,0
7622,214839304897,1,0
7623,214844363786,0,0
7624,214849887841,0,0
7625,214855231277,0,0
7626,214860761194,0,0
7627,214866144999,0,0
7628,214871899518,0,0
7629,214877453500,1,0
7630,214882819891,1,0
7631,214887922604,1,0
7632,214893029192,1,0
7633,214898044996,0,0
7634,214903667359,0,0
7635,214909247830,0,0
7636,214914970279,0,0
7637,214920493077,1,0
7638,214925781217,1,0
7639,214930876071,0,0
7640,214936376585,0,0
7641,214942058980,1,0
7642,214947059682,0,0
7643,214952506731,0,0
7644,214958215693,1,0
7645,214963278596,1,0
7646,214968316863,1,0
7647,214973444060,0,0
7648,214979023575,1,0
7649,214984026768,0,0
7650,214989491888,0,0
7651,214994809389,0,0
7652,214999960638,1,0
7653,215005012894,1,0
7654,215009985590,0,0
7655,215015440861,1,0
7656,215020461063,1,0
7657,215025505521,0,0
7658,215030762273,0,0
7659,215036043357,0,0
7660,215041433117,0,0
7661,215046751801,1,0
7662,215051960638,1,0
7663,215057058181,1,0
7664,215062062227,1,0
7665,215067080839,1,0
7666,215072145813,1,0
7667,215077159322,1,0
7668,215082228190,0,0
7669,215087529434,1,0
7670,215092850205,0,0
7671,215098275153,0,0
7672,215103656457,1,0
7673,215108800508,0,0
7674,215114059801,1,0
7675,215119230060,0,0
7676,215124803643,0,0
7677,215131044182,1,0
7678,215136267676,1,0
7679,215143162514,1,0
7680,215147839783,1,0
7681,215153036092,0,0
7682,215158758987,0,0
7683,215165035195,1,0
7684,215169768047,1,0
7685,215175428927,0,0
7686,215180795843,0,0
7687,215186487144,0,0
7688,215192080903,1,0
7689,215197114781,0,0
7690,215202944762,1,0
7691,215208050742,0,0
7692,215213437212,0,0
7693,215218868357,0,0
7694,215224327005,0,0
7695,215229832595,0,0
7696,215235239270,0,0
7697,215240867355,1,0
7698,215247053802,1,0
7699,215252128510,0,0
7700,215257543001,0,0
7701,215263061729,1,0
7702,215268186782,1,0
7703,215274019648,1,0
7704,215278621493,0,0
7705,215283944890,1,0
7706,215289055501,0,0
7707,215294908033,1,0
7708,215300017323,0,0
7709,215305607757,0,0
7710,215312196718,0,0
7711,215317668777,1,0
7712,215322992528,1,0
7713,215328522277,1,0
7714,215334072507,0,0
7715,215339430358,1,0
7716,215344843123,0,0
7717,215350172526,0,0
7718,215355793575,0,0
7719,215361263415,1,0
7720,215366204324,0,0
7721,215371629235,0,0
7722,215377091684,0,0
7723,215382525868,1,0
7724,215387521048,0,0
7725,215393127951,1,0
7726,215398181584,1,0
7727,215403226246,0,0
7728,215408572191,1,0
7729,215413630057,0,0
7730,215419133142,0,0
7731,215424727694,0,0
7732,215430254034,1,0
7733,215435183982,1,0
7734,215440155248,0,0
7735,215445819795,1,0
7736,215450860034,0,0
7737,215456311684,0,0
7738,215461998071,1,0
7739,215467020068,1,0
7740,215471990790,1,0
7741,215477025134,0,0
7742,215482514078,1,0
7743,215487556057,0,0
7744,215492893180,0,0
7745,215498057903,0,0
7746,215503297475,1,0
7747,215508304945,1,0
7748,215513308152,0,0
7749,215518545034,1,0
7750,215523621087,1,0
7751,215528762135,0,0
7752,215534103824,1,0
7753,215539155513,0,0
7754,215544729662,0,0
7755,215550130739,0,0
7756,215555610335,0,0
7757,215560919301,0,0
7758,215566430629,0,0
7759,215571602039,1,0
7760,215576628288,0,0
7761,215582049890,0,0
7762,215587424754,0,0
7763,215592872511,0,0
7764,215598428516,0,0
7765,215603952638,1,0
7766,215608974739,1,0
7767,215613990713,0,0
7768,215619460428,0,0
7769,215624939327,1,0
7770,215630020214,0,0
7771,215635259693,1,0
7772,215640214988,0,0
7773,215645881683,0,0
7774,215651317385,0,0
7775,215656900395,0,0
7776,215662523064,0,0
7777,215668408280,0,0
7778,215673880592,1,0
7779,215679076381,1,0
7780,215684138565,1,0
7781,215689189015,1,0
7782,215694227934,0,0
7783,215700021904,1,0
7784,215705027336,1,0
7785,215710059445,1,0
7786,215715045019,0,0
7787,215720632521,0,0
7788,215726496622,1,0
7789,215732060500,0,0
7790,215737427379,1,0
7791,215742830219,0,0
7792,215748463629,1,0
7793,215753873609,1,0
7794,215759020315,0,0
7795,215764549333,0,0
7796,215770153520,1,0
7797,215775274844,1,0
7798,215780299780,1,0
7799,215785332561,0,0
7800,215790660658,1,0
7801,215795960984,1,0
7802,215801072214,1,0
7803,215806216694,0,0
7804,215811895526,0,0
7805,215817547296,0,0
7806,215823181790,0,0
7807,215829031681,1,0
7808,215834127825,1,0
7809,215839162929,1,0
7810,215844297772,1,0
7811,215849358299,0,0
7812,215854941507,1,0
7813,215860083625,0,0
7814,215865575542,0,0
7815,215871079225,1,0
7816,215876224272,0,0
7817,215881626640,1,0
7818,215886945318,0,0
7819,215892304677,0,0
7820,215897641483,0,0
7821,215903068445,0,0
7822,215908453255,1,0
7823,215913462469,0,0
7824,215919060443,1,0
7825,215924152568,1,0
7826,215929247230,0,0
7827,215934820472,1,0
7828,215939709387,0,0
7829,215945066712,0,0
7830,215950472745,0,0
7831,215955841659,1,0
7832,215960885246,0,0
7833,215966258506,1,0
7834,215971280228,0,0
7835,215976799183,0,0
7836,215982019908,1,0
7837,215987169682,0,0
7838,215992468297,1,0
7839,215997543424,0,0
7840,216002984832,0,0
7841,216008196700,0,0
7842,216013610251,0,0
7843,216018988724,1,0
7844,216024077693,1,0
7845,216029066228,1,0
7846,216034198994,0,0
7847,216039607732,0,0
7848,216044959702,0,0
7849,216050254694,0,0
7850,216055606498,0,0
7851,216060985388,0,0
7852,216066154783,1,0
7853,216071229777,1,0
7854,216076224235,0,0
7855,216081535357,0,0
7856,216087046921,0,0
7857,216092495856,0,0
7858,216097909775,1,0
7859,216102966482,1,0
7860,216108070827,0,0
7861,216113459960,1,0
7862,216118656956,1,0
7863,216123859405,1,0
7864,216128889000,0,0
7865,216134366561,1,0
7866,216139465534,1,0
7867,216144580395,1,0
7868,216149899137,0,0
7869,216155242754,1,0
7870,216160336533,0,0
7871,216165728627,1,0
7872,216170729339,1,0
7873,216175712783,0,0
7874,216181167423,0,0
7875,216186584196,1,0
7876,216191890343,1,0
7877,216196966452,0,0
7878,216202189745,0,0
7879,216207800516,1,0
7880,216213048608,1,0
7881,216218103717,1,0
7882,216223193735,0,0
7883,216228643020,1,0
7884,216233805645,1,0
7885,216238794486,0,0
7886,216244367057,0,0
7887,216249882972,1,0
7888,216254918015,0,0
7889,216260294552,0,0
7890,216265901828,1,0
7891,216270939571,0,0
7892,216276429043,1,0
7893,216281506790,0,0
7894,216287067534,0,0
7895,216292752341,1,0
7896,216297742341,1,0
7897,216303013502,0,0
7898,216308324351,0,0
7899,216313881092,1,0
7900,216318929380,1,0
7901,216324026978,0,0
7902,216329476376,0,0
7903,216334951315,0,0
7904,216340291582,0,0
7905,216345714888,0,0
7906,216351225487,0,0
7907,216356494100,0,0
7908,216361891614,0,0
7909,216367310888,1,0
7910,216372473333,1,0
7911,216377650751,1,0
7912,216382672481,1,0
7913,216387724689,0,0
7914,216393352237,1,0
7915,216398502181,1,0
7916,216403673901,1,0
7917,216408773770,0,0
7918,216414369316,0,0
7919,216420059207,1,0
7920,216425064262,1,0
7921,216430159573,0,0
7922,216435842648,1,0
7923,216440971491,0,0
7924,216446393367,1,0
7925,216451526048,0,0
7926,216457071056,1,0
7927,216462155134,1,0
7928,216467188209,1,0
7929,216472546849,0,0
7930,216478118905,0,0
7931,216483669413,1,0
7932,216488715955,1,0
7933,216493779812,0,0
7934,216499328055,1,0
7935,216504455482,0,0
7936,216509968937,1,0
7937,216515036857,0,0
7938,216520849050,0,0
7939,216526352608,0,0
7940,216532212334,0,0
7941,216537711729,0,0
7942,216543389882,0,0
7943,216549033078,0,0
7944,216554531647,1,0
7945,216559598686,0,0
7946,216565232419,0,0
7947,216570812897,0,0
7948,216576322557,1,0
7949,216581453317,0,0
7950,216587047844,0,0
7951,216592577631,0,0
7952,216598471337,1,0
7953,216603649375,1,0
7954,216608709388,0,0
7955,216614192855,1,0
7956,216619229773,1,0
7957,216624248307,0,0
7958,216629643940,1,0
7959,216634917947,1,0
7960,216639964703,1,0
7961,216645060326,1,0
7962,216650126534,0,0
7963,216655625228,0,0
7964,216661121231,1,0
7965,216666190668,0,0
7966,216671640281,0,0
7967,216677065195,1,0
7968,216682180108,1,0
7969,216687242355,1,0
7970,216692255573,0,0
7971,216697569006,1,0
7972,216702711261,1,0
7973,216707861011,0,0
7974,216713347069,1,0
7975,216718512064,0,0
7976,216724061147,0,0
7977,216729477360,0,0
7978,216735036422,0,0
7979,216740557694,0,0
7980,216746295183,0,0
7981,216751894499,0,0
7982,216757446011,0,0
7983,216762843352,1,0
7984,216768088704,1,0
7985,216773278851,0,0
7986,216778822523,1,0
7987,216783873583,1,0
7988,216788907682,1,0
7989,216793919897,0,0
7990,216799589641,0,0
7991,216805312171,0,0
7992,216810870145,1,0
7993,216815945935,1,0
7994,216821071009,0,0
7995,216826588582,0,0
7996,216832360452,0,0
7997,216838182750,0,0
7998,216843668477,1,0
7999,216849446894,1,0
8000,216854635830,1,0
8001,216860065639,1,0
8002,216865077108,1,0
8003,216870147812,0,0
8004,216875590270,1,0
8005,216880809881,0,0
8006,216886237934,0,0
8007,216891910182,1,0
8008,216897018535,0,0
8009,216902656529,0,0
8010,216908225162,0,0
8011,216913990711,1,0
8012,216919156571,1,0
8013,216924401589,0,0
8014,216930018964,0,0
8015,216935764955,0,0
8016,216941463779,1,0
8017,216946555585,1,0
8018,216951849789,0,0
8019,216957349919,0,0
8020,216963026203,0,0
8021,216968497587,1,0
8022,216973527260,0,0
8023,216979066840,0,0
8024,216984627447,1,0
8025,216989679981,0,0
8026,216995125511,0,0
8027,217000469776,1,0
8028,217005525356,0,0
8029,217011067522,1,0
8030,217016138645,0,0
8031,217021778702,1,0
8032,217026818132,0,0
8033,217032370723,1,0
8034,217037453379,0,0
8035,217042974920,0,0
8036,217048224630,1,0
8037,217053234074,1,0
8038,217058273923,1,0
8039,217063256568,1,0
8040,217068300345,0,0
8041,217073581580,1,0
8042,217078672646,0,0
8043,217084176350,1,0
8044,217089234082,1,0
8045,217094279139,0,0
8046,217099825089,1,0
8047,217104888676,1,0
8048,217109920138,0,0
8049,217115591567,0,0
8050,217121269311,1,0
8051,217126335313,0,0
8052,217132068946,1,0
8053,217137156404,1,0
8054,217142259480,0,0
8055,217147581462,1,0
8056,217152823946,1,0
8057,217158054283,1,0
8058,217163198139,0,0
8059,217168870171,1,0
8060,217173855580,0,0
8061,217179168278,0,0
8062,217184626488,1,0
8063,217189800193,0,0
8064,217194973779,1,0
8065,217200052984,1,0
8066,217205140160,1,0
8067,217210232555,1,0
8068,217215231221,1,0
8069,217220262139,0,0
8070,217226064527,0,0
8071,217231719224,0,0
8072,217237408964,0,0
8073,217242950171,1,0
8074,217248103914,0,0
8075,217253529890,1,0
8076,217258573864,0,0
8077,217263870564,0,0
8078,217269060568,0,0
8079,217274288505,0,0
8080,217279504649,0,0
8081,217284701600,0,0
8082,217289937821,0,0
8083,217295063168,0,0
8084,217300203320,1,0
8085,217305221545,0,0
8086,217310805526,1,0
8087,217315815658,0,0
8088,217321297455,1,0
8089,217326482698,1,0
8090,217331646258,0,0
8091,217337145352,0,0
8092,217342679769,1,0
8093,217347693975,0,0
8094,217353154701,1,0
8095,217358174066,0,0
8096,217363585799,1,0
8097,217368688257,0,0
8098,217374249787,1,0
8099,217379458844,1,0
8100,217384512457,0,0
8101,217390242629,0,0
8102,217395717956,0,0
8103,217401259382,1,0
8104,217406269150,0,0
8105,217411887338,1,0
8106,217416968401,1,0
8107,217422330181,1,0
8108,217427507788,0,0
8109,217433145292,0,0
8110,217438650676,0,0
8111,217444421461,1,0
8112,217449546975,0,0
8113,217455073649,0,0
8114,217460277604,0,0
8115,217465577874,1,0
8116,217470652051,1,0
8117,217475730909,0,0
8118,217480904544,0,0
8119,217486046598,0,0
8120,217491502164,0,0
8121,217496665742,1,0
8122,217501880288,0,0
8123,217507384603,0,0
8124,217513058913,1,0
8125,217518260833,0,0
8126,217523594105,0,0
8127,217529049050,0,0
8128,217534346395,1,0
8129,217539505042,1,0
8130,217544673603,0,0
8131,217549910529,0,0
8132,217555142778,0,0
8133,217560336629,1,0
8134,217565394929,0,0
8135,217570617509,0,0
8136,217576154835,1,0
8137,217581217968,0,0
8138,217586469453,0,0
8139,217591645059,1,0
8140,217596742293,1,0
8141,217601816241,1,0
8142,217606826311,0,0
8143,217612051232,0,0
8144,217617224640,1,0
8145,217622248012,1,0
8146,217627210803,1,0
8147,217632229302,0,0
8148,217637634061,1,0
8149,217642724942,0,0
8150,217647892405,1,0
8151,217652865383,0,0
8152,217658058292,0,0
8153,217663195785,0,0
8154,217668343228,0,0
8155,217673536956,0,0
8156,217678737973,0,0
8157,217684014855,0,0
8158,217689182809,1,0
8159,217694235177,1,0
8160,217699257823,0,0
8161,217704436786,0,0
8162,217709608032,1,0
8163,217714668627,1,0
8164,217719726319,0,0
8165,217724861607,0,0
8166,217730144939,1,0
8167,217735198441,0,0
8168,217740993271,0,0
8169,217746478864,1,0
8170,217751965860,1,0
8171,217757068319,0,0
8172,217762757793,1,0
8173,217768018995,1,0
8174,217773118919,1,0
8175,217778311283,1,0
8176,217783531100,1,0
8177,217788667508,0,0
8178,217794241025,0,0
8179,217799712263,0,0
8180,217805285677,1,0
8181,217810293964,1,0
8182,217815409568,1,0
8183,217820542441,1,0
8184,217825750604,1,0
8185,217830790194,1,0
8186,217835984899,1,0
8187,217841059662,0,0
8188,217846531044,0,0
8189,217851911979,0,0
8190,217857499565,1,0
8191,217862767709,1,0
8192,217867979157,0,0
8193,217873422795,0,0
8194,217878965347,1,0
8195,217884051174,0,0
8196,217889522217,1,0
8197,217894656093,1,0
8198,217900038142,1,0
8199,217905172358,0,0
8200,217910719850,1,0
8201,217915809397,1,0
8202,217920807544,0,0
8203,217926268644,1,0
8204,217931333244,1,0
8205,217936527173,0,0
8206,217942058278,1,0
8207,217947287512,1,0
8208,217952227613,1,0
8209,217957238848,0,0
8210,217962336129,0,0
8211,217967564964,1,0
8212,217972740061,0,0
8213,217978115518,0,0
8214,217983544186,0,0
8215,217989168830,0,0
8216,217994587043,0,0
8217,218000115680,0,0
8218,218005558937,1,0
8219,218011136896,1,0
8220,218016279055,0,0
8221,218021832071,1,0
8222,218026911989,1,0
8223,218031995933,0,0
8224,218037377176,1,0
8225,218042413676,1,0
8226,218047434914,1,0
8227,218052419282,0,0
8228,218057587371,1,0
8229,218062782753,0,0
8230,218068018105,0,0
8231,218073249628,1,0
8232,218078246631,1,0
8233,218083205145,1,0
8234,218088238848,0,0
8235,218093628997,0,0
8236,218099124669,1,0
8237,218104206418,1,0
8238,218109256362,0,0
8239,218114505417,1,0
8240,218120156758,1,0
8241,218125270467,1,0
8242,218130391836,0,0
8243,218135986200,0,0
8244,218141577159,0,0
8245,218147265696,1,0
8246,218152378511,1,0
8247,218157422284,1,0
8248,218162501757,1,0
8249,218167534880,0,0
8250,218173029171,1,0
8251,218178214446,0,0
8252,218183976295,0,0
8253,218189560398,0,0
8254,218195256196,0,0
8255,218200832127,0,0
8256,218206575379,1,0
8257,218211758477,1,0
8258,218216850289,1,0
8259,218222025077,1,0
8260,218227065029,0,0
8261,218232698731,1,0
8262,218238065642,1,0
8263,218243199433,0,0
8264,218248579167,1,0
8265,218253676430,1,0
8266,218258737124,0,0
8267,218264361115,1,0
8268,218269550930,0,0
8269,218275063990,0,0
8270,218280753850,1,0
8271,218285784135,0,0
8272,218291314894,0,0
8273,218296944366,0,0
8274,218302541343,0,0
8275,218308342944,0,0
8276,218313950157,0,0
8277,218319388768,1,0
8278,218324542000,1,0
8279,218329543559,0,0
8280,218335201165,1,0
8281,218340251122,0,0
8282,218346066486,0,0
8283,218351538137,1,0
8284,218356602903,1,0
8285,218361708663,0,0
8286,218367300225,0,0
8287,218372765631,0,0
8288,218378381573,1,0
8289,218383533441,1,0
8290,218388620495,0,0
8291,218394181029,1,0
8292,218399163968,0,0
8293,218404781592,1,0
8294,218409833214,0,0
8295,218415341032,1,0
8296,218420446110,0,0
8297,218426037248,0,0
8298,218431441784,1,0
8299,218436607393,1,0
8300,218441663562,1,0
8301,218446719929,1,0
8302,218451741237,1,0
8303,218456756194,0,0
8304,218462316232,1,0
8305,218467467034,0,0
8306,218473026256,1,0
8307,218478153998,1,0
8308,218483237782,1,0
8309,218488254280,0,0
8310,218493765189,0,0
8311,218499299611,0,0
8312,218504899444,1,0
8313,218509908836,0,0
8314,218515520791,1,0
8315,218520697549,1,0
8316,218526031005,1,0
8317,218531052909,1,0
8318,218536072756,1,0
8319,218541124020,0,0
8320,218546830281,0,0
8321,218552290112,0,0
8322,218557803736,1,0
8323,218562887404,1,0
8324,218567900521,0,0
8325,218573565867,1,0
8326,218578578319,0,0
8327,218584032900,0,0
8328,218589324192,1,0
8329,218594528950,0,0
8330,218600104990,1,0
8331,218605150014,0,0
8332,218610735737,1,0
8333,218615818898,1,0
8334,218620899222,1,0
8335,218625953672,1,0
8336,218631013571,1,0
8337,218636266472,1,0
8338,218641270785,1,0
8339,218646245206,0,0
8340,218651705344,0,0
8341,218657360353,0,0
8342,218662913245,1,0
8343,218668025553,1,0
8344,218673198860,0,0
8345,218678772263,1,0
8346,218683919384,1,0
8347,218689200209,1,0
8348,218694271588,1,0
8349,218699269496,1,0
8350,218704263607,0,0
8351,218709775495,1,0
8352,218714931251,0,0
8353,218720357413,0,0
8354,218725896243,0,0
8355,218731399915,1,0
8356,218736598091,0,0
8357,218742250135,0,0
8358,218747882288,0,0
8359,218753316901,1,0
8360,218758438629,0,0
8361,218763940338,1,0
8362,218768991655,1,0
8363,218774072502,0,0
8364,218779630213,0,0
8365,218785160865,1,0
8366,218790258419,0,0
8367,218795742334,0,0
8368,218801180115,1,0
8369,218806327902,0,0
8370,218811843350,0,0
8371,218817235279,1,0
8372,218822260182,0,0
8373,218827553584,0,0
8374,218832906624,0,0
8375,218838361323,1,0
8376,218843602037,1,0
8377,218848978652,0,0
8378,218854341145,0,0
8379,218859860458,1,0
8380,218864974449,1,0
8381,218870068916,0,0
8382,218875571792,1,0
8383,218880958247,1,0
8384,218886066174,1,0
8385,218891158902,0,0
8386,218896610437,1,0
8387,218902036472,0,0
8388,218907444512,1,0
8389,218912552380,1,0
8390,218917610886,0,0
8391,218923169405,1,0
8392,218928292137,1,0
8393,218933522144,1,0
8394,218938562367,1,0
8395,218943608071,1,0
8396,218948748660,1,0
8397,218953830886,1,0
8398,218959071136,0,0
8399,218964719029,1,0
8400,218969996580,0,0
8401,218975640107,0,0
8402,218981311115,0,0
8403,218986671825,0,0
8404,218992355926,0,0
8405,218997805744,1,0
8406,219002835013,1,0
8407,219007855965,1,0
8408,219012867832,0,0
8409,219018065975,0,0
8410,219023608976,1,0
8411,219028948907,1,0
8412,219034033756,1,0
8413,219039083172,1,0
8414,219044218753,1,0
8415,219049370704,0,0
8416,219054721320,1,0
8417,219059784907,0,0
8418,219065112755,1,0
8419,219070176375,0,0
8420,219076024416,1,0
8421,219081051746,1,0
8422,219086055784,1,0
8423,219091081834,0,0
8424,219096922295,1,0
8425,219101973526,0,0
8426,219107436230,0,0
8427,219113073012,1,0
8428,219118148080,0,0
8429,219123469363,0,0
8430,219128979457,0,0
8431,219134396699,1,0
8432,219139682147,0,0
8433,219145440304,1,0
8434,219150602409,0,0
8435,219156206427,0,0
8436,219161457761,0,0
8437,219166779184,0,0
8438,219172494934,1,0
8439,219177579177,1,0
8440,219182589006,0,0
8441,219188141581,0,0
8442,219193697131,1,0
8443,219198806482,1,0
8444,219204428264,1,0
8445,219209503614,1,0
8446,219214574126,1,0
8447,219219698488,1,0
8448,219224777882,0,0
8449,219230415634,1,0
8450,219235465004,1,0
8451,219240485740,0,0
8452,219246103305,1,0
8453,219251154264,1,0
8454,219256303942,1,0
8455,219261459940,0,0
8456,219266964530,1,0
8457,219272042609,1,0
8458,219277082464,0,0
8459,219282634657,0,0
8460,219288253817,1,0
8461,219293363164,0,0
8462,219299231970,1,0
8463,219304270700,0,0
8464,219310090416,0,0
8465,219315672628,1,0
8466,219321069782,1,0
8467,219326144447,1,0
8468,219331280385,1,0
8469,219336317647,0,0
8470,219341914493,0,0
8471,219347355893,1,0
8472,219352413056,1,0
8473,219357407290,1,0
8474,219362384317,1,0
8475,219367311169,1,0
8476,219372289239,1,0
8477,219377253384,1,0
8478,219382264004,0,0
8479,219387796796,1,0
8480,219393273757,0,0
8481,219398566944,0,0
8482,219403736355,1,0
8483,219408959406,0,0
8484,219414341912,1,0
8485,219419541399,0,0
8486,219425161096,0,0
8487,219430661587,1,0
8488,219435732627,0,0
8489,219441351211,0,0
8490,219447119563,0,0
8491,219452968318,0,0
8492,219458433945,0,0
8493,219463986294,0,0
8494,219469452167,1,0
8495,219474568329,1,0
8496,219479714266,0,0
8497,219485590874,0,0
8498,219491247512,0,0
8499,219496577727,1,0
8500,219501769324,1,0
8501,219506836926,1,0
8502,219511927900,0,0
8503,219517585527,0,0
8504,219523194257,1,0
8505,219528307293,0,0
8506,219534031721,1,0
8507,219539071124,0,0
8508,219544678967,1,0
8509,219549766678,0,0
8510,219555321060,1,0
8511,219560429685,0,0
8512,219566032875,0,0
8513,219571329300,0,0
8514,219577071445,0,0
8515,219582926972,0,0
8516,219588349266,1,0
8517,219593427021,1,0
8518,219598444350,1,0
8519,219603453914,0,0
8520,219609073900,1,0
8521,219614126183,1,0
8522,219619173928,1,0
8523,219624291668,1,0
8524,219629205120,0,0
8525,219634704623,0,0
8526,219640343710,1,0
8527,219645416891,0,0
8528,219651160297,1,0
8529,219656207363,0,0
8530,219661703547,1,0
8531,219666775193,1,0
8532,219671782862,1,0
8533,219676800824,1,0
8534,219681886843,0,0
8535,219687618294,0,0
8536,219693244298,0,0
8537,219699059595,1,0
8538,219704075835,1,0
8539,219709082009,0,0
8540,219714765493,1,0
8541,219719907095,0,0
8542,219725501538,0,0
8543,219731305297,0,0
8544,219737028873,1,0
8545,219742066020,0,0
8546,219747770310,0,0
8547,219753523416,1,0
8548,219758645560,0,0
8549,219764341004,0,0
8550,219769987905,1,0
8551,219774985331,0,0
8552,219780442070,1,0
8553,219785447952,0,0
8554,219790927495,1,0
8555,219795977726,0,0
8556,219801227728,1,0
8557,219806179238,0,0
8558,219811890398,0,0
8559,219817522089,0,0
8560,219823212774,0,0
8561,219828787989,1,0
8562,219833937541,1,0
8563,219839018764,1,0
8564,219844020245,0,0
8565,219849657468,0,0
8566,219855258005,0,0
8567,219860784371,1,0
8568,219865833553,0,0
8569,219871370447,1,0
8570,219876588987,1,0
8571,219881691688,1,0
8572,219886788206,1,0
8573,219892039569,0,0
8574,219897599041,1,0
8575,219902646065,0,0
8576,219908359601,1,0
8577,219913402851,0,0
8578,219918780150,1,0
8579,219923838718,0,0
8580,219929288710,0,0
8581,219934794424,0,0
8582,219940423386,1,0
8583,219945605162,1,0
8584,219950602862,1,0
8585,219955701988,1,0
8586,219960793721,0,0
8587,219966185630,1,0
8588,219971199677,0,0
8589,219976791255,0,0
8590,219982358297,1,0
8591,219987516939,0,0
8592,219993065132,1,0
8593,219998063538,0,0
8594,220003670420,0,0
8595,220009079613,1,0
8596,220014065805,0,0
8597,220019730054,0,0
8598,220025405369,1,0
8599,220030505851,0,0
8600,220036116726,1,0
8601,220041173901,1,0
8602,220046247304,0,0
8603,220051613953,0,0
8604,220057155655,0,0
8605,220062721481,1,0
8606,220067759708,1,0
8607,220072864196,0,0
8608,220078388739,0,0
8609,220084025029,1,0
8610,220089026134,1,0
8611,220094019943,0,0
8612,220099456844,1,0
8613,220104575455,0,0
8614,220110057510,0,0
8615,220115817266,0,0
8616,220121114803,1,0
8617,220126291604,0,0
8618,220131789221,1,0
8619,220136813692,0,0
8620,220142423856,1,0
8621,220147615951,1,0
8622,220152781670,0,0
8623,220158327199,0,0
8624,220164034870,1,0
8625,220169183613,0,0
8626,220174629481,1,0
8627,220179692107,1,0
8628,220184861482,0,0
8629,220190106825,1,0
8630,220195146369,0,0
8631,220200598306,0,0
8632,220206167309,0,0
8633,220211806729,1,0
8634,220216872027,0,0
8635,220222536907,1,0
8636,220227526287,1,0
8637,220232521540,1,0
8638,220237542782,1,0
8639,220242619086,1,0
8640,220247820742,1,0
8641,220252935864,0,0
8642,220258580662,1,0
8643,220263581647,1,0
8644,220268595835,0,0
8645,220274187739,1,0
8646,220279222087,1,0
8647,220284231028,1,0
8648,220289221574,0,0
8649,220294721761,1,0
8650,220299769324,1,0
8651,220304832937,0,0
8652,220310378913,1,0
8653,220315583367,1,0
8654,220320587836,1,0
8655,220325778576,1,0
8656,220330813472,0,0
8657,220336426090,0,0
8658,220342075422,1,0
8659,220347134774,1,0
8660,220352238243,1,0
8661,220357250096,0,0
8662,220362769266,1,0
8663,220367924123,0,0
8664,220373378921,1,0
8665,220378332372,0,0
8666,220383840580,0,0
8667,220389324064,1,0
8668,220394480120,1,0
8669,220399599173,0,0
8670,220405265840,0,0
8671,220410740642,1,0
8672,220415831839,1,0
8673,220420967645,0,0
8674,220426402444,1,0
8675,220431522209,1,0
8676,220436540125,0,0
8677,220442132973,0,0
8678,220447870497,0,0
8679,220453382127,0,0
8680,220458959543,0,0
8681,220464321612,0,0
8682,220469731001,0,0
8683,220475320025,1,0
8684,220480486278,0,0
8685,220486187556,1,0
8686,220491106199,1,0
8687,220496259300,0,0
8688,220501770375,0,0
8689,220507399987,1,0
8690,220512404472,1,0
8691,220517554562,0,0
8692,220523164639,1,0
8693,220528307379,1,0
8694,220533209663,0,0
8695,220538836468,0,0
8696,220544370920,1,0
8697,220549541865,1,0
8698,220554544700,0,0
8699,220560060143,1,0
8700,220565070636,1,0
8701,220570132120,0,0
8702,220575406906,1,0
8703,220580553920,0,0
8704,220586121682,0,0
8705,220591610760,0,0
8706,220597114632,0,0
8707,220602783460,0,0
8708,220608381627,1,0
8709,220613433056,0,0
8710,220618956660,1,0
8711,220623970992,1,0
8712,220629063731,1,0
8713,220634103598,0,0
8714,220639589051,1,0
8715,220644596921,1,0
8716,220649632180,1,0
8717,220654862898,1,0
8718,220659861644,1,0
8719,220664858011,0,0
8720,220670325446,1,0
8721,220675481620,1,0
8722,220680663399,0,0
8723,220686375770,0,0
8724,220692136306,0,0
8725,220697922141,1,0
8726,220703438443,1,0
8727,220708676759,1,0
8728,220713813291,1,0
8729,220718926832,0,0
8730,220725057884,1,0
8731,220730105132,1,0
8732,220735121697,1,0
8733,220740170544,1,0
8734,220745254602,1,0
8735,220750430480,0,0
8736,220756045018,1,0
8737,220761060025,1,0
8738,220766048838,1,0
8739,220771074520,0,0
8740,220776760517,0,0
8741,220782445780,0,0
8742,220787948543,1,0
8743,220793016052,1,0
8744,220798047725,0,0
8745,220803329600,0,0
8746,220808748979,1,0
8747,220813802498,1,0
8748,220818772116,0,0
8749,220824194553,1,0
8750,220829233009,0,0
8751,220834739586,0,0
8752,220840184900,1,0
8753,220845210676,0,0
8754,220850686800,0,0
8755,220856264748,1,0
8756,220861214515,1,0
8757,220866200753,0,0
8758,220871957839,1,0
8759,220876932026,1,0
8760,220881980423,1,0
8761,220887177652,1,0
8762,220892068972,0,0
8763,220897671692,1,0
8764,220902744097,0,0
8765,220908417399,0,0
8766,220914058528,0,0
8767,220919545330,0,0
8768,220924970058,0,0
8769,220930551496,1,0
8770,220935607274,1,0
8771,220940653870,0,0
8772,220946292828,0,0
8773,220951867510,0,0
8774,220957393987,0,0
8775,220963208013,0,0
8776,220968828990,0,0
8777,220974322246,1,0
8778,220979435245,1,0
8779,220984541989,1,0
8780,220989564387,0,0
8781,220995179070,1,0
8782,221000213013,0,0
8783,221005707835,1,0
8784,221010733625,1,0
8785,221015779391,1,0
8786,221021065394,1,0
8787,221026060046,1,0
8788,221031064773,0,0
8789,221036536319,1,0
8790,221041719098,1,0
8791,221046731937,1,0
8792,221051816931,1,0
8793,221056888202,1,0
8794,221062133794,1,0
8795,221067151693,0,0
8796,221073123434,1,0
8797,221078274290,1,0
8798,221083296220,1,0
8799,221088397989,0,0
8800,221093949719,1,0
8801,221098959722,0,0
8802,221104318933,1,0
8803,221109496524,0,0
8804,221114984054,0,0
8805,221120255383,0,0
8806,221125808960,1,0
8807,221130963464,1,0
8808,221136050522,0,0
8809,221141505551,1,0
8810,221146537651,0,0
8811,221152168470,1,0
8812,221157331425,0,0
8813,221163029267,1,0
8814,221168064619,1,0
8815,221173064288,0,0
8816,221178811694,1,0
8817,221183897475,1,0
8818,221189456512,0,0
8819,221195153098,0,0
8820,221201298332,0,0
8821,221207439979,0,0
8822,221213668548,0,0
8823,221219446077,1,0
8824,221224657150,0,0
8825,221230494985,0,0
8826,221236347204,1,0
8827,221241718873,0,0
8828,221247431879,0,0
8829,221253552858,1,0
8830,221258686195,0,0
8831,221264277735,1,0
8832,221269282409,1,0
8833,221274255244,1,0
8834,221279293767,1,0
8835,221284474607,0,0
8836,221290312859,0,0
8837,221295872187,1,0
8838,221300990433,1,0
8839,221306079572,0,0
8840,221311781215,1,0
8841,221316992897,1,0
8842,221322065835,1,0
8843,221327070454,0,0
8844,221332879697,0,0
8845,221338618953,1,0
8846,221343650359,1,0
8847,221348860134,0,0
8848,221354642201,0,0
8849,221360547796,0,0
8850,221366359020,0,0
8851,221372055264,1,0
8852,221377080884,0,0
8853,221382763321,1,0
8854,221387898290,1,0
8855,221393113014,0,0
8856,221398654335,0,0
8857,221404264332,0,0
8858,221409919522,0,0
8859,221415397053,1,0
8860,221420477112,1,0
8861,221425572383,0,0
8862,221430987378,0,0
8863,221436531023,1,0
8864,221441743439,1,0
8865,221447022523,1,0
8866,221452195801,1,0
8867,221457361307,1,0
8868,221462465538,1,0
8869,221467520924,1,0
8870,221472571278,1,0
8871,221477781353,0,0
8872,221483279466,1,0
8873,221488444200,0,0
8874,221493858770,0,0
8875,221499243039,0,0
8876,221504544837,1,0
8877,221509623342,0,0
8878,221515023042,0,0
8879,221520314270,1,0
8880,221525400248,1,0
8881,221530532299,1,0
8882,221535675035,1,0
8883,221540896121,1,0
8884,221546065958,1,0
8885,221551142014,0,0
8886,221556703190,1,0
8887,221561890266,1,0
8888,221566973667,0,0
8889,221572336988,0,0
8890,221577655722,1,0
8891,221582789571,0,0
8892,221588259556,1,0
8893,221593400131,0,0
8894,221598765839,1,0
8895,221603869764,0,0
8896,221609328307,1,0
8897,221614522015,0,0
8898,221620265826,0,0
8899,221625699931,1,0
8900,221630819768,1,0
8901,221635939773,0,0
8902,221641316782,0,0
8903,221646587501,0,0
8904,221652063880,0,0
8905,221657364809,1,0
8906,221662545708,1,0
8907,221667670383,1,0
8908,221672783993,0,0
8909,221678250284,0,0
8910,221683583677,1,0
8911,221688741641,1,0
8912,221693881620,0,0
8913,221699203056,0,0
8914,221704444557,0,0
8915,221709734992,1,0
8916,221714909763,0,0
8917,221720551123,1,0
8918,221725847128,0,0
8919,221731345988,1,0
8920,221736551735,1,0
8921,221741674073,1,0
8922,221746728679,1,0
8923,221751862008,1,0
8924,221757029125,0,0
8925,221762297657,1,0
8926,221767415784,1,0
8927,221772581330,1,0
8928,221777795130,1,0
8929,221783115283,0,0
8930,221788849328,1,0
8931,221794154181,1,0
8932,221799186707,1,0
8933,221804267552,1,0
8934,221809249674,1,0
8935,221814310076,0,0
8936,221819769739,1,0
8937,221824804442,0,0
8938,221830451675,1,0
8939,221835417762,1,0
8940,221840642508,1,0
8941,221845676580,0,0
8942,221851363441,0,0
8943,221857125052,1,0
8944,221862221444,0,0
8945,221867965564,1,0
8946,221873046127,0,0
8947,221878669920,0,0
8948,221884367988,0,0
8949,221889891639,0,0
8950,221895531250,1,0
8951,221900584368,1,0
8952,221905648710,0,0
8953,221911157236,0,0
8954,221916658881,1,0
8955,221921705781,0,0
8956,221927247918,1,0
8957,221932425827,0,0
8958,221937833899,1,0
8959,221942846048,1,0
8960,221948038096,1,0
8961,221952913511,1,0
8962,221957918544,1,0
8963,221962962621,1,0
8964,221967971309,0,0
8965,221973274597,1,0
8966,221978230606,0,0
8967,221983903289,1,0
8968,221988956961,0,0
8969,221994467867,0,0
8970,222000035913,1,0
8971,222005207853,1,0
8972,222010062936,0,0
8973,222015684842,0,0
8974,222021478728,0,0
8975,222027066532,1,0
8976,222032254380,0,0
8977,222038043483,0,0
8978,222043665193,0,0
8979,222049465526,0,0
8980,222055067365,0,0
8981,222060590480,1,0
8982,222065805596,0,0
8983,222071340895,1,0
8984,222076525108,0,0
8985,222082124171,0,0
8986,222087796631,0,0
8987,222093369002,0,0
8988,222098912171,0,0
8989,222104313011,1,0
8990,222109469215,1,0
8991,222114651773,0,0
8992,222120346184,1,0
8993,222125439259,1,0
8994,222130525468,0,0
8995,222136255177,0,0
8996,222141952631,1,0
8997,222147225580,0,0
8998,222152848113,0,0
8999,222158426115,0,0
9000,222164034397,1,0
9001,222169187720,0,0
9002,222174786165,0,0
9003,222180292050,1,0
9004,222185287017,0,0
9005,222190705475,1,0
9006,222195985736,1,0
9007,222201052404,1,0
9008,222206163519,1,0
9009,222211365868,1,0
9010,222216698317,1,0
9011,222221841058,1,0
9012,222226995098,0,0
9013,222232290536,1,0
9014,222237346476,1,0
9015,222242466484,0,0
9016,222247797794,0,0
9017,222253479226,1,0
9018,222258714427,1,0
9019,222264117369,0,0
9020,222269434592,0,0
9021,222274675113,1,0
9022,222279845518,1,0
9023,222285050043,0,0
9024,222290668375,0,0
9025,222296027573,0,0
9026,222301606338,0,0
9027,222307118573,0,0
9028,222312567396,0,0
9029,222318152711,1,0
9030,222323253020,0,0
9031,222329134822,1,0
9032,222334038218,0,0
9033,222339526106,0,0
9034,222344931249,0,0
9035,222350480305,0,0
9036,222356162946,1,0
9037,222361454869,0,0
9038,222366969637,0,0
9039,222372611030,1,0
9040,222377735347,0,0
9041,222383298925,1,0
9042,222388414019,1,0
9043,222393768353,1,0
9044,222398927313,1,0
9045,222404025484,1,0
9046,222409155730,0,0
9047,222414559275,0,0
9048,222419868154,0,0
9049,222425455480,0,0
9050,222430811081,1,0
9051,222435924706,0,0
9052,222441313628,1,0
9053,222446524465,0,0
9054,222452068769,0,0
9055,222457478632,0,0
9056,222462769535,1,0
9057,222467835162,1,0
9058,222473070131,0,0
9059,222478834506,1,0
9060,222483869587,1,0
9061,222488936353,1,0
9062,222494056535,1,0
9063,222499034831,1,0
9064,222504144350,0,0
9065,222509510709,0,0
9066,222514957108,0,0
9067,222520321457,1,0
9068,222525492132,0,0
9069,222531040166,0,0
9070,222536474315,1,0
9071,222541710145,1,0
9072,222546832114,1,0
9073,222551962857,0,0
9074,222557508245,0,0
9075,222562980557,0,0
9076,222568455347,1,0
9077,222573675841,0,0
9078,222579206497,0,0
9079,222584734123,1,0
9080,222590040836,0,0
9081,222595548799,1,0
9082,222600714601,1,0
9083,222606064254,1,0
9084,222611121795,1,0
9085,222616181598,1,0
9086,222621194735,1,0
9087,222626198220,1,0
9088,222631214683,0,0
9089,222636587908,1,0
9090,222641616487,1,0
9091,222646622275,0,0
9092,222652390732,0,0
9093,222657849485,0,0
9094,222663341715,1,0
9095,222668326369,1,0
9096,222673293154,1,0
9097,222678538496,0,0
9098,222684044126,0,0
9099,222689593159,0,0
9100,222694973602,0,0
9101,222700363883,0,0
9102,222706069450,1,0
9103,222711193762,0,0
9104,222716944567,1,0
9105,222722063436,1,0
9106,222727058821,0,0
9107,222732497785,1,0
9108,222737665861,1,0
9109,222742697809,0,0
9110,222748241725,0,0
9111,222754108594,0,0
9112,222759706960,1,0
9113,222764803588,0,0
9114,222770538715,1,0
9115,222775779939,0,0
9116,222781417784,0,0
9117,222787316546,0,0
9118,222792863066,0,0
9119,222798796414,0,0
9120,222804521860,1,0
9121,222809672858,1,0
9122,222814850281,0,0
9123,222820572662,0,0
9124,222826505986,1,0
9125,222831630801,1,0
9126,222836777723,0,0
9127,222842450786,0,0
9128,222847914042,1,0
9129,222853190866,1,0
9130,222858458908,1,0
9131,222863534627,1,0
9132,222868532110,1,0
9133,222873548064,0,0
9134,222878866162,1,0
9135,222883939084,1,0
9136,222888967530,0,0
9137,222894243788,1,0
9138,222899242419,1,0
9139,222904229602,0,0
9140,222909402172,1,0
9141,222914346458,0,0
9142,222919591136,1,0
9143,222924623899,1,0
9144,222929637855,1,0
9145,222934684874,0,0
9146,222940333881,0,0
9147,222945874446,1,0
9148,222951111840,1,0
9149,222956137175,0,0
9150,222961499348,0,0
9151,222967062182,1,0
9152,222972186268,1,0
9153,222977233283,0,0
9154,222982831597,0,0
9155,222988467505,1,0
9156,222993639581,1,0
9157,222998673649,1,0
9158,223003801359,1,0
9159,223008853572,0,0
9160,223014354680,0,0
9161,223019929501,0,0
9162,223025712147,1,0
9163,223030792182,0,0
9164,223036490006,1,0
9165,223041672988,1,0
9166,223046733466,1,0
9167,223051772602,0,0
9168,223057669182,1,0
9169,223062899557,1,0
9170,223067968480,0,0
9171,223073798810,0,0
9172,223079332120,1,0
9173,223084367900,0,0
9174,223090307841,1,0
9175,223095339622,0,0
9176,223100712728,0,0
9177,223106275115,0,0
9178,223111707914,1,0
9179,223116776099,0,0
9180,223122366160,0,0
9181,223127582471,0,0
9182,223132801377,1,0
9183,223137895620,1,0
9184,223142953732,1,0
9185,223148014097,0,0
9186,223153238039,0,0
9187,223158419854,1,0
9188,223163528270,0,0
9189,223168775834,1,0
9190,223173845385,1,0
9191,223178915003,1,0
9192,223183929472,1,0
9193,223188947064,1,0
9194,223194021175,0,0
9195,223199548897,1,0
9196,223204601749,1,0
9197,223209768588,1,0
9198,223215065265,1,0
9199,223220429292,0,0
9200,223226025473,1,0
9201,223231090940,1,0
9202,223236372608,0,0
9203,223242312922,1,0
9204,223247440180,1,0
9205,223252528075,0,0
9206,223258059765,0,0
9207,223263428852,1,0
9208,223268580913,1,0
9209,223273736886,0,0
9210,223279315469,1,0
9211,223284444736,0,0
9212,223290105345,0,0
9213,223295900535,1,0
9214,223300960958,1,0
9215,223306078104,0,0
9216,223311887111,1,0
9217,223316951422,0,0
9218,223322549881,1,0
9219,223327726866,1,0
9220,223332794904,0,0
9221,223338490847,0,0
9222,223343957967,0,0
9223,223349509893,1,0
9224,223354527496,0,0
9225,223360063255,1,0
9226,223365035620,1,0
9227,223370182195,1,0
9228,223375241181,1,0
9229,223380224483,0,0
9230,223385741826,0,0
9231,223391617584,0,0
9232,223397456578,1,0
9233,223402605184,0,0
9234,223408294508,0,0
9235,223413970713,1,0
9236,223419291523,1,0
9237,223424307839,1,0
9238,223429298169,0,0
9239,223434862171,1,0
9240,223439922599,0,0
9241,223445573430,1,0
9242,223450580122,1,0
9243,223455625452,0,0
9244,223461106070,0,0
9245,223466322527,1,0
9246,223471329881,0,0
9247,223476808446,0,0
9248,223482298130,0,0
9249,223487608233,0,0
9250,223493047133,0,0
9251,223498311005,0,0
9252,223503678966,0,0
9253,223509190676,1,0
9254,223514196570,0,0
9255,223519584435,0,0
9256,223525256681,1,0
9257,223530208924,0,0
9258,223535718092,0,0
9259,223541143068,1,0
9260,223546174060,1,0
9261,223551226952,0,0
9262,223556608887,1,0
9263,223561681026,1,0
9264,223566703033,0,0
9265,223572164228,1,0
9266,223577170699,1,0
9267,223582184156,0,0
9268,223587729337,1,0
9269,223592723643,1,0
9270,223597731271,1,0
9271,223602820507,0,0
9272,223608094918,0,0
9273,223613279941,0,0
9274,223618563457,0,0
9275,223623923991,0,0
9276,223629241127,1,0
9277,223634241759,1,0
9278,223639241352,1,0
9279,223644308610,1,0
9280,223649356259,1,0
9281,223654435352,0,0
9282,223659953030,0,0
9283,223665520622,0,0
9284,223671178155,0,0
9285,223677070095,0,0
9286,223682613145,1,0
9287,223687804878,0,0
9288,223693246487,1,0
9289,223698341871,1,0
9290,223703448071,0,0
9291,223708958936,1,0
9292,223714045116,0,0
9293,223719624356,0,0
9294,223725137791,1,0
9295,223730241627,1,0
9296,223735472030,1,0
9297,223740593482,1,0
9298,223745696215,1,0
9299,223750910807,1,0
9300,223756041958,0,0
9301,223761571982,1,0
9302,223766802616,1,0
9303,223771949245,0,0
9304,223777558183,0,0
9305,223783240080,1,0
9306,223788509117,0,0
9307,223794483410,0,0
9308,223800080460,1,0
9309,223805274117,1,0
9310,223810319461,1,0
9311,223815392224,1,0
9312,223820447081,0,0
9313,223825760979,1,0
9314,223830820846,1,0
9315,223835919042,1,0
9316,223841020066,0,0
9317,223846327108,0,0
9318,223851673742,1,0
9319,223856758660,1,0
9320,223861801093,1,0
9321,223866886339,1,0
9322,223871917337,0,0
9323,223877306299,0,0
9324,223882416353,0,0
9325,223887800758,0,0
9326,223893091201,1,0
9327,223898108281,0,0
9328,223903494609,1,0
9329,223908492777,0,0
9330,223913645113,1,0
9331,223918652670,0,0
9332,223923799411,0,0
9333,223929008376,1,0
9334,223934047661,0,0
9335,223939296939,1,0
9336,223944321385,0,0
9337,223949582124,0,0
9338,223954816862,0,0
9339,223960287454,0,0
9340,223965848559,1,0
9341,223970868923,0,0
9342,223976445214,1,0
9343,223981479777,0,0
9344,223986865239,1,0
9345,223991874907,0,0
9346,223997251598,0,0
9347,224002561809,0,0
9348,224007921690,1,0
9349,224012883863,0,0
9350,224018215812,0,0
9351,224023635643,0,0
9352,224029044880,1,0
9353,224033974165,1,0
9354,224039068679,0,0
9355,224044440215,1,0
9356,224049587160,0,0
9357,224054807631,1,0
9358,224059931145,1,0
9359,224064994120,1,0
9360,224070140953,0,0
9361,224075491992,1,0
9362,224080629185,0,0
9363,224086222404,0,0
9364,224091569901,1,0
9365,224096754461,0,0
9366,224102177714,0,0
9367,224107479907,1,0
9368,224112570189,1,0
9369,224118030608,1,0
9370,224122995966,0,0
9371,224128538108,0,0
9372,224133958754,0,0
9373,224139405322,0,0
9374,224144900486,1,0
9375,224149980531,0,0
9376,224155451671,1,0
9377,224160815266,1,0
9378,224166024083,1,0
9379,224171584696,0,0
9380,224177048362,0,0
9381,224182625867,0,0
9382,224187964854,0,0
9383,224193366443,0,0
9384,224198653623,1,0
9385,224203868194,0,0
9386,224209346330,0,0
9387,224214820290,0,0
9388,224220265406,0,0
9389,224225556624,0,0
9390,224230830589,0,0
9391,224236198701,1,0
9392,224241293142,0,0
9393,224246662809,0,0
9394,224252218858,0,0
9395,224257710015,1,0
9396,224262824087,1,0
9397,224267937455,1,0
9398,224273027001,1,0
9399,224278136164,1,0
9400,224283268608,0,0
9401,224288537576,0,0
9402,224293748492,0,0
9403,224299026453,0,0
9404,224304317531,0,0
9405,224309493947,0,0
9406,224314903695,1,0
9407,224319983122,0,0
9408,224325507850,1,0
9409,224330774193,0,0
9410,224336456689,1,0
9411,224341601015,1,0
9412,224346802546,1,0
9413,224351895021,0,0
9414,224357802385,0,0
9415,224363718097,0,0
9416,224369482630,1,0
9417,224374649744,1,0
9418,224379772139,1,0
9419,224384837945,0,0
9420,224390544427,1,0
9421,224395737277,0,0
9422,224401232214,1,0
9423,224406273678,1,0
9424,224411339206,0,0
9425,224416891238,1,0
9426,224422053413,0,0
9427,224427450836,1,0
9428,224432512188,1,0
9429,224437635874,1,0
9430,224442675544,0,0
9431,224448290642,1,0
9432,224453467474,0,0
9433,224458897888,0,0
9434,224464466599,1,0
9435,224469627126,1,0
9436,224474762253,1,0
9437,224479827067,1,0
9438,224484884487,1,0
9439,224489921228,0,0
9440,224495638959,0,0
9441,224501270910,1,0
9442,224506243173,1,0
9443,224511251264,1,0
9444,224516249745,1,0
9445,224521246125,1,0
9446,224526269117,1,0
9447,224531250498,1,0
9448,224536261637,1,0
9449,224541253188,0,0
9450,224546755666,0,0
9451,224552107049,0,0
9452,224557641808,1,0
9453,224562659775,0,0
9454,224568032071,1,0
9455,224573133229,1,0
9456,224578187091,0,0
9457,224583639687,0,0
9458,224589111937,1,0
9459,224594210779,0,0
9460,224599982345,1,0
9461,224605026445,1,0
9462,224610160312,1,0
9463,224615212914,1,0
9464,224620277163,0,0
9465,224625618675,0,0
9466,224631062533,0,0
9467,224636618183,0,0
9468,224642066030,1,0
9469,224647150619,0,0
9470,224652806632,0,0
9471,224658271758,1,0
9472,224663315951,0,0
9473,224668946414,1,0
9474,224673986421,0,0
9475,224679490054,1,0
9476,224684729278,0,0
9477,224690296764,0,0
9478,224695894769,0,0
9479,224701387042,1,0
9480,224706524765,0,0
9481,224712137370,0,0
9482,224717903074,0,0
9483,224723668577,0,0
9484,224729216239,1,0
9485,224734294508,1,0
9486,224739283311,1,0
9487,224744431762,1,0
9488,224749466078,0,0
9489,224754987890,1,0
9490,224759948814,1,0
9491,224765053122,0,0
9492,224770592115,0,0
9493,224776302346,1,0
9494,224781488932,0,0
9495,224787064764,1,0
9496,224792295197,0,0
9497,224797942344,1,0
9498,224803380706,1,0
9499,224808421380,0,0
9500,224813953428,0,0
9501,224819636606,1,0
9502,224824601588,1,0
9503,224829772619,0,0
9504,224835390085,1,0
9505,224840586435,0,0
9506,224846127842,1,0
9507,224851215999,0,0
9508,224856921433,1,0
9509,224862060840,1,0
9510,224867148061,1,0
9511,224872237675,1,0
9512,224877316009,0,0
9513,224882755951,0,0
9514,224888041910,0,0
9515,224893423966,0,0
9516,224898638770,1,0
9517,224903674769,1,0
9518,224908758191,1,0
9519,224913795790,0,0
9520,224919206305,0,0
9521,224924526982,1,0
9522,224929553081,0,0
9523,224934806139,1,0
9524,224939850373,1,0
9525,224944934404,0,0
9526,224950169532,0,0
9527,224955278862,1,0
9528,224960273825,0,0
9529,224965424426,1,0
9530,224970421586,0,0
9531,224975624971,0,0
9532,224980822982,1,0
9533,224985859970,0,0
9534,224991083199,0,0
9535,224996263029,0,0
9536,225001491241,1,0
9537,225006516761,1,0
9538,225011581857,0,0
9539,225016751365,0,0
9540,225022012723,1,0
9541,225027099715,0,0
9542,225032317950,1,0
9543,225037355458,0,0
9544,225042639523,1,0
9545,225047739796,1,0
9546,225052772904,0,0
9547,225058170326,1,0
9548,225063252411,0,0
9549,225068520839,1,0
9550,225073534741,0,0
9551,225078760426,0,0
9552,225083982364,0,0
9553,225089167314,0,0
9554,225094320349,1,0
9555,225099308620,0,0
9556,225104549350,1,0
9557,225109667568,1,0
9558,225114785432,0,0
9559,225119994322,0,0
9560,225125223061,1,0
9561,225130410117,1,0
9562,225135513484,0,0
9563,225140797014,1,0
9564,225145953785,1,0
9565,225151019165,0,0
9566,225156451149,0,0
9567,225161629847,0,0
9568,225166887363,0,0
9569,225172254015,1,0
9570,225177229325,0,0
9571,225182387773,0,0
9572,225187735874,1,0
9573,225192759152,0,0
9574,225197988908,1,0
9575,225203014711,1,0
9576,225208156207,0,0
9577,225213428699,1,0
9578,225218484342,0,0
9579,225223924384,1,0
9580,225229015675,1,0
9581,225234020047,1,0
9582,225239415441,1,0
9583,225244631311,0,0
9584,225250342178,1,0
9585,225255499781,0,0
9586,225261308571,0,0
9587,225267043580,1,0
9588,225272537673,1,0
9589,225277748000,0,0
9590,225283296019,0,0
9591,225288906421,1,0
9592,225294135551,0,0
9593,225299468029,1,0
9594,225304722706,1,0
9595,225309757906,0,0
9596,225315874690,1,0
9597,225320901257,0,0
9598,225326599050,1,0
9599,225331918279,0,0
9600,225337485679,1,0
9601,225342691942,0,0
9602,225348156888,0,0
9603,225353665854,1,0
9604,225358755397,0,0
9605,225364249165,1,0
9606,225369317030,0,0
9607,225375038775,0,0
9608,225380471159,1,0
9609,225385492947,1,0
9610,225390450302,0,0
9611,225395881443,0,0
9612,225401442614,1,0
9613,225406476488,1,0
9614,225411483632,0,0
9615,225416910430,0,0
9616,225422266420,1,0
9617,225427199850,0,0
9618,225432596056,0,0
9619,225438026195,0,0
9620,225443555753,0,0
9621,225448977049,0,0
9622,225454320112,1,0
9623,225459267156,1,0
9624,225464218887,0,0
9625,225469790062,1,0
9626,225474826334,1,0
9627,225479892569,1,0
9628,225484915018,1,0
9629,225490037444,1,0
9630,225495025181,0,0
9631,225500553914,1,0
9632,225505627815,0,0
9633,225511170735,1,0
9634,225516331115,1,0
9635,225521412506,0,0
9636,225526769873,0,0
9637,225532435903,1,0
9638,225537573890,0,0
9639,225543184916,1,0
9640,225548218437,0,0
9641,225553793403,1,0
9642,225558773229,0,0
9643,225564415373,0,0
9644,225570152179,0,0
9645,225575767785,0,0
9646,225581363225,0,0
9647,225587035592,1,0
9648,225592220130,1,0
9649,225597343918,0,0
9650,225603391086,0,0
9651,225609026998,1,0
9652,225614372305,1,0
9653,225619552482,0,0
9654,225625050026,1,0
9655,225630134844,0,0
9656,225635789806,0,0
9657,225644239972,0,0
9658,225649893639,0,0
9659,225655516469,0,0
9660,225661029507,0,0
9661,225666704410,1,0
9662,225671810707,0,0
9663,225677562848,0,0
9664,225682805871,1,0
9665,225687888097,0,0
9666,225693510585,0,0
9667,225699019966,0,0
9668,225704482709,1,0
9669,225709599010,1,0
9670,225714680231,0,0
9671,225720018821,0,0
9672,225725286884,1,0
9673,225730296223,0,0
9674,225735870073,1,0
9675,225740910505,0,0
9676,225746255164,1,0
9677,225751302547,1,0
9678,225756372413,1,0
9679,225761405213,1,0
9680,225766446308,1,0
9681,225771495485,1,0
9682,225776522131,0,0
9683,225781867586,0,0
9684,225787153898,1,0
9685,225792201900,1,0
9686,225797219308,1,0
9687,225802230835,1,0
9688,225807253198,0,0
9689,225812686263,1,0
9690,225817796792,0,0
9691,225823426119,1,0
9692,225828701366,1,0
9693,225834231466,0,0
9694,225839969731,0,0
9695,225845445950,1,0
9696,225850636635,0,0
9697,225856445246,0,0
9698,225861890723,0,0
9699,225867635231,0,0
9700,225873683980,1,0
9701,225878815499,1,0
9702,225884051342,1,0
9703,225889171244,0,0
9704,225894693101,1,0
9705,225899871437,1,0
9706,225904971503,1,0
9707,225910169701,0,0
9708,225916162352,0,0
9709,225921602151,1,0
9710,225926836941,0,0
9711,225932388320,1,0
9712,225937577646,0,0
9713,225943322372,0,0
9714,225948943282,1,0
9715,225953981841,1,0
9716,225959016638,1,0
9717,225964026592,0,0
9718,225969651160,0,0
9719,225975521955,0,0
9720,225981026403,0,0
9721,225986615693,1,0
9722,225991633014,0,0
9723,225997210470,0,0
9724,226002910601,0,0
9725,226008553521,0,0
9726,226014241353,0,0
9727,226019796737,1,0
9728,226024836377,0,0
9729,226030361421,1,0
9730,226035672829,1,0
9731,226040909406,0,0
9732,226046546143,1,0
9733,226051672588,1,0
9734,226056909977,0,0
9735,226062438199,0,0
9736,226067903174,1,0
9737,226072958861,1,0
9738,226078138259,0,0
9739,226083404207,1,0
9740,226088468923,0,0
9741,226093877362,1,0
9742,226099025440,0,0
9743,226104452313,1,0
9744,226109677726,1,0
9745,226114836818,1,0
9746,226119898056,0,0
9747,226125561898,1,0
9748,226130861229,0,0
9749,226136432930,0,0
9750,226141985702,1,0
9751,226147250123,0,0
9752,226152661070,0,0
9753,226158221419,0,0
9754,226163856504,1,0
9755,226168924752,0,0
9756,226174821748,0,0
9757,226180573768,1,0
9758,226185787458,0,0
9759,226191501135,0,0
9760,226197236615,1,0
9761,226202562313,1,0
9762,226207610389,0,0
9763,226213339081,0,0
9764,226219142347,0,0
9765,226225059246,1,0
9766,226230207860,0,0
9767,226235885269,0,0
9768,226241643358,0,0
9769,226247140744,0,0
9770,226252715095,0,0
9771,226258164503,1,0
9772,226263466906,1,0
9773,226268657079,1,0
9774,226273714065,0,0
9775,226279139295,1,0
9776,226284216882,1,0
9777,226289278759,0,0
9778,226294717757,1,0
9779,226300024046,1,0
9780,226305033154,0,0
9781,226310690549,0,0
9782,226316530939,0,0
9783,226322016010,1,0
9784,226327015665,0,0
9785,226332516810,0,0
9786,226338212390,1,0
9787,226343275945,0,0
9788,226348926791,0,0
9789,226354507864,1,0
9790,226359435413,1,0
9791,226364602511,1,0
9792,226369824853,0,0
9793,226375580362,1,0
9794,226380737045,1,0
9795,226385791803,0,0
9796,226391513004,1,0
9797,226396746040,0,0
9798,226402407139,1,0
9799,226407579609,1,0
9800,226412843377,0,0
9801,226418635054,1,0
9802,226423866178,0,0
9803,226429636845,0,0
9804,226435532486,1,0
9805,226440670703,1,0
9806,226445715710,0,0
9807,226451322870,0,0
9808,226456823491,1,0
9809,226461836859,1,0
9810,226466920024,1,0
9811,226471882151,0,0
9812,226477434434,1,0
9813,226482599366,0,0
9814,226488523190,0,0
9815,226493976006,0,0
9816,226499280329,1,0
9817,226504320430,1,0
9818,226509369222,1,0
9819,226514389346,0,0
9820,226519919882,0,0
9821,226525486579,1,0
9822,226530522077,1,0
9823,226535509498,1,0
9824,226540542782,1,0
9825,226545611226,1,0
9826,226550690950,0,0
9827,226556414002,1,0
9828,226561591135,1,0
9829,226566841335,1,0
9830,226572156227,0,0
9831,226577586326,0,0
9832,226583053238,1,0
9833,226588411721,1,0
9834,226593577546,1,0
9835,226598847778,0,0
9836,226604568191,0,0
9837,226609988283,1,0
9838,226615095516,0,0
9839,226620499720,1,0
9840,226625544087,0,0
9841,226630925475,0,0
9842,226636296888,1,0
9843,226641381705,1,0
9844,226646475291,0,0
9845,226651880598,1,0
9846,226656969290,1,0
9847,226662022258,1,0
9848,226667039404,0,0
9849,226672420727,1,0
9850,226677463998,1,0
9851,226682584588,1,0
9852,226687729783,0,0
9853,226693208280,0,0
9854,226698765362,1,0
9855,226703876792,0,0
9856,226709247939,0,0
9857,226714664555,0,0
9858,226720051506,1,0
9859,226725198223,0,0
9860,226730544177,0,0
9861,226735903803,0,0
9862,226741295124,0,0
9863,226746592131,0,0
9864,226751882611,0,0
9865,226757213414,0,0
9866,226762521745,0,0
9867,226767913573,1,0
9868,226773023004,1,0
9869,226778044188,1,0
9870,226783350810,1,0
9871,226788432154,1,0
9872,226793496504,1,0
9873,226798538264,0,0
9874,226803981053,1,0
9875,226809049283,1,0
9876,226814121011,0,0
9877,226819458449,1,0
9878,226824563195,1,0
9879,226829594730,0,0
9880,226834862978,0,0
9881,226840166416,1,0
9882,226845243653,1,0
9883,226850288777,1,0
9884,226855378251,0,0
9885,226860625325,1,0
9886,226865649324,0,0
9887,226871034369,1,0
9888,226876114940,0,0
9889,226881392996,1,0
9890,226886435263,1,0
9891,226891519504,0,0
9892,226896691935,0,0
9893,226902021629,0,0
9894,226907377394,1,0
9895,226912419446,0,0
9896,226917761489,1,0
9897,226922947634,0,0
9898,226928321980,0,0
9899,226934287237,0,0
9900,226939865873,1,0
9901,226945043984,0,0
9902,226950822820,0,0
9903,226956565174,0,0
9904,226962394184,0,0
9905,226968026264,1,0
9906,226973119134,1,0
9907,226978272737,1,0
9908,226983507021,0,0
9909,226988945214,1,0
9910,226994138292,1,0
9911,226999286978,1,0
9912,227004469847,1,0
9913,227009698436,0,0
9914,227015353950,1,0
9915,227020467757,0,0
9916,227025812922,0,0
9917,227031346731,1,0
9918,227036401268,0,0
9919,227041684939,0,0
9920,227046853412,0,0
9921,227052162514,0,0
9922,227057578371,0,0
9923,227062870952,0,0
9924,227068217496,1,0
9925,227073389922,0,0
9926,227078766942,0,0
9927,227084176670,0,0
9928,227089885544,1,0
9929,227094993881,1,0
9930,227100323349,0,0
9931,227105758558,1,0
9932,227110827527,0,0
9933,227116541121,1,0
9934,227121554428,0,0
9935,227126970139,0,0
9936,227132577841,1,0
9937,227137740388,1,0
9938,227142814515,1,0
9939,227147998363,1,0
9940,227153097944,0,0
9941,227158549144,1,0
9942,227163623610,1,0
9943,227168699338,0,0
9944,227174145824,1,0
9945,227179287680,0,0
9946,227184752089,0,0
9947,227190518296,0,0
9948,227196310554,0,0
9949,227201993967,1,0
9950,227207030581,0,0
9951,227212448121,0,0
9952,227217996765,0,0
9953,227223774651,0,0
9954,227229602631,0,0
9955,227235537678,0,0
9956,227241617958,1,0
9957,227246859296,1,0
9958,227252052903,0,0
9959,227257593829,1,0
9960,227262906372,0,0
9961,227268475977,1,0
9962,227273780602,0,0
9963,227279272593,0,0
9964,227284609453,0,0
9965,227289953382,1,0
9966,227295149170,0,0
9967,227300638207,1,0
9968,227305722882,1,0
9969,227310766039,1,0
9970,227315821335,0,0
9971,227321255980,1,0
9972,227326504336,0,0
9973,227331915582,0,0
9974,227337579667,0,0
9975,227343301574,1,0
9976,227348825856,0,0
9977,227354586580,1,0
9978,227359830316,1,0
9979,227364874374,1,0
9980,227369906153,1,0
9981,227375145747,1,0
9982,227380571787,1,0
9983,227385713716,1,0
9984,227390970892,1,0
9985,227396197201,1,0
9986,227401429950,0,0
9987,227407043695,0,0
9988,227412937913,0,0
9989,227418730736,1,0
9990,227424029438,0,0
9991,227429776432,1,0
9992,227435089101,0,0
9993,227440640739,0,0
9994,227446385148,1,0
9995,227451616307,0,0
9996,227457434308,1,0
9997,227462680403,1,0
9998,227467741694,1,0
9999,227472837328,1,0
10000,227477921232,1,0
