mode,state,trial,classify_ns,cleanup_ns,full_cycle_ns,polls,cleanup_ok
dontcache,miss,0,12793,145970,158763,676,1
dontcache,hit,0,379,1362,1741,0,1
dontcache,miss,1,3330,64539,67869,395,1
dontcache,hit,1,372,986,1358,0,1
dontcache,miss,2,2203,92032,94235,570,1
dontcache,hit,2,279,767,1046,0,1
dontcache,miss,3,2786,49081,51867,298,1
dontcache,hit,3,269,705,974,0,1
dontcache,miss,4,2336,21071,23407,92,1
dontcache,hit,4,274,667,941,0,1
dontcache,miss,5,2391,71704,74095,433,1
dontcache,hit,5,249,588,837,0,1
dontcache,miss,6,2313,66493,68806,402,1
dontcache,hit,6,345,836,1181,0,1
dontcache,miss,7,2469,64409,66878,388,1
dontcache,hit,7,295,692,987,0,1
dontcache,miss,8,2231,17480,19711,100,1
dontcache,hit,8,240,587,827,0,1
dontcache,miss,9,2353,11384,13737,63,1
dontcache,hit,9,246,565,811,0,1
dontcache,miss,10,2340,71628,73968,432,1
dontcache,hit,10,247,575,822,0,1
dontcache,miss,11,2402,62129,64531,374,1
dontcache,hit,11,256,572,828,0,1
dontcache,miss,12,2300,13292,15592,46,1
dontcache,hit,12,256,649,905,0,1
dontcache,miss,13,4659,11770,16429,65,1
dontcache,hit,13,261,579,840,0,1
dontcache,miss,14,2390,11689,14079,65,1
dontcache,hit,14,243,559,802,0,1
dontcache,miss,15,2551,15840,18391,77,1
dontcache,hit,15,246,550,796,0,1
dontcache,miss,16,2375,10700,13075,59,1
dontcache,hit,16,271,670,941,0,1
dontcache,miss,17,2585,13519,16104,49,1
dontcache,hit,17,259,572,831,0,1
dontcache,miss,18,2551,23243,25794,136,1
dontcache,hit,18,249,624,873,0,1
dontcache,miss,19,2650,68184,70834,399,1
dontcache,hit,19,241,563,804,0,1
dontcache,miss,20,2300,48706,51006,293,1
dontcache,hit,20,238,569,807,0,1
dontcache,miss,21,2341,48553,50894,254,1
dontcache,hit,21,238,553,791,0,1
dontcache,miss,22,2461,10681,13142,59,1
dontcache,hit,22,238,610,848,0,1
dontcache,miss,23,2867,47284,50151,283,1
dontcache,hit,23,336,793,1129,0,1
dontcache,miss,24,2388,11900,14288,66,1
dontcache,hit,24,238,604,842,0,1
dontcache,miss,25,2264,49345,51609,276,1
dontcache,hit,25,246,577,823,0,1
dontcache,miss,26,2346,11440,13786,62,1
dontcache,hit,26,242,569,811,0,1
dontcache,miss,27,2516,10810,13326,59,1
dontcache,hit,27,235,548,783,0,1
dontcache,miss,28,2287,10574,12861,58,1
dontcache,hit,28,292,795,1087,0,1
dontcache,miss,29,2496,11753,14249,65,1
dontcache,hit,29,238,584,822,0,1
dontcache,miss,30,2331,11797,14128,66,1
dontcache,hit,30,242,595,837,0,1
dontcache,miss,31,8226,14170,22396,38,1
dontcache,hit,31,344,1002,1346,0,1
dontcache,miss,32,8468,11556,20024,37,1
dontcache,hit,32,607,1015,1622,0,1
dontcache,miss,33,3722,10876,14598,37,1
dontcache,hit,33,374,892,1266,0,1
dontcache,miss,34,3284,45358,48642,122,1
dontcache,hit,34,458,998,1456,0,1
dontcache,miss,35,4858,11970,16828,42,1
dontcache,hit,35,521,1313,1834,0,1
dontcache,miss,36,4301,49433,53734,198,1
dontcache,hit,36,576,2110,2686,0,1
dontcache,miss,37,4775,12135,16910,41,1
dontcache,hit,37,553,1275,1828,0,1
dontcache,miss,38,3691,11106,14797,38,1
dontcache,hit,38,334,1030,1364,0,1
dontcache,miss,39,2533,14237,16770,78,1
dontcache,hit,39,237,599,836,0,1
dontcache,miss,40,2290,11640,13930,63,1
dontcache,hit,40,246,581,827,0,1
dontcache,miss,41,2498,11291,13789,61,1
dontcache,hit,41,230,551,781,0,1
dontcache,miss,42,2318,49038,51356,288,1
dontcache,hit,42,246,541,787,0,1
dontcache,miss,43,2609,10823,13432,58,1
dontcache,hit,43,233,554,787,0,1
dontcache,miss,44,2282,10792,13074,58,1
dontcache,hit,44,246,548,794,0,1
dontcache,miss,45,2485,10938,13423,59,1
dontcache,hit,45,233,551,784,0,1
dontcache,miss,46,2339,11611,13950,63,1
dontcache,hit,46,246,548,794,0,1
dontcache,miss,47,2488,11088,13576,60,1
dontcache,hit,47,239,546,785,0,1
dontcache,miss,48,2780,12495,15275,43,1
dontcache,hit,48,456,993,1449,0,1
dontcache,miss,49,4181,12870,17051,69,1
dontcache,hit,49,460,984,1444,0,1
dontcache,miss,50,2364,11473,13837,62,1
dontcache,hit,50,252,601,853,0,1
dontcache,miss,51,3840,15173,19013,49,1
dontcache,hit,51,392,926,1318,0,1
dontcache,miss,52,3935,16794,20729,62,1
dontcache,hit,52,265,725,990,0,1
dontcache,miss,53,2482,13558,16040,74,1
dontcache,hit,53,251,585,836,0,1
dontcache,miss,54,2463,15860,18323,88,1
dontcache,hit,54,263,533,796,0,1
dontcache,miss,55,6847,16062,22909,82,1
dontcache,hit,55,263,539,802,0,1
dontcache,miss,56,2546,56941,59487,329,1
dontcache,hit,56,244,626,870,0,1
dontcache,miss,57,2619,19965,22584,112,1
dontcache,hit,57,257,2050,2307,0,1
dontcache,miss,58,2250,64913,67163,388,1
dontcache,hit,58,252,541,793,0,1
dontcache,miss,59,4082,26888,30970,163,1
dontcache,hit,59,601,1330,1931,0,1
dontcache,miss,60,1995,61106,63101,366,1
dontcache,hit,60,244,1117,1361,0,1
dontcache,miss,61,3266,59745,63011,346,1
dontcache,hit,61,253,1051,1304,0,1
dontcache,miss,62,4057,57075,61132,327,1
dontcache,hit,62,258,646,904,0,1
dontcache,miss,63,2960,17728,20688,100,1
dontcache,hit,63,270,979,1249,0,1
dontcache,miss,64,2811,15230,18041,79,1
dontcache,hit,64,258,547,805,0,1
dontcache,miss,65,3783,12677,16460,69,1
dontcache,hit,65,255,991,1246,0,1
dontcache,miss,66,6676,13908,20584,74,1
dontcache,hit,66,266,1028,1294,0,1
dontcache,miss,67,2649,43324,45973,248,1
dontcache,hit,67,242,564,806,0,1
dontcache,miss,68,2516,12780,15296,70,1
dontcache,hit,68,241,649,890,0,1
dontcache,miss,69,3364,41843,45207,246,1
dontcache,hit,69,239,551,790,0,1
dontcache,miss,70,2475,12109,14584,66,1
dontcache,hit,70,250,580,830,0,1
dontcache,miss,71,2452,31687,34139,183,1
dontcache,hit,71,250,562,812,0,1
dontcache,miss,72,4331,22445,26776,93,1
dontcache,hit,72,262,576,838,0,1
dontcache,miss,73,3205,17620,20825,99,1
dontcache,hit,73,256,787,1043,0,1
dontcache,miss,74,2378,17028,19406,95,1
dontcache,hit,74,256,535,791,0,1
dontcache,miss,75,2877,19700,22577,110,1
dontcache,hit,75,269,552,821,0,1
dontcache,miss,76,3653,32213,35866,187,1
dontcache,hit,76,253,519,772,0,1
dontcache,miss,77,2626,18074,20700,101,1
dontcache,hit,77,257,518,775,0,1
dontcache,miss,78,2711,17999,20710,102,1
dontcache,hit,78,269,555,824,0,1
dontcache,miss,79,2564,18551,21115,105,1
dontcache,hit,79,250,529,779,0,1
dontcache,miss,80,2270,15840,18110,88,1
dontcache,hit,80,251,526,777,0,1
dontcache,miss,81,2625,18194,20819,102,1
dontcache,hit,81,250,538,788,0,1
dontcache,miss,82,2125,14615,16740,81,1
dontcache,hit,82,255,524,779,0,1
dontcache,miss,83,4061,18020,22081,99,1
dontcache,hit,83,255,527,782,0,1
dontcache,miss,84,2367,12895,15262,71,1
dontcache,hit,84,252,525,777,0,1
dontcache,miss,85,6985,17684,24669,97,1
dontcache,hit,85,261,799,1060,0,1
dontcache,miss,86,2934,54665,57599,312,1
dontcache,hit,86,267,582,849,0,1
dontcache,miss,87,3694,56429,60123,318,1
dontcache,hit,87,263,562,825,0,1
dontcache,miss,88,2750,19351,22101,98,1
dontcache,hit,88,262,544,806,0,1
dontcache,miss,89,2451,23674,26125,137,1
dontcache,hit,89,245,549,794,0,1
dontcache,miss,90,3981,11431,15412,62,1
dontcache,hit,90,283,609,892,0,1
dontcache,miss,91,2472,49958,52430,294,1
dontcache,hit,91,269,550,819,0,1
dontcache,miss,92,2283,10967,13250,59,1
dontcache,hit,92,249,564,813,0,1
dontcache,miss,93,2517,11002,13519,59,1
dontcache,hit,93,250,562,812,0,1
dontcache,miss,94,2353,10813,13166,58,1
dontcache,hit,94,248,547,795,0,1
dontcache,miss,95,2484,10900,13384,59,1
dontcache,hit,95,247,529,776,0,1
dontcache,miss,96,2306,10326,12632,55,1
dontcache,hit,96,246,535,781,0,1
dontcache,miss,97,2459,9842,12301,52,1
dontcache,hit,97,245,546,791,0,1
dontcache,miss,98,2353,12081,14434,66,1
dontcache,hit,98,246,546,792,0,1
dontcache,miss,99,2494,10935,13429,59,1
dontcache,hit,99,249,541,790,0,1
dontcache,miss,100,2318,10960,13278,59,1
dontcache,hit,100,248,544,792,0,1
dontcache,miss,101,2540,10790,13330,58,1
dontcache,hit,101,248,527,775,0,1
dontcache,miss,102,2336,10417,12753,44,1
dontcache,hit,102,252,1587,1839,0,1
dontcache,miss,103,2481,11165,13646,60,1
dontcache,hit,103,245,559,804,0,1
dontcache,miss,104,2404,10400,12804,56,1
dontcache,hit,104,251,545,796,0,1
dontcache,miss,105,2485,10006,12491,53,1
dontcache,hit,105,244,549,793,0,1
dontcache,miss,106,2303,9399,11702,50,1
dontcache,hit,106,249,533,782,0,1
dontcache,miss,107,2511,10699,13210,57,1
dontcache,hit,107,244,533,777,0,1
dontcache,miss,108,2260,10713,12973,58,1
dontcache,hit,108,245,525,770,0,1
dontcache,miss,109,2493,10589,13082,57,1
dontcache,hit,109,246,547,793,0,1
dontcache,miss,110,2393,14602,16995,57,1
dontcache,hit,110,254,671,925,0,1
dontcache,miss,111,2381,11800,14181,64,1
dontcache,hit,111,246,550,796,0,1
dontcache,miss,112,2253,11743,13996,64,1
dontcache,hit,112,249,561,810,0,1
dontcache,miss,113,2483,45033,47516,263,1
dontcache,hit,113,247,558,805,0,1
dontcache,miss,114,2229,14383,16612,80,1
dontcache,hit,114,263,545,808,0,1
dontcache,miss,115,2455,10974,13429,59,1
dontcache,hit,115,248,558,806,0,1
dontcache,miss,116,2260,10949,13209,59,1
dontcache,hit,116,250,545,795,0,1
dontcache,miss,117,2484,10812,13296,58,1
dontcache,hit,117,247,556,803,0,1
dontcache,miss,118,2267,13736,16003,76,1
dontcache,hit,118,275,602,877,0,1
dontcache,miss,119,2468,13352,15820,73,1
dontcache,hit,119,273,546,819,0,1
dontcache,miss,120,2079,11086,13165,60,1
dontcache,hit,120,258,530,788,0,1
dontcache,miss,121,2428,9099,11527,48,1
dontcache,hit,121,254,546,800,0,1
dontcache,miss,122,2296,11134,13430,60,1
dontcache,hit,122,319,520,839,0,1
dontcache,miss,123,2464,13403,15867,74,1
dontcache,hit,123,250,543,793,0,1
dontcache,miss,124,2085,11082,13167,60,1
dontcache,hit,124,248,528,776,0,1
dontcache,miss,125,2282,9743,12025,52,1
dontcache,hit,125,253,544,797,0,1
dontcache,miss,126,2326,10223,12549,55,1
dontcache,hit,126,248,534,782,0,1
dontcache,miss,127,2463,9446,11909,50,1
dontcache,hit,127,247,528,775,0,1
dontcache,miss,128,2277,9738,12015,52,1
dontcache,hit,128,254,536,790,0,1
dontcache,miss,129,2288,10788,13076,58,1
dontcache,hit,129,254,538,792,0,1
dontcache,miss,130,2275,10558,12833,57,1
dontcache,hit,130,252,545,797,0,1
dontcache,miss,131,2439,9773,12212,52,1
dontcache,hit,131,246,547,793,0,1
dontcache,miss,132,2273,10401,12674,56,1
dontcache,hit,132,250,551,801,0,1
dontcache,miss,133,2457,10421,12878,56,1
dontcache,hit,133,247,540,787,0,1
dontcache,miss,134,2238,10669,12907,57,1
dontcache,hit,134,250,533,783,0,1
dontcache,miss,135,2458,9082,11540,48,1
dontcache,hit,135,255,533,788,0,1
dontcache,miss,136,2271,10607,12878,57,1
dontcache,hit,136,253,525,778,0,1
dontcache,miss,137,2446,10343,12789,55,1
dontcache,hit,137,254,536,790,0,1
dontcache,miss,138,2199,10455,12654,56,1
dontcache,hit,138,251,537,788,0,1
dontcache,miss,139,2447,10331,12778,55,1
dontcache,hit,139,249,528,777,0,1
dontcache,miss,140,2262,17534,19796,63,1
dontcache,hit,140,253,646,899,0,1
dontcache,miss,141,2420,13093,15513,72,1
dontcache,hit,141,259,563,822,0,1
dontcache,miss,142,2196,10403,12599,56,1
dontcache,hit,142,255,555,810,0,1
dontcache,miss,143,2465,10636,13101,57,1
dontcache,hit,143,254,557,811,0,1
dontcache,miss,144,2281,10741,13022,58,1
dontcache,hit,144,254,551,805,0,1
dontcache,miss,145,2468,11832,14300,64,1
dontcache,hit,145,252,547,799,0,1
dontcache,miss,146,2109,9757,11866,52,1
dontcache,hit,146,251,551,802,0,1
dontcache,miss,147,2307,9999,12306,53,1
dontcache,hit,147,263,555,818,0,1
dontcache,miss,148,2271,10354,12625,56,1
dontcache,hit,148,256,540,796,0,1
dontcache,miss,149,2440,10720,13160,58,1
dontcache,hit,149,254,551,805,0,1
dontcache,miss,150,2243,9161,11404,48,1
dontcache,hit,150,252,539,791,0,1
dontcache,miss,151,2281,10346,12627,55,1
dontcache,hit,151,253,552,805,0,1
dontcache,miss,152,2837,10174,13011,53,1
dontcache,hit,152,260,612,872,0,1
dontcache,miss,153,2491,10593,13084,57,1
dontcache,hit,153,249,547,796,0,1
dontcache,miss,154,2276,9880,12156,53,1
dontcache,hit,154,251,545,796,0,1
dontcache,miss,155,2477,10649,13126,57,1
dontcache,hit,155,248,544,792,0,1
dontcache,miss,156,2279,10777,13056,58,1
dontcache,hit,156,254,536,790,0,1
dontcache,miss,157,2445,9152,11597,48,1
dontcache,hit,157,250,549,799,0,1
dontcache,miss,158,2306,11679,13985,64,1
dontcache,hit,158,255,550,805,0,1
dontcache,miss,159,2569,10801,13370,58,1
dontcache,hit,159,248,546,794,0,1
dontcache,miss,160,2252,10631,12883,57,1
dontcache,hit,160,247,553,800,0,1
dontcache,miss,161,2484,10587,13071,57,1
dontcache,hit,161,248,547,795,0,1
dontcache,miss,162,2295,13257,15552,73,1
dontcache,hit,162,255,548,803,0,1
dontcache,miss,163,2488,11302,13790,61,1
dontcache,hit,163,249,541,790,0,1
dontcache,miss,164,2121,10596,12717,57,1
dontcache,hit,164,257,560,817,0,1
dontcache,miss,165,2484,10550,13034,56,1
dontcache,hit,165,253,547,800,0,1
dontcache,miss,166,2249,10594,12843,57,1
dontcache,hit,166,250,535,785,0,1
dontcache,miss,167,2448,11503,13951,62,1
dontcache,hit,167,248,540,788,0,1
dontcache,miss,168,2103,10767,12870,58,1
dontcache,hit,168,250,540,790,0,1
dontcache,miss,169,2286,11049,13335,59,1
dontcache,hit,169,248,547,795,0,1
dontcache,miss,170,2261,9771,12032,52,1
dontcache,hit,170,252,543,795,0,1
dontcache,miss,171,2427,9847,12274,52,1
dontcache,hit,171,250,531,781,0,1
dontcache,miss,172,2260,10443,12703,56,1
dontcache,hit,172,249,532,781,0,1
dontcache,miss,173,2470,10438,12908,56,1
dontcache,hit,173,299,701,1000,0,1
dontcache,miss,174,2400,10629,13029,57,1
dontcache,hit,174,253,573,826,0,1
dontcache,miss,175,2439,9807,12246,52,1
dontcache,hit,175,252,550,802,0,1
dontcache,miss,176,2290,9579,11869,51,1
dontcache,hit,176,255,553,808,0,1
dontcache,miss,177,2410,10507,12917,56,1
dontcache,hit,177,254,547,801,0,1
dontcache,miss,178,2262,10434,12696,56,1
dontcache,hit,178,256,545,801,0,1
dontcache,miss,179,2451,9515,11966,50,1
dontcache,hit,179,253,545,798,0,1
dontcache,miss,180,2253,12094,14347,66,1
dontcache,hit,180,251,545,796,0,1
dontcache,miss,181,2438,10938,13376,59,1
dontcache,hit,181,263,549,812,0,1
dontcache,miss,182,2385,10790,13175,58,1
dontcache,hit,182,255,554,809,0,1
dontcache,miss,183,2444,10523,12967,56,1
dontcache,hit,183,255,564,819,0,1
dontcache,miss,184,2267,13229,15496,73,1
dontcache,hit,184,328,873,1201,0,1
dontcache,miss,185,2545,12986,15531,71,1
dontcache,hit,185,346,577,923,0,1
dontcache,miss,186,2101,10802,12903,58,1
dontcache,hit,186,258,558,816,0,1
dontcache,miss,187,2497,9310,11807,49,1
dontcache,hit,187,257,555,812,0,1
dontcache,miss,188,2298,10275,12573,55,1
dontcache,hit,188,257,532,789,0,1
dontcache,miss,189,2458,12285,14743,67,1
dontcache,hit,189,257,536,793,0,1
dontcache,miss,190,2149,10083,12232,54,1
dontcache,hit,190,255,523,778,0,1
dontcache,miss,191,2247,10328,12575,55,1
dontcache,hit,191,261,544,805,0,1
dontcache,miss,192,2266,9944,12210,53,1
dontcache,hit,192,264,528,792,0,1
dontcache,miss,193,2472,9861,12333,52,1
dontcache,hit,193,255,532,787,0,1
dontcache,miss,194,2309,11050,13359,60,1
dontcache,hit,194,259,527,786,0,1
dontcache,miss,195,2286,9494,11780,50,1
dontcache,hit,195,255,541,796,0,1
dontcache,miss,196,2341,9564,11905,51,1
dontcache,hit,196,260,541,801,0,1
dontcache,miss,197,2517,10595,13112,57,1
dontcache,hit,197,257,528,785,0,1
dontcache,miss,198,2344,10454,12798,56,1
dontcache,hit,198,256,552,808,0,1
dontcache,miss,199,2703,11062,13765,60,1
dontcache,hit,199,258,542,800,0,1
dontcache,miss,200,2294,10764,13058,58,1
dontcache,hit,200,323,533,856,0,1
dontcache,miss,201,2515,10177,12692,54,1
dontcache,hit,201,322,549,871,0,1
dontcache,miss,202,2262,13166,15428,72,1
dontcache,hit,202,260,533,793,0,1
dontcache,miss,203,2427,9659,12086,51,1
dontcache,hit,203,257,529,786,0,1
dontcache,miss,204,2269,9155,11424,41,1
dontcache,hit,204,256,1386,1642,0,1
dontcache,miss,205,7282,11608,18890,61,1
dontcache,hit,205,255,540,795,0,1
dontcache,miss,206,2509,13007,15516,71,1
dontcache,hit,206,261,581,842,0,1
dontcache,miss,207,2544,12424,14968,67,1
dontcache,hit,207,255,555,810,0,1
dontcache,miss,208,2504,11608,14112,63,1
dontcache,hit,208,265,630,895,0,1
dontcache,miss,209,2524,10757,13281,57,1
dontcache,hit,209,258,606,864,0,1
dontcache,miss,210,2248,11069,13317,60,1
dontcache,hit,210,258,540,798,0,1
dontcache,miss,211,2517,13143,15660,72,1
dontcache,hit,211,262,549,811,0,1
dontcache,miss,212,2179,11064,13243,60,1
dontcache,hit,212,257,618,875,0,1
dontcache,miss,213,2345,9913,12258,53,1
dontcache,hit,213,259,540,799,0,1
dontcache,miss,214,2392,10423,12815,55,1
dontcache,hit,214,319,533,852,0,1
dontcache,miss,215,2463,11300,13763,61,1
dontcache,hit,215,263,551,814,0,1
dontcache,miss,216,2280,11081,13361,60,1
dontcache,hit,216,260,543,803,0,1
dontcache,miss,217,2394,11628,14022,63,1
dontcache,hit,217,283,661,944,0,1
dontcache,miss,218,2228,10416,12644,56,1
dontcache,hit,218,262,539,801,0,1
dontcache,miss,219,2463,9475,11938,48,1
dontcache,hit,219,262,564,826,0,1
dontcache,miss,220,2268,9398,11666,50,1
dontcache,hit,220,265,533,798,0,1
dontcache,miss,221,2455,10987,13442,59,1
dontcache,hit,221,257,552,809,0,1
dontcache,miss,222,2305,10222,12527,55,1
dontcache,hit,222,258,553,811,0,1
dontcache,miss,223,2427,10424,12851,56,1
dontcache,hit,223,264,534,798,0,1
dontcache,miss,224,2258,13029,15287,72,1
dontcache,hit,224,280,537,817,0,1
dontcache,miss,225,2455,9815,12270,52,1
dontcache,hit,225,256,539,795,0,1
dontcache,miss,226,2278,10447,12725,56,1
dontcache,hit,226,260,554,814,0,1
dontcache,miss,227,2441,9859,12300,52,1
dontcache,hit,227,257,527,784,0,1
dontcache,miss,228,2234,11603,13837,63,1
dontcache,hit,228,257,524,781,0,1
dontcache,miss,229,2459,11448,13907,62,1
dontcache,hit,229,260,537,797,0,1
dontcache,miss,230,2110,11233,13343,61,1
dontcache,hit,230,258,533,791,0,1
dontcache,miss,231,2454,10453,12907,56,1
dontcache,hit,231,256,542,798,0,1
dontcache,miss,232,2282,9929,12211,53,1
dontcache,hit,232,260,535,795,0,1
dontcache,miss,233,2510,11756,14266,64,1
dontcache,hit,233,271,531,802,0,1
dontcache,miss,234,2103,9617,11720,51,1
dontcache,hit,234,260,527,787,0,1
dontcache,miss,235,2293,10334,12627,55,1
dontcache,hit,235,256,544,800,0,1
dontcache,miss,236,2265,10601,12866,57,1
dontcache,hit,236,554,525,1079,0,1
dontcache,miss,237,3484,16047,19531,67,1
dontcache,hit,237,256,2093,2349,0,1
dontcache,miss,238,4204,11320,15524,59,1
dontcache,hit,238,451,1113,1564,0,1
dontcache,miss,239,4470,14485,18955,78,1
dontcache,hit,239,407,562,969,0,1
dontcache,miss,240,2669,12435,15104,65,1
dontcache,hit,240,258,540,798,0,1
dontcache,miss,241,2484,10907,13391,58,1
dontcache,hit,241,258,553,811,0,1
dontcache,miss,242,2299,11559,13858,58,1
dontcache,hit,242,368,1066,1434,0,1
dontcache,miss,243,4009,13389,17398,73,1
dontcache,hit,243,516,614,1130,0,1
dontcache,miss,244,3005,11553,14558,63,1
dontcache,hit,244,257,750,1007,0,1
dontcache,miss,245,3746,12898,16644,67,1
dontcache,hit,245,260,781,1041,0,1
dontcache,miss,246,2262,14606,16868,78,1
dontcache,hit,246,432,907,1339,0,1
dontcache,miss,247,3073,13510,16583,74,1
dontcache,hit,247,276,1305,1581,0,1
dontcache,miss,248,2614,12461,15075,66,1
dontcache,hit,248,258,554,812,0,1
dontcache,miss,249,2832,13170,16002,67,1
dontcache,hit,249,266,536,802,0,1
dontcache,miss,250,2378,16469,18847,84,1
dontcache,hit,250,259,538,797,0,1
dontcache,miss,251,2456,15320,17776,84,1
dontcache,hit,251,257,532,789,0,1
dontcache,miss,252,3168,18993,22161,107,1
dontcache,hit,252,256,1219,1475,0,1
dontcache,miss,253,2461,12106,14567,66,1
dontcache,hit,253,252,700,952,0,1
dontcache,miss,254,2932,11776,14708,64,1
dontcache,hit,254,255,521,776,0,1
dontcache,miss,255,3029,14825,17854,82,1
dontcache,hit,255,252,534,786,0,1
dontcache,miss,256,2512,14615,17127,79,1
dontcache,hit,256,255,522,777,0,1
dontcache,miss,257,2303,20778,23081,118,1
dontcache,hit,257,253,526,779,0,1
dontcache,miss,258,3206,12459,15665,42,1
dontcache,hit,258,325,787,1112,0,1
dontcache,miss,259,2759,12326,15085,66,1
dontcache,hit,259,258,590,848,0,1
dontcache,miss,260,2309,13931,16240,76,1
dontcache,hit,260,985,555,1540,0,1
dontcache,miss,261,2758,10939,13697,59,1
dontcache,hit,261,259,550,809,0,1
dontcache,miss,262,2221,12834,15055,71,1
dontcache,hit,262,264,556,820,0,1
dontcache,miss,263,2310,10790,13100,58,1
dontcache,hit,263,264,603,867,0,1
dontcache,miss,264,5999,11291,17290,56,1
dontcache,hit,264,261,617,878,0,1
dontcache,miss,265,2441,11238,13679,60,1
dontcache,hit,265,260,568,828,0,1
dontcache,miss,266,2609,12231,14840,65,1
dontcache,hit,266,261,546,807,0,1
dontcache,miss,267,3751,11053,14804,59,1
dontcache,hit,267,252,1214,1466,0,1
dontcache,miss,268,2701,13224,15925,73,1
dontcache,hit,268,255,534,789,0,1
dontcache,miss,269,2624,10472,13096,56,1
dontcache,hit,269,250,540,790,0,1
dontcache,miss,270,2666,11121,13787,60,1
dontcache,hit,270,265,543,808,0,1
dontcache,miss,271,2457,11232,13689,60,1
dontcache,hit,271,251,537,788,0,1
dontcache,miss,272,2608,14202,16810,77,1
dontcache,hit,272,260,551,811,0,1
dontcache,miss,273,3114,13967,17081,77,1
dontcache,hit,273,255,547,802,0,1
dontcache,miss,274,2092,11400,13492,62,1
dontcache,hit,274,309,599,908,0,1
dontcache,miss,275,2452,10342,12794,55,1
dontcache,hit,275,268,547,815,0,1
dontcache,miss,276,2370,11303,13673,58,1
dontcache,hit,276,260,536,796,0,1
dontcache,miss,277,2493,12636,15129,68,1
dontcache,hit,277,269,536,805,0,1
dontcache,miss,278,2153,13403,15556,74,1
dontcache,hit,278,260,527,787,0,1
dontcache,miss,279,2273,12292,14565,67,1
dontcache,hit,279,259,528,787,0,1
dontcache,miss,280,2241,13409,15650,73,1
dontcache,hit,280,262,529,791,0,1
dontcache,miss,281,3260,12288,15548,67,1
dontcache,hit,281,253,529,782,0,1
dontcache,miss,282,2508,13817,16325,76,1
dontcache,hit,282,257,524,781,0,1
dontcache,miss,283,2658,12636,15294,67,1
dontcache,hit,283,257,528,785,0,1
dontcache,miss,284,2298,11900,14198,64,1
dontcache,hit,284,259,528,787,0,1
dontcache,miss,285,2429,12091,14520,66,1
dontcache,hit,285,257,523,780,0,1
dontcache,miss,286,2306,13995,16301,78,1
dontcache,hit,286,260,526,786,0,1
dontcache,miss,287,2690,12456,15146,63,1
dontcache,hit,287,260,531,791,0,1
dontcache,miss,288,2281,11737,14018,64,1
dontcache,hit,288,266,527,793,0,1
dontcache,miss,289,2453,10779,13232,58,1
dontcache,hit,289,257,525,782,0,1
dontcache,miss,290,2271,14082,16353,78,1
dontcache,hit,290,261,879,1140,0,1
dontcache,miss,291,3896,11323,15219,38,1
dontcache,hit,291,413,672,1085,0,1
dontcache,miss,292,3372,11706,15078,63,1
dontcache,hit,292,261,736,997,0,1
dontcache,miss,293,2797,12983,15780,71,1
dontcache,hit,293,328,672,1000,0,1
dontcache,miss,294,2254,13468,15722,74,1
dontcache,hit,294,260,574,834,0,1
dontcache,miss,295,2402,14494,16896,80,1
dontcache,hit,295,254,556,810,0,1
dontcache,miss,296,2173,11345,13518,61,1
dontcache,hit,296,250,720,970,0,1
dontcache,miss,297,2448,10981,13429,58,1
dontcache,hit,297,250,559,809,0,1
dontcache,miss,298,2448,11786,14234,64,1
dontcache,hit,298,259,1583,1842,0,1
dontcache,miss,299,2744,14762,17506,82,1
dontcache,hit,299,252,546,798,0,1
dontcache,miss,300,2180,11534,13714,61,1
dontcache,hit,300,250,544,794,0,1
dontcache,miss,301,2381,11248,13629,61,1
dontcache,hit,301,250,532,782,0,1
dontcache,miss,302,2310,11422,13732,62,1
dontcache,hit,302,254,1275,1529,0,1
dontcache,miss,303,2921,11825,14746,64,1
dontcache,hit,303,250,543,793,0,1
dontcache,miss,304,2664,10791,13455,13,1
dontcache,hit,304,259,597,856,0,1
dontcache,miss,305,2506,10942,13448,59,1
dontcache,hit,305,255,537,792,0,1
dontcache,miss,306,2327,10794,13121,58,1
dontcache,hit,306,342,554,896,0,1
dontcache,miss,307,2472,10653,13125,57,1
dontcache,hit,307,262,559,821,0,1
dontcache,miss,308,2292,10933,13225,59,1
dontcache,hit,308,259,837,1096,0,1
dontcache,miss,309,2446,10451,12897,56,1
dontcache,hit,309,250,530,780,0,1
dontcache,miss,310,2305,10629,12934,57,1
dontcache,hit,310,252,517,769,0,1
dontcache,miss,311,2509,9333,11842,49,1
dontcache,hit,311,252,536,788,0,1
dontcache,miss,312,2319,10944,13263,59,1
dontcache,hit,312,261,524,785,0,1
dontcache,miss,313,2442,10912,13354,59,1
dontcache,hit,313,252,618,870,0,1
dontcache,miss,314,2307,10836,13143,58,1
dontcache,hit,314,266,1032,1298,0,1
dontcache,miss,315,3016,10868,13884,58,1
dontcache,hit,315,261,1491,1752,0,1
dontcache,miss,316,2431,11752,14183,64,1
dontcache,hit,316,253,525,778,0,1
dontcache,miss,317,2448,12439,14887,68,1
dontcache,hit,317,321,531,852,0,1
dontcache,miss,318,2129,11213,13342,61,1
dontcache,hit,318,255,526,781,0,1
dontcache,miss,319,2446,10792,13238,58,1
dontcache,hit,319,254,535,789,0,1
dontcache,miss,320,2285,9854,12139,53,1
dontcache,hit,320,258,521,779,0,1
dontcache,miss,321,2463,11477,13940,62,1
dontcache,hit,321,256,523,779,0,1
dontcache,miss,322,2113,10542,12655,57,1
dontcache,hit,322,255,524,779,0,1
dontcache,miss,323,2304,9686,11990,51,1
dontcache,hit,323,262,538,800,0,1
dontcache,miss,324,2274,9785,12059,52,1
dontcache,hit,324,259,4972,5231,0,1
dontcache,miss,325,2506,10341,12847,55,1
dontcache,hit,325,306,684,990,0,1
dontcache,miss,326,2249,10548,12797,57,1
dontcache,hit,326,254,558,812,0,1
dontcache,miss,327,2308,9877,12185,52,1
dontcache,hit,327,267,561,828,0,1
dontcache,miss,328,2298,9211,11509,49,1
dontcache,hit,328,255,542,797,0,1
dontcache,miss,329,2474,9729,12203,52,1
dontcache,hit,329,254,545,799,0,1
dontcache,miss,330,2309,10791,13100,58,1
dontcache,hit,330,258,544,802,0,1
dontcache,miss,331,2443,10366,12809,56,1
dontcache,hit,331,260,546,806,0,1
dontcache,miss,332,2313,10409,12722,56,1
dontcache,hit,332,249,537,786,0,1
dontcache,miss,333,2475,9126,11601,48,1
dontcache,hit,333,253,549,802,0,1
dontcache,miss,334,2350,11556,13906,63,1
dontcache,hit,334,276,543,819,0,1
dontcache,miss,335,2475,10454,12929,56,1
dontcache,hit,335,255,553,808,0,1
dontcache,miss,336,2297,10633,12930,57,1
dontcache,hit,336,289,649,938,0,1
dontcache,miss,337,2508,10337,12845,55,1
dontcache,hit,337,262,581,843,0,1
dontcache,miss,338,2282,11806,14088,64,1
dontcache,hit,338,250,525,775,0,1
dontcache,miss,339,2504,11267,13771,61,1
dontcache,hit,339,263,542,805,0,1
dontcache,miss,340,2148,9600,11748,51,1
dontcache,hit,340,263,534,797,0,1
dontcache,miss,341,2459,10574,13033,57,1
dontcache,hit,341,259,547,806,0,1
dontcache,miss,342,2289,10419,12708,56,1
dontcache,hit,342,264,551,815,0,1
dontcache,miss,343,2478,11460,13938,62,1
dontcache,hit,343,262,522,784,0,1
dontcache,miss,344,2127,9929,12056,53,1
dontcache,hit,344,259,532,791,0,1
dontcache,miss,345,2310,10570,12880,57,1
dontcache,hit,345,259,539,798,0,1
dontcache,miss,346,2321,9214,11535,49,1
dontcache,hit,346,260,534,794,0,1
dontcache,miss,347,2427,9954,12381,53,1
dontcache,hit,347,261,538,799,0,1
dontcache,miss,348,2255,10429,12684,56,1
dontcache,hit,348,260,605,865,0,1
dontcache,miss,349,2299,10579,12878,57,1
dontcache,hit,349,257,546,803,0,1
dontcache,miss,350,2322,10077,12399,54,1
dontcache,hit,350,256,544,800,0,1
dontcache,miss,351,2467,9971,12438,53,1
dontcache,hit,351,258,531,789,0,1
dontcache,miss,352,2323,10221,12544,55,1
dontcache,hit,352,798,1632,2430,0,1
dontcache,miss,353,4516,10779,15295,36,1
dontcache,hit,353,508,1343,1851,0,1
dontcache,miss,354,2914,10316,13230,55,1
dontcache,hit,354,259,602,861,0,1
dontcache,miss,355,2440,10623,13063,57,1
dontcache,hit,355,252,546,798,0,1
dontcache,miss,356,2323,13066,15389,72,1
dontcache,hit,356,247,560,807,0,1
dontcache,miss,357,7166,10721,17887,57,1
dontcache,hit,357,253,567,820,0,1
dontcache,miss,358,2335,9473,11808,50,1
dontcache,hit,358,255,599,854,0,1
dontcache,miss,359,2484,10799,13283,58,1
dontcache,hit,359,253,580,833,0,1
dontcache,miss,360,2282,13270,15552,73,1
dontcache,hit,360,251,555,806,0,1
dontcache,miss,361,2492,12436,14928,68,1
dontcache,hit,361,250,545,795,0,1
dontcache,miss,362,2138,10637,12775,57,1
dontcache,hit,362,365,859,1224,0,1
dontcache,miss,363,3587,11148,14735,38,1
dontcache,hit,363,376,780,1156,0,1
dontcache,miss,364,3311,11207,14518,37,1
dontcache,hit,364,396,985,1381,0,1
dontcache,miss,365,2721,13099,15820,71,1
dontcache,hit,365,318,718,1036,0,1
dontcache,miss,366,2197,11103,13300,60,1
dontcache,hit,366,264,582,846,0,1
dontcache,miss,367,2363,10783,13146,56,1
dontcache,hit,367,278,557,835,0,1
dontcache,miss,368,2332,9486,11818,49,1
dontcache,hit,368,290,660,950,0,1
dontcache,miss,369,2897,10895,13792,56,1
dontcache,hit,369,553,895,1448,0,1
dontcache,miss,370,2307,10638,12945,56,1
dontcache,hit,370,264,578,842,0,1
dontcache,miss,371,2371,11070,13441,58,1
dontcache,hit,371,253,576,829,0,1
dontcache,miss,372,2375,10720,13095,56,1
dontcache,hit,372,255,560,815,0,1
dontcache,miss,373,2508,9363,11871,48,1
dontcache,hit,373,262,577,839,0,1
dontcache,miss,374,2332,9785,12117,51,1
dontcache,hit,374,262,553,815,0,1
dontcache,miss,375,2503,10703,13206,56,1
dontcache,hit,375,256,544,800,0,1
dontcache,miss,376,2358,10791,13149,57,1
dontcache,hit,376,276,561,837,0,1
dontcache,miss,377,2466,10544,13010,55,1
dontcache,hit,377,254,545,799,0,1
dontcache,miss,378,2366,11509,13875,61,1
dontcache,hit,378,264,566,830,0,1
dontcache,miss,379,2522,9983,12505,52,1
dontcache,hit,379,257,552,809,0,1
dontcache,miss,380,2333,9954,12287,52,1
dontcache,hit,380,259,553,812,0,1
dontcache,miss,381,2496,10952,13448,58,1
dontcache,hit,381,257,555,812,0,1
dontcache,miss,382,2365,11527,13892,61,1
dontcache,hit,382,262,552,814,0,1
dontcache,miss,383,2490,11404,13894,60,1
dontcache,hit,383,256,566,822,0,1
dontcache,miss,384,2166,9488,11654,49,1
dontcache,hit,384,262,548,810,0,1
dontcache,miss,385,2472,10023,12495,52,1
dontcache,hit,385,262,560,822,0,1
dontcache,miss,386,2331,9928,12259,52,1
dontcache,hit,386,267,561,828,0,1
dontcache,miss,387,2470,11515,13985,61,1
dontcache,hit,387,263,569,832,0,1
dontcache,miss,388,2148,10694,12842,56,1
dontcache,hit,388,262,549,811,0,1
dontcache,miss,389,2448,10644,13092,57,1
dontcache,hit,389,264,621,885,0,1
dontcache,miss,390,2280,9408,11688,50,1
dontcache,hit,390,258,571,829,0,1
dontcache,miss,391,2480,10845,13325,58,1
dontcache,hit,391,258,577,835,0,1
dontcache,miss,392,2260,10565,12825,57,1
dontcache,hit,392,258,555,813,0,1
dontcache,miss,393,2328,10430,12758,56,1
dontcache,hit,393,259,589,848,0,1
dontcache,miss,394,2287,9315,11602,49,1
dontcache,hit,394,270,565,835,0,1
dontcache,miss,395,2421,10010,12431,53,1
dontcache,hit,395,260,591,851,0,1
dontcache,miss,396,2238,10503,12741,56,1
dontcache,hit,396,262,617,879,0,1
dontcache,miss,397,2459,10480,12939,56,1
dontcache,hit,397,255,580,835,0,1
dontcache,miss,398,2324,10414,12738,56,1
dontcache,hit,398,257,561,818,0,1
dontcache,miss,399,2450,9221,11671,49,1
dontcache,hit,399,254,562,816,0,1
dontcache,miss,400,2277,11534,13811,63,1
dontcache,hit,400,299,602,901,0,1
dontcache,miss,401,2431,10692,13123,57,1
dontcache,hit,401,256,560,816,0,1
dontcache,miss,402,2267,10449,12716,56,1
dontcache,hit,402,260,557,817,0,1
dontcache,miss,403,2478,10294,12772,55,1
dontcache,hit,403,257,555,812,0,1
dontcache,miss,404,2285,12950,15235,71,1
dontcache,hit,404,254,538,792,0,1
dontcache,miss,405,2451,11479,13930,62,1
dontcache,hit,405,260,543,803,0,1
dontcache,miss,406,2136,9782,11918,52,1
dontcache,hit,406,256,532,788,0,1
dontcache,miss,407,2447,10441,12888,56,1
dontcache,hit,407,251,567,818,0,1
dontcache,miss,408,2270,10253,12523,55,1
dontcache,hit,408,274,552,826,0,1
dontcache,miss,409,2514,12331,14845,63,1
dontcache,hit,409,255,2070,2325,0,1
dontcache,miss,410,2178,10667,12845,58,1
dontcache,hit,410,254,544,798,0,1
dontcache,miss,411,2333,11005,13338,59,1
dontcache,hit,411,255,544,799,0,1
dontcache,miss,412,2350,9092,11442,48,1
dontcache,hit,412,260,548,808,0,1
dontcache,miss,413,2483,9826,12309,52,1
dontcache,hit,413,255,546,801,0,1
dontcache,miss,414,2283,10533,12816,57,1
dontcache,hit,414,255,546,801,0,1
dontcache,miss,415,2286,10016,12302,53,1
dontcache,hit,415,253,544,797,0,1
dontcache,miss,416,2286,9414,11700,50,1
dontcache,hit,416,253,542,795,0,1
dontcache,miss,417,2459,9761,12220,52,1
dontcache,hit,417,251,554,805,0,1
dontcache,miss,418,2259,10477,12736,56,1
dontcache,hit,418,255,539,794,0,1
dontcache,miss,419,2475,10308,12783,55,1
dontcache,hit,419,265,545,810,0,1
dontcache,miss,420,2278,10581,12859,57,1
dontcache,hit,420,253,547,800,0,1
dontcache,miss,421,2439,9127,11566,48,1
dontcache,hit,421,252,551,803,0,1
dontcache,miss,422,2267,14127,16394,59,1
dontcache,hit,422,262,576,838,0,1
dontcache,miss,423,2537,10759,13296,58,1
dontcache,hit,423,251,576,827,0,1
dontcache,miss,424,2212,10426,12638,56,1
dontcache,hit,424,254,563,817,0,1
dontcache,miss,425,2471,9680,12151,51,1
dontcache,hit,425,258,575,833,0,1
dontcache,miss,426,2305,11920,14225,65,1
dontcache,hit,426,254,550,804,0,1
dontcache,miss,427,2418,11282,13700,61,1
dontcache,hit,427,255,564,819,0,1
dontcache,miss,428,2059,10008,12067,54,1
dontcache,hit,428,254,554,808,0,1
dontcache,miss,429,2470,10120,12590,54,1
dontcache,hit,429,251,554,805,0,1
dontcache,miss,430,2295,10253,12548,55,1
dontcache,hit,430,255,556,811,0,1
dontcache,miss,431,2451,11421,13872,62,1
dontcache,hit,431,247,559,806,0,1
dontcache,miss,432,2131,10984,13115,59,1
dontcache,hit,432,255,566,821,0,1
dontcache,miss,433,2303,10605,12908,57,1
dontcache,hit,433,254,567,821,0,1
dontcache,miss,434,2240,16612,18852,48,1
dontcache,hit,434,266,620,886,0,1
dontcache,miss,435,2423,10247,12670,55,1
dontcache,hit,435,265,546,811,0,1
dontcache,miss,436,2231,10542,12773,57,1
dontcache,hit,436,253,549,802,0,1
dontcache,miss,437,2300,10294,12594,55,1
dontcache,hit,437,257,549,806,0,1
dontcache,miss,438,2292,10471,12763,56,1
dontcache,hit,438,255,556,811,0,1
dontcache,miss,439,2466,9980,12446,53,1
dontcache,hit,439,260,563,823,0,1
dontcache,miss,440,2281,9467,11748,50,1
dontcache,hit,440,255,558,813,0,1
dontcache,miss,441,2440,10442,12882,56,1
dontcache,hit,441,258,555,813,0,1
dontcache,miss,442,2210,10387,12597,56,1
dontcache,hit,442,257,545,802,0,1
dontcache,miss,443,2458,9339,11797,49,1
dontcache,hit,443,255,535,790,0,1
dontcache,miss,444,2363,10772,13135,58,1
dontcache,hit,444,259,531,790,0,1
dontcache,miss,445,2482,10687,13169,57,1
dontcache,hit,445,261,534,795,0,1
dontcache,miss,446,2289,10423,12712,56,1
dontcache,hit,446,254,532,786,0,1
dontcache,miss,447,2439,10383,12822,56,1
dontcache,hit,447,255,530,785,0,1
dontcache,miss,448,2244,11475,13719,62,1
dontcache,hit,448,257,548,805,0,1
dontcache,miss,449,2448,11284,13732,61,1
dontcache,hit,449,254,536,790,0,1
dontcache,miss,450,2077,10816,12893,58,1
dontcache,hit,450,255,535,790,0,1
dontcache,miss,451,2472,10400,12872,56,1
dontcache,hit,451,253,537,790,0,1
dontcache,miss,452,2288,9922,12210,53,1
dontcache,hit,452,250,551,801,0,1
dontcache,miss,453,2390,12499,14889,68,1
dontcache,hit,453,248,546,794,0,1
dontcache,miss,454,2104,9733,11837,52,1
dontcache,hit,454,257,549,806,0,1
dontcache,miss,455,2280,15391,17671,65,1
dontcache,hit,455,252,537,789,0,1
dontcache,miss,456,2377,9785,12162,52,1
dontcache,hit,456,262,560,822,0,1
dontcache,miss,457,2461,10286,12747,55,1
dontcache,hit,457,256,570,826,0,1
dontcache,miss,458,2247,9972,12219,53,1
dontcache,hit,458,254,567,821,0,1
dontcache,miss,459,2306,10190,12496,54,1
dontcache,hit,459,257,558,815,0,1
dontcache,miss,460,2217,9552,11769,51,1
dontcache,hit,460,259,550,809,0,1
dontcache,miss,461,2515,9844,12359,52,1
dontcache,hit,461,254,551,805,0,1
dontcache,miss,462,2325,10536,12861,57,1
dontcache,hit,462,258,554,812,0,1
dontcache,miss,463,2467,10052,12519,54,1
dontcache,hit,463,261,565,826,0,1
dontcache,miss,464,2280,9402,11682,50,1
dontcache,hit,464,257,552,809,0,1
dontcache,miss,465,2492,9127,11619,48,1
dontcache,hit,465,258,551,809,0,1
dontcache,miss,466,2287,11599,13886,63,1
dontcache,hit,466,254,540,794,0,1
dontcache,miss,467,2473,10985,13458,20,1
dontcache,hit,467,257,558,815,0,1
dontcache,miss,468,2489,10638,13127,57,1
dontcache,hit,468,267,593,860,0,1
dontcache,miss,469,2416,10709,13125,57,1
dontcache,hit,469,257,562,819,0,1
dontcache,miss,470,2262,11900,14162,65,1
dontcache,hit,470,255,559,814,0,1
dontcache,miss,471,2512,10838,13350,58,1
dontcache,hit,471,262,560,822,0,1
dontcache,miss,472,2086,10068,12154,54,1
dontcache,hit,472,261,556,817,0,1
dontcache,miss,473,2431,10456,12887,56,1
dontcache,hit,473,261,561,822,0,1
dontcache,miss,474,2289,9913,12202,53,1
dontcache,hit,474,257,559,816,0,1
dontcache,miss,475,2461,11442,13903,62,1
dontcache,hit,475,254,544,798,0,1
dontcache,miss,476,2161,10530,12691,57,1
dontcache,hit,476,254,554,808,0,1
dontcache,miss,477,2262,10335,12597,55,1
dontcache,hit,477,260,544,804,0,1
dontcache,miss,478,2276,9126,11402,47,1
dontcache,hit,478,256,542,798,0,1
dontcache,miss,479,2453,9975,12428,53,1
dontcache,hit,479,258,534,792,0,1
dontcache,miss,480,2278,11746,14024,64,1
dontcache,hit,480,257,545,802,0,1
dontcache,miss,481,2495,10486,12981,56,1
dontcache,hit,481,256,538,794,0,1
dontcache,miss,482,2272,9135,11407,48,1
dontcache,hit,482,258,536,794,0,1
dontcache,miss,483,2444,11506,13950,62,1
dontcache,hit,483,266,539,805,0,1
dontcache,miss,484,2332,10070,12402,54,1
dontcache,hit,484,253,576,829,0,1
dontcache,miss,485,2433,10332,12765,55,1
dontcache,hit,485,259,549,808,0,1
dontcache,miss,486,2286,10105,12391,54,1
dontcache,hit,486,261,558,819,0,1
dontcache,miss,487,2455,9972,12427,53,1
dontcache,hit,487,257,534,791,0,1
dontcache,miss,488,2438,11026,13464,60,1
dontcache,hit,488,260,550,810,0,1
dontcache,miss,489,2667,10995,13662,59,1
dontcache,hit,489,289,698,987,0,1
dontcache,miss,490,2283,10666,12949,57,1
dontcache,hit,490,405,857,1262,0,1
dontcache,miss,491,4461,10529,14990,55,1
dontcache,hit,491,536,1189,1725,0,1
dontcache,miss,492,2347,13343,15690,74,1
dontcache,hit,492,275,585,860,0,1
dontcache,miss,493,2418,12149,14567,66,1
dontcache,hit,493,246,591,837,0,1
dontcache,miss,494,2133,9719,11852,52,1
dontcache,hit,494,250,556,806,0,1
dontcache,miss,495,2477,10656,13133,57,1
dontcache,hit,495,247,554,801,0,1
dontcache,miss,496,2293,10730,13023,58,1
dontcache,hit,496,247,533,780,0,1
dontcache,miss,497,2480,11747,14227,64,1
dontcache,hit,497,244,550,794,0,1
dontcache,miss,498,2126,9778,11904,52,1
dontcache,hit,498,251,549,800,0,1
dontcache,miss,499,2312,10152,12464,54,1
dontcache,hit,499,267,545,812,0,1
dontcache,miss,500,2326,9154,11480,48,1
dontcache,hit,500,292,619,911,0,1
dontcache,miss,501,2441,10455,12896,56,1
dontcache,hit,501,247,571,818,0,1
dontcache,miss,502,2262,10568,12830,57,1
dontcache,hit,502,244,547,791,0,1
dontcache,miss,503,2272,10944,13216,59,1
dontcache,hit,503,243,528,771,0,1
dontcache,miss,504,2228,9602,11830,51,1
dontcache,hit,504,249,525,774,0,1
dontcache,miss,505,2479,8999,11478,47,1
dontcache,hit,505,245,536,781,0,1
dontcache,miss,506,2307,9729,12036,52,1
dontcache,hit,506,254,523,777,0,1
dontcache,miss,507,2450,9095,11545,48,1
dontcache,hit,507,243,539,782,0,1
dontcache,miss,508,2328,9366,11694,50,1
dontcache,hit,508,252,530,782,0,1
dontcache,miss,509,2467,9111,11578,48,1
dontcache,hit,509,248,531,779,0,1
dontcache,miss,510,2308,10950,13258,59,1
dontcache,hit,510,250,533,783,0,1
dontcache,miss,511,2538,10247,12785,50,1
dontcache,hit,511,251,1931,2182,0,1
dontcache,miss,512,2218,10503,12721,56,1
dontcache,hit,512,248,536,784,0,1
dontcache,miss,513,2459,10458,12917,56,1
dontcache,hit,513,246,532,778,0,1
dontcache,miss,514,2276,11274,13550,61,1
dontcache,hit,514,249,535,784,0,1
dontcache,miss,515,2467,11009,13476,59,1
dontcache,hit,515,246,552,798,0,1
dontcache,miss,516,2106,10277,12383,55,1
dontcache,hit,516,248,521,769,0,1
dontcache,miss,517,2512,9826,12338,52,1
dontcache,hit,517,246,535,781,0,1
dontcache,miss,518,2298,9761,12059,52,1
dontcache,hit,518,247,646,893,0,1
dontcache,miss,519,2516,11589,14105,63,1
dontcache,hit,519,247,541,788,0,1
dontcache,miss,520,2056,10566,12622,57,1
dontcache,hit,520,251,527,778,0,1
dontcache,miss,521,2333,11227,13560,59,1
dontcache,hit,521,254,590,844,0,1
dontcache,miss,522,2325,15298,17623,61,1
dontcache,hit,522,256,584,840,0,1
dontcache,miss,523,2504,10856,13360,57,1
dontcache,hit,523,255,574,829,0,1
dontcache,miss,524,2325,11035,13360,58,1
dontcache,hit,524,255,559,814,0,1
dontcache,miss,525,2357,10500,12857,55,1
dontcache,hit,525,255,561,816,0,1
dontcache,miss,526,2321,10638,12959,56,1
dontcache,hit,526,256,563,819,0,1
dontcache,miss,527,2489,10721,13210,56,1
dontcache,hit,527,255,561,816,0,1
dontcache,miss,528,2361,10855,13216,57,1
dontcache,hit,528,257,569,826,0,1
dontcache,miss,529,2491,11060,13551,58,1
dontcache,hit,529,256,561,817,0,1
dontcache,miss,530,2292,10809,13101,57,1
dontcache,hit,530,256,554,810,0,1
dontcache,miss,531,2516,10106,12622,52,1
dontcache,hit,531,256,568,824,0,1
dontcache,miss,532,2311,12822,15133,69,1
dontcache,hit,532,257,560,817,0,1
dontcache,miss,533,2518,11027,13545,31,1
dontcache,hit,533,256,556,812,0,1
dontcache,miss,534,2447,10725,13172,57,1
dontcache,hit,534,253,608,861,0,1
dontcache,miss,535,2527,10841,13368,57,1
dontcache,hit,535,255,535,790,0,1
dontcache,miss,536,2325,11947,14272,64,1
dontcache,hit,536,254,536,790,0,1
dontcache,miss,537,2502,11699,14201,62,1
dontcache,hit,537,254,555,809,0,1
dontcache,miss,538,2190,9646,11836,50,1
dontcache,hit,538,254,558,812,0,1
dontcache,miss,539,2451,10699,13150,56,1
dontcache,hit,539,254,550,804,0,1
dontcache,miss,540,2295,10475,12770,55,1
dontcache,hit,540,254,538,792,0,1
dontcache,miss,541,2555,11042,13597,58,1
dontcache,hit,541,259,538,797,0,1
dontcache,miss,542,2164,10119,12283,53,1
dontcache,hit,542,252,523,775,0,1
dontcache,miss,543,2352,10232,12584,53,1
dontcache,hit,543,253,545,798,0,1
dontcache,miss,544,2311,9273,11584,48,1
dontcache,hit,544,253,549,802,0,1
dontcache,miss,545,2495,10036,12531,52,1
dontcache,hit,545,254,561,815,0,1
dontcache,miss,546,2294,10619,12913,56,1
dontcache,hit,546,260,537,797,0,1
dontcache,miss,547,2335,10222,12557,53,1
dontcache,hit,547,250,533,783,0,1
dontcache,miss,548,2351,9266,11617,48,1
dontcache,hit,548,255,541,796,0,1
dontcache,miss,549,2528,10001,12529,52,1
dontcache,hit,549,250,566,816,0,1
dontcache,miss,550,2358,10635,12993,56,1
dontcache,hit,550,254,549,803,0,1
dontcache,miss,551,2431,10262,12693,55,1
dontcache,hit,551,248,546,794,0,1
dontcache,miss,552,2283,10256,12539,55,1
dontcache,hit,552,245,533,778,0,1
dontcache,miss,553,2464,10448,12912,56,1
dontcache,hit,553,246,534,780,0,1
dontcache,miss,554,2254,12790,15044,70,1
dontcache,hit,554,251,532,783,0,1
dontcache,miss,555,2471,9653,12124,51,1
dontcache,hit,555,268,590,858,0,1
dontcache,miss,556,2250,9440,11690,50,1
dontcache,hit,556,250,541,791,0,1
dontcache,miss,557,2443,10574,13017,57,1
dontcache,hit,557,254,554,808,0,1
dontcache,miss,558,2299,12758,15057,70,1
dontcache,hit,558,249,547,796,0,1
dontcache,miss,559,2445,11597,14042,63,1
dontcache,hit,559,253,548,801,0,1
dontcache,miss,560,2094,10582,12676,57,1
dontcache,hit,560,250,548,798,0,1
dontcache,miss,561,2438,10491,12929,56,1
dontcache,hit,561,254,546,800,0,1
dontcache,miss,562,2230,10532,12762,57,1
dontcache,hit,562,255,552,807,0,1
dontcache,miss,563,2485,11778,14263,64,1
dontcache,hit,563,256,531,787,0,1
dontcache,miss,564,2136,9767,11903,52,1
dontcache,hit,564,253,561,814,0,1
dontcache,miss,565,2286,10528,12814,56,1
dontcache,hit,565,255,534,789,0,1
dontcache,miss,566,2274,9420,11694,50,1
dontcache,hit,566,251,552,803,0,1
dontcache,miss,567,2928,9651,12579,51,1
dontcache,hit,567,331,750,1081,0,1
dontcache,miss,568,2268,10409,12677,56,1
dontcache,hit,568,255,562,817,0,1
dontcache,miss,569,2291,10993,13284,59,1
dontcache,hit,569,262,549,811,0,1
dontcache,miss,570,2266,10494,12760,56,1
dontcache,hit,570,257,563,820,0,1
dontcache,miss,571,2476,9140,11616,48,1
dontcache,hit,571,258,549,807,0,1
dontcache,miss,572,2306,9079,11385,48,1
dontcache,hit,572,250,542,792,0,1
dontcache,miss,573,2455,10487,12942,56,1
dontcache,hit,573,251,537,788,0,1
dontcache,miss,574,2321,10703,13024,58,1
dontcache,hit,574,248,526,774,0,1
dontcache,miss,575,2450,9778,12228,52,1
dontcache,hit,575,253,534,787,0,1
dontcache,miss,576,2322,10901,13223,59,1
dontcache,hit,576,250,543,793,0,1
dontcache,miss,577,2469,10527,12996,56,1
dontcache,hit,577,248,527,775,0,1
dontcache,miss,578,2264,10432,12696,56,1
dontcache,hit,578,254,547,801,0,1
dontcache,miss,579,2456,10495,12951,56,1
dontcache,hit,579,249,534,783,0,1
dontcache,miss,580,2340,11413,13753,62,1
dontcache,hit,580,249,530,779,0,1
dontcache,miss,581,2457,11629,14086,63,1
dontcache,hit,581,247,545,792,0,1
dontcache,miss,582,2172,20490,22662,116,1
dontcache,hit,582,255,537,792,0,1
dontcache,miss,583,2487,10418,12905,56,1
dontcache,hit,583,255,547,802,0,1
dontcache,miss,584,2347,10419,12766,56,1
dontcache,hit,584,251,547,798,0,1
dontcache,miss,585,2438,11799,14237,64,1
dontcache,hit,585,248,537,785,0,1
dontcache,miss,586,2108,10449,12557,56,1
dontcache,hit,586,256,552,808,0,1
dontcache,miss,587,2313,10360,12673,55,1
dontcache,hit,587,250,559,809,0,1
dontcache,miss,588,2296,13618,15914,54,1
dontcache,hit,588,247,591,838,0,1
dontcache,miss,589,2487,10848,13335,58,1
dontcache,hit,589,252,560,812,0,1
dontcache,miss,590,7509,10777,18286,57,1
dontcache,hit,590,260,565,825,0,1
dontcache,miss,591,2350,11304,13654,60,1
dontcache,hit,591,256,582,838,0,1
dontcache,miss,592,2336,10290,12626,54,1
dontcache,hit,592,258,564,822,0,1
dontcache,miss,593,2599,10520,13119,55,1
dontcache,hit,593,260,580,840,0,1
dontcache,miss,594,2309,10826,13135,57,1
dontcache,hit,594,252,565,817,0,1
dontcache,miss,595,2523,10639,13162,56,1
dontcache,hit,595,261,594,855,0,1
dontcache,miss,596,2331,10665,12996,56,1
dontcache,hit,596,262,568,830,0,1
dontcache,miss,597,2491,10287,12778,54,1
dontcache,hit,597,256,578,834,0,1
dontcache,miss,598,2339,13029,15368,70,1
dontcache,hit,598,260,558,818,0,1
dontcache,miss,599,2504,14089,16593,21,1
dontcache,hit,599,254,576,830,0,1
dontcache,miss,600,2783,10231,13014,53,1
dontcache,hit,600,257,594,851,0,1
dontcache,miss,601,2502,10517,13019,55,1
dontcache,hit,601,265,563,828,0,1
dontcache,miss,602,2330,11645,13975,62,1
dontcache,hit,602,261,553,814,0,1
dontcache,miss,603,2522,12551,15073,67,1
dontcache,hit,603,267,540,807,0,1
dontcache,miss,604,2212,10685,12897,56,1
dontcache,hit,604,260,537,797,0,1
dontcache,miss,605,2502,10511,13013,55,1
dontcache,hit,605,257,559,816,0,1
dontcache,miss,606,2353,10638,12991,56,1
dontcache,hit,606,256,551,807,0,1
dontcache,miss,607,2539,11388,13927,60,1
dontcache,hit,607,255,566,821,0,1
dontcache,miss,608,2157,10783,12940,57,1
dontcache,hit,608,264,540,804,0,1
dontcache,miss,609,2342,11203,13545,59,1
dontcache,hit,609,258,561,819,0,1
dontcache,miss,610,2352,9784,12136,51,1
dontcache,hit,610,261,573,834,0,1
dontcache,miss,611,2542,10001,12543,52,1
dontcache,hit,611,259,556,815,0,1
dontcache,miss,612,2335,10697,13032,56,1
dontcache,hit,612,261,553,814,0,1
dontcache,miss,613,2387,11033,13420,58,1
dontcache,hit,613,262,553,815,0,1
dontcache,miss,614,2350,10592,12942,49,1
dontcache,hit,614,266,1465,1731,0,1
dontcache,miss,615,2528,10651,13179,56,1
dontcache,hit,615,263,557,820,0,1
dontcache,miss,616,2377,10654,13031,56,1
dontcache,hit,616,262,564,826,0,1
dontcache,miss,617,2526,10681,13207,56,1
dontcache,hit,617,271,577,848,0,1
dontcache,miss,618,2329,10820,13149,57,1
dontcache,hit,618,264,563,827,0,1
dontcache,miss,619,2505,15863,18368,77,1
dontcache,hit,619,265,535,800,0,1
dontcache,miss,620,2333,14370,16703,62,1
dontcache,hit,620,255,564,819,0,1
dontcache,miss,621,2453,10814,13267,58,1
dontcache,hit,621,262,569,831,0,1
dontcache,miss,622,2288,10748,13036,58,1
dontcache,hit,622,259,537,796,0,1
dontcache,miss,623,2477,10811,13288,58,1
dontcache,hit,623,262,551,813,0,1
dontcache,miss,624,2338,13129,15467,72,1
dontcache,hit,624,258,559,817,0,1
dontcache,miss,625,2448,11263,13711,61,1
dontcache,hit,625,259,551,810,0,1
dontcache,miss,626,2126,9768,11894,52,1
dontcache,hit,626,261,549,810,0,1
dontcache,miss,627,2475,10490,12965,56,1
dontcache,hit,627,263,560,823,0,1
dontcache,miss,628,2311,10255,12566,55,1
dontcache,hit,628,257,542,799,0,1
dontcache,miss,629,2474,10780,13254,58,1
dontcache,hit,629,265,556,821,0,1
dontcache,miss,630,2108,9913,12021,53,1
dontcache,hit,630,258,545,803,0,1
dontcache,miss,631,2324,11083,13407,60,1
dontcache,hit,631,262,563,825,0,1
dontcache,miss,632,2306,15205,17511,47,1
dontcache,hit,632,265,580,845,0,1
dontcache,miss,633,2448,10644,13092,57,1
dontcache,hit,633,266,550,816,0,1
dontcache,miss,634,2268,10542,12810,57,1
dontcache,hit,634,261,531,792,0,1
dontcache,miss,635,2296,9808,12104,52,1
dontcache,hit,635,254,528,782,0,1
dontcache,miss,636,2304,9029,11333,48,1
dontcache,hit,636,257,524,781,0,1
dontcache,miss,637,2464,9873,12337,52,1
dontcache,hit,637,260,523,783,0,1
dontcache,miss,638,2309,10415,12724,56,1
dontcache,hit,638,252,522,774,0,1
dontcache,miss,639,2436,10419,12855,56,1
dontcache,hit,639,253,546,799,0,1
dontcache,miss,640,2228,10455,12683,56,1
dontcache,hit,640,257,530,787,0,1
dontcache,miss,641,2471,10446,12917,56,1
dontcache,hit,641,258,541,799,0,1
dontcache,miss,642,2315,11393,13708,62,1
dontcache,hit,642,256,523,779,0,1
dontcache,miss,643,2494,9743,12237,52,1
dontcache,hit,643,255,556,811,0,1
dontcache,miss,644,2294,9936,12230,53,1
dontcache,hit,644,258,542,800,0,1
dontcache,miss,645,2474,10263,12737,55,1
dontcache,hit,645,255,544,799,0,1
dontcache,miss,646,2289,11314,13603,61,1
dontcache,hit,646,258,547,805,0,1
dontcache,miss,647,2485,11320,13805,61,1
dontcache,hit,647,256,528,784,0,1
dontcache,miss,648,2111,10712,12823,58,1
dontcache,hit,648,254,525,779,0,1
dontcache,miss,649,2479,10436,12915,56,1
dontcache,hit,649,255,531,786,0,1
dontcache,miss,650,2312,10060,12372,54,1
dontcache,hit,650,252,528,780,0,1
dontcache,miss,651,2479,12529,15008,68,1
dontcache,hit,651,258,533,791,0,1
dontcache,miss,652,2104,9752,11856,52,1
dontcache,hit,652,253,523,776,0,1
dontcache,miss,653,2290,15462,17752,66,1
dontcache,hit,653,254,548,802,0,1
dontcache,miss,654,2406,10265,12671,55,1
dontcache,hit,654,261,547,808,0,1
dontcache,miss,655,2518,10004,12522,53,1
dontcache,hit,655,268,552,820,0,1
dontcache,miss,656,2281,10419,12700,56,1
dontcache,hit,656,254,542,796,0,1
dontcache,miss,657,2267,9943,12210,53,1
dontcache,hit,657,260,550,810,0,1
dontcache,miss,658,2267,9482,11749,50,1
dontcache,hit,658,255,541,796,0,1
dontcache,miss,659,2508,10107,12615,54,1
dontcache,hit,659,265,545,810,0,1
dontcache,miss,660,2329,10543,12872,57,1
dontcache,hit,660,255,539,794,0,1
dontcache,miss,661,2452,10241,12693,55,1
dontcache,hit,661,261,569,830,0,1
dontcache,miss,662,2306,10403,12709,56,1
dontcache,hit,662,255,543,798,0,1
dontcache,miss,663,2471,10591,13062,57,1
dontcache,hit,663,259,556,815,0,1
dontcache,miss,664,2324,11420,13744,62,1
dontcache,hit,664,256,570,826,0,1
dontcache,miss,665,5529,7755,13284,21,1
dontcache,hit,665,258,558,816,0,1
dontcache,miss,666,2547,10470,13017,56,1
dontcache,hit,666,252,573,825,0,1
dontcache,miss,667,2479,10658,13137,57,1
dontcache,hit,667,254,550,804,0,1
dontcache,miss,668,2262,11270,13532,61,1
dontcache,hit,668,258,559,817,0,1
dontcache,miss,669,2441,12804,15245,70,1
dontcache,hit,669,261,545,806,0,1
dontcache,miss,670,2143,10479,12622,56,1
dontcache,hit,670,257,528,785,0,1
dontcache,miss,671,2480,8996,11476,47,1
dontcache,hit,671,256,547,803,0,1
dontcache,miss,672,2333,9766,12099,52,1
dontcache,hit,672,255,518,773,0,1
dontcache,miss,673,2428,11315,13743,61,1
dontcache,hit,673,252,534,786,0,1
dontcache,miss,674,2110,9738,11848,52,1
dontcache,hit,674,250,528,778,0,1
dontcache,miss,675,2309,10263,12572,55,1
dontcache,hit,675,255,546,801,0,1
dontcache,miss,676,2328,9020,11348,48,1
dontcache,hit,676,253,547,800,0,1
dontcache,miss,677,2448,9777,12225,52,1
dontcache,hit,677,252,552,804,0,1
dontcache,miss,678,2299,10416,12715,56,1
dontcache,hit,678,258,536,794,0,1
dontcache,miss,679,2278,9819,12097,52,1
dontcache,hit,679,255,539,794,0,1
dontcache,miss,680,2336,8950,11286,47,1
dontcache,hit,680,255,536,791,0,1
dontcache,miss,681,2452,8969,11421,47,1
dontcache,hit,681,253,546,799,0,1
dontcache,miss,682,2234,9123,11357,48,1
dontcache,hit,682,254,536,790,0,1
dontcache,miss,683,2454,11004,13458,42,1
dontcache,hit,683,255,546,801,0,1
dontcache,miss,684,3209,11776,14985,31,1
dontcache,hit,684,449,1042,1491,0,1
dontcache,miss,685,4238,11000,15238,31,1
dontcache,hit,685,432,975,1407,0,1
dontcache,miss,686,3623,11856,15479,34,1
dontcache,hit,686,497,1168,1665,0,1
dontcache,miss,687,4526,11972,16498,37,1
dontcache,hit,687,698,949,1647,0,1
dontcache,miss,688,4210,11466,15676,38,1
dontcache,hit,688,472,1272,1744,0,1
dontcache,miss,689,4567,11009,15576,34,1
dontcache,hit,689,451,1275,1726,0,1
dontcache,miss,690,4163,14105,18268,49,1
dontcache,hit,690,460,1093,1553,0,1
dontcache,miss,691,4527,13470,17997,43,1
dontcache,hit,691,611,1268,1879,0,1
dontcache,miss,692,3800,10984,14784,44,1
dontcache,hit,692,265,703,968,0,1
dontcache,miss,693,2515,11027,13542,58,1
dontcache,hit,693,254,578,832,0,1
dontcache,miss,694,2326,11505,13831,61,1
dontcache,hit,694,258,550,808,0,1
dontcache,miss,695,2513,13431,15944,72,1
dontcache,hit,695,253,554,807,0,1
dontcache,miss,696,2191,10400,12591,22,1
dontcache,hit,696,253,606,859,0,1
dontcache,miss,697,2359,10306,12665,54,1
dontcache,hit,697,249,553,802,0,1
dontcache,miss,698,2434,10270,12704,54,1
dontcache,hit,698,250,555,805,0,1
dontcache,miss,699,2536,9461,11997,49,1
dontcache,hit,699,262,556,818,0,1
dontcache,miss,700,2358,9816,12174,51,1
dontcache,hit,700,252,556,808,0,1
dontcache,miss,701,2362,10158,12520,53,1
dontcache,hit,701,250,549,799,0,1
dontcache,miss,702,2383,9592,11975,50,1
dontcache,hit,702,256,548,804,0,1
dontcache,miss,703,2513,10004,12517,52,1
dontcache,hit,703,245,550,795,0,1
dontcache,miss,704,2287,10628,12915,56,1
dontcache,hit,704,494,1163,1657,0,1
dontcache,miss,705,4503,10678,15181,50,1
dontcache,hit,705,510,1083,1593,0,1
dontcache,miss,706,2613,11522,14135,58,1
dontcache,hit,706,535,1255,1790,0,1
dontcache,miss,707,3598,10664,14262,55,1
dontcache,hit,707,363,1036,1399,0,1
dontcache,miss,708,2428,13070,15498,70,1
dontcache,hit,708,266,587,853,0,1
dontcache,miss,709,2538,9978,12516,52,1
dontcache,hit,709,262,565,827,0,1
dontcache,miss,710,2319,9288,11607,48,1
dontcache,hit,710,261,561,822,0,1
dontcache,miss,711,2539,10609,13148,55,1
dontcache,hit,711,252,561,813,0,1
dontcache,miss,712,2323,11604,13927,62,1
dontcache,hit,712,261,552,813,0,1
dontcache,miss,713,2511,11520,14031,61,1
dontcache,hit,713,257,552,809,0,1
dontcache,miss,714,2177,10900,13077,57,1
dontcache,hit,714,260,540,800,0,1
dontcache,miss,715,2516,10042,12558,52,1
dontcache,hit,715,258,558,816,0,1
dontcache,miss,716,2336,9993,12329,43,1
dontcache,hit,716,304,2102,2406,0,1
dontcache,miss,717,2540,14358,16898,77,1
dontcache,hit,717,268,601,869,0,1
dontcache,miss,718,2263,11825,14088,63,1
dontcache,hit,718,261,575,836,0,1
dontcache,miss,719,2539,12710,15249,68,1
dontcache,hit,719,262,561,823,0,1
dontcache,miss,720,2202,10286,12488,54,1
dontcache,hit,720,263,574,837,0,1
dontcache,miss,721,2546,11373,13919,60,1
dontcache,hit,721,262,582,844,0,1
dontcache,miss,722,2349,10670,13019,56,1
dontcache,hit,722,264,576,840,0,1
dontcache,miss,723,2524,10426,12950,54,1
dontcache,hit,723,264,580,844,0,1
dontcache,miss,724,2286,11240,13526,59,1
dontcache,hit,724,274,564,838,0,1
dontcache,miss,725,2378,10808,13186,56,1
dontcache,hit,725,272,566,838,0,1
dontcache,miss,726,2330,9863,12193,51,1
dontcache,hit,726,266,567,833,0,1
dontcache,miss,727,2916,10340,13256,54,1
dontcache,hit,727,289,763,1052,0,1
dontcache,miss,728,2220,10906,13126,58,1
dontcache,hit,728,259,586,845,0,1
dontcache,miss,729,2472,10201,12673,53,1
dontcache,hit,729,262,573,835,0,1
dontcache,miss,730,2324,10452,12776,55,1
dontcache,hit,730,270,565,835,0,1
dontcache,miss,731,2504,9665,12169,50,1
dontcache,hit,731,265,554,819,0,1
dontcache,miss,732,2341,9274,11615,48,1
dontcache,hit,732,260,540,800,0,1
dontcache,miss,733,2482,10501,12983,55,1
dontcache,hit,733,257,560,817,0,1
dontcache,miss,734,2323,10670,12993,56,1
dontcache,hit,734,258,556,814,0,1
dontcache,miss,735,2502,10824,13326,57,1
dontcache,hit,735,262,548,810,0,1
dontcache,miss,736,2303,12910,15213,69,1
dontcache,hit,736,263,531,794,0,1
dontcache,miss,737,2480,9489,11969,49,1
dontcache,hit,737,260,538,798,0,1
dontcache,miss,738,2295,9487,11782,49,1
dontcache,hit,738,260,540,800,0,1
dontcache,miss,739,2508,10916,13424,57,1
dontcache,hit,739,259,547,806,0,1
dontcache,miss,740,2350,10775,13125,57,1
dontcache,hit,740,259,552,811,0,1
dontcache,miss,741,2520,12710,15230,68,1
dontcache,hit,741,259,565,824,0,1
dontcache,miss,742,2256,10064,12320,53,1
dontcache,hit,742,266,542,808,0,1
dontcache,miss,743,2541,9502,12043,49,1
dontcache,hit,743,258,544,802,0,1
dontcache,miss,744,2369,9981,12350,52,1
dontcache,hit,744,261,547,808,0,1
dontcache,miss,745,2497,11176,13673,59,1
dontcache,hit,745,255,545,800,0,1
dontcache,miss,746,2296,10718,13014,56,1
dontcache,hit,746,262,530,792,0,1
dontcache,miss,747,2346,10116,12462,53,1
dontcache,hit,747,258,541,799,0,1
dontcache,miss,748,2327,13899,16226,49,1
dontcache,hit,748,287,661,948,0,1
dontcache,miss,749,2518,11098,13616,59,1
dontcache,hit,749,264,586,850,0,1
dontcache,miss,750,2358,11177,13535,59,1
dontcache,hit,750,265,563,828,0,1
dontcache,miss,751,2523,11339,13862,60,1
dontcache,hit,751,264,566,830,0,1
dontcache,miss,752,2338,12105,14443,64,1
dontcache,hit,752,270,561,831,0,1
dontcache,miss,753,2516,11218,13734,59,1
dontcache,hit,753,273,564,837,0,1
dontcache,miss,754,2274,11067,13341,58,1
dontcache,hit,754,263,553,816,0,1
dontcache,miss,755,2513,11015,13528,58,1
dontcache,hit,755,270,556,826,0,1
dontcache,miss,756,2332,11356,13688,60,1
dontcache,hit,756,264,553,817,0,1
dontcache,miss,757,2552,11034,13586,58,1
dontcache,hit,757,264,556,820,0,1
dontcache,miss,758,2426,12228,14654,65,1
dontcache,hit,758,282,566,848,0,1
dontcache,miss,759,2514,10997,13511,25,1
dontcache,hit,759,269,569,838,0,1
dontcache,miss,760,2437,10736,13173,56,1
dontcache,hit,760,269,581,850,0,1
dontcache,miss,761,2452,11018,13470,58,1
dontcache,hit,761,262,569,831,0,1
dontcache,miss,762,2304,11242,13546,59,1
dontcache,hit,762,262,544,806,0,1
dontcache,miss,763,2504,13235,15739,71,1
dontcache,hit,763,269,562,831,0,1
dontcache,miss,764,2246,10538,12784,55,1
dontcache,hit,764,261,538,799,0,1
dontcache,miss,765,2549,9496,12045,49,1
dontcache,hit,765,264,542,806,0,1
dontcache,miss,766,2347,10120,12467,53,1
dontcache,hit,766,258,543,801,0,1
dontcache,miss,767,2512,10853,13365,57,1
dontcache,hit,767,258,545,803,0,1
dontcache,miss,768,2309,10668,12977,56,1
dontcache,hit,768,258,540,798,0,1
dontcache,miss,769,2356,10441,12797,54,1
dontcache,hit,769,259,545,804,0,1
dontcache,miss,770,2358,10000,12358,52,1
dontcache,hit,770,265,536,801,0,1
dontcache,miss,771,2516,10356,12872,54,1
dontcache,hit,771,262,544,806,0,1
dontcache,miss,772,2250,10256,12506,54,1
dontcache,hit,772,263,553,816,0,1
dontcache,miss,773,2495,10883,13378,57,1
dontcache,hit,773,259,541,800,0,1
dontcache,miss,774,2351,10438,12789,55,1
dontcache,hit,774,261,540,801,0,1
dontcache,miss,775,2516,9324,11840,48,1
dontcache,hit,775,258,538,796,0,1
dontcache,miss,776,2311,9496,11807,49,1
dontcache,hit,776,258,544,802,0,1
dontcache,miss,777,2495,11185,13680,59,1
dontcache,hit,777,260,548,808,0,1
dontcache,miss,778,2313,10705,13018,56,1
dontcache,hit,778,262,544,806,0,1
dontcache,miss,779,2512,10703,13215,56,1
dontcache,hit,779,260,549,809,0,1
dontcache,miss,780,2323,12682,15005,68,1
dontcache,hit,780,336,758,1094,0,1
dontcache,miss,781,2520,10905,13425,57,1
dontcache,hit,781,275,607,882,0,1
dontcache,miss,782,2356,11176,13532,59,1
dontcache,hit,782,265,563,828,0,1
dontcache,miss,783,2496,11049,13545,58,1
dontcache,hit,783,264,563,827,0,1
dontcache,miss,784,2305,11153,13458,59,1
dontcache,hit,784,267,558,825,0,1
dontcache,miss,785,2528,13177,15705,71,1
dontcache,hit,785,267,578,845,0,1
dontcache,miss,786,2228,10326,12554,54,1
dontcache,hit,786,267,566,833,0,1
dontcache,miss,787,2473,11036,13509,58,1
dontcache,hit,787,265,562,827,0,1
dontcache,miss,788,2291,10659,12950,56,1
dontcache,hit,788,265,571,836,0,1
dontcache,miss,789,2532,11206,13738,59,1
dontcache,hit,789,268,570,838,0,1
dontcache,miss,790,2277,10694,12971,56,1
dontcache,hit,790,264,566,830,0,1
dontcache,miss,791,2361,10897,13258,57,1
dontcache,hit,791,266,569,835,0,1
dontcache,miss,792,2303,12795,15098,46,1
dontcache,hit,792,260,578,838,0,1
dontcache,miss,793,2528,10751,13279,56,1
dontcache,hit,793,266,568,834,0,1
dontcache,miss,794,2335,10581,12916,56,1
dontcache,hit,794,269,566,835,0,1
dontcache,miss,795,2544,10922,13466,57,1
dontcache,hit,795,264,571,835,0,1
dontcache,miss,796,2308,10809,13117,57,1
dontcache,hit,796,276,547,823,0,1
dontcache,miss,797,2500,10241,12741,53,1
dontcache,hit,797,261,553,814,0,1
dontcache,miss,798,2390,10091,12481,53,1
dontcache,hit,798,266,565,831,0,1
dontcache,miss,799,2495,10633,13128,56,1
dontcache,hit,799,263,544,807,0,1
dontcache,miss,800,2328,10600,12928,56,1
dontcache,hit,800,265,550,815,0,1
dontcache,miss,801,2514,10678,13192,56,1
dontcache,hit,801,260,560,820,0,1
dontcache,miss,802,2300,11533,13833,61,1
dontcache,hit,802,264,549,813,0,1
dontcache,miss,803,2510,10348,12858,54,1
dontcache,hit,803,269,536,805,0,1
dontcache,miss,804,2304,10136,12440,53,1
dontcache,hit,804,264,548,812,0,1
dontcache,miss,805,2551,10671,13222,56,1
dontcache,hit,805,263,554,817,0,1
dontcache,miss,806,2302,10803,13105,57,1
dontcache,hit,806,265,543,808,0,1
dontcache,miss,807,2485,11838,14323,63,1
dontcache,hit,807,262,542,804,0,1
dontcache,miss,808,2159,10825,12984,57,1
dontcache,hit,808,265,546,811,0,1
dontcache,miss,809,2520,10058,12578,52,1
dontcache,hit,809,262,545,807,0,1
dontcache,miss,810,2302,10213,12515,53,1
dontcache,hit,810,267,543,810,0,1
dontcache,miss,811,2551,10807,13358,57,1
dontcache,hit,811,268,544,812,0,1
dontcache,miss,812,2312,10673,12985,56,1
dontcache,hit,812,265,544,809,0,1
dontcache,miss,813,2726,12089,14815,64,1
dontcache,hit,813,324,715,1039,0,1
dontcache,miss,814,2367,10883,13250,57,1
dontcache,hit,814,265,558,823,0,1
dontcache,miss,815,2525,10926,13451,57,1
dontcache,hit,815,263,591,854,0,1
dontcache,miss,816,2273,11165,13438,59,1
dontcache,hit,816,266,556,822,0,1
dontcache,miss,817,2496,11128,13624,59,1
dontcache,hit,817,268,576,844,0,1
dontcache,miss,818,2293,10644,12937,56,1
dontcache,hit,818,265,571,836,0,1
dontcache,miss,819,2559,10760,13319,56,1
dontcache,hit,819,266,585,851,0,1
dontcache,miss,820,2365,10826,13191,57,1
dontcache,hit,820,263,564,827,0,1
dontcache,miss,821,2525,11011,13536,58,1
dontcache,hit,821,263,570,833,0,1
dontcache,miss,822,2338,10812,13150,57,1
dontcache,hit,822,264,563,827,0,1
dontcache,miss,823,2562,10930,13492,57,1
dontcache,hit,823,267,564,831,0,1
dontcache,miss,824,2445,13072,15517,70,1
dontcache,hit,824,286,653,939,0,1
dontcache,miss,825,2564,10916,13480,57,1
dontcache,hit,825,258,579,837,0,1
dontcache,miss,826,2306,10687,12993,56,1
dontcache,hit,826,260,574,834,0,1
dontcache,miss,827,2522,10887,13409,57,1
dontcache,hit,827,257,564,821,0,1
dontcache,miss,828,2306,11180,13486,59,1
dontcache,hit,828,259,563,822,0,1
dontcache,miss,829,2514,13090,15604,70,1
dontcache,hit,829,258,550,808,0,1
dontcache,miss,830,2182,10157,12339,53,1
dontcache,hit,830,262,546,808,0,1
dontcache,miss,831,2546,9395,11941,48,1
dontcache,hit,831,261,542,803,0,1
dontcache,miss,832,2342,10202,12544,53,1
dontcache,hit,832,260,541,801,0,1
dontcache,miss,833,2573,10838,13411,56,1
dontcache,hit,833,259,546,805,0,1
dontcache,miss,834,2341,10668,13009,56,1
dontcache,hit,834,262,559,821,0,1
dontcache,miss,835,2349,10338,12687,54,1
dontcache,hit,835,256,546,802,0,1
dontcache,miss,836,2371,9370,11741,48,1
dontcache,hit,836,258,541,799,0,1
dontcache,miss,837,2539,10151,12690,53,1
dontcache,hit,837,260,572,832,0,1
dontcache,miss,838,2361,10885,13246,57,1
dontcache,hit,838,265,548,813,0,1
dontcache,miss,839,2523,10682,13205,56,1
dontcache,hit,839,260,559,819,0,1
dontcache,miss,840,2319,10692,13011,56,1
dontcache,hit,840,261,559,820,0,1
dontcache,miss,841,2571,9990,12561,52,1
dontcache,hit,841,260,553,813,0,1
dontcache,miss,842,2326,10728,13054,56,1
dontcache,hit,842,260,543,803,0,1
dontcache,miss,843,2570,10894,13464,57,1
dontcache,hit,843,259,549,808,0,1
dontcache,miss,844,2384,10648,13032,56,1
dontcache,hit,844,264,551,815,0,1
dontcache,miss,845,2494,14409,16903,53,1
dontcache,hit,845,258,564,822,0,1
dontcache,miss,846,2583,13074,15657,70,1
dontcache,hit,846,268,607,875,0,1
dontcache,miss,847,2513,11139,13652,58,1
dontcache,hit,847,267,574,841,0,1
dontcache,miss,848,2268,11567,13835,61,1
dontcache,hit,848,262,566,828,0,1
dontcache,miss,849,2538,11113,13651,58,1
dontcache,hit,849,261,571,832,0,1
dontcache,miss,850,2310,11058,13368,58,1
dontcache,hit,850,273,556,829,0,1
dontcache,miss,851,2534,11789,14323,62,1
dontcache,hit,851,263,565,828,0,1
dontcache,miss,852,2177,11206,13383,59,1
dontcache,hit,852,264,544,808,0,1
dontcache,miss,853,2551,10396,12947,54,1
dontcache,hit,853,262,555,817,0,1
dontcache,miss,854,2343,10716,13059,56,1
dontcache,hit,854,261,553,814,0,1
dontcache,miss,855,2521,11348,13869,59,1
dontcache,hit,855,262,551,813,0,1
dontcache,miss,856,2387,11036,13423,58,1
dontcache,hit,856,263,567,830,0,1
dontcache,miss,857,2698,11086,13784,58,1
dontcache,hit,857,294,687,981,0,1
dontcache,miss,858,2339,10988,13327,58,1
dontcache,hit,858,261,565,826,0,1
dontcache,miss,859,2548,10775,13323,56,1
dontcache,hit,859,266,553,819,0,1
dontcache,miss,860,2311,10666,12977,56,1
dontcache,hit,860,264,564,828,0,1
dontcache,miss,861,2534,10705,13239,56,1
dontcache,hit,861,257,553,810,0,1
dontcache,miss,862,2381,10670,13051,56,1
dontcache,hit,862,260,555,815,0,1
dontcache,miss,863,2546,10014,12560,52,1
dontcache,hit,863,257,539,796,0,1
dontcache,miss,864,2404,10167,12571,53,1
dontcache,hit,864,260,551,811,0,1
dontcache,miss,865,2536,10887,13423,57,1
dontcache,hit,865,260,555,815,0,1
dontcache,miss,866,2362,10557,12919,55,1
dontcache,hit,866,261,558,819,0,1
dontcache,miss,867,2559,10559,13118,55,1
dontcache,hit,867,260,576,836,0,1
dontcache,miss,868,2331,11391,13722,60,1
dontcache,hit,868,266,563,829,0,1
dontcache,miss,869,2514,10039,12553,52,1
dontcache,hit,869,262,557,819,0,1
dontcache,miss,870,2404,9988,12392,52,1
dontcache,hit,870,262,546,808,0,1
dontcache,miss,871,2543,10771,13314,56,1
dontcache,hit,871,258,552,810,0,1
dontcache,miss,872,2361,10879,13240,57,1
dontcache,hit,872,263,541,804,0,1
dontcache,miss,873,2530,11793,14323,62,1
dontcache,hit,873,259,545,804,0,1
dontcache,miss,874,2190,10859,13049,57,1
dontcache,hit,874,263,541,804,0,1
dontcache,miss,875,2516,10107,12623,52,1
dontcache,hit,875,258,540,798,0,1
dontcache,miss,876,2380,9955,12335,52,1
dontcache,hit,876,269,549,818,0,1
dontcache,miss,877,2543,10894,13437,57,1
dontcache,hit,877,258,556,814,0,1
dontcache,miss,878,2362,16825,19187,67,1
dontcache,hit,878,270,621,891,0,1
dontcache,miss,879,2385,11183,13568,59,1
dontcache,hit,879,270,578,848,0,1
dontcache,miss,880,2300,17784,20084,89,1
dontcache,hit,880,256,565,821,0,1
dontcache,miss,881,2472,10633,13105,57,1
dontcache,hit,881,256,560,816,0,1
dontcache,miss,882,2317,10991,13308,59,1
dontcache,hit,882,257,550,807,0,1
dontcache,miss,883,2517,10830,13347,58,1
dontcache,hit,883,254,557,811,0,1
dontcache,miss,884,2248,10729,12977,58,1
dontcache,hit,884,256,547,803,0,1
dontcache,miss,885,2481,9661,12142,51,1
dontcache,hit,885,258,549,807,0,1
dontcache,miss,886,2276,9502,11778,50,1
dontcache,hit,886,258,541,799,0,1
dontcache,miss,887,2483,10763,13246,58,1
dontcache,hit,887,256,546,802,0,1
dontcache,miss,888,2298,10449,12747,56,1
dontcache,hit,888,261,541,802,0,1
dontcache,miss,889,2455,10656,13111,25,1
dontcache,hit,889,265,549,814,0,1
dontcache,miss,890,2418,12978,15396,71,1
dontcache,hit,890,270,564,834,0,1
dontcache,miss,891,2512,10661,13173,57,1
dontcache,hit,891,263,560,823,0,1
dontcache,miss,892,2285,10328,12613,55,1
dontcache,hit,892,257,536,793,0,1
dontcache,miss,893,2506,10807,13313,58,1
dontcache,hit,893,255,561,816,0,1
dontcache,miss,894,2292,11010,13302,59,1
dontcache,hit,894,254,526,780,0,1
dontcache,miss,895,2509,12641,15150,69,1
dontcache,hit,895,250,549,799,0,1
dontcache,miss,896,2136,9831,11967,52,1
dontcache,hit,896,253,532,785,0,1
dontcache,miss,897,2509,9285,11794,48,1
dontcache,hit,897,262,534,796,0,1
dontcache,miss,898,2290,9965,12255,53,1
dontcache,hit,898,258,548,806,0,1
dontcache,miss,899,2486,10746,13232,57,1
dontcache,hit,899,250,522,772,0,1
dontcache,miss,900,2292,10275,12567,55,1
dontcache,hit,900,260,546,806,0,1
dontcache,miss,901,2342,10083,12425,53,1
dontcache,hit,901,258,555,813,0,1
dontcache,miss,902,2280,9153,11433,48,1
dontcache,hit,902,256,528,784,0,1
dontcache,miss,903,2459,10023,12482,53,1
dontcache,hit,903,260,553,813,0,1
dontcache,miss,904,2266,10533,12799,56,1
dontcache,hit,904,253,526,779,0,1
dontcache,miss,905,2476,10480,12956,56,1
dontcache,hit,905,260,531,791,0,1
dontcache,miss,906,2304,10499,12803,56,1
dontcache,hit,906,254,537,791,0,1
dontcache,miss,907,2510,9163,11673,48,1
dontcache,hit,907,253,534,787,0,1
dontcache,miss,908,2248,9154,11402,48,1
dontcache,hit,908,261,533,794,0,1
dontcache,miss,909,2458,16224,18682,89,1
dontcache,hit,909,254,532,786,0,1
dontcache,miss,910,2332,10668,13000,56,1
dontcache,hit,910,260,534,794,0,1
dontcache,miss,911,3068,11238,14306,59,1
dontcache,hit,911,310,733,1043,0,1
dontcache,miss,912,2388,12923,15311,69,1
dontcache,hit,912,265,579,844,0,1
dontcache,miss,913,2542,10208,12750,53,1
dontcache,hit,913,269,600,869,0,1
dontcache,miss,914,2351,9950,12301,52,1
dontcache,hit,914,272,571,843,0,1
dontcache,miss,915,2531,10959,13490,57,1
dontcache,hit,915,265,590,855,0,1
dontcache,miss,916,2322,11410,13732,60,1
dontcache,hit,916,277,573,850,0,1
dontcache,miss,917,2529,11787,14316,62,1
dontcache,hit,917,265,586,851,0,1
dontcache,miss,918,2198,11028,13226,58,1
dontcache,hit,918,263,567,830,0,1
dontcache,miss,919,2572,10563,13135,55,1
dontcache,hit,919,271,576,847,0,1
dontcache,miss,920,2354,10776,13130,57,1
dontcache,hit,920,269,570,839,0,1
dontcache,miss,921,2573,11281,13854,54,1
dontcache,hit,921,264,1793,2057,0,1
dontcache,miss,922,2356,10839,13195,57,1
dontcache,hit,922,276,650,926,0,1
dontcache,miss,923,2367,10950,13317,57,1
dontcache,hit,923,263,582,845,0,1
dontcache,miss,924,2327,11047,13374,58,1
dontcache,hit,924,263,580,843,0,1
dontcache,miss,925,2518,10759,13277,56,1
dontcache,hit,925,263,544,807,0,1
dontcache,miss,926,2424,10694,13118,56,1
dontcache,hit,926,260,541,801,0,1
dontcache,miss,927,2491,11110,13601,58,1
dontcache,hit,927,257,546,803,0,1
dontcache,miss,928,2311,10738,13049,56,1
dontcache,hit,928,265,533,798,0,1
dontcache,miss,929,2466,9507,11973,49,1
dontcache,hit,929,257,542,799,0,1
dontcache,miss,930,2306,9418,11724,49,1
dontcache,hit,930,263,543,806,0,1
dontcache,miss,931,2563,11023,13586,58,1
dontcache,hit,931,260,553,813,0,1
dontcache,miss,932,2290,10914,13204,57,1
dontcache,hit,932,260,560,820,0,1
dontcache,miss,933,2549,10717,13266,56,1
dontcache,hit,933,273,555,828,0,1
dontcache,miss,934,2314,12875,15189,69,1
dontcache,hit,934,264,551,815,0,1
dontcache,miss,935,2562,9520,12082,49,1
dontcache,hit,935,264,547,811,0,1
dontcache,miss,936,2328,9347,11675,48,1
dontcache,hit,936,262,551,813,0,1
dontcache,miss,937,2517,10693,13210,56,1
dontcache,hit,937,262,573,835,0,1
dontcache,miss,938,2322,11053,13375,58,1
dontcache,hit,938,263,556,819,0,1
dontcache,miss,939,2526,11978,14504,63,1
dontcache,hit,939,258,562,820,0,1
dontcache,miss,940,2165,10797,12962,57,1
dontcache,hit,940,262,547,809,0,1
dontcache,miss,941,2501,10162,12663,52,1
dontcache,hit,941,260,547,807,0,1
dontcache,miss,942,2367,10224,12591,53,1
dontcache,hit,942,262,547,809,0,1
dontcache,miss,943,2522,15319,17841,57,1
dontcache,hit,943,257,540,797,0,1
dontcache,miss,944,2543,11361,13904,60,1
dontcache,hit,944,279,615,894,0,1
dontcache,miss,945,2470,11284,13754,59,1
dontcache,hit,945,269,591,860,0,1
dontcache,miss,946,2279,10671,12950,56,1
dontcache,hit,946,265,567,832,0,1
dontcache,miss,947,2520,10939,13459,57,1
dontcache,hit,947,271,560,831,0,1
dontcache,miss,948,2319,10716,13035,56,1
dontcache,hit,948,271,565,836,0,1
dontcache,miss,949,2561,10743,13304,56,1
dontcache,hit,949,268,561,829,0,1
dontcache,miss,950,2370,11019,13389,58,1
dontcache,hit,950,262,567,829,0,1
dontcache,miss,951,2485,10703,13188,56,1
dontcache,hit,951,268,565,833,0,1
dontcache,miss,952,2334,10840,13174,57,1
dontcache,hit,952,271,557,828,0,1
dontcache,miss,953,2519,10565,13084,55,1
dontcache,hit,953,268,565,833,0,1
dontcache,miss,954,2324,10897,13221,57,1
dontcache,hit,954,265,556,821,0,1
dontcache,miss,955,2646,11070,13716,58,1
dontcache,hit,955,273,620,893,0,1
dontcache,miss,956,2293,12859,15152,69,1
dontcache,hit,956,270,567,837,0,1
dontcache,miss,957,2512,10055,12567,52,1
dontcache,hit,957,262,565,827,0,1
dontcache,miss,958,2328,9548,11876,49,1
dontcache,hit,958,260,552,812,0,1
dontcache,miss,959,2495,10697,13192,56,1
dontcache,hit,959,262,553,815,0,1
dontcache,miss,960,2322,11113,13435,58,1
dontcache,hit,960,264,549,813,0,1
dontcache,miss,961,2531,12754,15285,68,1
dontcache,hit,961,263,540,803,0,1
dontcache,miss,962,2168,10189,12357,53,1
dontcache,hit,962,257,532,789,0,1
dontcache,miss,963,2500,9355,11855,48,1
dontcache,hit,963,260,547,807,0,1
dontcache,miss,964,2368,10188,12556,53,1
dontcache,hit,964,261,544,805,0,1
dontcache,miss,965,2510,10820,13330,57,1
dontcache,hit,965,254,551,805,0,1
dontcache,miss,966,2312,10656,12968,56,1
dontcache,hit,966,261,546,807,0,1
dontcache,miss,967,2389,10221,12610,53,1
dontcache,hit,967,258,554,812,0,1
dontcache,miss,968,2381,9324,11705,48,1
dontcache,hit,968,259,564,823,0,1
dontcache,miss,969,2481,10908,13389,57,1
dontcache,hit,969,255,537,792,0,1
dontcache,miss,970,2316,10722,13038,56,1
dontcache,hit,970,265,555,820,0,1
dontcache,miss,971,2517,10727,13244,56,1
dontcache,hit,971,264,555,819,0,1
dontcache,miss,972,2361,10556,12917,55,1
dontcache,hit,972,259,541,800,0,1
dontcache,miss,973,2530,9332,11862,48,1
dontcache,hit,973,261,532,793,0,1
dontcache,miss,974,2354,9296,11650,48,1
dontcache,hit,974,262,551,813,0,1
dontcache,miss,975,2562,11253,13815,59,1
dontcache,hit,975,261,536,797,0,1
dontcache,miss,976,2334,12661,14995,44,1
dontcache,hit,976,279,620,899,0,1
dontcache,miss,977,2550,17725,20275,88,1
dontcache,hit,977,267,592,859,0,1
dontcache,miss,978,2283,12878,15161,70,1
dontcache,hit,978,256,551,807,0,1
dontcache,miss,979,2473,10854,13327,58,1
dontcache,hit,979,257,549,806,0,1
dontcache,miss,980,2248,10827,13075,58,1
dontcache,hit,980,259,538,797,0,1
dontcache,miss,981,2495,10487,12982,56,1
dontcache,hit,981,260,556,816,0,1
dontcache,miss,982,2294,11090,13384,60,1
dontcache,hit,982,256,548,804,0,1
dontcache,miss,983,2493,11489,13982,62,1
dontcache,hit,983,256,543,799,0,1
dontcache,miss,984,2114,11019,13133,59,1
dontcache,hit,984,256,542,798,0,1
dontcache,miss,985,2508,10805,13313,58,1
dontcache,hit,985,262,567,829,0,1
dontcache,miss,986,2262,10672,12934,57,1
dontcache,hit,986,255,542,797,0,1
dontcache,miss,987,2460,14361,16821,41,1
dontcache,hit,987,253,557,810,0,1
dontcache,miss,988,2487,10525,13012,56,1
dontcache,hit,988,256,611,867,0,1
dontcache,miss,989,2333,10631,12964,57,1
dontcache,hit,989,257,550,807,0,1
dontcache,miss,990,2277,10789,13066,58,1
dontcache,hit,990,256,536,792,0,1
dontcache,miss,991,2452,10334,12786,55,1
dontcache,hit,991,253,534,787,0,1
dontcache,miss,992,2282,10368,12650,55,1
dontcache,hit,992,262,526,788,0,1
dontcache,miss,993,2484,10580,13064,56,1
dontcache,hit,993,257,537,794,0,1
dontcache,miss,994,2338,10516,12854,56,1
dontcache,hit,994,258,537,795,0,1
dontcache,miss,995,2456,9868,12324,52,1
dontcache,hit,995,251,526,777,0,1
dontcache,miss,996,2337,9956,12293,53,1
dontcache,hit,996,256,538,794,0,1
dontcache,miss,997,2481,10486,12967,56,1
dontcache,hit,997,262,547,809,0,1
dontcache,miss,998,2318,10431,12749,56,1
dontcache,hit,998,260,550,810,0,1
dontcache,miss,999,2464,10622,13086,57,1
dontcache,hit,999,256,531,787,0,1
dontcache,miss,1000,2335,11313,13648,61,1
dontcache,hit,1000,254,523,777,0,1
dontcache,miss,1001,2529,10093,12622,53,1
dontcache,hit,1001,256,534,790,0,1
dontcache,miss,1002,2308,10009,12317,53,1
dontcache,hit,1002,258,534,792,0,1
dontcache,miss,1003,2493,10366,12859,55,1
dontcache,hit,1003,252,526,778,0,1
dontcache,miss,1004,2324,10545,12869,57,1
dontcache,hit,1004,258,529,787,0,1
dontcache,miss,1005,2434,12608,15042,69,1
dontcache,hit,1005,255,522,777,0,1
dontcache,miss,1006,2182,9763,11945,52,1
dontcache,hit,1006,259,534,793,0,1
dontcache,miss,1007,2541,9237,11778,48,1
dontcache,hit,1007,251,520,771,0,1
dontcache,miss,1008,2335,9771,12106,52,1
dontcache,hit,1008,253,516,769,0,1
dontcache,miss,1009,2853,11190,14043,60,1
dontcache,hit,1009,329,664,993,0,1
dontcache,miss,1010,2300,11639,13939,63,1
dontcache,hit,1010,259,587,846,0,1
dontcache,miss,1011,2310,11049,13359,59,1
dontcache,hit,1011,259,574,833,0,1
dontcache,miss,1012,2315,10827,13142,58,1
dontcache,hit,1012,255,570,825,0,1
dontcache,miss,1013,2514,10648,13162,57,1
dontcache,hit,1013,253,551,804,0,1
dontcache,miss,1014,2307,10834,13141,58,1
dontcache,hit,1014,253,545,798,0,1
dontcache,miss,1015,2452,10315,12767,55,1
dontcache,hit,1015,263,556,819,0,1
dontcache,miss,1016,2281,10836,13117,58,1
dontcache,hit,1016,257,556,813,0,1
dontcache,miss,1017,2510,10133,12643,54,1
dontcache,hit,1017,251,566,817,0,1
dontcache,miss,1018,2237,10609,12846,57,1
dontcache,hit,1018,254,541,795,0,1
dontcache,miss,1019,2459,10600,13059,57,1
dontcache,hit,1019,261,553,814,0,1
dontcache,miss,1020,2243,10499,12742,56,1
dontcache,hit,1020,259,547,806,0,1
dontcache,miss,1021,2533,10709,13242,57,1
dontcache,hit,1021,289,675,964,0,1
dontcache,miss,1022,2245,12400,14645,67,1
dontcache,hit,1022,257,560,817,0,1
dontcache,miss,1023,2551,9948,12499,48,1
dontcache,hit,1023,252,1702,1954,0,1
dontcache,miss,1024,2293,10362,12655,55,1
dontcache,hit,1024,258,520,778,0,1
dontcache,miss,1025,2451,9828,12279,52,1
dontcache,hit,1025,260,543,803,0,1
dontcache,miss,1026,2334,10322,12656,55,1
dontcache,hit,1026,255,531,786,0,1
dontcache,miss,1027,2464,12504,14968,68,1
dontcache,hit,1027,269,532,801,0,1
dontcache,miss,1028,2107,10147,12254,54,1
dontcache,hit,1028,255,544,799,0,1
dontcache,miss,1029,2601,9191,11792,48,1
dontcache,hit,1029,255,542,797,0,1
dontcache,miss,1030,2331,9957,12288,53,1
dontcache,hit,1030,264,552,816,0,1
dontcache,miss,1031,4337,10800,15137,56,1
dontcache,hit,1031,451,1120,1571,0,1
dontcache,miss,1032,2441,10488,12929,56,1
dontcache,hit,1032,255,592,847,0,1
dontcache,miss,1033,2334,9944,12278,52,1
dontcache,hit,1033,254,541,795,0,1
dontcache,miss,1034,2278,9371,11649,49,1
dontcache,hit,1034,256,520,776,0,1
dontcache,miss,1035,2475,10004,12479,53,1
dontcache,hit,1035,254,536,790,0,1
dontcache,miss,1036,2315,10669,12984,57,1
dontcache,hit,1036,254,542,796,0,1
dontcache,miss,1037,2450,10550,13000,56,1
dontcache,hit,1037,255,528,783,0,1
dontcache,miss,1038,2295,10381,12676,55,1
dontcache,hit,1038,255,550,805,0,1
dontcache,miss,1039,2487,9224,11711,48,1
dontcache,hit,1039,253,535,788,0,1
dontcache,miss,1040,2373,8952,11325,47,1
dontcache,hit,1040,258,534,792,0,1
dontcache,miss,1041,2467,10700,13167,57,1
dontcache,hit,1041,256,530,786,0,1
dontcache,miss,1042,2250,12219,14469,37,1
dontcache,hit,1042,265,636,901,0,1
dontcache,miss,1043,2433,10547,12980,56,1
dontcache,hit,1043,261,559,820,0,1
dontcache,miss,1044,2254,12816,15070,70,1
dontcache,hit,1044,259,564,823,0,1
dontcache,miss,1045,2465,10823,13288,58,1
dontcache,hit,1045,259,560,819,0,1
dontcache,miss,1046,2309,10794,13103,58,1
dontcache,hit,1046,258,556,814,0,1
dontcache,miss,1047,2451,10529,12980,56,1
dontcache,hit,1047,257,555,812,0,1
dontcache,miss,1048,2316,11002,13318,59,1
dontcache,hit,1048,258,540,798,0,1
dontcache,miss,1049,2437,11720,14157,62,1
dontcache,hit,1049,257,544,801,0,1
dontcache,miss,1050,2168,10621,12789,57,1
dontcache,hit,1050,258,556,814,0,1
dontcache,miss,1051,2408,10853,13261,58,1
dontcache,hit,1051,256,553,809,0,1
dontcache,miss,1052,2243,10656,12899,57,1
dontcache,hit,1052,261,570,831,0,1
dontcache,miss,1053,2495,14968,17463,52,1
dontcache,hit,1053,263,553,816,0,1
dontcache,miss,1054,2485,10548,13033,55,1
dontcache,hit,1054,261,576,837,0,1
dontcache,miss,1055,2362,10951,13313,57,1
dontcache,hit,1055,264,564,828,0,1
dontcache,miss,1056,2329,10828,13157,57,1
dontcache,hit,1056,264,538,802,0,1
dontcache,miss,1057,2506,10261,12767,53,1
dontcache,hit,1057,260,558,818,0,1
dontcache,miss,1058,2358,10846,13204,57,1
dontcache,hit,1058,261,546,807,0,1
dontcache,miss,1059,2470,10577,13047,55,1
dontcache,hit,1059,261,559,820,0,1
dontcache,miss,1060,2297,10563,12860,55,1
dontcache,hit,1060,261,556,817,0,1
dontcache,miss,1061,2476,10038,12514,52,1
dontcache,hit,1061,262,544,806,0,1
dontcache,miss,1062,2359,10008,12367,52,1
dontcache,hit,1062,258,542,800,0,1
dontcache,miss,1063,2514,10902,13416,57,1
dontcache,hit,1063,263,544,807,0,1
dontcache,miss,1064,2311,10699,13010,56,1
dontcache,hit,1064,269,563,832,0,1
dontcache,miss,1065,2508,10841,13349,56,1
dontcache,hit,1065,255,568,823,0,1
dontcache,miss,1066,2329,11724,14053,62,1
dontcache,hit,1066,261,546,807,0,1
dontcache,miss,1067,2494,10248,12742,53,1
dontcache,hit,1067,259,565,824,0,1
dontcache,miss,1068,2334,10032,12366,52,1
dontcache,hit,1068,264,555,819,0,1
dontcache,miss,1069,2472,10737,13209,56,1
dontcache,hit,1069,260,537,797,0,1
dontcache,miss,1070,2328,10695,13023,56,1
dontcache,hit,1070,263,535,798,0,1
dontcache,miss,1071,2494,11587,14081,61,1
dontcache,hit,1071,259,537,796,0,1
dontcache,miss,1072,2150,10831,12981,57,1
dontcache,hit,1072,259,540,799,0,1
dontcache,miss,1073,2517,10729,13246,56,1
dontcache,hit,1073,266,563,829,0,1
dontcache,miss,1074,2340,10160,12500,53,1
dontcache,hit,1074,352,700,1052,0,1
dontcache,miss,1075,2561,11056,13617,58,1
dontcache,hit,1075,266,579,845,0,1
dontcache,miss,1076,2313,11199,13512,59,1
dontcache,hit,1076,261,564,825,0,1
dontcache,miss,1077,2333,10356,12689,54,1
dontcache,hit,1077,261,557,818,0,1
dontcache,miss,1078,2341,9633,11974,50,1
dontcache,hit,1078,255,552,807,0,1
dontcache,miss,1079,2533,10956,13489,57,1
dontcache,hit,1079,266,558,824,0,1
dontcache,miss,1080,2333,11185,13518,59,1
dontcache,hit,1080,259,564,823,0,1
dontcache,miss,1081,2486,10520,13006,55,1
dontcache,hit,1081,261,563,824,0,1
dontcache,miss,1082,2327,10911,13238,57,1
dontcache,hit,1082,257,558,815,0,1
dontcache,miss,1083,2477,11009,13486,58,1
dontcache,hit,1083,262,561,823,0,1
dontcache,miss,1084,2365,10911,13276,57,1
dontcache,hit,1084,261,557,818,0,1
dontcache,miss,1085,2488,10646,13134,56,1
dontcache,hit,1085,265,559,824,0,1
dontcache,miss,1086,2345,14644,16989,50,1
dontcache,hit,1086,272,592,864,0,1
dontcache,miss,1087,2522,10690,13212,56,1
dontcache,hit,1087,273,573,846,0,1
dontcache,miss,1088,2356,12949,15305,69,1
dontcache,hit,1088,258,569,827,0,1
dontcache,miss,1089,2492,9640,12132,50,1
dontcache,hit,1089,260,570,830,0,1
dontcache,miss,1090,2350,9558,11908,49,1
dontcache,hit,1090,259,557,816,0,1
dontcache,miss,1091,2552,10674,13226,56,1
dontcache,hit,1091,262,556,818,0,1
dontcache,miss,1092,2362,10987,13349,58,1
dontcache,hit,1092,260,557,817,0,1
dontcache,miss,1093,2539,12919,15458,69,1
dontcache,hit,1093,261,546,807,0,1
dontcache,miss,1094,2195,10174,12369,53,1
dontcache,hit,1094,261,549,810,0,1
dontcache,miss,1095,2507,9568,12075,49,1
dontcache,hit,1095,267,572,839,0,1
dontcache,miss,1096,2353,9966,12319,52,1
dontcache,hit,1096,258,562,820,0,1
dontcache,miss,1097,2495,10962,13457,57,1
dontcache,hit,1097,277,563,840,0,1
dontcache,miss,1098,2314,10703,13017,56,1
dontcache,hit,1098,258,552,810,0,1
dontcache,miss,1099,2364,10221,12585,53,1
dontcache,hit,1099,264,556,820,0,1
dontcache,miss,1100,2327,9351,11678,48,1
dontcache,hit,1100,262,575,837,0,1
dontcache,miss,1101,2491,10732,13223,56,1
dontcache,hit,1101,251,544,795,0,1
dontcache,miss,1102,2325,10694,13019,56,1
dontcache,hit,1102,260,550,810,0,1
dontcache,miss,1103,2516,10741,13257,56,1
dontcache,hit,1103,252,551,803,0,1
dontcache,miss,1104,2338,10515,12853,55,1
dontcache,hit,1104,261,559,820,0,1
dontcache,miss,1105,2508,9363,11871,48,1
dontcache,hit,1105,254,540,794,0,1
dontcache,miss,1106,2347,9492,11839,49,1
dontcache,hit,1106,261,570,831,0,1
dontcache,miss,1107,6055,10794,16849,56,1
dontcache,hit,1107,267,548,815,0,1
dontcache,miss,1108,2323,9850,12173,51,1
dontcache,hit,1108,263,582,845,0,1
dontcache,miss,1109,2532,10847,13379,56,1
dontcache,hit,1109,264,574,838,0,1
dontcache,miss,1110,2439,12911,15350,69,1
dontcache,hit,1110,262,557,819,0,1
dontcache,miss,1111,2515,11029,13544,58,1
dontcache,hit,1111,261,562,823,0,1
dontcache,miss,1112,2322,11029,13351,58,1
dontcache,hit,1112,258,557,815,0,1
dontcache,miss,1113,2475,10558,13033,55,1
dontcache,hit,1113,261,569,830,0,1
dontcache,miss,1114,2334,11177,13511,59,1
dontcache,hit,1114,260,543,803,0,1
dontcache,miss,1115,2425,11762,14187,62,1
dontcache,hit,1115,264,556,820,0,1
dontcache,miss,1116,2156,11026,13182,58,1
dontcache,hit,1116,264,593,857,0,1
dontcache,miss,1117,2500,10711,13211,56,1
dontcache,hit,1117,259,557,816,0,1
dontcache,miss,1118,2363,10851,13214,57,1
dontcache,hit,1118,260,547,807,0,1
dontcache,miss,1119,2753,11121,13874,58,1
dontcache,hit,1119,277,708,985,0,1
dontcache,miss,1120,2333,10680,13013,56,1
dontcache,hit,1120,263,574,837,0,1
dontcache,miss,1121,2359,10917,13276,57,1
dontcache,hit,1121,259,565,824,0,1
dontcache,miss,1122,2293,10287,12580,54,1
dontcache,hit,1122,263,563,826,0,1
dontcache,miss,1123,2530,10230,12760,53,1
dontcache,hit,1123,253,534,787,0,1
dontcache,miss,1124,2369,10846,13215,57,1
dontcache,hit,1124,258,542,800,0,1
dontcache,miss,1125,2516,10687,13203,56,1
dontcache,hit,1125,271,551,822,0,1
dontcache,miss,1126,2349,10613,12962,48,1
dontcache,hit,1126,257,1433,1690,0,1
dontcache,miss,1127,2540,10589,13129,55,1
dontcache,hit,1127,257,549,806,0,1
dontcache,miss,1128,2347,10911,13258,57,1
dontcache,hit,1128,259,542,801,0,1
dontcache,miss,1129,2503,10958,13461,57,1
dontcache,hit,1129,254,536,790,0,1
dontcache,miss,1130,2303,10549,12852,55,1
dontcache,hit,1130,257,546,803,0,1
dontcache,miss,1131,2536,10519,13055,55,1
dontcache,hit,1131,256,552,808,0,1
dontcache,miss,1132,2345,12730,15075,68,1
dontcache,hit,1132,255,538,793,0,1
dontcache,miss,1133,2530,9324,11854,48,1
dontcache,hit,1133,257,541,798,0,1
dontcache,miss,1134,2316,9328,11644,48,1
dontcache,hit,1134,262,544,806,0,1
dontcache,miss,1135,2540,10807,13347,56,1
dontcache,hit,1135,258,538,796,0,1
dontcache,miss,1136,2352,10641,12993,56,1
dontcache,hit,1136,257,562,819,0,1
dontcache,miss,1137,2479,12931,15410,69,1
dontcache,hit,1137,260,542,802,0,1
dontcache,miss,1138,2196,9982,12178,52,1
dontcache,hit,1138,256,537,793,0,1
dontcache,miss,1139,2529,9530,12059,49,1
dontcache,hit,1139,253,545,798,0,1
dontcache,miss,1140,2365,12057,14422,46,1
dontcache,hit,1140,269,580,849,0,1
dontcache,miss,1141,2511,11899,14410,63,1
dontcache,hit,1141,264,566,830,0,1
dontcache,miss,1142,2366,11203,13569,59,1
dontcache,hit,1142,258,556,814,0,1
dontcache,miss,1143,2363,11056,13419,58,1
dontcache,hit,1143,261,554,815,0,1
dontcache,miss,1144,2334,10894,13228,57,1
dontcache,hit,1144,258,547,805,0,1
dontcache,miss,1145,2462,10857,13319,57,1
dontcache,hit,1145,260,560,820,0,1
dontcache,miss,1146,2334,10851,13185,57,1
dontcache,hit,1146,259,549,808,0,1
dontcache,miss,1147,2537,10910,13447,57,1
dontcache,hit,1147,260,555,815,0,1
dontcache,miss,1148,2311,10500,12811,55,1
dontcache,hit,1148,260,555,815,0,1
dontcache,miss,1149,2504,10207,12711,53,1
dontcache,hit,1149,257,554,811,0,1
dontcache,miss,1150,2349,10864,13213,57,1
dontcache,hit,1150,258,561,819,0,1
dontcache,miss,1151,2537,24653,27190,56,1
dontcache,hit,1151,263,560,823,0,1
dontcache,miss,1152,2578,14638,17216,61,1
dontcache,hit,1152,258,613,871,0,1
dontcache,miss,1153,2491,10649,13140,55,1
dontcache,hit,1153,264,578,842,0,1
dontcache,miss,1154,2358,11554,13912,61,1
dontcache,hit,1154,258,556,814,0,1
dontcache,miss,1155,2484,10980,13464,57,1
dontcache,hit,1155,256,552,808,0,1
dontcache,miss,1156,2324,11224,13548,59,1
dontcache,hit,1156,256,545,801,0,1
dontcache,miss,1157,2503,10582,13085,55,1
dontcache,hit,1157,254,559,813,0,1
dontcache,miss,1158,2339,10838,13177,57,1
dontcache,hit,1158,257,549,806,0,1
dontcache,miss,1159,2534,11641,14175,61,1
dontcache,hit,1159,258,551,809,0,1
dontcache,miss,1160,2178,10745,12923,56,1
dontcache,hit,1160,258,549,807,0,1
dontcache,miss,1161,2514,10059,12573,52,1
dontcache,hit,1161,257,562,819,0,1
dontcache,miss,1162,2402,10079,12481,52,1
dontcache,hit,1162,257,557,814,0,1
dontcache,miss,1163,2522,10931,13453,57,1
dontcache,hit,1163,263,548,811,0,1
dontcache,miss,1164,2331,10530,12861,55,1
dontcache,hit,1164,254,544,798,0,1
dontcache,miss,1165,2348,10919,13267,57,1
dontcache,hit,1165,256,550,806,0,1
dontcache,miss,1166,2377,10037,12414,52,1
dontcache,hit,1166,256,560,816,0,1
dontcache,miss,1167,2514,10222,12736,53,1
dontcache,hit,1167,255,551,806,0,1
dontcache,miss,1168,2299,11055,13354,58,1
dontcache,hit,1168,256,541,797,0,1
dontcache,miss,1169,2543,10890,13433,57,1
dontcache,hit,1169,255,557,812,0,1
dontcache,miss,1170,2316,10514,12830,55,1
dontcache,hit,1170,260,541,801,0,1
dontcache,miss,1171,2544,10101,12645,52,1
dontcache,hit,1171,256,545,801,0,1
dontcache,miss,1172,2338,14174,16512,59,1
dontcache,hit,1172,266,573,839,0,1
dontcache,miss,1173,2524,12244,14768,65,1
dontcache,hit,1173,272,585,857,0,1
dontcache,miss,1174,2333,11573,13906,61,1
dontcache,hit,1174,260,578,838,0,1
dontcache,miss,1175,2531,11062,13593,58,1
dontcache,hit,1175,258,562,820,0,1
dontcache,miss,1176,2295,13289,15584,71,1
dontcache,hit,1176,257,559,816,0,1
dontcache,miss,1177,2539,10903,13442,57,1
dontcache,hit,1177,260,559,819,0,1
dontcache,miss,1178,2341,10985,13326,58,1
dontcache,hit,1178,260,555,815,0,1
dontcache,miss,1179,2510,10692,13202,56,1
dontcache,hit,1179,260,561,821,0,1
dontcache,miss,1180,2370,11200,13570,59,1
dontcache,hit,1180,260,560,820,0,1
dontcache,miss,1181,2510,12779,15289,68,1
dontcache,hit,1181,264,574,838,0,1
dontcache,miss,1182,2211,10062,12273,52,1
dontcache,hit,1182,259,588,847,0,1
dontcache,miss,1183,2505,10758,13263,36,1
dontcache,hit,1183,262,557,819,0,1
dontcache,miss,1184,2437,10925,13362,57,1
dontcache,hit,1184,264,573,837,0,1
dontcache,miss,1185,2505,11130,13635,58,1
dontcache,hit,1185,254,567,821,0,1
dontcache,miss,1186,2355,10667,13022,56,1
dontcache,hit,1186,260,550,810,0,1
dontcache,miss,1187,2379,10234,12613,53,1
dontcache,hit,1187,252,562,814,0,1
dontcache,miss,1188,2352,9707,12059,50,1
dontcache,hit,1188,259,547,806,0,1
dontcache,miss,1189,2530,10081,12611,52,1
dontcache,hit,1189,258,569,827,0,1
dontcache,miss,1190,2337,10864,13201,57,1
dontcache,hit,1190,258,554,812,0,1
dontcache,miss,1191,2510,10713,13223,56,1
dontcache,hit,1191,258,558,816,0,1
dontcache,miss,1192,2311,10704,13015,56,1
dontcache,hit,1192,256,551,807,0,1
dontcache,miss,1193,2537,10081,12618,52,1
dontcache,hit,1193,256,571,827,0,1
dontcache,miss,1194,2256,10659,12915,56,1
dontcache,hit,1194,257,546,803,0,1
dontcache,miss,1195,2547,10915,13462,57,1
dontcache,hit,1195,257,560,817,0,1
dontcache,miss,1196,2366,10635,13001,56,1
dontcache,hit,1196,255,558,813,0,1
dontcache,miss,1197,2553,10608,13161,55,1
dontcache,hit,1197,256,578,834,0,1
dontcache,miss,1198,2358,12894,15252,69,1
dontcache,hit,1198,260,538,798,0,1
dontcache,miss,1199,2535,9362,11897,48,1
dontcache,hit,1199,260,546,806,0,1
dontcache,miss,1200,2357,9302,11659,48,1
dontcache,hit,1200,254,532,786,0,1
dontcache,miss,1201,2489,10649,13138,55,1
dontcache,hit,1201,255,554,809,0,1
dontcache,miss,1202,2319,10947,13266,57,1
dontcache,hit,1202,261,558,819,0,1
dontcache,miss,1203,2489,12894,15383,69,1
dontcache,hit,1203,255,548,803,0,1
dontcache,miss,1204,2179,10338,12517,54,1
dontcache,hit,1204,274,619,893,0,1
dontcache,miss,1205,2560,11391,13951,60,1
dontcache,hit,1205,266,589,855,0,1
dontcache,miss,1206,2364,10931,13295,57,1
dontcache,hit,1206,259,570,829,0,1
dontcache,miss,1207,2512,11281,13793,59,1
dontcache,hit,1207,258,580,838,0,1
dontcache,miss,1208,2353,11184,13537,59,1
dontcache,hit,1208,272,556,828,0,1
dontcache,miss,1209,2373,11217,13590,59,1
dontcache,hit,1209,261,564,825,0,1
dontcache,miss,1210,2341,11053,13394,58,1
dontcache,hit,1210,257,550,807,0,1
dontcache,miss,1211,2511,10887,13398,57,1
dontcache,hit,1211,257,574,831,0,1
dontcache,miss,1212,2377,10874,13251,57,1
dontcache,hit,1212,259,574,833,0,1
dontcache,miss,1213,2564,11017,13581,58,1
dontcache,hit,1213,273,562,835,0,1
dontcache,miss,1214,2348,11001,13349,58,1
dontcache,hit,1214,258,553,811,0,1
dontcache,miss,1215,2529,10909,13438,57,1
dontcache,hit,1215,260,560,820,0,1
dontcache,miss,1216,2351,10838,13189,57,1
dontcache,hit,1216,258,590,848,0,1
dontcache,miss,1217,2508,10880,13388,57,1
dontcache,hit,1217,257,565,822,0,1
dontcache,miss,1218,2334,10700,13034,56,1
dontcache,hit,1218,256,552,808,0,1
dontcache,miss,1219,2552,10580,13132,55,1
dontcache,hit,1219,253,544,797,0,1
dontcache,miss,1220,2324,12026,14350,64,1
dontcache,hit,1220,256,543,799,0,1
dontcache,miss,1221,2556,10305,12861,54,1
dontcache,hit,1221,255,551,806,0,1
dontcache,miss,1222,2348,10205,12553,53,1
dontcache,hit,1222,258,555,813,0,1
dontcache,miss,1223,2523,10597,13120,55,1
dontcache,hit,1223,253,558,811,0,1
dontcache,miss,1224,2338,11223,13561,59,1
dontcache,hit,1224,256,552,808,0,1
dontcache,miss,1225,2510,13194,15704,70,1
dontcache,hit,1225,253,568,821,0,1
dontcache,miss,1226,2169,10061,12230,52,1
dontcache,hit,1226,259,543,802,0,1
dontcache,miss,1227,2482,9426,11908,48,1
dontcache,hit,1227,253,554,807,0,1
dontcache,miss,1228,2401,10102,12503,45,1
dontcache,hit,1228,270,1431,1701,0,1
dontcache,miss,1229,2515,10973,13488,57,1
dontcache,hit,1229,256,544,800,0,1
dontcache,miss,1230,2360,10674,13034,56,1
dontcache,hit,1230,261,545,806,0,1
dontcache,miss,1231,2372,10210,12582,53,1
dontcache,hit,1231,262,565,827,0,1
dontcache,miss,1232,2387,9498,11885,49,1
dontcache,hit,1232,251,547,798,0,1
dontcache,miss,1233,2555,10197,12752,53,1
dontcache,hit,1233,256,565,821,0,1
dontcache,miss,1234,2355,10702,13057,56,1
dontcache,hit,1234,256,561,817,0,1
dontcache,miss,1235,2569,10542,13111,55,1
dontcache,hit,1235,260,545,805,0,1
dontcache,miss,1236,2373,10508,12881,55,1
dontcache,hit,1236,260,552,812,0,1
dontcache,miss,1237,2627,11058,13685,58,1
dontcache,hit,1237,283,608,891,0,1
dontcache,miss,1238,2293,11256,13549,59,1
dontcache,hit,1238,264,559,823,0,1
dontcache,miss,1239,2533,11275,13808,59,1
dontcache,hit,1239,268,575,843,0,1
dontcache,miss,1240,2313,11392,13705,60,1
dontcache,hit,1240,259,557,816,0,1
dontcache,miss,1241,2533,10907,13440,57,1
dontcache,hit,1241,258,569,827,0,1
dontcache,miss,1242,2347,13255,15602,71,1
dontcache,hit,1242,265,558,823,0,1
dontcache,miss,1243,2539,11144,13683,58,1
dontcache,hit,1243,263,587,850,0,1
dontcache,miss,1244,2330,10983,13313,58,1
dontcache,hit,1244,258,550,808,0,1
dontcache,miss,1245,2555,10615,13170,55,1
dontcache,hit,1245,264,567,831,0,1
dontcache,miss,1246,2359,11222,13581,59,1
dontcache,hit,1246,258,559,817,0,1
dontcache,miss,1247,2541,12935,15476,69,1
dontcache,hit,1247,264,550,814,0,1
dontcache,miss,1248,2185,10137,12322,53,1
dontcache,hit,1248,260,571,831,0,1
dontcache,miss,1249,2557,10765,13322,56,1
dontcache,hit,1249,281,622,903,0,1
dontcache,miss,1250,2362,10725,13087,56,1
dontcache,hit,1250,260,557,817,0,1
dontcache,miss,1251,2509,11238,13747,59,1
dontcache,hit,1251,259,560,819,0,1
dontcache,miss,1252,2264,10872,13136,57,1
dontcache,hit,1252,264,550,814,0,1
dontcache,miss,1253,2396,10923,13319,57,1
dontcache,hit,1253,262,542,804,0,1
dontcache,miss,1254,2346,10845,13191,57,1
dontcache,hit,1254,261,553,814,0,1
dontcache,miss,1255,2522,10018,12540,52,1
dontcache,hit,1255,257,532,789,0,1
dontcache,miss,1256,2406,10821,13227,57,1
dontcache,hit,1256,262,560,822,0,1
dontcache,miss,1257,2558,10578,13136,55,1
dontcache,hit,1257,258,547,805,0,1
dontcache,miss,1258,2337,10674,13011,56,1
dontcache,hit,1258,266,545,811,0,1
dontcache,miss,1259,2497,10054,12551,52,1
dontcache,hit,1259,260,545,805,0,1
dontcache,miss,1260,2368,10200,12568,53,1
dontcache,hit,1260,266,554,820,0,1
dontcache,miss,1261,2521,10891,13412,57,1
dontcache,hit,1261,261,544,805,0,1
dontcache,miss,1262,2391,11096,13487,58,1
dontcache,hit,1262,260,553,813,0,1
dontcache,miss,1263,2497,10674,13171,56,1
dontcache,hit,1263,258,557,815,0,1
dontcache,miss,1264,2367,11577,13944,61,1
dontcache,hit,1264,261,550,811,0,1
dontcache,miss,1265,2492,10037,12529,52,1
dontcache,hit,1265,262,541,803,0,1
dontcache,miss,1266,2346,10188,12534,53,1
dontcache,hit,1266,262,554,816,0,1
dontcache,miss,1267,2513,10948,13461,57,1
dontcache,hit,1267,258,547,805,0,1
dontcache,miss,1268,2330,10841,13171,57,1
dontcache,hit,1268,264,542,806,0,1
dontcache,miss,1269,2516,16101,18617,67,1
dontcache,hit,1269,264,535,799,0,1
dontcache,miss,1270,2273,12261,14534,65,1
dontcache,hit,1270,255,569,824,0,1
dontcache,miss,1271,2502,11289,13791,59,1
dontcache,hit,1271,267,561,828,0,1
dontcache,miss,1272,2342,17107,19449,84,1
dontcache,hit,1272,257,556,813,0,1
dontcache,miss,1273,2474,11192,13666,60,1
dontcache,hit,1273,256,559,815,0,1
dontcache,miss,1274,2304,10813,13117,58,1
dontcache,hit,1274,255,560,815,0,1
dontcache,miss,1275,2318,10820,13138,58,1
dontcache,hit,1275,258,556,814,0,1
dontcache,miss,1276,2257,10639,12896,57,1
dontcache,hit,1276,258,545,803,0,1
dontcache,miss,1277,2499,10525,13024,56,1
dontcache,hit,1277,257,552,809,0,1
dontcache,miss,1278,2308,10799,13107,58,1
dontcache,hit,1278,257,550,807,0,1
dontcache,miss,1279,2534,10314,12848,55,1
dontcache,hit,1279,261,562,823,0,1
dontcache,miss,1280,2306,10613,12919,57,1
dontcache,hit,1280,260,544,804,0,1
dontcache,miss,1281,2656,10050,12706,53,1
dontcache,hit,1281,263,659,922,0,1
dontcache,miss,1282,2272,10654,12926,57,1
dontcache,hit,1282,255,554,809,0,1
dontcache,miss,1283,2493,10351,12844,55,1
dontcache,hit,1283,264,544,808,0,1
dontcache,miss,1284,2316,10325,12641,55,1
dontcache,hit,1284,258,544,802,0,1
dontcache,miss,1285,2484,10490,12974,56,1
dontcache,hit,1285,260,545,805,0,1
dontcache,miss,1286,2251,12697,14948,69,1
dontcache,hit,1286,254,545,799,0,1
dontcache,miss,1287,2496,9175,11671,48,1
dontcache,hit,1287,253,550,803,0,1
dontcache,miss,1288,2314,9130,11444,48,1
dontcache,hit,1288,255,537,792,0,1
dontcache,miss,1289,2460,10493,12953,56,1
dontcache,hit,1289,260,537,797,0,1
dontcache,miss,1290,2304,10703,13007,57,1
dontcache,hit,1290,258,529,787,0,1
dontcache,miss,1291,2516,11466,13982,62,1
dontcache,hit,1291,254,525,779,0,1
dontcache,miss,1292,2103,10572,12675,57,1
dontcache,hit,1292,258,545,803,0,1
dontcache,miss,1293,2499,9982,12481,53,1
dontcache,hit,1293,253,525,778,0,1
dontcache,miss,1294,2335,9970,12305,53,1
dontcache,hit,1294,262,536,798,0,1
dontcache,miss,1295,2504,10571,13075,56,1
dontcache,hit,1295,257,535,792,0,1
dontcache,miss,1296,2291,10492,12783,56,1
dontcache,hit,1296,258,540,798,0,1
dontcache,miss,1297,2320,10459,12779,56,1
dontcache,hit,1297,255,535,790,0,1
dontcache,miss,1298,2291,9774,12065,52,1
dontcache,hit,1298,254,539,793,0,1
dontcache,miss,1299,2488,10021,12509,53,1
dontcache,hit,1299,259,540,799,0,1
dontcache,miss,1300,2290,10825,13115,58,1
dontcache,hit,1300,256,545,801,0,1
dontcache,miss,1301,2493,10372,12865,55,1
dontcache,hit,1301,258,518,776,0,1
dontcache,miss,1302,2299,10311,12610,55,1
dontcache,hit,1302,277,614,891,0,1
dontcache,miss,1303,2471,11472,13943,59,1
dontcache,hit,1303,252,579,831,0,1
dontcache,miss,1304,2222,10400,12622,57,1
dontcache,hit,1304,249,552,801,0,1
dontcache,miss,1305,2454,10597,13051,58,1
dontcache,hit,1305,247,539,786,0,1
dontcache,miss,1306,2224,10887,13111,60,1
dontcache,hit,1306,255,545,800,0,1
dontcache,miss,1307,2437,11049,13486,59,1
dontcache,hit,1307,252,552,804,0,1
dontcache,miss,1308,2242,13198,15440,70,1
dontcache,hit,1308,463,754,1217,0,1
dontcache,miss,1309,2692,14523,17215,79,1
dontcache,hit,1309,258,713,971,0,1
dontcache,miss,1310,3231,12390,15621,67,1
dontcache,hit,1310,253,563,816,0,1
dontcache,miss,1311,2670,16655,19325,90,1
dontcache,hit,1311,510,1378,1888,0,1
dontcache,miss,1312,2307,14316,16623,67,1
dontcache,hit,1312,265,581,846,0,1
dontcache,miss,1313,2956,14155,17111,75,1
dontcache,hit,1313,299,936,1235,0,1
dontcache,miss,1314,2559,16750,19309,86,1
dontcache,hit,1314,256,1490,1746,0,1
dontcache,miss,1315,2936,12940,15876,68,1
dontcache,hit,1315,254,562,816,0,1
dontcache,miss,1316,3906,11768,15674,62,1
dontcache,hit,1316,256,562,818,0,1
dontcache,miss,1317,3610,11840,15450,62,1
dontcache,hit,1317,253,553,806,0,1
dontcache,miss,1318,2561,13564,16125,73,1
dontcache,hit,1318,260,696,956,0,1
dontcache,miss,1319,2376,13282,15658,66,1
dontcache,hit,1319,258,545,803,0,1
dontcache,miss,1320,2437,12734,15171,65,1
dontcache,hit,1320,256,697,953,0,1
dontcache,miss,1321,2478,57498,59976,329,1
dontcache,hit,1321,256,556,812,0,1
dontcache,miss,1322,3418,12944,16362,69,1
dontcache,hit,1322,263,553,816,0,1
dontcache,miss,1323,2876,12304,15180,65,1
dontcache,hit,1323,253,565,818,0,1
dontcache,miss,1324,2631,11289,13920,59,1
dontcache,hit,1324,255,678,933,0,1
dontcache,miss,1325,2677,17362,20039,92,1
dontcache,hit,1325,517,566,1083,0,1
dontcache,miss,1326,3268,11296,14564,57,1
dontcache,hit,1326,371,1479,1850,0,1
dontcache,miss,1327,4189,17916,22105,77,1
dontcache,hit,1327,273,1307,1580,0,1
dontcache,miss,1328,2809,12919,15728,68,1
dontcache,hit,1328,272,580,852,0,1
dontcache,miss,1329,2932,12871,15803,64,1
dontcache,hit,1329,264,579,843,0,1
dontcache,miss,1330,2312,15483,17795,82,1
dontcache,hit,1330,260,563,823,0,1
dontcache,miss,1331,2585,11271,13856,58,1
dontcache,hit,1331,265,640,905,0,1
dontcache,miss,1332,2388,16869,19257,54,1
dontcache,hit,1332,270,645,915,0,1
dontcache,miss,1333,2567,12052,14619,62,1
dontcache,hit,1333,263,584,847,0,1
dontcache,miss,1334,2494,13147,15641,68,1
dontcache,hit,1334,289,581,870,0,1
dontcache,miss,1335,4121,12752,16873,67,1
dontcache,hit,1335,268,571,839,0,1
dontcache,miss,1336,3334,15082,18416,57,1
dontcache,hit,1336,266,623,889,0,1
dontcache,miss,1337,2919,16985,19904,62,1
dontcache,hit,1337,264,577,841,0,1
dontcache,miss,1338,2750,18172,20922,98,1
dontcache,hit,1338,274,621,895,0,1
dontcache,miss,1339,2593,11365,13958,58,1
dontcache,hit,1339,265,577,842,0,1
dontcache,miss,1340,2417,11045,13462,57,1
dontcache,hit,1340,266,592,858,0,1
dontcache,miss,1341,3079,11839,14918,61,1
dontcache,hit,1341,258,815,1073,0,1
dontcache,miss,1342,2335,11861,14196,62,1
dontcache,hit,1342,266,649,915,0,1
dontcache,miss,1343,3465,17172,20637,91,1
dontcache,hit,1343,960,850,1810,0,1
dontcache,miss,1344,2591,11526,14117,60,1
dontcache,hit,1344,262,586,848,0,1
dontcache,miss,1345,2572,11123,13695,57,1
dontcache,hit,1345,260,870,1130,0,1
dontcache,miss,1346,2415,11393,13808,57,1
dontcache,hit,1346,935,564,1499,0,1
dontcache,miss,1347,3051,12915,15966,65,1
dontcache,hit,1347,264,554,818,0,1
dontcache,miss,1348,2801,11453,14254,58,1
dontcache,hit,1348,334,816,1150,0,1
dontcache,miss,1349,2951,11386,14337,56,1
dontcache,hit,1349,270,1500,1770,0,1
dontcache,miss,1350,2768,11237,14005,57,1
dontcache,hit,1350,264,595,859,0,1
dontcache,miss,1351,2550,11972,14522,62,1
dontcache,hit,1351,259,571,830,0,1
dontcache,miss,1352,2619,11512,14131,60,1
dontcache,hit,1352,265,861,1126,0,1
dontcache,miss,1353,2800,11571,14371,60,1
dontcache,hit,1353,263,582,845,0,1
dontcache,miss,1354,2710,18514,21224,51,1
dontcache,hit,1354,271,699,970,0,1
dontcache,miss,1355,3008,11785,14793,61,1
dontcache,hit,1355,257,600,857,0,1
dontcache,miss,1356,2392,11758,14150,61,1
dontcache,hit,1356,261,587,848,0,1
dontcache,miss,1357,2547,13614,16161,71,1
dontcache,hit,1357,265,591,856,0,1
dontcache,miss,1358,2495,11730,14225,61,1
dontcache,hit,1358,260,653,913,0,1
dontcache,miss,1359,2677,17307,19984,67,1
dontcache,hit,1359,257,593,850,0,1
dontcache,miss,1360,4441,16817,21258,90,1
dontcache,hit,1360,270,1010,1280,0,1
dontcache,miss,1361,2620,11099,13719,57,1
dontcache,hit,1361,265,588,853,0,1
dontcache,miss,1362,2377,11037,13414,57,1
dontcache,hit,1362,262,585,847,0,1
dontcache,miss,1363,2479,10713,13192,55,1
dontcache,hit,1363,259,604,863,0,1
dontcache,miss,1364,2309,14611,16920,56,1
dontcache,hit,1364,263,593,856,0,1
dontcache,miss,1365,2824,12155,14979,63,1
dontcache,hit,1365,334,802,1136,0,1
dontcache,miss,1366,2389,10847,13236,56,1
dontcache,hit,1366,256,584,840,0,1
dontcache,miss,1367,2561,10721,13282,55,1
dontcache,hit,1367,257,558,815,0,1
dontcache,miss,1368,2393,10543,12936,54,1
dontcache,hit,1368,256,575,831,0,1
dontcache,miss,1369,2523,10930,13453,56,1
dontcache,hit,1369,254,574,828,0,1
dontcache,miss,1370,2340,10892,13232,56,1
dontcache,hit,1370,324,781,1105,0,1
dontcache,miss,1371,2635,10998,13633,56,1
dontcache,hit,1371,260,619,879,0,1
dontcache,miss,1372,2400,10655,13055,55,1
dontcache,hit,1372,255,554,809,0,1
dontcache,miss,1373,2575,9992,12567,51,1
dontcache,hit,1373,263,570,833,0,1
dontcache,miss,1374,2398,10742,13140,55,1
dontcache,hit,1374,255,558,813,0,1
dontcache,miss,1375,2582,10778,13360,55,1
dontcache,hit,1375,248,559,807,0,1
dontcache,miss,1376,2373,12377,14750,41,1
dontcache,hit,1376,262,646,908,0,1
dontcache,miss,1377,2503,10673,13176,55,1
dontcache,hit,1377,263,578,841,0,1
dontcache,miss,1378,2395,10692,13087,55,1
dontcache,hit,1378,257,561,818,0,1
dontcache,miss,1379,2545,10893,13438,56,1
dontcache,hit,1379,256,551,807,0,1
dontcache,miss,1380,2367,10724,13091,55,1
dontcache,hit,1380,254,570,824,0,1
dontcache,miss,1381,2557,12917,15474,42,1
dontcache,hit,1381,256,575,831,0,1
dontcache,miss,1382,2489,12267,14756,64,1
dontcache,hit,1382,267,625,892,0,1
dontcache,miss,1383,2584,10864,13448,56,1
dontcache,hit,1383,251,573,824,0,1
dontcache,miss,1384,2371,10531,12902,54,1
dontcache,hit,1384,275,651,926,0,1
dontcache,miss,1385,2568,10716,13284,55,1
dontcache,hit,1385,251,594,845,0,1
dontcache,miss,1386,2417,11415,13832,59,1
dontcache,hit,1386,249,583,832,0,1
dontcache,miss,1387,2871,48338,51209,272,1
dontcache,hit,1387,338,840,1178,0,1
dontcache,miss,1388,2339,11038,13377,57,1
dontcache,hit,1388,270,579,849,0,1
dontcache,miss,1389,2520,10730,13250,56,1
dontcache,hit,1389,250,553,803,0,1
dontcache,miss,1390,2322,10414,12736,55,1
dontcache,hit,1390,251,563,814,0,1
dontcache,miss,1391,2502,10839,13341,57,1
dontcache,hit,1391,248,558,806,0,1
dontcache,miss,1392,2281,10808,13089,57,1
dontcache,hit,1392,335,817,1152,0,1
dontcache,miss,1393,2881,11175,14056,57,1
dontcache,hit,1393,298,750,1048,0,1
dontcache,miss,1394,2394,10670,13064,55,1
dontcache,hit,1394,254,578,832,0,1
dontcache,miss,1395,2498,10687,13185,55,1
dontcache,hit,1395,251,576,827,0,1
dontcache,miss,1396,2313,10685,12998,55,1
dontcache,hit,1396,257,557,814,0,1
dontcache,miss,1397,2522,11016,13538,57,1
dontcache,hit,1397,256,561,817,0,1
dontcache,miss,1398,2311,16028,18339,51,1
dontcache,hit,1398,282,663,945,0,1
dontcache,miss,1399,2536,10778,13314,55,1
dontcache,hit,1399,260,575,835,0,1
dontcache,miss,1400,2351,10969,13320,56,1
dontcache,hit,1400,260,584,844,0,1
dontcache,miss,1401,2532,10672,13204,55,1
dontcache,hit,1401,257,567,824,0,1
dontcache,miss,1402,2351,10724,13075,55,1
dontcache,hit,1402,258,556,814,0,1
dontcache,miss,1403,2519,14557,17076,55,1
dontcache,hit,1403,257,549,806,0,1
dontcache,miss,1404,2513,11293,13806,58,1
dontcache,hit,1404,269,626,895,0,1
dontcache,miss,1405,2598,11040,13638,57,1
dontcache,hit,1405,257,590,847,0,1
dontcache,miss,1406,2343,10719,13062,55,1
dontcache,hit,1406,263,583,846,0,1
dontcache,miss,1407,2554,10734,13288,55,1
dontcache,hit,1407,257,556,813,0,1
dontcache,miss,1408,2321,10523,12844,54,1
dontcache,hit,1408,260,558,818,0,1
dontcache,miss,1409,2824,10818,13642,55,1
dontcache,hit,1409,339,783,1122,0,1
dontcache,miss,1410,2385,11068,13453,57,1
dontcache,hit,1410,259,575,834,0,1
dontcache,miss,1411,2563,11088,13651,57,1
dontcache,hit,1411,258,556,814,0,1
dontcache,miss,1412,2346,19978,22324,108,1
dontcache,hit,1412,331,750,1081,0,1
dontcache,miss,1413,2549,14423,16972,76,1
dontcache,hit,1413,258,609,867,0,1
dontcache,miss,1414,2414,14024,16438,74,1
dontcache,hit,1414,323,829,1152,0,1
dontcache,miss,1415,2606,13663,16269,72,1
dontcache,hit,1415,262,633,895,0,1
dontcache,miss,1416,2288,13424,15712,70,1
dontcache,hit,1416,258,581,839,0,1
dontcache,miss,1417,2539,14797,17336,78,1
dontcache,hit,1417,252,566,818,0,1
dontcache,miss,1418,2476,14725,17201,78,1
dontcache,hit,1418,261,566,827,0,1
dontcache,miss,1419,2580,13381,15961,70,1
dontcache,hit,1419,257,581,838,0,1
dontcache,miss,1420,2345,19139,21484,71,1
dontcache,hit,1420,270,686,956,0,1
dontcache,miss,1421,2521,11035,13556,57,1
dontcache,hit,1421,256,579,835,0,1
dontcache,miss,1422,2392,11258,13650,29,1
dontcache,hit,1422,262,605,867,0,1
dontcache,miss,1423,2577,10693,13270,55,1
dontcache,hit,1423,256,563,819,0,1
dontcache,miss,1424,2359,10694,13053,55,1
dontcache,hit,1424,259,559,818,0,1
dontcache,miss,1425,2544,15654,18198,50,1
dontcache,hit,1425,256,553,809,0,1
dontcache,miss,1426,2571,10937,13508,56,1
dontcache,hit,1426,272,634,906,0,1
dontcache,miss,1427,2512,10565,13077,54,1
dontcache,hit,1427,260,571,831,0,1
dontcache,miss,1428,2366,10724,13090,55,1
dontcache,hit,1428,258,558,816,0,1
dontcache,miss,1429,2554,10514,13068,54,1
dontcache,hit,1429,259,557,816,0,1
dontcache,miss,1430,2378,10671,13049,55,1
dontcache,hit,1430,258,556,814,0,1
dontcache,miss,1431,2875,11275,14150,58,1
dontcache,hit,1431,351,837,1188,0,1
dontcache,miss,1432,2385,11023,13408,57,1
dontcache,hit,1432,261,613,874,0,1
dontcache,miss,1433,2679,14455,17134,72,1
dontcache,hit,1433,249,2094,2343,0,1
dontcache,miss,1434,2465,11630,14095,60,1
dontcache,hit,1434,258,613,871,0,1
dontcache,miss,1435,2581,12805,15386,67,1
dontcache,hit,1435,255,621,876,0,1
dontcache,miss,1436,2465,15642,18107,83,1
dontcache,hit,1436,347,798,1145,0,1
dontcache,miss,1437,2630,11137,13767,57,1
dontcache,hit,1437,257,583,840,0,1
dontcache,miss,1438,2349,10897,13246,56,1
dontcache,hit,1438,259,599,858,0,1
dontcache,miss,1439,2574,10890,13464,56,1
dontcache,hit,1439,258,568,826,0,1
dontcache,miss,1440,2356,10717,13073,55,1
dontcache,hit,1440,263,551,814,0,1
dontcache,miss,1441,2576,15446,18022,61,1
dontcache,hit,1441,257,557,814,0,1
dontcache,miss,1442,2363,16036,18399,51,1
dontcache,hit,1442,290,662,952,0,1
dontcache,miss,1443,2532,11261,13793,58,1
dontcache,hit,1443,265,596,861,0,1
dontcache,miss,1444,2351,11049,13400,57,1
dontcache,hit,1444,262,598,860,0,1
dontcache,miss,1445,2571,10630,13201,54,1
dontcache,hit,1445,257,583,840,0,1
dontcache,miss,1446,2340,10888,13228,56,1
dontcache,hit,1446,260,568,828,0,1
dontcache,miss,1447,2555,14862,17417,49,1
dontcache,hit,1447,258,573,831,0,1
dontcache,miss,1448,2564,11086,13650,57,1
dontcache,hit,1448,273,638,911,0,1
dontcache,miss,1449,2578,11129,13707,57,1
dontcache,hit,1449,260,574,834,0,1
dontcache,miss,1450,2383,10730,13113,55,1
dontcache,hit,1450,261,571,832,0,1
dontcache,miss,1451,2529,10769,13298,55,1
dontcache,hit,1451,260,561,821,0,1
dontcache,miss,1452,2377,10522,12899,54,1
dontcache,hit,1452,259,554,813,0,1
dontcache,miss,1453,2921,10802,13723,55,1
dontcache,hit,1453,385,892,1277,0,1
dontcache,miss,1454,2403,11069,13472,57,1
dontcache,hit,1454,264,601,865,0,1
dontcache,miss,1455,2561,10742,13303,55,1
dontcache,hit,1455,269,550,819,0,1
dontcache,miss,1456,2350,10582,12932,54,1
dontcache,hit,1456,259,546,805,0,1
dontcache,miss,1457,2580,10607,13187,54,1
dontcache,hit,1457,261,573,834,0,1
dontcache,miss,1458,2474,10554,13028,54,1
dontcache,hit,1458,335,781,1116,0,1
dontcache,miss,1459,2631,10886,13517,56,1
dontcache,hit,1459,267,620,887,0,1
dontcache,miss,1460,2427,10547,12974,54,1
dontcache,hit,1460,261,585,846,0,1
dontcache,miss,1461,2566,10716,13282,55,1
dontcache,hit,1461,260,568,828,0,1
dontcache,miss,1462,2403,10478,12881,54,1
dontcache,hit,1462,262,567,829,0,1
dontcache,miss,1463,2546,10711,13257,55,1
dontcache,hit,1463,260,563,823,0,1
dontcache,miss,1464,2416,12861,15277,42,1
dontcache,hit,1464,266,643,909,0,1
dontcache,miss,1465,2585,10573,13158,54,1
dontcache,hit,1465,259,591,850,0,1
dontcache,miss,1466,2359,11152,13511,57,1
dontcache,hit,1466,258,556,814,0,1
dontcache,miss,1467,2582,10735,13317,55,1
dontcache,hit,1467,255,571,826,0,1
dontcache,miss,1468,2362,10703,13065,55,1
dontcache,hit,1468,257,570,827,0,1
dontcache,miss,1469,2582,12756,15338,42,1
dontcache,hit,1469,258,564,822,0,1
dontcache,miss,1470,2528,10963,13491,56,1
dontcache,hit,1470,275,597,872,0,1
dontcache,miss,1471,2653,11108,13761,57,1
dontcache,hit,1471,259,584,843,0,1
dontcache,miss,1472,2407,10925,13332,56,1
dontcache,hit,1472,259,563,822,0,1
dontcache,miss,1473,2896,9710,12606,49,1
dontcache,hit,1473,323,678,1001,0,1
dontcache,miss,1474,2430,11076,13506,57,1
dontcache,hit,1474,260,569,829,0,1
dontcache,miss,1475,2952,11102,14054,57,1
dontcache,hit,1475,347,830,1177,0,1
dontcache,miss,1476,2359,11229,13588,58,1
dontcache,hit,1476,258,598,856,0,1
dontcache,miss,1477,2572,10681,13253,55,1
dontcache,hit,1477,259,586,845,0,1
dontcache,miss,1478,2343,10883,13226,56,1
dontcache,hit,1478,266,565,831,0,1
dontcache,miss,1479,2560,10843,13403,56,1
dontcache,hit,1479,261,565,826,0,1
dontcache,miss,1480,2371,10851,13222,56,1
dontcache,hit,1480,332,833,1165,0,1
dontcache,miss,1481,2653,11057,13710,57,1
dontcache,hit,1481,273,612,885,0,1
dontcache,miss,1482,2321,10804,13125,55,1
dontcache,hit,1482,265,567,832,0,1
dontcache,miss,1483,2602,10565,13167,54,1
dontcache,hit,1483,259,572,831,0,1
dontcache,miss,1484,2372,10759,13131,55,1
dontcache,hit,1484,277,663,940,0,1
dontcache,miss,1485,2617,10724,13341,55,1
dontcache,hit,1485,272,594,866,0,1
dontcache,miss,1486,2358,16418,18776,51,1
dontcache,hit,1486,282,666,948,0,1
dontcache,miss,1487,2534,17671,20205,95,1
dontcache,hit,1487,270,588,858,0,1
dontcache,miss,1488,2060,17803,19863,94,1
dontcache,hit,1488,261,566,827,0,1
dontcache,miss,1489,2394,10563,12957,54,1
dontcache,hit,1489,259,570,829,0,1
dontcache,miss,1490,2371,9943,12314,51,1
dontcache,hit,1490,262,542,804,0,1
dontcache,miss,1491,2554,15240,17794,53,1
dontcache,hit,1491,258,554,812,0,1
dontcache,miss,1492,2629,11232,13861,58,1
dontcache,hit,1492,268,645,913,0,1
dontcache,miss,1493,2609,11097,13706,57,1
dontcache,hit,1493,313,581,894,0,1
dontcache,miss,1494,2324,10874,13198,56,1
dontcache,hit,1494,258,564,822,0,1
dontcache,miss,1495,2574,9359,11933,47,1
dontcache,hit,1495,258,559,817,0,1
dontcache,miss,1496,2372,9149,11521,46,1
dontcache,hit,1496,261,561,822,0,1
dontcache,miss,1497,2946,10761,13707,55,1
dontcache,hit,1497,363,841,1204,0,1
dontcache,miss,1498,2370,10727,13097,55,1
dontcache,hit,1498,271,588,859,0,1
dontcache,miss,1499,3935,10719,14654,55,1
dontcache,hit,1499,274,559,833,0,1
dontcache,miss,1500,2315,13467,15782,71,1
dontcache,hit,1500,273,553,826,0,1
dontcache,miss,1501,2565,9842,12407,50,1
dontcache,hit,1501,272,556,828,0,1
dontcache,miss,1502,2451,9177,11628,46,1
dontcache,hit,1502,326,869,1195,0,1
dontcache,miss,1503,2838,12437,15275,63,1
dontcache,hit,1503,278,597,875,0,1
dontcache,miss,1504,2364,11230,13594,58,1
dontcache,hit,1504,265,603,868,0,1
dontcache,miss,1505,3097,16453,19550,83,1
dontcache,hit,1505,263,586,849,0,1
dontcache,miss,1506,2987,13366,16353,69,1
dontcache,hit,1506,272,571,843,0,1
dontcache,miss,1507,2711,13403,16114,67,1
dontcache,hit,1507,268,578,846,0,1
dontcache,miss,1508,2401,16264,18665,52,1
dontcache,hit,1508,276,668,944,0,1
dontcache,miss,1509,2744,13947,16691,60,1
dontcache,hit,1509,263,585,848,0,1
dontcache,miss,1510,3239,11997,15236,63,1
dontcache,hit,1510,265,715,980,0,1
dontcache,miss,1511,2493,12651,15144,63,1
dontcache,hit,1511,264,575,839,0,1
dontcache,miss,1512,2572,13256,15828,70,1
dontcache,hit,1512,265,573,838,0,1
dontcache,miss,1513,4684,14666,19350,47,1
dontcache,hit,1513,293,1099,1392,0,1
dontcache,miss,1514,2702,11835,14537,60,1
dontcache,hit,1514,258,1165,1423,0,1
dontcache,miss,1515,3583,12552,16135,65,1
dontcache,hit,1515,265,576,841,0,1
dontcache,miss,1516,2334,11709,14043,61,1
dontcache,hit,1516,609,569,1178,0,1
dontcache,miss,1517,3046,12969,16015,68,1
dontcache,hit,1517,260,557,817,0,1
dontcache,miss,1518,2583,12097,14680,63,1
dontcache,hit,1518,262,552,814,0,1
dontcache,miss,1519,2909,11508,14417,59,1
dontcache,hit,1519,308,809,1117,0,1
dontcache,miss,1520,2629,12273,14902,63,1
dontcache,hit,1520,263,605,868,0,1
dontcache,miss,1521,2761,11384,14145,59,1
dontcache,hit,1521,260,573,833,0,1
dontcache,miss,1522,2652,13986,16638,74,1
dontcache,hit,1522,279,560,839,0,1
dontcache,miss,1523,2495,10602,13097,54,1
dontcache,hit,1523,266,571,837,0,1
dontcache,miss,1524,2475,11396,13871,57,1
dontcache,hit,1524,312,1060,1372,0,1
dontcache,miss,1525,3247,12441,15688,64,1
dontcache,hit,1525,274,625,899,0,1
dontcache,miss,1526,2417,12462,14879,64,1
dontcache,hit,1526,268,571,839,0,1
dontcache,miss,1527,2818,12004,14822,62,1
dontcache,hit,1527,266,565,831,0,1
dontcache,miss,1528,2215,10831,13046,56,1
dontcache,hit,1528,260,571,831,0,1
dontcache,miss,1529,2585,10668,13253,55,1
dontcache,hit,1529,267,566,833,0,1
dontcache,miss,1530,3008,12625,15633,42,1
dontcache,hit,1530,271,647,918,0,1
dontcache,miss,1531,2830,15034,17864,49,1
dontcache,hit,1531,259,894,1153,0,1
dontcache,miss,1532,2763,11313,14076,58,1
dontcache,hit,1532,275,639,914,0,1
dontcache,miss,1533,2364,11142,13506,57,1
dontcache,hit,1533,269,588,857,0,1
dontcache,miss,1534,2665,11213,13878,58,1
dontcache,hit,1534,270,579,849,0,1
dontcache,miss,1535,3131,18359,21490,54,1
dontcache,hit,1535,268,4879,5147,0,1
dontcache,miss,1536,3206,18906,22112,102,1
dontcache,hit,1536,285,626,911,0,1
dontcache,miss,1537,2535,11775,14310,61,1
dontcache,hit,1537,277,587,864,0,1
dontcache,miss,1538,2328,11741,14069,61,1
dontcache,hit,1538,260,563,823,0,1
dontcache,miss,1539,2558,12085,14643,63,1
dontcache,hit,1539,260,568,828,0,1
dontcache,miss,1540,2344,11978,14322,62,1
dontcache,hit,1540,262,755,1017,0,1
dontcache,miss,1541,3193,16893,20086,66,1
dontcache,hit,1541,368,876,1244,0,1
dontcache,miss,1542,2394,11370,13764,59,1
dontcache,hit,1542,265,621,886,0,1
dontcache,miss,1543,2562,11121,13683,56,1
dontcache,hit,1543,265,571,836,0,1
dontcache,miss,1544,2344,12970,15314,68,1
dontcache,hit,1544,266,568,834,0,1
dontcache,miss,1545,2645,11334,13979,57,1
dontcache,hit,1545,262,558,820,0,1
dontcache,miss,1546,2615,11326,13941,58,1
dontcache,hit,1546,349,1010,1359,0,1
dontcache,miss,1547,2629,11043,13672,57,1
dontcache,hit,1547,282,603,885,0,1
dontcache,miss,1548,2594,11719,14313,61,1
dontcache,hit,1548,270,596,866,0,1
dontcache,miss,1549,2832,13012,15844,68,1
dontcache,hit,1549,266,564,830,0,1
dontcache,miss,1550,2250,11355,13605,59,1
dontcache,hit,1550,273,552,825,0,1
dontcache,miss,1551,4073,11600,15673,59,1
dontcache,hit,1551,275,555,830,0,1
dontcache,miss,1552,2917,16023,18940,51,1
dontcache,hit,1552,350,667,1017,0,1
dontcache,miss,1553,2576,11123,13699,56,1
dontcache,hit,1553,261,612,873,0,1
dontcache,miss,1554,2339,13149,15488,69,1
dontcache,hit,1554,262,566,828,0,1
dontcache,miss,1555,2705,11269,13974,58,1
dontcache,hit,1555,257,632,889,0,1
dontcache,miss,1556,2500,13065,15565,64,1
dontcache,hit,1556,266,546,812,0,1
dontcache,miss,1557,2635,17373,20008,55,1
dontcache,hit,1557,257,548,805,0,1
dontcache,miss,1558,3121,15341,18462,81,1
dontcache,hit,1558,279,651,930,0,1
dontcache,miss,1559,2649,16819,19468,67,1
dontcache,hit,1559,261,566,827,0,1
dontcache,miss,1560,2583,11555,14138,60,1
dontcache,hit,1560,269,573,842,0,1
dontcache,miss,1561,2788,11505,14293,58,1
dontcache,hit,1561,269,567,836,0,1
dontcache,miss,1562,3074,12131,15205,62,1
dontcache,hit,1562,260,566,826,0,1
dontcache,miss,1563,3429,16462,19891,87,1
dontcache,hit,1563,358,799,1157,0,1
dontcache,miss,1564,3314,11902,15216,62,1
dontcache,hit,1564,268,603,871,0,1
dontcache,miss,1565,5004,12015,17019,62,1
dontcache,hit,1565,260,1047,1307,0,1
dontcache,miss,1566,2397,12063,14460,63,1
dontcache,hit,1566,276,716,992,0,1
dontcache,miss,1567,3054,11600,14654,55,1
dontcache,hit,1567,260,693,953,0,1
dontcache,miss,1568,2912,12717,15629,65,1
dontcache,hit,1568,323,776,1099,0,1
dontcache,miss,1569,2594,10739,13333,55,1
dontcache,hit,1569,273,679,952,0,1
dontcache,miss,1570,2375,10565,12940,54,1
dontcache,hit,1570,260,589,849,0,1
dontcache,miss,1571,2566,11797,14363,61,1
dontcache,hit,1571,259,644,903,0,1
dontcache,miss,1572,2200,11001,13201,56,1
dontcache,hit,1572,269,639,908,0,1
dontcache,miss,1573,2577,10698,13275,55,1
dontcache,hit,1573,265,561,826,0,1
dontcache,miss,1574,2376,12682,15058,41,1
dontcache,hit,1574,282,638,920,0,1
dontcache,miss,1575,2518,10836,13354,56,1
dontcache,hit,1575,258,578,836,0,1
dontcache,miss,1576,2364,10680,13044,55,1
dontcache,hit,1576,261,664,925,0,1
dontcache,miss,1577,2368,10880,13248,56,1
dontcache,hit,1577,258,659,917,0,1
dontcache,miss,1578,2364,10058,12422,50,1
dontcache,hit,1578,259,551,810,0,1
dontcache,miss,1579,2530,12709,15239,46,1
dontcache,hit,1579,257,667,924,0,1
dontcache,miss,1580,2549,18649,21198,99,1
dontcache,hit,1580,271,609,880,0,1
dontcache,miss,1581,2540,10682,13222,54,1
dontcache,hit,1581,267,581,848,0,1
dontcache,miss,1582,2379,10682,13061,55,1
dontcache,hit,1582,259,650,909,0,1
dontcache,miss,1583,2546,9344,11890,47,1
dontcache,hit,1583,260,604,864,0,1
dontcache,miss,1584,2403,9499,11902,48,1
dontcache,hit,1584,260,544,804,0,1
dontcache,miss,1585,3003,16857,19860,90,1
dontcache,hit,1585,335,807,1142,0,1
dontcache,miss,1586,2247,10550,12797,54,1
dontcache,hit,1586,267,570,837,0,1
dontcache,miss,1587,2589,10761,13350,55,1
dontcache,hit,1587,256,575,831,0,1
dontcache,miss,1588,2337,13137,15474,69,1
dontcache,hit,1588,267,551,818,0,1
dontcache,miss,1589,2850,10732,13582,55,1
dontcache,hit,1589,302,667,969,0,1
dontcache,miss,1590,2358,11176,13534,57,1
dontcache,hit,1590,327,935,1262,0,1
dontcache,miss,1591,2430,11098,13528,57,1
dontcache,hit,1591,332,623,955,0,1
dontcache,miss,1592,2342,10879,13221,56,1
dontcache,hit,1592,258,589,847,0,1
dontcache,miss,1593,2536,12828,15364,67,1
dontcache,hit,1593,261,574,835,0,1
dontcache,miss,1594,2233,10222,12455,52,1
dontcache,hit,1594,269,561,830,0,1
dontcache,miss,1595,2564,10736,13300,55,1
dontcache,hit,1595,262,580,842,0,1
dontcache,miss,1596,2356,14874,17230,48,1
dontcache,hit,1596,284,633,917,0,1
dontcache,miss,1597,2545,10981,13526,56,1
dontcache,hit,1597,260,600,860,0,1
dontcache,miss,1598,2371,20510,22881,111,1
dontcache,hit,1598,271,592,863,0,1
dontcache,miss,1599,2664,10734,13398,55,1
dontcache,hit,1599,272,610,882,0,1
dontcache,miss,1600,2361,10826,13187,56,1
dontcache,hit,1600,258,573,831,0,1
dontcache,miss,1601,2566,15601,18167,57,1
dontcache,hit,1601,267,557,824,0,1
dontcache,miss,1602,2729,10578,13307,54,1
dontcache,hit,1602,274,632,906,0,1
dontcache,miss,1603,2584,10883,13467,56,1
dontcache,hit,1603,260,579,839,0,1
dontcache,miss,1604,2436,10705,13141,55,1
dontcache,hit,1604,263,564,827,0,1
dontcache,miss,1605,2533,9335,11868,47,1
dontcache,hit,1605,254,571,825,0,1
dontcache,miss,1606,2320,9468,11788,48,1
dontcache,hit,1606,266,557,823,0,1
dontcache,miss,1607,2875,10626,13501,54,1
dontcache,hit,1607,369,792,1161,0,1
dontcache,miss,1608,2389,10545,12934,54,1
dontcache,hit,1608,263,568,831,0,1
dontcache,miss,1609,2573,10726,13299,55,1
dontcache,hit,1609,260,583,843,0,1
dontcache,miss,1610,2389,13149,15538,69,1
dontcache,hit,1610,268,559,827,0,1
dontcache,miss,1611,2541,10415,12956,53,1
dontcache,hit,1611,261,566,827,0,1
dontcache,miss,1612,2319,10604,12923,54,1
dontcache,hit,1612,325,814,1139,0,1
dontcache,miss,1613,2655,10542,13197,54,1
dontcache,hit,1613,275,609,884,0,1
dontcache,miss,1614,2361,10550,12911,54,1
dontcache,hit,1614,281,586,867,0,1
dontcache,miss,1615,2579,10974,13553,57,1
dontcache,hit,1615,269,566,835,0,1
dontcache,miss,1616,2206,10999,13205,56,1
dontcache,hit,1616,264,582,846,0,1
dontcache,miss,1617,2558,10570,13128,54,1
dontcache,hit,1617,275,567,842,0,1
dontcache,miss,1618,2352,14446,16798,45,1
dontcache,hit,1618,271,662,933,0,1
dontcache,miss,1619,6033,12085,18118,62,1
dontcache,hit,1619,261,589,850,0,1
dontcache,miss,1620,2473,10580,13053,54,1
dontcache,hit,1620,270,584,854,0,1
dontcache,miss,1621,2430,10387,12817,53,1
dontcache,hit,1621,259,571,830,0,1
dontcache,miss,1622,2318,10890,13208,56,1
dontcache,hit,1622,260,569,829,0,1
dontcache,miss,1623,2537,14796,17333,49,1
dontcache,hit,1623,265,629,894,0,1
dontcache,miss,1624,2560,11483,14043,59,1
dontcache,hit,1624,264,617,881,0,1
dontcache,miss,1625,2605,10629,13234,54,1
dontcache,hit,1625,261,601,862,0,1
dontcache,miss,1626,2411,10499,12910,54,1
dontcache,hit,1626,264,570,834,0,1
dontcache,miss,1627,2524,10567,13091,54,1
dontcache,hit,1627,269,576,845,0,1
dontcache,miss,1628,2352,10785,13137,56,1
dontcache,hit,1628,265,562,827,0,1
dontcache,miss,1629,2804,11175,13979,57,1
dontcache,hit,1629,326,800,1126,0,1
dontcache,miss,1630,2375,10550,12925,54,1
dontcache,hit,1630,262,5432,5694,0,1
dontcache,miss,1631,2599,10702,13301,55,1
dontcache,hit,1631,266,609,875,0,1
dontcache,miss,1632,2386,12179,14565,63,1
dontcache,hit,1632,266,588,854,0,1
dontcache,miss,1633,2533,10179,12712,52,1
dontcache,hit,1633,260,588,848,0,1
dontcache,miss,1634,2363,10013,12376,51,1
dontcache,hit,1634,325,805,1130,0,1
dontcache,miss,1635,2604,10522,13126,54,1
dontcache,hit,1635,271,608,879,0,1
dontcache,miss,1636,2387,10739,13126,55,1
dontcache,hit,1636,263,570,833,0,1
dontcache,miss,1637,2590,13044,15634,68,1
dontcache,hit,1637,263,580,843,0,1
dontcache,miss,1638,2223,10231,12454,45,1
dontcache,hit,1638,259,1746,2005,0,1
dontcache,miss,1639,2552,10490,13042,54,1
dontcache,hit,1639,254,574,828,0,1
dontcache,miss,1640,2445,12917,15362,43,1
dontcache,hit,1640,254,645,899,0,1
dontcache,miss,1641,2538,10719,13257,55,1
dontcache,hit,1641,261,584,845,0,1
dontcache,miss,1642,2366,11119,13485,57,1
dontcache,hit,1642,252,551,803,0,1
dontcache,miss,1643,2373,10701,13074,55,1
dontcache,hit,1643,250,568,818,0,1
dontcache,miss,1644,2349,10069,12418,51,1
dontcache,hit,1644,252,540,792,0,1
dontcache,miss,1645,2519,12347,14866,46,1
dontcache,hit,1645,249,550,799,0,1
dontcache,miss,1646,2461,10829,13290,56,1
dontcache,hit,1646,258,610,868,0,1
dontcache,miss,1647,2539,10546,13085,54,1
dontcache,hit,1647,257,557,814,0,1
dontcache,miss,1648,2399,10453,12852,54,1
dontcache,hit,1648,252,556,808,0,1
dontcache,miss,1649,2546,9923,12469,50,1
dontcache,hit,1649,251,544,795,0,1
dontcache,miss,1650,2415,10028,12443,51,1
dontcache,hit,1650,258,550,808,0,1
dontcache,miss,1651,3278,11744,15022,60,1
dontcache,hit,1651,418,958,1376,0,1
dontcache,miss,1652,2361,10620,12981,54,1
dontcache,hit,1652,257,618,875,0,1
dontcache,miss,1653,2560,10770,13330,55,1
dontcache,hit,1653,256,608,864,0,1
dontcache,miss,1654,2346,12671,15017,66,1
dontcache,hit,1654,253,576,829,0,1
dontcache,miss,1655,2536,10351,12887,53,1
dontcache,hit,1655,262,583,845,0,1
dontcache,miss,1656,2334,11018,13352,57,1
dontcache,hit,1656,354,810,1164,0,1
dontcache,miss,1657,2577,10761,13338,55,1
dontcache,hit,1657,276,600,876,0,1
dontcache,miss,1658,2342,10895,13237,56,1
dontcache,hit,1658,258,560,818,0,1
dontcache,miss,1659,2537,11590,14127,60,1
dontcache,hit,1659,256,575,831,0,1
dontcache,miss,1660,2158,10803,12961,56,1
dontcache,hit,1660,257,565,822,0,1
dontcache,miss,1661,2539,10930,13469,56,1
dontcache,hit,1661,256,585,841,0,1
dontcache,miss,1662,2342,14315,16657,45,1
dontcache,hit,1662,301,794,1095,0,1
dontcache,miss,1663,2579,10748,13327,55,1
dontcache,hit,1663,260,595,855,0,1
dontcache,miss,1664,2349,11064,13413,57,1
dontcache,hit,1664,254,559,813,0,1
dontcache,miss,1665,2387,10946,13333,56,1
dontcache,hit,1665,254,549,803,0,1
dontcache,miss,1666,2385,9967,12352,51,1
dontcache,hit,1666,255,561,816,0,1
dontcache,miss,1667,2554,15782,18336,55,1
dontcache,hit,1667,255,555,810,0,1
dontcache,miss,1668,2619,10566,13185,54,1
dontcache,hit,1668,263,607,870,0,1
dontcache,miss,1669,2495,10778,13273,55,1
dontcache,hit,1669,253,567,820,0,1
dontcache,miss,1670,2323,10484,12807,54,1
dontcache,hit,1670,257,550,807,0,1
dontcache,miss,1671,2512,10538,13050,54,1
dontcache,hit,1671,251,555,806,0,1
dontcache,miss,1672,2378,10379,12757,53,1
dontcache,hit,1672,268,543,811,0,1
dontcache,miss,1673,2905,10840,13745,55,1
dontcache,hit,1673,353,840,1193,0,1
dontcache,miss,1674,2354,10539,12893,54,1
dontcache,hit,1674,261,574,835,0,1
dontcache,miss,1675,2579,10684,13263,55,1
dontcache,hit,1675,258,593,851,0,1
dontcache,miss,1676,2369,11564,13933,60,1
dontcache,hit,1676,258,561,819,0,1
dontcache,miss,1677,2533,10500,13033,54,1
dontcache,hit,1677,261,541,802,0,1
dontcache,miss,1678,2360,10536,12896,54,1
dontcache,hit,1678,370,798,1168,0,1
dontcache,miss,1679,2574,10537,13111,54,1
dontcache,hit,1679,268,614,882,0,1
dontcache,miss,1680,2435,10540,12975,54,1
dontcache,hit,1680,263,583,846,0,1
dontcache,miss,1681,2539,13124,15663,69,1
dontcache,hit,1681,257,562,819,0,1
dontcache,miss,1682,2228,10192,12420,52,1
dontcache,hit,1682,276,650,926,0,1
dontcache,miss,1683,2606,10742,13348,55,1
dontcache,hit,1683,265,569,834,0,1
dontcache,miss,1684,2348,14977,17325,50,1
dontcache,hit,1684,275,672,947,0,1
dontcache,miss,1685,2558,11215,13773,58,1
dontcache,hit,1685,261,568,829,0,1
dontcache,miss,1686,2388,11080,13468,57,1
dontcache,hit,1686,255,572,827,0,1
dontcache,miss,1687,2396,10012,12408,51,1
dontcache,hit,1687,255,558,813,0,1
dontcache,miss,1688,2404,9336,11740,47,1
dontcache,hit,1688,255,562,817,0,1
dontcache,miss,1689,2560,12606,15166,47,1
dontcache,hit,1689,253,549,802,0,1
dontcache,miss,1690,2548,11081,13629,57,1
dontcache,hit,1690,264,631,895,0,1
dontcache,miss,1691,2568,10548,13116,54,1
dontcache,hit,1691,256,573,829,0,1
dontcache,miss,1692,2344,10578,12922,54,1
dontcache,hit,1692,258,577,835,0,1
dontcache,miss,1693,2575,10007,12582,51,1
dontcache,hit,1693,255,562,817,0,1
dontcache,miss,1694,2373,13949,16322,45,1
dontcache,hit,1694,253,580,833,0,1
dontcache,miss,1695,2770,11117,13887,57,1
dontcache,hit,1695,338,785,1123,0,1
dontcache,miss,1696,2439,10693,13132,55,1
dontcache,hit,1696,261,593,854,0,1
dontcache,miss,1697,2589,10647,13236,55,1
dontcache,hit,1697,260,596,856,0,1
dontcache,miss,1698,2361,12125,14486,63,1
dontcache,hit,1698,261,571,832,0,1
dontcache,miss,1699,2571,10521,13092,54,1
dontcache,hit,1699,258,584,842,0,1
dontcache,miss,1700,2355,10881,13236,56,1
dontcache,hit,1700,331,767,1098,0,1
dontcache,miss,1701,2625,10747,13372,55,1
dontcache,hit,1701,265,612,877,0,1
dontcache,miss,1702,2386,10629,13015,54,1
dontcache,hit,1702,256,558,814,0,1
dontcache,miss,1703,2625,11449,14074,59,1
dontcache,hit,1703,261,563,824,0,1
dontcache,miss,1704,2201,10861,13062,56,1
dontcache,hit,1704,257,568,825,0,1
dontcache,miss,1705,2565,10555,13120,54,1
dontcache,hit,1705,253,559,812,0,1
dontcache,miss,1706,2370,12021,14391,39,1
dontcache,hit,1706,261,637,898,0,1
dontcache,miss,1707,2568,10675,13243,55,1
dontcache,hit,1707,252,590,842,0,1
dontcache,miss,1708,2336,10590,12926,54,1
dontcache,hit,1708,259,580,839,0,1
dontcache,miss,1709,2407,10841,13248,56,1
dontcache,hit,1709,251,588,839,0,1
dontcache,miss,1710,2351,9905,12256,51,1
dontcache,hit,1710,253,548,801,0,1
dontcache,miss,1711,2544,12489,15033,42,1
dontcache,hit,1711,257,575,832,0,1
dontcache,miss,1712,2596,10875,13471,56,1
dontcache,hit,1712,263,621,884,0,1
dontcache,miss,1713,2536,10581,13117,54,1
dontcache,hit,1713,253,576,829,0,1
dontcache,miss,1714,2330,10670,13000,55,1
dontcache,hit,1714,310,752,1062,0,1
dontcache,miss,1715,2658,10720,13378,55,1
dontcache,hit,1715,264,587,851,0,1
dontcache,miss,1716,2353,10867,13220,56,1
dontcache,hit,1716,264,576,840,0,1
dontcache,miss,1717,2917,11319,14236,58,1
dontcache,hit,1717,328,834,1162,0,1
dontcache,miss,1718,2395,10892,13287,56,1
dontcache,hit,1718,265,583,848,0,1
dontcache,miss,1719,2555,10574,13129,54,1
dontcache,hit,1719,261,564,825,0,1
dontcache,miss,1720,2346,12617,14963,66,1
dontcache,hit,1720,261,567,828,0,1
dontcache,miss,1721,2560,10860,13420,56,1
dontcache,hit,1721,261,585,846,0,1
dontcache,miss,1722,2345,10803,13148,56,1
dontcache,hit,1722,322,817,1139,0,1
dontcache,miss,1723,2596,10408,13004,53,1
dontcache,hit,1723,272,614,886,0,1
dontcache,miss,1724,2366,10484,12850,54,1
dontcache,hit,1724,266,593,859,0,1
dontcache,miss,1725,2577,15385,17962,60,1
dontcache,hit,1725,266,575,841,0,1
dontcache,miss,1726,2389,10945,13334,56,1
dontcache,hit,1726,267,592,859,0,1
dontcache,miss,1727,2545,10751,13296,55,1
dontcache,hit,1727,262,562,824,0,1
dontcache,miss,1728,2332,15314,17646,49,1
dontcache,hit,1728,287,656,943,0,1
dontcache,miss,1729,2524,10716,13240,55,1
dontcache,hit,1729,252,574,826,0,1
dontcache,miss,1730,2413,10930,13343,56,1
dontcache,hit,1730,254,562,816,0,1
dontcache,miss,1731,2386,10949,13335,56,1
dontcache,hit,1731,251,560,811,0,1
dontcache,miss,1732,2351,9834,12185,50,1
dontcache,hit,1732,256,576,832,0,1
dontcache,miss,1733,2526,14523,17049,54,1
dontcache,hit,1733,254,579,833,0,1
dontcache,miss,1734,2614,10341,12955,53,1
dontcache,hit,1734,256,637,893,0,1
dontcache,miss,1735,2585,10939,13524,56,1
dontcache,hit,1735,262,580,842,0,1
dontcache,miss,1736,2393,10699,13092,55,1
dontcache,hit,1736,255,569,824,0,1
dontcache,miss,1737,2580,9999,12579,51,1
dontcache,hit,1737,250,560,810,0,1
dontcache,miss,1738,2358,10415,12773,53,1
dontcache,hit,1738,253,573,826,0,1
dontcache,miss,1739,2863,10816,13679,55,1
dontcache,hit,1739,325,814,1139,0,1
dontcache,miss,1740,2389,10577,12966,47,1
dontcache,hit,1740,255,1471,1726,0,1
dontcache,miss,1741,2536,10558,13094,54,1
dontcache,hit,1741,322,590,912,0,1
dontcache,miss,1742,2329,13055,15384,69,1
dontcache,hit,1742,263,589,852,0,1
dontcache,miss,1743,2555,10078,12633,51,1
dontcache,hit,1743,254,595,849,0,1
dontcache,miss,1744,2306,10659,12965,55,1
dontcache,hit,1744,346,802,1148,0,1
dontcache,miss,1745,2544,10746,13290,55,1
dontcache,hit,1745,262,590,852,0,1
dontcache,miss,1746,7229,11720,18949,60,1
dontcache,hit,1746,283,670,953,0,1
dontcache,miss,1747,2539,12282,14821,64,1
dontcache,hit,1747,259,597,856,0,1
dontcache,miss,1748,2227,10882,13109,56,1
dontcache,hit,1748,266,582,848,0,1
dontcache,miss,1749,2565,10095,12660,51,1
dontcache,hit,1749,261,578,839,0,1
dontcache,miss,1750,2378,12570,14948,40,1
dontcache,hit,1750,287,663,950,0,1
dontcache,miss,1751,2563,10769,13332,55,1
dontcache,hit,1751,256,583,839,0,1
dontcache,miss,1752,2331,10500,12831,54,1
dontcache,hit,1752,255,569,824,0,1
dontcache,miss,1753,2388,10084,12472,51,1
dontcache,hit,1753,256,573,829,0,1
dontcache,miss,1754,2361,9143,11504,46,1
dontcache,hit,1754,255,568,823,0,1
dontcache,miss,1755,2531,12367,14898,41,1
dontcache,hit,1755,255,567,822,0,1
dontcache,miss,1756,2445,11042,13487,57,1
dontcache,hit,1756,272,618,890,0,1
dontcache,miss,1757,6163,9163,15326,45,1
dontcache,hit,1757,259,564,823,0,1
dontcache,miss,1758,2514,12278,14792,64,1
dontcache,hit,1758,257,596,853,0,1
dontcache,miss,1759,2485,10183,12668,52,1
dontcache,hit,1759,258,556,814,0,1
dontcache,miss,1760,2330,9482,11812,48,1
dontcache,hit,1760,257,555,812,0,1
dontcache,miss,1761,2843,11149,13992,57,1
dontcache,hit,1761,369,805,1174,0,1
dontcache,miss,1762,2338,10531,12869,54,1
dontcache,hit,1762,263,586,849,0,1
dontcache,miss,1763,2577,10572,13149,54,1
dontcache,hit,1763,257,569,826,0,1
dontcache,miss,1764,2426,11567,13993,60,1
dontcache,hit,1764,262,566,828,0,1
dontcache,miss,1765,2547,10558,13105,54,1
dontcache,hit,1765,258,584,842,0,1
dontcache,miss,1766,2343,10722,13065,55,1
dontcache,hit,1766,337,806,1143,0,1
dontcache,miss,1767,2541,10556,13097,54,1
dontcache,hit,1767,270,618,888,0,1
dontcache,miss,1768,2350,10815,13165,55,1
dontcache,hit,1768,256,586,842,0,1
dontcache,miss,1769,2558,11965,14523,62,1
dontcache,hit,1769,273,566,839,0,1
dontcache,miss,1770,2186,10878,13064,56,1
dontcache,hit,1770,264,559,823,0,1
dontcache,miss,1771,2548,10515,13063,54,1
dontcache,hit,1771,263,564,827,0,1
dontcache,miss,1772,2384,14571,16955,45,1
dontcache,hit,1772,272,649,921,0,1
dontcache,miss,1773,2575,10546,13121,54,1
dontcache,hit,1773,250,595,845,0,1
dontcache,miss,1774,2369,10764,13133,55,1
dontcache,hit,1774,255,557,812,0,1
dontcache,miss,1775,2431,11059,13490,57,1
dontcache,hit,1775,251,557,808,0,1
dontcache,miss,1776,2383,10717,13100,55,1
dontcache,hit,1776,255,557,812,0,1
dontcache,miss,1777,2627,18803,21430,48,1
dontcache,hit,1777,253,552,805,0,1
dontcache,miss,1778,2762,11330,14092,58,1
dontcache,hit,1778,268,618,886,0,1
dontcache,miss,1779,2495,11227,13722,58,1
dontcache,hit,1779,259,578,837,0,1
dontcache,miss,1780,2346,10686,13032,55,1
dontcache,hit,1780,256,577,833,0,1
dontcache,miss,1781,2589,10173,12762,52,1
dontcache,hit,1781,251,575,826,0,1
dontcache,miss,1782,2352,11101,13453,57,1
dontcache,hit,1782,253,584,837,0,1
dontcache,miss,1783,2867,11040,13907,56,1
dontcache,hit,1783,345,802,1147,0,1
dontcache,miss,1784,2350,10716,13066,55,1
dontcache,hit,1784,280,604,884,0,1
dontcache,miss,1785,2586,10556,13142,54,1
dontcache,hit,1785,261,604,865,0,1
dontcache,miss,1786,2354,13602,15956,72,1
dontcache,hit,1786,261,568,829,0,1
dontcache,miss,1787,2517,10679,13196,55,1
dontcache,hit,1787,261,577,838,0,1
dontcache,miss,1788,2377,10747,13124,55,1
dontcache,hit,1788,395,934,1329,0,1
dontcache,miss,1789,2615,10420,13035,53,1
dontcache,hit,1789,269,609,878,0,1
dontcache,miss,1790,2348,10457,12805,54,1
dontcache,hit,1790,263,578,841,0,1
dontcache,miss,1791,2569,13308,15877,70,1
dontcache,hit,1791,252,572,824,0,1
dontcache,miss,1792,2277,9977,12254,51,1
dontcache,hit,1792,266,567,833,0,1
dontcache,miss,1793,2578,10672,13250,55,1
dontcache,hit,1793,253,578,831,0,1
dontcache,miss,1794,2347,12789,15136,42,1
dontcache,hit,1794,267,658,925,0,1
dontcache,miss,1795,2520,10734,13254,55,1
dontcache,hit,1795,254,567,821,0,1
dontcache,miss,1796,2405,10897,13302,56,1
dontcache,hit,1796,263,575,838,0,1
dontcache,miss,1797,2348,10207,12555,52,1
dontcache,hit,1797,252,558,810,0,1
dontcache,miss,1798,2376,9222,11598,46,1
dontcache,hit,1798,257,546,803,0,1
dontcache,miss,1799,2543,11751,14294,38,1
dontcache,hit,1799,253,543,796,0,1
dontcache,miss,1800,2478,10779,13257,55,1
dontcache,hit,1800,263,615,878,0,1
dontcache,miss,1801,2513,10734,13247,55,1
dontcache,hit,1801,254,568,822,0,1
dontcache,miss,1802,2347,10584,12931,54,1
dontcache,hit,1802,255,684,939,0,1
dontcache,miss,1803,2532,12728,15260,66,1
dontcache,hit,1803,255,664,919,0,1
dontcache,miss,1804,2377,9455,11832,48,1
dontcache,hit,1804,257,553,810,0,1
dontcache,miss,1805,2871,14989,17860,79,1
dontcache,hit,1805,350,803,1153,0,1
dontcache,miss,1806,2724,13865,16589,73,1
dontcache,hit,1806,269,642,911,0,1
dontcache,miss,1807,2635,12857,15492,68,1
dontcache,hit,1807,258,623,881,0,1
dontcache,miss,1808,2380,14671,17051,78,1
dontcache,hit,1808,323,778,1101,0,1
dontcache,miss,1809,2940,13920,16860,73,1
dontcache,hit,1809,271,653,924,0,1
dontcache,miss,1810,2837,14128,16965,74,1
dontcache,hit,1810,365,828,1193,0,1
dontcache,miss,1811,2712,14130,16842,75,1
dontcache,hit,1811,264,636,900,0,1
dontcache,miss,1812,2460,12657,15117,66,1
dontcache,hit,1812,278,581,859,0,1
dontcache,miss,1813,2583,15097,17680,80,1
dontcache,hit,1813,253,568,821,0,1
dontcache,miss,1814,2358,15763,18121,84,1
dontcache,hit,1814,263,567,830,0,1
dontcache,miss,1815,2541,13256,15797,70,1
dontcache,hit,1815,256,641,897,0,1
dontcache,miss,1816,2379,16441,18820,56,1
dontcache,hit,1816,267,720,987,0,1
dontcache,miss,1817,2576,13400,15976,70,1
dontcache,hit,1817,254,613,867,0,1
dontcache,miss,1818,2366,13987,16353,45,1
dontcache,hit,1818,258,578,836,0,1
dontcache,miss,1819,2581,13548,16129,71,1
dontcache,hit,1819,249,564,813,0,1
dontcache,miss,1820,2423,12595,15018,66,1
dontcache,hit,1820,262,556,818,0,1
dontcache,miss,1821,2479,17610,20089,62,1
dontcache,hit,1821,258,584,842,0,1
dontcache,miss,1822,2515,13538,16053,71,1
dontcache,hit,1822,266,617,883,0,1
dontcache,miss,1823,2608,13581,16189,71,1
dontcache,hit,1823,253,568,821,0,1
dontcache,miss,1824,2383,13344,15727,70,1
dontcache,hit,1824,263,550,813,0,1
dontcache,miss,1825,2685,11635,14320,60,1
dontcache,hit,1825,251,565,816,0,1
dontcache,miss,1826,2396,12605,15001,66,1
dontcache,hit,1826,253,565,818,0,1
dontcache,miss,1827,2840,13628,16468,71,1
dontcache,hit,1827,328,826,1154,0,1
dontcache,miss,1828,2329,12745,15074,67,1
dontcache,hit,1828,255,593,848,0,1
dontcache,miss,1829,2702,13036,15738,68,1
dontcache,hit,1829,371,559,930,0,1
dontcache,miss,1830,2460,16874,19334,91,1
dontcache,hit,1830,271,556,827,0,1
dontcache,miss,1831,2531,13364,15895,70,1
dontcache,hit,1831,254,565,819,0,1
dontcache,miss,1832,2409,12830,15239,67,1
dontcache,hit,1832,338,797,1135,0,1
dontcache,miss,1833,2550,13192,15742,69,1
dontcache,hit,1833,255,600,855,0,1
dontcache,miss,1834,2417,15530,17947,83,1
dontcache,hit,1834,273,570,843,0,1
dontcache,miss,1835,2524,17073,19597,71,1
dontcache,hit,1835,258,559,817,0,1
dontcache,miss,1836,2392,13009,15401,68,1
dontcache,hit,1836,260,591,851,0,1
dontcache,miss,1837,2551,13278,15829,70,1
dontcache,hit,1837,260,588,848,0,1
dontcache,miss,1838,2480,17278,19758,61,1
dontcache,hit,1838,273,669,942,0,1
dontcache,miss,1839,2623,12789,15412,67,1
dontcache,hit,1839,258,963,1221,0,1
dontcache,miss,1840,2350,15759,18109,84,1
dontcache,hit,1840,256,569,825,0,1
dontcache,miss,1841,2517,12521,15038,65,1
dontcache,hit,1841,249,625,874,0,1
dontcache,miss,1842,2427,11886,14313,62,1
dontcache,hit,1842,257,587,844,0,1
dontcache,miss,1843,2507,17565,20072,67,1
dontcache,hit,1843,255,607,862,0,1
dontcache,miss,1844,2581,14267,16848,77,1
dontcache,hit,1844,272,636,908,0,1
dontcache,miss,1845,2640,14133,16773,76,1
dontcache,hit,1845,263,649,912,0,1
dontcache,miss,1846,2369,11321,13690,60,1
dontcache,hit,1846,256,572,828,0,1
dontcache,miss,1847,2532,11704,14236,62,1
dontcache,hit,1847,254,561,815,0,1
dontcache,miss,1848,2299,13302,15601,72,1
dontcache,hit,1848,262,564,826,0,1
dontcache,miss,1849,2730,12082,14812,64,1
dontcache,hit,1849,344,813,1157,0,1
dontcache,miss,1850,2510,13758,16268,74,1
dontcache,hit,1850,262,590,852,0,1
dontcache,miss,1851,2527,13927,16454,75,1
dontcache,hit,1851,266,557,823,0,1
dontcache,miss,1852,2332,13633,15965,74,1
dontcache,hit,1852,258,540,798,0,1
dontcache,miss,1853,2485,13441,15926,72,1
dontcache,hit,1853,253,539,792,0,1
dontcache,miss,1854,2456,13363,15819,72,1
dontcache,hit,1854,313,786,1099,0,1
dontcache,miss,1855,2544,11778,14322,62,1
dontcache,hit,1855,269,599,868,0,1
dontcache,miss,1856,2472,13500,15972,73,1
dontcache,hit,1856,291,574,865,0,1
dontcache,miss,1857,2583,14070,16653,76,1
dontcache,hit,1857,254,561,815,0,1
dontcache,miss,1858,2484,13645,16129,74,1
dontcache,hit,1858,255,555,810,0,1
dontcache,miss,1859,2594,11231,13825,59,1
dontcache,hit,1859,258,568,826,0,1
dontcache,miss,1860,2502,15543,18045,60,1
dontcache,hit,1860,262,651,913,0,1
dontcache,miss,1861,2568,12021,14589,64,1
dontcache,hit,1861,259,598,857,0,1
dontcache,miss,1862,2426,13912,16338,75,1
dontcache,hit,1862,255,609,864,0,1
dontcache,miss,1863,2888,14118,17006,76,1
dontcache,hit,1863,297,695,992,0,1
dontcache,miss,1864,2462,13620,16082,74,1
dontcache,hit,1864,257,591,848,0,1
dontcache,miss,1865,2524,18442,20966,71,1
dontcache,hit,1865,252,581,833,0,1
dontcache,miss,1866,2585,14583,17168,79,1
dontcache,hit,1866,255,633,888,0,1
dontcache,miss,1867,2547,14722,17269,80,1
dontcache,hit,1867,258,581,839,0,1
dontcache,miss,1868,2420,11659,14079,62,1
dontcache,hit,1868,262,571,833,0,1
dontcache,miss,1869,2492,11890,14382,63,1
dontcache,hit,1869,251,569,820,0,1
dontcache,miss,1870,2387,14053,16440,76,1
dontcache,hit,1870,253,558,811,0,1
dontcache,miss,1871,2888,14610,17498,79,1
dontcache,hit,1871,357,806,1163,0,1
dontcache,miss,1872,2448,13205,15653,71,1
dontcache,hit,1872,265,4140,4405,0,1
dontcache,miss,1873,2550,12215,14765,65,1
dontcache,hit,1873,285,589,874,0,1
dontcache,miss,1874,2449,15932,18381,87,1
dontcache,hit,1874,263,559,822,0,1
dontcache,miss,1875,2603,14159,16762,76,1
dontcache,hit,1875,258,560,818,0,1
dontcache,miss,1876,2487,14217,16704,77,1
dontcache,hit,1876,348,811,1159,0,1
dontcache,miss,1877,2597,12025,14622,64,1
dontcache,hit,1877,268,615,883,0,1
dontcache,miss,1878,2439,13723,16162,74,1
dontcache,hit,1878,263,580,843,0,1
dontcache,miss,1879,2546,16396,18942,90,1
dontcache,hit,1879,256,554,810,0,1
dontcache,miss,1880,2432,11537,13969,61,1
dontcache,hit,1880,263,556,819,0,1
dontcache,miss,1881,2596,11182,13778,59,1
dontcache,hit,1881,252,549,801,0,1
dontcache,miss,1882,2338,16561,18899,58,1
dontcache,hit,1882,274,686,960,0,1
dontcache,miss,1883,2516,12047,14563,64,1
dontcache,hit,1883,259,582,841,0,1
dontcache,miss,1884,2539,16069,18608,88,1
dontcache,hit,1884,265,553,818,0,1
dontcache,miss,1885,2556,12039,14595,64,1
dontcache,hit,1885,252,567,819,0,1
dontcache,miss,1886,2439,13243,15682,71,1
dontcache,hit,1886,258,539,797,0,1
dontcache,miss,1887,2566,16861,19427,59,1
dontcache,hit,1887,255,559,814,0,1
dontcache,miss,1888,2544,14153,16697,76,1
dontcache,hit,1888,263,696,959,0,1
dontcache,miss,1889,2492,12196,14688,65,1
dontcache,hit,1889,257,580,837,0,1
dontcache,miss,1890,2354,13812,16166,74,1
dontcache,hit,1890,338,634,972,0,1
dontcache,miss,1891,2531,11370,13901,60,1
dontcache,hit,1891,257,592,849,0,1
dontcache,miss,1892,2322,13401,15723,72,1
dontcache,hit,1892,257,570,827,0,1
dontcache,miss,1893,2893,14232,17125,76,1
dontcache,hit,1893,341,817,1158,0,1
dontcache,miss,1894,2449,14033,16482,76,1
dontcache,hit,1894,262,590,852,0,1
dontcache,miss,1895,2510,14198,16708,77,1
dontcache,hit,1895,262,578,840,0,1
dontcache,miss,1896,2412,15557,17969,85,1
dontcache,hit,1896,263,553,816,0,1
dontcache,miss,1897,2536,14120,16656,76,1
dontcache,hit,1897,258,593,851,0,1
dontcache,miss,1898,2414,14179,16593,77,1
dontcache,hit,1898,339,812,1151,0,1
dontcache,miss,1899,2585,12240,14825,65,1
dontcache,hit,1899,271,632,903,0,1
dontcache,miss,1900,2409,18217,20626,73,1
dontcache,hit,1900,259,601,860,0,1
dontcache,miss,1901,2577,14014,16591,76,1
dontcache,hit,1901,260,589,849,0,1
dontcache,miss,1902,2492,13517,16009,73,1
dontcache,hit,1902,266,542,808,0,1
dontcache,miss,1903,2533,14064,16597,76,1
dontcache,hit,1903,258,568,826,0,1
dontcache,miss,1904,2319,14680,16999,54,1
dontcache,hit,1904,275,639,914,0,1
dontcache,miss,1905,2539,13114,15653,70,1
dontcache,hit,1905,258,581,839,0,1
dontcache,miss,1906,2436,15865,18301,87,1
dontcache,hit,1906,260,547,807,0,1
dontcache,miss,1907,2549,12209,14758,65,1
dontcache,hit,1907,249,559,808,0,1
dontcache,miss,1908,2414,11121,13535,59,1
dontcache,hit,1908,258,550,808,0,1
dontcache,miss,1909,2537,15485,18022,60,1
dontcache,hit,1909,260,569,829,0,1
dontcache,miss,1910,2467,12222,14689,65,1
dontcache,hit,1910,262,606,868,0,1
dontcache,miss,1911,2467,14382,16849,78,1
dontcache,hit,1911,253,567,820,0,1
dontcache,miss,1912,2402,11692,14094,62,1
dontcache,hit,1912,257,556,813,0,1
dontcache,miss,1913,2521,11700,14221,62,1
dontcache,hit,1913,258,556,814,0,1
dontcache,miss,1914,2469,11549,14018,61,1
dontcache,hit,1914,255,548,803,0,1
dontcache,miss,1915,2764,12388,15152,66,1
dontcache,hit,1915,339,802,1141,0,1
dontcache,miss,1916,2459,15764,18223,86,1
dontcache,hit,1916,266,583,849,0,1
dontcache,miss,1917,2495,12289,14784,66,1
dontcache,hit,1917,263,570,833,0,1
dontcache,miss,1918,2449,14252,16701,43,1
dontcache,hit,1918,258,648,906,0,1
dontcache,miss,1919,2544,14134,16678,76,1
dontcache,hit,1919,262,590,852,0,1
dontcache,miss,1920,2443,13923,16366,75,1
dontcache,hit,1920,359,818,1177,0,1
dontcache,miss,1921,2590,14094,16684,76,1
dontcache,hit,1921,263,619,882,0,1
dontcache,miss,1922,2426,15728,18154,86,1
dontcache,hit,1922,262,591,853,0,1
dontcache,miss,1923,2576,11138,13714,59,1
dontcache,hit,1923,259,563,822,0,1
dontcache,miss,1924,2344,10664,13008,56,1
dontcache,hit,1924,263,569,832,0,1
dontcache,miss,1925,2567,12034,14601,64,1
dontcache,hit,1925,261,574,835,0,1
dontcache,miss,1926,2404,16419,18823,57,1
dontcache,hit,1926,267,653,920,0,1
dontcache,miss,1927,2525,13909,16434,75,1
dontcache,hit,1927,254,583,837,0,1
dontcache,miss,1928,2435,15514,17949,56,1
dontcache,hit,1928,258,609,867,0,1
dontcache,miss,1929,2520,13823,16343,74,1
dontcache,hit,1929,255,575,830,0,1
dontcache,miss,1930,2342,10799,13141,57,1
dontcache,hit,1930,256,550,806,0,1
dontcache,miss,1931,2593,17294,19887,67,1
dontcache,hit,1931,254,571,825,0,1
dontcache,miss,1932,2696,13689,16385,74,1
dontcache,hit,1932,266,669,935,0,1
dontcache,miss,1933,2520,13568,16088,73,1
dontcache,hit,1933,260,636,896,0,1
dontcache,miss,1934,2406,12851,15257,69,1
dontcache,hit,1934,258,571,829,0,1
dontcache,miss,1935,2554,11510,14064,60,1
dontcache,hit,1935,262,636,898,0,1
dontcache,miss,1936,2414,13912,16326,75,1
dontcache,hit,1936,261,564,825,0,1
dontcache,miss,1937,2818,13614,16432,73,1
dontcache,hit,1937,365,811,1176,0,1
dontcache,miss,1938,2438,12145,14583,65,1
dontcache,hit,1938,261,727,988,0,1
dontcache,miss,1939,2534,14081,16615,76,1
dontcache,hit,1939,257,570,827,0,1
dontcache,miss,1940,2386,13725,16111,74,1
dontcache,hit,1940,263,588,851,0,1
dontcache,miss,1941,2542,10844,13386,57,1
dontcache,hit,1941,254,573,827,0,1
dontcache,miss,1942,2588,10124,12712,53,1
dontcache,hit,1942,332,812,1144,0,1
dontcache,miss,1943,2551,12237,14788,65,1
dontcache,hit,1943,266,655,921,0,1
dontcache,miss,1944,2356,13504,15860,73,1
dontcache,hit,1944,257,564,821,0,1
dontcache,miss,1945,2632,17833,20465,76,1
dontcache,hit,1945,254,1808,2062,0,1
dontcache,miss,1946,2317,13908,16225,75,1
dontcache,hit,1946,264,590,854,0,1
dontcache,miss,1947,2610,14231,16841,77,1
dontcache,hit,1947,262,581,843,0,1
dontcache,miss,1948,2459,19658,22117,74,1
dontcache,hit,1948,270,639,909,0,1
dontcache,miss,1949,2564,12229,14793,65,1
dontcache,hit,1949,257,559,816,0,1
dontcache,miss,1950,2423,13563,15986,73,1
dontcache,hit,1950,256,580,836,0,1
dontcache,miss,1951,2572,11905,14477,63,1
dontcache,hit,1951,253,571,824,0,1
dontcache,miss,1952,2448,13226,15674,71,1
dontcache,hit,1952,263,569,832,0,1
dontcache,miss,1953,2497,17564,20061,73,1
dontcache,hit,1953,252,581,833,0,1
dontcache,miss,1954,2481,12406,14887,67,1
dontcache,hit,1954,270,635,905,0,1
dontcache,miss,1955,2550,14208,16758,49,1
dontcache,hit,1955,253,574,827,0,1
dontcache,miss,1956,2453,11802,14255,63,1
dontcache,hit,1956,253,617,870,0,1
dontcache,miss,1957,2477,11710,14187,62,1
dontcache,hit,1957,253,565,818,0,1
dontcache,miss,1958,2315,13548,15863,73,1
dontcache,hit,1958,256,561,817,0,1
dontcache,miss,1959,2826,12215,15041,65,1
dontcache,hit,1959,324,795,1119,0,1
dontcache,miss,1960,2485,13595,16080,73,1
dontcache,hit,1960,259,592,851,0,1
dontcache,miss,1961,2594,12218,14812,65,1
dontcache,hit,1961,260,561,821,0,1
dontcache,miss,1962,2503,15621,18124,85,1
dontcache,hit,1962,256,551,807,0,1
dontcache,miss,1963,2530,14226,16756,77,1
dontcache,hit,1963,254,559,813,0,1
dontcache,miss,1964,2481,11684,14165,62,1
dontcache,hit,1964,332,790,1122,0,1
dontcache,miss,1965,2587,12383,14970,66,1
dontcache,hit,1965,263,613,876,0,1
dontcache,miss,1966,2445,13544,15989,73,1
dontcache,hit,1966,257,574,831,0,1
dontcache,miss,1967,2565,14037,16602,76,1
dontcache,hit,1967,252,571,823,0,1
dontcache,miss,1968,2477,13622,16099,73,1
dontcache,hit,1968,261,560,821,0,1
dontcache,miss,1969,2567,11224,13791,59,1
dontcache,hit,1969,250,552,802,0,1
dontcache,miss,1970,2459,15470,17929,60,1
dontcache,hit,1970,262,627,889,0,1
dontcache,miss,1971,2571,13665,16236,73,1
dontcache,hit,1971,250,573,823,0,1
dontcache,miss,1972,2449,15871,18320,87,1
dontcache,hit,1972,254,555,809,0,1
dontcache,miss,1973,2549,15560,18109,63,1
dontcache,hit,1973,251,566,817,0,1
dontcache,miss,1974,2701,13076,15777,70,1
dontcache,hit,1974,261,629,890,0,1
dontcache,miss,1975,2526,18257,20783,66,1
dontcache,hit,1975,254,571,825,0,1
dontcache,miss,1976,2571,14664,17235,79,1
dontcache,hit,1976,258,620,878,0,1
dontcache,miss,1977,2584,14452,17036,78,1
dontcache,hit,1977,253,578,831,0,1
dontcache,miss,1978,2349,13569,15918,73,1
dontcache,hit,1978,262,556,818,0,1
dontcache,miss,1979,2513,11962,14475,63,1
dontcache,hit,1979,252,560,812,0,1
dontcache,miss,1980,2379,13560,15939,73,1
dontcache,hit,1980,258,564,822,0,1
dontcache,miss,1981,2842,16281,19123,89,1
dontcache,hit,1981,354,814,1168,0,1
dontcache,miss,1982,2577,11726,14303,62,1
dontcache,hit,1982,260,582,842,0,1
dontcache,miss,1983,7178,12169,19347,64,1
dontcache,hit,1983,255,581,836,0,1
dontcache,miss,1984,2374,13496,15870,73,1
dontcache,hit,1984,254,619,873,0,1
dontcache,miss,1985,2492,13891,16383,75,1
dontcache,hit,1985,268,572,840,0,1
dontcache,miss,1986,2417,15408,17825,84,1
dontcache,hit,1986,340,796,1136,0,1
dontcache,miss,1987,2582,12236,14818,65,1
dontcache,hit,1987,267,634,901,0,1
dontcache,miss,1988,2383,13709,16092,74,1
dontcache,hit,1988,262,570,832,0,1
dontcache,miss,1989,2496,14088,16584,76,1
dontcache,hit,1989,259,571,830,0,1
dontcache,miss,1990,2328,11674,14002,62,1
dontcache,hit,1990,265,560,825,0,1
dontcache,miss,1991,2536,12238,14774,65,1
dontcache,hit,1991,257,571,828,0,1
dontcache,miss,1992,2397,18766,21163,71,1
dontcache,hit,1992,271,642,913,0,1
dontcache,miss,1993,2533,12041,14574,64,1
dontcache,hit,1993,255,565,820,0,1
dontcache,miss,1994,2374,13770,16144,74,1
dontcache,hit,1994,258,549,807,0,1
dontcache,miss,1995,2551,11909,14460,63,1
dontcache,hit,1995,261,550,811,0,1
dontcache,miss,1996,2379,11182,13561,59,1
dontcache,hit,1996,257,555,812,0,1
dontcache,miss,1997,2519,17437,19956,63,1
dontcache,hit,1997,253,575,828,0,1
dontcache,miss,1998,2577,14162,16739,76,1
dontcache,hit,1998,266,595,861,0,1
dontcache,miss,1999,2527,14283,16810,77,1
dontcache,hit,1999,254,588,842,0,1
dontcache,miss,2000,2386,11121,13507,59,1
dontcache,hit,2000,255,561,816,0,1
dontcache,miss,2001,2678,12805,15483,68,1
dontcache,hit,2001,311,628,939,0,1
dontcache,miss,2002,2316,13486,15802,73,1
dontcache,hit,2002,263,596,859,0,1
dontcache,miss,2003,2846,14105,16951,76,1
dontcache,hit,2003,334,813,1147,0,1
dontcache,miss,2004,2478,13980,16458,75,1
dontcache,hit,2004,263,588,851,0,1
dontcache,miss,2005,2551,14055,16606,76,1
dontcache,hit,2005,262,593,855,0,1
dontcache,miss,2006,2428,16271,18699,89,1
dontcache,hit,2006,264,573,837,0,1
dontcache,miss,2007,2573,13714,16287,74,1
dontcache,hit,2007,259,589,848,0,1
dontcache,miss,2008,2334,13664,15998,74,1
dontcache,hit,2008,326,804,1130,0,1
dontcache,miss,2009,2591,11789,14380,62,1
dontcache,hit,2009,270,606,876,0,1
dontcache,miss,2010,2440,13536,15976,73,1
dontcache,hit,2010,263,584,847,0,1
dontcache,miss,2011,2663,14089,16752,76,1
dontcache,hit,2011,274,647,921,0,1
dontcache,miss,2012,2398,13443,15841,72,1
dontcache,hit,2012,263,565,828,0,1
dontcache,miss,2013,2559,12347,14906,66,1
dontcache,hit,2013,262,573,835,0,1
dontcache,miss,2014,2423,16734,19157,66,1
dontcache,hit,2014,270,647,917,0,1
dontcache,miss,2015,2506,11733,14239,62,1
dontcache,hit,2015,261,564,825,0,1
dontcache,miss,2016,2441,16098,18539,88,1
dontcache,hit,2016,258,557,815,0,1
dontcache,miss,2017,2592,12144,14736,65,1
dontcache,hit,2017,254,546,800,0,1
dontcache,miss,2018,2460,11166,13626,59,1
dontcache,hit,2018,253,553,806,0,1
dontcache,miss,2019,2491,15407,17898,60,1
dontcache,hit,2019,252,564,816,0,1
dontcache,miss,2020,2512,14610,17122,79,1
dontcache,hit,2020,258,604,862,0,1
dontcache,miss,2021,2589,13885,16474,75,1
dontcache,hit,2021,259,639,898,0,1
dontcache,miss,2022,2332,11892,14224,63,1
dontcache,hit,2022,258,556,814,0,1
dontcache,miss,2023,2514,11737,14251,62,1
dontcache,hit,2023,250,562,812,0,1
dontcache,miss,2024,2320,11177,13497,59,1
dontcache,hit,2024,255,561,816,0,1
dontcache,miss,2025,2729,13409,16138,72,1
dontcache,hit,2025,332,790,1122,0,1
dontcache,miss,2026,2447,13623,16070,73,1
dontcache,hit,2026,258,642,900,0,1
dontcache,miss,2027,2566,10214,12780,53,1
dontcache,hit,2027,259,583,842,0,1
dontcache,miss,2028,2391,10446,12837,55,1
dontcache,hit,2028,262,635,897,0,1
dontcache,miss,2029,2916,15842,18758,85,1
dontcache,hit,2029,464,959,1423,0,1
dontcache,miss,2030,2451,16621,19072,91,1
dontcache,hit,2030,324,851,1175,0,1
dontcache,miss,2031,2638,12266,14904,64,1
dontcache,hit,2031,270,722,992,0,1
dontcache,miss,2032,2417,14327,16744,77,1
dontcache,hit,2032,260,582,842,0,1
dontcache,miss,2033,2613,11027,13640,58,1
dontcache,hit,2033,255,587,842,0,1
dontcache,miss,2034,2349,9428,11777,49,1
dontcache,hit,2034,267,567,834,0,1
dontcache,miss,2035,2545,10892,13437,57,1
dontcache,hit,2035,260,564,824,0,1
dontcache,miss,2036,2352,15011,17363,49,1
dontcache,hit,2036,264,650,914,0,1
dontcache,miss,2037,2562,10761,13323,56,1
dontcache,hit,2037,251,580,831,0,1
dontcache,miss,2038,2380,10650,13030,56,1
dontcache,hit,2038,255,564,819,0,1
dontcache,miss,2039,2534,13248,15782,44,1
dontcache,hit,2039,251,576,827,0,1
dontcache,miss,2040,2501,10475,12976,55,1
dontcache,hit,2040,259,601,860,0,1
dontcache,miss,2041,2507,15269,17776,50,1
dontcache,hit,2041,253,547,800,0,1
dontcache,miss,2042,2580,20291,22871,112,1
dontcache,hit,2042,268,608,876,0,1
dontcache,miss,2043,2537,10633,13170,56,1
dontcache,hit,2043,257,576,833,0,1
dontcache,miss,2044,2301,10646,12947,56,1
dontcache,hit,2044,256,544,800,0,1
dontcache,miss,2045,2525,10503,13028,55,1
dontcache,hit,2045,270,542,812,0,1
dontcache,miss,2046,2340,10665,13005,56,1
dontcache,hit,2046,261,554,815,0,1
dontcache,miss,2047,2908,10925,13833,53,1
dontcache,hit,2047,340,2194,2534,0,1
dontcache,miss,2048,2284,10639,12923,56,1
dontcache,hit,2048,261,591,852,0,1
dontcache,miss,2049,2562,10535,13097,55,1
dontcache,hit,2049,255,584,839,0,1
dontcache,miss,2050,2325,10627,12952,56,1
dontcache,hit,2050,261,556,817,0,1
dontcache,miss,2051,2497,10536,13033,55,1
dontcache,hit,2051,256,570,826,0,1
dontcache,miss,2052,2327,10847,13174,57,1
dontcache,hit,2052,333,827,1160,0,1
dontcache,miss,2053,2652,10547,13199,55,1
dontcache,hit,2053,268,610,878,0,1
dontcache,miss,2054,2331,10656,12987,56,1
dontcache,hit,2054,267,558,825,0,1
dontcache,miss,2055,2539,10649,13188,56,1
dontcache,hit,2055,259,559,818,0,1
dontcache,miss,2056,2303,10826,13129,57,1
dontcache,hit,2056,261,558,819,0,1
dontcache,miss,2057,2559,10753,13312,56,1
dontcache,hit,2057,266,575,841,0,1
dontcache,miss,2058,2353,14853,17206,48,1
dontcache,hit,2058,264,654,918,0,1
dontcache,miss,2059,4885,13833,18718,74,1
dontcache,hit,2059,267,582,849,0,1
dontcache,miss,2060,2466,11336,13802,60,1
dontcache,hit,2060,258,577,835,0,1
dontcache,miss,2061,2571,9986,12557,52,1
dontcache,hit,2061,260,573,833,0,1
dontcache,miss,2062,2375,10635,13010,56,1
dontcache,hit,2062,257,557,814,0,1
dontcache,miss,2063,2586,14689,17275,49,1
dontcache,hit,2063,255,563,818,0,1
dontcache,miss,2064,2565,10840,13405,57,1
dontcache,hit,2064,272,623,895,0,1
dontcache,miss,2065,2537,11286,13823,59,1
dontcache,hit,2065,253,574,827,0,1
dontcache,miss,2066,2295,10603,12898,56,1
dontcache,hit,2066,261,569,830,0,1
dontcache,miss,2067,2558,10769,13327,56,1
dontcache,hit,2067,258,563,821,0,1
dontcache,miss,2068,2341,10784,13125,57,1
dontcache,hit,2068,260,564,824,0,1
dontcache,miss,2069,2781,10869,13650,57,1
dontcache,hit,2069,322,794,1116,0,1
dontcache,miss,2070,2407,10457,12864,55,1
dontcache,hit,2070,260,583,843,0,1
dontcache,miss,2071,2633,10544,13177,55,1
dontcache,hit,2071,272,669,941,0,1
dontcache,miss,2072,2328,10976,13304,58,1
dontcache,hit,2072,258,572,830,0,1
dontcache,miss,2073,2594,10738,13332,56,1
dontcache,hit,2073,254,577,831,0,1
dontcache,miss,2074,2339,10626,12965,56,1
dontcache,hit,2074,326,819,1145,0,1
dontcache,miss,2075,2601,10656,13257,56,1
dontcache,hit,2075,276,607,883,0,1
dontcache,miss,2076,2369,10507,12876,55,1
dontcache,hit,2076,262,560,822,0,1
dontcache,miss,2077,2576,9480,12056,49,1
dontcache,hit,2077,258,555,813,0,1
dontcache,miss,2078,2395,9338,11733,48,1
dontcache,hit,2078,262,561,823,0,1
dontcache,miss,2079,2574,10636,13210,56,1
dontcache,hit,2079,258,555,813,0,1
dontcache,miss,2080,2390,12749,15139,43,1
dontcache,hit,2080,269,655,924,0,1
dontcache,miss,2081,2560,10691,13251,56,1
dontcache,hit,2081,253,567,820,0,1
dontcache,miss,2082,2343,11032,13375,58,1
dontcache,hit,2082,256,547,803,0,1
dontcache,miss,2083,2545,10467,13012,55,1
dontcache,hit,2083,254,541,795,0,1
dontcache,miss,2084,2340,10648,12988,56,1
dontcache,hit,2084,257,533,790,0,1
dontcache,miss,2085,2540,12375,14915,42,1
dontcache,hit,2085,251,544,795,0,1
dontcache,miss,2086,2437,11036,13473,58,1
dontcache,hit,2086,269,627,896,0,1
dontcache,miss,2087,2536,11067,13603,58,1
dontcache,hit,2087,254,577,831,0,1
dontcache,miss,2088,2347,10644,12991,56,1
dontcache,hit,2088,252,548,800,0,1
dontcache,miss,2089,2496,10515,13011,55,1
dontcache,hit,2089,257,566,823,0,1
dontcache,miss,2090,2298,10641,12939,56,1
dontcache,hit,2090,256,555,811,0,1
dontcache,miss,2091,2760,11093,13853,31,1
dontcache,hit,2091,335,806,1141,0,1
dontcache,miss,2092,2564,11055,13619,58,1
dontcache,hit,2092,273,633,906,0,1
dontcache,miss,2093,2525,10735,13260,56,1
dontcache,hit,2093,271,586,857,0,1
dontcache,miss,2094,2337,10405,12742,55,1
dontcache,hit,2094,263,567,830,0,1
dontcache,miss,2095,2579,11070,13649,58,1
dontcache,hit,2095,266,569,835,0,1
dontcache,miss,2096,2319,10773,13092,57,1
dontcache,hit,2096,330,858,1188,0,1
dontcache,miss,2097,2528,10491,13019,55,1
dontcache,hit,2097,271,615,886,0,1
dontcache,miss,2098,2341,10640,12981,56,1
dontcache,hit,2098,255,567,822,0,1
dontcache,miss,2099,2569,10842,13411,57,1
dontcache,hit,2099,260,576,836,0,1
dontcache,miss,2100,2353,11017,13370,58,1
dontcache,hit,2100,266,572,838,0,1
dontcache,miss,2101,2524,10827,13351,57,1
dontcache,hit,2101,275,563,838,0,1
dontcache,miss,2102,2305,14832,17137,49,1
dontcache,hit,2102,258,658,916,0,1
dontcache,miss,2103,2800,10522,13322,55,1
dontcache,hit,2103,282,711,993,0,1
dontcache,miss,2104,2292,10776,13068,57,1
dontcache,hit,2104,254,572,826,0,1
dontcache,miss,2105,2523,10484,13007,55,1
dontcache,hit,2105,258,581,839,0,1
dontcache,miss,2106,2324,10640,12964,56,1
dontcache,hit,2106,252,552,804,0,1
dontcache,miss,2107,2555,15963,18518,51,1
dontcache,hit,2107,266,568,834,0,1
dontcache,miss,2108,2569,10585,13154,56,1
dontcache,hit,2108,270,622,892,0,1
dontcache,miss,2109,2581,10748,13329,56,1
dontcache,hit,2109,256,584,840,0,1
dontcache,miss,2110,2332,10816,13148,57,1
dontcache,hit,2110,251,560,811,0,1
dontcache,miss,2111,2556,10550,13106,55,1
dontcache,hit,2111,254,544,798,0,1
dontcache,miss,2112,2378,10457,12835,55,1
dontcache,hit,2112,256,552,808,0,1
dontcache,miss,2113,2841,10721,13562,56,1
dontcache,hit,2113,342,827,1169,0,1
dontcache,miss,2114,2314,10672,12986,56,1
dontcache,hit,2114,259,591,850,0,1
dontcache,miss,2115,2546,10677,13223,56,1
dontcache,hit,2115,269,574,843,0,1
dontcache,miss,2116,2349,10798,13147,57,1
dontcache,hit,2116,261,546,807,0,1
dontcache,miss,2117,2511,10543,13054,55,1
dontcache,hit,2117,258,553,811,0,1
dontcache,miss,2118,2341,10628,12969,56,1
dontcache,hit,2118,338,833,1171,0,1
dontcache,miss,2119,2584,10731,13315,56,1
dontcache,hit,2119,262,609,871,0,1
dontcache,miss,2120,2326,10583,12909,55,1
dontcache,hit,2120,264,563,827,0,1
dontcache,miss,2121,2585,10668,13253,56,1
dontcache,hit,2121,259,565,824,0,1
dontcache,miss,2122,2316,10889,13205,57,1
dontcache,hit,2122,256,560,816,0,1
dontcache,miss,2123,2754,11515,14269,60,1
dontcache,hit,2123,251,560,811,0,1
dontcache,miss,2124,2330,14777,17107,50,1
dontcache,hit,2124,263,692,955,0,1
dontcache,miss,2125,2573,10773,13346,56,1
dontcache,hit,2125,256,570,826,0,1
dontcache,miss,2126,2340,10782,13122,57,1
dontcache,hit,2126,254,570,824,0,1
dontcache,miss,2127,2570,10857,13427,57,1
dontcache,hit,2127,256,563,819,0,1
dontcache,miss,2128,2340,10786,13126,57,1
dontcache,hit,2128,253,564,817,0,1
dontcache,miss,2129,2457,12532,14989,42,1
dontcache,hit,2129,254,563,817,0,1
dontcache,miss,2130,2510,10845,13355,57,1
dontcache,hit,2130,278,629,907,0,1
dontcache,miss,2131,2592,11171,13763,59,1
dontcache,hit,2131,253,568,821,0,1
dontcache,miss,2132,2397,10906,13303,58,1
dontcache,hit,2132,258,571,829,0,1
dontcache,miss,2133,2525,10681,13206,56,1
dontcache,hit,2133,248,560,808,0,1
dontcache,miss,2134,2316,10786,13102,57,1
dontcache,hit,2134,276,648,924,0,1
dontcache,miss,2135,2838,11131,13969,58,1
dontcache,hit,2135,326,794,1120,0,1
dontcache,miss,2136,2339,10689,13028,56,1
dontcache,hit,2136,253,602,855,0,1
dontcache,miss,2137,2500,10740,13240,56,1
dontcache,hit,2137,258,573,831,0,1
dontcache,miss,2138,2385,10700,13085,56,1
dontcache,hit,2138,264,559,823,0,1
dontcache,miss,2139,2546,11082,13628,58,1
dontcache,hit,2139,261,569,830,0,1
dontcache,miss,2140,2284,11004,13288,58,1
dontcache,hit,2140,325,789,1114,0,1
dontcache,miss,2141,2620,10702,13322,56,1
dontcache,hit,2141,273,585,858,0,1
dontcache,miss,2142,2379,10617,12996,56,1
dontcache,hit,2142,263,566,829,0,1
dontcache,miss,2143,2546,10815,13361,57,1
dontcache,hit,2143,258,544,802,0,1
dontcache,miss,2144,2358,10828,13186,57,1
dontcache,hit,2144,262,552,814,0,1
dontcache,miss,2145,2553,10658,13211,56,1
dontcache,hit,2145,260,552,812,0,1
dontcache,miss,2146,2375,12311,14686,42,1
dontcache,hit,2146,271,639,910,0,1
dontcache,miss,2147,2526,10673,13199,56,1
dontcache,hit,2147,252,595,847,0,1
dontcache,miss,2148,2310,11157,13467,59,1
dontcache,hit,2148,252,553,805,0,1
dontcache,miss,2149,2551,10698,13249,56,1
dontcache,hit,2149,254,555,809,0,1
dontcache,miss,2150,2370,10726,13096,49,1
dontcache,hit,2150,260,1447,1707,0,1
dontcache,miss,2151,2575,12448,15023,42,1
dontcache,hit,2151,262,553,815,0,1
dontcache,miss,2152,2521,10937,13458,58,1
dontcache,hit,2152,262,599,861,0,1
dontcache,miss,2153,2564,10897,13461,57,1
dontcache,hit,2153,258,549,807,0,1
dontcache,miss,2154,2329,10465,12794,55,1
dontcache,hit,2154,252,549,801,0,1
dontcache,miss,2155,2954,10892,13846,57,1
dontcache,hit,2155,333,738,1071,0,1
dontcache,miss,2156,2365,10989,13354,58,1
dontcache,hit,2156,266,581,847,0,1
dontcache,miss,2157,2799,11245,14044,59,1
dontcache,hit,2157,351,861,1212,0,1
dontcache,miss,2158,2387,10728,13115,57,1
dontcache,hit,2158,261,610,871,0,1
dontcache,miss,2159,2498,10832,13330,57,1
dontcache,hit,2159,261,579,840,0,1
dontcache,miss,2160,2354,11000,13354,58,1
dontcache,hit,2160,262,560,822,0,1
dontcache,miss,2161,2522,10813,13335,57,1
dontcache,hit,2161,275,587,862,0,1
dontcache,miss,2162,2310,10958,13268,58,1
dontcache,hit,2162,335,808,1143,0,1
dontcache,miss,2163,2534,10527,13061,55,1
dontcache,hit,2163,264,606,870,0,1
dontcache,miss,2164,2342,10709,13051,56,1
dontcache,hit,2164,266,595,861,0,1
dontcache,miss,2165,2539,10900,13439,57,1
dontcache,hit,2165,258,589,847,0,1
dontcache,miss,2166,2363,13584,15947,52,1
dontcache,hit,2166,260,598,858,0,1
dontcache,miss,2167,2532,10832,13364,57,1
dontcache,hit,2167,255,584,839,0,1
dontcache,miss,2168,2356,15404,17760,50,1
dontcache,hit,2168,260,662,922,0,1
dontcache,miss,2169,2509,10531,13040,55,1
dontcache,hit,2169,256,560,816,0,1
dontcache,miss,2170,2399,11173,13572,59,1
dontcache,hit,2170,254,551,805,0,1
dontcache,miss,2171,2552,10492,13044,55,1
dontcache,hit,2171,252,545,797,0,1
dontcache,miss,2172,2342,10618,12960,56,1
dontcache,hit,2172,252,541,793,0,1
dontcache,miss,2173,2557,14742,17299,48,1
dontcache,hit,2173,255,541,796,0,1
dontcache,miss,2174,2612,10695,13307,56,1
dontcache,hit,2174,266,618,884,0,1
dontcache,miss,2175,2528,11203,13731,59,1
dontcache,hit,2175,255,576,831,0,1
dontcache,miss,2176,2341,10505,12846,55,1
dontcache,hit,2176,255,552,807,0,1
dontcache,miss,2177,2533,10727,13260,56,1
dontcache,hit,2177,255,551,806,0,1
dontcache,miss,2178,2394,10649,13043,56,1
dontcache,hit,2178,253,544,797,0,1
dontcache,miss,2179,2820,10738,13558,56,1
dontcache,hit,2179,337,866,1203,0,1
dontcache,miss,2180,2348,10726,13074,56,1
dontcache,hit,2180,264,574,838,0,1
dontcache,miss,2181,2649,12981,15630,39,1
dontcache,hit,2181,263,619,882,0,1
dontcache,miss,2182,4180,10444,14624,50,1
dontcache,hit,2182,260,648,908,0,1
dontcache,miss,2183,2527,10615,13142,56,1
dontcache,hit,2183,274,563,837,0,1
dontcache,miss,2184,2260,10691,12951,56,1
dontcache,hit,2184,349,801,1150,0,1
dontcache,miss,2185,2632,10577,13209,55,1
dontcache,hit,2185,273,603,876,0,1
dontcache,miss,2186,2337,15843,18180,63,1
dontcache,hit,2186,264,615,879,0,1
dontcache,miss,2187,2536,10876,13412,57,1
dontcache,hit,2187,265,589,854,0,1
dontcache,miss,2188,2326,10818,13144,57,1
dontcache,hit,2188,258,565,823,0,1
dontcache,miss,2189,2593,10378,12971,54,1
dontcache,hit,2189,258,573,831,0,1
dontcache,miss,2190,2377,12851,15228,43,1
dontcache,hit,2190,284,664,948,0,1
dontcache,miss,2191,2529,10670,13199,56,1
dontcache,hit,2191,283,584,867,0,1
dontcache,miss,2192,2396,11319,13715,60,1
dontcache,hit,2192,255,566,821,0,1
dontcache,miss,2193,2525,10854,13379,57,1
dontcache,hit,2193,257,559,816,0,1
dontcache,miss,2194,2359,10462,12821,55,1
dontcache,hit,2194,258,564,822,0,1
dontcache,miss,2195,4505,14529,19034,47,1
dontcache,hit,2195,270,566,836,0,1
dontcache,miss,2196,6071,15381,21452,83,1
dontcache,hit,2196,744,756,1500,0,1
dontcache,miss,2197,2926,16807,19733,85,1
dontcache,hit,2197,504,1608,2112,0,1
dontcache,miss,2198,2455,15665,18120,77,1
dontcache,hit,2198,257,1945,2202,0,1
dontcache,miss,2199,3388,12377,15765,66,1
dontcache,hit,2199,257,1295,1552,0,1
dontcache,miss,2200,2350,15603,17953,85,1
dontcache,hit,2200,256,1030,1286,0,1
dontcache,miss,2201,3993,12981,16974,68,1
dontcache,hit,2201,355,1033,1388,0,1
dontcache,miss,2202,2787,15362,18149,78,1
dontcache,hit,2202,253,1333,1586,0,1
dontcache,miss,2203,2981,11374,14355,60,1
dontcache,hit,2203,281,563,844,0,1
dontcache,miss,2204,2369,11485,13854,60,1
dontcache,hit,2204,266,1128,1394,0,1
dontcache,miss,2205,3587,12149,15736,64,1
dontcache,hit,2205,260,1218,1478,0,1
dontcache,miss,2206,2463,12209,14672,64,1
dontcache,hit,2206,324,829,1153,0,1
dontcache,miss,2207,3481,11730,15211,62,1
dontcache,hit,2207,270,714,984,0,1
dontcache,miss,2208,2517,12597,15114,65,1
dontcache,hit,2208,254,555,809,0,1
dontcache,miss,2209,3628,12738,16366,68,1
dontcache,hit,2209,253,564,817,0,1
dontcache,miss,2210,2842,10568,13410,53,1
dontcache,hit,2210,1981,578,2559,0,1
dontcache,miss,2211,2918,11059,13977,58,1
dontcache,hit,2211,261,549,810,0,1
dontcache,miss,2212,2840,17256,20096,60,1
dontcache,hit,2212,293,717,1010,0,1
dontcache,miss,2213,3025,11533,14558,61,1
dontcache,hit,2213,313,789,1102,0,1
dontcache,miss,2214,2408,12274,14682,64,1
dontcache,hit,2214,256,632,888,0,1
dontcache,miss,2215,2552,12204,14756,64,1
dontcache,hit,2215,254,566,820,0,1
dontcache,miss,2216,2710,10818,13528,57,1
dontcache,hit,2216,256,569,825,0,1
dontcache,miss,2217,2648,15659,18307,52,1
dontcache,hit,2217,254,560,814,0,1
dontcache,miss,2218,2571,11685,14256,62,1
dontcache,hit,2218,260,647,907,0,1
dontcache,miss,2219,2505,11405,13910,60,1
dontcache,hit,2219,255,577,832,0,1
dontcache,miss,2220,2613,11511,14124,61,1
dontcache,hit,2220,259,581,840,0,1
dontcache,miss,2221,2555,12175,14730,65,1
dontcache,hit,2221,254,561,815,0,1
dontcache,miss,2222,2344,11811,14155,62,1
dontcache,hit,2222,260,562,822,0,1
dontcache,miss,2223,3640,17167,20807,94,1
dontcache,hit,2223,385,1221,1606,0,1
dontcache,miss,2224,2852,10918,13770,57,1
dontcache,hit,2224,248,591,839,0,1
dontcache,miss,2225,2526,11087,13613,57,1
dontcache,hit,2225,257,568,825,0,1
dontcache,miss,2226,2439,10857,13296,57,1
dontcache,hit,2226,264,574,838,0,1
dontcache,miss,2227,2559,12205,14764,65,1
dontcache,hit,2227,260,554,814,0,1
dontcache,miss,2228,2527,11831,14358,63,1
dontcache,hit,2228,349,827,1176,0,1
dontcache,miss,2229,3701,11189,14890,59,1
dontcache,hit,2229,268,625,893,0,1
dontcache,miss,2230,2348,10803,13151,57,1
dontcache,hit,2230,264,562,826,0,1
dontcache,miss,2231,2621,11381,14002,60,1
dontcache,hit,2231,268,549,817,0,1
dontcache,miss,2232,2415,11644,14059,62,1
dontcache,hit,2232,264,560,824,0,1
dontcache,miss,2233,2576,11717,14293,62,1
dontcache,hit,2233,256,550,806,0,1
dontcache,miss,2234,2358,15653,18011,50,1
dontcache,hit,2234,329,632,961,0,1
dontcache,miss,2235,2600,13596,16196,73,1
dontcache,hit,2235,254,589,843,0,1
dontcache,miss,2236,2910,12540,15450,67,1
dontcache,hit,2236,254,545,799,0,1
dontcache,miss,2237,2559,11313,13872,60,1
dontcache,hit,2237,260,558,818,0,1
dontcache,miss,2238,2349,11648,13997,62,1
dontcache,hit,2238,254,550,804,0,1
dontcache,miss,2239,2612,16200,18812,56,1
dontcache,hit,2239,252,550,802,0,1
dontcache,miss,2240,3120,16966,20086,93,1
dontcache,hit,2240,266,614,880,0,1
dontcache,miss,2241,3332,21157,24489,109,1
dontcache,hit,2241,252,569,821,0,1
dontcache,miss,2242,2520,16712,19232,91,1
dontcache,hit,2242,256,597,853,0,1
dontcache,miss,2243,2489,11306,13795,60,1
dontcache,hit,2243,265,565,830,0,1
dontcache,miss,2244,2854,12055,14909,64,1
dontcache,hit,2244,252,575,827,0,1
dontcache,miss,2245,2935,17708,20643,96,1
dontcache,hit,2245,358,838,1196,0,1
dontcache,miss,2246,2302,13269,15571,71,1
dontcache,hit,2246,1032,581,1613,0,1
dontcache,miss,2247,2619,12570,15189,67,1
dontcache,hit,2247,260,578,838,0,1
dontcache,miss,2248,2829,11607,14436,61,1
dontcache,hit,2248,256,648,904,0,1
dontcache,miss,2249,2502,11201,13703,59,1
dontcache,hit,2249,253,561,814,0,1
dontcache,miss,2250,2431,9981,12412,52,1
dontcache,hit,2250,352,796,1148,0,1
dontcache,miss,2251,3901,10093,13994,52,1
dontcache,hit,2251,292,676,968,0,1
dontcache,miss,2252,2394,11969,14363,47,1
dontcache,hit,2252,255,2010,2265,0,1
dontcache,miss,2253,2746,12604,15350,67,1
dontcache,hit,2253,254,581,835,0,1
dontcache,miss,2254,2786,12613,15399,66,1
dontcache,hit,2254,254,564,818,0,1
dontcache,miss,2255,2515,10887,13402,57,1
dontcache,hit,2255,272,562,834,0,1
dontcache,miss,2256,2344,15801,18145,51,1
dontcache,hit,2256,294,681,975,0,1
dontcache,miss,2257,2561,10981,13542,57,1
dontcache,hit,2257,258,562,820,0,1
dontcache,miss,2258,2392,11031,13423,58,1
dontcache,hit,2258,255,536,791,0,1
dontcache,miss,2259,2559,10511,13070,55,1
dontcache,hit,2259,252,551,803,0,1
dontcache,miss,2260,2429,10491,12920,55,1
dontcache,hit,2260,255,539,794,0,1
dontcache,miss,2261,2572,14500,17072,49,1
dontcache,hit,2261,254,546,800,0,1
dontcache,miss,2262,2584,16531,19115,90,1
dontcache,hit,2262,269,619,888,0,1
dontcache,miss,2263,2563,11404,13967,60,1
dontcache,hit,2263,252,611,863,0,1
dontcache,miss,2264,2445,10546,12991,55,1
dontcache,hit,2264,258,594,852,0,1
dontcache,miss,2265,2629,11172,13801,57,1
dontcache,hit,2265,252,609,861,0,1
dontcache,miss,2266,2579,10482,13061,55,1
dontcache,hit,2266,272,543,815,0,1
dontcache,miss,2267,2964,16185,19149,88,1
dontcache,hit,2267,352,817,1169,0,1
dontcache,miss,2268,2389,11049,13438,58,1
dontcache,hit,2268,259,592,851,0,1
dontcache,miss,2269,2473,13880,16353,56,1
dontcache,hit,2269,255,556,811,0,1
dontcache,miss,2270,2452,11352,13804,60,1
dontcache,hit,2270,255,625,880,0,1
dontcache,miss,2271,2531,10355,12886,54,1
dontcache,hit,2271,260,573,833,0,1
dontcache,miss,2272,2407,10855,13262,57,1
dontcache,hit,2272,351,848,1199,0,1
dontcache,miss,2273,2631,11223,13854,59,1
dontcache,hit,2273,263,620,883,0,1
dontcache,miss,2274,2349,10977,13326,58,1
dontcache,hit,2274,261,578,839,0,1
dontcache,miss,2275,2657,10173,12830,53,1
dontcache,hit,2275,263,569,832,0,1
dontcache,miss,2276,2341,10652,12993,56,1
dontcache,hit,2276,254,591,845,0,1
dontcache,miss,2277,2578,10656,13234,56,1
dontcache,hit,2277,278,583,861,0,1
dontcache,miss,2278,2371,13234,15605,42,1
dontcache,hit,2278,269,625,894,0,1
dontcache,miss,2279,2558,10880,13438,57,1
dontcache,hit,2279,273,572,845,0,1
dontcache,miss,2280,2325,11325,13650,60,1
dontcache,hit,2280,261,558,819,0,1
dontcache,miss,2281,2758,10196,12954,53,1
dontcache,hit,2281,275,674,949,0,1
dontcache,miss,2282,2381,10742,13123,56,1
dontcache,hit,2282,256,577,833,0,1
dontcache,miss,2283,2444,15097,17541,57,1
dontcache,hit,2283,257,564,821,0,1
dontcache,miss,2284,2519,10715,13234,56,1
dontcache,hit,2284,275,621,896,0,1
dontcache,miss,2285,2517,11147,13664,59,1
dontcache,hit,2285,254,561,815,0,1
dontcache,miss,2286,2331,10487,12818,55,1
dontcache,hit,2286,257,552,809,0,1
dontcache,miss,2287,2495,10661,13156,56,1
dontcache,hit,2287,252,565,817,0,1
dontcache,miss,2288,2327,10625,12952,56,1
dontcache,hit,2288,253,555,808,0,1
dontcache,miss,2289,2797,10697,13494,56,1
dontcache,hit,2289,338,806,1144,0,1
dontcache,miss,2290,2402,10971,13373,58,1
dontcache,hit,2290,254,604,858,0,1
dontcache,miss,2291,2522,10654,13176,56,1
dontcache,hit,2291,256,554,810,0,1
dontcache,miss,2292,2356,10669,13025,56,1
dontcache,hit,2292,279,556,835,0,1
dontcache,miss,2293,2513,10657,13170,56,1
dontcache,hit,2293,255,579,834,0,1
dontcache,miss,2294,2453,10608,13061,56,1
dontcache,hit,2294,353,817,1170,0,1
dontcache,miss,2295,2548,10871,13419,57,1
dontcache,hit,2295,256,601,857,0,1
dontcache,miss,2296,2337,10843,13180,57,1
dontcache,hit,2296,259,552,811,0,1
dontcache,miss,2297,2546,10585,13131,56,1
dontcache,hit,2297,251,555,806,0,1
dontcache,miss,2298,2325,9986,12311,52,1
dontcache,hit,2298,256,543,799,0,1
dontcache,miss,2299,2568,9303,11871,48,1
dontcache,hit,2299,262,552,814,0,1
dontcache,miss,2300,2342,14330,16672,44,1
dontcache,hit,2300,270,667,937,0,1
dontcache,miss,2301,4684,15087,19771,82,1
dontcache,hit,2301,254,577,831,0,1
dontcache,miss,2302,2400,10489,12889,55,1
dontcache,hit,2302,254,571,825,0,1
dontcache,miss,2303,2536,10812,13348,57,1
dontcache,hit,2303,252,585,837,0,1
dontcache,miss,2304,2326,10428,12754,55,1
dontcache,hit,2304,268,553,821,0,1
dontcache,miss,2305,2529,14711,17240,49,1
dontcache,hit,2305,250,562,812,0,1
dontcache,miss,2306,2579,10643,13222,56,1
dontcache,hit,2306,265,622,887,0,1
dontcache,miss,2307,2568,10852,13420,57,1
dontcache,hit,2307,252,582,834,0,1
dontcache,miss,2308,2324,10631,12955,56,1
dontcache,hit,2308,254,564,818,0,1
dontcache,miss,2309,2549,10916,13465,57,1
dontcache,hit,2309,330,578,908,0,1
dontcache,miss,2310,2472,10948,13420,57,1
dontcache,hit,2310,252,573,825,0,1
dontcache,miss,2311,2783,10938,13721,57,1
dontcache,hit,2311,340,821,1161,0,1
dontcache,miss,2312,2456,11544,14000,61,1
dontcache,hit,2312,269,689,958,0,1
dontcache,miss,2313,2536,10706,13242,56,1
dontcache,hit,2313,268,584,852,0,1
dontcache,miss,2314,2400,13544,15944,73,1
dontcache,hit,2314,260,584,844,0,1
dontcache,miss,2315,2524,9641,12165,50,1
dontcache,hit,2315,253,570,823,0,1
dontcache,miss,2316,2342,9585,11927,50,1
dontcache,hit,2316,327,801,1128,0,1
dontcache,miss,2317,2628,10872,13500,57,1
dontcache,hit,2317,255,599,854,0,1
dontcache,miss,2318,2346,11053,13399,58,1
dontcache,hit,2318,252,560,812,0,1
dontcache,miss,2319,2542,11691,14233,62,1
dontcache,hit,2319,258,561,819,0,1
dontcache,miss,2320,2180,10854,13034,57,1
dontcache,hit,2320,257,563,820,0,1
dontcache,miss,2321,2555,10047,12602,52,1
dontcache,hit,2321,253,554,807,0,1
dontcache,miss,2322,2442,11911,14353,38,1
dontcache,hit,2322,262,638,900,0,1
dontcache,miss,2323,2524,10832,13356,57,1
dontcache,hit,2323,252,559,811,0,1
dontcache,miss,2324,2338,10459,12797,55,1
dontcache,hit,2324,256,544,800,0,1
dontcache,miss,2325,2368,10145,12513,52,1
dontcache,hit,2325,251,547,798,0,1
dontcache,miss,2326,2299,9334,11633,48,1
dontcache,hit,2326,253,564,817,0,1
dontcache,miss,2327,2514,11801,14315,38,1
dontcache,hit,2327,264,542,806,0,1
dontcache,miss,2328,2472,10741,13213,56,1
dontcache,hit,2328,264,605,869,0,1
dontcache,miss,2329,2486,10527,13013,55,1
dontcache,hit,2329,250,570,820,0,1
dontcache,miss,2330,2301,10479,12780,55,1
dontcache,hit,2330,256,553,809,0,1
dontcache,miss,2331,2563,10713,13276,56,1
dontcache,hit,2331,253,552,805,0,1
dontcache,miss,2332,2340,10460,12800,55,1
dontcache,hit,2332,256,567,823,0,1
dontcache,miss,2333,3622,12184,15806,47,1
dontcache,hit,2333,455,1089,1544,0,1
dontcache,miss,2334,3144,11213,14357,43,1
dontcache,hit,2334,427,741,1168,0,1
dontcache,miss,2335,2599,10919,13518,57,1
dontcache,hit,2335,274,612,886,0,1
dontcache,miss,2336,2310,13746,16056,74,1
dontcache,hit,2336,263,574,837,0,1
dontcache,miss,2337,2506,11049,13555,58,1
dontcache,hit,2337,258,585,843,0,1
dontcache,miss,2338,2335,10596,12931,56,1
dontcache,hit,2338,331,823,1154,0,1
dontcache,miss,2339,2552,10870,13422,57,1
dontcache,hit,2339,266,613,879,0,1
dontcache,miss,2340,2289,10778,13067,57,1
dontcache,hit,2340,255,591,846,0,1
dontcache,miss,2341,2500,13449,15949,72,1
dontcache,hit,2341,255,579,834,0,1
dontcache,miss,2342,2164,10452,12616,55,1
dontcache,hit,2342,262,581,843,0,1
dontcache,miss,2343,2537,10748,13285,56,1
dontcache,hit,2343,270,559,829,0,1
dontcache,miss,2344,2309,18943,21252,41,1
dontcache,hit,2344,269,656,925,0,1
dontcache,miss,2345,2575,10576,13151,55,1
dontcache,hit,2345,257,579,836,0,1
dontcache,miss,2346,2420,10480,12900,55,1
dontcache,hit,2346,253,544,797,0,1
dontcache,miss,2347,2381,10691,13072,56,1
dontcache,hit,2347,251,552,803,0,1
dontcache,miss,2348,2377,9935,12312,52,1
dontcache,hit,2348,256,559,815,0,1
dontcache,miss,2349,2488,15214,17702,46,1
dontcache,hit,2349,254,558,812,0,1
dontcache,miss,2350,2643,19910,22553,110,1
dontcache,hit,2350,265,602,867,0,1
dontcache,miss,2351,2546,10507,13053,55,1
dontcache,hit,2351,265,567,832,0,1
dontcache,miss,2352,2366,10600,12966,56,1
dontcache,hit,2352,257,549,806,0,1
dontcache,miss,2353,2586,10123,12709,53,1
dontcache,hit,2353,254,556,810,0,1
dontcache,miss,2354,2386,9773,12159,51,1
dontcache,hit,2354,262,570,832,0,1
dontcache,miss,2355,2971,10999,13970,57,1
dontcache,hit,2355,341,860,1201,0,1
dontcache,miss,2356,2352,10670,13022,56,1
dontcache,hit,2356,265,577,842,0,1
dontcache,miss,2357,2545,10681,13226,56,1
dontcache,hit,2357,253,586,839,0,1
dontcache,miss,2358,2383,11510,13893,61,1
dontcache,hit,2358,258,556,814,0,1
dontcache,miss,2359,2507,10707,13214,56,1
dontcache,hit,2359,265,549,814,0,1
dontcache,miss,2360,2301,10675,12976,56,1
dontcache,hit,2360,334,787,1121,0,1
dontcache,miss,2361,2574,10549,13123,55,1
dontcache,hit,2361,262,613,875,0,1
dontcache,miss,2362,2335,10690,13025,56,1
dontcache,hit,2362,258,551,809,0,1
dontcache,miss,2363,2538,13198,15736,71,1
dontcache,hit,2363,258,552,810,0,1
dontcache,miss,2364,5242,12174,17416,64,1
dontcache,hit,2364,262,626,888,0,1
dontcache,miss,2365,2549,10799,13348,57,1
dontcache,hit,2365,263,583,846,0,1
dontcache,miss,2366,2321,14919,17240,50,1
dontcache,hit,2366,278,633,911,0,1
dontcache,miss,2367,2544,11087,13631,58,1
dontcache,hit,2367,279,577,856,0,1
dontcache,miss,2368,2350,10639,12989,56,1
dontcache,hit,2368,270,564,834,0,1
dontcache,miss,2369,2389,10372,12761,54,1
dontcache,hit,2369,258,591,849,0,1
dontcache,miss,2370,2341,9352,11693,48,1
dontcache,hit,2370,254,556,810,0,1
dontcache,miss,2371,2543,12412,14955,42,1
dontcache,hit,2371,255,564,819,0,1
dontcache,miss,2372,2524,10661,13185,56,1
dontcache,hit,2372,272,638,910,0,1
dontcache,miss,2373,2531,10734,13265,56,1
dontcache,hit,2373,257,582,839,0,1
dontcache,miss,2374,2355,10556,12911,55,1
dontcache,hit,2374,255,565,820,0,1
dontcache,miss,2375,2819,10223,13042,52,1
dontcache,hit,2375,257,583,840,0,1
dontcache,miss,2376,2311,10781,13092,57,1
dontcache,hit,2376,266,591,857,0,1
dontcache,miss,2377,2783,10772,13555,56,1
dontcache,hit,2377,330,799,1129,0,1
dontcache,miss,2378,2365,10915,13280,57,1
dontcache,hit,2378,280,577,857,0,1
dontcache,miss,2379,2780,10565,13345,55,1
dontcache,hit,2379,317,800,1117,0,1
dontcache,miss,2380,2301,13301,15602,71,1
dontcache,hit,2380,251,598,849,0,1
dontcache,miss,2381,2545,10221,12766,53,1
dontcache,hit,2381,255,562,817,0,1
dontcache,miss,2382,2429,9959,12388,52,1
dontcache,hit,2382,335,786,1121,0,1
dontcache,miss,2383,2618,10692,13310,56,1
dontcache,hit,2383,264,618,882,0,1
dontcache,miss,2384,2312,10828,13140,57,1
dontcache,hit,2384,293,754,1047,0,1
dontcache,miss,2385,2572,11683,14255,62,1
dontcache,hit,2385,257,602,859,0,1
dontcache,miss,2386,2138,10847,12985,57,1
dontcache,hit,2386,261,572,833,0,1
dontcache,miss,2387,2514,10750,13264,56,1
dontcache,hit,2387,270,557,827,0,1
dontcache,miss,2388,2348,11942,14290,39,1
dontcache,hit,2388,266,624,890,0,1
dontcache,miss,2389,2545,10863,13408,57,1
dontcache,hit,2389,261,589,850,0,1
dontcache,miss,2390,2327,12352,14679,42,1
dontcache,hit,2390,259,627,886,0,1
dontcache,miss,2391,2407,10895,13302,57,1
dontcache,hit,2391,259,574,833,0,1
dontcache,miss,2392,2339,10676,13015,56,1
dontcache,hit,2392,254,573,827,0,1
dontcache,miss,2393,2522,11725,14247,38,1
dontcache,hit,2393,255,571,826,0,1
dontcache,miss,2394,2499,10689,13188,56,1
dontcache,hit,2394,265,604,869,0,1
dontcache,miss,2395,6037,15264,21301,48,1
dontcache,hit,2395,258,562,820,0,1
dontcache,miss,2396,2854,11015,13869,58,1
dontcache,hit,2396,274,652,926,0,1
dontcache,miss,2397,3090,11876,14966,55,1
dontcache,hit,2397,1073,659,1732,0,1
dontcache,miss,2398,3473,14536,18009,76,1
dontcache,hit,2398,264,1062,1326,0,1
dontcache,miss,2399,6748,12210,18958,64,1
dontcache,hit,2399,2467,2626,5093,0,1
dontcache,miss,2400,2752,14514,17266,78,1
dontcache,hit,2400,897,598,1495,0,1
dontcache,miss,2401,2908,13342,16250,71,1
dontcache,hit,2401,639,810,1449,0,1
dontcache,miss,2402,3718,15526,19244,83,1
dontcache,hit,2402,256,611,867,0,1
dontcache,miss,2403,4725,19901,24626,70,1
dontcache,hit,2403,273,588,861,0,1
dontcache,miss,2404,3781,16076,19857,79,1
dontcache,hit,2404,352,1237,1589,0,1
dontcache,miss,2405,3125,17381,20506,88,1
dontcache,hit,2405,262,1299,1561,0,1
dontcache,miss,2406,6123,12708,18831,68,1
dontcache,hit,2406,648,872,1520,0,1
dontcache,miss,2407,4800,16293,21093,87,1
dontcache,hit,2407,399,1312,1711,0,1
dontcache,miss,2408,3494,15549,19043,82,1
dontcache,hit,2408,673,1549,2222,0,1
dontcache,miss,2409,4052,15710,19762,85,1
dontcache,hit,2409,744,569,1313,0,1
dontcache,miss,2410,3489,15956,19445,55,1
dontcache,hit,2410,707,1105,1812,0,1
dontcache,miss,2411,2503,12357,14860,65,1
dontcache,hit,2411,1134,568,1702,0,1
dontcache,miss,2412,4011,13936,17947,47,1
dontcache,hit,2412,268,612,880,0,1
dontcache,miss,2413,2807,15267,18074,82,1
dontcache,hit,2413,253,1536,1789,0,1
dontcache,miss,2414,2850,14616,17466,79,1
dontcache,hit,2414,260,558,818,0,1
dontcache,miss,2415,2811,18105,20916,64,1
dontcache,hit,2415,255,749,1004,0,1
dontcache,miss,2416,2857,12520,15377,66,1
dontcache,hit,2416,267,634,901,0,1
dontcache,miss,2417,3229,15182,18411,58,1
dontcache,hit,2417,261,731,992,0,1
dontcache,miss,2418,2892,17900,20792,72,1
dontcache,hit,2418,273,1056,1329,0,1
dontcache,miss,2419,3022,14481,17503,75,1
dontcache,hit,2419,262,577,839,0,1
dontcache,miss,2420,2558,13246,15804,69,1
dontcache,hit,2420,257,565,822,0,1
dontcache,miss,2421,4995,13671,18666,73,1
dontcache,hit,2421,356,1249,1605,0,1
dontcache,miss,2422,2431,11369,13800,60,1
dontcache,hit,2422,258,595,853,0,1
dontcache,miss,2423,3003,11495,14498,60,1
dontcache,hit,2423,349,820,1169,0,1
dontcache,miss,2424,2380,13389,15769,72,1
dontcache,hit,2424,263,1590,1853,0,1
dontcache,miss,2425,2798,13733,16531,70,1
dontcache,hit,2425,263,632,895,0,1
dontcache,miss,2426,2356,12135,14491,65,1
dontcache,hit,2426,325,866,1191,0,1
dontcache,miss,2427,2541,13013,15554,38,1
dontcache,hit,2427,272,1009,1281,0,1
dontcache,miss,2428,2607,11322,13929,59,1
dontcache,hit,2428,335,1300,1635,0,1
dontcache,miss,2429,2919,12102,15021,64,1
dontcache,hit,2429,265,740,1005,0,1
dontcache,miss,2430,2253,11079,13332,58,1
dontcache,hit,2430,260,737,997,0,1
dontcache,miss,2431,3359,11073,14432,58,1
dontcache,hit,2431,578,571,1149,0,1
dontcache,miss,2432,3604,15044,18648,49,1
dontcache,hit,2432,267,637,904,0,1
dontcache,miss,2433,2517,11783,14300,62,1
dontcache,hit,2433,262,1213,1475,0,1
dontcache,miss,2434,2619,15095,17714,58,1
dontcache,hit,2434,276,628,904,0,1
dontcache,miss,2435,2447,13075,15522,66,1
dontcache,hit,2435,254,866,1120,0,1
dontcache,miss,2436,2757,10759,13516,56,1
dontcache,hit,2436,261,552,813,0,1
dontcache,miss,2437,2573,12895,15468,49,1
dontcache,hit,2437,254,570,824,0,1
dontcache,miss,2438,2923,16980,19903,93,1
dontcache,hit,2438,270,619,889,0,1
dontcache,miss,2439,2624,14360,16984,55,1
dontcache,hit,2439,253,569,822,0,1
dontcache,miss,2440,2512,11111,13623,58,1
dontcache,hit,2440,277,599,876,0,1
dontcache,miss,2441,2773,11211,13984,59,1
dontcache,hit,2441,254,569,823,0,1
dontcache,miss,2442,2471,12942,15413,69,1
dontcache,hit,2442,254,559,813,0,1
dontcache,miss,2443,2791,15135,17926,82,1
dontcache,hit,2443,333,831,1164,0,1
dontcache,miss,2444,2586,11016,13602,56,1
dontcache,hit,2444,261,573,834,0,1
dontcache,miss,2445,3063,12972,16035,67,1
dontcache,hit,2445,458,918,1376,0,1
dontcache,miss,2446,2423,15863,18286,86,1
dontcache,hit,2446,250,626,876,0,1
dontcache,miss,2447,2553,12960,15513,69,1
dontcache,hit,2447,256,578,834,0,1
dontcache,miss,2448,2339,12213,14552,65,1
dontcache,hit,2448,337,825,1162,0,1
dontcache,miss,2449,2654,11257,13911,57,1
dontcache,hit,2449,284,869,1153,0,1
dontcache,miss,2450,2350,12064,14414,64,1
dontcache,hit,2450,341,810,1151,0,1
dontcache,miss,2451,2543,14495,17038,78,1
dontcache,hit,2451,281,741,1022,0,1
dontcache,miss,2452,2632,11729,14361,62,1
dontcache,hit,2452,265,587,852,0,1
dontcache,miss,2453,2577,11913,14490,63,1
dontcache,hit,2453,260,576,836,0,1
dontcache,miss,2454,2499,16157,18656,52,1
dontcache,hit,2454,4777,828,5605,0,1
dontcache,miss,2455,2580,11477,14057,60,1
dontcache,hit,2455,297,597,894,0,1
dontcache,miss,2456,2417,16962,19379,64,1
dontcache,hit,2456,267,647,914,0,1
dontcache,miss,2457,2602,13248,15850,59,1
dontcache,hit,2457,257,3687,3944,0,1
dontcache,miss,2458,2399,11516,13915,61,1
dontcache,hit,2458,253,555,808,0,1
dontcache,miss,2459,2540,15601,18141,55,1
dontcache,hit,2459,253,546,799,0,1
dontcache,miss,2460,2585,14854,17439,80,1
dontcache,hit,2460,257,613,870,0,1
dontcache,miss,2461,2573,14271,16844,48,1
dontcache,hit,2461,255,672,927,0,1
dontcache,miss,2462,2601,10694,13295,56,1
dontcache,hit,2462,264,622,886,0,1
dontcache,miss,2463,2634,9704,12338,50,1
dontcache,hit,2463,254,633,887,0,1
dontcache,miss,2464,2337,10715,13052,56,1
dontcache,hit,2464,258,548,806,0,1
dontcache,miss,2465,3018,16763,19781,91,1
dontcache,hit,2465,327,802,1129,0,1
dontcache,miss,2466,2331,10668,12999,56,1
dontcache,hit,2466,266,589,855,0,1
dontcache,miss,2467,2831,10787,13618,56,1
dontcache,hit,2467,315,737,1052,0,1
dontcache,miss,2468,2422,11455,13877,60,1
dontcache,hit,2468,395,593,988,0,1
dontcache,miss,2469,2517,10887,13404,57,1
dontcache,hit,2469,253,741,994,0,1
dontcache,miss,2470,2364,10746,13110,56,1
dontcache,hit,2470,337,784,1121,0,1
dontcache,miss,2471,3564,19972,23536,70,1
dontcache,hit,2471,374,904,1278,0,1
dontcache,miss,2472,4355,11092,15447,34,1
dontcache,hit,2472,450,1059,1509,0,1
dontcache,miss,2473,2727,13523,16250,72,1
dontcache,hit,2473,275,649,924,0,1
dontcache,miss,2474,2268,11281,13549,59,1
dontcache,hit,2474,260,579,839,0,1
dontcache,miss,2475,2543,11057,13600,58,1
dontcache,hit,2475,260,585,845,0,1
dontcache,miss,2476,2348,17261,19609,55,1
dontcache,hit,2476,282,656,938,0,1
dontcache,miss,2477,2519,11170,13689,59,1
dontcache,hit,2477,252,579,831,0,1
dontcache,miss,2478,2383,11284,13667,59,1
dontcache,hit,2478,253,557,810,0,1
dontcache,miss,2479,2384,10026,12410,52,1
dontcache,hit,2479,253,588,841,0,1
dontcache,miss,2480,2380,9133,11513,47,1
dontcache,hit,2480,253,562,815,0,1
dontcache,miss,2481,2539,14448,16987,52,1
dontcache,hit,2481,252,579,831,0,1
dontcache,miss,2482,2638,10915,13553,57,1
dontcache,hit,2482,274,619,893,0,1
dontcache,miss,2483,2744,10873,13617,57,1
dontcache,hit,2483,268,698,966,0,1
dontcache,miss,2484,2355,10533,12888,55,1
dontcache,hit,2484,257,586,843,0,1
dontcache,miss,2485,2522,9821,12343,51,1
dontcache,hit,2485,254,568,822,0,1
dontcache,miss,2486,2295,9478,11773,49,1
dontcache,hit,2486,256,561,817,0,1
dontcache,miss,2487,2850,10554,13404,55,1
dontcache,hit,2487,347,830,1177,0,1
dontcache,miss,2488,2420,11193,13613,59,1
dontcache,hit,2488,251,604,855,0,1
dontcache,miss,2489,2526,10389,12915,54,1
dontcache,hit,2489,258,569,827,0,1
dontcache,miss,2490,2355,12306,14661,66,1
dontcache,hit,2490,256,561,817,0,1
dontcache,miss,2491,2513,10176,12689,53,1
dontcache,hit,2491,257,555,812,0,1
dontcache,miss,2492,2347,10172,12519,53,1
dontcache,hit,2492,327,795,1122,0,1
dontcache,miss,2493,2573,10764,13337,56,1
dontcache,hit,2493,273,608,881,0,1
dontcache,miss,2494,2363,10973,13336,58,1
dontcache,hit,2494,260,561,821,0,1
dontcache,miss,2495,2587,13296,15883,71,1
dontcache,hit,2495,258,559,817,0,1
dontcache,miss,2496,2218,9954,12172,52,1
dontcache,hit,2496,271,566,837,0,1
dontcache,miss,2497,2521,10697,13218,56,1
dontcache,hit,2497,258,563,821,0,1
dontcache,miss,2498,2378,12625,15003,43,1
dontcache,hit,2498,268,621,889,0,1
dontcache,miss,2499,2485,10956,13441,57,1
dontcache,hit,2499,255,565,820,0,1
dontcache,miss,2500,2297,10500,12797,55,1
dontcache,hit,2500,255,573,828,0,1
dontcache,miss,2501,2338,10738,13076,56,1
dontcache,hit,2501,254,564,818,0,1
dontcache,miss,2502,2352,10014,12366,52,1
dontcache,hit,2502,256,542,798,0,1
dontcache,miss,2503,2503,16192,18695,43,1
dontcache,hit,2503,253,560,813,0,1
dontcache,miss,2504,2961,11168,14129,59,1
dontcache,hit,2504,264,648,912,0,1
dontcache,miss,2505,2477,11070,13547,58,1
dontcache,hit,2505,263,580,843,0,1
dontcache,miss,2506,2430,10853,13283,57,1
dontcache,hit,2506,266,587,853,0,1
dontcache,miss,2507,2528,10072,12600,52,1
dontcache,hit,2507,258,567,825,0,1
dontcache,miss,2508,2341,10500,12841,55,1
dontcache,hit,2508,257,576,833,0,1
dontcache,miss,2509,2870,10939,13809,57,1
dontcache,hit,2509,349,816,1165,0,1
dontcache,miss,2510,2385,10990,13375,58,1
dontcache,hit,2510,263,611,874,0,1
dontcache,miss,2511,2549,10672,13221,56,1
dontcache,hit,2511,259,567,826,0,1
dontcache,miss,2512,2304,11526,13830,61,1
dontcache,hit,2512,260,567,827,0,1
dontcache,miss,2513,2518,10720,13238,56,1
dontcache,hit,2513,261,576,837,0,1
dontcache,miss,2514,2326,10494,12820,55,1
dontcache,hit,2514,341,782,1123,0,1
dontcache,miss,2515,2785,10958,13743,57,1
dontcache,hit,2515,293,768,1061,0,1
dontcache,miss,2516,2299,10618,12917,56,1
dontcache,hit,2516,259,568,827,0,1
dontcache,miss,2517,2512,13408,15920,72,1
dontcache,hit,2517,257,561,818,0,1
dontcache,miss,2518,2166,10402,12568,54,1
dontcache,hit,2518,259,552,811,0,1
dontcache,miss,2519,2540,9883,12423,51,1
dontcache,hit,2519,259,564,823,0,1
dontcache,miss,2520,2345,13097,15442,43,1
dontcache,hit,2520,267,638,905,0,1
dontcache,miss,2521,2547,10618,13165,55,1
dontcache,hit,2521,256,578,834,0,1
dontcache,miss,2522,2353,10905,13258,57,1
dontcache,hit,2522,252,612,864,0,1
dontcache,miss,2523,2437,10893,13330,57,1
dontcache,hit,2523,251,667,918,0,1
dontcache,miss,2524,3407,10461,13868,33,1
dontcache,hit,2524,311,750,1061,0,1
dontcache,miss,2525,2555,17000,19555,65,1
dontcache,hit,2525,257,560,817,0,1
dontcache,miss,2526,2642,16083,18725,87,1
dontcache,hit,2526,325,621,946,0,1
dontcache,miss,2527,2633,23351,25984,130,1
dontcache,hit,2527,253,559,812,0,1
dontcache,miss,2528,4024,14418,18442,78,1
dontcache,hit,2528,264,546,810,0,1
dontcache,miss,2529,2530,11927,14457,63,1
dontcache,hit,2529,253,569,822,0,1
dontcache,miss,2530,2367,13334,15701,72,1
dontcache,hit,2530,254,531,785,0,1
dontcache,miss,2531,2788,14149,16937,76,1
dontcache,hit,2531,349,789,1138,0,1
dontcache,miss,2532,2442,14595,17037,79,1
dontcache,hit,2532,285,716,1001,0,1
dontcache,miss,2533,2562,13467,16029,72,1
dontcache,hit,2533,260,576,836,0,1
dontcache,miss,2534,2451,15315,17766,83,1
dontcache,hit,2534,254,718,972,0,1
dontcache,miss,2535,2598,13421,16019,72,1
dontcache,hit,2535,253,569,822,0,1
dontcache,miss,2536,2378,12214,14592,65,1
dontcache,hit,2536,410,810,1220,0,1
dontcache,miss,2537,2565,15382,17947,83,1
dontcache,hit,2537,261,675,936,0,1
dontcache,miss,2538,2367,14956,17323,81,1
dontcache,hit,2538,262,663,925,0,1
dontcache,miss,2539,2526,12903,15429,69,1
dontcache,hit,2539,262,570,832,0,1
dontcache,miss,2540,2363,12025,14388,64,1
dontcache,hit,2540,263,567,830,0,1
dontcache,miss,2541,2964,12389,15353,66,1
dontcache,hit,2541,254,564,818,0,1
dontcache,miss,2542,2358,15868,18226,59,1
dontcache,hit,2542,297,791,1088,0,1
dontcache,miss,2543,2609,14867,17476,80,1
dontcache,hit,2543,256,663,919,0,1
dontcache,miss,2544,2358,13690,16048,74,1
dontcache,hit,2544,255,576,831,0,1
dontcache,miss,2545,2549,15094,17643,81,1
dontcache,hit,2545,254,612,866,0,1
dontcache,miss,2546,2538,13161,15699,71,1
dontcache,hit,2546,266,550,816,0,1
dontcache,miss,2547,2541,14611,17152,53,1
dontcache,hit,2547,252,555,807,0,1
dontcache,miss,2548,2652,13792,16444,74,1
dontcache,hit,2548,258,662,920,0,1
dontcache,miss,2549,2747,12985,15732,69,1
dontcache,hit,2549,251,634,885,0,1
dontcache,miss,2550,2556,14920,17476,81,1
dontcache,hit,2550,253,539,792,0,1
dontcache,miss,2551,2541,9326,11867,48,1
dontcache,hit,2551,252,551,803,0,1
dontcache,miss,2552,2345,9994,12339,52,1
dontcache,hit,2552,256,577,833,0,1
dontcache,miss,2553,2777,12429,15206,66,1
dontcache,hit,2553,318,774,1092,0,1
dontcache,miss,2554,2389,10786,13175,57,1
dontcache,hit,2554,262,596,858,0,1
dontcache,miss,2555,2537,10867,13404,57,1
dontcache,hit,2555,256,547,803,0,1
dontcache,miss,2556,2326,10799,13125,57,1
dontcache,hit,2556,258,571,829,0,1
dontcache,miss,2557,2520,10535,13055,55,1
dontcache,hit,2557,260,545,805,0,1
dontcache,miss,2558,2396,10516,12912,55,1
dontcache,hit,2558,301,778,1079,0,1
dontcache,miss,2559,2666,10802,13468,51,1
dontcache,hit,2559,258,2738,2996,0,1
dontcache,miss,2560,2359,10846,13205,57,1
dontcache,hit,2560,347,780,1127,0,1
dontcache,miss,2561,2604,10379,12983,54,1
dontcache,hit,2561,264,590,854,0,1
dontcache,miss,2562,2320,10615,12935,56,1
dontcache,hit,2562,263,585,848,0,1
dontcache,miss,2563,2523,10203,12726,53,1
dontcache,hit,2563,254,571,825,0,1
dontcache,miss,2564,2376,13871,16247,42,1
dontcache,hit,2564,270,650,920,0,1
dontcache,miss,2565,2552,10880,13432,57,1
dontcache,hit,2565,261,582,843,0,1
dontcache,miss,2566,2400,11228,13628,59,1
dontcache,hit,2566,252,588,840,0,1
dontcache,miss,2567,2491,10781,13272,56,1
dontcache,hit,2567,251,573,824,0,1
dontcache,miss,2568,2341,10539,12880,55,1
dontcache,hit,2568,254,577,831,0,1
dontcache,miss,2569,2558,13630,16188,46,1
dontcache,hit,2569,253,560,813,0,1
dontcache,miss,2570,2508,11009,13517,58,1
dontcache,hit,2570,251,655,906,0,1
dontcache,miss,2571,2540,11065,13605,58,1
dontcache,hit,2571,256,572,828,0,1
dontcache,miss,2572,2384,12804,15188,39,1
dontcache,hit,2572,262,569,831,0,1
dontcache,miss,2573,2515,10736,13251,56,1
dontcache,hit,2573,258,573,831,0,1
dontcache,miss,2574,2401,10666,13067,56,1
dontcache,hit,2574,257,561,818,0,1
dontcache,miss,2575,2801,10776,13577,56,1
dontcache,hit,2575,353,861,1214,0,1
dontcache,miss,2576,2381,10867,13248,57,1
dontcache,hit,2576,260,600,860,0,1
dontcache,miss,2577,2554,10518,13072,55,1
dontcache,hit,2577,259,579,838,0,1
dontcache,miss,2578,2341,10634,12975,56,1
dontcache,hit,2578,258,558,816,0,1
dontcache,miss,2579,2546,10771,13317,56,1
dontcache,hit,2579,260,554,814,0,1
dontcache,miss,2580,2357,10460,12817,55,1
dontcache,hit,2580,325,807,1132,0,1
dontcache,miss,2581,2646,11092,13738,58,1
dontcache,hit,2581,269,603,872,0,1
dontcache,miss,2582,2356,10496,12852,55,1
dontcache,hit,2582,262,561,823,0,1
dontcache,miss,2583,2538,10899,13437,57,1
dontcache,hit,2583,257,548,805,0,1
dontcache,miss,2584,2353,10508,12861,55,1
dontcache,hit,2584,262,610,872,0,1
dontcache,miss,2585,2548,10573,13121,55,1
dontcache,hit,2585,261,566,827,0,1
dontcache,miss,2586,2351,12124,14475,41,1
dontcache,hit,2586,277,610,887,0,1
dontcache,miss,2587,2546,10684,13230,56,1
dontcache,hit,2587,260,563,823,0,1
dontcache,miss,2588,2417,11156,13573,59,1
dontcache,hit,2588,260,543,803,0,1
dontcache,miss,2589,2575,10546,13121,55,1
dontcache,hit,2589,253,580,833,0,1
dontcache,miss,2590,2392,10503,12895,55,1
dontcache,hit,2590,268,561,829,0,1
dontcache,miss,2591,2531,12439,14970,42,1
dontcache,hit,2591,256,541,797,0,1
dontcache,miss,2592,2453,10605,13058,55,1
dontcache,hit,2592,299,773,1072,0,1
dontcache,miss,2593,2610,11206,13816,59,1
dontcache,hit,2593,262,594,856,0,1
dontcache,miss,2594,2350,11386,13736,60,1
dontcache,hit,2594,254,587,841,0,1
dontcache,miss,2595,2453,10536,12989,55,1
dontcache,hit,2595,255,566,821,0,1
dontcache,miss,2596,2373,11020,13393,58,1
dontcache,hit,2596,267,556,823,0,1
dontcache,miss,2597,2803,11060,13863,58,1
dontcache,hit,2597,341,822,1163,0,1
dontcache,miss,2598,2447,10800,13247,57,1
dontcache,hit,2598,260,604,864,0,1
dontcache,miss,2599,2550,10703,13253,56,1
dontcache,hit,2599,262,579,841,0,1
dontcache,miss,2600,2365,10909,13274,57,1
dontcache,hit,2600,257,587,844,0,1
dontcache,miss,2601,2511,11078,13589,58,1
dontcache,hit,2601,253,572,825,0,1
dontcache,miss,2602,2345,10676,13021,56,1
dontcache,hit,2602,325,811,1136,0,1
dontcache,miss,2603,2481,10888,13369,57,1
dontcache,hit,2603,257,632,889,0,1
dontcache,miss,2604,2342,10926,13268,29,1
dontcache,hit,2604,262,600,862,0,1
dontcache,miss,2605,2540,10848,13388,57,1
dontcache,hit,2605,258,594,852,0,1
dontcache,miss,2606,2387,10658,13045,56,1
dontcache,hit,2606,264,585,849,0,1
dontcache,miss,2607,2531,10681,13212,56,1
dontcache,hit,2607,256,571,827,0,1
dontcache,miss,2608,2377,12747,15124,43,1
dontcache,hit,2608,267,640,907,0,1
dontcache,miss,2609,2516,10873,13389,57,1
dontcache,hit,2609,256,602,858,0,1
dontcache,miss,2610,2344,11162,13506,59,1
dontcache,hit,2610,255,566,821,0,1
dontcache,miss,2611,2545,10415,12960,54,1
dontcache,hit,2611,255,570,825,0,1
dontcache,miss,2612,2318,10444,12762,55,1
dontcache,hit,2612,256,579,835,0,1
dontcache,miss,2613,2517,12191,14708,41,1
dontcache,hit,2613,253,559,812,0,1
dontcache,miss,2614,2426,10827,13253,57,1
dontcache,hit,2614,268,616,884,0,1
dontcache,miss,2615,2528,11265,13793,59,1
dontcache,hit,2615,256,555,811,0,1
dontcache,miss,2616,2323,10491,12814,55,1
dontcache,hit,2616,258,554,812,0,1
dontcache,miss,2617,2515,10697,13212,56,1
dontcache,hit,2617,263,575,838,0,1
dontcache,miss,2618,2358,10285,12643,54,1
dontcache,hit,2618,258,551,809,0,1
dontcache,miss,2619,2724,10884,13608,57,1
dontcache,hit,2619,336,792,1128,0,1
dontcache,miss,2620,2416,10445,12861,55,1
dontcache,hit,2620,256,606,862,0,1
dontcache,miss,2621,2552,10699,13251,56,1
dontcache,hit,2621,258,568,826,0,1
dontcache,miss,2622,2372,10848,13220,57,1
dontcache,hit,2622,260,560,820,0,1
dontcache,miss,2623,2537,10487,13024,55,1
dontcache,hit,2623,259,545,804,0,1
dontcache,miss,2624,2349,10692,13041,56,1
dontcache,hit,2624,378,919,1297,0,1
dontcache,miss,2625,2576,11186,13762,58,1
dontcache,hit,2625,288,618,906,0,1
dontcache,miss,2626,2344,11061,13405,58,1
dontcache,hit,2626,260,569,829,0,1
dontcache,miss,2627,2470,10987,13457,58,1
dontcache,hit,2627,258,561,819,0,1
dontcache,miss,2628,2338,11013,13351,58,1
dontcache,hit,2628,262,565,827,0,1
dontcache,miss,2629,2508,10557,13065,55,1
dontcache,hit,2629,254,584,838,0,1
dontcache,miss,2630,2309,13159,15468,44,1
dontcache,hit,2630,276,667,943,0,1
dontcache,miss,2631,2561,10766,13327,56,1
dontcache,hit,2631,258,573,831,0,1
dontcache,miss,2632,2346,11048,13394,58,1
dontcache,hit,2632,261,557,818,0,1
dontcache,miss,2633,2568,10070,12638,52,1
dontcache,hit,2633,256,571,827,0,1
dontcache,miss,2634,2354,10562,12916,55,1
dontcache,hit,2634,256,572,828,0,1
dontcache,miss,2635,2524,12318,14842,42,1
dontcache,hit,2635,258,564,822,0,1
dontcache,miss,2636,2465,12081,14546,35,1
dontcache,hit,2636,267,628,895,0,1
dontcache,miss,2637,2490,11030,13520,58,1
dontcache,hit,2637,258,564,822,0,1
dontcache,miss,2638,2360,10386,12746,54,1
dontcache,hit,2638,255,542,797,0,1
dontcache,miss,2639,2513,10721,13234,56,1
dontcache,hit,2639,263,554,817,0,1
dontcache,miss,2640,2366,10466,12832,55,1
dontcache,hit,2640,259,532,791,0,1
dontcache,miss,2641,2751,10664,13415,56,1
dontcache,hit,2641,330,842,1172,0,1
dontcache,miss,2642,2417,10921,13338,57,1
dontcache,hit,2642,254,601,855,0,1
dontcache,miss,2643,2527,10668,13195,56,1
dontcache,hit,2643,259,552,811,0,1
dontcache,miss,2644,2353,10672,13025,56,1
dontcache,hit,2644,260,553,813,0,1
dontcache,miss,2645,2524,10544,13068,55,1
dontcache,hit,2645,260,563,823,0,1
dontcache,miss,2646,2385,10492,12877,55,1
dontcache,hit,2646,324,806,1130,0,1
dontcache,miss,2647,2587,10694,13281,56,1
dontcache,hit,2647,258,624,882,0,1
dontcache,miss,2648,2338,10560,12898,55,1
dontcache,hit,2648,257,573,830,0,1
dontcache,miss,2649,2538,10737,13275,56,1
dontcache,hit,2649,261,566,827,0,1
dontcache,miss,2650,2361,10510,12871,55,1
dontcache,hit,2650,263,560,823,0,1
dontcache,miss,2651,2574,10635,13209,55,1
dontcache,hit,2651,258,554,812,0,1
dontcache,miss,2652,2370,12238,14608,41,1
dontcache,hit,2652,265,652,917,0,1
dontcache,miss,2653,2540,10746,13286,56,1
dontcache,hit,2653,262,581,843,0,1
dontcache,miss,2654,2365,11230,13595,59,1
dontcache,hit,2654,260,579,839,0,1
dontcache,miss,2655,2506,10542,13048,55,1
dontcache,hit,2655,256,562,818,0,1
dontcache,miss,2656,2391,10331,12722,54,1
dontcache,hit,2656,257,568,825,0,1
dontcache,miss,2657,2655,12043,14698,39,1
dontcache,hit,2657,327,686,1013,0,1
dontcache,miss,2658,2453,11261,13714,59,1
dontcache,hit,2658,266,629,895,0,1
dontcache,miss,2659,2473,11333,13806,59,1
dontcache,hit,2659,267,583,850,0,1
dontcache,miss,2660,2330,10951,13281,58,1
dontcache,hit,2660,257,565,822,0,1
dontcache,miss,2661,2539,10529,13068,55,1
dontcache,hit,2661,257,573,830,0,1
dontcache,miss,2662,2357,10593,12950,48,1
dontcache,hit,2662,257,1858,2115,0,1
dontcache,miss,2663,2750,11106,13856,58,1
dontcache,hit,2663,339,830,1169,0,1
dontcache,miss,2664,2334,10808,13142,57,1
dontcache,hit,2664,258,598,856,0,1
dontcache,miss,2665,2526,10712,13238,56,1
dontcache,hit,2665,269,561,830,0,1
dontcache,miss,2666,2284,10841,13125,57,1
dontcache,hit,2666,258,564,822,0,1
dontcache,miss,2667,2573,10402,12975,54,1
dontcache,hit,2667,277,566,843,0,1
dontcache,miss,2668,2311,15232,17543,53,1
dontcache,hit,2668,316,821,1137,0,1
dontcache,miss,2669,2569,11076,13645,58,1
dontcache,hit,2669,267,628,895,0,1
dontcache,miss,2670,2409,10864,13273,57,1
dontcache,hit,2670,262,570,832,0,1
dontcache,miss,2671,2542,11072,13614,58,1
dontcache,hit,2671,266,562,828,0,1
dontcache,miss,2672,2347,10489,12836,55,1
dontcache,hit,2672,267,571,838,0,1
dontcache,miss,2673,2492,10552,13044,55,1
dontcache,hit,2673,260,554,814,0,1
dontcache,miss,2674,2380,12480,14860,42,1
dontcache,hit,2674,272,633,905,0,1
dontcache,miss,2675,2526,10866,13392,57,1
dontcache,hit,2675,256,578,834,0,1
dontcache,miss,2676,2342,11171,13513,59,1
dontcache,hit,2676,264,545,809,0,1
dontcache,miss,2677,2541,9421,11962,48,1
dontcache,hit,2677,255,547,802,0,1
dontcache,miss,2678,2352,9104,11456,47,1
dontcache,hit,2678,271,552,823,0,1
dontcache,miss,2679,2512,12363,14875,42,1
dontcache,hit,2679,253,566,819,0,1
dontcache,miss,2680,2445,10697,13142,56,1
dontcache,hit,2680,257,614,871,0,1
dontcache,miss,2681,2546,11002,13548,58,1
dontcache,hit,2681,253,592,845,0,1
dontcache,miss,2682,2354,10356,12710,54,1
dontcache,hit,2682,253,546,799,0,1
dontcache,miss,2683,2447,10509,12956,55,1
dontcache,hit,2683,252,549,801,0,1
dontcache,miss,2684,2327,10458,12785,55,1
dontcache,hit,2684,253,546,799,0,1
dontcache,miss,2685,2775,10974,13749,57,1
dontcache,hit,2685,331,808,1139,0,1
dontcache,miss,2686,2424,10479,12903,55,1
dontcache,hit,2686,251,597,848,0,1
dontcache,miss,2687,2546,10456,13002,54,1
dontcache,hit,2687,258,560,818,0,1
dontcache,miss,2688,2342,10569,12911,55,1
dontcache,hit,2688,258,545,803,0,1
dontcache,miss,2689,2698,10380,13078,54,1
dontcache,hit,2689,348,771,1119,0,1
dontcache,miss,2690,2362,10681,13043,56,1
dontcache,hit,2690,315,778,1093,0,1
dontcache,miss,2691,2542,11031,13573,58,1
dontcache,hit,2691,266,621,887,0,1
dontcache,miss,2692,2353,10607,12960,56,1
dontcache,hit,2692,256,579,835,0,1
dontcache,miss,2693,2525,10852,13377,57,1
dontcache,hit,2693,260,570,830,0,1
dontcache,miss,2694,2380,10505,12885,55,1
dontcache,hit,2694,259,568,827,0,1
dontcache,miss,2695,2572,10760,13332,56,1
dontcache,hit,2695,259,571,830,0,1
dontcache,miss,2696,2327,12740,15067,43,1
dontcache,hit,2696,286,644,930,0,1
dontcache,miss,2697,2503,10532,13035,55,1
dontcache,hit,2697,266,599,865,0,1
dontcache,miss,2698,2340,10838,13178,57,1
dontcache,hit,2698,260,566,826,0,1
dontcache,miss,2699,3277,10579,13856,55,1
dontcache,hit,2699,335,847,1182,0,1
dontcache,miss,2700,2412,12033,14445,35,1
dontcache,hit,2700,260,627,887,0,1
dontcache,miss,2701,2484,13794,16278,46,1
dontcache,hit,2701,258,570,828,0,1
dontcache,miss,2702,2503,10549,13052,55,1
dontcache,hit,2702,266,610,876,0,1
dontcache,miss,2703,2510,11240,13750,59,1
dontcache,hit,2703,252,577,829,0,1
dontcache,miss,2704,2384,10344,12728,54,1
dontcache,hit,2704,251,544,795,0,1
dontcache,miss,2705,2514,10707,13221,56,1
dontcache,hit,2705,251,541,792,0,1
dontcache,miss,2706,2311,10683,12994,56,1
dontcache,hit,2706,252,532,784,0,1
dontcache,miss,2707,2746,10800,13546,56,1
dontcache,hit,2707,354,786,1140,0,1
dontcache,miss,2708,2346,10453,12799,55,1
dontcache,hit,2708,265,592,857,0,1
dontcache,miss,2709,2502,10575,13077,55,1
dontcache,hit,2709,254,567,821,0,1
dontcache,miss,2710,2359,10627,12986,56,1
dontcache,hit,2710,259,541,800,0,1
dontcache,miss,2711,2483,10569,13052,55,1
dontcache,hit,2711,258,544,802,0,1
dontcache,miss,2712,2357,10502,12859,55,1
dontcache,hit,2712,330,741,1071,0,1
dontcache,miss,2713,2580,10716,13296,56,1
dontcache,hit,2713,267,593,860,0,1
dontcache,miss,2714,2344,10831,13175,57,1
dontcache,hit,2714,264,554,818,0,1
dontcache,miss,2715,2539,10666,13205,56,1
dontcache,hit,2715,264,555,819,0,1
dontcache,miss,2716,2300,10400,12700,54,1
dontcache,hit,2716,262,563,825,0,1
dontcache,miss,2717,2555,10735,13290,56,1
dontcache,hit,2717,261,562,823,0,1
dontcache,miss,2718,2406,12183,14589,41,1
dontcache,hit,2718,268,631,899,0,1
dontcache,miss,2719,2562,10864,13426,57,1
dontcache,hit,2719,253,559,812,0,1
dontcache,miss,2720,2322,11161,13483,59,1
dontcache,hit,2720,302,705,1007,0,1
dontcache,miss,2721,2563,10717,13280,56,1
dontcache,hit,2721,271,585,856,0,1
dontcache,miss,2722,2335,10554,12889,55,1
dontcache,hit,2722,254,574,828,0,1
dontcache,miss,2723,2535,15851,18386,59,1
dontcache,hit,2723,253,578,831,0,1
dontcache,miss,2724,2659,11026,13685,58,1
dontcache,hit,2724,278,633,911,0,1
dontcache,miss,2725,2527,11233,13760,59,1
dontcache,hit,2725,257,576,833,0,1
dontcache,miss,2726,2336,10561,12897,55,1
dontcache,hit,2726,255,577,832,0,1
dontcache,miss,2727,2492,10527,13019,55,1
dontcache,hit,2727,259,568,827,0,1
dontcache,miss,2728,2355,10811,13166,57,1
dontcache,hit,2728,251,552,803,0,1
dontcache,miss,2729,2846,10962,13808,57,1
dontcache,hit,2729,353,802,1155,0,1
dontcache,miss,2730,2306,11034,13340,58,1
dontcache,hit,2730,262,587,849,0,1
dontcache,miss,2731,2543,10736,13279,56,1
dontcache,hit,2731,255,580,835,0,1
dontcache,miss,2732,6596,6504,13100,31,1
dontcache,hit,2732,258,598,856,0,1
dontcache,miss,2733,2517,10717,13234,56,1
dontcache,hit,2733,259,571,830,0,1
dontcache,miss,2734,2353,10853,13206,57,1
dontcache,hit,2734,337,800,1137,0,1
dontcache,miss,2735,2545,10728,13273,56,1
dontcache,hit,2735,266,602,868,0,1
dontcache,miss,2736,2366,10537,12903,55,1
dontcache,hit,2736,265,566,831,0,1
dontcache,miss,2737,2526,10836,13362,57,1
dontcache,hit,2737,255,549,804,0,1
dontcache,miss,2738,2364,10662,13026,56,1
dontcache,hit,2738,257,558,815,0,1
dontcache,miss,2739,2526,10567,13093,55,1
dontcache,hit,2739,265,552,817,0,1
dontcache,miss,2740,2348,15070,17418,55,1
dontcache,hit,2740,270,638,908,0,1
dontcache,miss,2741,2478,10489,12967,55,1
dontcache,hit,2741,261,577,838,0,1
dontcache,miss,2742,2337,10712,13049,56,1
dontcache,hit,2742,253,556,809,0,1
dontcache,miss,2743,2966,10528,13494,55,1
dontcache,hit,2743,254,545,799,0,1
dontcache,miss,2744,2378,10032,12410,52,1
dontcache,hit,2744,250,536,786,0,1
dontcache,miss,2745,2496,15105,17601,47,1
dontcache,hit,2745,258,552,810,0,1
dontcache,miss,2746,2567,10911,13478,57,1
dontcache,hit,2746,271,641,912,0,1
dontcache,miss,2747,2479,10742,13221,56,1
dontcache,hit,2747,261,559,820,0,1
dontcache,miss,2748,2327,10588,12915,55,1
dontcache,hit,2748,259,562,821,0,1
dontcache,miss,2749,2460,10608,13068,55,1
dontcache,hit,2749,249,562,811,0,1
dontcache,miss,2750,2351,10423,12774,55,1
dontcache,hit,2750,253,536,789,0,1
dontcache,miss,2751,2864,10622,13486,55,1
dontcache,hit,2751,310,813,1123,0,1
dontcache,miss,2752,2390,14337,16727,48,1
dontcache,hit,2752,269,614,883,0,1
dontcache,miss,2753,2519,11248,13767,59,1
dontcache,hit,2753,260,584,844,0,1
dontcache,miss,2754,2331,11046,13377,58,1
dontcache,hit,2754,264,564,828,0,1
dontcache,miss,2755,2522,10857,13379,57,1
dontcache,hit,2755,266,559,825,0,1
dontcache,miss,2756,2346,10658,13004,56,1
dontcache,hit,2756,313,780,1093,0,1
dontcache,miss,2757,2568,10706,13274,56,1
dontcache,hit,2757,267,619,886,0,1
dontcache,miss,2758,2391,10830,13221,57,1
dontcache,hit,2758,258,563,821,0,1
dontcache,miss,2759,2532,10734,13266,56,1
dontcache,hit,2759,262,570,832,0,1
dontcache,miss,2760,2369,10495,12864,55,1
dontcache,hit,2760,260,558,818,0,1
dontcache,miss,2761,2603,10769,13372,56,1
dontcache,hit,2761,263,564,827,0,1
dontcache,miss,2762,2354,13289,15643,43,1
dontcache,hit,2762,273,630,903,0,1
dontcache,miss,2763,2540,10903,13443,29,1
dontcache,hit,2763,260,580,840,0,1
dontcache,miss,2764,2479,10632,13111,48,1
dontcache,hit,2764,259,1436,1695,0,1
dontcache,miss,2765,2536,10606,13142,55,1
dontcache,hit,2765,262,562,824,0,1
dontcache,miss,2766,2325,10634,12959,56,1
dontcache,hit,2766,266,544,810,0,1
dontcache,miss,2767,2519,14812,17331,46,1
dontcache,hit,2767,251,541,792,0,1
dontcache,miss,2768,2699,10838,13537,57,1
dontcache,hit,2768,260,621,881,0,1
dontcache,miss,2769,2501,10713,13214,56,1
dontcache,hit,2769,259,573,832,0,1
dontcache,miss,2770,2380,10463,12843,55,1
dontcache,hit,2770,274,546,820,0,1
dontcache,miss,2771,2502,10585,13087,55,1
dontcache,hit,2771,265,547,812,0,1
dontcache,miss,2772,2317,10557,12874,55,1
dontcache,hit,2772,261,541,802,0,1
dontcache,miss,2773,2870,11153,14023,58,1
dontcache,hit,2773,325,825,1150,0,1
dontcache,miss,2774,2360,10594,12954,55,1
dontcache,hit,2774,251,589,840,0,1
dontcache,miss,2775,2518,10641,13159,55,1
dontcache,hit,2775,254,565,819,0,1
dontcache,miss,2776,2365,10712,13077,56,1
dontcache,hit,2776,258,556,814,0,1
dontcache,miss,2777,2500,10559,13059,55,1
dontcache,hit,2777,257,546,803,0,1
dontcache,miss,2778,2345,10607,12952,56,1
dontcache,hit,2778,318,776,1094,0,1
dontcache,miss,2779,2508,10572,13080,55,1
dontcache,hit,2779,274,616,890,0,1
dontcache,miss,2780,2425,10793,13218,57,1
dontcache,hit,2780,264,554,818,0,1
dontcache,miss,2781,2464,10763,13227,56,1
dontcache,hit,2781,263,548,811,0,1
dontcache,miss,2782,2371,10568,12939,55,1
dontcache,hit,2782,263,538,801,0,1
dontcache,miss,2783,2511,10549,13060,55,1
dontcache,hit,2783,261,566,827,0,1
dontcache,miss,2784,2349,15661,18010,40,1
dontcache,hit,2784,264,651,915,0,1
dontcache,miss,2785,2560,11024,13584,58,1
dontcache,hit,2785,256,580,836,0,1
dontcache,miss,2786,2320,11354,13674,60,1
dontcache,hit,2786,258,569,827,0,1
dontcache,miss,2787,2533,10896,13429,57,1
dontcache,hit,2787,255,571,826,0,1
dontcache,miss,2788,2408,10589,12997,55,1
dontcache,hit,2788,256,567,823,0,1
dontcache,miss,2789,2548,15082,17630,49,1
dontcache,hit,2789,253,565,818,0,1
dontcache,miss,2790,2560,11041,13601,58,1
dontcache,hit,2790,270,612,882,0,1
dontcache,miss,2791,2519,11372,13891,60,1
dontcache,hit,2791,263,559,822,0,1
dontcache,miss,2792,2346,10531,12877,55,1
dontcache,hit,2792,259,564,823,0,1
dontcache,miss,2793,2473,10495,12968,55,1
dontcache,hit,2793,254,564,818,0,1
dontcache,miss,2794,2345,10570,12915,55,1
dontcache,hit,2794,256,560,816,0,1
dontcache,miss,2795,3188,10783,13971,56,1
dontcache,hit,2795,6043,966,7009,0,1
dontcache,miss,2796,2412,10654,13066,56,1
dontcache,hit,2796,268,660,928,0,1
dontcache,miss,2797,2491,10908,13399,57,1
dontcache,hit,2797,271,568,839,0,1
dontcache,miss,2798,2396,10882,13278,57,1
dontcache,hit,2798,272,557,829,0,1
dontcache,miss,2799,2499,10544,13043,55,1
dontcache,hit,2799,260,559,819,0,1
dontcache,miss,2800,2358,10673,13031,56,1
dontcache,hit,2800,339,791,1130,0,1
dontcache,miss,2801,2604,10529,13133,55,1
dontcache,hit,2801,269,637,906,0,1
dontcache,miss,2802,2361,10664,13025,56,1
dontcache,hit,2802,260,577,837,0,1
dontcache,miss,2803,2511,10732,13243,56,1
dontcache,hit,2803,261,557,818,0,1
dontcache,miss,2804,2332,10628,12960,56,1
dontcache,hit,2804,263,559,822,0,1
dontcache,miss,2805,2544,10512,13056,55,1
dontcache,hit,2805,259,563,822,0,1
dontcache,miss,2806,2345,12432,14777,42,1
dontcache,hit,2806,261,630,891,0,1
dontcache,miss,2807,2523,10671,13194,56,1
dontcache,hit,2807,262,570,832,0,1
dontcache,miss,2808,2342,10700,13042,56,1
dontcache,hit,2808,257,549,806,0,1
dontcache,miss,2809,2566,10474,13040,55,1
dontcache,hit,2809,254,555,809,0,1
dontcache,miss,2810,2330,10702,13032,56,1
dontcache,hit,2810,257,570,827,0,1
dontcache,miss,2811,2508,12355,14863,42,1
dontcache,hit,2811,259,566,825,0,1
dontcache,miss,2812,2506,10401,12907,54,1
dontcache,hit,2812,264,597,861,0,1
dontcache,miss,2813,2493,10776,13269,56,1
dontcache,hit,2813,253,574,827,0,1
dontcache,miss,2814,2428,10479,12907,55,1
dontcache,hit,2814,258,568,826,0,1
dontcache,miss,2815,2514,10804,13318,56,1
dontcache,hit,2815,254,549,803,0,1
dontcache,miss,2816,7842,10508,18350,54,1
dontcache,hit,2816,279,628,907,0,1
dontcache,miss,2817,2808,11281,14089,59,1
dontcache,hit,2817,329,817,1146,0,1
dontcache,miss,2818,2319,10718,13037,56,1
dontcache,hit,2818,270,603,873,0,1
dontcache,miss,2819,2498,11095,13593,58,1
dontcache,hit,2819,267,600,867,0,1
dontcache,miss,2820,2363,10660,13023,56,1
dontcache,hit,2820,269,558,827,0,1
dontcache,miss,2821,2574,10526,13100,55,1
dontcache,hit,2821,272,577,849,0,1
dontcache,miss,2822,2328,10483,12811,55,1
dontcache,hit,2822,340,838,1178,0,1
dontcache,miss,2823,2594,10800,13394,56,1
dontcache,hit,2823,275,641,916,0,1
dontcache,miss,2824,2333,10845,13178,57,1
dontcache,hit,2824,270,571,841,0,1
dontcache,miss,2825,2542,10796,13338,57,1
dontcache,hit,2825,269,583,852,0,1
dontcache,miss,2826,2378,10569,12947,55,1
dontcache,hit,2826,269,565,834,0,1
dontcache,miss,2827,2717,10567,13284,55,1
dontcache,hit,2827,287,714,1001,0,1
dontcache,miss,2828,2298,15861,18159,51,1
dontcache,hit,2828,266,650,916,0,1
dontcache,miss,2829,2560,10885,13445,57,1
dontcache,hit,2829,262,589,851,0,1
dontcache,miss,2830,2351,10980,13331,58,1
dontcache,hit,2830,262,542,804,0,1
dontcache,miss,2831,2510,10566,13076,55,1
dontcache,hit,2831,262,549,811,0,1
dontcache,miss,2832,2292,10553,12845,55,1
dontcache,hit,2832,260,551,811,0,1
dontcache,miss,2833,2532,15142,17674,55,1
dontcache,hit,2833,259,537,796,0,1
dontcache,miss,2834,2587,10829,13416,57,1
dontcache,hit,2834,278,617,895,0,1
dontcache,miss,2835,2523,11085,13608,58,1
dontcache,hit,2835,259,576,835,0,1
dontcache,miss,2836,2404,10404,12808,55,1
dontcache,hit,2836,263,548,811,0,1
dontcache,miss,2837,2510,10612,13122,55,1
dontcache,hit,2837,260,549,809,0,1
dontcache,miss,2838,2285,10467,12752,55,1
dontcache,hit,2838,263,549,812,0,1
dontcache,miss,2839,2876,10981,13857,57,1
dontcache,hit,2839,329,829,1158,0,1
dontcache,miss,2840,2315,10704,13019,56,1
dontcache,hit,2840,264,611,875,0,1
dontcache,miss,2841,2514,10543,13057,55,1
dontcache,hit,2841,264,562,826,0,1
dontcache,miss,2842,2403,10693,13096,56,1
dontcache,hit,2842,267,566,833,0,1
dontcache,miss,2843,2511,10533,13044,55,1
dontcache,hit,2843,266,578,844,0,1
dontcache,miss,2844,2342,10470,12812,55,1
dontcache,hit,2844,314,796,1110,0,1
dontcache,miss,2845,2539,10622,13161,55,1
dontcache,hit,2845,271,610,881,0,1
dontcache,miss,2846,2356,10843,13199,57,1
dontcache,hit,2846,267,590,857,0,1
dontcache,miss,2847,2647,11461,14108,60,1
dontcache,hit,2847,307,652,959,0,1
dontcache,miss,2848,2326,10864,13190,57,1
dontcache,hit,2848,265,601,866,0,1
dontcache,miss,2849,2528,10665,13193,56,1
dontcache,hit,2849,264,578,842,0,1
dontcache,miss,2850,2277,14664,16941,49,1
dontcache,hit,2850,275,657,932,0,1
dontcache,miss,2851,2530,10838,13368,57,1
dontcache,hit,2851,258,582,840,0,1
dontcache,miss,2852,2382,11147,13529,59,1
dontcache,hit,2852,255,560,815,0,1
dontcache,miss,2853,2534,9370,11904,48,1
dontcache,hit,2853,255,576,831,0,1
dontcache,miss,2854,2305,9327,11632,48,1
dontcache,hit,2854,256,578,834,0,1
dontcache,miss,2855,2576,12455,15031,47,1
dontcache,hit,2855,255,575,830,0,1
dontcache,miss,2856,2481,10686,13167,56,1
dontcache,hit,2856,269,636,905,0,1
dontcache,miss,2857,2496,10814,13310,57,1
dontcache,hit,2857,252,576,828,0,1
dontcache,miss,2858,2352,10750,13102,56,1
dontcache,hit,2858,254,576,830,0,1
dontcache,miss,2859,2628,10517,13145,55,1
dontcache,hit,2859,276,593,869,0,1
dontcache,miss,2860,2336,11039,13375,58,1
dontcache,hit,2860,254,549,803,0,1
dontcache,miss,2861,2816,10557,13373,55,1
dontcache,hit,2861,327,808,1135,0,1
dontcache,miss,2862,2394,10574,12968,55,1
dontcache,hit,2862,256,592,848,0,1
dontcache,miss,2863,2502,10683,13185,56,1
dontcache,hit,2863,259,546,805,0,1
dontcache,miss,2864,2341,10855,13196,57,1
dontcache,hit,2864,258,547,805,0,1
dontcache,miss,2865,2494,10906,13400,57,1
dontcache,hit,2865,260,552,812,0,1
dontcache,miss,2866,2348,10693,13041,56,1
dontcache,hit,2866,340,775,1115,0,1
dontcache,miss,2867,2584,10613,13197,55,1
dontcache,hit,2867,275,600,875,0,1
dontcache,miss,2868,2403,10974,13377,57,1
dontcache,hit,2868,273,566,839,0,1
dontcache,miss,2869,2510,10643,13153,55,1
dontcache,hit,2869,264,567,831,0,1
dontcache,miss,2870,2369,10450,12819,54,1
dontcache,hit,2870,273,560,833,0,1
dontcache,miss,2871,2560,10640,13200,55,1
dontcache,hit,2871,271,561,832,0,1
dontcache,miss,2872,2358,12541,14899,42,1
dontcache,hit,2872,267,618,885,0,1
dontcache,miss,2873,2504,10953,13457,57,1
dontcache,hit,2873,259,570,829,0,1
dontcache,miss,2874,2308,10765,13073,56,1
dontcache,hit,2874,270,550,820,0,1
dontcache,miss,2875,2486,9325,11811,47,1
dontcache,hit,2875,263,547,810,0,1
dontcache,miss,2876,2365,9862,12227,51,1
dontcache,hit,2876,269,556,825,0,1
dontcache,miss,2877,2515,12364,14879,41,1
dontcache,hit,2877,262,550,812,0,1
dontcache,miss,2878,2474,10960,13434,57,1
dontcache,hit,2878,265,606,871,0,1
dontcache,miss,2879,2516,14769,17285,47,1
dontcache,hit,2879,258,550,808,0,1
dontcache,miss,2880,2760,11113,13873,58,1
dontcache,hit,2880,272,632,904,0,1
dontcache,miss,2881,2492,10462,12954,54,1
dontcache,hit,2881,260,569,829,0,1
dontcache,miss,2882,2314,10912,13226,57,1
dontcache,hit,2882,261,570,831,0,1
dontcache,miss,2883,2856,11091,13947,57,1
dontcache,hit,2883,360,837,1197,0,1
dontcache,miss,2884,2412,10750,13162,56,1
dontcache,hit,2884,274,600,874,0,1
dontcache,miss,2885,2567,10630,13197,55,1
dontcache,hit,2885,262,570,832,0,1
dontcache,miss,2886,2315,10730,13045,56,1
dontcache,hit,2886,271,563,834,0,1
dontcache,miss,2887,2571,10822,13393,56,1
dontcache,hit,2887,259,579,838,0,1
dontcache,miss,2888,2351,10773,13124,56,1
dontcache,hit,2888,338,856,1194,0,1
dontcache,miss,2889,2519,10710,13229,55,1
dontcache,hit,2889,271,616,887,0,1
dontcache,miss,2890,2388,10945,13333,57,1
dontcache,hit,2890,3891,659,4550,0,1
dontcache,miss,2891,2521,10835,13356,56,1
dontcache,hit,2891,279,589,868,0,1
dontcache,miss,2892,2328,10613,12941,55,1
dontcache,hit,2892,269,558,827,0,1
dontcache,miss,2893,2541,10893,13434,56,1
dontcache,hit,2893,259,569,828,0,1
dontcache,miss,2894,2391,15808,18199,50,1
dontcache,hit,2894,301,641,942,0,1
dontcache,miss,2895,2512,10744,13256,55,1
dontcache,hit,2895,266,577,843,0,1
dontcache,miss,2896,2332,11122,13454,58,1
dontcache,hit,2896,260,554,814,0,1
dontcache,miss,2897,2503,10651,13154,55,1
dontcache,hit,2897,271,552,823,0,1
dontcache,miss,2898,2346,10666,13012,55,1
dontcache,hit,2898,269,551,820,0,1
dontcache,miss,2899,2530,15000,17530,48,1
dontcache,hit,2899,261,547,808,0,1
dontcache,miss,2900,2588,10491,13079,54,1
dontcache,hit,2900,281,635,916,0,1
dontcache,miss,2901,2533,11097,13630,57,1
dontcache,hit,2901,262,572,834,0,1
dontcache,miss,2902,2291,10468,12759,54,1
dontcache,hit,2902,268,554,822,0,1
dontcache,miss,2903,2501,10441,12942,54,1
dontcache,hit,2903,259,553,812,0,1
dontcache,miss,2904,2334,10389,12723,54,1
dontcache,hit,2904,267,547,814,0,1
dontcache,miss,2905,2828,10729,13557,55,1
dontcache,hit,2905,324,823,1147,0,1
dontcache,miss,2906,2322,10588,12910,55,1
dontcache,hit,2906,263,607,870,0,1
dontcache,miss,2907,2521,10451,12972,54,1
dontcache,hit,2907,263,566,829,0,1
dontcache,miss,2908,2348,10569,12917,55,1
dontcache,hit,2908,264,563,827,0,1
dontcache,miss,2909,2497,10422,12919,54,1
dontcache,hit,2909,259,553,812,0,1
dontcache,miss,2910,2388,10589,12977,55,1
dontcache,hit,2910,353,784,1137,0,1
dontcache,miss,2911,2906,10700,13606,55,1
dontcache,hit,2911,288,723,1011,0,1
dontcache,miss,2912,2375,10936,13311,57,1
dontcache,hit,2912,272,574,846,0,1
dontcache,miss,2913,2499,10818,13317,56,1
dontcache,hit,2913,261,568,829,0,1
dontcache,miss,2914,2371,10409,12780,54,1
dontcache,hit,2914,273,569,842,0,1
dontcache,miss,2915,2509,10748,13257,56,1
dontcache,hit,2915,262,576,838,0,1
dontcache,miss,2916,2396,13131,15527,49,1
dontcache,hit,2916,272,652,924,0,1
dontcache,miss,2917,2530,10915,13445,57,1
dontcache,hit,2917,257,576,833,0,1
dontcache,miss,2918,2390,11126,13516,58,1
dontcache,hit,2918,266,564,830,0,1
dontcache,miss,2919,2569,10627,13196,55,1
dontcache,hit,2919,262,561,823,0,1
dontcache,miss,2920,2350,10506,12856,54,1
dontcache,hit,2920,268,557,825,0,1
dontcache,miss,2921,2544,12809,15353,41,1
dontcache,hit,2921,259,564,823,0,1
dontcache,miss,2922,2547,10841,13388,56,1
dontcache,hit,2922,291,719,1010,0,1
dontcache,miss,2923,2615,11207,13822,58,1
dontcache,hit,2923,255,581,836,0,1
dontcache,miss,2924,2385,10615,13000,55,1
dontcache,hit,2924,266,561,827,0,1
dontcache,miss,2925,2547,10477,13024,54,1
dontcache,hit,2925,258,548,806,0,1
dontcache,miss,2926,2409,10958,13367,57,1
dontcache,hit,2926,265,532,797,0,1
dontcache,miss,2927,2852,11200,14052,58,1
dontcache,hit,2927,355,834,1189,0,1
dontcache,miss,2928,2340,10672,13012,55,1
dontcache,hit,2928,267,624,891,0,1
dontcache,miss,2929,2534,10653,13187,55,1
dontcache,hit,2929,273,546,819,0,1
dontcache,miss,2930,2404,10616,13020,55,1
dontcache,hit,2930,271,551,822,0,1
dontcache,miss,2931,2511,11009,13520,57,1
dontcache,hit,2931,265,543,808,0,1
dontcache,miss,2932,2359,10574,12933,55,1
dontcache,hit,2932,335,842,1177,0,1
dontcache,miss,2933,2536,10817,13353,56,1
dontcache,hit,2933,269,644,913,0,1
dontcache,miss,2934,2396,10823,13219,56,1
dontcache,hit,2934,270,563,833,0,1
dontcache,miss,2935,2564,10739,13303,56,1
dontcache,hit,2935,272,565,837,0,1
dontcache,miss,2936,2355,10388,12743,54,1
dontcache,hit,2936,272,574,846,0,1
dontcache,miss,2937,2557,10499,13056,54,1
dontcache,hit,2937,263,559,822,0,1
dontcache,miss,2938,2360,14762,17122,48,1
dontcache,hit,2938,278,630,908,0,1
dontcache,miss,2939,2514,10792,13306,56,1
dontcache,hit,2939,258,559,817,0,1
dontcache,miss,2940,2343,10764,13107,56,1
dontcache,hit,2940,268,557,825,0,1
dontcache,miss,2941,2535,10607,13142,55,1
dontcache,hit,2941,261,559,820,0,1
dontcache,miss,2942,2372,10601,12973,55,1
dontcache,hit,2942,266,608,874,0,1
dontcache,miss,2943,2583,14775,17358,53,1
dontcache,hit,2943,261,591,852,0,1
dontcache,miss,2944,2545,10997,13542,57,1
dontcache,hit,2944,271,621,892,0,1
dontcache,miss,2945,2552,11177,13729,58,1
dontcache,hit,2945,260,592,852,0,1
dontcache,miss,2946,2309,10562,12871,55,1
dontcache,hit,2946,260,571,831,0,1
dontcache,miss,2947,2570,10482,13052,54,1
dontcache,hit,2947,257,584,841,0,1
dontcache,miss,2948,2419,10570,12989,55,1
dontcache,hit,2948,263,575,838,0,1
dontcache,miss,2949,2842,10702,13544,55,1
dontcache,hit,2949,356,862,1218,0,1
dontcache,miss,2950,2303,10622,12925,55,1
dontcache,hit,2950,269,590,859,0,1
dontcache,miss,2951,2536,10649,13185,55,1
dontcache,hit,2951,262,586,848,0,1
dontcache,miss,2952,2316,10555,12871,55,1
dontcache,hit,2952,275,567,842,0,1
dontcache,miss,2953,2549,10533,13082,54,1
dontcache,hit,2953,264,581,845,0,1
dontcache,miss,2954,2355,14659,17014,46,1
dontcache,hit,2954,318,796,1114,0,1
dontcache,miss,2955,2568,10704,13272,55,1
dontcache,hit,2955,264,617,881,0,1
dontcache,miss,2956,2315,10431,12746,54,1
dontcache,hit,2956,261,571,832,0,1
dontcache,miss,2957,2556,10752,13308,56,1
dontcache,hit,2957,274,565,839,0,1
dontcache,miss,2958,2361,10428,12789,54,1
dontcache,hit,2958,272,559,831,0,1
dontcache,miss,2959,2552,10701,13253,55,1
dontcache,hit,2959,260,552,812,0,1
dontcache,miss,2960,2410,12625,15035,43,1
dontcache,hit,2960,276,631,907,0,1
dontcache,miss,2961,2492,10672,13164,55,1
dontcache,hit,2961,260,571,831,0,1
dontcache,miss,2962,2382,11177,13559,58,1
dontcache,hit,2962,261,557,818,0,1
dontcache,miss,2963,2587,10532,13119,54,1
dontcache,hit,2963,258,575,833,0,1
dontcache,miss,2964,2356,10441,12797,54,1
dontcache,hit,2964,267,553,820,0,1
dontcache,miss,2965,2541,12731,15272,43,1
dontcache,hit,2965,258,555,813,0,1
dontcache,miss,2966,2452,10685,13137,55,1
dontcache,hit,2966,275,590,865,0,1
dontcache,miss,2967,2524,10764,13288,56,1
dontcache,hit,2967,257,568,825,0,1
dontcache,miss,2968,2356,10583,12939,55,1
dontcache,hit,2968,268,546,814,0,1
dontcache,miss,2969,2588,9844,12432,46,1
dontcache,hit,2969,265,1934,2199,0,1
dontcache,miss,2970,2331,10722,13053,55,1
dontcache,hit,2970,260,545,805,0,1
dontcache,miss,2971,2732,10646,13378,55,1
dontcache,hit,2971,336,795,1131,0,1
dontcache,miss,2972,2388,10448,12836,54,1
dontcache,hit,2972,266,593,859,0,1
dontcache,miss,2973,2513,10662,13175,55,1
dontcache,hit,2973,261,556,817,0,1
dontcache,miss,2974,2383,10514,12897,54,1
dontcache,hit,2974,333,688,1021,0,1
dontcache,miss,2975,2572,10970,13542,57,1
dontcache,hit,2975,263,562,825,0,1
dontcache,miss,2976,2313,10574,12887,55,1
dontcache,hit,2976,329,779,1108,0,1
dontcache,miss,2977,2558,10546,13104,54,1
dontcache,hit,2977,262,605,867,0,1
dontcache,miss,2978,2327,10919,13246,57,1
dontcache,hit,2978,262,569,831,0,1
dontcache,miss,2979,2518,10958,13476,57,1
dontcache,hit,2979,261,559,820,0,1
dontcache,miss,2980,2395,10641,13036,55,1
dontcache,hit,2980,269,555,824,0,1
dontcache,miss,2981,2522,10845,13367,56,1
dontcache,hit,2981,262,567,829,0,1
dontcache,miss,2982,2343,14896,17239,47,1
dontcache,hit,2982,290,628,918,0,1
dontcache,miss,2983,2530,10995,13525,57,1
dontcache,hit,2983,258,572,830,0,1
dontcache,miss,2984,2363,11339,13702,59,1
dontcache,hit,2984,258,567,825,0,1
dontcache,miss,2985,2516,10597,13113,55,1
dontcache,hit,2985,261,569,830,0,1
dontcache,miss,2986,2339,10649,12988,27,1
dontcache,hit,2986,265,637,902,0,1
dontcache,miss,2987,2507,15517,18024,57,1
dontcache,hit,2987,318,558,876,0,1
dontcache,miss,2988,2630,10833,13463,56,1
dontcache,hit,2988,273,595,868,0,1
dontcache,miss,2989,2555,11224,13779,58,1
dontcache,hit,2989,262,564,826,0,1
dontcache,miss,2990,2368,10448,12816,54,1
dontcache,hit,2990,261,539,800,0,1
dontcache,miss,2991,2544,10488,13032,54,1
dontcache,hit,2991,263,544,807,0,1
dontcache,miss,2992,2311,10806,13117,56,1
dontcache,hit,2992,260,544,804,0,1
dontcache,miss,2993,2916,10822,13738,56,1
dontcache,hit,2993,326,839,1165,0,1
dontcache,miss,2994,2404,10999,13403,57,1
dontcache,hit,2994,264,583,847,0,1
dontcache,miss,2995,2554,10594,13148,55,1
dontcache,hit,2995,264,553,817,0,1
dontcache,miss,2996,2359,10814,13173,56,1
dontcache,hit,2996,272,567,839,0,1
dontcache,miss,2997,2553,10475,13028,54,1
dontcache,hit,2997,259,566,825,0,1
dontcache,miss,2998,2358,10409,12767,54,1
dontcache,hit,2998,311,811,1122,0,1
dontcache,miss,2999,2570,11013,13583,57,1
dontcache,hit,2999,271,603,874,0,1
dontcache,miss,3000,2309,11142,13451,58,1
dontcache,hit,3000,264,550,814,0,1
dontcache,miss,3001,2541,10834,13375,56,1
dontcache,hit,3001,261,538,799,0,1
dontcache,miss,3002,2322,10591,12913,55,1
dontcache,hit,3002,267,546,813,0,1
dontcache,miss,3003,2541,10798,13339,56,1
dontcache,hit,3003,268,534,802,0,1
dontcache,miss,3004,2346,14851,17197,54,1
dontcache,hit,3004,267,622,889,0,1
dontcache,miss,3005,2504,10881,13385,56,1
dontcache,hit,3005,260,538,798,0,1
dontcache,miss,3006,2358,14665,17023,58,1
dontcache,hit,3006,263,588,851,0,1
dontcache,miss,3007,2550,10835,13385,56,1
dontcache,hit,3007,261,573,834,0,1
dontcache,miss,3008,2305,10570,12875,55,1
dontcache,hit,3008,268,562,830,0,1
dontcache,miss,3009,2509,14931,17440,56,1
dontcache,hit,3009,268,565,833,0,1
dontcache,miss,3010,2594,11304,13898,59,1
dontcache,hit,3010,262,613,875,0,1
dontcache,miss,3011,2575,11379,13954,59,1
dontcache,hit,3011,267,567,834,0,1
dontcache,miss,3012,2291,10859,13150,56,1
dontcache,hit,3012,265,557,822,0,1
dontcache,miss,3013,2532,10849,13381,56,1
dontcache,hit,3013,259,568,827,0,1
dontcache,miss,3014,2324,10788,13112,56,1
dontcache,hit,3014,268,556,824,0,1
dontcache,miss,3015,2701,10647,13348,55,1
dontcache,hit,3015,337,808,1145,0,1
dontcache,miss,3016,2392,10620,13012,55,1
dontcache,hit,3016,258,592,850,0,1
dontcache,miss,3017,2678,10703,13381,55,1
dontcache,hit,3017,283,686,969,0,1
dontcache,miss,3018,2308,10826,13134,56,1
dontcache,hit,3018,277,579,856,0,1
dontcache,miss,3019,2517,10733,13250,56,1
dontcache,hit,3019,263,578,841,0,1
dontcache,miss,3020,2320,10816,13136,56,1
dontcache,hit,3020,297,795,1092,0,1
dontcache,miss,3021,2585,10499,13084,54,1
dontcache,hit,3021,270,615,885,0,1
dontcache,miss,3022,2384,10607,12991,55,1
dontcache,hit,3022,258,556,814,0,1
dontcache,miss,3023,2545,10829,13374,56,1
dontcache,hit,3023,263,556,819,0,1
dontcache,miss,3024,2358,10471,12829,54,1
dontcache,hit,3024,261,528,789,0,1
dontcache,miss,3025,2532,10599,13131,55,1
dontcache,hit,3025,263,546,809,0,1
dontcache,miss,3026,2366,12496,14862,42,1
dontcache,hit,3026,276,614,890,0,1
dontcache,miss,3027,2526,10828,13354,56,1
dontcache,hit,3027,263,577,840,0,1
dontcache,miss,3028,2328,10624,12952,55,1
dontcache,hit,3028,268,557,825,0,1
dontcache,miss,3029,2559,10661,13220,55,1
dontcache,hit,3029,263,580,843,0,1
dontcache,miss,3030,2383,10532,12915,55,1
dontcache,hit,3030,260,551,811,0,1
dontcache,miss,3031,2536,12374,14910,41,1
dontcache,hit,3031,263,540,803,0,1
dontcache,miss,3032,2503,10632,13135,55,1
dontcache,hit,3032,272,600,872,0,1
dontcache,miss,3033,2510,10675,13185,55,1
dontcache,hit,3033,258,575,833,0,1
dontcache,miss,3034,2364,10539,12903,55,1
dontcache,hit,3034,267,561,828,0,1
dontcache,miss,3035,2526,10452,12978,54,1
dontcache,hit,3035,257,560,817,0,1
dontcache,miss,3036,2334,10633,12967,55,1
dontcache,hit,3036,265,553,818,0,1
dontcache,miss,3037,2781,14474,17255,55,1
dontcache,hit,3037,336,773,1109,0,1
dontcache,miss,3038,2754,11203,13957,58,1
dontcache,hit,3038,262,643,905,0,1
dontcache,miss,3039,2519,10693,13212,55,1
dontcache,hit,3039,266,591,857,0,1
dontcache,miss,3040,2351,11004,13355,57,1
dontcache,hit,3040,263,627,890,0,1
dontcache,miss,3041,2552,11214,13766,58,1
dontcache,hit,3041,330,645,975,0,1
dontcache,miss,3042,2347,10780,13127,56,1
dontcache,hit,3042,347,808,1155,0,1
dontcache,miss,3043,2692,10698,13390,55,1
dontcache,hit,3043,267,621,888,0,1
dontcache,miss,3044,2362,10825,13187,56,1
dontcache,hit,3044,262,582,844,0,1
dontcache,miss,3045,2545,15983,18528,86,1
dontcache,hit,3045,273,581,854,0,1
dontcache,miss,3046,2161,11004,13165,57,1
dontcache,hit,3046,263,584,847,0,1
dontcache,miss,3047,2542,10807,13349,56,1
dontcache,hit,3047,266,575,841,0,1
dontcache,miss,3048,2318,15130,17448,53,1
dontcache,hit,3048,287,746,1033,0,1
dontcache,miss,3049,2548,11180,13728,58,1
dontcache,hit,3049,263,576,839,0,1
dontcache,miss,3050,2454,16449,18903,88,1
dontcache,hit,3050,269,552,821,0,1
dontcache,miss,3051,2360,10789,13149,56,1
dontcache,hit,3051,258,566,824,0,1
dontcache,miss,3052,2362,12843,15205,68,1
dontcache,hit,3052,265,541,806,0,1
dontcache,miss,3053,2565,15579,18144,48,1
dontcache,hit,3053,262,530,792,0,1
dontcache,miss,3054,2659,10649,13308,55,1
dontcache,hit,3054,275,623,898,0,1
dontcache,miss,3055,2561,12815,15376,68,1
dontcache,hit,3055,258,564,822,0,1
dontcache,miss,3056,2321,10614,12935,55,1
dontcache,hit,3056,268,551,819,0,1
dontcache,miss,3057,2506,10621,13127,55,1
dontcache,hit,3057,257,539,796,0,1
dontcache,miss,3058,2354,9363,11717,48,1
dontcache,hit,3058,263,558,821,0,1
dontcache,miss,3059,2943,10534,13477,54,1
dontcache,hit,3059,359,822,1181,0,1
dontcache,miss,3060,2358,10689,13047,55,1
dontcache,hit,3060,269,580,849,0,1
dontcache,miss,3061,2472,10668,13140,55,1
dontcache,hit,3061,262,549,811,0,1
dontcache,miss,3062,2326,13472,15798,71,1
dontcache,hit,3062,273,544,817,0,1
dontcache,miss,3063,2577,9245,11822,47,1
dontcache,hit,3063,262,536,798,0,1
dontcache,miss,3064,2356,9245,11601,47,1
dontcache,hit,3064,339,814,1153,0,1
dontcache,miss,3065,2563,10517,13080,54,1
dontcache,hit,3065,270,626,896,0,1
dontcache,miss,3066,2314,10698,13012,55,1
dontcache,hit,3066,269,553,822,0,1
dontcache,miss,3067,2516,11483,13999,60,1
dontcache,hit,3067,262,567,829,0,1
dontcache,miss,3068,2127,10908,13035,56,1
dontcache,hit,3068,280,622,902,0,1
dontcache,miss,3069,2548,10828,13376,56,1
dontcache,hit,3069,270,556,826,0,1
dontcache,miss,3070,2394,15005,17399,50,1
dontcache,hit,3070,275,663,938,0,1
dontcache,miss,3071,2518,11026,13544,53,1
dontcache,hit,3071,258,1833,2091,0,1
dontcache,miss,3072,2406,11192,13598,58,1
dontcache,hit,3072,266,561,827,0,1
dontcache,miss,3073,2422,10866,13288,56,1
dontcache,hit,3073,257,556,813,0,1
dontcache,miss,3074,2345,10638,12983,55,1
dontcache,hit,3074,266,550,816,0,1
dontcache,miss,3075,2525,12888,15413,43,1
dontcache,hit,3075,260,577,837,0,1
dontcache,miss,3076,2514,10829,13343,56,1
dontcache,hit,3076,271,641,912,0,1
dontcache,miss,3077,2512,10963,13475,57,1
dontcache,hit,3077,259,568,827,0,1
dontcache,miss,3078,2354,10450,12804,54,1
dontcache,hit,3078,267,554,821,0,1
dontcache,miss,3079,2537,10502,13039,54,1
dontcache,hit,3079,265,566,831,0,1
dontcache,miss,3080,2560,10677,13237,55,1
dontcache,hit,3080,265,578,843,0,1
dontcache,miss,3081,2807,10948,13755,57,1
dontcache,hit,3081,315,816,1131,0,1
dontcache,miss,3082,2389,10837,13226,56,1
dontcache,hit,3082,267,601,868,0,1
dontcache,miss,3083,2479,10672,13151,55,1
dontcache,hit,3083,263,549,812,0,1
dontcache,miss,3084,2391,11505,13896,60,1
dontcache,hit,3084,263,556,819,0,1
dontcache,miss,3085,2556,9990,12546,51,1
dontcache,hit,3085,268,551,819,0,1
dontcache,miss,3086,2409,10633,13042,55,1
dontcache,hit,3086,304,785,1089,0,1
dontcache,miss,3087,2549,10492,13041,54,1
dontcache,hit,3087,268,613,881,0,1
dontcache,miss,3088,2374,10774,13148,56,1
dontcache,hit,3088,269,560,829,0,1
dontcache,miss,3089,2526,11587,14113,61,1
dontcache,hit,3089,264,574,838,0,1
dontcache,miss,3090,2174,10786,12960,56,1
dontcache,hit,3090,274,550,824,0,1
dontcache,miss,3091,2570,10645,13215,55,1
dontcache,hit,3091,267,554,821,0,1
dontcache,miss,3092,2395,11768,14163,38,1
dontcache,hit,3092,277,637,914,0,1
dontcache,miss,3093,2532,10849,13381,56,1
dontcache,hit,3093,269,573,842,0,1
dontcache,miss,3094,2367,10544,12911,55,1
dontcache,hit,3094,268,545,813,0,1
dontcache,miss,3095,2365,10135,12500,52,1
dontcache,hit,3095,261,548,809,0,1
dontcache,miss,3096,2322,9215,11537,47,1
dontcache,hit,3096,264,544,808,0,1
dontcache,miss,3097,2514,12656,15170,43,1
dontcache,hit,3097,261,540,801,0,1
dontcache,miss,3098,2450,10848,13298,56,1
dontcache,hit,3098,280,615,895,0,1
dontcache,miss,3099,2501,10649,13150,55,1
dontcache,hit,3099,262,569,831,0,1
dontcache,miss,3100,2322,10655,12977,55,1
dontcache,hit,3100,326,751,1077,0,1
dontcache,miss,3101,2537,10654,13191,55,1
dontcache,hit,3101,268,584,852,0,1
dontcache,miss,3102,2371,10554,12925,55,1
dontcache,hit,3102,269,558,827,0,1
dontcache,miss,3103,2946,10771,13717,55,1
dontcache,hit,3103,336,845,1181,0,1
dontcache,miss,3104,2468,10603,13071,55,1
dontcache,hit,3104,270,583,853,0,1
dontcache,miss,3105,2532,10536,13068,54,1
dontcache,hit,3105,263,572,835,0,1
dontcache,miss,3106,2389,11591,13980,61,1
dontcache,hit,3106,275,576,851,0,1
dontcache,miss,3107,2575,10497,13072,54,1
dontcache,hit,3107,260,557,817,0,1
dontcache,miss,3108,2377,10622,12999,55,1
dontcache,hit,3108,339,793,1132,0,1
dontcache,miss,3109,2548,10641,13189,55,1
dontcache,hit,3109,273,625,898,0,1
dontcache,miss,3110,2320,10579,12899,55,1
dontcache,hit,3110,269,937,1206,0,1
dontcache,miss,3111,8196,16896,25092,89,1
dontcache,hit,3111,534,779,1313,0,1
dontcache,miss,3112,3797,15764,19561,83,1
dontcache,hit,3112,1124,3430,4554,0,1
dontcache,miss,3113,4306,14413,18719,77,1
dontcache,hit,3113,265,565,830,0,1
dontcache,miss,3114,3068,16928,19996,55,1
dontcache,hit,3114,284,630,914,0,1
dontcache,miss,3115,2550,14069,16619,73,1
dontcache,hit,3115,261,600,861,0,1
dontcache,miss,3116,3611,13083,16694,62,1
dontcache,hit,3116,268,1264,1532,0,1
dontcache,miss,3117,3269,14476,17745,66,1
dontcache,hit,3117,272,1732,2004,0,1
dontcache,miss,3118,2450,11773,14223,61,1
dontcache,hit,3118,269,639,908,0,1
dontcache,miss,3119,2619,17375,19994,58,1
dontcache,hit,3119,259,789,1048,0,1
dontcache,miss,3120,3174,12284,15458,63,1
dontcache,hit,3120,270,619,889,0,1
dontcache,miss,3121,2844,11391,14235,58,1
dontcache,hit,3121,263,1667,1930,0,1
dontcache,miss,3122,2714,12616,15330,62,1
dontcache,hit,3122,271,854,1125,0,1
dontcache,miss,3123,2750,12716,15466,67,1
dontcache,hit,3123,269,1212,1481,0,1
dontcache,miss,3124,2459,12884,15343,68,1
dontcache,hit,3124,269,551,820,0,1
dontcache,miss,3125,2960,11212,14172,58,1
dontcache,hit,3125,362,1472,1834,0,1
dontcache,miss,3126,2646,11915,14561,62,1
dontcache,hit,3126,265,597,862,0,1
dontcache,miss,3127,4596,13009,17605,65,1
dontcache,hit,3127,284,618,902,0,1
dontcache,miss,3128,2745,13980,16725,74,1
dontcache,hit,3128,283,633,916,0,1
dontcache,miss,3129,2569,13581,16150,72,1
dontcache,hit,3129,268,574,842,0,1
dontcache,miss,3130,2361,13326,15687,69,1
dontcache,hit,3130,334,1287,1621,0,1
dontcache,miss,3131,3948,11843,15791,59,1
dontcache,hit,3131,275,611,886,0,1
dontcache,miss,3132,2955,13165,16120,68,1
dontcache,hit,3132,337,567,904,0,1
dontcache,miss,3133,2560,13286,15846,70,1
dontcache,hit,3133,263,563,826,0,1
dontcache,miss,3134,2173,10993,13166,57,1
dontcache,hit,3134,276,552,828,0,1
dontcache,miss,3135,2569,11757,14326,57,1
dontcache,hit,3135,265,634,899,0,1
dontcache,miss,3136,2489,17567,20056,66,1
dontcache,hit,3136,276,1660,1936,0,1
dontcache,miss,3137,3271,12311,15582,62,1
dontcache,hit,3137,265,701,966,0,1
dontcache,miss,3138,3033,20171,23204,110,1
dontcache,hit,3138,261,656,917,0,1
dontcache,miss,3139,2631,11205,13836,58,1
dontcache,hit,3139,260,750,1010,0,1
dontcache,miss,3140,2316,11455,13771,60,1
dontcache,hit,3140,256,565,821,0,1
dontcache,miss,3141,2520,13726,16246,52,1
dontcache,hit,3141,256,552,808,0,1
dontcache,miss,3142,3080,11735,14815,61,1
dontcache,hit,3142,259,642,901,0,1
dontcache,miss,3143,3217,15101,18318,81,1
dontcache,hit,3143,261,571,832,0,1
dontcache,miss,3144,2849,11138,13987,58,1
dontcache,hit,3144,376,581,957,0,1
dontcache,miss,3145,2621,11168,13789,58,1
dontcache,hit,3145,255,655,910,0,1
dontcache,miss,3146,2663,11687,14350,59,1
dontcache,hit,3146,273,724,997,0,1
dontcache,miss,3147,2819,11148,13967,58,1
dontcache,hit,3147,333,790,1123,0,1
dontcache,miss,3148,2781,11239,14020,56,1
dontcache,hit,3148,685,593,1278,0,1
dontcache,miss,3149,2741,11353,14094,59,1
dontcache,hit,3149,261,561,822,0,1
dontcache,miss,3150,2446,11304,13750,59,1
dontcache,hit,3150,263,577,840,0,1
dontcache,miss,3151,2716,11407,14123,57,1
dontcache,hit,3151,266,575,841,0,1
dontcache,miss,3152,2813,10741,13554,56,1
dontcache,hit,3152,469,879,1348,0,1
dontcache,miss,3153,2665,11589,14254,60,1
dontcache,hit,3153,261,739,1000,0,1
dontcache,miss,3154,2343,11004,13347,56,1
dontcache,hit,3154,264,1012,1276,0,1
dontcache,miss,3155,2690,16407,19097,61,1
dontcache,hit,3155,283,551,834,0,1
dontcache,miss,3156,2791,11820,14611,62,1
dontcache,hit,3156,287,623,910,0,1
dontcache,miss,3157,2713,11238,13951,58,1
dontcache,hit,3157,260,578,838,0,1
dontcache,miss,3158,2322,18243,20565,58,1
dontcache,hit,3158,272,657,929,0,1
dontcache,miss,3159,2563,13391,15954,65,1
dontcache,hit,3159,266,578,844,0,1
dontcache,miss,3160,3214,20677,23891,113,1
dontcache,hit,3160,269,1360,1629,0,1
dontcache,miss,3161,2454,13731,16185,72,1
dontcache,hit,3161,261,560,821,0,1
dontcache,miss,3162,2455,11774,14229,62,1
dontcache,hit,3162,395,617,1012,0,1
dontcache,miss,3163,2814,15109,17923,49,1
dontcache,hit,3163,268,568,836,0,1
dontcache,miss,3164,2614,10991,13605,57,1
dontcache,hit,3164,272,623,895,0,1
dontcache,miss,3165,2513,12573,15086,43,1
dontcache,hit,3165,266,574,840,0,1
dontcache,miss,3166,2477,10590,13067,55,1
dontcache,hit,3166,270,586,856,0,1
dontcache,miss,3167,2629,10889,13518,56,1
dontcache,hit,3167,260,585,845,0,1
dontcache,miss,3168,2401,9604,12005,49,1
dontcache,hit,3168,271,563,834,0,1
dontcache,miss,3169,2886,11002,13888,57,1
dontcache,hit,3169,348,861,1209,0,1
dontcache,miss,3170,2391,10591,12982,55,1
dontcache,hit,3170,270,586,856,0,1
dontcache,miss,3171,2498,10629,13127,55,1
dontcache,hit,3171,266,562,828,0,1
dontcache,miss,3172,2363,11867,14230,62,1
dontcache,hit,3172,273,575,848,0,1
dontcache,miss,3173,2599,10325,12924,53,1
dontcache,hit,3173,274,566,840,0,1
dontcache,miss,3174,2358,10546,12904,47,1
dontcache,hit,3174,337,2035,2372,0,1
dontcache,miss,3175,2515,10678,13193,55,1
dontcache,hit,3175,269,632,901,0,1
dontcache,miss,3176,2370,10830,13200,56,1
dontcache,hit,3176,266,565,831,0,1
dontcache,miss,3177,2537,13036,15573,69,1
dontcache,hit,3177,264,561,825,0,1
dontcache,miss,3178,2190,10180,12370,52,1
dontcache,hit,3178,270,561,831,0,1
dontcache,miss,3179,2541,10620,13161,55,1
dontcache,hit,3179,264,562,826,0,1
dontcache,miss,3180,2355,15467,17822,49,1
dontcache,hit,3180,280,652,932,0,1
dontcache,miss,3181,2514,10989,13503,57,1
dontcache,hit,3181,261,569,830,0,1
dontcache,miss,3182,2413,10636,13049,55,1
dontcache,hit,3182,259,567,826,0,1
dontcache,miss,3183,2381,10122,12503,52,1
dontcache,hit,3183,260,578,838,0,1
dontcache,miss,3184,2342,9350,11692,48,1
dontcache,hit,3184,265,546,811,0,1
dontcache,miss,3185,2484,17819,20303,54,1
dontcache,hit,3185,257,570,827,0,1
dontcache,miss,3186,2694,11677,14371,61,1
dontcache,hit,3186,267,630,897,0,1
dontcache,miss,3187,2551,11151,13702,58,1
dontcache,hit,3187,264,584,848,0,1
dontcache,miss,3188,2338,11193,13531,58,1
dontcache,hit,3188,270,576,846,0,1
dontcache,miss,3189,2470,10618,13088,55,1
dontcache,hit,3189,269,566,835,0,1
dontcache,miss,3190,2339,11451,13790,60,1
dontcache,hit,3190,268,552,820,0,1
dontcache,miss,3191,2793,10806,13599,55,1
dontcache,hit,3191,338,832,1170,0,1
dontcache,miss,3192,2376,13301,15677,70,1
dontcache,hit,3192,261,603,864,0,1
dontcache,miss,3193,2567,11501,14068,60,1
dontcache,hit,3193,265,691,956,0,1
dontcache,miss,3194,2487,13226,15713,70,1
dontcache,hit,3194,266,564,830,0,1
dontcache,miss,3195,2571,11426,13997,58,1
dontcache,hit,3195,265,568,833,0,1
dontcache,miss,3196,2278,11233,13511,58,1
dontcache,hit,3196,555,1282,1837,0,1
dontcache,miss,3197,2857,16813,19670,87,1
dontcache,hit,3197,271,767,1038,0,1
dontcache,miss,3198,2697,10858,13555,56,1
dontcache,hit,3198,265,551,816,0,1
dontcache,miss,3199,2617,12248,14865,64,1
dontcache,hit,3199,262,546,808,0,1
dontcache,miss,3200,2300,10471,12771,54,1
dontcache,hit,3200,270,709,979,0,1
dontcache,miss,3201,2686,11779,14465,61,1
dontcache,hit,3201,260,546,806,0,1
dontcache,miss,3202,2510,15674,18184,50,1
dontcache,hit,3202,276,716,992,0,1
dontcache,miss,3203,2533,11052,13585,57,1
dontcache,hit,3203,260,671,931,0,1
dontcache,miss,3204,2573,10919,13492,57,1
dontcache,hit,3204,262,610,872,0,1
dontcache,miss,3205,2374,11023,13397,57,1
dontcache,hit,3205,284,565,849,0,1
dontcache,miss,3206,2390,10655,13045,55,1
dontcache,hit,3206,268,632,900,0,1
dontcache,miss,3207,2533,14992,17525,47,1
dontcache,hit,3207,259,548,807,0,1
dontcache,miss,3208,2580,11602,14182,60,1
dontcache,hit,3208,285,682,967,0,1
dontcache,miss,3209,2593,10809,13402,56,1
dontcache,hit,3209,325,567,892,0,1
dontcache,miss,3210,2470,11128,13598,58,1
dontcache,hit,3210,340,544,884,0,1
dontcache,miss,3211,2477,10770,13247,55,1
dontcache,hit,3211,257,553,810,0,1
dontcache,miss,3212,2685,10960,13645,57,1
dontcache,hit,3212,267,637,904,0,1
dontcache,miss,3213,2893,10713,13606,55,1
dontcache,hit,3213,361,944,1305,0,1
dontcache,miss,3214,2459,10723,13182,56,1
dontcache,hit,3214,263,572,835,0,1
dontcache,miss,3215,2529,11904,14433,61,1
dontcache,hit,3215,260,559,819,0,1
dontcache,miss,3216,2635,16350,18985,71,1
dontcache,hit,3216,272,691,963,0,1
dontcache,miss,3217,2532,11012,13544,57,1
dontcache,hit,3217,267,558,825,0,1
dontcache,miss,3218,2354,10832,13186,56,1
dontcache,hit,3218,332,940,1272,0,1
dontcache,miss,3219,2721,11328,14049,58,1
dontcache,hit,3219,354,605,959,0,1
dontcache,miss,3220,2433,11429,13862,59,1
dontcache,hit,3220,345,570,915,0,1
dontcache,miss,3221,2732,11918,14650,62,1
dontcache,hit,3221,270,585,855,0,1
dontcache,miss,3222,2191,11138,13329,58,1
dontcache,hit,3222,266,544,810,0,1
dontcache,miss,3223,2599,9906,12505,51,1
dontcache,hit,3223,266,554,820,0,1
dontcache,miss,3224,2320,14373,16693,45,1
dontcache,hit,3224,275,672,947,0,1
dontcache,miss,3225,2516,10881,13397,57,1
dontcache,hit,3225,269,573,842,0,1
dontcache,miss,3226,2385,10611,12996,55,1
dontcache,hit,3226,266,567,833,0,1
dontcache,miss,3227,2536,10821,13357,56,1
dontcache,hit,3227,266,665,931,0,1
dontcache,miss,3228,2373,9955,12328,51,1
dontcache,hit,3228,263,575,838,0,1
dontcache,miss,3229,2476,14938,17414,50,1
dontcache,hit,3229,258,568,826,0,1
dontcache,miss,3230,2881,10672,13553,55,1
dontcache,hit,3230,267,621,888,0,1
dontcache,miss,3231,2519,10650,13169,55,1
dontcache,hit,3231,257,581,838,0,1
dontcache,miss,3232,2338,10677,13015,55,1
dontcache,hit,3232,264,565,829,0,1
dontcache,miss,3233,2476,10655,13131,55,1
dontcache,hit,3233,259,555,814,0,1
dontcache,miss,3234,2284,10438,12722,54,1
dontcache,hit,3234,267,540,807,0,1
dontcache,miss,3235,2845,10635,13480,55,1
dontcache,hit,3235,331,812,1143,0,1
dontcache,miss,3236,2397,10972,13369,57,1
dontcache,hit,3236,261,586,847,0,1
dontcache,miss,3237,2520,10487,13007,54,1
dontcache,hit,3237,263,561,824,0,1
dontcache,miss,3238,2347,11442,13789,60,1
dontcache,hit,3238,262,575,837,0,1
dontcache,miss,3239,2563,10562,13125,54,1
dontcache,hit,3239,264,557,821,0,1
dontcache,miss,3240,2385,10587,12972,55,1
dontcache,hit,3240,328,802,1130,0,1
dontcache,miss,3241,2569,10825,13394,56,1
dontcache,hit,3241,261,611,872,0,1
dontcache,miss,3242,2320,10675,12995,55,1
dontcache,hit,3242,267,599,866,0,1
dontcache,miss,3243,2550,11868,14418,62,1
dontcache,hit,3243,260,561,821,0,1
dontcache,miss,3244,2187,10821,13008,56,1
dontcache,hit,3244,264,557,821,0,1
dontcache,miss,3245,2525,10651,13176,55,1
dontcache,hit,3245,263,564,827,0,1
dontcache,miss,3246,2398,11683,14081,38,1
dontcache,hit,3246,271,622,893,0,1
dontcache,miss,3247,2483,14308,16791,45,1
dontcache,hit,3247,257,569,826,0,1
dontcache,miss,3248,2803,10593,13396,55,1
dontcache,hit,3248,267,638,905,0,1
dontcache,miss,3249,2383,10819,13202,56,1
dontcache,hit,3249,265,578,843,0,1
dontcache,miss,3250,2354,9178,11532,47,1
dontcache,hit,3250,268,568,836,0,1
dontcache,miss,3251,2549,15612,18161,50,1
dontcache,hit,3251,278,566,844,0,1
dontcache,miss,3252,2578,10603,13181,55,1
dontcache,hit,3252,270,627,897,0,1
dontcache,miss,3253,2568,10715,13283,55,1
dontcache,hit,3253,255,583,838,0,1
dontcache,miss,3254,2359,10628,12987,55,1
dontcache,hit,3254,259,562,821,0,1
dontcache,miss,3255,2515,9999,12514,51,1
dontcache,hit,3255,257,561,818,0,1
dontcache,miss,3256,2340,10734,13074,56,1
dontcache,hit,3256,257,582,839,0,1
dontcache,miss,3257,2879,10711,13590,55,1
dontcache,hit,3257,345,832,1177,0,1
dontcache,miss,3258,2346,10589,12935,55,1
dontcache,hit,3258,270,596,866,0,1
dontcache,miss,3259,2804,11362,14166,59,1
dontcache,hit,3259,284,628,912,0,1
dontcache,miss,3260,2365,13356,15721,71,1
dontcache,hit,3260,281,563,844,0,1
dontcache,miss,3261,2544,10487,13031,54,1
dontcache,hit,3261,271,568,839,0,1
dontcache,miss,3262,2329,10821,13150,56,1
dontcache,hit,3262,329,831,1160,0,1
dontcache,miss,3263,2593,10835,13428,56,1
dontcache,hit,3263,269,621,890,0,1
dontcache,miss,3264,2279,10959,13238,57,1
dontcache,hit,3264,267,562,829,0,1
dontcache,miss,3265,2524,11872,14396,62,1
dontcache,hit,3265,271,564,835,0,1
dontcache,miss,3266,2219,10080,12299,52,1
dontcache,hit,3266,271,564,835,0,1
dontcache,miss,3267,2515,9321,11836,47,1
dontcache,hit,3267,265,566,831,0,1
dontcache,miss,3268,2357,14786,17143,53,1
dontcache,hit,3268,272,662,934,0,1
dontcache,miss,3269,2507,10798,13305,56,1
dontcache,hit,3269,261,568,829,0,1
dontcache,miss,3270,2361,10438,12799,54,1
dontcache,hit,3270,262,561,823,0,1
dontcache,miss,3271,2397,10134,12531,52,1
dontcache,hit,3271,257,566,823,0,1
dontcache,miss,3272,2387,9033,11420,46,1
dontcache,hit,3272,267,556,823,0,1
dontcache,miss,3273,2497,14887,17384,48,1
dontcache,hit,3273,258,549,807,0,1
dontcache,miss,3274,2566,10536,13102,54,1
dontcache,hit,3274,267,630,897,0,1
dontcache,miss,3275,2572,10699,13271,55,1
dontcache,hit,3275,258,567,825,0,1
dontcache,miss,3276,2372,10552,12924,46,1
dontcache,hit,3276,260,1463,1723,0,1
dontcache,miss,3277,2546,10668,13214,55,1
dontcache,hit,3277,261,551,812,0,1
dontcache,miss,3278,2454,10431,12885,54,1
dontcache,hit,3278,266,552,818,0,1
dontcache,miss,3279,2961,10917,13878,56,1
dontcache,hit,3279,392,932,1324,0,1
dontcache,miss,3280,2360,10918,13278,57,1
dontcache,hit,3280,265,595,860,0,1
dontcache,miss,3281,2538,10639,13177,55,1
dontcache,hit,3281,273,576,849,0,1
dontcache,miss,3282,2430,13355,15785,71,1
dontcache,hit,3282,268,594,862,0,1
dontcache,miss,3283,2524,10892,13416,56,1
dontcache,hit,3283,262,569,831,0,1
dontcache,miss,3284,2348,10745,13093,56,1
dontcache,hit,3284,341,825,1166,0,1
dontcache,miss,3285,2572,10710,13282,55,1
dontcache,hit,3285,263,595,858,0,1
dontcache,miss,3286,2358,10653,13011,55,1
dontcache,hit,3286,265,570,835,0,1
dontcache,miss,3287,2567,11687,14254,61,1
dontcache,hit,3287,260,571,831,0,1
dontcache,miss,3288,2266,10813,13079,56,1
dontcache,hit,3288,263,568,831,0,1
dontcache,miss,3289,2537,10813,13350,56,1
dontcache,hit,3289,278,583,861,0,1
dontcache,miss,3290,2372,11702,14074,38,1
dontcache,hit,3290,297,714,1011,0,1
dontcache,miss,3291,2551,10689,13240,55,1
dontcache,hit,3291,255,557,812,0,1
dontcache,miss,3292,2352,10855,13207,56,1
dontcache,hit,3292,264,559,823,0,1
dontcache,miss,3293,2380,11060,13440,57,1
dontcache,hit,3293,317,552,869,0,1
dontcache,miss,3294,2548,10550,13098,54,1
dontcache,hit,3294,261,549,810,0,1
dontcache,miss,3295,2711,12909,15620,43,1
dontcache,hit,3295,257,541,798,0,1
dontcache,miss,3296,2584,11319,13903,59,1
dontcache,hit,3296,277,634,911,0,1
dontcache,miss,3297,3663,11872,15535,51,1
dontcache,hit,3297,425,813,1238,0,1
dontcache,miss,3298,2642,10628,13270,55,1
dontcache,hit,3298,262,620,882,0,1
dontcache,miss,3299,2449,10667,13116,55,1
dontcache,hit,3299,259,558,817,0,1
dontcache,miss,3300,2294,10588,12882,55,1
dontcache,hit,3300,266,534,800,0,1
dontcache,miss,3301,2799,10707,13506,55,1
dontcache,hit,3301,338,846,1184,0,1
dontcache,miss,3302,2375,10456,12831,54,1
dontcache,hit,3302,262,580,842,0,1
dontcache,miss,3303,2508,10554,13062,54,1
dontcache,hit,3303,257,548,805,0,1
dontcache,miss,3304,2321,11644,13965,61,1
dontcache,hit,3304,264,561,825,0,1
dontcache,miss,3305,2500,9931,12431,51,1
dontcache,hit,3305,260,544,804,0,1
dontcache,miss,3306,2367,9101,11468,46,1
dontcache,hit,3306,296,782,1078,0,1
dontcache,miss,3307,2544,10489,13033,54,1
dontcache,hit,3307,261,609,870,0,1
dontcache,miss,3308,2325,10552,12877,55,1
dontcache,hit,3308,253,555,808,0,1
dontcache,miss,3309,2554,13182,15736,70,1
dontcache,hit,3309,253,538,791,0,1
dontcache,miss,3310,2196,10050,12246,52,1
dontcache,hit,3310,321,705,1026,0,1
dontcache,miss,3311,2518,10687,13205,55,1
dontcache,hit,3311,273,594,867,0,1
dontcache,miss,3312,2336,13126,15462,44,1
dontcache,hit,3312,261,660,921,0,1
dontcache,miss,3313,2539,11026,13565,57,1
dontcache,hit,3313,259,588,847,0,1
dontcache,miss,3314,2347,11468,13815,50,1
dontcache,hit,3314,739,778,1517,0,1
dontcache,miss,3315,3048,13206,16254,65,1
dontcache,hit,3315,577,1553,2130,0,1
dontcache,miss,3316,4989,14708,19697,66,1
dontcache,hit,3316,264,881,1145,0,1
dontcache,miss,3317,3698,16527,20225,54,1
dontcache,hit,3317,480,552,1032,0,1
dontcache,miss,3318,2926,13854,16780,74,1
dontcache,hit,3318,1571,786,2357,0,1
dontcache,miss,3319,3008,18918,21926,61,1
dontcache,hit,3319,864,576,1440,0,1
dontcache,miss,3320,2790,15754,18544,85,1
dontcache,hit,3320,255,782,1037,0,1
dontcache,miss,3321,2591,15508,18099,83,1
dontcache,hit,3321,256,687,943,0,1
dontcache,miss,3322,3076,11759,14835,62,1
dontcache,hit,3322,323,550,873,0,1
dontcache,miss,3323,2884,14236,17120,75,1
dontcache,hit,3323,483,1182,1665,0,1
dontcache,miss,3324,2295,12003,14298,63,1
dontcache,hit,3324,261,886,1147,0,1
dontcache,miss,3325,3002,11903,14905,62,1
dontcache,hit,3325,253,552,805,0,1
dontcache,miss,3326,2490,12524,15014,66,1
dontcache,hit,3326,258,596,854,0,1
dontcache,miss,3327,2784,11329,14113,59,1
dontcache,hit,3327,255,552,807,0,1
dontcache,miss,3328,2338,10757,13095,56,1
dontcache,hit,3328,309,816,1125,0,1
dontcache,miss,3329,2840,11810,14650,62,1
dontcache,hit,3329,266,645,911,0,1
dontcache,miss,3330,2772,11276,14048,59,1
dontcache,hit,3330,256,626,882,0,1
dontcache,miss,3331,3045,13624,16669,71,1
dontcache,hit,3331,258,580,838,0,1
dontcache,miss,3332,2252,10447,12699,54,1
dontcache,hit,3332,258,576,834,0,1
dontcache,miss,3333,2531,9961,12492,51,1
dontcache,hit,3333,260,557,817,0,1
dontcache,miss,3334,2857,14395,17252,52,1
dontcache,hit,3334,271,745,1016,0,1
dontcache,miss,3335,3668,12739,16407,67,1
dontcache,hit,3335,255,586,841,0,1
dontcache,miss,3336,2352,11807,14159,62,1
dontcache,hit,3336,255,563,818,0,1
dontcache,miss,3337,2515,14625,17140,52,1
dontcache,hit,3337,255,559,814,0,1
dontcache,miss,3338,2670,9965,12635,51,1
dontcache,hit,3338,265,613,878,0,1
dontcache,miss,3339,2545,12935,15480,48,1
dontcache,hit,3339,257,564,821,0,1
dontcache,miss,3340,2503,10667,13170,55,1
dontcache,hit,3340,326,666,992,0,1
dontcache,miss,3341,2546,15650,18196,84,1
dontcache,hit,3341,254,572,826,0,1
dontcache,miss,3342,2229,12180,14409,60,1
dontcache,hit,3342,261,571,832,0,1
dontcache,miss,3343,2595,10144,12739,52,1
dontcache,hit,3343,252,640,892,0,1
dontcache,miss,3344,2300,12679,14979,67,1
dontcache,hit,3344,259,582,841,0,1
dontcache,miss,3345,2851,10960,13811,55,1
dontcache,hit,3345,345,828,1173,0,1
dontcache,miss,3346,2389,11033,13422,57,1
dontcache,hit,3346,254,609,863,0,1
dontcache,miss,3347,2393,11200,13593,58,1
dontcache,hit,3347,260,574,834,0,1
dontcache,miss,3348,2401,15598,17999,55,1
dontcache,hit,3348,255,644,899,0,1
dontcache,miss,3349,2767,13060,15827,69,1
dontcache,hit,3349,257,558,815,0,1
dontcache,miss,3350,2332,11131,13463,58,1
dontcache,hit,3350,324,820,1144,0,1
dontcache,miss,3351,2632,11279,13911,57,1
dontcache,hit,3351,263,595,858,0,1
dontcache,miss,3352,2331,12992,15323,69,1
dontcache,hit,3352,253,567,820,0,1
dontcache,miss,3353,2495,14535,17030,77,1
dontcache,hit,3353,256,558,814,0,1
dontcache,miss,3354,2177,11979,14156,63,1
dontcache,hit,3354,253,564,817,0,1
dontcache,miss,3355,2720,10449,13169,54,1
dontcache,hit,3355,254,560,814,0,1
dontcache,miss,3356,2540,12411,14951,39,1
dontcache,hit,3356,268,618,886,0,1
dontcache,miss,3357,2521,11888,14409,62,1
dontcache,hit,3357,253,567,820,0,1
dontcache,miss,3358,2354,17259,19613,94,1
dontcache,hit,3358,255,546,801,0,1
dontcache,miss,3359,2395,11625,14020,61,1
dontcache,hit,3359,251,557,808,0,1
dontcache,miss,3360,2992,11980,14972,63,1
dontcache,hit,3360,261,551,812,0,1
dontcache,miss,3361,2541,13546,16087,47,1
dontcache,hit,3361,250,567,817,0,1
dontcache,miss,3362,3178,12710,15888,67,1
dontcache,hit,3362,266,598,864,0,1
dontcache,miss,3363,2998,17782,20780,96,1
dontcache,hit,3363,263,575,838,0,1
dontcache,miss,3364,2330,11822,14152,62,1
dontcache,hit,3364,262,559,821,0,1
dontcache,miss,3365,2572,11717,14289,61,1
dontcache,hit,3365,253,798,1051,0,1
dontcache,miss,3366,2676,12572,15248,66,1
dontcache,hit,3366,322,732,1054,0,1
dontcache,miss,3367,2974,12865,15839,67,1
dontcache,hit,3367,327,819,1146,0,1
dontcache,miss,3368,2400,12128,14528,64,1
dontcache,hit,3368,263,586,849,0,1
dontcache,miss,3369,2883,13625,16508,69,1
dontcache,hit,3369,254,574,828,0,1
dontcache,miss,3370,2349,13977,16326,74,1
dontcache,hit,3370,264,653,917,0,1
dontcache,miss,3371,2514,12889,15403,68,1
dontcache,hit,3371,260,567,827,0,1
dontcache,miss,3372,2994,11350,14344,58,1
dontcache,hit,3372,312,993,1305,0,1
dontcache,miss,3373,3139,14137,17276,71,1
dontcache,hit,3373,268,605,873,0,1
dontcache,miss,3374,2387,11184,13571,58,1
dontcache,hit,3374,259,575,834,0,1
dontcache,miss,3375,2545,12892,15437,67,1
dontcache,hit,3375,265,576,841,0,1
dontcache,miss,3376,2493,12427,14920,66,1
dontcache,hit,3376,268,715,983,0,1
dontcache,miss,3377,2664,10250,12914,53,1
dontcache,hit,3377,267,552,819,0,1
dontcache,miss,3378,2388,13209,15597,44,1
dontcache,hit,3378,296,645,941,0,1
dontcache,miss,3379,2569,11090,13659,58,1
dontcache,hit,3379,259,572,831,0,1
dontcache,miss,3380,2384,14326,16710,78,1
dontcache,hit,3380,262,609,871,0,1
dontcache,miss,3381,2391,11500,13891,61,1
dontcache,hit,3381,260,563,823,0,1
dontcache,miss,3382,2328,10613,12941,56,1
dontcache,hit,3382,264,568,832,0,1
dontcache,miss,3383,2548,12558,15106,47,1
dontcache,hit,3383,254,557,811,0,1
dontcache,miss,3384,2557,10655,13212,56,1
dontcache,hit,3384,254,626,880,0,1
dontcache,miss,3385,7555,19886,27441,57,1
dontcache,hit,3385,757,2045,2802,0,1
dontcache,miss,3386,4838,11452,16290,36,1
dontcache,hit,3386,693,1194,1887,0,1
dontcache,miss,3387,3582,11567,15149,44,1
dontcache,hit,3387,378,972,1350,0,1
dontcache,miss,3388,3327,11530,14857,38,1
dontcache,hit,3388,574,1151,1725,0,1
dontcache,miss,3389,3709,12048,15757,34,1
dontcache,hit,3389,450,924,1374,0,1
dontcache,miss,3390,3692,12158,15850,44,1
dontcache,hit,3390,395,1080,1475,0,1
dontcache,miss,3391,4790,12399,17189,40,1
dontcache,hit,3391,465,1172,1637,0,1
dontcache,miss,3392,4079,12102,16181,42,1
dontcache,hit,3392,415,1092,1507,0,1
dontcache,miss,3393,4486,13659,18145,37,1
dontcache,hit,3393,520,1230,1750,0,1
dontcache,miss,3394,9825,13217,23042,41,1
dontcache,hit,3394,542,1383,1925,0,1
dontcache,miss,3395,4185,11477,15662,46,1
dontcache,hit,3395,449,1148,1597,0,1
dontcache,miss,3396,2732,11004,13736,58,1
dontcache,hit,3396,271,648,919,0,1
dontcache,miss,3397,2477,13072,15549,69,1
dontcache,hit,3397,257,577,834,0,1
dontcache,miss,3398,2230,10809,13039,57,1
dontcache,hit,3398,268,567,835,0,1
dontcache,miss,3399,2509,9971,12480,52,1
dontcache,hit,3399,263,571,834,0,1
dontcache,miss,3400,2288,10497,12785,55,1
dontcache,hit,3400,261,562,823,0,1
dontcache,miss,3401,2514,10281,12795,54,1
dontcache,hit,3401,261,583,844,0,1
dontcache,miss,3402,2252,9140,11392,47,1
dontcache,hit,3402,260,573,833,0,1
dontcache,miss,3403,2374,11914,14288,36,1
dontcache,hit,3403,265,586,851,0,1
dontcache,miss,3404,2510,10623,13133,56,1
dontcache,hit,3404,256,616,872,0,1
dontcache,miss,3405,2566,10670,13236,56,1
dontcache,hit,3405,258,575,833,0,1
dontcache,miss,3406,2348,10824,13172,57,1
dontcache,hit,3406,258,553,811,0,1
dontcache,miss,3407,2454,10577,13031,55,1
dontcache,hit,3407,259,568,827,0,1
dontcache,miss,3408,2334,10454,12788,55,1
dontcache,hit,3408,256,543,799,0,1
dontcache,miss,3409,2512,10000,12512,52,1
dontcache,hit,3409,265,543,808,0,1
dontcache,miss,3410,2332,9898,12230,52,1
dontcache,hit,3410,255,550,805,0,1
dontcache,miss,3411,2490,10995,13485,58,1
dontcache,hit,3411,255,548,803,0,1
dontcache,miss,3412,2379,10608,12987,56,1
dontcache,hit,3412,258,553,811,0,1
dontcache,miss,3413,2507,10513,13020,55,1
dontcache,hit,3413,256,553,809,0,1
dontcache,miss,3414,2382,11781,14163,63,1
dontcache,hit,3414,258,535,793,0,1
dontcache,miss,3415,2554,9969,12523,52,1
dontcache,hit,3415,262,551,813,0,1
dontcache,miss,3416,2347,9979,12326,52,1
dontcache,hit,3416,258,554,812,0,1
dontcache,miss,3417,4385,10949,15334,34,1
dontcache,hit,3417,479,1042,1521,0,1
dontcache,miss,3418,3750,11409,15159,35,1
dontcache,hit,3418,324,816,1140,0,1
dontcache,miss,3419,3790,11901,15691,39,1
dontcache,hit,3419,496,859,1355,0,1
dontcache,miss,3420,3848,10809,14657,33,1
dontcache,hit,3420,318,892,1210,0,1
dontcache,miss,3421,2565,10918,13483,57,1
dontcache,hit,3421,260,625,885,0,1
dontcache,miss,3422,2360,11698,14058,62,1
dontcache,hit,3422,264,569,833,0,1
dontcache,miss,3423,2509,10673,13182,56,1
dontcache,hit,3423,261,561,822,0,1
dontcache,miss,3424,6784,12141,18925,63,1
dontcache,hit,3424,263,639,902,0,1
dontcache,miss,3425,2421,10348,12769,54,1
dontcache,hit,3425,263,578,841,0,1
dontcache,miss,3426,2308,10629,12937,56,1
dontcache,hit,3426,266,588,854,0,1
dontcache,miss,3427,2455,10879,13334,57,1
dontcache,hit,3427,265,590,855,0,1
dontcache,miss,3428,2334,11305,13639,60,1
dontcache,hit,3428,267,584,851,0,1
dontcache,miss,3429,2511,10655,13166,56,1
dontcache,hit,3429,262,568,830,0,1
dontcache,miss,3430,2314,10600,12914,56,1
dontcache,hit,3430,270,585,855,0,1
dontcache,miss,3431,2596,10166,12762,53,1
dontcache,hit,3431,264,592,856,0,1
dontcache,miss,3432,2404,10874,13278,57,1
dontcache,hit,3432,258,570,828,0,1
dontcache,miss,3433,2511,10999,13510,58,1
dontcache,hit,3433,262,565,827,0,1
dontcache,miss,3434,2259,10703,12962,56,1
dontcache,hit,3434,265,572,837,0,1
dontcache,miss,3435,2552,10800,13352,32,1
dontcache,hit,3435,267,572,839,0,1
dontcache,miss,3436,2488,11539,14027,61,1
dontcache,hit,3436,259,589,848,0,1
dontcache,miss,3437,2504,10657,13161,56,1
dontcache,hit,3437,262,578,840,0,1
dontcache,miss,3438,2328,10834,13162,57,1
dontcache,hit,3438,271,562,833,0,1
dontcache,miss,3439,2494,10687,13181,56,1
dontcache,hit,3439,264,562,826,0,1
dontcache,miss,3440,2309,10873,13182,57,1
dontcache,hit,3440,266,545,811,0,1
dontcache,miss,3441,2499,11640,14139,62,1
dontcache,hit,3441,266,556,822,0,1
dontcache,miss,3442,2103,10794,12897,57,1
dontcache,hit,3442,262,555,817,0,1
dontcache,miss,3443,2520,10664,13184,56,1
dontcache,hit,3443,273,560,833,0,1
dontcache,miss,3444,2316,9966,12282,52,1
dontcache,hit,3444,270,556,826,0,1
dontcache,miss,3445,2490,10685,13175,56,1
dontcache,hit,3445,263,569,832,0,1
dontcache,miss,3446,2283,10502,12785,55,1
dontcache,hit,3446,265,548,813,0,1
dontcache,miss,3447,2361,10176,12537,53,1
dontcache,hit,3447,266,555,821,0,1
dontcache,miss,3448,2317,9063,11380,47,1
dontcache,hit,3448,270,569,839,0,1
dontcache,miss,3449,2497,10016,12513,52,1
dontcache,hit,3449,269,552,821,0,1
dontcache,miss,3450,2282,10652,12934,56,1
dontcache,hit,3450,263,550,813,0,1
dontcache,miss,3451,2469,10527,12996,55,1
dontcache,hit,3451,263,570,833,0,1
dontcache,miss,3452,2296,10704,13000,56,1
dontcache,hit,3452,267,572,839,0,1
dontcache,miss,3453,2509,9238,11747,48,1
dontcache,hit,3453,271,577,848,0,1
dontcache,miss,3454,2328,8986,11314,46,1
dontcache,hit,3454,264,568,832,0,1
dontcache,miss,3455,2518,10527,13045,55,1
dontcache,hit,3455,266,564,830,0,1
dontcache,miss,3456,2290,10468,12758,55,1
dontcache,hit,3456,265,569,834,0,1
dontcache,miss,3457,2564,10214,12778,53,1
dontcache,hit,3457,297,710,1007,0,1
dontcache,miss,3458,2308,11976,14284,64,1
dontcache,hit,3458,258,572,830,0,1
dontcache,miss,3459,2517,10390,12907,54,1
dontcache,hit,3459,257,576,833,0,1
dontcache,miss,3460,2313,10887,13200,57,1
dontcache,hit,3460,263,564,827,0,1
dontcache,miss,3461,2436,10650,13086,56,1
dontcache,hit,3461,284,582,866,0,1
dontcache,miss,3462,2339,10461,12800,55,1
dontcache,hit,3462,272,581,853,0,1
dontcache,miss,3463,2508,11601,14109,61,1
dontcache,hit,3463,274,574,848,0,1
dontcache,miss,3464,2125,10795,12920,57,1
dontcache,hit,3464,263,583,846,0,1
dontcache,miss,3465,2495,10952,13447,57,1
dontcache,hit,3465,266,573,839,0,1
dontcache,miss,3466,2323,10646,12969,56,1
dontcache,hit,3466,266,580,846,0,1
dontcache,miss,3467,2483,10651,13134,56,1
dontcache,hit,3467,269,572,841,0,1
dontcache,miss,3468,2315,10532,12847,55,1
dontcache,hit,3468,288,681,969,0,1
dontcache,miss,3469,2375,10905,13280,57,1
dontcache,hit,3469,275,582,857,0,1
dontcache,miss,3470,2307,10602,12909,56,1
dontcache,hit,3470,271,592,863,0,1
dontcache,miss,3471,2537,9961,12498,52,1
dontcache,hit,3471,267,575,842,0,1
dontcache,miss,3472,2407,11136,13543,59,1
dontcache,hit,3472,265,578,843,0,1
dontcache,miss,3473,2507,10697,13204,56,1
dontcache,hit,3473,263,570,833,0,1
dontcache,miss,3474,2339,10516,12855,55,1
dontcache,hit,3474,266,560,826,0,1
dontcache,miss,3475,2436,10690,13126,56,1
dontcache,hit,3475,264,577,841,0,1
dontcache,miss,3476,2310,10636,12946,56,1
dontcache,hit,3476,265,563,828,0,1
dontcache,miss,3477,2532,11121,13653,59,1
dontcache,hit,3477,263,555,818,0,1
dontcache,miss,3478,2324,10648,12972,56,1
dontcache,hit,3478,265,568,833,0,1
dontcache,miss,3479,2493,10586,13079,56,1
dontcache,hit,3479,264,549,813,0,1
dontcache,miss,3480,2338,13049,15387,70,1
dontcache,hit,3480,264,558,822,0,1
dontcache,miss,3481,2626,10041,12667,48,1
dontcache,hit,3481,263,1969,2232,0,1
dontcache,miss,3482,2276,10637,12913,56,1
dontcache,hit,3482,267,554,821,0,1
dontcache,miss,3483,2475,10657,13132,56,1
dontcache,hit,3483,270,554,824,0,1
dontcache,miss,3484,2280,10893,13173,58,1
dontcache,hit,3484,268,559,827,0,1
dontcache,miss,3485,2534,11980,14514,64,1
dontcache,hit,3485,266,564,830,0,1
dontcache,miss,3486,2234,10120,12354,53,1
dontcache,hit,3486,265,563,828,0,1
dontcache,miss,3487,2494,10545,13039,55,1
dontcache,hit,3487,262,546,808,0,1
dontcache,miss,3488,2326,10632,12958,56,1
dontcache,hit,3488,264,561,825,0,1
dontcache,miss,3489,2488,15122,17610,51,1
dontcache,hit,3489,260,560,820,0,1
dontcache,miss,3490,2662,10672,13334,56,1
dontcache,hit,3490,267,641,908,0,1
dontcache,miss,3491,2347,10871,13218,57,1
dontcache,hit,3491,271,586,857,0,1
dontcache,miss,3492,2341,10437,12778,55,1
dontcache,hit,3492,269,570,839,0,1
dontcache,miss,3493,2503,10648,13151,56,1
dontcache,hit,3493,277,580,857,0,1
dontcache,miss,3494,2314,11049,13363,59,1
dontcache,hit,3494,263,569,832,0,1
dontcache,miss,3495,2514,10868,13382,57,1
dontcache,hit,3495,267,584,851,0,1
dontcache,miss,3496,2310,10638,12948,56,1
dontcache,hit,3496,264,574,838,0,1
dontcache,miss,3497,2495,10683,13178,56,1
dontcache,hit,3497,266,565,831,0,1
dontcache,miss,3498,2353,10701,13054,56,1
dontcache,hit,3498,266,555,821,0,1
dontcache,miss,3499,2539,11017,13556,58,1
dontcache,hit,3499,267,569,836,0,1
dontcache,miss,3500,2330,10617,12947,56,1
dontcache,hit,3500,261,571,832,0,1
dontcache,miss,3501,2714,10544,13258,55,1
dontcache,hit,3501,269,672,941,0,1
dontcache,miss,3502,2355,13072,15427,70,1
dontcache,hit,3502,261,593,854,0,1
dontcache,miss,3503,2506,10352,12858,54,1
dontcache,hit,3503,266,561,827,0,1
dontcache,miss,3504,2311,10768,13079,57,1
dontcache,hit,3504,260,567,827,0,1
dontcache,miss,3505,2491,10543,13034,55,1
dontcache,hit,3505,264,548,812,0,1
dontcache,miss,3506,2335,10601,12936,56,1
dontcache,hit,3506,265,570,835,0,1
dontcache,miss,3507,2452,13170,15622,71,1
dontcache,hit,3507,270,558,828,0,1
dontcache,miss,3508,2151,9938,12089,52,1
dontcache,hit,3508,267,562,829,0,1
dontcache,miss,3509,2524,9172,11696,47,1
dontcache,hit,3509,268,558,826,0,1
dontcache,miss,3510,2306,9965,12271,52,1
dontcache,hit,3510,267,566,833,0,1
dontcache,miss,3511,2491,10512,13003,55,1
dontcache,hit,3511,267,547,814,0,1
dontcache,miss,3512,2316,10467,12783,55,1
dontcache,hit,3512,265,542,807,0,1
dontcache,miss,3513,2328,10821,13149,57,1
dontcache,hit,3513,256,547,803,0,1
dontcache,miss,3514,2340,10141,12481,53,1
dontcache,hit,3514,265,551,816,0,1
dontcache,miss,3515,2508,10101,12609,53,1
dontcache,hit,3515,262,559,821,0,1
dontcache,miss,3516,2312,10801,13113,57,1
dontcache,hit,3516,268,560,828,0,1
dontcache,miss,3517,2519,10628,13147,56,1
dontcache,hit,3517,258,557,815,0,1
dontcache,miss,3518,2363,10635,12998,56,1
dontcache,hit,3518,263,561,824,0,1
dontcache,miss,3519,2470,10657,13127,56,1
dontcache,hit,3519,263,552,815,0,1
dontcache,miss,3520,2340,10471,12811,55,1
dontcache,hit,3520,265,555,820,0,1
dontcache,miss,3521,2509,10675,13184,56,1
dontcache,hit,3521,262,546,808,0,1
dontcache,miss,3522,2306,14276,16582,56,1
dontcache,hit,3522,286,631,917,0,1
dontcache,miss,3523,2505,10546,13051,55,1
dontcache,hit,3523,261,592,853,0,1
dontcache,miss,3524,2266,12676,14942,68,1
dontcache,hit,3524,262,603,865,0,1
dontcache,miss,3525,2505,10950,13455,58,1
dontcache,hit,3525,264,577,841,0,1
dontcache,miss,3526,2289,10814,13103,57,1
dontcache,hit,3526,257,597,854,0,1
dontcache,miss,3527,2526,10484,13010,55,1
dontcache,hit,3527,255,573,828,0,1
dontcache,miss,3528,2312,10874,13186,57,1
dontcache,hit,3528,259,611,870,0,1
dontcache,miss,3529,2495,12056,14551,64,1
dontcache,hit,3529,263,570,833,0,1
dontcache,miss,3530,2136,10825,12961,57,1
dontcache,hit,3530,258,595,853,0,1
dontcache,miss,3531,2528,10699,13227,56,1
dontcache,hit,3531,254,591,845,0,1
dontcache,miss,3532,2293,10861,13154,57,1
dontcache,hit,3532,258,608,866,0,1
dontcache,miss,3533,2512,11088,13600,58,1
dontcache,hit,3533,272,573,845,0,1
dontcache,miss,3534,2317,10728,13045,28,1
dontcache,hit,3534,256,604,860,0,1
dontcache,miss,3535,2356,10903,13259,57,1
dontcache,hit,3535,254,588,842,0,1
dontcache,miss,3536,2351,10136,12487,53,1
dontcache,hit,3536,261,573,834,0,1
dontcache,miss,3537,2523,10047,12570,52,1
dontcache,hit,3537,262,568,830,0,1
dontcache,miss,3538,2313,10980,13293,58,1
dontcache,hit,3538,260,563,823,0,1
dontcache,miss,3539,2462,10721,13183,56,1
dontcache,hit,3539,262,550,812,0,1
dontcache,miss,3540,2303,10712,13015,56,1
dontcache,hit,3540,262,570,832,0,1
dontcache,miss,3541,2486,9977,12463,52,1
dontcache,hit,3541,268,567,835,0,1
dontcache,miss,3542,2312,9985,12297,52,1
dontcache,hit,3542,260,552,812,0,1
dontcache,miss,3543,2522,10981,13503,58,1
dontcache,hit,3543,260,565,825,0,1
dontcache,miss,3544,2319,10631,12950,56,1
dontcache,hit,3544,262,553,815,0,1
dontcache,miss,3545,2420,10630,13050,56,1
dontcache,hit,3545,263,568,831,0,1
dontcache,miss,3546,2329,12190,14519,65,1
dontcache,hit,3546,263,574,837,0,1
dontcache,miss,3547,2527,10125,12652,53,1
dontcache,hit,3547,265,574,839,0,1
dontcache,miss,3548,2318,10107,12425,53,1
dontcache,hit,3548,261,573,834,0,1
dontcache,miss,3549,2504,10790,13294,57,1
dontcache,hit,3549,269,568,837,0,1
dontcache,miss,3550,2340,10806,13146,57,1
dontcache,hit,3550,260,572,832,0,1
dontcache,miss,3551,2510,12000,14510,64,1
dontcache,hit,3551,262,563,825,0,1
dontcache,miss,3552,2097,10772,12869,57,1
dontcache,hit,3552,262,561,823,0,1
dontcache,miss,3553,2521,10027,12548,52,1
dontcache,hit,3553,262,561,823,0,1
dontcache,miss,3554,2322,13653,15975,73,1
dontcache,hit,3554,300,694,994,0,1
dontcache,miss,3555,2537,11097,13634,58,1
dontcache,hit,3555,267,612,879,0,1
dontcache,miss,3556,2361,14851,17212,72,1
dontcache,hit,3556,344,858,1202,0,1
dontcache,miss,3557,2433,10905,13338,57,1
dontcache,hit,3557,262,605,867,0,1
dontcache,miss,3558,2375,10714,13089,56,1
dontcache,hit,3558,265,592,857,0,1
dontcache,miss,3559,2539,10995,13534,58,1
dontcache,hit,3559,264,581,845,0,1
dontcache,miss,3560,2332,11181,13513,59,1
dontcache,hit,3560,262,579,841,0,1
dontcache,miss,3561,2553,10690,13243,56,1
dontcache,hit,3561,263,568,831,0,1
dontcache,miss,3562,2367,10682,13049,56,1
dontcache,hit,3562,269,564,833,0,1
dontcache,miss,3563,2510,10530,13040,55,1
dontcache,hit,3563,264,569,833,0,1
dontcache,miss,3564,2353,10490,12843,55,1
dontcache,hit,3564,258,560,818,0,1
dontcache,miss,3565,2535,10868,13403,57,1
dontcache,hit,3565,273,570,843,0,1
dontcache,miss,3566,2344,13684,16028,19,1
dontcache,hit,3566,268,839,1107,0,1
dontcache,miss,3567,3064,11264,14328,58,1
dontcache,hit,3567,472,1127,1599,0,1
dontcache,miss,3568,2323,12997,15320,70,1
dontcache,hit,3568,261,665,926,0,1
dontcache,miss,3569,2542,10158,12700,53,1
dontcache,hit,3569,256,590,846,0,1
dontcache,miss,3570,2495,10161,12656,53,1
dontcache,hit,3570,259,583,842,0,1
dontcache,miss,3571,2511,11142,13653,58,1
dontcache,hit,3571,257,589,846,0,1
dontcache,miss,3572,2343,10820,13163,57,1
dontcache,hit,3572,260,584,844,0,1
dontcache,miss,3573,2505,13067,15572,70,1
dontcache,hit,3573,256,581,837,0,1
dontcache,miss,3574,2153,10129,12282,53,1
dontcache,hit,3574,262,621,883,0,1
dontcache,miss,3575,2506,10528,13034,55,1
dontcache,hit,3575,257,600,857,0,1
dontcache,miss,3576,2327,10471,12798,55,1
dontcache,hit,3576,260,588,848,0,1
dontcache,miss,3577,2507,10589,13096,56,1
dontcache,hit,3577,256,591,847,0,1
dontcache,miss,3578,2325,10493,12818,55,1
dontcache,hit,3578,258,594,852,0,1
dontcache,miss,3579,2322,10963,13285,57,1
dontcache,hit,3579,257,594,851,0,1
dontcache,miss,3580,2366,9933,12299,52,1
dontcache,hit,3580,258,594,852,0,1
dontcache,miss,3581,2495,9998,12493,52,1
dontcache,hit,3581,257,607,864,0,1
dontcache,miss,3582,2380,10633,13013,56,1
dontcache,hit,3582,261,617,878,0,1
dontcache,miss,3583,2522,10472,12994,50,1
dontcache,hit,3583,255,2104,2359,0,1
dontcache,miss,3584,2277,10714,12991,56,1
dontcache,hit,3584,265,602,867,0,1
dontcache,miss,3585,2553,10723,13276,56,1
dontcache,hit,3585,254,596,850,0,1
dontcache,miss,3586,2328,15828,18156,60,1
dontcache,hit,3586,267,667,934,0,1
dontcache,miss,3587,2469,11067,13536,58,1
dontcache,hit,3587,265,673,938,0,1
dontcache,miss,3588,2283,10800,13083,57,1
dontcache,hit,3588,260,613,873,0,1
dontcache,miss,3589,2559,11111,13670,58,1
dontcache,hit,3589,269,602,871,0,1
dontcache,miss,3590,2316,12834,15150,69,1
dontcache,hit,3590,266,594,860,0,1
dontcache,miss,3591,2520,11052,13572,58,1
dontcache,hit,3591,268,591,859,0,1
dontcache,miss,3592,2385,10764,13149,57,1
dontcache,hit,3592,264,580,844,0,1
dontcache,miss,3593,2528,10680,13208,56,1
dontcache,hit,3593,263,580,843,0,1
dontcache,miss,3594,2287,11078,13365,58,1
dontcache,hit,3594,268,591,859,0,1
dontcache,miss,3595,2558,11552,14110,61,1
dontcache,hit,3595,270,567,837,0,1
dontcache,miss,3596,2164,10997,13161,58,1
dontcache,hit,3596,259,589,848,0,1
dontcache,miss,3597,2516,10804,13320,33,1
dontcache,hit,3597,263,591,854,0,1
dontcache,miss,3598,2538,9944,12482,52,1
dontcache,hit,3598,253,604,857,0,1
dontcache,miss,3599,2520,10949,13469,58,1
dontcache,hit,3599,269,576,845,0,1
dontcache,miss,3600,2389,10574,12963,56,1
dontcache,hit,3600,261,559,820,0,1
dontcache,miss,3601,2341,10999,13340,58,1
dontcache,hit,3601,256,553,809,0,1
dontcache,miss,3602,2371,10584,12955,56,1
dontcache,hit,3602,265,567,832,0,1
dontcache,miss,3603,2527,10025,12552,52,1
dontcache,hit,3603,259,564,823,0,1
dontcache,miss,3604,2355,20046,22401,111,1
dontcache,hit,3604,261,559,820,0,1
dontcache,miss,3605,2522,10557,13079,55,1
dontcache,hit,3605,258,572,830,0,1
dontcache,miss,3606,2377,10620,12997,56,1
dontcache,hit,3606,260,584,844,0,1
dontcache,miss,3607,2523,9307,11830,48,1
dontcache,hit,3607,252,560,812,0,1
dontcache,miss,3608,2339,9267,11606,48,1
dontcache,hit,3608,263,572,835,0,1
dontcache,miss,3609,2549,10723,13272,56,1
dontcache,hit,3609,259,574,833,0,1
dontcache,miss,3610,2323,10633,12956,56,1
dontcache,hit,3610,257,563,820,0,1
dontcache,miss,3611,2510,10646,13156,56,1
dontcache,hit,3611,259,570,829,0,1
dontcache,miss,3612,2341,12993,15334,70,1
dontcache,hit,3612,260,582,842,0,1
dontcache,miss,3613,2554,9347,11901,48,1
dontcache,hit,3613,255,576,831,0,1
dontcache,miss,3614,2385,8939,11324,46,1
dontcache,hit,3614,264,573,837,0,1
dontcache,miss,3615,2512,10550,13062,55,1
dontcache,hit,3615,256,568,824,0,1
dontcache,miss,3616,2337,10614,12951,56,1
dontcache,hit,3616,256,570,826,0,1
dontcache,miss,3617,2529,11491,14020,61,1
dontcache,hit,3617,257,546,803,0,1
dontcache,miss,3618,2149,10626,12775,56,1
dontcache,hit,3618,315,763,1078,0,1
dontcache,miss,3619,2608,10913,13521,57,1
dontcache,hit,3619,280,606,886,0,1
dontcache,miss,3620,2359,10790,13149,57,1
dontcache,hit,3620,258,613,871,0,1
dontcache,miss,3621,2514,11170,13684,59,1
dontcache,hit,3621,257,589,846,0,1
dontcache,miss,3622,2357,10582,12939,56,1
dontcache,hit,3622,265,588,853,0,1
dontcache,miss,3623,2372,10558,12930,55,1
dontcache,hit,3623,257,589,846,0,1
dontcache,miss,3624,2372,9446,11818,49,1
dontcache,hit,3624,264,597,861,0,1
dontcache,miss,3625,2520,10740,13260,56,1
dontcache,hit,3625,258,587,845,0,1
dontcache,miss,3626,2411,11021,13432,58,1
dontcache,hit,3626,266,603,869,0,1
dontcache,miss,3627,2558,10517,13075,55,1
dontcache,hit,3627,269,588,857,0,1
dontcache,miss,3628,2366,10787,13153,57,1
dontcache,hit,3628,260,586,846,0,1
dontcache,miss,3629,2522,9953,12475,52,1
dontcache,hit,3629,270,593,863,0,1
dontcache,miss,3630,2382,11071,13453,27,1
dontcache,hit,3630,259,624,883,0,1
dontcache,miss,3631,2567,10865,13432,57,1
dontcache,hit,3631,268,583,851,0,1
dontcache,miss,3632,2360,10731,13091,57,1
dontcache,hit,3632,265,588,853,0,1
dontcache,miss,3633,2525,10475,13000,55,1
dontcache,hit,3633,256,571,827,0,1
dontcache,miss,3634,2360,11862,14222,63,1
dontcache,hit,3634,257,575,832,0,1
dontcache,miss,3635,2521,9860,12381,51,1
dontcache,hit,3635,251,566,817,0,1
dontcache,miss,3636,2318,10089,12407,53,1
dontcache,hit,3636,263,576,839,0,1
dontcache,miss,3637,2540,10878,13418,57,1
dontcache,hit,3637,259,575,834,0,1
dontcache,miss,3638,2347,10749,13096,57,1
dontcache,hit,3638,264,570,834,0,1
dontcache,miss,3639,2504,11993,14497,64,1
dontcache,hit,3639,265,562,827,0,1
dontcache,miss,3640,2203,10778,12981,57,1
dontcache,hit,3640,263,568,831,0,1
dontcache,miss,3641,2601,10142,12743,53,1
dontcache,hit,3641,258,554,812,0,1
dontcache,miss,3642,2358,10670,13028,56,1
dontcache,hit,3642,266,567,833,0,1
dontcache,miss,3643,2484,10841,13325,57,1
dontcache,hit,3643,257,556,813,0,1
dontcache,miss,3644,2362,10523,12885,55,1
dontcache,hit,3644,259,558,817,0,1
dontcache,miss,3645,2339,9964,12303,52,1
dontcache,hit,3645,256,556,812,0,1
dontcache,miss,3646,2419,9095,11514,47,1
dontcache,hit,3646,256,574,830,0,1
dontcache,miss,3647,2539,9959,12498,52,1
dontcache,hit,3647,254,561,815,0,1
dontcache,miss,3648,2355,10674,13029,56,1
dontcache,hit,3648,256,554,810,0,1
dontcache,miss,3649,2504,10480,12984,55,1
dontcache,hit,3649,254,553,807,0,1
dontcache,miss,3650,2356,10819,13175,57,1
dontcache,hit,3650,257,572,829,0,1
dontcache,miss,3651,2794,10876,13670,57,1
dontcache,hit,3651,282,683,965,0,1
dontcache,miss,3652,2319,10839,13158,57,1
dontcache,hit,3652,260,597,857,0,1
dontcache,miss,3653,2530,11026,13556,58,1
dontcache,hit,3653,265,596,861,0,1
dontcache,miss,3654,2343,10666,13009,56,1
dontcache,hit,3654,266,594,860,0,1
dontcache,miss,3655,2467,10852,13319,57,1
dontcache,hit,3655,273,587,860,0,1
dontcache,miss,3656,2345,12884,15229,69,1
dontcache,hit,3656,262,592,854,0,1
dontcache,miss,3657,2494,10822,13316,57,1
dontcache,hit,3657,263,592,855,0,1
dontcache,miss,3658,2308,10866,13174,57,1
dontcache,hit,3658,267,591,858,0,1
dontcache,miss,3659,2559,10646,13205,56,1
dontcache,hit,3659,270,587,857,0,1
dontcache,miss,3660,2375,10624,12999,56,1
dontcache,hit,3660,263,578,841,0,1
dontcache,miss,3661,2486,11825,14311,62,1
dontcache,hit,3661,257,647,904,0,1
dontcache,miss,3662,2188,10830,13018,57,1
dontcache,hit,3662,258,578,836,0,1
dontcache,miss,3663,2734,10891,13625,57,1
dontcache,hit,3663,292,729,1021,0,1
dontcache,miss,3664,2340,10734,13074,56,1
dontcache,hit,3664,255,587,842,0,1
dontcache,miss,3665,2512,10549,13061,55,1
dontcache,hit,3665,258,585,843,0,1
dontcache,miss,3666,2331,10616,12947,56,1
dontcache,hit,3666,260,589,849,0,1
dontcache,miss,3667,2304,10042,12346,52,1
dontcache,hit,3667,260,584,844,0,1
dontcache,miss,3668,2299,9207,11506,48,1
dontcache,hit,3668,260,595,855,0,1
dontcache,miss,3669,2503,10675,13178,56,1
dontcache,hit,3669,259,569,828,0,1
dontcache,miss,3670,2350,10675,13025,56,1
dontcache,hit,3670,255,7300,7555,0,1
dontcache,miss,3671,2418,10800,13218,58,1
dontcache,hit,3671,250,560,810,0,1
dontcache,miss,3672,2275,10242,12517,55,1
dontcache,hit,3672,259,576,835,0,1
dontcache,miss,3673,2471,8966,11437,47,1
dontcache,hit,3673,254,559,813,0,1
dontcache,miss,3674,2286,8916,11202,47,1
dontcache,hit,3674,256,581,837,0,1
dontcache,miss,3675,2485,10478,12963,56,1
dontcache,hit,3675,254,564,818,0,1
dontcache,miss,3676,2253,10541,12794,57,1
dontcache,hit,3676,255,559,814,0,1
dontcache,miss,3677,2460,10257,12717,55,1
dontcache,hit,3677,251,551,802,0,1
dontcache,miss,3678,2308,11597,13905,63,1
dontcache,hit,3678,257,560,817,0,1
dontcache,miss,3679,2465,9817,12282,52,1
dontcache,hit,3679,250,549,799,0,1
dontcache,miss,3680,2258,9736,11994,52,1
dontcache,hit,3680,254,577,831,0,1
dontcache,miss,3681,2437,10616,13053,57,1
dontcache,hit,3681,250,544,794,0,1
dontcache,miss,3682,2292,10524,12816,57,1
dontcache,hit,3682,253,571,824,0,1
dontcache,miss,3683,2446,12822,15268,70,1
dontcache,hit,3683,251,556,807,0,1
dontcache,miss,3684,2092,14244,16336,50,1
dontcache,hit,3684,266,656,922,0,1
dontcache,miss,3685,2471,10524,12995,56,1
dontcache,hit,3685,257,579,836,0,1
dontcache,miss,3686,2326,10432,12758,49,1
dontcache,hit,3686,259,1427,1686,0,1
dontcache,miss,3687,2424,10939,13363,59,1
dontcache,hit,3687,272,560,832,0,1
dontcache,miss,3688,2265,10275,12540,55,1
dontcache,hit,3688,254,577,831,0,1
dontcache,miss,3689,2319,9785,12104,52,1
dontcache,hit,3689,256,563,819,0,1
dontcache,miss,3690,2274,9012,11286,47,1
dontcache,hit,3690,256,579,835,0,1
dontcache,miss,3691,2507,9798,12305,52,1
dontcache,hit,3691,257,589,846,0,1
dontcache,miss,3692,2281,10749,13030,58,1
dontcache,hit,3692,254,552,806,0,1
dontcache,miss,3693,2489,10424,12913,56,1
dontcache,hit,3693,258,558,816,0,1
dontcache,miss,3694,2284,10397,12681,56,1
dontcache,hit,3694,254,574,828,0,1
dontcache,miss,3695,2521,9969,12490,53,1
dontcache,hit,3695,254,556,810,0,1
dontcache,miss,3696,2274,12525,14799,42,1
dontcache,hit,3696,257,614,871,0,1
dontcache,miss,3697,2582,11054,13636,58,1
dontcache,hit,3697,257,564,821,0,1
dontcache,miss,3698,2310,10493,12803,55,1
dontcache,hit,3698,260,584,844,0,1
dontcache,miss,3699,2531,10726,13257,56,1
dontcache,hit,3699,257,565,822,0,1
dontcache,miss,3700,2305,13363,15668,72,1
dontcache,hit,3700,259,552,811,0,1
dontcache,miss,3701,2544,9395,11939,48,1
dontcache,hit,3701,257,542,799,0,1
dontcache,miss,3702,2322,9238,11560,48,1
dontcache,hit,3702,263,548,811,0,1
dontcache,miss,3703,2530,10679,13209,56,1
dontcache,hit,3703,257,552,809,0,1
dontcache,miss,3704,2300,10780,13080,57,1
dontcache,hit,3704,261,565,826,0,1
dontcache,miss,3705,2522,11479,14001,61,1
dontcache,hit,3705,259,548,807,0,1
dontcache,miss,3706,2095,10750,12845,57,1
dontcache,hit,3706,257,545,802,0,1
dontcache,miss,3707,3243,10556,13799,55,1
dontcache,hit,3707,322,863,1185,0,1
dontcache,miss,3708,2414,10701,13115,56,1
dontcache,hit,3708,265,612,877,0,1
dontcache,miss,3709,2528,10844,13372,57,1
dontcache,hit,3709,265,575,840,0,1
dontcache,miss,3710,2328,10881,13209,57,1
dontcache,hit,3710,256,563,819,0,1
dontcache,miss,3711,2356,10808,13164,57,1
dontcache,hit,3711,262,571,833,0,1
dontcache,miss,3712,2358,10213,12571,53,1
dontcache,hit,3712,260,556,816,0,1
dontcache,miss,3713,2530,10204,12734,53,1
dontcache,hit,3713,261,569,830,0,1
dontcache,miss,3714,2297,10778,13075,57,1
dontcache,hit,3714,267,567,834,0,1
dontcache,miss,3715,2502,10666,13168,55,1
dontcache,hit,3715,265,553,818,0,1
dontcache,miss,3716,2309,10668,12977,56,1
dontcache,hit,3716,261,560,821,0,1
dontcache,miss,3717,2832,10709,13541,56,1
dontcache,hit,3717,291,707,998,0,1
dontcache,miss,3718,2345,18175,20520,91,1
dontcache,hit,3718,254,579,833,0,1
dontcache,miss,3719,2472,10958,13430,59,1
dontcache,hit,3719,245,551,796,0,1
dontcache,miss,3720,2235,10822,13057,58,1
dontcache,hit,3720,254,562,816,0,1
dontcache,miss,3721,2490,10760,13250,58,1
dontcache,hit,3721,260,564,824,0,1
dontcache,miss,3722,2244,12435,14679,68,1
dontcache,hit,3722,253,564,817,0,1
dontcache,miss,3723,2464,9520,11984,50,1
dontcache,hit,3723,254,559,813,0,1
dontcache,miss,3724,2284,9218,11502,49,1
dontcache,hit,3724,252,551,803,0,1
dontcache,miss,3725,2458,10655,13113,57,1
dontcache,hit,3725,255,558,813,0,1
dontcache,miss,3726,2255,10393,12648,56,1
dontcache,hit,3726,255,562,817,0,1
dontcache,miss,3727,2436,11740,14176,64,1
dontcache,hit,3727,257,549,806,0,1
dontcache,miss,3728,2077,9775,11852,52,1
dontcache,hit,3728,260,652,912,0,1
dontcache,miss,3729,2465,10589,13054,57,1
dontcache,hit,3729,252,580,832,0,1
dontcache,miss,3730,2304,10488,12792,56,1
dontcache,hit,3730,264,569,833,0,1
dontcache,miss,3731,2445,10816,13261,58,1
dontcache,hit,3731,250,544,794,0,1
dontcache,miss,3732,2233,10759,12992,58,1
dontcache,hit,3732,257,544,801,0,1
dontcache,miss,3733,2295,10635,12930,57,1
dontcache,hit,3733,249,558,807,0,1
dontcache,miss,3734,2299,9798,12097,52,1
dontcache,hit,3734,254,545,799,0,1
dontcache,miss,3735,2450,10257,12707,55,1
dontcache,hit,3735,255,548,803,0,1
dontcache,miss,3736,2303,10585,12888,57,1
dontcache,hit,3736,252,564,816,0,1
dontcache,miss,3737,2444,10780,13224,58,1
dontcache,hit,3737,249,542,791,0,1
dontcache,miss,3738,2274,10429,12703,56,1
dontcache,hit,3738,253,547,800,0,1
dontcache,miss,3739,2423,8973,11396,47,1
dontcache,hit,3739,250,542,792,0,1
dontcache,miss,3740,2330,9093,11423,48,1
dontcache,hit,3740,258,544,802,0,1
dontcache,miss,3741,2463,10609,13072,57,1
dontcache,hit,3741,254,551,805,0,1
dontcache,miss,3742,2309,10605,12914,57,1
dontcache,hit,3742,260,552,812,0,1
dontcache,miss,3743,2451,10487,12938,56,1
dontcache,hit,3743,263,551,814,0,1
dontcache,miss,3744,2262,11503,13765,62,1
dontcache,hit,3744,253,548,801,0,1
dontcache,miss,3745,2456,10577,13033,57,1
dontcache,hit,3745,258,549,807,0,1
dontcache,miss,3746,2313,10453,12766,56,1
dontcache,hit,3746,259,564,823,0,1
dontcache,miss,3747,2417,10631,13048,57,1
dontcache,hit,3747,265,554,819,0,1
dontcache,miss,3748,2283,10862,13145,59,1
dontcache,hit,3748,258,562,820,0,1
dontcache,miss,3749,2449,11294,13743,61,1
dontcache,hit,3749,262,561,823,0,1
dontcache,miss,3750,2105,15142,17247,50,1
dontcache,hit,3750,265,672,937,0,1
dontcache,miss,3751,2516,10831,13347,57,1
dontcache,hit,3751,267,590,857,0,1
dontcache,miss,3752,2317,18081,20398,59,1
dontcache,hit,3752,257,578,835,0,1
dontcache,miss,3753,2454,10711,13165,58,1
dontcache,hit,3753,259,554,813,0,1
dontcache,miss,3754,2294,10791,13085,58,1
dontcache,hit,3754,265,588,853,0,1
dontcache,miss,3755,2301,10080,12381,54,1
dontcache,hit,3755,267,574,841,0,1
dontcache,miss,3756,2293,9336,11629,49,1
dontcache,hit,3756,265,600,865,0,1
dontcache,miss,3757,2501,10087,12588,54,1
dontcache,hit,3757,268,560,828,0,1
dontcache,miss,3758,2315,10910,13225,59,1
dontcache,hit,3758,265,566,831,0,1
dontcache,miss,3759,2468,10057,12525,54,1
dontcache,hit,3759,265,573,838,0,1
dontcache,miss,3760,2304,9225,11529,49,1
dontcache,hit,3760,265,566,831,0,1
dontcache,miss,3761,2460,10048,12508,33,1
dontcache,hit,3761,266,560,826,0,1
dontcache,miss,3762,2413,10011,12424,53,1
dontcache,hit,3762,254,573,827,0,1
dontcache,miss,3763,2483,10750,13233,57,1
dontcache,hit,3763,258,559,817,0,1
dontcache,miss,3764,2264,10262,12526,55,1
dontcache,hit,3764,256,551,807,0,1
dontcache,miss,3765,2525,9106,11631,48,1
dontcache,hit,3765,247,539,786,0,1
dontcache,miss,3766,2329,11450,13779,62,1
dontcache,hit,3766,254,557,811,0,1
dontcache,miss,3767,2451,10315,12766,55,1
dontcache,hit,3767,250,552,802,0,1
dontcache,miss,3768,2239,10628,12867,57,1
dontcache,hit,3768,252,548,800,0,1
dontcache,miss,3769,2468,10632,13100,57,1
dontcache,hit,3769,250,552,802,0,1
dontcache,miss,3770,2258,10424,12682,56,1
dontcache,hit,3770,254,548,802,0,1
dontcache,miss,3771,2503,11347,13850,61,1
dontcache,hit,3771,252,541,793,0,1
dontcache,miss,3772,2139,9855,11994,53,1
dontcache,hit,3772,258,564,822,0,1
dontcache,miss,3773,2452,10275,12727,55,1
dontcache,hit,3773,258,539,797,0,1
dontcache,miss,3774,2321,9737,12058,52,1
dontcache,hit,3774,256,545,801,0,1
dontcache,miss,3775,2472,9144,11616,48,1
dontcache,hit,3775,253,532,785,0,1
dontcache,miss,3776,2296,8928,11224,47,1
dontcache,hit,3776,256,547,803,0,1
dontcache,miss,3777,2275,10635,12910,57,1
dontcache,hit,3777,258,542,800,0,1
dontcache,miss,3778,2321,9561,11882,51,1
dontcache,hit,3778,254,552,806,0,1
dontcache,miss,3779,2464,9079,11543,48,1
dontcache,hit,3779,257,550,807,0,1
dontcache,miss,3780,2306,9729,12035,52,1
dontcache,hit,3780,255,569,824,0,1
dontcache,miss,3781,2468,9210,11678,48,1
dontcache,hit,3781,259,550,809,0,1
dontcache,miss,3782,2295,9278,11573,49,1
dontcache,hit,3782,255,554,809,0,1
dontcache,miss,3783,2469,9104,11573,48,1
dontcache,hit,3783,248,558,806,0,1
dontcache,miss,3784,5192,11331,16523,57,1
dontcache,hit,3784,260,2538,2798,0,1
dontcache,miss,3785,2566,11186,13752,59,1
dontcache,hit,3785,255,576,831,0,1
dontcache,miss,3786,2350,11021,13371,58,1
dontcache,hit,3786,262,585,847,0,1
dontcache,miss,3787,2494,10984,13478,57,1
dontcache,hit,3787,259,579,838,0,1
dontcache,miss,3788,2276,13178,15454,64,1
dontcache,hit,3788,259,1470,1729,0,1
dontcache,miss,3789,2544,10915,13459,57,1
dontcache,hit,3789,268,559,827,0,1
dontcache,miss,3790,2334,10952,13286,58,1
dontcache,hit,3790,261,571,832,0,1
dontcache,miss,3791,2502,10717,13219,56,1
dontcache,hit,3791,263,572,835,0,1
dontcache,miss,3792,9324,10262,19586,55,1
dontcache,hit,3792,253,546,799,0,1
dontcache,miss,3793,2467,12996,15463,71,1
dontcache,hit,3793,253,564,817,0,1
dontcache,miss,3794,2092,9717,11809,52,1
dontcache,hit,3794,256,561,817,0,1
dontcache,miss,3795,2648,9877,12525,52,1
dontcache,hit,3795,262,698,960,0,1
dontcache,miss,3796,2272,10287,12559,55,1
dontcache,hit,3796,273,591,864,0,1
dontcache,miss,3797,2449,10610,13059,57,1
dontcache,hit,3797,258,556,814,0,1
dontcache,miss,3798,2238,10725,12963,58,1
dontcache,hit,3798,253,572,825,0,1
dontcache,miss,3799,2296,10651,12947,57,1
dontcache,hit,3799,247,547,794,0,1
dontcache,miss,3800,2263,10290,12553,55,1
dontcache,hit,3800,253,561,814,0,1
dontcache,miss,3801,2466,9776,12242,52,1
dontcache,hit,3801,251,536,787,0,1
dontcache,miss,3802,2274,10452,12726,56,1
dontcache,hit,3802,252,546,798,0,1
dontcache,miss,3803,2533,10462,12995,56,1
dontcache,hit,3803,250,553,803,0,1
dontcache,miss,3804,2295,10421,12716,56,1
dontcache,hit,3804,253,566,819,0,1
dontcache,miss,3805,2491,9767,12258,52,1
dontcache,hit,3805,250,546,796,0,1
dontcache,miss,3806,2378,9728,12106,52,1
dontcache,hit,3806,254,561,815,0,1
dontcache,miss,3807,2475,10461,12936,56,1
dontcache,hit,3807,258,553,811,0,1
dontcache,miss,3808,2291,10393,12684,56,1
dontcache,hit,3808,252,565,817,0,1
dontcache,miss,3809,2469,10258,12727,55,1
dontcache,hit,3809,251,555,806,0,1
dontcache,miss,3810,2284,11243,13527,61,1
dontcache,hit,3810,253,549,802,0,1
dontcache,miss,3811,2478,10280,12758,55,1
dontcache,hit,3811,250,556,806,0,1
dontcache,miss,3812,2300,10297,12597,55,1
dontcache,hit,3812,253,558,811,0,1
dontcache,miss,3813,2488,10447,12935,56,1
dontcache,hit,3813,251,565,816,0,1
dontcache,miss,3814,2281,10693,12974,58,1
dontcache,hit,3814,253,545,798,0,1
dontcache,miss,3815,2464,11271,13735,61,1
dontcache,hit,3815,249,562,811,0,1
dontcache,miss,3816,2065,10429,12494,56,1
dontcache,hit,3816,303,780,1083,0,1
dontcache,miss,3817,2546,10630,13176,57,1
dontcache,hit,3817,255,607,862,0,1
dontcache,miss,3818,2259,10941,13200,59,1
dontcache,hit,3818,254,571,825,0,1
dontcache,miss,3819,2469,10458,12927,56,1
dontcache,hit,3819,250,557,807,0,1
dontcache,miss,3820,2327,10615,12942,57,1
dontcache,hit,3820,250,564,814,0,1
dontcache,miss,3821,2354,10117,12471,54,1
dontcache,hit,3821,252,560,812,0,1
dontcache,miss,3822,2338,8907,11245,47,1
dontcache,hit,3822,253,555,808,0,1
dontcache,miss,3823,2473,9824,12297,52,1
dontcache,hit,3823,248,550,798,0,1
dontcache,miss,3824,2274,9758,12032,52,1
dontcache,hit,3824,252,543,795,0,1
dontcache,miss,3825,2493,9514,12007,50,1
dontcache,hit,3825,250,553,803,0,1
dontcache,miss,3826,2324,10200,12524,55,1
dontcache,hit,3826,254,568,822,0,1
dontcache,miss,3827,2478,9114,11592,48,1
dontcache,hit,3827,246,554,800,0,1
dontcache,miss,3828,2304,9229,11533,49,1
dontcache,hit,3828,250,547,797,0,1
dontcache,miss,3829,4687,10687,15374,56,1
dontcache,hit,3829,273,624,897,0,1
dontcache,miss,3830,2397,10828,13225,57,1
dontcache,hit,3830,273,584,857,0,1
dontcache,miss,3831,2494,10485,12979,56,1
dontcache,hit,3831,245,560,805,0,1
dontcache,miss,3832,2250,11758,14008,64,1
dontcache,hit,3832,255,541,796,0,1
dontcache,miss,3833,2457,9095,11552,48,1
dontcache,hit,3833,249,542,791,0,1
dontcache,miss,3834,2300,9000,11300,47,1
dontcache,hit,3834,251,556,807,0,1
dontcache,miss,3835,2486,10739,13225,58,1
dontcache,hit,3835,254,551,805,0,1
dontcache,miss,3836,2316,10530,12846,57,1
dontcache,hit,3836,252,558,810,0,1
dontcache,miss,3837,2457,12911,15368,71,1
dontcache,hit,3837,255,550,805,0,1
dontcache,miss,3838,2118,9762,11880,52,1
dontcache,hit,3838,274,572,846,0,1
dontcache,miss,3839,2453,8936,11389,47,1
dontcache,hit,3839,250,545,795,0,1
dontcache,miss,3840,2295,9757,12052,52,1
dontcache,hit,3840,253,553,806,0,1
dontcache,miss,3841,2401,10594,12995,57,1
dontcache,hit,3841,251,540,791,0,1
dontcache,miss,3842,2307,10225,12532,55,1
dontcache,hit,3842,253,554,807,0,1
dontcache,miss,3843,2296,9981,12277,53,1
dontcache,hit,3843,253,536,789,0,1
dontcache,miss,3844,2311,9006,11317,48,1
dontcache,hit,3844,248,543,791,0,1
dontcache,miss,3845,2451,9678,12129,51,1
dontcache,hit,3845,250,545,795,0,1
dontcache,miss,3846,2233,10399,12632,56,1
dontcache,hit,3846,252,543,795,0,1
dontcache,miss,3847,2499,10266,12765,55,1
dontcache,hit,3847,251,544,795,0,1
dontcache,miss,3848,2292,10224,12516,55,1
dontcache,hit,3848,256,575,831,0,1
dontcache,miss,3849,2435,8961,11396,47,1
dontcache,hit,3849,252,531,783,0,1
dontcache,miss,3850,2334,12861,15195,53,1
dontcache,hit,3850,250,593,843,0,1
dontcache,miss,3851,2468,11311,13779,61,1
dontcache,hit,3851,254,576,830,0,1
dontcache,miss,3852,2265,10435,12700,56,1
dontcache,hit,3852,255,559,814,0,1
dontcache,miss,3853,2444,10954,13398,59,1
dontcache,hit,3853,255,553,808,0,1
dontcache,miss,3854,2310,12410,14720,68,1
dontcache,hit,3854,254,578,832,0,1
dontcache,miss,3855,2482,10652,13134,57,1
dontcache,hit,3855,257,547,804,0,1
dontcache,miss,3856,2258,10472,12730,56,1
dontcache,hit,3856,252,566,818,0,1
dontcache,miss,3857,2443,9112,11555,48,1
dontcache,hit,3857,253,550,803,0,1
dontcache,miss,3858,2232,9456,11688,50,1
dontcache,hit,3858,252,560,812,0,1
dontcache,miss,3859,2466,11259,13725,61,1
dontcache,hit,3859,258,562,820,0,1
dontcache,miss,3860,2065,10574,12639,57,1
dontcache,hit,3860,257,553,810,0,1
dontcache,miss,3861,2468,10609,13077,57,1
dontcache,hit,3861,268,575,843,0,1
dontcache,miss,3862,2242,13085,15327,53,1
dontcache,hit,3862,262,599,861,0,1
dontcache,miss,3863,2420,10557,12977,57,1
dontcache,hit,3863,256,548,804,0,1
dontcache,miss,3864,2279,10457,12736,56,1
dontcache,hit,3864,253,539,792,0,1
dontcache,miss,3865,2322,9271,11593,49,1
dontcache,hit,3865,259,550,809,0,1
dontcache,miss,3866,2308,9071,11379,48,1
dontcache,hit,3866,252,549,801,0,1
dontcache,miss,3867,2481,10274,12755,55,1
dontcache,hit,3867,251,535,786,0,1
dontcache,miss,3868,2252,10267,12519,55,1
dontcache,hit,3868,253,538,791,0,1
dontcache,miss,3869,2441,10222,12663,55,1
dontcache,hit,3869,250,552,802,0,1
dontcache,miss,3870,2295,10234,12529,55,1
dontcache,hit,3870,254,552,806,0,1
dontcache,miss,3871,2488,9088,11576,48,1
dontcache,hit,3871,249,540,789,0,1
dontcache,miss,3872,2281,8937,11218,47,1
dontcache,hit,3872,254,543,797,0,1
dontcache,miss,3873,2438,10628,13066,57,1
dontcache,hit,3873,257,532,789,0,1
dontcache,miss,3874,2253,10671,12924,58,1
dontcache,hit,3874,249,538,787,0,1
dontcache,miss,3875,2488,10330,12818,55,1
dontcache,hit,3875,251,542,793,0,1
dontcache,miss,3876,2262,12883,15145,71,1
dontcache,hit,3876,254,555,809,0,1
dontcache,miss,3877,2439,9147,11586,48,1
dontcache,hit,3877,252,548,800,0,1
dontcache,miss,3878,2259,8933,11192,47,1
dontcache,hit,3878,253,544,797,0,1
dontcache,miss,3879,2462,10590,13052,57,1
dontcache,hit,3879,250,541,791,0,1
dontcache,miss,3880,2241,10536,12777,57,1
dontcache,hit,3880,254,555,809,0,1
dontcache,miss,3881,2424,11764,14188,64,1
dontcache,hit,3881,253,555,808,0,1
dontcache,miss,3882,2061,10509,12570,56,1
dontcache,hit,3882,254,543,797,0,1
dontcache,miss,3883,2455,9759,12214,52,1
dontcache,hit,3883,251,538,789,0,1
dontcache,miss,3884,2265,13434,15699,57,1
dontcache,hit,3884,262,573,835,0,1
dontcache,miss,3885,2484,10945,13429,59,1
dontcache,hit,3885,263,551,814,0,1
dontcache,miss,3886,2294,10415,12709,56,1
dontcache,hit,3886,269,553,822,0,1
dontcache,miss,3887,2354,10106,12460,54,1
dontcache,hit,3887,264,556,820,0,1
dontcache,miss,3888,2252,9097,11349,48,1
dontcache,hit,3888,251,544,795,0,1
dontcache,miss,3889,2446,9904,12350,53,1
dontcache,hit,3889,259,552,811,0,1
dontcache,miss,3890,2246,9773,12019,52,1
dontcache,hit,3890,255,577,832,0,1
dontcache,miss,3891,2424,10282,12706,55,1
dontcache,hit,3891,259,582,841,0,1
dontcache,miss,3892,2266,10358,12624,56,1
dontcache,hit,3892,278,685,963,0,1
dontcache,miss,3893,2697,10444,13141,53,1
dontcache,hit,3893,280,652,932,0,1
dontcache,miss,3894,2362,10588,12950,54,1
dontcache,hit,3894,285,618,903,0,1
dontcache,miss,3895,2504,10605,13109,54,1
dontcache,hit,3895,265,593,858,0,1
dontcache,miss,3896,2353,10359,12712,33,1
dontcache,hit,3896,254,572,826,0,1
dontcache,miss,3897,2450,10311,12761,55,1
dontcache,hit,3897,253,546,799,0,1
dontcache,miss,3898,2295,12720,15015,70,1
dontcache,hit,3898,260,577,837,0,1
dontcache,miss,3899,2438,9324,11762,49,1
dontcache,hit,3899,267,566,833,0,1
dontcache,miss,3900,2303,9219,11522,49,1
dontcache,hit,3900,251,578,829,0,1
dontcache,miss,3901,2430,10311,12741,55,1
dontcache,hit,3901,264,556,820,0,1
dontcache,miss,3902,2316,10735,13051,58,1
dontcache,hit,3902,261,555,816,0,1
dontcache,miss,3903,2454,11643,14097,63,1
dontcache,hit,3903,258,570,828,0,1
dontcache,miss,3904,2095,9736,11831,52,1
dontcache,hit,3904,251,548,799,0,1
dontcache,miss,3905,2442,8825,11267,46,1
dontcache,hit,3905,252,542,794,0,1
dontcache,miss,3906,2307,9752,12059,52,1
dontcache,hit,3906,260,559,819,0,1
dontcache,miss,3907,2493,9475,11968,50,1
dontcache,hit,3907,263,548,811,0,1
dontcache,miss,3908,2262,9071,11333,48,1
dontcache,hit,3908,255,571,826,0,1
dontcache,miss,3909,2281,10805,13086,58,1
dontcache,hit,3909,261,562,823,0,1
dontcache,miss,3910,2283,10389,12672,56,1
dontcache,hit,3910,261,564,825,0,1
dontcache,miss,3911,2470,9823,12293,52,1
dontcache,hit,3911,254,547,801,0,1
dontcache,miss,3912,2248,10272,12520,55,1
dontcache,hit,3912,260,558,818,0,1
dontcache,miss,3913,2460,9125,11585,48,1
dontcache,hit,3913,264,551,815,0,1
dontcache,miss,3914,2316,9144,11460,48,1
dontcache,hit,3914,261,566,827,0,1
dontcache,miss,3915,2473,8959,11432,47,1
dontcache,hit,3915,262,561,823,0,1
dontcache,miss,3916,2304,8940,11244,47,1
dontcache,hit,3916,258,573,831,0,1
dontcache,miss,3917,2440,10588,13028,57,1
dontcache,hit,3917,263,540,803,0,1
dontcache,miss,3918,2316,10182,12498,55,1
dontcache,hit,3918,264,657,921,0,1
dontcache,miss,3919,2489,10798,13287,58,1
dontcache,hit,3919,255,570,825,0,1
dontcache,miss,3920,2277,12255,14532,67,1
dontcache,hit,3920,252,577,829,0,1
dontcache,miss,3921,2533,10125,12658,54,1
dontcache,hit,3921,262,568,830,0,1
dontcache,miss,3922,2310,10525,12835,57,1
dontcache,hit,3922,266,581,847,0,1
dontcache,miss,3923,2427,9937,12364,53,1
dontcache,hit,3923,264,564,828,0,1
dontcache,miss,3924,2302,10423,12725,56,1
dontcache,hit,3924,262,558,820,0,1
dontcache,miss,3925,2470,11287,13757,61,1
dontcache,hit,3925,246,567,813,0,1
dontcache,miss,3926,2113,10701,12814,58,1
dontcache,hit,3926,266,566,832,0,1
dontcache,miss,3927,2468,10625,13093,57,1
dontcache,hit,3927,256,571,827,0,1
dontcache,miss,3928,2308,10070,12378,54,1
dontcache,hit,3928,271,580,851,0,1
dontcache,miss,3929,2517,9879,12396,53,1
dontcache,hit,3929,251,563,814,0,1
dontcache,miss,3930,2290,10636,12926,57,1
dontcache,hit,3930,276,760,1036,0,1
dontcache,miss,3931,2364,10541,12905,57,1
dontcache,hit,3931,266,597,863,0,1
dontcache,miss,3932,2318,10408,12726,56,1
dontcache,hit,3932,255,568,823,0,1
dontcache,miss,3933,2462,9788,12250,52,1
dontcache,hit,3933,255,564,819,0,1
dontcache,miss,3934,2293,10431,12724,56,1
dontcache,hit,3934,244,557,801,0,1
dontcache,miss,3935,2439,9273,11712,49,1
dontcache,hit,3935,253,546,799,0,1
dontcache,miss,3936,2317,9075,11392,48,1
dontcache,hit,3936,254,561,815,0,1
dontcache,miss,3937,2507,10535,13042,55,1
dontcache,hit,3937,266,561,827,0,1
dontcache,miss,3938,2368,10402,12770,55,1
dontcache,hit,3938,261,569,830,0,1
dontcache,miss,3939,2531,10708,13239,56,1
dontcache,hit,3939,260,567,827,0,1
dontcache,miss,3940,2351,10612,12963,56,1
dontcache,hit,3940,263,566,829,0,1
dontcache,miss,3941,2545,10512,13057,55,1
dontcache,hit,3941,261,562,823,0,1
dontcache,miss,3942,2394,11603,13997,62,1
dontcache,hit,3942,260,580,840,0,1
dontcache,miss,3943,2527,10503,13030,55,1
dontcache,hit,3943,262,558,820,0,1
dontcache,miss,3944,2357,10618,12975,56,1
dontcache,hit,3944,260,569,829,0,1
dontcache,miss,3945,2524,10597,13121,55,1
dontcache,hit,3945,259,565,824,0,1
dontcache,miss,3946,2361,10589,12950,55,1
dontcache,hit,3946,268,578,846,0,1
dontcache,miss,3947,2516,12020,14536,64,1
dontcache,hit,3947,270,568,838,0,1
dontcache,miss,3948,2184,10799,12983,57,1
dontcache,hit,3948,264,580,844,0,1
dontcache,miss,3949,2512,10018,12530,52,1
dontcache,hit,3949,264,569,833,0,1
dontcache,miss,3950,2358,9906,12264,52,1
dontcache,hit,3950,264,571,835,0,1
dontcache,miss,3951,2514,14482,16996,59,1
dontcache,hit,3951,267,570,837,0,1
dontcache,miss,3952,2349,11305,13654,60,1
dontcache,hit,3952,266,577,843,0,1
dontcache,miss,3953,2277,10797,13074,58,1
dontcache,hit,3953,267,569,836,0,1
dontcache,miss,3954,2259,10586,12845,57,1
dontcache,hit,3954,259,569,828,0,1
dontcache,miss,3955,2445,10156,12601,54,1
dontcache,hit,3955,260,558,818,0,1
dontcache,miss,3956,2248,10579,12827,57,1
dontcache,hit,3956,255,574,829,0,1
dontcache,miss,3957,2379,10980,13359,59,1
dontcache,hit,3957,263,574,837,0,1
dontcache,miss,3958,2233,10346,12579,56,1
dontcache,hit,3958,256,566,822,0,1
dontcache,miss,3959,2437,8974,11411,47,1
dontcache,hit,3959,260,571,831,0,1
dontcache,miss,3960,2320,9261,11581,49,1
dontcache,hit,3960,265,572,837,0,1
dontcache,miss,3961,2446,10451,12897,56,1
dontcache,hit,3961,265,566,831,0,1
dontcache,miss,3962,2392,10519,12911,57,1
dontcache,hit,3962,254,570,824,0,1
dontcache,miss,3963,2414,10355,12769,30,1
dontcache,hit,3963,251,552,803,0,1
dontcache,miss,3964,2407,16463,18870,91,1
dontcache,hit,3964,260,590,850,0,1
dontcache,miss,3965,2530,10662,13192,56,1
dontcache,hit,3965,265,570,835,0,1
dontcache,miss,3966,2363,17702,20065,89,1
dontcache,hit,3966,257,574,831,0,1
dontcache,miss,3967,2442,10465,12907,56,1
dontcache,hit,3967,259,558,817,0,1
dontcache,miss,3968,2271,10613,12884,57,1
dontcache,hit,3968,253,558,811,0,1
dontcache,miss,3969,2458,11463,13921,62,1
dontcache,hit,3969,256,558,814,0,1
dontcache,miss,3970,2044,10612,12656,57,1
dontcache,hit,3970,257,562,819,0,1
dontcache,miss,3971,2443,10325,12768,55,1
dontcache,hit,3971,258,565,823,0,1
dontcache,miss,3972,2298,9742,12040,52,1
dontcache,hit,3972,456,568,1024,0,1
dontcache,miss,3973,2413,10288,12701,55,1
dontcache,hit,3973,247,556,803,0,1
dontcache,miss,3974,2261,10410,12671,56,1
dontcache,hit,3974,255,557,812,0,1
dontcache,miss,3975,2298,10442,12740,56,1
dontcache,hit,3975,258,558,816,0,1
dontcache,miss,3976,2264,10423,12687,56,1
dontcache,hit,3976,258,553,811,0,1
dontcache,miss,3977,2524,9738,12262,52,1
dontcache,hit,3977,252,556,808,0,1
dontcache,miss,3978,2279,10469,12748,56,1
dontcache,hit,3978,257,576,833,0,1
dontcache,miss,3979,2498,10466,12964,56,1
dontcache,hit,3979,260,569,829,0,1
dontcache,miss,3980,2270,10262,12532,55,1
dontcache,hit,3980,259,562,821,0,1
dontcache,miss,3981,2491,8934,11425,47,1
dontcache,hit,3981,261,568,829,0,1
dontcache,miss,3982,2323,8837,11160,47,1
dontcache,hit,3982,259,558,817,0,1
dontcache,miss,3983,2410,10456,12866,56,1
dontcache,hit,3983,269,565,834,0,1
dontcache,miss,3984,2303,13517,15820,57,1
dontcache,hit,3984,255,596,851,0,1
dontcache,miss,3985,2465,10788,13253,58,1
dontcache,hit,3985,264,585,849,0,1
dontcache,miss,3986,2289,12299,14588,67,1
dontcache,hit,3986,265,585,850,0,1
dontcache,miss,3987,2483,10099,12582,54,1
dontcache,hit,3987,266,576,842,0,1
dontcache,miss,3988,2317,10611,12928,57,1
dontcache,hit,3988,265,573,838,0,1
dontcache,miss,3989,2489,10564,13053,57,1
dontcache,hit,3989,268,567,835,0,1
dontcache,miss,3990,2303,10381,12684,56,1
dontcache,hit,3990,250,585,835,0,1
dontcache,miss,3991,2439,11637,14076,63,1
dontcache,hit,3991,260,571,831,0,1
dontcache,miss,3992,2071,9740,11811,52,1
dontcache,hit,3992,254,573,827,0,1
dontcache,miss,3993,2519,9911,12430,48,1
dontcache,hit,3993,255,1709,1964,0,1
dontcache,miss,3994,2294,10702,12996,58,1
dontcache,hit,3994,264,576,840,0,1
dontcache,miss,3995,2468,10617,13085,57,1
dontcache,hit,3995,264,579,843,0,1
dontcache,miss,3996,2281,10527,12808,57,1
dontcache,hit,3996,258,636,894,0,1
dontcache,miss,3997,2302,10570,12872,57,1
dontcache,hit,3997,269,578,847,0,1
dontcache,miss,3998,2297,10370,12667,56,1
dontcache,hit,3998,257,566,823,0,1
dontcache,miss,3999,2501,10012,12513,53,1
dontcache,hit,3999,255,561,816,0,1
dontcache,miss,4000,2268,10365,12633,56,1
dontcache,hit,4000,259,566,825,0,1
dontcache,miss,4001,2490,9436,11926,50,1
dontcache,hit,4001,260,569,829,0,1
dontcache,miss,4002,2299,10234,12533,55,1
dontcache,hit,4002,262,553,815,0,1
dontcache,miss,4003,2382,10485,12867,56,1
dontcache,hit,4003,262,541,803,0,1
dontcache,miss,4004,2297,10239,12536,55,1
dontcache,hit,4004,258,566,824,0,1
dontcache,miss,4005,2460,9119,11579,48,1
dontcache,hit,4005,258,556,814,0,1
dontcache,miss,4006,2351,9371,11722,50,1
dontcache,hit,4006,261,540,801,0,1
dontcache,miss,4007,2465,10313,12778,55,1
dontcache,hit,4007,260,538,798,0,1
dontcache,miss,4008,2259,11539,13798,63,1
dontcache,hit,4008,259,547,806,0,1
dontcache,miss,4009,2477,9158,11635,48,1
dontcache,hit,4009,258,538,796,0,1
dontcache,miss,4010,2318,9065,11383,48,1
dontcache,hit,4010,261,557,818,0,1
dontcache,miss,4011,2477,10813,13290,58,1
dontcache,hit,4011,250,562,812,0,1
dontcache,miss,4012,2329,10453,12782,56,1
dontcache,hit,4012,254,551,805,0,1
dontcache,miss,4013,2442,12761,15203,70,1
dontcache,hit,4013,251,542,793,0,1
dontcache,miss,4014,2143,9907,12050,53,1
dontcache,hit,4014,251,553,804,0,1
dontcache,miss,4015,2471,9117,11588,48,1
dontcache,hit,4015,253,541,794,0,1
dontcache,miss,4016,2275,9813,12088,52,1
dontcache,hit,4016,255,543,798,0,1
dontcache,miss,4017,2436,9129,11565,48,1
dontcache,hit,4017,258,537,795,0,1
dontcache,miss,4018,2271,9032,11303,48,1
dontcache,hit,4018,268,634,902,0,1
dontcache,miss,4019,2344,10253,12597,55,1
dontcache,hit,4019,266,589,855,0,1
dontcache,miss,4020,2354,9255,11609,49,1
dontcache,hit,4020,259,568,827,0,1
dontcache,miss,4021,2481,10954,13435,59,1
dontcache,hit,4021,259,555,814,0,1
dontcache,miss,4022,2307,10559,12866,57,1
dontcache,hit,4022,262,553,815,0,1
dontcache,miss,4023,2450,10636,13086,57,1
dontcache,hit,4023,257,564,821,0,1
dontcache,miss,4024,2337,10234,12571,55,1
dontcache,hit,4024,256,566,822,0,1
dontcache,miss,4025,2474,8960,11434,47,1
dontcache,hit,4025,264,563,827,0,1
dontcache,miss,4026,2327,9231,11558,49,1
dontcache,hit,4026,259,562,821,0,1
dontcache,miss,4027,2450,10441,12891,56,1
dontcache,hit,4027,263,564,827,0,1
dontcache,miss,4028,2293,10773,13066,58,1
dontcache,hit,4028,264,534,798,0,1
dontcache,miss,4029,2450,10414,12864,56,1
dontcache,hit,4029,268,558,826,0,1
dontcache,miss,4030,2299,11289,13588,61,1
dontcache,hit,4030,277,643,920,0,1
dontcache,miss,4031,2501,10648,13149,57,1
dontcache,hit,4031,263,564,827,0,1
dontcache,miss,4032,2254,10553,12807,57,1
dontcache,hit,4032,263,554,817,0,1
dontcache,miss,4033,2448,10251,12699,55,1
dontcache,hit,4033,262,543,805,0,1
dontcache,miss,4034,2301,10236,12537,55,1
dontcache,hit,4034,256,566,822,0,1
dontcache,miss,4035,2439,11381,13820,62,1
dontcache,hit,4035,256,543,799,0,1
dontcache,miss,4036,2121,10724,12845,58,1
dontcache,hit,4036,258,539,797,0,1
dontcache,miss,4037,2446,10480,12926,56,1
dontcache,hit,4037,261,548,809,0,1
dontcache,miss,4038,2347,9718,12065,52,1
dontcache,hit,4038,253,549,802,0,1
dontcache,miss,4039,2452,10491,12943,56,1
dontcache,hit,4039,256,546,802,0,1
dontcache,miss,4040,2300,10268,12568,55,1
dontcache,hit,4040,256,536,792,0,1
dontcache,miss,4041,2278,9447,11725,50,1
dontcache,hit,4041,259,537,796,0,1
dontcache,miss,4042,2292,9125,11417,48,1
dontcache,hit,4042,258,551,809,0,1
dontcache,miss,4043,2466,10435,12901,56,1
dontcache,hit,4043,266,547,813,0,1
dontcache,miss,4044,2288,10399,12687,56,1
dontcache,hit,4044,258,539,797,0,1
dontcache,miss,4045,2471,10494,12965,56,1
dontcache,hit,4045,258,553,811,0,1
dontcache,miss,4046,2305,10470,12775,56,1
dontcache,hit,4046,257,550,807,0,1
dontcache,miss,4047,2457,9994,12451,53,1
dontcache,hit,4047,270,549,819,0,1
dontcache,miss,4048,2317,9592,11909,51,1
dontcache,hit,4048,254,552,806,0,1
dontcache,miss,4049,2449,10446,12895,56,1
dontcache,hit,4049,265,559,824,0,1
dontcache,miss,4050,2322,10384,12706,56,1
dontcache,hit,4050,253,562,815,0,1
dontcache,miss,4051,2453,10276,12729,55,1
dontcache,hit,4051,252,544,796,0,1
dontcache,miss,4052,2332,12586,14918,53,1
dontcache,hit,4052,254,586,840,0,1
dontcache,miss,4053,2443,10755,13198,58,1
dontcache,hit,4053,254,581,835,0,1
dontcache,miss,4054,2277,10419,12696,56,1
dontcache,hit,4054,254,571,825,0,1
dontcache,miss,4055,2455,9629,12084,51,1
dontcache,hit,4055,260,570,830,0,1
dontcache,miss,4056,2270,10410,12680,56,1
dontcache,hit,4056,262,563,825,0,1
dontcache,miss,4057,2465,13022,15487,71,1
dontcache,hit,4057,258,563,821,0,1
dontcache,miss,4058,2128,9254,11382,49,1
dontcache,hit,4058,255,558,813,0,1
dontcache,miss,4059,2427,10506,12933,56,1
dontcache,hit,4059,260,573,833,0,1
dontcache,miss,4060,2275,10561,12836,57,1
dontcache,hit,4060,264,580,844,0,1
dontcache,miss,4061,2505,9128,11633,48,1
dontcache,hit,4061,266,569,835,0,1
dontcache,miss,4062,2321,9439,11760,50,1
dontcache,hit,4062,257,569,826,0,1
dontcache,miss,4063,2309,10638,12947,57,1
dontcache,hit,4063,258,557,815,0,1
dontcache,miss,4064,2294,10383,12677,56,1
dontcache,hit,4064,276,646,922,0,1
dontcache,miss,4065,2560,10653,13213,56,1
dontcache,hit,4065,268,564,832,0,1
dontcache,miss,4066,2319,15639,17958,55,1
dontcache,hit,4066,256,552,808,0,1
dontcache,miss,4067,2433,10800,13233,57,1
dontcache,hit,4067,263,547,810,0,1
dontcache,miss,4068,2290,10391,12681,56,1
dontcache,hit,4068,257,558,815,0,1
dontcache,miss,4069,2484,9117,11601,48,1
dontcache,hit,4069,256,565,821,0,1
dontcache,miss,4070,2325,9107,11432,48,1
dontcache,hit,4070,258,556,814,0,1
dontcache,miss,4071,2443,10472,12915,56,1
dontcache,hit,4071,256,544,800,0,1
dontcache,miss,4072,2273,10444,12717,56,1
dontcache,hit,4072,253,546,799,0,1
dontcache,miss,4073,2467,10416,12883,56,1
dontcache,hit,4073,254,541,795,0,1
dontcache,miss,4074,2281,11298,13579,61,1
dontcache,hit,4074,257,537,794,0,1
dontcache,miss,4075,2456,10271,12727,55,1
dontcache,hit,4075,255,542,797,0,1
dontcache,miss,4076,2257,10467,12724,56,1
dontcache,hit,4076,255,545,800,0,1
dontcache,miss,4077,2470,10665,13135,57,1
dontcache,hit,4077,255,544,799,0,1
dontcache,miss,4078,2291,10391,12682,55,1
dontcache,hit,4078,255,543,798,0,1
dontcache,miss,4079,2450,12398,14848,68,1
dontcache,hit,4079,255,537,792,0,1
dontcache,miss,4080,2115,9674,11789,52,1
dontcache,hit,4080,257,528,785,0,1
dontcache,miss,4081,2452,9095,11547,48,1
dontcache,hit,4081,254,541,795,0,1
dontcache,miss,4082,2294,9623,11917,51,1
dontcache,hit,4082,257,558,815,0,1
dontcache,miss,4083,2451,9123,11574,48,1
dontcache,hit,4083,255,558,813,0,1
dontcache,miss,4084,2285,9074,11359,48,1
dontcache,hit,4084,252,550,802,0,1
dontcache,miss,4085,4661,11675,16336,63,1
dontcache,hit,4085,251,552,803,0,1
dontcache,miss,4086,2340,9295,11635,49,1
dontcache,hit,4086,255,578,833,0,1
dontcache,miss,4087,2470,10335,12805,55,1
dontcache,hit,4087,260,572,832,0,1
dontcache,miss,4088,2278,10604,12882,57,1
dontcache,hit,4088,251,562,813,0,1
dontcache,miss,4089,2459,10689,13148,57,1
dontcache,hit,4089,262,572,834,0,1
dontcache,miss,4090,2260,10433,12693,56,1
dontcache,hit,4090,258,573,831,0,1
dontcache,miss,4091,2472,8962,11434,47,1
dontcache,hit,4091,260,587,847,0,1
dontcache,miss,4092,2298,9458,11756,50,1
dontcache,hit,4092,258,560,818,0,1
dontcache,miss,4093,2457,10269,12726,55,1
dontcache,hit,4093,263,567,830,0,1
dontcache,miss,4094,2306,10387,12693,56,1
dontcache,hit,4094,257,558,815,0,1
dontcache,miss,4095,2496,10238,12734,50,1
dontcache,hit,4095,260,1660,1920,0,1
dontcache,miss,4096,2288,11421,13709,62,1
dontcache,hit,4096,262,581,843,0,1
dontcache,miss,4097,2476,15998,18474,33,1
dontcache,hit,4097,261,560,821,0,1
dontcache,miss,4098,2489,10777,13266,57,1
dontcache,hit,4098,259,681,940,0,1
dontcache,miss,4099,2491,17747,20238,87,1
dontcache,hit,4099,259,573,832,0,1
dontcache,miss,4100,2294,10582,12876,57,1
dontcache,hit,4100,252,543,795,0,1
dontcache,miss,4101,2457,11755,14212,64,1
dontcache,hit,4101,251,565,816,0,1
dontcache,miss,4102,2125,10547,12672,57,1
dontcache,hit,4102,256,537,793,0,1
dontcache,miss,4103,2453,9812,12265,52,1
dontcache,hit,4103,250,554,804,0,1
dontcache,miss,4104,2306,9796,12102,52,1
dontcache,hit,4104,252,555,807,0,1
dontcache,miss,4105,2456,9068,11524,48,1
dontcache,hit,4105,254,576,830,0,1
dontcache,miss,4106,2291,9087,11378,48,1
dontcache,hit,4106,250,556,806,0,1
dontcache,miss,4107,2285,10596,12881,57,1
dontcache,hit,4107,252,556,808,0,1
dontcache,miss,4108,2301,10406,12707,56,1
dontcache,hit,4108,253,549,802,0,1
dontcache,miss,4109,2476,9796,12272,52,1
dontcache,hit,4109,254,570,824,0,1
dontcache,miss,4110,2358,10594,12952,57,1
dontcache,hit,4110,257,555,812,0,1
dontcache,miss,4111,2478,10347,12825,55,1
dontcache,hit,4111,251,575,826,0,1
dontcache,miss,4112,2309,10388,12697,56,1
dontcache,hit,4112,254,570,824,0,1
dontcache,miss,4113,2412,8841,11253,46,1
dontcache,hit,4113,254,554,808,0,1
dontcache,miss,4114,2307,8986,11293,47,1
dontcache,hit,4114,254,542,796,0,1
dontcache,miss,4115,2414,10392,12806,56,1
dontcache,hit,4115,250,575,825,0,1
dontcache,miss,4116,2315,10562,12877,57,1
dontcache,hit,4116,255,561,816,0,1
dontcache,miss,4117,2487,10267,12754,55,1
dontcache,hit,4117,256,558,814,0,1
dontcache,miss,4118,2310,12875,15185,71,1
dontcache,hit,4118,252,533,785,0,1
dontcache,miss,4119,2658,9530,12188,50,1
dontcache,hit,4119,269,639,908,0,1
dontcache,miss,4120,2337,9183,11520,49,1
dontcache,hit,4120,249,566,815,0,1
dontcache,miss,4121,2470,10647,13117,57,1
dontcache,hit,4121,245,564,809,0,1
dontcache,miss,4122,2318,10390,12708,56,1
dontcache,hit,4122,253,566,819,0,1
dontcache,miss,4123,2458,12463,14921,68,1
dontcache,hit,4123,254,545,799,0,1
dontcache,miss,4124,2131,9897,12028,53,1
dontcache,hit,4124,255,564,819,0,1
dontcache,miss,4125,2403,9292,11695,49,1
dontcache,hit,4125,248,579,827,0,1
dontcache,miss,4126,2344,10108,12452,54,1
dontcache,hit,4126,251,577,828,0,1
dontcache,miss,4127,2481,8978,11459,47,1
dontcache,hit,4127,250,565,815,0,1
dontcache,miss,4128,2314,9462,11776,50,1
dontcache,hit,4128,248,574,822,0,1
dontcache,miss,4129,2311,10515,12826,57,1
dontcache,hit,4129,256,568,824,0,1
dontcache,miss,4130,2272,10400,12672,56,1
dontcache,hit,4130,250,560,810,0,1
dontcache,miss,4131,2715,9869,12584,52,1
dontcache,hit,4131,282,614,896,0,1
dontcache,miss,4132,2283,10413,12696,56,1
dontcache,hit,4132,259,589,848,0,1
dontcache,miss,4133,2439,10666,13105,57,1
dontcache,hit,4133,255,556,811,0,1
dontcache,miss,4134,2324,10402,12726,56,1
dontcache,hit,4134,248,574,822,0,1
dontcache,miss,4135,2452,10485,12937,56,1
dontcache,hit,4135,254,549,803,0,1
dontcache,miss,4136,2326,10378,12704,56,1
dontcache,hit,4136,255,535,790,0,1
dontcache,miss,4137,2431,10470,12901,56,1
dontcache,hit,4137,252,543,795,0,1
dontcache,miss,4138,2315,10324,12639,55,1
dontcache,hit,4138,254,546,800,0,1
dontcache,miss,4139,2428,10435,12863,56,1
dontcache,hit,4139,252,534,786,0,1
dontcache,miss,4140,2306,11258,13564,61,1
dontcache,hit,4140,255,543,798,0,1
dontcache,miss,4141,2472,10388,12860,56,1
dontcache,hit,4141,255,544,799,0,1
dontcache,miss,4142,2334,10410,12744,56,1
dontcache,hit,4142,254,555,809,0,1
dontcache,miss,4143,2417,10299,12716,55,1
dontcache,hit,4143,251,543,794,0,1
dontcache,miss,4144,2253,10579,12832,57,1
dontcache,hit,4144,262,550,812,0,1
dontcache,miss,4145,2460,12760,15220,70,1
dontcache,hit,4145,254,544,798,0,1
dontcache,miss,4146,2102,9694,11796,52,1
dontcache,hit,4146,258,544,802,0,1
dontcache,miss,4147,2436,8946,11382,47,1
dontcache,hit,4147,253,530,783,0,1
dontcache,miss,4148,2302,9732,12034,52,1
dontcache,hit,4148,254,532,786,0,1
dontcache,miss,4149,2485,10255,12740,55,1
dontcache,hit,4149,255,545,800,0,1
dontcache,miss,4150,2300,10394,12694,56,1
dontcache,hit,4150,253,541,794,0,1
dontcache,miss,4151,2363,9582,11945,51,1
dontcache,hit,4151,255,549,804,0,1
dontcache,miss,4152,2350,9053,11403,48,1
dontcache,hit,4152,252,536,788,0,1
dontcache,miss,4153,2644,10420,13064,56,1
dontcache,hit,4153,286,623,909,0,1
dontcache,miss,4154,2281,10585,12866,57,1
dontcache,hit,4154,253,590,843,0,1
dontcache,miss,4155,2455,10572,13027,57,1
dontcache,hit,4155,253,557,810,0,1
dontcache,miss,4156,2319,10742,13061,58,1
dontcache,hit,4156,253,549,802,0,1
dontcache,miss,4157,2498,8974,11472,47,1
dontcache,hit,4157,247,550,797,0,1
dontcache,miss,4158,2318,9212,11530,49,1
dontcache,hit,4158,256,552,808,0,1
dontcache,miss,4159,2465,10440,12905,56,1
dontcache,hit,4159,249,562,811,0,1
dontcache,miss,4160,2322,10601,12923,57,1
dontcache,hit,4160,256,560,816,0,1
dontcache,miss,4161,2410,10464,12874,56,1
dontcache,hit,4161,250,539,789,0,1
dontcache,miss,4162,2288,11380,13668,62,1
dontcache,hit,4162,252,558,810,0,1
dontcache,miss,4163,2463,10644,13107,57,1
dontcache,hit,4163,251,541,792,0,1
dontcache,miss,4164,2319,10380,12699,56,1
dontcache,hit,4164,255,551,806,0,1
dontcache,miss,4165,2707,10523,13230,56,1
dontcache,hit,4165,258,664,922,0,1
dontcache,miss,4166,2307,10546,12853,57,1
dontcache,hit,4166,251,568,819,0,1
dontcache,miss,4167,2445,11296,13741,61,1
dontcache,hit,4167,254,540,794,0,1
dontcache,miss,4168,2133,9891,12024,53,1
dontcache,hit,4168,258,549,807,0,1
dontcache,miss,4169,2456,10244,12700,55,1
dontcache,hit,4169,258,545,803,0,1
dontcache,miss,4170,2290,9789,12079,52,1
dontcache,hit,4170,253,537,790,0,1
dontcache,miss,4171,2457,10947,13404,59,1
dontcache,hit,4171,259,539,798,0,1
dontcache,miss,4172,2275,10215,12490,55,1
dontcache,hit,4172,262,537,799,0,1
dontcache,miss,4173,2262,10697,12959,58,1
dontcache,hit,4173,261,534,795,0,1
dontcache,miss,4174,2275,9691,11966,52,1
dontcache,hit,4174,258,545,803,0,1
dontcache,miss,4175,2434,9779,12213,52,1
dontcache,hit,4175,250,538,788,0,1
dontcache,miss,4176,2286,10459,12745,56,1
dontcache,hit,4176,256,552,808,0,1
dontcache,miss,4177,2441,10272,12713,55,1
dontcache,hit,4177,252,526,778,0,1
dontcache,miss,4178,2301,10246,12547,55,1
dontcache,hit,4178,252,527,779,0,1
dontcache,miss,4179,2431,9026,11457,48,1
dontcache,hit,4179,254,527,781,0,1
dontcache,miss,4180,2290,9099,11389,48,1
dontcache,hit,4180,254,543,797,0,1
dontcache,miss,4181,2455,10409,12864,56,1
dontcache,hit,4181,252,527,779,0,1
dontcache,miss,4182,2270,10519,12789,57,1
dontcache,hit,4182,253,552,805,0,1
dontcache,miss,4183,2459,9157,11616,48,1
dontcache,hit,4183,253,544,797,0,1
dontcache,miss,4184,2319,10744,13063,58,1
dontcache,hit,4184,255,554,809,0,1
dontcache,miss,4185,2436,10443,12879,56,1
dontcache,hit,4185,253,533,786,0,1
dontcache,miss,4186,2285,10255,12540,55,1
dontcache,hit,4186,250,559,809,0,1
dontcache,miss,4187,2533,10620,13153,57,1
dontcache,hit,4187,264,627,891,0,1
dontcache,miss,4188,2291,10346,12637,56,1
dontcache,hit,4188,254,589,843,0,1
dontcache,miss,4189,2449,12424,14873,68,1
dontcache,hit,4189,253,556,809,0,1
dontcache,miss,4190,2163,9808,11971,52,1
dontcache,hit,4190,255,571,826,0,1
dontcache,miss,4191,2474,9306,11780,49,1
dontcache,hit,4191,257,560,817,0,1
dontcache,miss,4192,2316,10044,12360,54,1
dontcache,hit,4192,260,554,814,0,1
dontcache,miss,4193,2488,8949,11437,47,1
dontcache,hit,4193,257,557,814,0,1
dontcache,miss,4194,2327,9423,11750,50,1
dontcache,hit,4194,255,548,803,0,1
dontcache,miss,4195,2279,10680,12959,57,1
dontcache,hit,4195,254,552,806,0,1
dontcache,miss,4196,2257,10284,12541,55,1
dontcache,hit,4196,259,567,826,0,1
dontcache,miss,4197,2450,9501,11951,50,1
dontcache,hit,4197,253,589,842,0,1
dontcache,miss,4198,2313,10309,12622,49,1
dontcache,hit,4198,256,1472,1728,0,1
dontcache,miss,4199,2671,10865,13536,58,1
dontcache,hit,4199,258,3696,3954,0,1
dontcache,miss,4200,2302,10450,12752,56,1
dontcache,hit,4200,253,586,839,0,1
dontcache,miss,4201,2494,10392,12886,56,1
dontcache,hit,4201,261,536,797,0,1
dontcache,miss,4202,2292,10153,12445,54,1
dontcache,hit,4202,257,559,816,0,1
dontcache,miss,4203,2479,10471,12950,56,1
dontcache,hit,4203,259,545,804,0,1
dontcache,miss,4204,2357,10242,12599,55,1
dontcache,hit,4204,258,530,788,0,1
dontcache,miss,4205,2452,10440,12892,56,1
dontcache,hit,4205,259,525,784,0,1
dontcache,miss,4206,2322,11413,13735,62,1
dontcache,hit,4206,254,535,789,0,1
dontcache,miss,4207,2444,10609,13053,57,1
dontcache,hit,4207,258,518,776,0,1
dontcache,miss,4208,2300,10199,12499,55,1
dontcache,hit,4208,254,531,785,0,1
dontcache,miss,4209,2409,10259,12668,55,1
dontcache,hit,4209,252,528,780,0,1
dontcache,miss,4210,2266,10720,12986,58,1
dontcache,hit,4210,256,540,796,0,1
dontcache,miss,4211,2434,11453,13887,62,1
dontcache,hit,4211,259,529,788,0,1
dontcache,miss,4212,2104,10589,12693,57,1
dontcache,hit,4212,263,542,805,0,1
dontcache,miss,4213,2462,8953,11415,47,1
dontcache,hit,4213,261,539,800,0,1
dontcache,miss,4214,2305,9120,11425,48,1
dontcache,hit,4214,252,526,778,0,1
dontcache,miss,4215,2452,10728,13180,58,1
dontcache,hit,4215,251,534,785,0,1
dontcache,miss,4216,2285,10410,12695,56,1
dontcache,hit,4216,252,542,794,0,1
dontcache,miss,4217,2270,10694,12964,57,1
dontcache,hit,4217,253,532,785,0,1
dontcache,miss,4218,2289,9863,12152,53,1
dontcache,hit,4218,257,545,802,0,1
dontcache,miss,4219,2461,9627,12088,51,1
dontcache,hit,4219,251,519,770,0,1
dontcache,miss,4220,2296,10554,12850,57,1
dontcache,hit,4220,251,530,781,0,1
dontcache,miss,4221,2552,10836,13388,58,1
dontcache,hit,4221,261,604,865,0,1
dontcache,miss,4222,2266,10823,13089,59,1
dontcache,hit,4222,264,552,816,0,1
dontcache,miss,4223,2464,9057,11521,48,1
dontcache,hit,4223,250,549,799,0,1
dontcache,miss,4224,2302,9383,11685,50,1
dontcache,hit,4224,251,557,808,0,1
dontcache,miss,4225,2435,10640,13075,57,1
dontcache,hit,4225,253,531,784,0,1
dontcache,miss,4226,2345,10431,12776,56,1
dontcache,hit,4226,252,535,787,0,1
dontcache,miss,4227,2473,9108,11581,48,1
dontcache,hit,4227,253,539,792,0,1
dontcache,miss,4228,2267,10896,13163,59,1
dontcache,hit,4228,251,539,790,0,1
dontcache,miss,4229,2403,10550,12953,57,1
dontcache,hit,4229,254,534,788,0,1
dontcache,miss,4230,2305,10533,12838,57,1
dontcache,hit,4230,253,556,809,0,1
dontcache,miss,4231,2452,10451,12903,56,1
dontcache,hit,4231,253,566,819,0,1
dontcache,miss,4232,2263,10214,12477,55,1
dontcache,hit,4232,258,534,792,0,1
dontcache,miss,4233,2616,11560,14176,62,1
dontcache,hit,4233,260,601,861,0,1
dontcache,miss,4234,2102,10578,12680,57,1
dontcache,hit,4234,255,566,821,0,1
dontcache,miss,4235,2406,10439,12845,56,1
dontcache,hit,4235,255,525,780,0,1
dontcache,miss,4236,2309,9735,12044,52,1
dontcache,hit,4236,254,558,812,0,1
dontcache,miss,4237,2442,9080,11522,48,1
dontcache,hit,4237,261,556,817,0,1
dontcache,miss,4238,2324,9467,11791,50,1
dontcache,hit,4238,250,538,788,0,1
dontcache,miss,4239,2288,9756,12044,52,1
dontcache,hit,4239,254,539,793,0,1
dontcache,miss,4240,2311,14572,16883,79,1
dontcache,hit,4240,262,559,821,0,1
dontcache,miss,4241,2508,10127,12635,53,1
dontcache,hit,4241,266,551,817,0,1
dontcache,miss,4242,2299,17315,19614,86,1
dontcache,hit,4242,256,547,803,0,1
dontcache,miss,4243,2433,10222,12655,55,1
dontcache,hit,4243,257,540,797,0,1
dontcache,miss,4244,2274,10395,12669,56,1
dontcache,hit,4244,260,549,809,0,1
dontcache,miss,4245,2493,9102,11595,48,1
dontcache,hit,4245,262,524,786,0,1
dontcache,miss,4246,2306,8878,11184,47,1
dontcache,hit,4246,249,526,775,0,1
dontcache,miss,4247,2447,10490,12937,56,1
dontcache,hit,4247,251,524,775,0,1
dontcache,miss,4248,2331,10211,12542,55,1
dontcache,hit,4248,257,530,787,0,1
dontcache,miss,4249,2393,10377,12770,56,1
dontcache,hit,4249,256,540,796,0,1
dontcache,miss,4250,2283,11353,13636,62,1
dontcache,hit,4250,255,538,793,0,1
dontcache,miss,4251,2441,10291,12732,55,1
dontcache,hit,4251,256,533,789,0,1
dontcache,miss,4252,2275,10312,12587,55,1
dontcache,hit,4252,255,540,795,0,1
dontcache,miss,4253,2466,10444,12910,56,1
dontcache,hit,4253,250,551,801,0,1
dontcache,miss,4254,2304,10432,12736,56,1
dontcache,hit,4254,265,631,896,0,1
dontcache,miss,4255,2444,12596,15040,69,1
dontcache,hit,4255,256,574,830,0,1
dontcache,miss,4256,2161,9906,12067,53,1
dontcache,hit,4256,255,562,817,0,1
dontcache,miss,4257,2463,9377,11840,50,1
dontcache,hit,4257,260,571,831,0,1
dontcache,miss,4258,2322,10065,12387,54,1
dontcache,hit,4258,251,560,811,0,1
dontcache,miss,4259,2461,10733,13194,58,1
dontcache,hit,4259,250,541,791,0,1
dontcache,miss,4260,2292,10519,12811,57,1
dontcache,hit,4260,257,577,834,0,1
dontcache,miss,4261,2303,10679,12982,57,1
dontcache,hit,4261,253,553,806,0,1
dontcache,miss,4262,2302,10422,12724,56,1
dontcache,hit,4262,251,559,810,0,1
dontcache,miss,4263,2484,10107,12591,54,1
dontcache,hit,4263,250,548,798,0,1
dontcache,miss,4264,2296,10405,12701,56,1
dontcache,hit,4264,246,565,811,0,1
dontcache,miss,4265,2465,10912,13377,58,1
dontcache,hit,4265,254,547,801,0,1
dontcache,miss,4266,2308,10221,12529,55,1
dontcache,hit,4266,250,662,912,0,1
dontcache,miss,4267,2431,10325,12756,55,1
dontcache,hit,4267,265,567,832,0,1
dontcache,miss,4268,2277,10617,12894,57,1
dontcache,hit,4268,259,566,825,0,1
dontcache,miss,4269,2440,10449,12889,56,1
dontcache,hit,4269,256,557,813,0,1
dontcache,miss,4270,2344,10298,12642,55,1
dontcache,hit,4270,257,549,806,0,1
dontcache,miss,4271,2445,10242,12687,55,1
dontcache,hit,4271,249,547,796,0,1
dontcache,miss,4272,2305,12909,15214,71,1
dontcache,hit,4272,250,545,795,0,1
dontcache,miss,4273,2484,9371,11855,50,1
dontcache,hit,4273,254,532,786,0,1
dontcache,miss,4274,2346,9035,11381,48,1
dontcache,hit,4274,254,535,789,0,1
dontcache,miss,4275,2454,10254,12708,55,1
dontcache,hit,4275,250,545,795,0,1
dontcache,miss,4276,2294,10652,12946,57,1
dontcache,hit,4276,266,563,829,0,1
dontcache,miss,4277,2542,11670,14212,62,1
dontcache,hit,4277,257,556,813,0,1
dontcache,miss,4278,2138,17659,19797,88,1
dontcache,hit,4278,250,560,810,0,1
dontcache,miss,4279,2368,10279,12647,55,1
dontcache,hit,4279,250,538,788,0,1
dontcache,miss,4280,2274,9698,11972,52,1
dontcache,hit,4280,249,544,793,0,1
dontcache,miss,4281,2426,9435,11861,50,1
dontcache,hit,4281,250,524,774,0,1
dontcache,miss,4282,2338,9061,11399,48,1
dontcache,hit,4282,248,548,796,0,1
dontcache,miss,4283,2284,10571,12855,57,1
dontcache,hit,4283,248,544,792,0,1
dontcache,miss,4284,2287,10427,12714,56,1
dontcache,hit,4284,252,548,800,0,1
dontcache,miss,4285,2466,9110,11576,48,1
dontcache,hit,4285,251,547,798,0,1
dontcache,miss,4286,2334,9105,11439,48,1
dontcache,hit,4286,254,558,812,0,1
dontcache,miss,4287,2463,10235,12698,55,1
dontcache,hit,4287,249,539,788,0,1
dontcache,miss,4288,2290,14076,16366,59,1
dontcache,hit,4288,253,597,850,0,1
dontcache,miss,4289,2495,9147,11642,48,1
dontcache,hit,4289,250,571,821,0,1
dontcache,miss,4290,2279,9586,11865,51,1
dontcache,hit,4290,253,570,823,0,1
dontcache,miss,4291,2481,10618,13099,57,1
dontcache,hit,4291,245,552,797,0,1
dontcache,miss,4292,2241,10537,12778,57,1
dontcache,hit,4292,252,568,820,0,1
dontcache,miss,4293,2398,10490,12888,56,1
dontcache,hit,4293,258,567,825,0,1
dontcache,miss,4294,2263,11733,13996,64,1
dontcache,hit,4294,256,559,815,0,1
dontcache,miss,4295,2463,9956,12419,53,1
dontcache,hit,4295,257,556,813,0,1
dontcache,miss,4296,2243,10450,12693,56,1
dontcache,hit,4296,257,575,832,0,1
dontcache,miss,4297,2465,9601,12066,51,1
dontcache,hit,4297,251,562,813,0,1
dontcache,miss,4298,2319,9128,11447,48,1
dontcache,hit,4298,253,553,806,0,1
dontcache,miss,4299,2451,11337,13788,61,1
dontcache,hit,4299,249,550,799,0,1
dontcache,miss,4300,2123,10436,12559,50,1
dontcache,hit,4300,261,1550,1811,0,1
dontcache,miss,4301,2457,10460,12917,56,1
dontcache,hit,4301,251,570,821,0,1
dontcache,miss,4302,2331,10297,12628,55,1
dontcache,hit,4302,250,561,811,0,1
dontcache,miss,4303,2470,10594,13064,57,1
dontcache,hit,4303,252,560,812,0,1
dontcache,miss,4304,2304,10545,12849,57,1
dontcache,hit,4304,248,555,803,0,1
dontcache,miss,4305,2313,10114,12427,54,1
dontcache,hit,4305,254,542,796,0,1
dontcache,miss,4306,2334,9758,12092,52,1
dontcache,hit,4306,251,548,799,0,1
dontcache,miss,4307,2457,10272,12729,55,1
dontcache,hit,4307,252,538,790,0,1
dontcache,miss,4308,2303,10409,12712,56,1
dontcache,hit,4308,259,551,810,0,1
dontcache,miss,4309,2442,10243,12685,55,1
dontcache,hit,4309,248,529,777,0,1
dontcache,miss,4310,2295,10579,12874,57,1
dontcache,hit,4310,255,558,813,0,1
dontcache,miss,4311,2403,9937,12340,53,1
dontcache,hit,4311,252,539,791,0,1
dontcache,miss,4312,2292,9621,11913,51,1
dontcache,hit,4312,251,543,794,0,1
dontcache,miss,4313,2429,10404,12833,56,1
dontcache,hit,4313,254,543,797,0,1
dontcache,miss,4314,2319,10437,12756,56,1
dontcache,hit,4314,251,545,796,0,1
dontcache,miss,4315,2472,9115,11587,48,1
dontcache,hit,4315,254,531,785,0,1
dontcache,miss,4316,2296,10605,12901,57,1
dontcache,hit,4316,254,545,799,0,1
dontcache,miss,4317,2472,9740,12212,52,1
dontcache,hit,4317,250,537,787,0,1
dontcache,miss,4318,2329,9596,11925,51,1
dontcache,hit,4318,250,539,789,0,1
dontcache,miss,4319,2451,10270,12721,55,1
dontcache,hit,4319,250,528,778,0,1
dontcache,miss,4320,2323,10544,12867,57,1
dontcache,hit,4320,255,557,812,0,1
dontcache,miss,4321,2419,12749,15168,70,1
dontcache,hit,4321,258,529,787,0,1
dontcache,miss,4322,2121,13279,15400,57,1
dontcache,hit,4322,254,585,839,0,1
dontcache,miss,4323,2463,10593,13056,57,1
dontcache,hit,4323,248,557,805,0,1
dontcache,miss,4324,2319,10740,13059,58,1
dontcache,hit,4324,253,566,819,0,1
dontcache,miss,4325,2458,10764,13222,58,1
dontcache,hit,4325,258,572,830,0,1
dontcache,miss,4326,2328,10790,13118,58,1
dontcache,hit,4326,272,573,845,0,1
dontcache,miss,4327,2330,9465,11795,50,1
dontcache,hit,4327,256,555,811,0,1
dontcache,miss,4328,2303,8945,11248,47,1
dontcache,hit,4328,251,554,805,0,1
dontcache,miss,4329,2425,10781,13206,58,1
dontcache,hit,4329,254,543,797,0,1
dontcache,miss,4330,2302,10598,12900,57,1
dontcache,hit,4330,255,561,816,0,1
dontcache,miss,4331,2450,10726,13176,58,1
dontcache,hit,4331,259,558,817,0,1
dontcache,miss,4332,2303,10446,12749,56,1
dontcache,hit,4332,250,557,807,0,1
dontcache,miss,4333,2457,9802,12259,52,1
dontcache,hit,4333,248,542,790,0,1
dontcache,miss,4334,2347,10797,13144,34,1
dontcache,hit,4334,270,594,864,0,1
dontcache,miss,4335,2427,10434,12861,56,1
dontcache,hit,4335,263,543,806,0,1
dontcache,miss,4336,2327,10306,12633,55,1
dontcache,hit,4336,245,545,790,0,1
dontcache,miss,4337,2443,10241,12684,55,1
dontcache,hit,4337,253,524,777,0,1
dontcache,miss,4338,2285,12807,15092,70,1
dontcache,hit,4338,249,529,778,0,1
dontcache,miss,4339,2409,8907,11316,47,1
dontcache,hit,4339,252,533,785,0,1
dontcache,miss,4340,2272,8891,11163,47,1
dontcache,hit,4340,254,546,800,0,1
dontcache,miss,4341,2507,10271,12778,55,1
dontcache,hit,4341,253,528,781,0,1
dontcache,miss,4342,2330,10231,12561,55,1
dontcache,hit,4342,255,540,795,0,1
dontcache,miss,4343,2419,11276,13695,61,1
dontcache,hit,4343,247,547,794,0,1
dontcache,miss,4344,2100,10560,12660,57,1
dontcache,hit,4344,268,556,824,0,1
dontcache,miss,4345,2431,11709,14140,64,1
dontcache,hit,4345,256,536,792,0,1
dontcache,miss,4346,2317,10685,13002,58,1
dontcache,hit,4346,258,534,792,0,1
dontcache,miss,4347,2425,10395,12820,56,1
dontcache,hit,4347,251,546,797,0,1
dontcache,miss,4348,2309,10221,12530,55,1
dontcache,hit,4348,248,537,785,0,1
dontcache,miss,4349,2301,9396,11697,50,1
dontcache,hit,4349,259,538,797,0,1
dontcache,miss,4350,2342,8953,11295,47,1
dontcache,hit,4350,258,529,787,0,1
dontcache,miss,4351,2447,10401,12848,56,1
dontcache,hit,4351,254,538,792,0,1
dontcache,miss,4352,2286,10431,12717,56,1
dontcache,hit,4352,257,516,773,0,1
dontcache,miss,4353,2449,10566,13015,57,1
dontcache,hit,4353,267,535,802,0,1
dontcache,miss,4354,2273,10215,12488,55,1
dontcache,hit,4354,250,527,777,0,1
dontcache,miss,4355,2440,10468,12908,56,1
dontcache,hit,4355,251,545,796,0,1
dontcache,miss,4356,5069,12209,17278,67,1
dontcache,hit,4356,250,577,827,0,1
dontcache,miss,4357,2479,10123,12602,54,1
dontcache,hit,4357,256,547,803,0,1
dontcache,miss,4358,2356,10746,13102,58,1
dontcache,hit,4358,254,564,818,0,1
dontcache,miss,4359,2442,10439,12881,56,1
dontcache,hit,4359,254,565,819,0,1
dontcache,miss,4360,2292,13427,15719,74,1
dontcache,hit,4360,252,552,804,0,1
dontcache,miss,4361,2468,9425,11893,50,1
dontcache,hit,4361,263,553,816,0,1
dontcache,miss,4362,2277,9359,11636,49,1
dontcache,hit,4362,253,533,786,0,1
dontcache,miss,4363,2413,10478,12891,56,1
dontcache,hit,4363,261,560,821,0,1
dontcache,miss,4364,2297,10796,13093,58,1
dontcache,hit,4364,253,552,805,0,1
dontcache,miss,4365,2418,11245,13663,61,1
dontcache,hit,4365,254,541,795,0,1
dontcache,miss,4366,2185,10711,12896,57,1
dontcache,hit,4366,260,559,819,0,1
dontcache,miss,4367,2447,10574,13021,57,1
dontcache,hit,4367,248,556,804,0,1
dontcache,miss,4368,5943,6252,12195,30,1
dontcache,hit,4368,252,578,830,0,1
dontcache,miss,4369,2474,10575,13049,57,1
dontcache,hit,4369,254,543,797,0,1
dontcache,miss,4370,2265,10722,12987,58,1
dontcache,hit,4370,248,545,793,0,1
dontcache,miss,4371,2282,10055,12337,53,1
dontcache,hit,4371,251,547,798,0,1
dontcache,miss,4372,2316,8960,11276,47,1
dontcache,hit,4372,255,541,796,0,1
dontcache,miss,4373,2438,9780,12218,52,1
dontcache,hit,4373,246,527,773,0,1
dontcache,miss,4374,2295,10504,12799,56,1
dontcache,hit,4374,254,546,800,0,1
dontcache,miss,4375,2416,10413,12829,56,1
dontcache,hit,4375,254,532,786,0,1
dontcache,miss,4376,2158,10374,12532,56,1
dontcache,hit,4376,251,546,797,0,1
dontcache,miss,4377,2480,9972,12452,53,1
dontcache,hit,4377,247,523,770,0,1
dontcache,miss,4378,2307,10032,12339,53,1
dontcache,hit,4378,252,544,796,0,1
dontcache,miss,4379,2419,11229,13648,60,1
dontcache,hit,4379,250,538,788,0,1
dontcache,miss,4380,2345,17798,20143,98,1
dontcache,hit,4380,369,857,1226,0,1
dontcache,miss,4381,2800,10523,13323,56,1
dontcache,hit,4381,5622,2406,8028,0,1
dontcache,miss,4382,2345,11372,13717,62,1
dontcache,hit,4382,256,593,849,0,1
dontcache,miss,4383,2392,10423,12815,56,1
dontcache,hit,4383,260,539,799,0,1
dontcache,miss,4384,2275,10417,12692,56,1
dontcache,hit,4384,259,562,821,0,1
dontcache,miss,4385,2414,10592,13006,57,1
dontcache,hit,4385,260,544,804,0,1
dontcache,miss,4386,2282,10396,12678,56,1
dontcache,hit,4386,248,546,794,0,1
dontcache,miss,4387,2448,11291,13739,61,1
dontcache,hit,4387,255,538,793,0,1
dontcache,miss,4388,2071,10623,12694,57,1
dontcache,hit,4388,310,682,992,0,1
dontcache,miss,4389,2454,10688,13142,57,1
dontcache,hit,4389,267,598,865,0,1
dontcache,miss,4390,2240,10777,13017,58,1
dontcache,hit,4390,251,565,816,0,1
dontcache,miss,4391,2412,9481,11893,50,1
dontcache,hit,4391,257,557,814,0,1
dontcache,miss,4392,2241,10592,12833,57,1
dontcache,hit,4392,253,548,801,0,1
dontcache,miss,4393,2322,9975,12297,53,1
dontcache,hit,4393,260,561,821,0,1
dontcache,miss,4394,2247,9083,11330,48,1
dontcache,hit,4394,253,559,812,0,1
dontcache,miss,4395,2465,10135,12600,54,1
dontcache,hit,4395,250,554,804,0,1
dontcache,miss,4396,2233,10730,12963,58,1
dontcache,hit,4396,258,567,825,0,1
dontcache,miss,4397,2467,9101,11568,48,1
dontcache,hit,4397,250,563,813,0,1
dontcache,miss,4398,2299,9095,11394,48,1
dontcache,hit,4398,254,559,813,0,1
dontcache,miss,4399,2458,9144,11602,48,1
dontcache,hit,4399,253,563,816,0,1
dontcache,miss,4400,2316,9455,11771,50,1
dontcache,hit,4400,248,568,816,0,1
dontcache,miss,4401,2722,10944,13666,59,1
dontcache,hit,4401,264,683,947,0,1
dontcache,miss,4402,2308,15900,18208,87,1
dontcache,hit,4402,260,1103,1363,0,1
dontcache,miss,4403,2488,13933,16421,68,1
dontcache,hit,4403,512,596,1108,0,1
dontcache,miss,4404,2683,13092,15775,69,1
dontcache,hit,4404,1585,579,2164,0,1
dontcache,miss,4405,2882,18057,20939,97,1
dontcache,hit,4405,1293,1870,3163,0,1
dontcache,miss,4406,3118,14129,17247,76,1
dontcache,hit,4406,255,555,810,0,1
dontcache,miss,4407,4198,14319,18517,77,1
dontcache,hit,4407,256,1734,1990,0,1
dontcache,miss,4408,2916,18441,21357,99,1
dontcache,hit,4408,252,547,799,0,1
dontcache,miss,4409,2964,12882,15846,65,1
dontcache,hit,4409,257,559,816,0,1
dontcache,miss,4410,2173,12717,14890,66,1
dontcache,hit,4410,645,544,1189,0,1
dontcache,miss,4411,2745,12151,14896,64,1
dontcache,hit,4411,259,549,808,0,1
dontcache,miss,4412,2688,13567,16255,70,1
dontcache,hit,4412,259,546,805,0,1
dontcache,miss,4413,2836,15208,18044,82,1
dontcache,hit,4413,259,565,824,0,1
dontcache,miss,4414,3257,11369,14626,59,1
dontcache,hit,4414,257,540,797,0,1
dontcache,miss,4415,2545,12682,15227,68,1
dontcache,hit,4415,254,544,798,0,1
dontcache,miss,4416,2590,11172,13762,59,1
dontcache,hit,4416,257,551,808,0,1
dontcache,miss,4417,2788,16236,19024,54,1
dontcache,hit,4417,269,550,819,0,1
dontcache,miss,4418,3519,12183,15702,65,1
dontcache,hit,4418,255,1221,1476,0,1
dontcache,miss,4419,2544,11260,13804,59,1
dontcache,hit,4419,261,583,844,0,1
dontcache,miss,4420,2422,12568,14990,67,1
dontcache,hit,4420,267,564,831,0,1
dontcache,miss,4421,3046,11847,14893,60,1
dontcache,hit,4421,265,1364,1629,0,1
dontcache,miss,4422,2387,12375,14762,66,1
dontcache,hit,4422,268,782,1050,0,1
dontcache,miss,4423,2502,11440,13942,59,1
dontcache,hit,4423,263,569,832,0,1
dontcache,miss,4424,2351,12367,14718,66,1
dontcache,hit,4424,277,574,851,0,1
dontcache,miss,4425,2719,12402,15121,66,1
dontcache,hit,4425,259,573,832,0,1
dontcache,miss,4426,2257,13368,15625,72,1
dontcache,hit,4426,256,573,829,0,1
dontcache,miss,4427,2474,10387,12861,54,1
dontcache,hit,4427,262,575,837,0,1
dontcache,miss,4428,2317,10845,13162,27,1
dontcache,hit,4428,260,865,1125,0,1
dontcache,miss,4429,2601,12437,15038,68,1
dontcache,hit,4429,262,552,814,0,1
dontcache,miss,4430,2335,11709,14044,63,1
dontcache,hit,4430,254,543,797,0,1
dontcache,miss,4431,2443,14244,16687,79,1
dontcache,hit,4431,250,549,799,0,1
dontcache,miss,4432,2291,11576,13867,63,1
dontcache,hit,4432,253,530,783,0,1
dontcache,miss,4433,2462,10929,13391,59,1
dontcache,hit,4433,255,531,786,0,1
dontcache,miss,4434,2256,15815,18071,88,1
dontcache,hit,4434,253,527,780,0,1
dontcache,miss,4435,2429,11228,13657,61,1
dontcache,hit,4435,254,531,785,0,1
dontcache,miss,4436,2407,13760,16167,76,1
dontcache,hit,4436,253,536,789,0,1
dontcache,miss,4437,2325,11353,13678,61,1
dontcache,hit,4437,251,530,781,0,1
dontcache,miss,4438,2273,10316,12589,55,1
dontcache,hit,4438,257,521,778,0,1
dontcache,miss,4439,2544,12965,15509,71,1
dontcache,hit,4439,251,524,775,0,1
dontcache,miss,4440,2158,10797,12955,58,1
dontcache,hit,4440,253,521,774,0,1
dontcache,miss,4441,2470,13551,16021,74,1
dontcache,hit,4441,253,537,790,0,1
dontcache,miss,4442,2161,10765,12926,58,1
dontcache,hit,4442,268,534,802,0,1
dontcache,miss,4443,2455,11066,13521,60,1
dontcache,hit,4443,253,533,786,0,1
dontcache,miss,4444,2302,10913,13215,59,1
dontcache,hit,4444,253,527,780,0,1
dontcache,miss,4445,2404,11080,13484,58,1
dontcache,hit,4445,253,599,852,0,1
dontcache,miss,4446,2486,11113,13599,60,1
dontcache,hit,4446,251,523,774,0,1
dontcache,miss,4447,2653,12477,15130,65,1
dontcache,hit,4447,283,762,1045,0,1
dontcache,miss,4448,2239,12155,14394,66,1
dontcache,hit,4448,249,570,819,0,1
dontcache,miss,4449,2465,10672,13137,57,1
dontcache,hit,4449,249,558,807,0,1
dontcache,miss,4450,2266,10774,13040,58,1
dontcache,hit,4450,979,548,1527,0,1
dontcache,miss,4451,2444,11861,14305,62,1
dontcache,hit,4451,255,557,812,0,1
dontcache,miss,4452,2431,11969,14400,63,1
dontcache,hit,4452,255,562,817,0,1
dontcache,miss,4453,2467,11955,14422,65,1
dontcache,hit,4453,252,557,809,0,1
dontcache,miss,4454,2077,10565,12642,57,1
dontcache,hit,4454,253,560,813,0,1
dontcache,miss,4455,3196,11138,14334,60,1
dontcache,hit,4455,251,573,824,0,1
dontcache,miss,4456,2516,16587,19103,93,1
dontcache,hit,4456,255,565,820,0,1
dontcache,miss,4457,2435,11792,14227,64,1
dontcache,hit,4457,248,544,792,0,1
dontcache,miss,4458,2486,15708,18194,63,1
dontcache,hit,4458,251,610,861,0,1
dontcache,miss,4459,2301,10620,12921,57,1
dontcache,hit,4459,254,548,802,0,1
dontcache,miss,4460,2298,10286,12584,55,1
dontcache,hit,4460,246,531,777,0,1
dontcache,miss,4461,2519,15781,18300,84,1
dontcache,hit,4461,250,560,810,0,1
dontcache,miss,4462,2181,10843,13024,57,1
dontcache,hit,4462,253,541,794,0,1
dontcache,miss,4463,2517,14779,17296,80,1
dontcache,hit,4463,247,544,791,0,1
dontcache,miss,4464,2159,10467,12626,55,1
dontcache,hit,4464,251,540,791,0,1
dontcache,miss,4465,2520,10809,13329,57,1
dontcache,hit,4465,256,552,808,0,1
dontcache,miss,4466,2304,10309,12613,54,1
dontcache,hit,4466,259,536,795,0,1
dontcache,miss,4467,2342,11602,13944,61,1
dontcache,hit,4467,258,556,814,0,1
dontcache,miss,4468,2304,10633,12937,56,1
dontcache,hit,4468,335,533,868,0,1
dontcache,miss,4469,2389,10779,13168,56,1
dontcache,hit,4469,322,602,924,0,1
dontcache,miss,4470,2389,13060,15449,70,1
dontcache,hit,4470,258,545,803,0,1
dontcache,miss,4471,3747,11930,15677,25,1
dontcache,hit,4471,256,561,817,0,1
dontcache,miss,4472,6094,12404,18498,36,1
dontcache,hit,4472,592,1037,1629,0,1
dontcache,miss,4473,4019,10727,14746,30,1
dontcache,hit,4473,466,1036,1502,0,1
dontcache,miss,4474,3645,11240,14885,31,1
dontcache,hit,4474,465,910,1375,0,1
dontcache,miss,4475,4110,13403,17513,44,1
dontcache,hit,4475,474,949,1423,0,1
dontcache,miss,4476,4106,11196,15302,36,1
dontcache,hit,4476,597,1520,2117,0,1
dontcache,miss,4477,4310,11800,16110,38,1
dontcache,hit,4477,512,1098,1610,0,1
dontcache,miss,4478,4314,15123,19437,38,1
dontcache,hit,4478,386,955,1341,0,1
dontcache,miss,4479,4247,11732,15979,39,1
dontcache,hit,4479,427,1102,1529,0,1
dontcache,miss,4480,3923,10952,14875,58,1
dontcache,hit,4480,259,641,900,0,1
dontcache,miss,4481,2343,10481,12824,56,1
dontcache,hit,4481,246,566,812,0,1
dontcache,miss,4482,2262,10401,12663,56,1
dontcache,hit,4482,251,560,811,0,1
dontcache,miss,4483,2459,10013,12472,53,1
dontcache,hit,4483,249,552,801,0,1
dontcache,miss,4484,2260,10815,13075,58,1
dontcache,hit,4484,252,551,803,0,1
dontcache,miss,4485,2502,11095,13597,59,1
dontcache,hit,4485,246,546,792,0,1
dontcache,miss,4486,2266,10399,12665,55,1
dontcache,hit,4486,254,569,823,0,1
dontcache,miss,4487,2442,10517,12959,56,1
dontcache,hit,4487,251,536,787,0,1
dontcache,miss,4488,2277,10605,12882,57,1
dontcache,hit,4488,252,533,785,0,1
dontcache,miss,4489,2478,10322,12800,55,1
dontcache,hit,4489,250,532,782,0,1
dontcache,miss,4490,2195,9930,12125,53,1
dontcache,hit,4490,251,551,802,0,1
dontcache,miss,4491,2448,10226,12674,55,1
dontcache,hit,4491,249,540,789,0,1
dontcache,miss,4492,2271,11303,13574,61,1
dontcache,hit,4492,252,534,786,0,1
dontcache,miss,4493,2432,10500,12932,56,1
dontcache,hit,4493,254,528,782,0,1
dontcache,miss,4494,2278,10292,12570,55,1
dontcache,hit,4494,253,534,787,0,1
dontcache,miss,4495,2406,10348,12754,55,1
dontcache,hit,4495,247,529,776,0,1
dontcache,miss,4496,2296,10586,12882,57,1
dontcache,hit,4496,254,516,770,0,1
dontcache,miss,4497,2446,11562,14008,62,1
dontcache,hit,4497,248,515,763,0,1
dontcache,miss,4498,2106,9576,11682,51,1
dontcache,hit,4498,251,547,798,0,1
dontcache,miss,4499,2405,10352,12757,55,1
dontcache,hit,4499,247,518,765,0,1
dontcache,miss,4500,2286,9821,12107,52,1
dontcache,hit,4500,250,524,774,0,1
dontcache,miss,4501,2461,10615,13076,57,1
dontcache,hit,4501,246,537,783,0,1
dontcache,miss,4502,2263,10275,12538,55,1
dontcache,hit,4502,252,524,776,0,1
dontcache,miss,4503,4161,10257,14418,30,1
dontcache,hit,4503,464,1156,1620,0,1
dontcache,miss,4504,3893,18154,22047,33,1
dontcache,hit,4504,267,739,1006,0,1
dontcache,miss,4505,4679,12196,16875,32,1
dontcache,hit,4505,489,3082,3571,0,1
dontcache,miss,4506,4018,10514,14532,48,1
dontcache,hit,4506,349,842,1191,0,1
dontcache,miss,4507,9497,11220,20717,60,1
dontcache,hit,4507,264,627,891,0,1
dontcache,miss,4508,2304,10386,12690,56,1
dontcache,hit,4508,262,562,824,0,1
dontcache,miss,4509,2473,10487,12960,56,1
dontcache,hit,4509,263,552,815,0,1
dontcache,miss,4510,2313,9509,11822,50,1
dontcache,hit,4510,259,550,809,0,1
dontcache,miss,4511,2442,10794,13236,58,1
dontcache,hit,4511,257,549,806,0,1
dontcache,miss,4512,2311,10493,12804,56,1
dontcache,hit,4512,256,556,812,0,1
dontcache,miss,4513,2450,10299,12749,55,1
dontcache,hit,4513,262,550,812,0,1
dontcache,miss,4514,2281,11102,13383,60,1
dontcache,hit,4514,259,551,810,0,1
dontcache,miss,4515,2443,10618,13061,57,1
dontcache,hit,4515,261,550,811,0,1
dontcache,miss,4516,2260,10640,12900,57,1
dontcache,hit,4516,262,552,814,0,1
dontcache,miss,4517,2500,10354,12854,55,1
dontcache,hit,4517,255,544,799,0,1
dontcache,miss,4518,2286,10580,12866,57,1
dontcache,hit,4518,272,682,954,0,1
dontcache,miss,4519,2504,11656,14160,63,1
dontcache,hit,4519,254,576,830,0,1
dontcache,miss,4520,2094,10574,12668,57,1
dontcache,hit,4520,258,541,799,0,1
dontcache,miss,4521,2403,8979,11382,47,1
dontcache,hit,4521,255,523,778,0,1
dontcache,miss,4522,2295,9360,11655,49,1
dontcache,hit,4522,259,533,792,0,1
dontcache,miss,4523,2468,10683,13151,57,1
dontcache,hit,4523,259,529,788,0,1
dontcache,miss,4524,2250,10320,12570,55,1
dontcache,hit,4524,260,545,805,0,1
dontcache,miss,4525,2293,9984,12277,53,1
dontcache,hit,4525,254,527,781,0,1
dontcache,miss,4526,2311,9138,11449,48,1
dontcache,hit,4526,254,535,789,0,1
dontcache,miss,4527,2512,9988,12500,53,1
dontcache,hit,4527,257,520,777,0,1
dontcache,miss,4528,2248,19740,21988,111,1
dontcache,hit,4528,257,537,794,0,1
dontcache,miss,4529,2449,10474,12923,56,1
dontcache,hit,4529,254,522,776,0,1
dontcache,miss,4530,2293,10502,12795,56,1
dontcache,hit,4530,257,536,793,0,1
dontcache,miss,4531,2439,10303,12742,55,1
dontcache,hit,4531,248,534,782,0,1
dontcache,miss,4532,2352,10262,12614,55,1
dontcache,hit,4532,265,535,800,0,1
dontcache,miss,4533,2488,9316,11804,49,1
dontcache,hit,4533,255,531,786,0,1
dontcache,miss,4534,2288,9255,11543,49,1
dontcache,hit,4534,256,574,830,0,1
dontcache,miss,4535,2460,10314,12774,55,1
dontcache,hit,4535,254,557,811,0,1
dontcache,miss,4536,2275,11288,13563,61,1
dontcache,hit,4536,257,551,808,0,1
dontcache,miss,4537,2446,10334,12780,55,1
dontcache,hit,4537,252,528,780,0,1
dontcache,miss,4538,2272,10400,12672,56,1
dontcache,hit,4538,253,536,789,0,1
dontcache,miss,4539,2436,10510,12946,56,1
dontcache,hit,4539,252,526,778,0,1
dontcache,miss,4540,7457,11298,18755,57,1
dontcache,hit,4540,272,665,937,0,1
dontcache,miss,4541,2528,12651,15179,67,1
dontcache,hit,4541,264,560,824,0,1
dontcache,miss,4542,2112,16582,18694,82,1
dontcache,hit,4542,259,555,814,0,1
dontcache,miss,4543,2464,10640,13104,57,1
dontcache,hit,4543,259,547,806,0,1
dontcache,miss,4544,2243,10603,12846,57,1
dontcache,hit,4544,257,557,814,0,1
dontcache,miss,4545,2458,9450,11908,50,1
dontcache,hit,4545,263,548,811,0,1
dontcache,miss,4546,2282,10620,12902,57,1
dontcache,hit,4546,260,561,821,0,1
dontcache,miss,4547,2323,10463,12786,56,1
dontcache,hit,4547,256,554,810,0,1
dontcache,miss,4548,2264,9111,11375,48,1
dontcache,hit,4548,256,553,809,0,1
dontcache,miss,4549,2501,10122,12623,54,1
dontcache,hit,4549,274,543,817,0,1
dontcache,miss,4550,2261,10772,13033,57,1
dontcache,hit,4550,250,545,795,0,1
dontcache,miss,4551,6785,6723,13508,33,1
dontcache,hit,4551,252,566,818,0,1
dontcache,miss,4552,2377,15816,18193,87,1
dontcache,hit,4552,261,573,834,0,1
dontcache,miss,4553,2485,10851,13336,57,1
dontcache,hit,4553,257,544,801,0,1
dontcache,miss,4554,2279,10925,13204,57,1
dontcache,hit,4554,259,559,818,0,1
dontcache,miss,4555,2518,11014,13532,57,1
dontcache,hit,4555,261,561,822,0,1
dontcache,miss,4556,2318,10492,12810,55,1
dontcache,hit,4556,268,554,822,0,1
dontcache,miss,4557,2518,10518,13036,55,1
dontcache,hit,4557,261,547,808,0,1
dontcache,miss,4558,2316,11679,13995,62,1
dontcache,hit,4558,259,541,800,0,1
dontcache,miss,4559,2537,9199,11736,47,1
dontcache,hit,4559,259,531,790,0,1
dontcache,miss,4560,2348,9259,11607,48,1
dontcache,hit,4560,259,542,801,0,1
dontcache,miss,4561,2471,10545,13016,55,1
dontcache,hit,4561,257,545,802,0,1
dontcache,miss,4562,2298,10692,12990,56,1
dontcache,hit,4562,264,545,809,0,1
dontcache,miss,4563,2474,11586,14060,61,1
dontcache,hit,4563,256,540,796,0,1
dontcache,miss,4564,2148,10857,13005,57,1
dontcache,hit,4564,260,541,801,0,1
dontcache,miss,4565,2583,10479,13062,55,1
dontcache,hit,4565,264,539,803,0,1
dontcache,miss,4566,2312,10112,12424,53,1
dontcache,hit,4566,262,547,809,0,1
dontcache,miss,4567,2508,10677,13185,56,1
dontcache,hit,4567,259,545,804,0,1
dontcache,miss,4568,2265,10723,12988,56,1
dontcache,hit,4568,262,559,821,0,1
dontcache,miss,4569,2358,10726,13084,56,1
dontcache,hit,4569,259,544,803,0,1
dontcache,miss,4570,2301,9952,12253,52,1
dontcache,hit,4570,264,537,801,0,1
dontcache,miss,4571,2538,10071,12609,52,1
dontcache,hit,4571,258,550,808,0,1
dontcache,miss,4572,2301,10476,12777,55,1
dontcache,hit,4572,314,662,976,0,1
dontcache,miss,4573,2540,11061,13601,58,1
dontcache,hit,4573,270,566,836,0,1
dontcache,miss,4574,2383,10762,13145,57,1
dontcache,hit,4574,260,562,822,0,1
dontcache,miss,4575,2474,9362,11836,48,1
dontcache,hit,4575,258,576,834,0,1
dontcache,miss,4576,2356,9650,12006,50,1
dontcache,hit,4576,273,570,843,0,1
dontcache,miss,4577,2511,11059,13570,58,1
dontcache,hit,4577,258,548,806,0,1
dontcache,miss,4578,2350,10316,12666,54,1
dontcache,hit,4578,268,575,843,0,1
dontcache,miss,4579,2541,10609,13150,55,1
dontcache,hit,4579,260,546,806,0,1
dontcache,miss,4580,2338,13347,15685,72,1
dontcache,hit,4580,262,565,827,0,1
dontcache,miss,4581,2554,10811,13365,57,1
dontcache,hit,4581,260,557,817,0,1
dontcache,miss,4582,2346,10643,12989,56,1
dontcache,hit,4582,262,553,815,0,1
dontcache,miss,4583,2558,10438,12996,54,1
dontcache,hit,4583,256,555,811,0,1
dontcache,miss,4584,2362,10867,13229,57,1
dontcache,hit,4584,273,583,856,0,1
dontcache,miss,4585,2522,13143,15665,70,1
dontcache,hit,4585,261,552,813,0,1
dontcache,miss,4586,2172,10839,13011,57,1
dontcache,hit,4586,270,548,818,0,1
dontcache,miss,4587,2508,9524,12032,49,1
dontcache,hit,4587,261,531,792,0,1
dontcache,miss,4588,2378,9978,12356,52,1
dontcache,hit,4588,261,535,796,0,1
dontcache,miss,4589,2472,10890,13362,57,1
dontcache,hit,4589,276,555,831,0,1
dontcache,miss,4590,2294,11002,13296,58,1
dontcache,hit,4590,262,530,792,0,1
dontcache,miss,4591,2320,10517,12837,55,1
dontcache,hit,4591,259,527,786,0,1
dontcache,miss,4592,2339,9287,11626,48,1
dontcache,hit,4592,262,534,796,0,1
dontcache,miss,4593,2527,9996,12523,52,1
dontcache,hit,4593,255,526,781,0,1
dontcache,miss,4594,2365,10483,12848,55,1
dontcache,hit,4594,263,532,795,0,1
dontcache,miss,4595,2492,10537,13029,55,1
dontcache,hit,4595,257,533,790,0,1
dontcache,miss,4596,2386,10707,13093,56,1
dontcache,hit,4596,258,550,808,0,1
dontcache,miss,4597,2540,10542,13082,55,1
dontcache,hit,4597,266,542,808,0,1
dontcache,miss,4598,2326,10463,12789,55,1
dontcache,hit,4598,264,537,801,0,1
dontcache,miss,4599,2485,10886,13371,57,1
dontcache,hit,4599,259,528,787,0,1
dontcache,miss,4600,2335,10514,12849,55,1
dontcache,hit,4600,262,553,815,0,1
dontcache,miss,4601,2490,10532,13022,55,1
dontcache,hit,4601,255,537,792,0,1
dontcache,miss,4602,2308,13036,15344,70,1
dontcache,hit,4602,258,528,786,0,1
dontcache,miss,4603,2516,9165,11681,47,1
dontcache,hit,4603,257,536,793,0,1
dontcache,miss,4604,2372,9137,11509,47,1
dontcache,hit,4604,260,528,788,0,1
dontcache,miss,4605,2503,38992,41495,27,1
dontcache,hit,4605,267,526,793,0,1
dontcache,miss,4606,3155,13423,16578,72,1
dontcache,hit,4606,262,686,948,0,1
dontcache,miss,4607,2532,12381,14913,61,1
dontcache,hit,4607,261,2009,2270,0,1
dontcache,miss,4608,2120,11047,13167,58,1
dontcache,hit,4608,267,594,861,0,1
dontcache,miss,4609,2514,10051,12565,52,1
dontcache,hit,4609,259,571,830,0,1
dontcache,miss,4610,2302,10195,12497,52,1
dontcache,hit,4610,263,1010,1273,0,1
dontcache,miss,4611,2469,12984,15453,69,1
dontcache,hit,4611,255,622,877,0,1
dontcache,miss,4612,2324,12112,14436,64,1
dontcache,hit,4612,260,594,854,0,1
dontcache,miss,4613,2420,12657,15077,67,1
dontcache,hit,4613,258,649,907,0,1
dontcache,miss,4614,2298,12746,15044,68,1
dontcache,hit,4614,264,562,826,0,1
dontcache,miss,4615,3074,12396,15470,65,1
dontcache,hit,4615,272,652,924,0,1
dontcache,miss,4616,2489,14041,16530,76,1
dontcache,hit,4616,260,553,813,0,1
dontcache,miss,4617,2684,12433,15117,63,1
dontcache,hit,4617,260,575,835,0,1
dontcache,miss,4618,2255,11572,13827,59,1
dontcache,hit,4618,263,550,813,0,1
dontcache,miss,4619,2799,11727,14526,62,1
dontcache,hit,4619,257,552,809,0,1
dontcache,miss,4620,2589,15932,18521,87,1
dontcache,hit,4620,263,565,828,0,1
dontcache,miss,4621,2713,13268,15981,71,1
dontcache,hit,4621,259,546,805,0,1
dontcache,miss,4622,2460,10668,13128,56,1
dontcache,hit,4622,264,554,818,0,1
dontcache,miss,4623,2501,11741,14242,62,1
dontcache,hit,4623,259,544,803,0,1
dontcache,miss,4624,2300,13568,15868,73,1
dontcache,hit,4624,258,554,812,0,1
dontcache,miss,4625,2522,12754,15276,66,1
dontcache,hit,4625,258,559,817,0,1
dontcache,miss,4626,2326,13186,15512,71,1
dontcache,hit,4626,260,550,810,0,1
dontcache,miss,4627,2754,11605,14359,61,1
dontcache,hit,4627,261,551,812,0,1
dontcache,miss,4628,2308,12466,14774,65,1
dontcache,hit,4628,266,849,1115,0,1
dontcache,miss,4629,2690,14412,17102,78,1
dontcache,hit,4629,262,552,814,0,1
dontcache,miss,4630,2328,13216,15544,71,1
dontcache,hit,4630,275,545,820,0,1
dontcache,miss,4631,3125,12380,15505,66,1
dontcache,hit,4631,262,562,824,0,1
dontcache,miss,4632,2291,10151,12442,53,1
dontcache,hit,4632,265,623,888,0,1
dontcache,miss,4633,2668,16318,18986,56,1
dontcache,hit,4633,260,544,804,0,1
dontcache,miss,4634,3124,13980,17104,74,1
dontcache,hit,4634,327,590,917,0,1
dontcache,miss,4635,2432,11644,14076,61,1
dontcache,hit,4635,259,560,819,0,1
dontcache,miss,4636,2272,9857,12129,51,1
dontcache,hit,4636,264,566,830,0,1
dontcache,miss,4637,2515,16179,18694,88,1
dontcache,hit,4637,258,580,838,0,1
dontcache,miss,4638,2223,11543,13766,61,1
dontcache,hit,4638,263,564,827,0,1
dontcache,miss,4639,2505,15129,17634,82,1
dontcache,hit,4639,266,614,880,0,1
dontcache,miss,4640,2138,10709,12847,56,1
dontcache,hit,4640,264,557,821,0,1
dontcache,miss,4641,2551,10795,13346,56,1
dontcache,hit,4641,266,554,820,0,1
dontcache,miss,4642,2330,10890,13220,57,1
dontcache,hit,4642,263,565,828,0,1
dontcache,miss,4643,2351,10923,13274,57,1
dontcache,hit,4643,259,560,819,0,1
dontcache,miss,4644,2366,11372,13738,36,1
dontcache,hit,4644,625,1342,1967,0,1
dontcache,miss,4645,3020,12179,15199,64,1
dontcache,hit,4645,268,957,1225,0,1
dontcache,miss,4646,2382,14565,16947,79,1
dontcache,hit,4646,261,585,846,0,1
dontcache,miss,4647,2705,11677,14382,62,1
dontcache,hit,4647,260,564,824,0,1
dontcache,miss,4648,2328,10875,13203,57,1
dontcache,hit,4648,267,548,815,0,1
dontcache,miss,4649,2479,11440,13919,60,1
dontcache,hit,4649,264,545,809,0,1
dontcache,miss,4650,2330,10726,13056,56,1
dontcache,hit,4650,268,571,839,0,1
dontcache,miss,4651,2642,12730,15372,67,1
dontcache,hit,4651,262,545,807,0,1
dontcache,miss,4652,2221,11211,13432,59,1
dontcache,hit,4652,265,547,812,0,1
dontcache,miss,4653,2519,10880,13399,57,1
dontcache,hit,4653,266,566,832,0,1
dontcache,miss,4654,2420,13210,15630,71,1
dontcache,hit,4654,267,555,822,0,1
dontcache,miss,4655,2458,11933,14391,62,1
dontcache,hit,4655,261,554,815,0,1
dontcache,miss,4656,2308,15978,18286,85,1
dontcache,hit,4656,265,547,812,0,1
dontcache,miss,4657,2368,11667,14035,60,1
dontcache,hit,4657,256,546,802,0,1
dontcache,miss,4658,2384,10854,13238,57,1
dontcache,hit,4658,261,541,802,0,1
dontcache,miss,4659,2542,15301,17843,83,1
dontcache,hit,4659,260,540,800,0,1
dontcache,miss,4660,2286,12062,14348,64,1
dontcache,hit,4660,267,540,807,0,1
dontcache,miss,4661,2936,15887,18823,86,1
dontcache,hit,4661,260,539,799,0,1
dontcache,miss,4662,2233,11340,13573,60,1
dontcache,hit,4662,265,547,812,0,1
dontcache,miss,4663,3299,13595,16894,72,1
dontcache,hit,4663,325,706,1031,0,1
dontcache,miss,4664,2894,17108,20002,94,1
dontcache,hit,4664,264,956,1220,0,1
dontcache,miss,4665,2380,13374,15754,70,1
dontcache,hit,4665,259,563,822,0,1
dontcache,miss,4666,2386,10970,13356,58,1
dontcache,hit,4666,260,559,819,0,1
dontcache,miss,4667,2392,11904,14296,63,1
dontcache,hit,4667,255,553,808,0,1
dontcache,miss,4668,2313,13256,15569,71,1
dontcache,hit,4668,262,595,857,0,1
dontcache,miss,4669,2505,11257,13762,59,1
dontcache,hit,4669,306,573,879,0,1
dontcache,miss,4670,3586,12043,15629,64,1
dontcache,hit,4670,261,556,817,0,1
dontcache,miss,4671,2525,11173,13698,59,1
dontcache,hit,4671,259,570,829,0,1
dontcache,miss,4672,2321,12890,15211,65,1
dontcache,hit,4672,266,559,825,0,1
dontcache,miss,4673,2746,14742,17488,79,1
dontcache,hit,4673,280,656,936,0,1
dontcache,miss,4674,2155,19518,21673,99,1
dontcache,hit,4674,270,564,834,0,1
dontcache,miss,4675,2369,10993,13362,57,1
dontcache,hit,4675,260,611,871,0,1
dontcache,miss,4676,2283,15075,17358,82,1
dontcache,hit,4676,272,564,836,0,1
dontcache,miss,4677,2510,10658,13168,56,1
dontcache,hit,4677,270,540,810,0,1
dontcache,miss,4678,2295,14921,17216,81,1
dontcache,hit,4678,265,546,811,0,1
dontcache,miss,4679,2305,10839,13144,57,1
dontcache,hit,4679,262,535,797,0,1
dontcache,miss,4680,2251,10480,12731,55,1
dontcache,hit,4680,264,547,811,0,1
dontcache,miss,4681,2481,14757,17238,80,1
dontcache,hit,4681,264,544,808,0,1
dontcache,miss,4682,2163,11340,13503,60,1
dontcache,hit,4682,262,560,822,0,1
dontcache,miss,4683,2480,15018,17498,81,1
dontcache,hit,4683,261,546,807,0,1
dontcache,miss,4684,2195,10674,12869,56,1
dontcache,hit,4684,261,574,835,0,1
dontcache,miss,4685,2480,10717,13197,56,1
dontcache,hit,4685,260,538,798,0,1
dontcache,miss,4686,2332,9316,11648,48,1
dontcache,hit,4686,260,531,791,0,1
dontcache,miss,4687,2524,10628,13152,56,1
dontcache,hit,4687,262,552,814,0,1
dontcache,miss,4688,2315,10496,12811,55,1
dontcache,hit,4688,275,540,815,0,1
dontcache,miss,4689,2488,10530,13018,55,1
dontcache,hit,4689,260,550,810,0,1
dontcache,miss,4690,2295,11979,14274,64,1
dontcache,hit,4690,262,546,808,0,1
dontcache,miss,4691,2505,10072,12577,52,1
dontcache,hit,4691,261,542,803,0,1
dontcache,miss,4692,2307,10666,12973,56,1
dontcache,hit,4692,325,670,995,0,1
dontcache,miss,4693,2450,10772,13222,58,1
dontcache,hit,4693,263,552,815,0,1
dontcache,miss,4694,2255,10809,13064,58,1
dontcache,hit,4694,259,546,805,0,1
dontcache,miss,4695,2470,11096,13566,60,1
dontcache,hit,4695,262,535,797,0,1
dontcache,miss,4696,2131,10121,12252,54,1
dontcache,hit,4696,258,551,809,0,1
dontcache,miss,4697,2238,11038,13276,58,1
dontcache,hit,4697,268,553,821,0,1
dontcache,miss,4698,2316,17478,19794,87,1
dontcache,hit,4698,263,550,813,0,1
dontcache,miss,4699,2466,9469,11935,50,1
dontcache,hit,4699,259,530,789,0,1
dontcache,miss,4700,2290,11188,13478,60,1
dontcache,hit,4700,260,549,809,0,1
dontcache,miss,4701,2298,10456,12754,56,1
dontcache,hit,4701,259,538,797,0,1
dontcache,miss,4702,2279,8998,11277,47,1
dontcache,hit,4702,276,646,922,0,1
dontcache,miss,4703,2488,11066,13554,58,1
dontcache,hit,4703,266,600,866,0,1
dontcache,miss,4704,2313,20376,22689,113,1
dontcache,hit,4704,272,542,814,0,1
dontcache,miss,4705,2483,10877,13360,57,1
dontcache,hit,4705,262,531,793,0,1
dontcache,miss,4706,2308,10682,12990,56,1
dontcache,hit,4706,261,549,810,0,1
dontcache,miss,4707,2520,9312,11832,48,1
dontcache,hit,4707,265,525,790,0,1
dontcache,miss,4708,2331,9652,11983,50,1
dontcache,hit,4708,270,587,857,0,1
dontcache,miss,4709,2514,11235,13749,59,1
dontcache,hit,4709,268,523,791,0,1
dontcache,miss,4710,2340,10636,12976,48,1
dontcache,hit,4710,269,1450,1719,0,1
dontcache,miss,4711,2516,10522,13038,55,1
dontcache,hit,4711,271,553,824,0,1
dontcache,miss,4712,2320,13251,15571,71,1
dontcache,hit,4712,270,528,798,0,1
dontcache,miss,4713,2498,9382,11880,48,1
dontcache,hit,4713,265,541,806,0,1
dontcache,miss,4714,2316,9632,11948,50,1
dontcache,hit,4714,267,527,794,0,1
dontcache,miss,4715,2492,10884,13376,57,1
dontcache,hit,4715,265,534,799,0,1
dontcache,miss,4716,2327,10546,12873,55,1
dontcache,hit,4716,266,526,792,0,1
dontcache,miss,4717,2513,11564,14077,61,1
dontcache,hit,4717,265,536,801,0,1
dontcache,miss,4718,2129,10888,13017,57,1
dontcache,hit,4718,269,536,805,0,1
dontcache,miss,4719,2518,10938,13456,57,1
dontcache,hit,4719,262,540,802,0,1
dontcache,miss,4720,2294,10019,12313,52,1
dontcache,hit,4720,279,525,804,0,1
dontcache,miss,4721,2497,10765,13262,56,1
dontcache,hit,4721,263,536,799,0,1
dontcache,miss,4722,2315,14831,17146,47,1
dontcache,hit,4722,294,629,923,0,1
dontcache,miss,4723,2308,10547,12855,56,1
dontcache,hit,4723,267,559,826,0,1
dontcache,miss,4724,2242,9601,11843,51,1
dontcache,hit,4724,261,541,802,0,1
dontcache,miss,4725,2506,17350,19856,85,1
dontcache,hit,4725,263,540,803,0,1
dontcache,miss,4726,2270,11027,13297,59,1
dontcache,hit,4726,261,526,787,0,1
dontcache,miss,4727,2471,10336,12807,55,1
dontcache,hit,4727,262,543,805,0,1
dontcache,miss,4728,2268,10482,12750,56,1
dontcache,hit,4728,260,537,797,0,1
dontcache,miss,4729,2443,9134,11577,48,1
dontcache,hit,4729,258,532,790,0,1
dontcache,miss,4730,2294,46532,48826,269,1
dontcache,hit,4730,267,549,816,0,1
dontcache,miss,4731,2628,10732,13360,56,1
dontcache,hit,4731,268,611,879,0,1
dontcache,miss,4732,2291,10644,12935,56,1
dontcache,hit,4732,263,538,801,0,1
dontcache,miss,4733,2526,10552,13078,55,1
dontcache,hit,4733,267,533,800,0,1
dontcache,miss,4734,2327,11581,13908,61,1
dontcache,hit,4734,264,529,793,0,1
dontcache,miss,4735,2489,11215,13704,59,1
dontcache,hit,4735,266,533,799,0,1
dontcache,miss,4736,2291,10635,12926,56,1
dontcache,hit,4736,263,538,801,0,1
dontcache,miss,4737,2481,10368,12849,54,1
dontcache,hit,4737,267,532,799,0,1
dontcache,miss,4738,2300,10550,12850,55,1
dontcache,hit,4738,266,527,793,0,1
dontcache,miss,4739,2496,11873,14369,63,1
dontcache,hit,4739,263,538,801,0,1
dontcache,miss,4740,2079,10864,12943,57,1
dontcache,hit,4740,267,543,810,0,1
dontcache,miss,4741,2458,10050,12508,52,1
dontcache,hit,4741,263,546,809,0,1
dontcache,miss,4742,2327,10054,12381,52,1
dontcache,hit,4742,270,525,795,0,1
dontcache,miss,4743,2502,9355,11857,48,1
dontcache,hit,4743,261,551,812,0,1
dontcache,miss,4744,2289,9298,11587,48,1
dontcache,hit,4744,265,532,797,0,1
dontcache,miss,4745,2364,10078,12442,52,1
dontcache,hit,4745,262,538,800,0,1
dontcache,miss,4746,2287,9345,11632,48,1
dontcache,hit,4746,268,535,803,0,1
dontcache,miss,4747,2513,10028,12541,52,1
dontcache,hit,4747,259,531,790,0,1
dontcache,miss,4748,2321,10545,12866,55,1
dontcache,hit,4748,268,527,795,0,1
dontcache,miss,4749,2477,10490,12967,55,1
dontcache,hit,4749,266,525,791,0,1
dontcache,miss,4750,2319,10489,12808,55,1
dontcache,hit,4750,266,533,799,0,1
dontcache,miss,4751,2494,9944,12438,52,1
dontcache,hit,4751,263,526,789,0,1
dontcache,miss,4752,2293,10004,12297,52,1
dontcache,hit,4752,302,719,1021,0,1
dontcache,miss,4753,2585,11056,13641,58,1
dontcache,hit,4753,266,569,835,0,1
dontcache,miss,4754,2308,10767,13075,58,1
dontcache,hit,4754,260,546,806,0,1
dontcache,miss,4755,2470,10495,12965,56,1
dontcache,hit,4755,259,550,809,0,1
dontcache,miss,4756,2189,12437,14626,68,1
dontcache,hit,4756,271,534,805,0,1
dontcache,miss,4757,2485,46466,48951,267,1
dontcache,hit,4757,259,545,804,0,1
dontcache,miss,4758,2289,11011,13300,58,1
dontcache,hit,4758,269,551,820,0,1
dontcache,miss,4759,2388,10686,13074,57,1
dontcache,hit,4759,259,552,811,0,1
dontcache,miss,4760,2238,10625,12863,57,1
dontcache,hit,4760,264,535,799,0,1
dontcache,miss,4761,2531,11546,14077,61,1
dontcache,hit,4761,261,541,802,0,1
dontcache,miss,4762,2173,10665,12838,56,1
dontcache,hit,4762,273,670,943,0,1
dontcache,miss,4763,2472,10775,13247,56,1
dontcache,hit,4763,264,541,805,0,1
dontcache,miss,4764,2309,10800,13109,57,1
dontcache,hit,4764,264,541,805,0,1
dontcache,miss,4765,2477,9531,12008,49,1
dontcache,hit,4765,264,549,813,0,1
dontcache,miss,4766,2342,9636,11978,50,1
dontcache,hit,4766,260,534,794,0,1
dontcache,miss,4767,2307,10761,13068,56,1
dontcache,hit,4767,259,529,788,0,1
dontcache,miss,4768,2321,10679,13000,56,1
dontcache,hit,4768,263,536,799,0,1
dontcache,miss,4769,2462,10557,13019,55,1
dontcache,hit,4769,261,535,796,0,1
dontcache,miss,4770,2295,10858,13153,57,1
dontcache,hit,4770,264,555,819,0,1
dontcache,miss,4771,2529,10567,13096,55,1
dontcache,hit,4771,265,545,810,0,1
dontcache,miss,4772,2303,10563,12866,56,1
dontcache,hit,4772,264,533,797,0,1
dontcache,miss,4773,2498,9294,11792,48,1
dontcache,hit,4773,265,548,813,0,1
dontcache,miss,4774,2372,10340,12712,54,1
dontcache,hit,4774,266,534,800,0,1
dontcache,miss,4775,2479,10733,13212,56,1
dontcache,hit,4775,266,549,815,0,1
dontcache,miss,4776,2341,10691,13032,56,1
dontcache,hit,4776,266,530,796,0,1
dontcache,miss,4777,2512,10858,13370,57,1
dontcache,hit,4777,262,548,810,0,1
dontcache,miss,4778,2258,13067,15325,70,1
dontcache,hit,4778,392,855,1247,0,1
dontcache,miss,4779,2965,11407,14372,60,1
dontcache,hit,4779,314,853,1167,0,1
dontcache,miss,4780,2292,10661,12953,56,1
dontcache,hit,4780,267,573,840,0,1
dontcache,miss,4781,2486,10831,13317,57,1
dontcache,hit,4781,260,538,798,0,1
dontcache,miss,4782,2323,10828,13151,57,1
dontcache,hit,4782,264,555,819,0,1
dontcache,miss,4783,4562,12607,17169,66,1
dontcache,hit,4783,262,529,791,0,1
dontcache,miss,4784,2130,10898,13028,57,1
dontcache,hit,4784,268,645,913,0,1
dontcache,miss,4785,2453,11050,13503,58,1
dontcache,hit,4785,259,589,848,0,1
dontcache,miss,4786,2295,10714,13009,56,1
dontcache,hit,4786,263,566,829,0,1
dontcache,miss,4787,2482,10958,13440,57,1
dontcache,hit,4787,265,578,843,0,1
dontcache,miss,4788,2301,11041,13342,58,1
dontcache,hit,4788,271,554,825,0,1
dontcache,miss,4789,2345,10890,13235,57,1
dontcache,hit,4789,262,557,819,0,1
dontcache,miss,4790,2295,10520,12815,55,1
dontcache,hit,4790,266,561,827,0,1
dontcache,miss,4791,2485,10542,13027,55,1
dontcache,hit,4791,259,552,811,0,1
dontcache,miss,4792,2307,10971,13278,58,1
dontcache,hit,4792,266,552,818,0,1
dontcache,miss,4793,2481,10734,13215,56,1
dontcache,hit,4793,262,553,815,0,1
dontcache,miss,4794,2311,10489,12800,55,1
dontcache,hit,4794,262,559,821,0,1
dontcache,miss,4795,2570,10721,13291,56,1
dontcache,hit,4795,263,643,906,0,1
dontcache,miss,4796,2264,11210,13474,59,1
dontcache,hit,4796,261,566,827,0,1
dontcache,miss,4797,2488,11101,13589,58,1
dontcache,hit,4797,259,563,822,0,1
dontcache,miss,4798,2318,10661,12979,56,1
dontcache,hit,4798,263,561,824,0,1
dontcache,miss,4799,2497,10535,13032,55,1
dontcache,hit,4799,256,556,812,0,1
dontcache,miss,4800,2284,11821,14105,63,1
dontcache,hit,4800,267,552,819,0,1
dontcache,miss,4801,2471,10209,12680,53,1
dontcache,hit,4801,260,560,820,0,1
dontcache,miss,4802,2401,10267,12668,54,1
dontcache,hit,4802,260,559,819,0,1
dontcache,miss,4803,2505,10561,13066,55,1
dontcache,hit,4803,258,572,830,0,1
dontcache,miss,4804,2289,10513,12802,55,1
dontcache,hit,4804,261,554,815,0,1
dontcache,miss,4805,2460,11550,14010,61,1
dontcache,hit,4805,261,550,811,0,1
dontcache,miss,4806,2109,10851,12960,57,1
dontcache,hit,4806,268,564,832,0,1
dontcache,miss,4807,2481,10821,13302,57,1
dontcache,hit,4807,259,555,814,0,1
dontcache,miss,4808,2323,10265,12588,53,1
dontcache,hit,4808,258,559,817,0,1
dontcache,miss,4809,2485,10733,13218,56,1
dontcache,hit,4809,262,559,821,0,1
dontcache,miss,4810,25128,10331,35459,52,1
dontcache,hit,4810,263,620,883,0,1
dontcache,miss,4811,2315,10725,13040,56,1
dontcache,hit,4811,256,563,819,0,1
dontcache,miss,4812,2302,10570,12872,48,1
dontcache,hit,4812,259,1746,2005,0,1
dontcache,miss,4813,2466,10577,13043,55,1
dontcache,hit,4813,259,552,811,0,1
dontcache,miss,4814,2347,10474,12821,55,1
dontcache,hit,4814,264,547,811,0,1
dontcache,miss,4815,2676,10590,13266,55,1
dontcache,hit,4815,317,744,1061,0,1
dontcache,miss,4816,2323,10690,13013,56,1
dontcache,hit,4816,270,572,842,0,1
dontcache,miss,4817,2515,9881,12396,51,1
dontcache,hit,4817,253,571,824,0,1
dontcache,miss,4818,2282,9600,11882,50,1
dontcache,hit,4818,258,577,835,0,1
dontcache,miss,4819,2539,11193,13732,59,1
dontcache,hit,4819,255,569,824,0,1
dontcache,miss,4820,2318,11071,13389,58,1
dontcache,hit,4820,256,559,815,0,1
dontcache,miss,4821,2510,10529,13039,55,1
dontcache,hit,4821,262,580,842,0,1
dontcache,miss,4822,2285,13255,15540,71,1
dontcache,hit,4822,259,572,831,0,1
dontcache,miss,4823,2500,10912,13412,57,1
dontcache,hit,4823,261,568,829,0,1
dontcache,miss,4824,2293,10778,13071,57,1
dontcache,hit,4824,256,553,809,0,1
dontcache,miss,4825,2544,10026,12570,52,1
dontcache,hit,4825,262,561,823,0,1
dontcache,miss,4826,2291,10682,12973,56,1
dontcache,hit,4826,289,631,920,0,1
dontcache,miss,4827,2510,13080,15590,70,1
dontcache,hit,4827,270,552,822,0,1
dontcache,miss,4828,2158,10823,12981,57,1
dontcache,hit,4828,257,549,806,0,1
dontcache,miss,4829,2510,10597,13107,55,1
dontcache,hit,4829,256,552,808,0,1
dontcache,miss,4830,2301,10851,13152,57,1
dontcache,hit,4830,257,530,787,0,1
dontcache,miss,4831,2481,10591,13072,55,1
dontcache,hit,4831,258,557,815,0,1
dontcache,miss,4832,2286,10485,12771,55,1
dontcache,hit,4832,258,541,799,0,1
dontcache,miss,4833,2336,10791,13127,56,1
dontcache,hit,4833,257,540,797,0,1
dontcache,miss,4834,2304,10909,13213,57,1
dontcache,hit,4834,255,550,805,0,1
dontcache,miss,4835,2491,10232,12723,53,1
dontcache,hit,4835,262,547,809,0,1
dontcache,miss,4836,2262,10689,12951,56,1
dontcache,hit,4836,257,556,813,0,1
dontcache,miss,4837,2474,10862,13336,57,1
dontcache,hit,4837,255,561,816,0,1
dontcache,miss,4838,2334,10660,12994,56,1
dontcache,hit,4838,255,542,797,0,1
dontcache,miss,4839,2520,9959,12479,52,1
dontcache,hit,4839,254,548,802,0,1
dontcache,miss,4840,2299,10050,12349,52,1
dontcache,hit,4840,256,548,804,0,1
dontcache,miss,4841,2510,10552,13062,55,1
dontcache,hit,4841,250,547,797,0,1
dontcache,miss,4842,2330,10923,13253,57,1
dontcache,hit,4842,254,553,807,0,1
dontcache,miss,4843,2499,10549,13048,55,1
dontcache,hit,4843,254,551,805,0,1
dontcache,miss,4844,2216,11875,14091,63,1
dontcache,hit,4844,257,572,829,0,1
dontcache,miss,4845,2517,9504,12021,49,1
dontcache,hit,4845,251,543,794,0,1
dontcache,miss,4846,2322,9676,11998,50,1
dontcache,hit,4846,253,546,799,0,1
dontcache,miss,4847,2496,14718,17214,61,1
dontcache,hit,4847,255,538,793,0,1
dontcache,miss,4848,2406,11227,13633,59,1
dontcache,hit,4848,261,576,837,0,1
dontcache,miss,4849,2505,12547,15052,67,1
dontcache,hit,4849,274,568,842,0,1
dontcache,miss,4850,2160,10136,12296,53,1
dontcache,hit,4850,263,563,826,0,1
dontcache,miss,4851,2515,11032,13547,58,1
dontcache,hit,4851,262,562,824,0,1
dontcache,miss,4852,2279,11002,13281,58,1
dontcache,hit,4852,261,557,818,0,1
dontcache,miss,4853,2530,10556,13086,55,1
dontcache,hit,4853,261,558,819,0,1
dontcache,miss,4854,2309,10436,12745,55,1
dontcache,hit,4854,256,553,809,0,1
dontcache,miss,4855,2349,10873,13222,57,1
dontcache,hit,4855,270,562,832,0,1
dontcache,miss,4856,2311,9970,12281,52,1
dontcache,hit,4856,257,543,800,0,1
dontcache,miss,4857,2472,10925,13397,57,1
dontcache,hit,4857,254,552,806,0,1
dontcache,miss,4858,2305,10808,13113,57,1
dontcache,hit,4858,257,553,810,0,1
dontcache,miss,4859,2661,11807,14468,62,1
dontcache,hit,4859,275,639,914,0,1
dontcache,miss,4860,2346,10664,13010,56,1
dontcache,hit,4860,259,562,821,0,1
dontcache,miss,4861,2469,9875,12344,51,1
dontcache,hit,4861,256,567,823,0,1
dontcache,miss,4862,2338,9281,11619,48,1
dontcache,hit,4862,269,539,808,0,1
dontcache,miss,4863,2506,10942,13448,57,1
dontcache,hit,4863,251,540,791,0,1
dontcache,miss,4864,2317,10497,12814,55,1
dontcache,hit,4864,266,578,844,0,1
dontcache,miss,4865,2488,10540,13028,55,1
dontcache,hit,4865,255,540,795,0,1
dontcache,miss,4866,2298,13202,15500,71,1
dontcache,hit,4866,259,548,807,0,1
dontcache,miss,4867,2505,9378,11883,48,1
dontcache,hit,4867,266,540,806,0,1
dontcache,miss,4868,2324,9339,11663,48,1
dontcache,hit,4868,259,558,817,0,1
dontcache,miss,4869,2509,10548,13057,55,1
dontcache,hit,4869,256,540,796,0,1
dontcache,miss,4870,2311,10515,12826,55,1
dontcache,hit,4870,258,557,815,0,1
dontcache,miss,4871,2455,11702,14157,62,1
dontcache,hit,4871,257,548,805,0,1
dontcache,miss,4872,2128,10662,12790,56,1
dontcache,hit,4872,259,547,806,0,1
dontcache,miss,4873,2484,10487,12971,55,1
dontcache,hit,4873,256,547,803,0,1
dontcache,miss,4874,2287,10220,12507,53,1
dontcache,hit,4874,260,554,814,0,1
dontcache,miss,4875,2509,10657,13166,56,1
dontcache,hit,4875,257,550,807,0,1
dontcache,miss,4876,2295,10572,12867,55,1
dontcache,hit,4876,257,550,807,0,1
dontcache,miss,4877,2367,10793,13160,56,1
dontcache,hit,4877,254,539,793,0,1
dontcache,miss,4878,2407,10660,13067,56,1
dontcache,hit,4878,265,551,816,0,1
dontcache,miss,4879,2525,10014,12539,52,1
dontcache,hit,4879,260,535,795,0,1
dontcache,miss,4880,2311,13969,16280,58,1
dontcache,hit,4880,264,574,838,0,1
dontcache,miss,4881,2549,11086,13635,58,1
dontcache,hit,4881,259,561,820,0,1
dontcache,miss,4882,2350,10469,12819,55,1
dontcache,hit,4882,253,566,819,0,1
dontcache,miss,4883,2543,10096,12639,52,1
dontcache,hit,4883,257,556,813,0,1
dontcache,miss,4884,2356,10778,13134,57,1
dontcache,hit,4884,261,541,802,0,1
dontcache,miss,4885,2501,10874,13375,57,1
dontcache,hit,4885,259,565,824,0,1
dontcache,miss,4886,2318,10925,13243,57,1
dontcache,hit,4886,259,542,801,0,1
dontcache,miss,4887,2517,10705,13222,56,1
dontcache,hit,4887,258,549,807,0,1
dontcache,miss,4888,2347,12718,15065,68,1
dontcache,hit,4888,257,553,810,0,1
dontcache,miss,4889,2502,10544,13046,55,1
dontcache,hit,4889,252,544,796,0,1
dontcache,miss,4890,2335,10819,13154,57,1
dontcache,hit,4890,259,566,825,0,1
dontcache,miss,4891,2516,16339,18855,57,1
dontcache,hit,4891,260,553,813,0,1
dontcache,miss,4892,2608,10565,13173,55,1
dontcache,hit,4892,263,576,839,0,1
dontcache,miss,4893,2477,13208,15685,71,1
dontcache,hit,4893,258,566,824,0,1
dontcache,miss,4894,2149,10013,12162,52,1
dontcache,hit,4894,260,558,818,0,1
dontcache,miss,4895,2501,9688,12189,50,1
dontcache,hit,4895,254,537,791,0,1
dontcache,miss,4896,2296,10397,12693,54,1
dontcache,hit,4896,258,558,816,0,1
dontcache,miss,4897,2487,10653,13140,56,1
dontcache,hit,4897,254,546,800,0,1
dontcache,miss,4898,2373,11016,13389,58,1
dontcache,hit,4898,258,540,798,0,1
dontcache,miss,4899,2358,10743,13101,56,1
dontcache,hit,4899,255,550,805,0,1
dontcache,miss,4900,2341,10876,13217,57,1
dontcache,hit,4900,258,542,800,0,1
dontcache,miss,4901,2483,10044,12527,52,1
dontcache,hit,4901,258,559,817,0,1
dontcache,miss,4902,2335,10625,12960,56,1
dontcache,hit,4902,256,552,808,0,1
dontcache,miss,4903,2477,10526,13003,55,1
dontcache,hit,4903,255,543,798,0,1
dontcache,miss,4904,2296,10512,12808,55,1
dontcache,hit,4904,259,532,791,0,1
dontcache,miss,4905,2494,10039,12533,52,1
dontcache,hit,4905,253,531,784,0,1
dontcache,miss,4906,2331,10342,12673,54,1
dontcache,hit,4906,259,545,804,0,1
dontcache,miss,4907,2470,10699,13169,56,1
dontcache,hit,4907,253,547,800,0,1
dontcache,miss,4908,2386,10895,13281,57,1
dontcache,hit,4908,259,552,811,0,1
dontcache,miss,4909,2448,10531,12979,55,1
dontcache,hit,4909,253,541,794,0,1
dontcache,miss,4910,2350,13166,15516,71,1
dontcache,hit,4910,261,533,794,0,1
dontcache,miss,4911,2496,9395,11891,48,1
dontcache,hit,4911,260,532,792,0,1
dontcache,miss,4912,2315,9313,11628,48,1
dontcache,hit,4912,253,548,801,0,1
dontcache,miss,4913,2622,11079,13701,58,1
dontcache,hit,4913,273,605,878,0,1
dontcache,miss,4914,2297,10528,12825,55,1
dontcache,hit,4914,260,576,836,0,1
dontcache,miss,4915,2475,13637,16112,72,1
dontcache,hit,4915,259,574,833,0,1
dontcache,miss,4916,2170,10817,12987,56,1
dontcache,hit,4916,256,554,810,0,1
dontcache,miss,4917,2529,10494,13023,54,1
dontcache,hit,4917,260,551,811,0,1
dontcache,miss,4918,2320,11109,13429,58,1
dontcache,hit,4918,257,561,818,0,1
dontcache,miss,4919,2518,10468,12986,54,1
dontcache,hit,4919,255,556,811,0,1
dontcache,miss,4920,2308,10794,13102,56,1
dontcache,hit,4920,270,560,830,0,1
dontcache,miss,4921,2363,10696,13059,55,1
dontcache,hit,4921,257,557,814,0,1
dontcache,miss,4922,2325,10615,12940,55,1
dontcache,hit,4922,262,558,820,0,1
dontcache,miss,4923,2493,10289,12782,53,1
dontcache,hit,4923,254,558,812,0,1
dontcache,miss,4924,2311,10491,12802,54,1
dontcache,hit,4924,277,665,942,0,1
dontcache,miss,4925,2539,10860,13399,56,1
dontcache,hit,4925,259,552,811,0,1
dontcache,miss,4926,2346,10585,12931,55,1
dontcache,hit,4926,259,557,816,0,1
dontcache,miss,4927,2486,9199,11685,46,1
dontcache,hit,4927,254,543,797,0,1
dontcache,miss,4928,2298,9267,11565,47,1
dontcache,hit,4928,258,541,799,0,1
dontcache,miss,4929,2503,10677,13180,55,1
dontcache,hit,4929,267,545,812,0,1
dontcache,miss,4930,2355,10453,12808,54,1
dontcache,hit,4930,261,549,810,0,1
dontcache,miss,4931,2483,9304,11787,47,1
dontcache,hit,4931,257,550,807,0,1
dontcache,miss,4932,2294,11310,13604,59,1
dontcache,hit,4932,258,540,798,0,1
dontcache,miss,4933,2474,10650,13124,55,1
dontcache,hit,4933,255,539,794,0,1
dontcache,miss,4934,2322,10764,13086,56,1
dontcache,hit,4934,262,549,811,0,1
dontcache,miss,4935,2555,9227,11782,47,1
dontcache,hit,4935,259,532,791,0,1
dontcache,miss,4936,2343,9568,11911,49,1
dontcache,hit,4936,256,539,795,0,1
dontcache,miss,4937,2451,11569,14020,60,1
dontcache,hit,4937,252,547,799,0,1
dontcache,miss,4938,2110,10687,12797,55,1
dontcache,hit,4938,264,534,798,0,1
dontcache,miss,4939,2416,10979,13395,57,1
dontcache,hit,4939,255,535,790,0,1
dontcache,miss,4940,2299,9880,12179,51,1
dontcache,hit,4940,258,532,790,0,1
dontcache,miss,4941,2470,10681,13151,55,1
dontcache,hit,4941,254,538,792,0,1
dontcache,miss,4942,2313,10591,12904,55,1
dontcache,hit,4942,257,539,796,0,1
dontcache,miss,4943,2317,10854,13171,56,1
dontcache,hit,4943,251,553,804,0,1
dontcache,miss,4944,2329,10634,12963,55,1
dontcache,hit,4944,261,537,798,0,1
dontcache,miss,4945,2515,9304,11819,47,1
dontcache,hit,4945,256,541,797,0,1
dontcache,miss,4946,2346,12470,14816,48,1
dontcache,hit,4946,269,581,850,0,1
dontcache,miss,4947,2541,11166,13707,58,1
dontcache,hit,4947,262,572,834,0,1
dontcache,miss,4948,2355,10522,12877,54,1
dontcache,hit,4948,274,576,850,0,1
dontcache,miss,4949,2549,9288,11837,47,1
dontcache,hit,4949,262,561,823,0,1
dontcache,miss,4950,2289,9417,11706,48,1
dontcache,hit,4950,269,558,827,0,1
dontcache,miss,4951,2449,10878,13327,56,1
dontcache,hit,4951,260,554,814,0,1
dontcache,miss,4952,2354,10645,12999,55,1
dontcache,hit,4952,271,558,829,0,1
dontcache,miss,4953,2533,10704,13237,55,1
dontcache,hit,4953,263,564,827,0,1
dontcache,miss,4954,2304,11441,13745,60,1
dontcache,hit,4954,257,557,814,0,1
dontcache,miss,4955,2499,10532,13031,54,1
dontcache,hit,4955,255,564,819,0,1
dontcache,miss,4956,2329,10818,13147,56,1
dontcache,hit,4956,262,573,835,0,1
dontcache,miss,4957,2505,10854,13359,56,1
dontcache,hit,4957,262,583,845,0,1
dontcache,miss,4958,2357,11397,13754,39,1
dontcache,hit,4958,263,585,848,0,1
dontcache,miss,4959,2461,11757,14218,61,1
dontcache,hit,4959,255,559,814,0,1
dontcache,miss,4960,2163,10691,12854,55,1
dontcache,hit,4960,260,551,811,0,1
dontcache,miss,4961,2502,10832,13334,56,1
dontcache,hit,4961,268,535,803,0,1
dontcache,miss,4962,2386,10166,12552,52,1
dontcache,hit,4962,265,537,802,0,1
dontcache,miss,4963,2470,10675,13145,55,1
dontcache,hit,4963,253,537,790,0,1
dontcache,miss,4964,2312,10790,13102,56,1
dontcache,hit,4964,257,531,788,0,1
dontcache,miss,4965,2319,9956,12275,51,1
dontcache,hit,4965,257,536,793,0,1
dontcache,miss,4966,2300,9315,11615,47,1
dontcache,hit,4966,256,545,801,0,1
dontcache,miss,4967,2482,9998,12480,51,1
dontcache,hit,4967,262,558,820,0,1
dontcache,miss,4968,2332,10848,13180,56,1
dontcache,hit,4968,257,541,798,0,1
dontcache,miss,4969,2511,10680,13191,55,1
dontcache,hit,4969,255,544,799,0,1
dontcache,miss,4970,2279,10485,12764,54,1
dontcache,hit,4970,256,547,803,0,1
dontcache,miss,4971,2489,10581,13070,54,1
dontcache,hit,4971,256,536,792,0,1
dontcache,miss,4972,2326,10433,12759,54,1
dontcache,hit,4972,260,535,795,0,1
dontcache,miss,4973,2479,9131,11610,46,1
dontcache,hit,4973,258,546,804,0,1
dontcache,miss,4974,2339,9385,11724,48,1
dontcache,hit,4974,265,535,800,0,1
dontcache,miss,4975,2479,10671,13150,55,1
dontcache,hit,4975,255,537,792,0,1
dontcache,miss,4976,2351,11842,14193,62,1
dontcache,hit,4976,261,553,814,0,1
dontcache,miss,4977,2474,9975,12449,51,1
dontcache,hit,4977,257,538,795,0,1
dontcache,miss,4978,2334,10279,12613,53,1
dontcache,hit,4978,259,544,803,0,1
dontcache,miss,4979,2478,13763,16241,57,1
dontcache,hit,4979,260,534,794,0,1
dontcache,miss,4980,2401,10993,13394,57,1
dontcache,hit,4980,276,566,842,0,1
dontcache,miss,4981,2520,12769,15289,67,1
dontcache,hit,4981,259,562,821,0,1
dontcache,miss,4982,2204,9969,12173,51,1
dontcache,hit,4982,270,558,828,0,1
dontcache,miss,4983,2500,10509,13009,54,1
dontcache,hit,4983,266,555,821,0,1
dontcache,miss,4984,2282,10963,13245,57,1
dontcache,hit,4984,261,557,818,0,1
dontcache,miss,4985,2499,10563,13062,54,1
dontcache,hit,4985,255,566,821,0,1
dontcache,miss,4986,2216,10273,12489,53,1
dontcache,hit,4986,259,551,810,0,1
dontcache,miss,4987,2354,10013,12367,51,1
dontcache,hit,4987,266,562,828,0,1
dontcache,miss,4988,2280,9944,12224,51,1
dontcache,hit,4988,260,549,809,0,1
dontcache,miss,4989,2504,9810,12314,50,1
dontcache,hit,4989,262,556,818,0,1
dontcache,miss,4990,2347,10465,12812,54,1
dontcache,hit,4990,268,551,819,0,1
dontcache,miss,4991,2480,10222,12702,33,1
dontcache,hit,4991,257,557,814,0,1
dontcache,miss,4992,2503,9960,12463,51,1
dontcache,hit,4992,267,574,841,0,1
dontcache,miss,4993,2478,10690,13168,55,1
dontcache,hit,4993,263,554,817,0,1
dontcache,miss,4994,2304,9720,12024,50,1
dontcache,hit,4994,259,545,804,0,1
dontcache,miss,4995,2508,11434,13942,59,1
dontcache,hit,4995,256,548,804,0,1
dontcache,miss,4996,2299,10471,12770,54,1
dontcache,hit,4996,271,541,812,0,1
dontcache,miss,4997,2548,9977,12525,51,1
dontcache,hit,4997,257,542,799,0,1
dontcache,miss,4998,2308,11975,14283,63,1
dontcache,hit,4998,257,541,798,0,1
dontcache,miss,4999,2489,10840,13329,56,1
dontcache,hit,4999,262,549,811,0,1
dontcache,miss,5000,2286,10333,12619,53,1
dontcache,hit,5000,262,548,810,0,1
dontcache,miss,5001,2487,10466,12953,54,1
dontcache,hit,5001,259,537,796,0,1
dontcache,miss,5002,2284,10682,12966,55,1
dontcache,hit,5002,258,538,796,0,1
dontcache,miss,5003,2504,11752,14256,61,1
dontcache,hit,5003,254,539,793,0,1
dontcache,miss,5004,2204,10666,12870,55,1
dontcache,hit,5004,256,545,801,0,1
dontcache,miss,5005,2493,10769,13262,56,1
dontcache,hit,5005,255,533,788,0,1
dontcache,miss,5006,2360,9915,12275,51,1
dontcache,hit,5006,259,544,803,0,1
dontcache,miss,5007,2437,10625,13062,55,1
dontcache,hit,5007,256,535,791,0,1
dontcache,miss,5008,2306,10433,12739,54,1
dontcache,hit,5008,257,539,796,0,1
dontcache,miss,5009,2342,9949,12291,51,1
dontcache,hit,5009,256,527,783,0,1
dontcache,miss,5010,2295,9295,11590,47,1
dontcache,hit,5010,261,528,789,0,1
dontcache,miss,5011,2508,10152,12660,52,1
dontcache,hit,5011,257,536,793,0,1
dontcache,miss,5012,2332,10834,13166,56,1
dontcache,hit,5012,259,538,797,0,1
dontcache,miss,5013,2719,11147,13866,58,1
dontcache,hit,5013,281,679,960,0,1
dontcache,miss,5014,2289,10608,12897,55,1
dontcache,hit,5014,257,562,819,0,1
dontcache,miss,5015,2551,10159,12710,52,1
dontcache,hit,5015,255,555,810,0,1
dontcache,miss,5016,2330,10583,12913,55,1
dontcache,hit,5016,268,560,828,0,1
dontcache,miss,5017,2553,10647,13200,50,1
dontcache,hit,5017,258,1726,1984,0,1
dontcache,miss,5018,2351,10588,12939,55,1
dontcache,hit,5018,263,553,816,0,1
dontcache,miss,5019,2453,10539,12992,54,1
dontcache,hit,5019,265,550,815,0,1
dontcache,miss,5020,2296,11847,14143,62,1
dontcache,hit,5020,264,560,824,0,1
dontcache,miss,5021,2531,9315,11846,47,1
dontcache,hit,5021,265,551,816,0,1
dontcache,miss,5022,2375,9235,11610,47,1
dontcache,hit,5022,258,555,813,0,1
dontcache,miss,5023,2516,10508,13024,54,1
dontcache,hit,5023,262,564,826,0,1
dontcache,miss,5024,2311,10619,12930,55,1
dontcache,hit,5024,264,551,815,0,1
dontcache,miss,5025,2637,13093,15730,69,1
dontcache,hit,5025,265,608,873,0,1
dontcache,miss,5026,2222,10177,12399,52,1
dontcache,hit,5026,257,544,801,0,1
dontcache,miss,5027,2539,9585,12124,49,1
dontcache,hit,5027,255,553,808,0,1
dontcache,miss,5028,2341,9934,12275,51,1
dontcache,hit,5028,260,587,847,0,1
dontcache,miss,5029,2475,10719,13194,55,1
dontcache,hit,5029,262,542,804,0,1
dontcache,miss,5030,2329,10482,12811,54,1
dontcache,hit,5030,263,539,802,0,1
dontcache,miss,5031,2319,10695,13014,55,1
dontcache,hit,5031,260,543,803,0,1
dontcache,miss,5032,2345,10611,12956,55,1
dontcache,hit,5032,261,553,814,0,1
dontcache,miss,5033,2549,9999,12548,51,1
dontcache,hit,5033,255,537,792,0,1
dontcache,miss,5034,2410,10687,13097,55,1
dontcache,hit,5034,262,541,803,0,1
dontcache,miss,5035,2468,10525,12993,54,1
dontcache,hit,5035,259,527,786,0,1
dontcache,miss,5036,2377,10623,13000,55,1
dontcache,hit,5036,262,542,804,0,1
dontcache,miss,5037,2488,9971,12459,51,1
dontcache,hit,5037,256,524,780,0,1
dontcache,miss,5038,2393,9936,12329,51,1
dontcache,hit,5038,260,528,788,0,1
dontcache,miss,5039,2476,10516,12992,54,1
dontcache,hit,5039,256,533,789,0,1
dontcache,miss,5040,2373,10427,12800,54,1
dontcache,hit,5040,257,531,788,0,1
dontcache,miss,5041,2481,10673,13154,55,1
dontcache,hit,5041,259,529,788,0,1
dontcache,miss,5042,2332,11660,13992,61,1
dontcache,hit,5042,257,529,786,0,1
dontcache,miss,5043,2440,10854,13294,56,1
dontcache,hit,5043,257,529,786,0,1
dontcache,miss,5044,2349,10927,13276,57,1
dontcache,hit,5044,260,546,806,0,1
dontcache,miss,5045,2490,10514,13004,54,1
dontcache,hit,5045,253,539,792,0,1
dontcache,miss,5046,2336,13838,16174,57,1
dontcache,hit,5046,264,557,821,0,1
dontcache,miss,5047,2557,12102,14659,63,1
dontcache,hit,5047,262,568,830,0,1
dontcache,miss,5048,2123,10214,12337,53,1
dontcache,hit,5048,260,552,812,0,1
dontcache,miss,5049,2541,9805,12346,50,1
dontcache,hit,5049,257,549,806,0,1
dontcache,miss,5050,2307,10455,12762,54,1
dontcache,hit,5050,259,560,819,0,1
dontcache,miss,5051,2529,9547,12076,48,1
dontcache,hit,5051,262,557,819,0,1
dontcache,miss,5052,2345,9624,11969,49,1
dontcache,hit,5052,268,560,828,0,1
dontcache,miss,5053,2310,10185,12495,52,1
dontcache,hit,5053,267,541,808,0,1
dontcache,miss,5054,2283,9386,11669,48,1
dontcache,hit,5054,260,568,828,0,1
dontcache,miss,5055,2515,10326,12841,53,1
dontcache,hit,5055,266,566,832,0,1
dontcache,miss,5056,2285,10578,12863,55,1
dontcache,hit,5056,267,541,808,0,1
dontcache,miss,5057,2460,10308,12768,53,1
dontcache,hit,5057,256,553,809,0,1
dontcache,miss,5058,2345,10629,12974,55,1
dontcache,hit,5058,292,678,970,0,1
dontcache,miss,5059,2590,10666,13256,55,1
dontcache,hit,5059,259,573,832,0,1
dontcache,miss,5060,2331,10437,12768,54,1
dontcache,hit,5060,258,557,815,0,1
dontcache,miss,5061,2520,9261,11781,47,1
dontcache,hit,5061,256,537,793,0,1
dontcache,miss,5062,2346,9041,11387,46,1
dontcache,hit,5062,272,540,812,0,1
dontcache,miss,5063,2506,10697,13203,55,1
dontcache,hit,5063,256,545,801,0,1
dontcache,miss,5064,2340,12930,15270,68,1
dontcache,hit,5064,259,538,797,0,1
dontcache,miss,5065,2501,9266,11767,47,1
dontcache,hit,5065,256,531,787,0,1
dontcache,miss,5066,2353,9255,11608,47,1
dontcache,hit,5066,258,540,798,0,1
dontcache,miss,5067,2484,10469,12953,54,1
dontcache,hit,5067,256,532,788,0,1
dontcache,miss,5068,2320,10411,12731,54,1
dontcache,hit,5068,256,531,787,0,1
dontcache,miss,5069,2504,11483,13987,60,1
dontcache,hit,5069,259,534,793,0,1
dontcache,miss,5070,2176,10653,12829,55,1
dontcache,hit,5070,259,549,808,0,1
dontcache,miss,5071,2510,10965,13475,57,1
dontcache,hit,5071,255,532,787,0,1
dontcache,miss,5072,2362,9936,12298,51,1
dontcache,hit,5072,255,539,794,0,1
dontcache,miss,5073,2475,10465,12940,54,1
dontcache,hit,5073,254,530,784,0,1
dontcache,miss,5074,2316,10426,12742,54,1
dontcache,hit,5074,255,540,795,0,1
dontcache,miss,5075,2356,10720,13076,55,1
dontcache,hit,5075,255,539,794,0,1
dontcache,miss,5076,2344,10651,12995,55,1
dontcache,hit,5076,259,544,803,0,1
dontcache,miss,5077,2490,10014,12504,51,1
dontcache,hit,5077,252,534,786,0,1
dontcache,miss,5078,2310,10620,12930,55,1
dontcache,hit,5078,259,539,798,0,1
dontcache,miss,5079,2470,10728,13198,55,1
dontcache,hit,5079,255,532,787,0,1
dontcache,miss,5080,2420,10502,12922,54,1
dontcache,hit,5080,261,570,831,0,1
dontcache,miss,5081,2518,10151,12669,52,1
dontcache,hit,5081,280,558,838,0,1
dontcache,miss,5082,2324,10593,12917,55,1
dontcache,hit,5082,266,552,818,0,1
dontcache,miss,5083,2497,10821,13318,56,1
dontcache,hit,5083,261,556,817,0,1
dontcache,miss,5084,2346,10500,12846,54,1
dontcache,hit,5084,271,551,822,0,1
dontcache,miss,5085,2516,10499,13015,54,1
dontcache,hit,5085,256,551,807,0,1
dontcache,miss,5086,2358,11496,13854,60,1
dontcache,hit,5086,261,554,815,0,1
dontcache,miss,5087,2472,11340,13812,59,1
dontcache,hit,5087,259,620,879,0,1
dontcache,miss,5088,2326,11014,13340,57,1
dontcache,hit,5088,261,550,811,0,1
dontcache,miss,5089,2581,10451,13032,54,1
dontcache,hit,5089,260,560,820,0,1
dontcache,miss,5090,2333,10603,12936,55,1
dontcache,hit,5090,256,554,810,0,1
dontcache,miss,5091,2493,12011,14504,35,1
dontcache,hit,5091,254,553,807,0,1
dontcache,miss,5092,2339,10834,13173,56,1
dontcache,hit,5092,254,579,833,0,1
dontcache,miss,5093,2550,11064,13614,57,1
dontcache,hit,5093,261,552,813,0,1
dontcache,miss,5094,2320,10592,12912,55,1
dontcache,hit,5094,254,544,798,0,1
dontcache,miss,5095,2471,10531,13002,54,1
dontcache,hit,5095,256,546,802,0,1
dontcache,miss,5096,2353,10750,13103,56,1
dontcache,hit,5096,258,539,797,0,1
dontcache,miss,5097,2376,10144,12520,52,1
dontcache,hit,5097,256,534,790,0,1
dontcache,miss,5098,2284,9949,12233,51,1
dontcache,hit,5098,271,537,808,0,1
dontcache,miss,5099,2462,10740,13202,55,1
dontcache,hit,5099,253,528,781,0,1
dontcache,miss,5100,2331,10654,12985,55,1
dontcache,hit,5100,256,536,792,0,1
dontcache,miss,5101,2516,10514,13030,54,1
dontcache,hit,5101,256,531,787,0,1
dontcache,miss,5102,2336,10639,12975,55,1
dontcache,hit,5102,262,531,793,0,1
dontcache,miss,5103,2520,10083,12603,51,1
dontcache,hit,5103,255,531,786,0,1
dontcache,miss,5104,2358,9920,12278,51,1
dontcache,hit,5104,261,538,799,0,1
dontcache,miss,5105,2502,10743,13245,55,1
dontcache,hit,5105,252,528,780,0,1
dontcache,miss,5106,2385,10605,12990,55,1
dontcache,hit,5106,270,537,807,0,1
dontcache,miss,5107,2479,10501,12980,54,1
dontcache,hit,5107,257,543,800,0,1
dontcache,miss,5108,2320,13066,15386,69,1
dontcache,hit,5108,269,541,810,0,1
dontcache,miss,5109,2520,9321,11841,47,1
dontcache,hit,5109,254,534,788,0,1
dontcache,miss,5110,2373,9203,11576,47,1
dontcache,hit,5110,260,530,790,0,1
dontcache,miss,5111,2514,10530,13044,54,1
dontcache,hit,5111,254,536,790,0,1
dontcache,miss,5112,2268,10428,12696,54,1
dontcache,hit,5112,260,533,793,0,1
dontcache,miss,5113,2659,12079,14738,63,1
dontcache,hit,5113,263,610,873,0,1
dontcache,miss,5114,2189,10593,12782,55,1
dontcache,hit,5114,271,565,836,0,1
dontcache,miss,5115,2545,9760,12305,50,1
dontcache,hit,5115,256,559,815,0,1
dontcache,miss,5116,2363,10964,13327,57,1
dontcache,hit,5116,262,573,835,0,1
dontcache,miss,5117,2478,10473,12951,54,1
dontcache,hit,5117,256,548,804,0,1
dontcache,miss,5118,2341,10954,13295,57,1
dontcache,hit,5118,268,557,825,0,1
dontcache,miss,5119,2370,10767,13137,51,1
dontcache,hit,5119,254,1702,1956,0,1
dontcache,miss,5120,2313,10508,12821,54,1
dontcache,hit,5120,257,561,818,0,1
dontcache,miss,5121,2535,10493,13028,54,1
dontcache,hit,5121,258,552,810,0,1
dontcache,miss,5122,2323,10631,12954,55,1
dontcache,hit,5122,259,550,809,0,1
dontcache,miss,5123,2468,10304,12772,53,1
dontcache,hit,5123,251,554,805,0,1
dontcache,miss,5124,2321,10494,12815,54,1
dontcache,hit,5124,258,567,825,0,1
dontcache,miss,5125,2488,10619,13107,55,1
dontcache,hit,5125,261,581,842,0,1
dontcache,miss,5126,2337,18757,21094,101,1
dontcache,hit,5126,266,544,810,0,1
dontcache,miss,5127,2497,10659,13156,55,1
dontcache,hit,5127,258,538,796,0,1
dontcache,miss,5128,2353,10654,13007,55,1
dontcache,hit,5128,260,536,796,0,1
dontcache,miss,5129,2516,10470,12986,54,1
dontcache,hit,5129,256,538,794,0,1
dontcache,miss,5130,2356,12075,14431,63,1
dontcache,hit,5130,261,543,804,0,1
dontcache,miss,5131,2515,10521,13036,54,1
dontcache,hit,5131,259,544,803,0,1
dontcache,miss,5132,2339,10754,13093,56,1
dontcache,hit,5132,253,538,791,0,1
dontcache,miss,5133,2539,9279,11818,47,1
dontcache,hit,5133,254,537,791,0,1
dontcache,miss,5134,2407,9264,11671,47,1
dontcache,hit,5134,260,529,789,0,1
dontcache,miss,5135,2507,11522,14029,60,1
dontcache,hit,5135,261,534,795,0,1
dontcache,miss,5136,2146,10645,12791,55,1
dontcache,hit,5136,258,539,797,0,1
dontcache,miss,5137,2524,10829,13353,56,1
dontcache,hit,5137,255,528,783,0,1
dontcache,miss,5138,2343,9929,12272,51,1
dontcache,hit,5138,260,535,795,0,1
dontcache,miss,5139,2522,10449,12971,54,1
dontcache,hit,5139,254,536,790,0,1
dontcache,miss,5140,2356,10459,12815,54,1
dontcache,hit,5140,259,544,803,0,1
dontcache,miss,5141,2359,9976,12335,51,1
dontcache,hit,5141,252,535,787,0,1
dontcache,miss,5142,2354,9268,11622,47,1
dontcache,hit,5142,257,541,798,0,1
dontcache,miss,5143,2474,9966,12440,51,1
dontcache,hit,5143,256,544,800,0,1
dontcache,miss,5144,2289,10498,12787,54,1
dontcache,hit,5144,274,550,824,0,1
dontcache,miss,5145,2493,10531,13024,54,1
dontcache,hit,5145,258,533,791,0,1
dontcache,miss,5146,2418,10507,12925,54,1
dontcache,hit,5146,257,552,809,0,1
dontcache,miss,5147,2519,9314,11833,47,1
dontcache,hit,5147,255,563,818,0,1
dontcache,miss,5148,2269,10105,12374,52,1
dontcache,hit,5148,266,544,810,0,1
dontcache,miss,5149,2495,10851,13346,56,1
dontcache,hit,5149,263,567,830,0,1
dontcache,miss,5150,2366,10569,12935,55,1
dontcache,hit,5150,257,558,815,0,1
dontcache,miss,5151,2540,10551,13091,54,1
dontcache,hit,5151,259,549,808,0,1
dontcache,miss,5152,2338,13336,15674,71,1
dontcache,hit,5152,266,548,814,0,1
dontcache,miss,5153,2507,9450,11957,48,1
dontcache,hit,5153,255,553,808,0,1
dontcache,miss,5154,2370,9618,11988,49,1
dontcache,hit,5154,264,554,818,0,1
dontcache,miss,5155,2501,10483,12984,54,1
dontcache,hit,5155,261,552,813,0,1
dontcache,miss,5156,2322,10617,12939,55,1
dontcache,hit,5156,260,559,819,0,1
dontcache,miss,5157,2515,11019,13534,57,1
dontcache,hit,5157,261,552,813,0,1
dontcache,miss,5158,5537,10904,16441,56,1
dontcache,hit,5158,259,578,837,0,1
dontcache,miss,5159,2533,10635,13168,55,1
dontcache,hit,5159,258,543,801,0,1
dontcache,miss,5160,2312,10656,12968,55,1
dontcache,hit,5160,273,543,816,0,1
dontcache,miss,5161,2525,10658,13183,55,1
dontcache,hit,5161,256,545,801,0,1
dontcache,miss,5162,2292,10792,13084,56,1
dontcache,hit,5162,261,538,799,0,1
dontcache,miss,5163,2337,10829,13166,56,1
dontcache,hit,5163,258,528,786,0,1
dontcache,miss,5164,2333,10621,12954,55,1
dontcache,hit,5164,261,535,796,0,1
dontcache,miss,5165,2482,10185,12667,52,1
dontcache,hit,5165,254,532,786,0,1
dontcache,miss,5166,2384,10618,13002,55,1
dontcache,hit,5166,258,535,793,0,1
dontcache,miss,5167,2439,10587,13026,55,1
dontcache,hit,5167,257,552,809,0,1
dontcache,miss,5168,2282,10545,12827,55,1
dontcache,hit,5168,261,536,797,0,1
dontcache,miss,5169,2455,9982,12437,51,1
dontcache,hit,5169,254,544,798,0,1
dontcache,miss,5170,2364,9968,12332,51,1
dontcache,hit,5170,263,535,798,0,1
dontcache,miss,5171,2498,11076,13574,57,1
dontcache,hit,5171,255,525,780,0,1
dontcache,miss,5172,2306,10456,12762,54,1
dontcache,hit,5172,271,546,817,0,1
dontcache,miss,5173,2496,10525,13021,54,1
dontcache,hit,5173,254,529,783,0,1
dontcache,miss,5174,2307,11831,14138,62,1
dontcache,hit,5174,267,531,798,0,1
dontcache,miss,5175,2479,10200,12679,52,1
dontcache,hit,5175,253,540,793,0,1
dontcache,miss,5176,2323,9946,12269,51,1
dontcache,hit,5176,259,541,800,0,1
dontcache,miss,5177,2490,10519,13009,54,1
dontcache,hit,5177,259,531,790,0,1
dontcache,miss,5178,2304,10615,12919,55,1
dontcache,hit,5178,258,534,792,0,1
dontcache,miss,5179,2686,12414,15100,65,1
dontcache,hit,5179,267,605,872,0,1
dontcache,miss,5180,2180,10791,12971,56,1
dontcache,hit,5180,270,557,827,0,1
dontcache,miss,5181,2499,10474,12973,54,1
dontcache,hit,5181,252,550,802,0,1
dontcache,miss,5182,2319,11157,13476,58,1
dontcache,hit,5182,255,552,807,0,1
dontcache,miss,5183,2508,10633,13141,55,1
dontcache,hit,5183,255,553,808,0,1
dontcache,miss,5184,2322,10980,13302,57,1
dontcache,hit,5184,258,551,809,0,1
dontcache,miss,5185,2329,10794,13123,56,1
dontcache,hit,5185,257,551,808,0,1
dontcache,miss,5186,2307,10679,12986,55,1
dontcache,hit,5186,259,574,833,0,1
dontcache,miss,5187,2496,9976,12472,51,1
dontcache,hit,5187,256,548,804,0,1
dontcache,miss,5188,2298,10445,12743,54,1
dontcache,hit,5188,261,563,824,0,1
dontcache,miss,5189,2451,9609,12060,49,1
dontcache,hit,5189,257,549,806,0,1
dontcache,miss,5190,2346,10639,12985,55,1
dontcache,hit,5190,261,547,808,0,1
dontcache,miss,5191,2731,10545,13276,54,1
dontcache,hit,5191,282,693,975,0,1
dontcache,miss,5192,2275,10650,12925,55,1
dontcache,hit,5192,254,566,820,0,1
dontcache,miss,5193,2489,10846,13335,56,1
dontcache,hit,5193,252,540,792,0,1
dontcache,miss,5194,2244,10702,12946,55,1
dontcache,hit,5194,261,545,806,0,1
dontcache,miss,5195,2528,10564,13092,54,1
dontcache,hit,5195,252,538,790,0,1
dontcache,miss,5196,2284,11865,14149,62,1
dontcache,hit,5196,258,537,795,0,1
dontcache,miss,5197,2498,9308,11806,47,1
dontcache,hit,5197,254,527,781,0,1
dontcache,miss,5198,2400,9421,11821,48,1
dontcache,hit,5198,260,559,819,0,1
dontcache,miss,5199,2521,10693,13214,55,1
dontcache,hit,5199,256,544,800,0,1
dontcache,miss,5200,2303,10596,12899,55,1
dontcache,hit,5200,267,538,805,0,1
dontcache,miss,5201,2457,11889,14346,62,1
dontcache,hit,5201,253,533,786,0,1
dontcache,miss,5202,2101,10751,12852,56,1
dontcache,hit,5202,267,540,807,0,1
dontcache,miss,5203,2513,9991,12504,51,1
dontcache,hit,5203,256,522,778,0,1
dontcache,miss,5204,2302,9880,12182,51,1
dontcache,hit,5204,270,535,805,0,1
dontcache,miss,5205,2496,10476,12972,54,1
dontcache,hit,5205,254,527,781,0,1
dontcache,miss,5206,2296,10594,12890,55,1
dontcache,hit,5206,256,548,804,0,1
dontcache,miss,5207,2341,10793,13134,56,1
dontcache,hit,5207,260,534,794,0,1
dontcache,miss,5208,2352,9971,12323,51,1
dontcache,hit,5208,257,546,803,0,1
dontcache,miss,5209,2467,9939,12406,51,1
dontcache,hit,5209,251,531,782,0,1
dontcache,miss,5210,2249,9720,11969,50,1
dontcache,hit,5210,262,532,794,0,1
dontcache,miss,5211,2508,9323,11831,47,1
dontcache,hit,5211,255,526,781,0,1
dontcache,miss,5212,2305,9990,12295,51,1
dontcache,hit,5212,263,734,997,0,1
dontcache,miss,5213,2508,10675,13183,55,1
dontcache,hit,5213,257,555,812,0,1
dontcache,miss,5214,2324,10767,13091,56,1
dontcache,hit,5214,259,550,809,0,1
dontcache,miss,5215,2542,10817,13359,56,1
dontcache,hit,5215,260,544,804,0,1
dontcache,miss,5216,2339,10425,12764,54,1
dontcache,hit,5216,264,546,810,0,1
dontcache,miss,5217,2498,9268,11766,47,1
dontcache,hit,5217,255,548,803,0,1
dontcache,miss,5218,2386,11106,13492,58,1
dontcache,hit,5218,258,542,800,0,1
dontcache,miss,5219,2475,10829,13304,56,1
dontcache,hit,5219,253,549,802,0,1
dontcache,miss,5220,2294,10775,13069,56,1
dontcache,hit,5220,266,550,816,0,1
dontcache,miss,5221,2513,10419,12932,54,1
dontcache,hit,5221,255,551,806,0,1
dontcache,miss,5222,2305,10678,12983,49,1
dontcache,hit,5222,259,1458,1717,0,1
dontcache,miss,5223,2503,13400,15903,71,1
dontcache,hit,5223,257,560,817,0,1
dontcache,miss,5224,2131,10819,12950,56,1
dontcache,hit,5224,266,574,840,0,1
dontcache,miss,5225,2546,11054,13600,57,1
dontcache,hit,5225,254,556,810,0,1
dontcache,miss,5226,2299,10839,13138,56,1
dontcache,hit,5226,262,536,798,0,1
dontcache,miss,5227,2477,10649,13126,55,1
dontcache,hit,5227,254,538,792,0,1
dontcache,miss,5228,2281,10824,13105,56,1
dontcache,hit,5228,259,530,789,0,1
dontcache,miss,5229,2341,10149,12490,52,1
dontcache,hit,5229,253,534,787,0,1
dontcache,miss,5230,2299,9290,11589,47,1
dontcache,hit,5230,268,528,796,0,1
dontcache,miss,5231,2495,10049,12544,51,1
dontcache,hit,5231,254,542,796,0,1
dontcache,miss,5232,2327,10626,12953,55,1
dontcache,hit,5232,268,536,804,0,1
dontcache,miss,5233,2476,10537,13013,54,1
dontcache,hit,5233,247,537,784,0,1
dontcache,miss,5234,2314,10605,12919,55,1
dontcache,hit,5234,258,524,782,0,1
dontcache,miss,5235,2509,10670,13179,55,1
dontcache,hit,5235,254,549,803,0,1
dontcache,miss,5236,2279,10580,12859,55,1
dontcache,hit,5236,260,541,801,0,1
dontcache,miss,5237,2516,10805,13321,55,1
dontcache,hit,5237,263,544,807,0,1
dontcache,miss,5238,2315,10423,12738,54,1
dontcache,hit,5238,264,539,803,0,1
dontcache,miss,5239,2493,9319,11812,47,1
dontcache,hit,5239,255,534,789,0,1
dontcache,miss,5240,2296,11712,14008,61,1
dontcache,hit,5240,269,543,812,0,1
dontcache,miss,5241,2492,10460,12952,54,1
dontcache,hit,5241,261,532,793,0,1
dontcache,miss,5242,2286,10627,12913,55,1
dontcache,hit,5242,256,529,785,0,1
dontcache,miss,5243,2490,10650,13140,55,1
dontcache,hit,5243,270,541,811,0,1
dontcache,miss,5244,2294,10639,12933,55,1
dontcache,hit,5244,267,527,794,0,1
dontcache,miss,5245,2458,15691,18149,69,1
dontcache,hit,5245,256,536,792,0,1
dontcache,miss,5246,2234,10147,12381,52,1
dontcache,hit,5246,262,553,815,0,1
dontcache,miss,5247,2488,10946,13434,57,1
dontcache,hit,5247,261,561,822,0,1
dontcache,miss,5248,2283,10968,13251,57,1
dontcache,hit,5248,257,557,814,0,1
dontcache,miss,5249,2488,10093,12581,52,1
dontcache,hit,5249,264,557,821,0,1
dontcache,miss,5250,2277,10760,13037,56,1
dontcache,hit,5250,260,561,821,0,1
dontcache,miss,5251,2332,10658,12990,55,1
dontcache,hit,5251,261,559,820,0,1
dontcache,miss,5252,2302,9774,12076,50,1
dontcache,hit,5252,259,563,822,0,1
dontcache,miss,5253,2494,10893,13387,56,1
dontcache,hit,5253,262,562,824,0,1
dontcache,miss,5254,2291,10605,12896,55,1
dontcache,hit,5254,269,548,817,0,1
dontcache,miss,5255,2494,10866,13360,56,1
dontcache,hit,5255,258,557,815,0,1
dontcache,miss,5256,2353,10518,12871,54,1
dontcache,hit,5256,294,576,870,0,1
dontcache,miss,5257,5754,7492,13246,34,1
dontcache,hit,5257,294,552,846,0,1
dontcache,miss,5258,2466,10674,13140,52,1
dontcache,hit,5258,275,574,849,0,1
dontcache,miss,5259,2518,10627,13145,55,1
dontcache,hit,5259,262,559,821,0,1
dontcache,miss,5260,2348,10427,12775,54,1
dontcache,hit,5260,255,527,782,0,1
dontcache,miss,5261,2499,9281,11780,47,1
dontcache,hit,5261,255,529,784,0,1
dontcache,miss,5262,2332,11118,13450,58,1
dontcache,hit,5262,251,532,783,0,1
dontcache,miss,5263,2493,10708,13201,55,1
dontcache,hit,5263,254,530,784,0,1
dontcache,miss,5264,2329,10978,13307,57,1
dontcache,hit,5264,263,531,794,0,1
dontcache,miss,5265,2515,9270,11785,47,1
dontcache,hit,5265,268,541,809,0,1
dontcache,miss,5266,2319,9250,11569,47,1
dontcache,hit,5266,258,539,797,0,1
dontcache,miss,5267,2443,11447,13890,59,1
dontcache,hit,5267,257,533,790,0,1
dontcache,miss,5268,2127,10758,12885,56,1
dontcache,hit,5268,266,536,802,0,1
dontcache,miss,5269,2509,10632,13141,55,1
dontcache,hit,5269,258,536,794,0,1
dontcache,miss,5270,2296,9953,12249,51,1
dontcache,hit,5270,261,526,787,0,1
dontcache,miss,5271,2470,10538,13008,54,1
dontcache,hit,5271,252,531,783,0,1
dontcache,miss,5272,2300,10625,12925,55,1
dontcache,hit,5272,266,527,793,0,1
dontcache,miss,5273,2336,10647,12983,55,1
dontcache,hit,5273,254,556,810,0,1
dontcache,miss,5274,2293,10052,12345,52,1
dontcache,hit,5274,258,528,786,0,1
dontcache,miss,5275,2516,10078,12594,51,1
dontcache,hit,5275,254,553,807,0,1
dontcache,miss,5276,2303,10709,13012,55,1
dontcache,hit,5276,267,547,814,0,1
dontcache,miss,5277,2486,10678,13164,55,1
dontcache,hit,5277,254,545,799,0,1
dontcache,miss,5278,2315,10608,12923,55,1
dontcache,hit,5278,258,524,782,0,1
dontcache,miss,5279,2622,10660,13282,55,1
dontcache,hit,5279,259,587,846,0,1
dontcache,miss,5280,2297,10617,12914,55,1
dontcache,hit,5280,269,552,821,0,1
dontcache,miss,5281,2489,10829,13318,56,1
dontcache,hit,5281,257,543,800,0,1
dontcache,miss,5282,2290,10544,12834,55,1
dontcache,hit,5282,261,534,795,0,1
dontcache,miss,5283,2515,10548,13063,54,1
dontcache,hit,5283,258,553,811,0,1
dontcache,miss,5284,2291,11994,14285,63,1
dontcache,hit,5284,261,561,822,0,1
dontcache,miss,5285,2507,10743,13250,55,1
dontcache,hit,5285,262,554,816,0,1
dontcache,miss,5286,2323,10788,13111,56,1
dontcache,hit,5286,261,548,809,0,1
dontcache,miss,5287,2457,10476,12933,54,1
dontcache,hit,5287,257,550,807,0,1
dontcache,miss,5288,2289,10643,12932,55,1
dontcache,hit,5288,270,545,815,0,1
dontcache,miss,5289,2480,13083,15563,69,1
dontcache,hit,5289,261,538,799,0,1
dontcache,miss,5290,2128,9928,12056,51,1
dontcache,hit,5290,259,597,856,0,1
dontcache,miss,5291,4135,11417,15552,59,1
dontcache,hit,5291,258,590,848,0,1
dontcache,miss,5292,2346,10672,13018,55,1
dontcache,hit,5292,257,548,805,0,1
dontcache,miss,5293,2453,10667,13120,55,1
dontcache,hit,5293,264,529,793,0,1
dontcache,miss,5294,2287,10975,13262,57,1
dontcache,hit,5294,265,533,798,0,1
dontcache,miss,5295,2319,10663,12982,55,1
dontcache,hit,5295,256,531,787,0,1
dontcache,miss,5296,2315,10577,12892,55,1
dontcache,hit,5296,258,537,795,0,1
dontcache,miss,5297,2524,9307,11831,47,1
dontcache,hit,5297,266,527,793,0,1
dontcache,miss,5298,2335,9614,11949,49,1
dontcache,hit,5298,256,530,786,0,1
dontcache,miss,5299,2510,10485,12995,54,1
dontcache,hit,5299,254,530,784,0,1
dontcache,miss,5300,2349,10683,13032,55,1
dontcache,hit,5300,266,542,808,0,1
dontcache,miss,5301,2480,9326,11806,47,1
dontcache,hit,5301,258,541,799,0,1
dontcache,miss,5302,2339,9192,11531,47,1
dontcache,hit,5302,262,529,791,0,1
dontcache,miss,5303,2478,10778,13256,55,1
dontcache,hit,5303,255,530,785,0,1
dontcache,miss,5304,2327,10604,12931,55,1
dontcache,hit,5304,259,535,794,0,1
dontcache,miss,5305,2493,10515,13008,54,1
dontcache,hit,5305,256,553,809,0,1
dontcache,miss,5306,2347,11825,14172,62,1
dontcache,hit,5306,263,535,798,0,1
dontcache,miss,5307,2530,9970,12500,51,1
dontcache,hit,5307,255,531,786,0,1
dontcache,miss,5308,2373,9916,12289,51,1
dontcache,hit,5308,269,541,810,0,1
dontcache,miss,5309,2501,10455,12956,54,1
dontcache,hit,5309,260,530,790,0,1
dontcache,miss,5310,2344,10607,12951,55,1
dontcache,hit,5310,262,533,795,0,1
dontcache,miss,5311,2449,11212,13661,58,1
dontcache,hit,5311,257,527,784,0,1
dontcache,miss,5312,2153,14254,16407,61,1
dontcache,hit,5312,267,566,833,0,1
dontcache,miss,5313,2520,10974,13494,57,1
dontcache,hit,5313,255,560,815,0,1
dontcache,miss,5314,2322,10982,13304,57,1
dontcache,hit,5314,267,554,821,0,1
dontcache,miss,5315,2507,10594,13101,55,1
dontcache,hit,5315,263,555,818,0,1
dontcache,miss,5316,2300,10821,13121,56,1
dontcache,hit,5316,258,569,827,0,1
dontcache,miss,5317,2326,11023,13349,57,1
dontcache,hit,5317,400,618,1018,0,1
dontcache,miss,5318,2310,10271,12581,53,1
dontcache,hit,5318,260,559,819,0,1
dontcache,miss,5319,2525,10262,12787,53,1
dontcache,hit,5319,257,549,806,0,1
dontcache,miss,5320,2319,10812,13131,56,1
dontcache,hit,5320,261,559,820,0,1
dontcache,miss,5321,2487,10838,13325,56,1
dontcache,hit,5321,253,547,800,0,1
dontcache,miss,5322,2359,10601,12960,55,1
dontcache,hit,5322,257,555,812,0,1
dontcache,miss,5323,2527,11408,13935,34,1
dontcache,hit,5323,260,551,811,0,1
dontcache,miss,5324,2519,18413,20932,93,1
dontcache,hit,5324,257,1467,1724,0,1
dontcache,miss,5325,2472,10547,13019,54,1
dontcache,hit,5325,262,572,834,0,1
dontcache,miss,5326,2366,10819,13185,56,1
dontcache,hit,5326,255,548,803,0,1
dontcache,miss,5327,2522,10642,13164,55,1
dontcache,hit,5327,253,534,787,0,1
dontcache,miss,5328,2356,12573,14929,66,1
dontcache,hit,5328,268,545,813,0,1
dontcache,miss,5329,2530,9318,11848,47,1
dontcache,hit,5329,256,535,791,0,1
dontcache,miss,5330,2354,9182,11536,47,1
dontcache,hit,5330,257,558,815,0,1
dontcache,miss,5331,2545,10514,13059,54,1
dontcache,hit,5331,253,535,788,0,1
dontcache,miss,5332,2304,10639,12943,55,1
dontcache,hit,5332,264,539,803,0,1
dontcache,miss,5333,2519,11760,14279,61,1
dontcache,hit,5333,255,537,792,0,1
dontcache,miss,5334,2162,10120,12282,52,1
dontcache,hit,5334,258,548,806,0,1
dontcache,miss,5335,2503,9142,11645,46,1
dontcache,hit,5335,255,539,794,0,1
dontcache,miss,5336,2341,9985,12326,51,1
dontcache,hit,5336,257,557,814,0,1
dontcache,miss,5337,2470,10454,12924,54,1
dontcache,hit,5337,255,548,803,0,1
dontcache,miss,5338,2302,10655,12957,55,1
dontcache,hit,5338,260,539,799,0,1
dontcache,miss,5339,2319,10845,13164,56,1
dontcache,hit,5339,257,532,789,0,1
dontcache,miss,5340,2261,10443,12704,54,1
dontcache,hit,5340,257,530,787,0,1
dontcache,miss,5341,2510,9427,11937,47,1
dontcache,hit,5341,258,534,792,0,1
dontcache,miss,5342,2457,9658,12115,27,1
dontcache,hit,5342,322,785,1107,0,1
dontcache,miss,5343,2513,10701,13214,55,1
dontcache,hit,5343,290,598,888,0,1
dontcache,miss,5344,2268,10655,12923,55,1
dontcache,hit,5344,270,621,891,0,1
dontcache,miss,5345,2510,10722,13232,55,1
dontcache,hit,5345,287,556,843,0,1
dontcache,miss,5346,2321,10543,12864,54,1
dontcache,hit,5346,271,577,848,0,1
dontcache,miss,5347,2542,10834,13376,56,1
dontcache,hit,5347,266,558,824,0,1
dontcache,miss,5348,2298,11197,13495,58,1
dontcache,hit,5348,264,580,844,0,1
dontcache,miss,5349,2481,10830,13311,56,1
dontcache,hit,5349,265,568,833,0,1
dontcache,miss,5350,2296,12545,14841,66,1
dontcache,hit,5350,279,570,849,0,1
dontcache,miss,5351,2548,9993,12541,51,1
dontcache,hit,5351,263,556,819,0,1
dontcache,miss,5352,2297,10793,13090,56,1
dontcache,hit,5352,273,569,842,0,1
dontcache,miss,5353,2505,10814,13319,56,1
dontcache,hit,5353,264,564,828,0,1
dontcache,miss,5354,2341,11081,13422,57,1
dontcache,hit,5354,260,562,822,0,1
dontcache,miss,5355,2513,11498,14011,60,1
dontcache,hit,5355,264,584,848,0,1
dontcache,miss,5356,2187,10780,12967,56,1
dontcache,hit,5356,282,661,943,0,1
dontcache,miss,5357,2554,10806,13360,56,1
dontcache,hit,5357,270,573,843,0,1
dontcache,miss,5358,2388,10015,12403,51,1
dontcache,hit,5358,273,564,837,0,1
dontcache,miss,5359,2480,10847,13327,56,1
dontcache,hit,5359,277,543,820,0,1
dontcache,miss,5360,2282,11592,13874,59,1
dontcache,hit,5360,550,546,1096,0,1
dontcache,miss,5361,4043,14932,18975,77,1
dontcache,hit,5361,260,1972,2232,0,1
dontcache,miss,5362,4028,16822,20850,87,1
dontcache,hit,5362,1697,676,2373,0,1
dontcache,miss,5363,2649,13107,15756,69,1
dontcache,hit,5363,266,540,806,0,1
dontcache,miss,5364,2509,11691,14200,61,1
dontcache,hit,5364,286,576,862,0,1
dontcache,miss,5365,2517,11544,14061,57,1
dontcache,hit,5365,280,738,1018,0,1
dontcache,miss,5366,2483,12538,15021,61,1
dontcache,hit,5366,261,612,873,0,1
dontcache,miss,5367,3409,12010,15419,62,1
dontcache,hit,5367,690,1236,1926,0,1
dontcache,miss,5368,3343,17202,20545,93,1
dontcache,hit,5368,278,551,829,0,1
dontcache,miss,5369,2538,12500,15038,66,1
dontcache,hit,5369,265,777,1042,0,1
dontcache,miss,5370,2799,12555,15354,66,1
dontcache,hit,5370,290,544,834,0,1
dontcache,miss,5371,2886,11213,14099,58,1
dontcache,hit,5371,550,541,1091,0,1
dontcache,miss,5372,2354,13562,15916,72,1
dontcache,hit,5372,264,543,807,0,1
dontcache,miss,5373,2806,22073,24879,97,1
dontcache,hit,5373,257,740,997,0,1
dontcache,miss,5374,2665,13649,16314,70,1
dontcache,hit,5374,274,568,842,0,1
dontcache,miss,5375,3024,12091,15115,63,1
dontcache,hit,5375,270,700,970,0,1
dontcache,miss,5376,3245,11680,14925,61,1
dontcache,hit,5376,280,553,833,0,1
dontcache,miss,5377,2532,13942,16474,73,1
dontcache,hit,5377,271,554,825,0,1
dontcache,miss,5378,2681,11036,13717,57,1
dontcache,hit,5378,265,855,1120,0,1
dontcache,miss,5379,2598,11358,13956,59,1
dontcache,hit,5379,268,639,907,0,1
dontcache,miss,5380,2293,12218,14511,64,1
dontcache,hit,5380,272,554,826,0,1
dontcache,miss,5381,2791,12165,14956,63,1
dontcache,hit,5381,275,1514,1789,0,1
dontcache,miss,5382,2436,10997,13433,57,1
dontcache,hit,5382,268,555,823,0,1
dontcache,miss,5383,2387,12219,14606,61,1
dontcache,hit,5383,269,540,809,0,1
dontcache,miss,5384,2658,10600,13258,35,1
dontcache,hit,5384,272,565,837,0,1
dontcache,miss,5385,2499,14390,16889,76,1
dontcache,hit,5385,281,565,846,0,1
dontcache,miss,5386,2133,11730,13863,61,1
dontcache,hit,5386,268,540,808,0,1
dontcache,miss,5387,2574,14834,17408,79,1
dontcache,hit,5387,263,555,818,0,1
dontcache,miss,5388,3327,12577,15904,66,1
dontcache,hit,5388,262,530,792,0,1
dontcache,miss,5389,2452,10711,13163,55,1
dontcache,hit,5389,260,534,794,0,1
dontcache,miss,5390,2295,11300,13595,59,1
dontcache,hit,5390,267,759,1026,0,1
dontcache,miss,5391,2419,11576,13995,60,1
dontcache,hit,5391,261,534,795,0,1
dontcache,miss,5392,2398,11339,13737,59,1
dontcache,hit,5392,279,535,814,0,1
dontcache,miss,5393,2536,11316,13852,57,1
dontcache,hit,5393,264,534,798,0,1
dontcache,miss,5394,2512,14096,16608,75,1
dontcache,hit,5394,283,562,845,0,1
dontcache,miss,5395,2557,11739,14296,61,1
dontcache,hit,5395,265,542,807,0,1
dontcache,miss,5396,2542,9922,12464,49,1
dontcache,hit,5396,270,542,812,0,1
dontcache,miss,5397,2510,13006,15516,68,1
dontcache,hit,5397,265,542,807,0,1
dontcache,miss,5398,2327,12877,15204,68,1
dontcache,hit,5398,266,525,791,0,1
dontcache,miss,5399,2483,13062,15545,69,1
dontcache,hit,5399,265,552,817,0,1
dontcache,miss,5400,2289,13442,15731,69,1
dontcache,hit,5400,269,525,794,0,1
dontcache,miss,5401,2479,12843,15322,60,1
dontcache,hit,5401,285,786,1071,0,1
dontcache,miss,5402,2563,15695,18258,84,1
dontcache,hit,5402,426,698,1124,0,1
dontcache,miss,5403,2810,14192,17002,75,1
dontcache,hit,5403,269,833,1102,0,1
dontcache,miss,5404,2346,17967,20313,92,1
dontcache,hit,5404,269,560,829,0,1
dontcache,miss,5405,2354,11887,14241,62,1
dontcache,hit,5405,266,556,822,0,1
dontcache,miss,5406,2323,12117,14440,63,1
dontcache,hit,5406,266,561,827,0,1
dontcache,miss,5407,2514,18460,20974,100,1
dontcache,hit,5407,272,562,834,0,1
dontcache,miss,5408,2658,11110,13768,57,1
dontcache,hit,5408,273,568,841,0,1
dontcache,miss,5409,2729,16390,19119,88,1
dontcache,hit,5409,266,555,821,0,1
dontcache,miss,5410,3172,11832,15004,62,1
dontcache,hit,5410,272,1053,1325,0,1
dontcache,miss,5411,3272,12195,15467,58,1
dontcache,hit,5411,261,559,820,0,1
dontcache,miss,5412,2782,12212,14994,62,1
dontcache,hit,5412,262,657,919,0,1
dontcache,miss,5413,2327,12582,14909,66,1
dontcache,hit,5413,264,893,1157,0,1
dontcache,miss,5414,2339,12277,14616,64,1
dontcache,hit,5414,276,855,1131,0,1
dontcache,miss,5415,2381,11147,13528,58,1
dontcache,hit,5415,264,559,823,0,1
dontcache,miss,5416,2418,12433,14851,65,1
dontcache,hit,5416,271,648,919,0,1
dontcache,miss,5417,2528,13240,15768,67,1
dontcache,hit,5417,275,542,817,0,1
dontcache,miss,5418,2575,12147,14722,63,1
dontcache,hit,5418,282,537,819,0,1
dontcache,miss,5419,3667,13810,17477,73,1
dontcache,hit,5419,265,545,810,0,1
dontcache,miss,5420,2570,11715,14285,58,1
dontcache,hit,5420,278,653,931,0,1
dontcache,miss,5421,2641,56804,59445,320,1
dontcache,hit,5421,267,539,806,0,1
dontcache,miss,5422,2406,13682,16088,72,1
dontcache,hit,5422,472,1094,1566,0,1
dontcache,miss,5423,2722,13556,16278,71,1
dontcache,hit,5423,296,658,954,0,1
dontcache,miss,5424,2280,18704,20984,101,1
dontcache,hit,5424,262,577,839,0,1
dontcache,miss,5425,2611,14080,16691,75,1
dontcache,hit,5425,277,556,833,0,1
dontcache,miss,5426,2314,14886,17200,79,1
dontcache,hit,5426,269,652,921,0,1
dontcache,miss,5427,2487,11434,13921,60,1
dontcache,hit,5427,266,626,892,0,1
dontcache,miss,5428,2320,10748,13068,56,1
dontcache,hit,5428,349,766,1115,0,1
dontcache,miss,5429,2577,23501,26078,131,1
dontcache,hit,5429,273,595,868,0,1
dontcache,miss,5430,2160,11168,13328,59,1
dontcache,hit,5430,279,561,840,0,1
dontcache,miss,5431,2514,11627,14141,61,1
dontcache,hit,5431,272,554,826,0,1
dontcache,miss,5432,2308,10369,12677,54,1
dontcache,hit,5432,268,544,812,0,1
dontcache,miss,5433,2471,10716,13187,56,1
dontcache,hit,5433,261,560,821,0,1
dontcache,miss,5434,2333,10829,13162,57,1
dontcache,hit,5434,264,557,821,0,1
dontcache,miss,5435,2525,11351,13876,60,1
dontcache,hit,5435,258,581,839,0,1
dontcache,miss,5436,2222,11020,13242,58,1
dontcache,hit,5436,271,680,951,0,1
dontcache,miss,5437,2636,10841,13477,57,1
dontcache,hit,5437,258,569,827,0,1
dontcache,miss,5438,2617,51176,53793,270,1
dontcache,hit,5438,275,576,851,0,1
dontcache,miss,5439,2494,10742,13236,55,1
dontcache,hit,5439,337,566,903,0,1
dontcache,miss,5440,2374,11410,13784,58,1
dontcache,hit,5440,266,540,806,0,1
dontcache,miss,5441,2407,10951,13358,58,1
dontcache,hit,5441,261,540,801,0,1
dontcache,miss,5442,2452,11743,14195,61,1
dontcache,hit,5442,266,625,891,0,1
dontcache,miss,5443,2643,16767,19410,90,1
dontcache,hit,5443,259,1217,1476,0,1
dontcache,miss,5444,3464,33865,37329,170,1
dontcache,hit,5444,1101,1750,2851,0,1
dontcache,miss,5445,4202,12393,16595,39,1
dontcache,hit,5445,557,1035,1592,0,1
dontcache,miss,5446,3755,19344,23099,67,1
dontcache,hit,5446,325,899,1224,0,1
dontcache,miss,5447,2958,14201,17159,74,1
dontcache,hit,5447,263,632,895,0,1
dontcache,miss,5448,2594,17674,20268,58,1
dontcache,hit,5448,341,724,1065,0,1
dontcache,miss,5449,2630,14177,16807,56,1
dontcache,hit,5449,256,671,927,0,1
dontcache,miss,5450,3543,11399,14942,35,1
dontcache,hit,5450,333,835,1168,0,1
dontcache,miss,5451,2510,12121,14631,64,1
dontcache,hit,5451,267,591,858,0,1
dontcache,miss,5452,2255,10898,13153,57,1
dontcache,hit,5452,255,559,814,0,1
dontcache,miss,5453,2514,14246,16760,54,1
dontcache,hit,5453,253,564,817,0,1
dontcache,miss,5454,2522,13262,15784,47,1
dontcache,hit,5454,265,635,900,0,1
dontcache,miss,5455,2487,10719,13206,56,1
dontcache,hit,5455,256,588,844,0,1
dontcache,miss,5456,2304,10639,12943,56,1
dontcache,hit,5456,257,573,830,0,1
dontcache,miss,5457,2269,11252,13521,59,1
dontcache,hit,5457,253,568,821,0,1
dontcache,miss,5458,2327,11196,13523,59,1
dontcache,hit,5458,257,561,818,0,1
dontcache,miss,5459,2779,10970,13749,57,1
dontcache,hit,5459,338,801,1139,0,1
dontcache,miss,5460,2372,46649,49021,267,1
dontcache,hit,5460,262,629,891,0,1
dontcache,miss,5461,2866,10800,13666,56,1
dontcache,hit,5461,283,636,919,0,1
dontcache,miss,5462,2356,11022,13378,58,1
dontcache,hit,5462,267,586,853,0,1
dontcache,miss,5463,2443,10920,13363,57,1
dontcache,hit,5463,262,562,824,0,1
dontcache,miss,5464,2302,11215,13517,59,1
dontcache,hit,5464,327,805,1132,0,1
dontcache,miss,5465,2554,11077,13631,58,1
dontcache,hit,5465,270,685,955,0,1
dontcache,miss,5466,2335,10750,13085,57,1
dontcache,hit,5466,262,590,852,0,1
dontcache,miss,5467,2534,10791,13325,56,1
dontcache,hit,5467,265,569,834,0,1
dontcache,miss,5468,2350,12014,14364,64,1
dontcache,hit,5468,257,569,826,0,1
dontcache,miss,5469,2521,11085,13606,58,1
dontcache,hit,5469,259,555,814,0,1
dontcache,miss,5470,2363,12666,15029,43,1
dontcache,hit,5470,259,641,900,0,1
dontcache,miss,5471,2482,10730,13212,56,1
dontcache,hit,5471,250,577,827,0,1
dontcache,miss,5472,2303,10665,12968,56,1
dontcache,hit,5472,256,564,820,0,1
dontcache,miss,5473,2531,11350,13881,60,1
dontcache,hit,5473,252,584,836,0,1
dontcache,miss,5474,2343,11758,14101,61,1
dontcache,hit,5474,387,565,952,0,1
dontcache,miss,5475,2505,13117,15622,47,1
dontcache,hit,5475,250,554,804,0,1
dontcache,miss,5476,2511,10997,13508,58,1
dontcache,hit,5476,256,619,875,0,1
dontcache,miss,5477,2488,10728,13216,56,1
dontcache,hit,5477,254,639,893,0,1
dontcache,miss,5478,2372,10670,13042,56,1
dontcache,hit,5478,260,545,805,0,1
dontcache,miss,5479,2479,12653,15132,59,1
dontcache,hit,5479,258,556,814,0,1
dontcache,miss,5480,3392,11168,14560,31,1
dontcache,hit,5480,455,870,1325,0,1
dontcache,miss,5481,3931,11679,15610,32,1
dontcache,hit,5481,481,986,1467,0,1
dontcache,miss,5482,3448,11497,14945,32,1
dontcache,hit,5482,453,837,1290,0,1
dontcache,miss,5483,3575,11284,14859,31,1
dontcache,hit,5483,421,848,1269,0,1
dontcache,miss,5484,3464,11416,14880,32,1
dontcache,hit,5484,466,864,1330,0,1
dontcache,miss,5485,3592,11175,14767,31,1
dontcache,hit,5485,434,875,1309,0,1
dontcache,miss,5486,3511,11205,14716,31,1
dontcache,hit,5486,454,863,1317,0,1
dontcache,miss,5487,3573,10916,14489,30,1
dontcache,hit,5487,449,853,1302,0,1
dontcache,miss,5488,3508,11234,14742,31,1
dontcache,hit,5488,422,835,1257,0,1
dontcache,miss,5489,3658,11591,15249,32,1
dontcache,hit,5489,431,857,1288,0,1
dontcache,miss,5490,3531,11011,14542,30,1
dontcache,hit,5490,458,855,1313,0,1
dontcache,miss,5491,3630,11254,14884,31,1
dontcache,hit,5491,457,898,1355,0,1
dontcache,miss,5492,3461,11212,14673,31,1
dontcache,hit,5492,423,871,1294,0,1
dontcache,miss,5493,3602,11313,14915,31,1
dontcache,hit,5493,439,859,1298,0,1
dontcache,miss,5494,3460,10992,14452,30,1
dontcache,hit,5494,498,856,1354,0,1
dontcache,miss,5495,3590,10947,14537,30,1
dontcache,hit,5495,446,867,1313,0,1
dontcache,miss,5496,3462,11544,15006,32,1
dontcache,hit,5496,431,857,1288,0,1
dontcache,miss,5497,3584,10970,14554,30,1
dontcache,hit,5497,421,850,1271,0,1
dontcache,miss,5498,3492,11153,14645,31,1
dontcache,hit,5498,449,852,1301,0,1
dontcache,miss,5499,3624,10221,13845,28,1
dontcache,hit,5499,438,858,1296,0,1
dontcache,miss,5500,3484,11829,15313,33,1
dontcache,hit,5500,444,879,1323,0,1
dontcache,miss,5501,3608,11293,14901,31,1
dontcache,hit,5501,427,837,1264,0,1
dontcache,miss,5502,3432,11197,14629,38,1
dontcache,hit,5502,271,854,1125,0,1
dontcache,miss,5503,3098,11469,14567,58,1
dontcache,hit,5503,659,1414,2073,0,1
dontcache,miss,5504,2391,15318,17709,79,1
dontcache,hit,5504,376,690,1066,0,1
dontcache,miss,5505,2863,10644,13507,55,1
dontcache,hit,5505,263,843,1106,0,1
dontcache,miss,5506,2283,11302,13585,59,1
dontcache,hit,5506,257,561,818,0,1
dontcache,miss,5507,2521,11230,13751,59,1
dontcache,hit,5507,264,554,818,0,1
dontcache,miss,5508,2507,11091,13598,58,1
dontcache,hit,5508,417,933,1350,0,1
dontcache,miss,5509,2760,15011,17771,79,1
dontcache,hit,5509,278,669,947,0,1
dontcache,miss,5510,2344,10870,13214,57,1
dontcache,hit,5510,266,571,837,0,1
dontcache,miss,5511,2569,11252,13821,59,1
dontcache,hit,5511,266,686,952,0,1
dontcache,miss,5512,2418,11335,13753,60,1
dontcache,hit,5512,258,566,824,0,1
dontcache,miss,5513,2514,11257,13771,59,1
dontcache,hit,5513,254,582,836,0,1
dontcache,miss,5514,2331,15750,18081,57,1
dontcache,hit,5514,254,652,906,0,1
dontcache,miss,5515,2488,10665,13153,56,1
dontcache,hit,5515,252,583,835,0,1
dontcache,miss,5516,2357,10868,13225,57,1
dontcache,hit,5516,254,575,829,0,1
dontcache,miss,5517,2490,11734,14224,62,1
dontcache,hit,5517,254,578,832,0,1
dontcache,miss,5518,2313,11126,13439,59,1
dontcache,hit,5518,264,567,831,0,1
dontcache,miss,5519,2485,16068,18553,32,1
dontcache,hit,5519,260,570,830,0,1
dontcache,miss,5520,2862,10640,13502,56,1
dontcache,hit,5520,258,646,904,0,1
dontcache,miss,5521,2497,10686,13183,56,1
dontcache,hit,5521,260,570,830,0,1
dontcache,miss,5522,2275,10576,12851,56,1
dontcache,hit,5522,255,560,815,0,1
dontcache,miss,5523,2522,10903,13425,57,1
dontcache,hit,5523,261,564,825,0,1
dontcache,miss,5524,2347,11021,13368,58,1
dontcache,hit,5524,262,555,817,0,1
dontcache,miss,5525,2905,12252,15157,65,1
dontcache,hit,5525,390,847,1237,0,1
dontcache,miss,5526,2345,14157,16502,76,1
dontcache,hit,5526,258,630,888,0,1
dontcache,miss,5527,2496,15171,17667,82,1
dontcache,hit,5527,264,713,977,0,1
dontcache,miss,5528,3505,12693,16198,40,1
dontcache,hit,5528,447,1093,1540,0,1
dontcache,miss,5529,3511,12408,15919,59,1
dontcache,hit,5529,383,2878,3261,0,1
dontcache,miss,5530,2368,10637,13005,56,1
dontcache,hit,5530,335,819,1154,0,1
dontcache,miss,5531,2593,10918,13511,57,1
dontcache,hit,5531,269,602,871,0,1
dontcache,miss,5532,2310,10917,13227,58,1
dontcache,hit,5532,254,575,829,0,1
dontcache,miss,5533,2538,10722,13260,56,1
dontcache,hit,5533,260,570,830,0,1
dontcache,miss,5534,2337,11238,13575,59,1
dontcache,hit,5534,262,553,815,0,1
dontcache,miss,5535,2551,10790,13341,56,1
dontcache,hit,5535,256,543,799,0,1
dontcache,miss,5536,2376,12755,15131,44,1
dontcache,hit,5536,266,639,905,0,1
dontcache,miss,5537,2487,10564,13051,55,1
dontcache,hit,5537,253,570,823,0,1
dontcache,miss,5538,2399,10640,13039,56,1
dontcache,hit,5538,343,762,1105,0,1
dontcache,miss,5539,2493,11081,13574,58,1
dontcache,hit,5539,262,589,851,0,1
dontcache,miss,5540,2288,11062,13350,58,1
dontcache,hit,5540,257,583,840,0,1
dontcache,miss,5541,2543,13287,15830,48,1
dontcache,hit,5541,255,579,834,0,1
dontcache,miss,5542,2448,10927,13375,57,1
dontcache,hit,5542,268,636,904,0,1
dontcache,miss,5543,2546,10717,13263,56,1
dontcache,hit,5543,255,608,863,0,1
dontcache,miss,5544,2386,10713,13099,56,1
dontcache,hit,5544,256,576,832,0,1
dontcache,miss,5545,3703,12627,16330,63,1
dontcache,hit,5545,254,572,826,0,1
dontcache,miss,5546,3433,14780,18213,77,1
dontcache,hit,5546,261,1979,2240,0,1
dontcache,miss,5547,5837,19895,25732,102,1
dontcache,hit,5547,657,2624,3281,0,1
dontcache,miss,5548,2366,18186,20552,58,1
dontcache,hit,5548,257,907,1164,0,1
dontcache,miss,5549,2576,18655,21231,101,1
dontcache,hit,5549,264,604,868,0,1
dontcache,miss,5550,2679,14259,16938,77,1
dontcache,hit,5550,261,884,1145,0,1
dontcache,miss,5551,3805,13101,16906,69,1
dontcache,hit,5551,259,565,824,0,1
dontcache,miss,5552,2670,13482,16152,65,1
dontcache,hit,5552,319,1048,1367,0,1
dontcache,miss,5553,2911,11925,14836,56,1
dontcache,hit,5553,260,601,861,0,1
dontcache,miss,5554,2356,11280,13636,59,1
dontcache,hit,5554,263,559,822,0,1
dontcache,miss,5555,2521,15240,17761,83,1
dontcache,hit,5555,257,554,811,0,1
dontcache,miss,5556,2349,12742,15091,68,1
dontcache,hit,5556,258,549,807,0,1
dontcache,miss,5557,2659,11846,14505,63,1
dontcache,hit,5557,257,544,801,0,1
dontcache,miss,5558,2798,15601,18399,54,1
dontcache,hit,5558,260,633,893,0,1
dontcache,miss,5559,2510,10552,13062,55,1
dontcache,hit,5559,258,568,826,0,1
dontcache,miss,5560,2371,11313,13684,60,1
dontcache,hit,5560,259,548,807,0,1
dontcache,miss,5561,2532,10919,13451,57,1
dontcache,hit,5561,254,551,805,0,1
dontcache,miss,5562,2305,12313,14618,64,1
dontcache,hit,5562,258,561,819,0,1
dontcache,miss,5563,2508,13528,16036,47,1
dontcache,hit,5563,258,557,815,0,1
dontcache,miss,5564,2863,11632,14495,61,1
dontcache,hit,5564,263,612,875,0,1
dontcache,miss,5565,3034,12670,15704,65,1
dontcache,hit,5565,353,700,1053,0,1
dontcache,miss,5566,2556,20691,23247,114,1
dontcache,hit,5566,257,586,843,0,1
dontcache,miss,5567,3680,13532,17212,71,1
dontcache,hit,5567,253,575,828,0,1
dontcache,miss,5568,2500,13222,15722,71,1
dontcache,hit,5568,254,562,816,0,1
dontcache,miss,5569,2935,10881,13816,57,1
dontcache,hit,5569,524,809,1333,0,1
dontcache,miss,5570,2394,12049,14443,64,1
dontcache,hit,5570,259,579,838,0,1
dontcache,miss,5571,2783,13758,16541,74,1
dontcache,hit,5571,259,733,992,0,1
dontcache,miss,5572,2478,16333,18811,88,1
dontcache,hit,5572,265,951,1216,0,1
dontcache,miss,5573,2624,15767,18391,84,1
dontcache,hit,5573,264,588,852,0,1
dontcache,miss,5574,3046,30162,33208,140,1
dontcache,hit,5574,319,867,1186,0,1
dontcache,miss,5575,2716,18725,21441,99,1
dontcache,hit,5575,263,619,882,0,1
dontcache,miss,5576,2148,11387,13535,60,1
dontcache,hit,5576,255,555,810,0,1
dontcache,miss,5577,2621,17216,19837,94,1
dontcache,hit,5577,260,538,798,0,1
dontcache,miss,5578,2394,14082,16476,73,1
dontcache,hit,5578,255,550,805,0,1
dontcache,miss,5579,2660,16699,19359,91,1
dontcache,hit,5579,252,548,800,0,1
dontcache,miss,5580,2503,15327,17830,57,1
dontcache,hit,5580,266,611,877,0,1
dontcache,miss,5581,3173,21621,24794,120,1
dontcache,hit,5581,261,582,843,0,1
dontcache,miss,5582,2320,23096,25416,129,1
dontcache,hit,5582,255,534,789,0,1
dontcache,miss,5583,2740,20205,22945,111,1
dontcache,hit,5583,262,529,791,0,1
dontcache,miss,5584,2328,15190,17518,83,1
dontcache,hit,5584,267,537,804,0,1
dontcache,miss,5585,3192,21031,24223,95,1
dontcache,hit,5585,252,542,794,0,1
dontcache,miss,5586,2579,18682,21261,97,1
dontcache,hit,5586,277,619,896,0,1
dontcache,miss,5587,2532,17577,20109,96,1
dontcache,hit,5587,255,559,814,0,1
dontcache,miss,5588,2227,17915,20142,70,1
dontcache,hit,5588,268,619,887,0,1
dontcache,miss,5589,2831,17503,20334,96,1
dontcache,hit,5589,259,574,833,0,1
dontcache,miss,5590,2249,15201,17450,80,1
dontcache,hit,5590,261,988,1249,0,1
dontcache,miss,5591,3082,16709,19791,90,1
dontcache,hit,5591,317,786,1103,0,1
dontcache,miss,5592,2321,16412,18733,90,1
dontcache,hit,5592,260,610,870,0,1
dontcache,miss,5593,2835,18641,21476,103,1
dontcache,hit,5593,256,600,856,0,1
dontcache,miss,5594,3205,16555,19760,88,1
dontcache,hit,5594,262,681,943,0,1
dontcache,miss,5595,2534,18332,20866,101,1
dontcache,hit,5595,266,1075,1341,0,1
dontcache,miss,5596,2806,14156,16962,36,1
dontcache,hit,5596,328,832,1160,0,1
dontcache,miss,5597,3216,18828,22044,104,1
dontcache,hit,5597,263,588,851,0,1
dontcache,miss,5598,2154,15740,17894,86,1
dontcache,hit,5598,484,689,1173,0,1
dontcache,miss,5599,3054,16606,19660,91,1
dontcache,hit,5599,259,1093,1352,0,1
dontcache,miss,5600,2990,12995,15985,70,1
dontcache,hit,5600,266,564,830,0,1
dontcache,miss,5601,2549,14186,16735,76,1
dontcache,hit,5601,315,562,877,0,1
dontcache,miss,5602,2278,15103,17381,57,1
dontcache,hit,5602,264,640,904,0,1
dontcache,miss,5603,2507,14093,16600,76,1
dontcache,hit,5603,260,577,837,0,1
dontcache,miss,5604,2458,13268,15726,71,1
dontcache,hit,5604,257,566,823,0,1
dontcache,miss,5605,2506,15227,17733,82,1
dontcache,hit,5605,253,560,813,0,1
dontcache,miss,5606,2525,15281,17806,83,1
dontcache,hit,5606,272,556,828,0,1
dontcache,miss,5607,2519,16397,18916,65,1
dontcache,hit,5607,250,543,793,0,1
dontcache,miss,5608,2485,15459,17944,84,1
dontcache,hit,5608,261,642,903,0,1
dontcache,miss,5609,2537,13048,15585,70,1
dontcache,hit,5609,252,571,823,0,1
dontcache,miss,5610,2507,13153,15660,71,1
dontcache,hit,5610,258,573,831,0,1
dontcache,miss,5611,2573,13312,15885,71,1
dontcache,hit,5611,257,576,833,0,1
dontcache,miss,5612,3466,17441,20907,61,1
dontcache,hit,5612,276,647,923,0,1
dontcache,miss,5613,2835,15481,18316,84,1
dontcache,hit,5613,323,800,1123,0,1
dontcache,miss,5614,2394,13573,15967,72,1
dontcache,hit,5614,259,630,889,0,1
dontcache,miss,5615,2567,18303,20870,101,1
dontcache,hit,5615,257,761,1018,0,1
dontcache,miss,5616,2514,13772,16286,74,1
dontcache,hit,5616,258,568,826,0,1
dontcache,miss,5617,2626,13753,16379,74,1
dontcache,hit,5617,267,550,817,0,1
dontcache,miss,5618,2428,16399,18827,90,1
dontcache,hit,5618,312,835,1147,0,1
dontcache,miss,5619,2555,11248,13803,59,1
dontcache,hit,5619,266,632,898,0,1
dontcache,miss,5620,2271,10702,12973,56,1
dontcache,hit,5620,256,654,910,0,1
dontcache,miss,5621,2714,11022,13736,30,1
dontcache,hit,5621,259,593,852,0,1
dontcache,miss,5622,2465,11774,14239,62,1
dontcache,hit,5622,256,600,856,0,1
dontcache,miss,5623,2547,12970,15517,69,1
dontcache,hit,5623,250,584,834,0,1
dontcache,miss,5624,2251,13004,15255,44,1
dontcache,hit,5624,268,642,910,0,1
dontcache,miss,5625,3039,10910,13949,57,1
dontcache,hit,5625,256,643,899,0,1
dontcache,miss,5626,2356,10846,13202,57,1
dontcache,hit,5626,255,556,811,0,1
dontcache,miss,5627,2835,11210,14045,59,1
dontcache,hit,5627,257,550,807,0,1
dontcache,miss,5628,2377,11502,13879,61,1
dontcache,hit,5628,254,729,983,0,1
dontcache,miss,5629,2539,12246,14785,41,1
dontcache,hit,5629,346,542,888,0,1
dontcache,miss,5630,2552,11603,14155,61,1
dontcache,hit,5630,263,681,944,0,1
dontcache,miss,5631,2752,10967,13719,52,1
dontcache,hit,5631,251,2169,2420,0,1
dontcache,miss,5632,2408,10769,13177,57,1
dontcache,hit,5632,252,620,872,0,1
dontcache,miss,5633,2532,11081,13613,57,1
dontcache,hit,5633,254,550,804,0,1
dontcache,miss,5634,2371,10990,13361,58,1
dontcache,hit,5634,258,602,860,0,1
dontcache,miss,5635,2812,14134,16946,76,1
dontcache,hit,5635,315,802,1117,0,1
dontcache,miss,5636,2331,10707,13038,56,1
dontcache,hit,5636,262,587,849,0,1
dontcache,miss,5637,2525,10696,13221,56,1
dontcache,hit,5637,260,563,823,0,1
dontcache,miss,5638,2337,10865,13202,57,1
dontcache,hit,5638,259,547,806,0,1
dontcache,miss,5639,2520,10535,13055,55,1
dontcache,hit,5639,258,565,823,0,1
dontcache,miss,5640,2339,11050,13389,58,1
dontcache,hit,5640,300,789,1089,0,1
dontcache,miss,5641,3018,11098,14116,58,1
dontcache,hit,5641,310,778,1088,0,1
dontcache,miss,5642,2350,10683,13033,56,1
dontcache,hit,5642,264,580,844,0,1
dontcache,miss,5643,2484,10720,13204,56,1
dontcache,hit,5643,262,580,842,0,1
dontcache,miss,5644,2312,10998,13310,58,1
dontcache,hit,5644,256,573,829,0,1
dontcache,miss,5645,2491,11407,13898,60,1
dontcache,hit,5645,260,591,851,0,1
dontcache,miss,5646,2361,14566,16927,54,1
dontcache,hit,5646,265,774,1039,0,1
dontcache,miss,5647,2567,10754,13321,56,1
dontcache,hit,5647,253,587,840,0,1
dontcache,miss,5648,2371,10666,13037,56,1
dontcache,hit,5648,253,583,836,0,1
dontcache,miss,5649,2574,10754,13328,56,1
dontcache,hit,5649,255,580,835,0,1
dontcache,miss,5650,2370,11223,13593,59,1
dontcache,hit,5650,256,566,822,0,1
dontcache,miss,5651,2547,13473,16020,45,1
dontcache,hit,5651,257,573,830,0,1
dontcache,miss,5652,2476,10686,13162,56,1
dontcache,hit,5652,336,725,1061,0,1
dontcache,miss,5653,2542,12934,15476,69,1
dontcache,hit,5653,266,585,851,0,1
dontcache,miss,5654,2511,14111,16622,76,1
dontcache,hit,5654,261,561,822,0,1
dontcache,miss,5655,2510,16713,19223,91,1
dontcache,hit,5655,253,558,811,0,1
dontcache,miss,5656,2447,13171,15618,70,1
dontcache,hit,5656,258,566,824,0,1
dontcache,miss,5657,2822,14070,16892,75,1
dontcache,hit,5657,299,768,1067,0,1
dontcache,miss,5658,2605,14283,16888,77,1
dontcache,hit,5658,262,574,836,0,1
dontcache,miss,5659,2569,13839,16408,74,1
dontcache,hit,5659,253,579,832,0,1
dontcache,miss,5660,2528,16642,19170,91,1
dontcache,hit,5660,263,565,828,0,1
dontcache,miss,5661,2562,13239,15801,71,1
dontcache,hit,5661,260,557,817,0,1
dontcache,miss,5662,3244,13758,17002,74,1
dontcache,hit,5662,307,798,1105,0,1
dontcache,miss,5663,2532,15781,18313,84,1
dontcache,hit,5663,263,611,874,0,1
dontcache,miss,5664,2393,12259,14652,65,1
dontcache,hit,5664,254,559,813,0,1
dontcache,miss,5665,2548,15167,17715,82,1
dontcache,hit,5665,251,609,860,0,1
dontcache,miss,5666,2461,17915,20376,73,1
dontcache,hit,5666,317,804,1121,0,1
dontcache,miss,5667,2583,11359,13942,60,1
dontcache,hit,5667,270,628,898,0,1
dontcache,miss,5668,2344,13617,15961,46,1
dontcache,hit,5668,261,646,907,0,1
dontcache,miss,5669,2773,12412,15185,65,1
dontcache,hit,5669,325,726,1051,0,1
dontcache,miss,5670,2269,11015,13284,58,1
dontcache,hit,5670,258,597,855,0,1
dontcache,miss,5671,2513,10860,13373,57,1
dontcache,hit,5671,255,583,838,0,1
dontcache,miss,5672,2349,11253,13602,59,1
dontcache,hit,5672,253,562,815,0,1
dontcache,miss,5673,2491,14667,17158,49,1
dontcache,hit,5673,250,568,818,0,1
dontcache,miss,5674,2523,10774,13297,56,1
dontcache,hit,5674,263,626,889,0,1
dontcache,miss,5675,2512,10855,13367,57,1
dontcache,hit,5675,251,578,829,0,1
dontcache,miss,5676,2324,10707,13031,56,1
dontcache,hit,5676,261,572,833,0,1
dontcache,miss,5677,2472,10895,13367,57,1
dontcache,hit,5677,256,577,833,0,1
dontcache,miss,5678,2323,11405,13728,60,1
dontcache,hit,5678,258,561,819,0,1
dontcache,miss,5679,2829,10780,13609,56,1
dontcache,hit,5679,327,809,1136,0,1
dontcache,miss,5680,2365,10670,13035,56,1
dontcache,hit,5680,286,746,1032,0,1
dontcache,miss,5681,2547,10491,13038,55,1
dontcache,hit,5681,263,613,876,0,1
dontcache,miss,5682,2338,10480,12818,55,1
dontcache,hit,5682,265,558,823,0,1
dontcache,miss,5683,2542,10666,13208,56,1
dontcache,hit,5683,266,555,821,0,1
dontcache,miss,5684,2319,10668,12987,56,1
dontcache,hit,5684,308,793,1101,0,1
dontcache,miss,5685,2503,10723,13226,56,1
dontcache,hit,5685,258,611,869,0,1
dontcache,miss,5686,2295,10517,12812,55,1
dontcache,hit,5686,257,567,824,0,1
dontcache,miss,5687,2503,11020,13523,58,1
dontcache,hit,5687,255,568,823,0,1
dontcache,miss,5688,2322,11012,13334,58,1
dontcache,hit,5688,259,558,817,0,1
dontcache,miss,5689,2510,10749,13259,56,1
dontcache,hit,5689,258,544,802,0,1
dontcache,miss,5690,2314,12654,14968,43,1
dontcache,hit,5690,254,644,898,0,1
dontcache,miss,5691,2440,10762,13202,56,1
dontcache,hit,5691,253,566,819,0,1
dontcache,miss,5692,2320,10633,12953,56,1
dontcache,hit,5692,251,541,792,0,1
dontcache,miss,5693,2532,11057,13589,58,1
dontcache,hit,5693,251,542,793,0,1
dontcache,miss,5694,2320,10685,13005,56,1
dontcache,hit,5694,254,536,790,0,1
dontcache,miss,5695,2514,12638,15152,43,1
dontcache,hit,5695,262,553,815,0,1
dontcache,miss,5696,2482,10589,13071,55,1
dontcache,hit,5696,262,620,882,0,1
dontcache,miss,5697,2510,10748,13258,56,1
dontcache,hit,5697,254,572,826,0,1
dontcache,miss,5698,2308,10697,13005,56,1
dontcache,hit,5698,255,551,806,0,1
dontcache,miss,5699,2495,10737,13232,56,1
dontcache,hit,5699,252,543,795,0,1
dontcache,miss,5700,2294,10652,12946,56,1
dontcache,hit,5700,252,540,792,0,1
dontcache,miss,5701,3057,12114,15171,63,1
dontcache,hit,5701,394,960,1354,0,1
dontcache,miss,5702,2356,10869,13225,57,1
dontcache,hit,5702,258,629,887,0,1
dontcache,miss,5703,2550,10883,13433,57,1
dontcache,hit,5703,257,587,844,0,1
dontcache,miss,5704,2316,10846,13162,57,1
dontcache,hit,5704,263,565,828,0,1
dontcache,miss,5705,2578,11074,13652,58,1
dontcache,hit,5705,258,572,830,0,1
dontcache,miss,5706,2344,11184,13528,59,1
dontcache,hit,5706,328,777,1105,0,1
dontcache,miss,5707,2522,10611,13133,55,1
dontcache,hit,5707,256,603,859,0,1
dontcache,miss,5708,2361,10646,13007,56,1
dontcache,hit,5708,265,580,845,0,1
dontcache,miss,5709,2560,10806,13366,56,1
dontcache,hit,5709,254,591,845,0,1
dontcache,miss,5710,2394,10962,13356,58,1
dontcache,hit,5710,259,586,845,0,1
dontcache,miss,5711,2516,10847,13363,57,1
dontcache,hit,5711,256,573,829,0,1
dontcache,miss,5712,2324,12738,15062,44,1
dontcache,hit,5712,277,656,933,0,1
dontcache,miss,5713,2540,10799,13339,56,1
dontcache,hit,5713,263,560,823,0,1
dontcache,miss,5714,2314,10617,12931,56,1
dontcache,hit,5714,254,542,796,0,1
dontcache,miss,5715,2502,11083,13585,58,1
dontcache,hit,5715,256,568,824,0,1
dontcache,miss,5716,2301,10813,13114,57,1
dontcache,hit,5716,261,543,804,0,1
dontcache,miss,5717,2538,11942,14480,38,1
dontcache,hit,5717,254,554,808,0,1
dontcache,miss,5718,2550,10738,13288,56,1
dontcache,hit,5718,265,624,889,0,1
dontcache,miss,5719,2494,10707,13201,56,1
dontcache,hit,5719,252,558,810,0,1
dontcache,miss,5720,2375,10660,13035,56,1
dontcache,hit,5720,262,559,821,0,1
dontcache,miss,5721,2558,9332,11890,48,1
dontcache,hit,5721,253,559,812,0,1
dontcache,miss,5722,2325,9315,11640,48,1
dontcache,hit,5722,258,551,809,0,1
dontcache,miss,5723,2728,10782,13510,56,1
dontcache,hit,5723,329,771,1100,0,1
dontcache,miss,5724,2307,10707,13014,56,1
dontcache,hit,5724,252,588,840,0,1
dontcache,miss,5725,2519,10842,13361,57,1
dontcache,hit,5725,253,578,831,0,1
dontcache,miss,5726,2369,10728,13097,56,1
dontcache,hit,5726,262,566,828,0,1
dontcache,miss,5727,2548,10522,13070,55,1
dontcache,hit,5727,264,580,844,0,1
dontcache,miss,5728,2316,11032,13348,58,1
dontcache,hit,5728,313,788,1101,0,1
dontcache,miss,5729,2596,10559,13155,55,1
dontcache,hit,5729,254,593,847,0,1
dontcache,miss,5730,2340,10675,13015,56,1
dontcache,hit,5730,262,560,822,0,1
dontcache,miss,5731,2490,10687,13177,56,1
dontcache,hit,5731,254,577,831,0,1
dontcache,miss,5732,2350,11036,13386,58,1
dontcache,hit,5732,259,573,832,0,1
dontcache,miss,5733,2868,11050,13918,58,1
dontcache,hit,5733,276,723,999,0,1
dontcache,miss,5734,2349,13037,15386,41,1
dontcache,hit,5734,265,1713,1978,0,1
dontcache,miss,5735,2485,11072,13557,58,1
dontcache,hit,5735,255,568,823,0,1
dontcache,miss,5736,2322,10718,13040,56,1
dontcache,hit,5736,252,565,817,0,1
dontcache,miss,5737,2472,10879,13351,57,1
dontcache,hit,5737,250,574,824,0,1
dontcache,miss,5738,2345,11381,13726,60,1
dontcache,hit,5738,254,569,823,0,1
dontcache,miss,5739,2492,12690,15182,43,1
dontcache,hit,5739,251,572,823,0,1
dontcache,miss,5740,2470,10682,13152,56,1
dontcache,hit,5740,254,618,872,0,1
dontcache,miss,5741,2500,10667,13167,56,1
dontcache,hit,5741,262,582,844,0,1
dontcache,miss,5742,2332,10771,13103,57,1
dontcache,hit,5742,253,567,820,0,1
dontcache,miss,5743,2547,10930,13477,57,1
dontcache,hit,5743,252,573,825,0,1
dontcache,miss,5744,2313,10795,13108,57,1
dontcache,hit,5744,288,618,906,0,1
dontcache,miss,5745,2756,10710,13466,56,1
dontcache,hit,5745,330,825,1155,0,1
dontcache,miss,5746,2434,10508,12942,55,1
dontcache,hit,5746,261,587,848,0,1
dontcache,miss,5747,2448,10704,13152,56,1
dontcache,hit,5747,255,561,816,0,1
dontcache,miss,5748,2299,10597,12896,56,1
dontcache,hit,5748,256,550,806,0,1
dontcache,miss,5749,2540,10519,13059,55,1
dontcache,hit,5749,254,546,800,0,1
dontcache,miss,5750,2345,10673,13018,56,1
dontcache,hit,5750,309,780,1089,0,1
dontcache,miss,5751,2564,10860,13424,57,1
dontcache,hit,5751,253,588,841,0,1
dontcache,miss,5752,2343,10617,12960,56,1
dontcache,hit,5752,271,561,832,0,1
dontcache,miss,5753,2512,10537,13049,55,1
dontcache,hit,5753,251,561,812,0,1
dontcache,miss,5754,2367,11036,13403,58,1
dontcache,hit,5754,259,553,812,0,1
dontcache,miss,5755,2510,10472,12982,55,1
dontcache,hit,5755,258,545,803,0,1
dontcache,miss,5756,2338,12363,14701,42,1
dontcache,hit,5756,259,637,896,0,1
dontcache,miss,5757,2432,10667,13099,56,1
dontcache,hit,5757,253,557,810,0,1
dontcache,miss,5758,2305,10704,13009,56,1
dontcache,hit,5758,257,566,823,0,1
dontcache,miss,5759,2538,10346,12884,54,1
dontcache,hit,5759,268,545,813,0,1
dontcache,miss,5760,2334,10707,13041,56,1
dontcache,hit,5760,254,565,819,0,1
dontcache,miss,5761,2531,12423,14954,47,1
dontcache,hit,5761,251,553,804,0,1
dontcache,miss,5762,2449,10477,12926,55,1
dontcache,hit,5762,267,603,870,0,1
dontcache,miss,5763,2456,10733,13189,56,1
dontcache,hit,5763,254,549,803,0,1
dontcache,miss,5764,2327,10656,12983,56,1
dontcache,hit,5764,256,546,802,0,1
dontcache,miss,5765,2897,11423,14320,59,1
dontcache,hit,5765,333,751,1084,0,1
dontcache,miss,5766,2365,11007,13372,58,1
dontcache,hit,5766,271,571,842,0,1
dontcache,miss,5767,2732,10888,13620,57,1
dontcache,hit,5767,326,820,1146,0,1
dontcache,miss,5768,2367,10734,13101,56,1
dontcache,hit,5768,255,596,851,0,1
dontcache,miss,5769,2504,10846,13350,57,1
dontcache,hit,5769,255,572,827,0,1
dontcache,miss,5770,2339,10718,13057,56,1
dontcache,hit,5770,255,556,811,0,1
dontcache,miss,5771,2517,11022,13539,58,1
dontcache,hit,5771,253,551,804,0,1
dontcache,miss,5772,2293,10922,13215,57,1
dontcache,hit,5772,317,803,1120,0,1
dontcache,miss,5773,2564,10689,13253,56,1
dontcache,hit,5773,259,629,888,0,1
dontcache,miss,5774,2309,10666,12975,56,1
dontcache,hit,5774,260,570,830,0,1
dontcache,miss,5775,2518,10709,13227,56,1
dontcache,hit,5775,267,571,838,0,1
dontcache,miss,5776,2362,10512,12874,55,1
dontcache,hit,5776,274,661,935,0,1
dontcache,miss,5777,2575,10950,13525,57,1
dontcache,hit,5777,258,556,814,0,1
dontcache,miss,5778,2387,13167,15554,44,1
dontcache,hit,5778,269,635,904,0,1
dontcache,miss,5779,2544,10536,13080,55,1
dontcache,hit,5779,258,562,820,0,1
dontcache,miss,5780,2330,10675,13005,56,1
dontcache,hit,5780,256,566,822,0,1
dontcache,miss,5781,2526,10898,13424,57,1
dontcache,hit,5781,256,545,801,0,1
dontcache,miss,5782,2341,10961,13302,58,1
dontcache,hit,5782,255,531,786,0,1
dontcache,miss,5783,2477,12590,15067,43,1
dontcache,hit,5783,257,553,810,0,1
dontcache,miss,5784,2472,10541,13013,55,1
dontcache,hit,5784,257,608,865,0,1
dontcache,miss,5785,2510,10681,13191,56,1
dontcache,hit,5785,253,558,811,0,1
dontcache,miss,5786,2345,10724,13069,56,1
dontcache,hit,5786,254,543,797,0,1
dontcache,miss,5787,2442,10687,13129,56,1
dontcache,hit,5787,251,546,797,0,1
dontcache,miss,5788,2367,10601,12968,56,1
dontcache,hit,5788,255,534,789,0,1
dontcache,miss,5789,2768,10582,13350,55,1
dontcache,hit,5789,333,795,1128,0,1
dontcache,miss,5790,2378,10839,13217,57,1
dontcache,hit,5790,261,576,837,0,1
dontcache,miss,5791,2587,11304,13891,37,1
dontcache,hit,5791,257,531,788,0,1
dontcache,miss,5792,4437,10636,15073,55,1
dontcache,hit,5792,262,655,917,0,1
dontcache,miss,5793,2518,10742,13260,56,1
dontcache,hit,5793,275,574,849,0,1
dontcache,miss,5794,2296,10895,13191,57,1
dontcache,hit,5794,346,839,1185,0,1
dontcache,miss,5795,2568,10710,13278,56,1
dontcache,hit,5795,263,607,870,0,1
dontcache,miss,5796,2294,10551,12845,55,1
dontcache,hit,5796,264,548,812,0,1
dontcache,miss,5797,2561,10324,12885,53,1
dontcache,hit,5797,279,660,939,0,1
dontcache,miss,5798,2348,11131,13479,59,1
dontcache,hit,5798,256,579,835,0,1
dontcache,miss,5799,2531,11241,13772,59,1
dontcache,hit,5799,255,562,817,0,1
dontcache,miss,5800,2347,15896,18243,51,1
dontcache,hit,5800,271,659,930,0,1
dontcache,miss,5801,2531,10869,13400,57,1
dontcache,hit,5801,258,574,832,0,1
dontcache,miss,5802,2339,10846,13185,57,1
dontcache,hit,5802,264,559,823,0,1
dontcache,miss,5803,2485,11119,13604,58,1
dontcache,hit,5803,264,578,842,0,1
dontcache,miss,5804,2321,10836,13157,57,1
dontcache,hit,5804,258,568,826,0,1
dontcache,miss,5805,2515,15031,17546,49,1
dontcache,hit,5805,252,563,815,0,1
dontcache,miss,5806,2593,10821,13414,57,1
dontcache,hit,5806,274,614,888,0,1
dontcache,miss,5807,2511,10706,13217,56,1
dontcache,hit,5807,260,579,839,0,1
dontcache,miss,5808,2330,11469,13799,25,1
dontcache,hit,5808,258,616,874,0,1
dontcache,miss,5809,2525,10721,13246,56,1
dontcache,hit,5809,270,561,831,0,1
dontcache,miss,5810,2364,10501,12865,55,1
dontcache,hit,5810,255,565,820,0,1
dontcache,miss,5811,2879,11145,14024,58,1
dontcache,hit,5811,338,813,1151,0,1
dontcache,miss,5812,2303,10809,13112,57,1
dontcache,hit,5812,262,592,854,0,1
dontcache,miss,5813,2505,10887,13392,57,1
dontcache,hit,5813,258,562,820,0,1
dontcache,miss,5814,2304,10656,12960,56,1
dontcache,hit,5814,259,576,835,0,1
dontcache,miss,5815,2539,10745,13284,56,1
dontcache,hit,5815,259,557,816,0,1
dontcache,miss,5816,2337,10203,12540,53,1
dontcache,hit,5816,340,819,1159,0,1
dontcache,miss,5817,2478,10792,13270,56,1
dontcache,hit,5817,267,625,892,0,1
dontcache,miss,5818,2288,10866,13154,57,1
dontcache,hit,5818,265,553,818,0,1
dontcache,miss,5819,2523,10821,13344,57,1
dontcache,hit,5819,256,569,825,0,1
dontcache,miss,5820,2311,11006,13317,58,1
dontcache,hit,5820,267,556,823,0,1
dontcache,miss,5821,2525,10510,13035,55,1
dontcache,hit,5821,257,559,816,0,1
dontcache,miss,5822,2336,12448,14784,42,1
dontcache,hit,5822,257,637,894,0,1
dontcache,miss,5823,2526,10543,13069,55,1
dontcache,hit,5823,258,577,835,0,1
dontcache,miss,5824,2263,10829,13092,57,1
dontcache,hit,5824,255,541,796,0,1
dontcache,miss,5825,2523,11239,13762,59,1
dontcache,hit,5825,253,559,812,0,1
dontcache,miss,5826,2317,10661,12978,56,1
dontcache,hit,5826,255,544,799,0,1
dontcache,miss,5827,2507,12471,14978,42,1
dontcache,hit,5827,254,549,803,0,1
dontcache,miss,5828,2464,10678,13142,56,1
dontcache,hit,5828,316,711,1027,0,1
dontcache,miss,5829,2591,10665,13256,56,1
dontcache,hit,5829,263,598,861,0,1
dontcache,miss,5830,2312,10850,13162,57,1
dontcache,hit,5830,258,574,832,0,1
dontcache,miss,5831,2515,11030,13545,58,1
dontcache,hit,5831,260,580,840,0,1
dontcache,miss,5832,2411,11024,13435,58,1
dontcache,hit,5832,255,560,815,0,1
dontcache,miss,5833,2837,10776,13613,56,1
dontcache,hit,5833,335,826,1161,0,1
dontcache,miss,5834,2348,11226,13574,59,1
dontcache,hit,5834,250,587,837,0,1
dontcache,miss,5835,2492,11084,13576,57,1
dontcache,hit,5835,259,582,841,0,1
dontcache,miss,5836,2354,10620,12974,48,1
dontcache,hit,5836,255,1546,1801,0,1
dontcache,miss,5837,2483,10850,13333,57,1
dontcache,hit,5837,261,565,826,0,1
dontcache,miss,5838,2349,11026,13375,58,1
dontcache,hit,5838,327,816,1143,0,1
dontcache,miss,5839,2514,10764,13278,25,1
dontcache,hit,5839,263,616,879,0,1
dontcache,miss,5840,2524,10575,13099,55,1
dontcache,hit,5840,270,593,863,0,1
dontcache,miss,5841,2546,10551,13097,55,1
dontcache,hit,5841,265,569,834,0,1
dontcache,miss,5842,2368,10868,13236,57,1
dontcache,hit,5842,256,546,802,0,1
dontcache,miss,5843,2432,10721,13153,56,1
dontcache,hit,5843,253,547,800,0,1
dontcache,miss,5844,2274,15972,18246,50,1
dontcache,hit,5844,271,642,913,0,1
dontcache,miss,5845,2495,10628,13123,56,1
dontcache,hit,5845,259,553,812,0,1
dontcache,miss,5846,2375,10577,12952,55,1
dontcache,hit,5846,255,541,796,0,1
dontcache,miss,5847,2519,11108,13627,58,1
dontcache,hit,5847,253,551,804,0,1
dontcache,miss,5848,2371,10672,13043,56,1
dontcache,hit,5848,252,532,784,0,1
dontcache,miss,5849,2538,15183,17721,55,1
dontcache,hit,5849,250,539,789,0,1
dontcache,miss,5850,2588,10420,13008,54,1
dontcache,hit,5850,255,612,867,0,1
dontcache,miss,5851,2558,10670,13228,56,1
dontcache,hit,5851,254,563,817,0,1
dontcache,miss,5852,2373,10752,13125,56,1
dontcache,hit,5852,256,553,809,0,1
dontcache,miss,5853,2505,10692,13197,56,1
dontcache,hit,5853,253,556,809,0,1
dontcache,miss,5854,2286,10541,12827,55,1
dontcache,hit,5854,257,550,807,0,1
dontcache,miss,5855,2819,10542,13361,55,1
dontcache,hit,5855,310,793,1103,0,1
dontcache,miss,5856,2355,10640,12995,56,1
dontcache,hit,5856,254,592,846,0,1
dontcache,miss,5857,2486,10741,13227,56,1
dontcache,hit,5857,259,581,840,0,1
dontcache,miss,5858,2389,10654,13043,56,1
dontcache,hit,5858,260,542,802,0,1
dontcache,miss,5859,2541,10732,13273,56,1
dontcache,hit,5859,257,571,828,0,1
dontcache,miss,5860,2318,11922,14240,44,1
dontcache,hit,5860,330,802,1132,0,1
dontcache,miss,5861,2490,10897,13387,57,1
dontcache,hit,5861,264,611,875,0,1
dontcache,miss,5862,2271,10657,12928,56,1
dontcache,hit,5862,270,578,848,0,1
dontcache,miss,5863,2530,10237,12767,53,1
dontcache,hit,5863,256,582,838,0,1
dontcache,miss,5864,2300,11165,13465,59,1
dontcache,hit,5864,256,578,834,0,1
dontcache,miss,5865,2477,10896,13373,57,1
dontcache,hit,5865,259,558,817,0,1
dontcache,miss,5866,2318,12412,14730,42,1
dontcache,hit,5866,254,672,926,0,1
dontcache,miss,5867,2531,11124,13655,58,1
dontcache,hit,5867,257,575,832,0,1
dontcache,miss,5868,2345,10655,13000,56,1
dontcache,hit,5868,259,565,824,0,1
dontcache,miss,5869,2549,10887,13436,57,1
dontcache,hit,5869,256,559,815,0,1
dontcache,miss,5870,2351,10670,13021,56,1
dontcache,hit,5870,260,578,838,0,1
dontcache,miss,5871,2525,13130,15655,23,1
dontcache,hit,5871,248,570,818,0,1
dontcache,miss,5872,2787,10838,13625,57,1
dontcache,hit,5872,268,657,925,0,1
dontcache,miss,5873,2520,10698,13218,56,1
dontcache,hit,5873,253,575,828,0,1
dontcache,miss,5874,2317,10675,12992,56,1
dontcache,hit,5874,255,558,813,0,1
dontcache,miss,5875,2518,10746,13264,56,1
dontcache,hit,5875,253,553,806,0,1
dontcache,miss,5876,2354,10855,13209,57,1
dontcache,hit,5876,259,564,823,0,1
dontcache,miss,5877,2812,10894,13706,57,1
dontcache,hit,5877,307,760,1067,0,1
dontcache,miss,5878,2341,10844,13185,57,1
dontcache,hit,5878,260,587,847,0,1
dontcache,miss,5879,2488,10689,13177,56,1
dontcache,hit,5879,254,557,811,0,1
dontcache,miss,5880,2394,10638,13032,56,1
dontcache,hit,5880,262,569,831,0,1
dontcache,miss,5881,2559,10515,13074,55,1
dontcache,hit,5881,261,548,809,0,1
dontcache,miss,5882,2355,10722,13077,56,1
dontcache,hit,5882,299,758,1057,0,1
dontcache,miss,5883,2571,10888,13459,57,1
dontcache,hit,5883,254,577,831,0,1
dontcache,miss,5884,2317,10897,13214,57,1
dontcache,hit,5884,262,577,839,0,1
dontcache,miss,5885,2541,10781,13322,56,1
dontcache,hit,5885,259,550,809,0,1
dontcache,miss,5886,2363,10662,13025,56,1
dontcache,hit,5886,258,555,813,0,1
dontcache,miss,5887,2544,11089,13633,58,1
dontcache,hit,5887,257,564,821,0,1
dontcache,miss,5888,2340,12315,14655,41,1
dontcache,hit,5888,262,635,897,0,1
dontcache,miss,5889,2497,10857,13354,57,1
dontcache,hit,5889,256,566,822,0,1
dontcache,miss,5890,2329,10522,12851,55,1
dontcache,hit,5890,255,554,809,0,1
dontcache,miss,5891,2535,10729,13264,56,1
dontcache,hit,5891,255,554,809,0,1
dontcache,miss,5892,2306,14539,16845,46,1
dontcache,hit,5892,260,653,913,0,1
dontcache,miss,5893,2528,16192,18720,58,1
dontcache,hit,5893,253,588,841,0,1
dontcache,miss,5894,2630,10740,13370,56,1
dontcache,hit,5894,261,638,899,0,1
dontcache,miss,5895,2547,10537,13084,55,1
dontcache,hit,5895,256,562,818,0,1
dontcache,miss,5896,2319,10626,12945,56,1
dontcache,hit,5896,256,570,826,0,1
dontcache,miss,5897,2541,10710,13251,56,1
dontcache,hit,5897,251,556,807,0,1
dontcache,miss,5898,2353,11027,13380,58,1
dontcache,hit,5898,256,557,813,0,1
dontcache,miss,5899,2871,10916,13787,57,1
dontcache,hit,5899,333,884,1217,0,1
dontcache,miss,5900,2356,10776,13132,56,1
dontcache,hit,5900,259,595,854,0,1
dontcache,miss,5901,2500,10671,13171,56,1
dontcache,hit,5901,259,572,831,0,1
dontcache,miss,5902,2403,10702,13105,56,1
dontcache,hit,5902,262,556,818,0,1
dontcache,miss,5903,2804,10732,13536,55,1
dontcache,hit,5903,5998,682,6680,0,1
dontcache,miss,5904,2310,10819,13129,57,1
dontcache,hit,5904,308,788,1096,0,1
dontcache,miss,5905,2572,10589,13161,55,1
dontcache,hit,5905,262,594,856,0,1
dontcache,miss,5906,2305,10742,13047,56,1
dontcache,hit,5906,267,573,840,0,1
dontcache,miss,5907,2544,10700,13244,56,1
dontcache,hit,5907,259,562,821,0,1
dontcache,miss,5908,2320,10979,13299,58,1
dontcache,hit,5908,264,556,820,0,1
dontcache,miss,5909,2528,10839,13367,57,1
dontcache,hit,5909,262,560,822,0,1
dontcache,miss,5910,2293,15018,17311,49,1
dontcache,hit,5910,271,622,893,0,1
dontcache,miss,5911,2481,10776,13257,57,1
dontcache,hit,5911,256,551,807,0,1
dontcache,miss,5912,2370,10547,12917,55,1
dontcache,hit,5912,259,546,805,0,1
dontcache,miss,5913,2535,11033,13568,58,1
dontcache,hit,5913,258,554,812,0,1
dontcache,miss,5914,2328,10906,13234,57,1
dontcache,hit,5914,259,532,791,0,1
dontcache,miss,5915,2556,14824,17380,48,1
dontcache,hit,5915,263,544,807,0,1
dontcache,miss,5916,2611,10534,13145,55,1
dontcache,hit,5916,274,622,896,0,1
dontcache,miss,5917,2555,10531,13086,55,1
dontcache,hit,5917,261,565,826,0,1
dontcache,miss,5918,2347,10708,13055,56,1
dontcache,hit,5918,263,560,823,0,1
dontcache,miss,5919,2554,10775,13329,56,1
dontcache,hit,5919,260,555,815,0,1
dontcache,miss,5920,2280,10651,12931,56,1
dontcache,hit,5920,261,537,798,0,1
dontcache,miss,5921,2836,10559,13395,55,1
dontcache,hit,5921,320,817,1137,0,1
dontcache,miss,5922,2317,10825,13142,57,1
dontcache,hit,5922,257,578,835,0,1
dontcache,miss,5923,2785,10565,13350,55,1
dontcache,hit,5923,258,557,815,0,1
dontcache,miss,5924,2352,10855,13207,57,1
dontcache,hit,5924,261,589,850,0,1
dontcache,miss,5925,2538,11205,13743,59,1
dontcache,hit,5925,262,575,837,0,1
dontcache,miss,5926,2276,11193,13469,59,1
dontcache,hit,5926,322,800,1122,0,1
dontcache,miss,5927,2581,10837,13418,57,1
dontcache,hit,5927,270,619,889,0,1
dontcache,miss,5928,2304,11019,13323,58,1
dontcache,hit,5928,266,570,836,0,1
dontcache,miss,5929,2567,10562,13129,55,1
dontcache,hit,5929,262,589,851,0,1
dontcache,miss,5930,2343,10732,13075,56,1
dontcache,hit,5930,259,573,832,0,1
dontcache,miss,5931,2541,10511,13052,55,1
dontcache,hit,5931,263,582,845,0,1
dontcache,miss,5932,2393,12673,15066,43,1
dontcache,hit,5932,274,624,898,0,1
dontcache,miss,5933,2505,11087,13592,58,1
dontcache,hit,5933,260,575,835,0,1
dontcache,miss,5934,2330,10711,13041,56,1
dontcache,hit,5934,275,654,929,0,1
dontcache,miss,5935,2508,10681,13189,56,1
dontcache,hit,5935,253,581,834,0,1
dontcache,miss,5936,2306,10642,12948,56,1
dontcache,hit,5936,257,551,808,0,1
dontcache,miss,5937,2506,12963,15469,43,1
dontcache,hit,5937,251,551,802,0,1
dontcache,miss,5938,2427,10712,13139,56,1
dontcache,hit,5938,266,608,874,0,1
dontcache,miss,5939,2504,10506,13010,55,1
dontcache,hit,5939,256,589,845,0,1
dontcache,miss,5940,2336,10819,13155,57,1
dontcache,hit,5940,261,572,833,0,1
dontcache,miss,5941,2527,10610,13137,55,1
dontcache,hit,5941,254,550,804,0,1
dontcache,miss,5942,2309,10782,13091,57,1
dontcache,hit,5942,254,555,809,0,1
dontcache,miss,5943,2798,10558,13356,55,1
dontcache,hit,5943,329,775,1104,0,1
dontcache,miss,5944,2417,10834,13251,57,1
dontcache,hit,5944,262,572,834,0,1
dontcache,miss,5945,2537,10876,13413,57,1
dontcache,hit,5945,255,535,790,0,1
dontcache,miss,5946,2345,10850,13195,57,1
dontcache,hit,5946,256,528,784,0,1
dontcache,miss,5947,2520,10708,13228,56,1
dontcache,hit,5947,258,558,816,0,1
dontcache,miss,5948,2334,10752,13086,57,1
dontcache,hit,5948,298,794,1092,0,1
dontcache,miss,5949,2590,10862,13452,57,1
dontcache,hit,5949,255,597,852,0,1
dontcache,miss,5950,2345,10629,12974,56,1
dontcache,hit,5950,259,570,829,0,1
dontcache,miss,5951,2542,10682,13224,56,1
dontcache,hit,5951,255,553,808,0,1
dontcache,miss,5952,2366,10825,13191,57,1
dontcache,hit,5952,260,548,808,0,1
dontcache,miss,5953,2523,10644,13167,56,1
dontcache,hit,5953,256,552,808,0,1
dontcache,miss,5954,2362,12241,14603,41,1
dontcache,hit,5954,261,620,881,0,1
dontcache,miss,5955,2869,12127,14996,64,1
dontcache,hit,5955,292,758,1050,0,1
dontcache,miss,5956,2338,10663,13001,56,1
dontcache,hit,5956,273,582,855,0,1
dontcache,miss,5957,2456,11083,13539,58,1
dontcache,hit,5957,252,577,829,0,1
dontcache,miss,5958,2346,11040,13386,58,1
dontcache,hit,5958,259,575,834,0,1
dontcache,miss,5959,2499,16228,18727,59,1
dontcache,hit,5959,254,571,825,0,1
dontcache,miss,5960,2606,10798,13404,57,1
dontcache,hit,5960,254,647,901,0,1
dontcache,miss,5961,2541,10686,13227,56,1
dontcache,hit,5961,251,578,829,0,1
dontcache,miss,5962,2358,10841,13199,57,1
dontcache,hit,5962,255,583,838,0,1
dontcache,miss,5963,2518,10642,13160,56,1
dontcache,hit,5963,251,605,856,0,1
dontcache,miss,5964,2334,10867,13201,57,1
dontcache,hit,5964,255,570,825,0,1
dontcache,miss,5965,2860,10716,13576,56,1
dontcache,hit,5965,331,800,1131,0,1
dontcache,miss,5966,2354,10661,13015,56,1
dontcache,hit,5966,260,691,951,0,1
dontcache,miss,5967,2546,10694,13240,56,1
dontcache,hit,5967,252,580,832,0,1
dontcache,miss,5968,2330,32912,35242,187,1
dontcache,hit,5968,256,560,816,0,1
dontcache,miss,5969,2545,11479,14024,61,1
dontcache,hit,5969,258,560,818,0,1
dontcache,miss,5970,2226,10887,13113,57,1
dontcache,hit,5970,322,804,1126,0,1
dontcache,miss,5971,2571,10856,13427,57,1
dontcache,hit,5971,260,602,862,0,1
dontcache,miss,5972,2343,10823,13166,57,1
dontcache,hit,5972,264,559,823,0,1
dontcache,miss,5973,2546,9867,12413,51,1
dontcache,hit,5973,255,572,827,0,1
dontcache,miss,5974,2332,11191,13523,59,1
dontcache,hit,5974,260,560,820,0,1
dontcache,miss,5975,2477,10889,13366,57,1
dontcache,hit,5975,255,560,815,0,1
dontcache,miss,5976,2348,15155,17503,49,1
dontcache,hit,5976,260,624,884,0,1
dontcache,miss,5977,2533,11048,13581,58,1
dontcache,hit,5977,259,559,818,0,1
dontcache,miss,5978,2355,10523,12878,55,1
dontcache,hit,5978,259,554,813,0,1
dontcache,miss,5979,2546,11227,13773,59,1
dontcache,hit,5979,262,552,814,0,1
dontcache,miss,5980,2350,10631,12981,56,1
dontcache,hit,5980,258,551,809,0,1
dontcache,miss,5981,2532,14863,17395,48,1
dontcache,hit,5981,254,552,806,0,1
dontcache,miss,5982,2580,10343,12923,54,1
dontcache,hit,5982,257,600,857,0,1
dontcache,miss,5983,2543,10654,13197,56,1
dontcache,hit,5983,257,550,807,0,1
dontcache,miss,5984,2339,10602,12941,56,1
dontcache,hit,5984,261,539,800,0,1
dontcache,miss,5985,2462,10935,13397,57,1
dontcache,hit,5985,254,549,803,0,1
dontcache,miss,5986,2333,15274,17607,64,1
dontcache,hit,5986,260,591,851,0,1
dontcache,miss,5987,2779,10846,13625,57,1
dontcache,hit,5987,314,802,1116,0,1
dontcache,miss,5988,2359,10696,13055,56,1
dontcache,hit,5988,262,591,853,0,1
dontcache,miss,5989,2546,10650,13196,56,1
dontcache,hit,5989,263,577,840,0,1
dontcache,miss,5990,2425,11224,13649,59,1
dontcache,hit,5990,273,568,841,0,1
dontcache,miss,5991,2518,11012,13530,58,1
dontcache,hit,5991,258,578,836,0,1
dontcache,miss,5992,2281,10690,12971,56,1
dontcache,hit,5992,305,772,1077,0,1
dontcache,miss,5993,2623,10695,13318,56,1
dontcache,hit,5993,253,611,864,0,1
dontcache,miss,5994,2409,10821,13230,57,1
dontcache,hit,5994,256,574,830,0,1
dontcache,miss,5995,2540,10670,13210,56,1
dontcache,hit,5995,255,587,842,0,1
dontcache,miss,5996,2334,10577,12911,56,1
dontcache,hit,5996,269,570,839,0,1
dontcache,miss,5997,2720,10599,13319,55,1
dontcache,hit,5997,278,657,935,0,1
dontcache,miss,5998,2320,12826,15146,43,1
dontcache,hit,5998,269,633,902,0,1
dontcache,miss,5999,2481,10785,13266,56,1
dontcache,hit,5999,250,588,838,0,1
dontcache,miss,6000,2312,10515,12827,55,1
dontcache,hit,6000,256,573,829,0,1
dontcache,miss,6001,2585,10836,13421,57,1
dontcache,hit,6001,249,553,802,0,1
dontcache,miss,6002,2330,10787,13117,57,1
dontcache,hit,6002,252,548,800,0,1
dontcache,miss,6003,2491,12443,14934,47,1
dontcache,hit,6003,251,555,806,0,1
dontcache,miss,6004,2432,10693,13125,56,1
dontcache,hit,6004,252,626,878,0,1
dontcache,miss,6005,2539,10660,13199,56,1
dontcache,hit,6005,249,556,805,0,1
dontcache,miss,6006,2328,10713,13041,56,1
dontcache,hit,6006,250,564,814,0,1
dontcache,miss,6007,2471,10694,13165,56,1
dontcache,hit,6007,247,545,792,0,1
dontcache,miss,6008,2312,10526,12838,55,1
dontcache,hit,6008,259,564,823,0,1
dontcache,miss,6009,2740,10521,13261,55,1
dontcache,hit,6009,317,775,1092,0,1
dontcache,miss,6010,2342,10500,12842,55,1
dontcache,hit,6010,256,600,856,0,1
dontcache,miss,6011,2543,9860,12403,51,1
dontcache,hit,6011,251,568,819,0,1
dontcache,miss,6012,2336,9413,11749,49,1
dontcache,hit,6012,261,580,841,0,1
dontcache,miss,6013,2489,10843,13332,57,1
dontcache,hit,6013,255,552,807,0,1
dontcache,miss,6014,2340,10552,12892,55,1
dontcache,hit,6014,320,762,1082,0,1
dontcache,miss,6015,2576,10719,13295,56,1
dontcache,hit,6015,262,595,857,0,1
dontcache,miss,6016,2504,11331,13835,60,1
dontcache,hit,6016,260,562,822,0,1
dontcache,miss,6017,2502,10661,13163,56,1
dontcache,hit,6017,255,584,839,0,1
dontcache,miss,6018,6371,11710,18081,54,1
dontcache,hit,6018,267,633,900,0,1
dontcache,miss,6019,2618,10429,13047,55,1
dontcache,hit,6019,261,583,844,0,1
dontcache,miss,6020,2299,15653,17952,51,1
dontcache,hit,6020,263,671,934,0,1
dontcache,miss,6021,2496,11225,13721,59,1
dontcache,hit,6021,257,588,845,0,1
dontcache,miss,6022,2391,10819,13210,57,1
dontcache,hit,6022,258,565,823,0,1
dontcache,miss,6023,2479,11145,13624,59,1
dontcache,hit,6023,253,563,816,0,1
dontcache,miss,6024,2330,10630,12960,56,1
dontcache,hit,6024,258,567,825,0,1
dontcache,miss,6025,2503,15695,18198,56,1
dontcache,hit,6025,253,556,809,0,1
dontcache,miss,6026,2593,10916,13509,57,1
dontcache,hit,6026,262,618,880,0,1
dontcache,miss,6027,2533,10677,13210,56,1
dontcache,hit,6027,251,563,814,0,1
dontcache,miss,6028,2377,19209,21586,106,1
dontcache,hit,6028,268,753,1021,0,1
dontcache,miss,6029,2543,10545,13088,55,1
dontcache,hit,6029,261,581,842,0,1
dontcache,miss,6030,2345,10445,12790,55,1
dontcache,hit,6030,256,557,813,0,1
dontcache,miss,6031,2896,10882,13778,57,1
dontcache,hit,6031,353,815,1168,0,1
dontcache,miss,6032,2402,10865,13267,57,1
dontcache,hit,6032,304,576,880,0,1
dontcache,miss,6033,2543,10707,13250,56,1
dontcache,hit,6033,259,555,814,0,1
dontcache,miss,6034,2367,10934,13301,58,1
dontcache,hit,6034,259,553,812,0,1
dontcache,miss,6035,2524,10512,13036,55,1
dontcache,hit,6035,258,566,824,0,1
dontcache,miss,6036,2327,10838,13165,57,1
dontcache,hit,6036,334,811,1145,0,1
dontcache,miss,6037,2524,10682,13206,56,1
dontcache,hit,6037,262,598,860,0,1
dontcache,miss,6038,2340,10751,13091,57,1
dontcache,hit,6038,260,552,812,0,1
dontcache,miss,6039,2538,11317,13855,59,1
dontcache,hit,6039,254,558,812,0,1
dontcache,miss,6040,2332,11004,13336,58,1
dontcache,hit,6040,266,558,824,0,1
dontcache,miss,6041,2633,10689,13322,51,1
dontcache,hit,6041,257,1953,2210,0,1
dontcache,miss,6042,2287,15043,17330,56,1
dontcache,hit,6042,264,637,901,0,1
dontcache,miss,6043,2491,11089,13580,58,1
dontcache,hit,6043,256,560,816,0,1
dontcache,miss,6044,2329,10587,12916,56,1
dontcache,hit,6044,256,552,808,0,1
dontcache,miss,6045,2511,10905,13416,57,1
dontcache,hit,6045,253,555,808,0,1
dontcache,miss,6046,2442,10821,13263,57,1
dontcache,hit,6046,256,530,786,0,1
dontcache,miss,6047,2508,14767,17275,49,1
dontcache,hit,6047,259,541,800,0,1
dontcache,miss,6048,2630,10568,13198,55,1
dontcache,hit,6048,336,650,986,0,1
dontcache,miss,6049,2544,10904,13448,57,1
dontcache,hit,6049,255,561,816,0,1
dontcache,miss,6050,2322,10988,13310,58,1
dontcache,hit,6050,259,567,826,0,1
dontcache,miss,6051,2457,10938,13395,57,1
dontcache,hit,6051,260,550,810,0,1
dontcache,miss,6052,2278,11128,13406,59,1
dontcache,hit,6052,266,551,817,0,1
dontcache,miss,6053,2812,10630,13442,55,1
dontcache,hit,6053,337,812,1149,0,1
dontcache,miss,6054,2348,10847,13195,57,1
dontcache,hit,6054,259,613,872,0,1
dontcache,miss,6055,2538,10877,13415,57,1
dontcache,hit,6055,257,588,845,0,1
dontcache,miss,6056,2317,10809,13126,57,1
dontcache,hit,6056,260,584,844,0,1
dontcache,miss,6057,2498,10923,13421,57,1
dontcache,hit,6057,286,573,859,0,1
dontcache,miss,6058,2306,10634,12940,56,1
dontcache,hit,6058,306,803,1109,0,1
dontcache,miss,6059,2577,10679,13256,56,1
dontcache,hit,6059,256,618,874,0,1
dontcache,miss,6060,2381,10758,13139,33,1
dontcache,hit,6060,261,596,857,0,1
dontcache,miss,6061,2477,10898,13375,57,1
dontcache,hit,6061,259,556,815,0,1
dontcache,miss,6062,2409,10688,13097,56,1
dontcache,hit,6062,256,564,820,0,1
dontcache,miss,6063,2526,10508,13034,55,1
dontcache,hit,6063,257,551,808,0,1
dontcache,miss,6064,2357,12753,15110,43,1
dontcache,hit,6064,270,646,916,0,1
dontcache,miss,6065,2532,11000,13532,58,1
dontcache,hit,6065,253,576,829,0,1
dontcache,miss,6066,2330,10702,13032,56,1
dontcache,hit,6066,256,573,829,0,1
dontcache,miss,6067,2526,10235,12761,53,1
dontcache,hit,6067,253,562,815,0,1
dontcache,miss,6068,2358,10846,13204,57,1
dontcache,hit,6068,262,549,811,0,1
dontcache,miss,6069,2494,12311,14805,42,1
dontcache,hit,6069,258,549,807,0,1
dontcache,miss,6070,2485,10684,13169,56,1
dontcache,hit,6070,270,613,883,0,1
dontcache,miss,6071,2501,10717,13218,56,1
dontcache,hit,6071,252,561,813,0,1
dontcache,miss,6072,2328,10649,12977,56,1
dontcache,hit,6072,262,558,820,0,1
dontcache,miss,6073,2482,10705,13187,56,1
dontcache,hit,6073,256,572,828,0,1
dontcache,miss,6074,2257,10643,12900,56,1
dontcache,hit,6074,258,563,821,0,1
dontcache,miss,6075,2770,10673,13443,56,1
dontcache,hit,6075,308,764,1072,0,1
dontcache,miss,6076,2371,10650,13021,56,1
dontcache,hit,6076,262,592,854,0,1
dontcache,miss,6077,2505,10721,13226,56,1
dontcache,hit,6077,259,575,834,0,1
dontcache,miss,6078,2336,10633,12969,56,1
dontcache,hit,6078,253,547,800,0,1
dontcache,miss,6079,2504,10755,13259,56,1
dontcache,hit,6079,269,557,826,0,1
dontcache,miss,6080,2308,10719,13027,57,1
dontcache,hit,6080,4654,1698,6352,0,1
dontcache,miss,6081,2616,10874,13490,57,1
dontcache,hit,6081,284,667,951,0,1
dontcache,miss,6082,2319,10980,13299,58,1
dontcache,hit,6082,251,569,820,0,1
dontcache,miss,6083,2535,10731,13266,56,1
dontcache,hit,6083,252,568,820,0,1
dontcache,miss,6084,2333,9987,12320,52,1
dontcache,hit,6084,263,560,823,0,1
dontcache,miss,6085,2501,11062,13563,58,1
dontcache,hit,6085,252,584,836,0,1
dontcache,miss,6086,2321,15688,18009,50,1
dontcache,hit,6086,270,681,951,0,1
dontcache,miss,6087,2497,10934,13431,57,1
dontcache,hit,6087,254,571,825,0,1
dontcache,miss,6088,2322,10626,12948,56,1
dontcache,hit,6088,256,572,828,0,1
dontcache,miss,6089,2524,10665,13189,56,1
dontcache,hit,6089,250,575,825,0,1
dontcache,miss,6090,2310,10684,12994,56,1
dontcache,hit,6090,257,573,830,0,1
dontcache,miss,6091,2488,14606,17094,56,1
dontcache,hit,6091,251,564,815,0,1
dontcache,miss,6092,2538,10715,13253,32,1
dontcache,hit,6092,260,635,895,0,1
dontcache,miss,6093,2573,10628,13201,56,1
dontcache,hit,6093,249,579,828,0,1
dontcache,miss,6094,2363,10616,12979,56,1
dontcache,hit,6094,252,549,801,0,1
dontcache,miss,6095,2482,10707,13189,56,1
dontcache,hit,6095,255,552,807,0,1
dontcache,miss,6096,2318,10876,13194,57,1
dontcache,hit,6096,253,551,804,0,1
dontcache,miss,6097,2797,10738,13535,56,1
dontcache,hit,6097,312,779,1091,0,1
dontcache,miss,6098,2365,10679,13044,56,1
dontcache,hit,6098,264,584,848,0,1
dontcache,miss,6099,2476,10809,13285,56,1
dontcache,hit,6099,259,562,821,0,1
dontcache,miss,6100,2327,10994,13321,58,1
dontcache,hit,6100,270,582,852,0,1
dontcache,miss,6101,2506,10653,13159,56,1
dontcache,hit,6101,266,549,815,0,1
dontcache,miss,6102,2332,10962,13294,58,1
dontcache,hit,6102,304,778,1082,0,1
dontcache,miss,6103,2563,10883,13446,57,1
dontcache,hit,6103,265,600,865,0,1
dontcache,miss,6104,2376,10824,13200,57,1
dontcache,hit,6104,261,578,839,0,1
dontcache,miss,6105,2527,10977,13504,58,1
dontcache,hit,6105,263,574,837,0,1
dontcache,miss,6106,2362,10998,13360,58,1
dontcache,hit,6106,260,568,828,0,1
dontcache,miss,6107,2509,10861,13370,57,1
dontcache,hit,6107,259,565,824,0,1
dontcache,miss,6108,2362,12272,14634,42,1
dontcache,hit,6108,262,644,906,0,1
dontcache,miss,6109,2500,10671,13171,56,1
dontcache,hit,6109,253,554,807,0,1
dontcache,miss,6110,2355,10697,13052,56,1
dontcache,hit,6110,257,548,805,0,1
dontcache,miss,6111,2543,10703,13246,56,1
dontcache,hit,6111,261,564,825,0,1
dontcache,miss,6112,2358,10847,13205,57,1
dontcache,hit,6112,302,718,1020,0,1
dontcache,miss,6113,2542,15283,17825,50,1
dontcache,hit,6113,265,573,838,0,1
dontcache,miss,6114,2566,10842,13408,57,1
dontcache,hit,6114,267,634,901,0,1
dontcache,miss,6115,2546,10897,13443,57,1
dontcache,hit,6115,258,580,838,0,1
dontcache,miss,6116,2365,10615,12980,56,1
dontcache,hit,6116,265,567,832,0,1
dontcache,miss,6117,2509,10716,13225,56,1
dontcache,hit,6117,259,556,815,0,1
dontcache,miss,6118,2328,11000,13328,58,1
dontcache,hit,6118,260,578,838,0,1
dontcache,miss,6119,2859,10749,13608,56,1
dontcache,hit,6119,344,796,1140,0,1
dontcache,miss,6120,2350,10641,12991,56,1
dontcache,hit,6120,263,586,849,0,1
dontcache,miss,6121,2527,10880,13407,57,1
dontcache,hit,6121,259,577,836,0,1
dontcache,miss,6122,2385,10907,13292,57,1
dontcache,hit,6122,263,589,852,0,1
dontcache,miss,6123,2491,11077,13568,58,1
dontcache,hit,6123,267,559,826,0,1
dontcache,miss,6124,2589,10726,13315,56,1
dontcache,hit,6124,359,794,1153,0,1
dontcache,miss,6125,2616,10689,13305,56,1
dontcache,hit,6125,270,597,867,0,1
dontcache,miss,6126,2359,10947,13306,58,1
dontcache,hit,6126,266,568,834,0,1
dontcache,miss,6127,2526,10401,12927,54,1
dontcache,hit,6127,274,561,835,0,1
dontcache,miss,6128,2340,10999,13339,58,1
dontcache,hit,6128,265,545,810,0,1
dontcache,miss,6129,2489,10655,13144,56,1
dontcache,hit,6129,261,558,819,0,1
dontcache,miss,6130,2333,15420,17753,57,1
dontcache,hit,6130,271,663,934,0,1
dontcache,miss,6131,2524,11140,13664,58,1
dontcache,hit,6131,254,564,818,0,1
dontcache,miss,6132,2396,10784,13180,57,1
dontcache,hit,6132,259,552,811,0,1
dontcache,miss,6133,2512,11089,13601,58,1
dontcache,hit,6133,254,552,806,0,1
dontcache,miss,6134,2304,10834,13138,57,1
dontcache,hit,6134,260,534,794,0,1
dontcache,miss,6135,2514,14697,17211,48,1
dontcache,hit,6135,253,562,815,0,1
dontcache,miss,6136,2600,10509,13109,55,1
dontcache,hit,6136,268,601,869,0,1
dontcache,miss,6137,2498,10751,13249,56,1
dontcache,hit,6137,257,558,815,0,1
dontcache,miss,6138,2343,10594,12937,56,1
dontcache,hit,6138,262,537,799,0,1
dontcache,miss,6139,2504,10639,13143,56,1
dontcache,hit,6139,256,572,828,0,1
dontcache,miss,6140,2401,10680,13081,56,1
dontcache,hit,6140,260,531,791,0,1
dontcache,miss,6141,2872,10729,13601,56,1
dontcache,hit,6141,332,795,1127,0,1
dontcache,miss,6142,2359,11128,13487,59,1
dontcache,hit,6142,263,575,838,0,1
dontcache,miss,6143,2583,10782,13365,52,1
dontcache,hit,6143,261,1864,2125,0,1
dontcache,miss,6144,5421,12364,17785,65,1
dontcache,hit,6144,261,614,875,0,1
dontcache,miss,6145,2506,10674,13180,56,1
dontcache,hit,6145,263,571,834,0,1
dontcache,miss,6146,2278,11156,13434,59,1
dontcache,hit,6146,301,824,1125,0,1
dontcache,miss,6147,2521,11237,13758,59,1
dontcache,hit,6147,265,623,888,0,1
dontcache,miss,6148,2362,10623,12985,56,1
dontcache,hit,6148,255,599,854,0,1
dontcache,miss,6149,2527,10339,12866,54,1
dontcache,hit,6149,261,569,830,0,1
dontcache,miss,6150,2341,11127,13468,59,1
dontcache,hit,6150,259,558,817,0,1
dontcache,miss,6151,2473,11135,13608,58,1
dontcache,hit,6151,260,587,847,0,1
dontcache,miss,6152,2332,12621,14953,43,1
dontcache,hit,6152,269,639,908,0,1
dontcache,miss,6153,2497,10709,13206,56,1
dontcache,hit,6153,252,580,832,0,1
dontcache,miss,6154,2323,10878,13201,57,1
dontcache,hit,6154,257,574,831,0,1
dontcache,miss,6155,2706,10671,13377,56,1
dontcache,hit,6155,265,690,955,0,1
dontcache,miss,6156,2335,10795,13130,57,1
dontcache,hit,6156,262,553,815,0,1
dontcache,miss,6157,2494,12913,15407,43,1
dontcache,hit,6157,254,552,806,0,1
dontcache,miss,6158,2546,10833,13379,57,1
dontcache,hit,6158,268,735,1003,0,1
dontcache,miss,6159,2539,12705,15244,68,1
dontcache,hit,6159,476,545,1021,0,1
dontcache,miss,6160,2223,11008,13231,58,1
dontcache,hit,6160,257,552,809,0,1
dontcache,miss,6161,2473,10887,13360,57,1
dontcache,hit,6161,251,563,814,0,1
dontcache,miss,6162,2332,10646,12978,56,1
dontcache,hit,6162,256,538,794,0,1
dontcache,miss,6163,2774,10732,13506,56,1
dontcache,hit,6163,317,785,1102,0,1
dontcache,miss,6164,2377,10820,13197,57,1
dontcache,hit,6164,256,578,834,0,1
dontcache,miss,6165,2514,10866,13380,57,1
dontcache,hit,6165,261,564,825,0,1
dontcache,miss,6166,2384,10874,13258,57,1
dontcache,hit,6166,252,550,802,0,1
dontcache,miss,6167,2538,10645,13183,56,1
dontcache,hit,6167,256,559,815,0,1
dontcache,miss,6168,2342,10836,13178,57,1
dontcache,hit,6168,307,781,1088,0,1
dontcache,miss,6169,2559,10878,13437,57,1
dontcache,hit,6169,256,590,846,0,1
dontcache,miss,6170,2335,11009,13344,58,1
dontcache,hit,6170,258,552,810,0,1
dontcache,miss,6171,2526,10782,13308,57,1
dontcache,hit,6171,253,566,819,0,1
dontcache,miss,6172,2327,10863,13190,57,1
dontcache,hit,6172,261,557,818,0,1
dontcache,miss,6173,2490,10789,13279,57,1
dontcache,hit,6173,258,582,840,0,1
dontcache,miss,6174,2359,12315,14674,42,1
dontcache,hit,6174,268,623,891,0,1
dontcache,miss,6175,2925,11658,14583,61,1
dontcache,hit,6175,324,694,1018,0,1
dontcache,miss,6176,2348,11035,13383,58,1
dontcache,hit,6176,263,583,846,0,1
dontcache,miss,6177,2483,12467,14950,67,1
dontcache,hit,6177,256,593,849,0,1
dontcache,miss,6178,2411,15953,18364,87,1
dontcache,hit,6178,252,568,820,0,1
dontcache,miss,6179,2472,15867,18339,51,1
dontcache,hit,6179,251,569,820,0,1
dontcache,miss,6180,2756,10715,13471,56,1
dontcache,hit,6180,274,649,923,0,1
dontcache,miss,6181,2511,10972,13483,58,1
dontcache,hit,6181,259,573,832,0,1
dontcache,miss,6182,2341,10825,13166,57,1
dontcache,hit,6182,259,565,824,0,1
dontcache,miss,6183,2456,10979,13435,58,1
dontcache,hit,6183,256,560,816,0,1
dontcache,miss,6184,2368,10701,13069,56,1
dontcache,hit,6184,260,553,813,0,1
dontcache,miss,6185,2853,10777,13630,56,1
dontcache,hit,6185,333,780,1113,0,1
dontcache,miss,6186,2346,12571,14917,44,1
dontcache,hit,6186,264,587,851,0,1
dontcache,miss,6187,2502,10721,13223,56,1
dontcache,hit,6187,256,567,823,0,1
dontcache,miss,6188,2366,10997,13363,58,1
dontcache,hit,6188,262,536,798,0,1
dontcache,miss,6189,2553,11033,13586,58,1
dontcache,hit,6189,256,548,804,0,1
dontcache,miss,6190,2374,10683,13057,56,1
dontcache,hit,6190,327,806,1133,0,1
dontcache,miss,6191,2512,10835,13347,57,1
dontcache,hit,6191,261,598,859,0,1
dontcache,miss,6192,2358,10843,13201,57,1
dontcache,hit,6192,254,556,810,0,1
dontcache,miss,6193,2521,11027,13548,58,1
dontcache,hit,6193,259,554,813,0,1
dontcache,miss,6194,2366,10495,12861,55,1
dontcache,hit,6194,267,549,816,0,1
dontcache,miss,6195,2514,10661,13175,56,1
dontcache,hit,6195,271,556,827,0,1
dontcache,miss,6196,2335,15198,17533,56,1
dontcache,hit,6196,267,672,939,0,1
dontcache,miss,6197,2529,10704,13233,56,1
dontcache,hit,6197,253,562,815,0,1
dontcache,miss,6198,2357,10714,13071,56,1
dontcache,hit,6198,258,559,817,0,1
dontcache,miss,6199,2557,10617,13174,56,1
dontcache,hit,6199,257,565,822,0,1
dontcache,miss,6200,2415,10864,13279,57,1
dontcache,hit,6200,261,553,814,0,1
dontcache,miss,6201,2566,15022,17588,55,1
dontcache,hit,6201,259,542,801,0,1
dontcache,miss,6202,2524,10459,12983,55,1
dontcache,hit,6202,271,635,906,0,1
dontcache,miss,6203,2563,10606,13169,56,1
dontcache,hit,6203,256,555,811,0,1
dontcache,miss,6204,2375,10633,13008,56,1
dontcache,hit,6204,262,557,819,0,1
dontcache,miss,6205,2546,10627,13173,56,1
dontcache,hit,6205,256,551,807,0,1
dontcache,miss,6206,2397,10668,13065,56,1
dontcache,hit,6206,285,622,907,0,1
dontcache,miss,6207,2879,11232,14111,59,1
dontcache,hit,6207,342,788,1130,0,1
dontcache,miss,6208,2401,10824,13225,57,1
dontcache,hit,6208,262,592,854,0,1
dontcache,miss,6209,2526,10743,13269,56,1
dontcache,hit,6209,257,575,832,0,1
dontcache,miss,6210,2336,11219,13555,59,1
dontcache,hit,6210,260,577,837,0,1
dontcache,miss,6211,2484,11083,13567,58,1
dontcache,hit,6211,258,563,821,0,1
dontcache,miss,6212,2405,11181,13586,59,1
dontcache,hit,6212,330,800,1130,0,1
dontcache,miss,6213,2548,10829,13377,57,1
dontcache,hit,6213,254,596,850,0,1
dontcache,miss,6214,2388,10978,13366,58,1
dontcache,hit,6214,252,582,834,0,1
dontcache,miss,6215,2552,11006,13558,58,1
dontcache,hit,6215,258,565,823,0,1
dontcache,miss,6216,2362,10819,13181,57,1
dontcache,hit,6216,258,563,821,0,1
dontcache,miss,6217,2517,13706,16223,53,1
dontcache,hit,6217,258,557,815,0,1
dontcache,miss,6218,2496,12787,15283,48,1
dontcache,hit,6218,280,625,905,0,1
dontcache,miss,6219,2499,10653,13152,56,1
dontcache,hit,6219,250,597,847,0,1
dontcache,miss,6220,2342,10807,13149,57,1
dontcache,hit,6220,264,577,841,0,1
dontcache,miss,6221,2521,10864,13385,57,1
dontcache,hit,6221,250,574,824,0,1
dontcache,miss,6222,2325,10827,13152,57,1
dontcache,hit,6222,254,554,808,0,1
dontcache,miss,6223,2664,12479,15143,42,1
dontcache,hit,6223,253,553,806,0,1
dontcache,miss,6224,2465,10851,13316,57,1
dontcache,hit,6224,270,629,899,0,1
dontcache,miss,6225,2538,10880,13418,57,1
dontcache,hit,6225,255,565,820,0,1
dontcache,miss,6226,2305,10885,13190,57,1
dontcache,hit,6226,258,572,830,0,1
dontcache,miss,6227,2524,10664,13188,56,1
dontcache,hit,6227,261,564,825,0,1
dontcache,miss,6228,2327,10673,13000,56,1
dontcache,hit,6228,259,558,817,0,1
dontcache,miss,6229,2809,10672,13481,56,1
dontcache,hit,6229,334,786,1120,0,1
dontcache,miss,6230,2386,10623,13009,56,1
dontcache,hit,6230,252,563,815,0,1
dontcache,miss,6231,2563,10746,13309,56,1
dontcache,hit,6231,256,553,809,0,1
dontcache,miss,6232,2363,10620,12983,56,1
dontcache,hit,6232,258,575,833,0,1
dontcache,miss,6233,2533,10704,13237,56,1
dontcache,hit,6233,255,574,829,0,1
dontcache,miss,6234,2361,10872,13233,57,1
dontcache,hit,6234,318,781,1099,0,1
dontcache,miss,6235,2586,10682,13268,56,1
dontcache,hit,6235,259,619,878,0,1
dontcache,miss,6236,2353,10643,12996,56,1
dontcache,hit,6236,261,550,811,0,1
dontcache,miss,6237,2564,10817,13381,57,1
dontcache,hit,6237,261,566,827,0,1
dontcache,miss,6238,2392,16375,18767,56,1
dontcache,hit,6238,276,631,907,0,1
dontcache,miss,6239,2535,11092,13627,58,1
dontcache,hit,6239,263,586,849,0,1
dontcache,miss,6240,2320,15853,18173,51,1
dontcache,hit,6240,260,674,934,0,1
dontcache,miss,6241,2517,11036,13553,58,1
dontcache,hit,6241,258,588,846,0,1
dontcache,miss,6242,2367,11182,13549,59,1
dontcache,hit,6242,255,585,840,0,1
dontcache,miss,6243,2534,11075,13609,58,1
dontcache,hit,6243,253,576,829,0,1
dontcache,miss,6244,2397,10676,13073,56,1
dontcache,hit,6244,255,564,819,0,1
dontcache,miss,6245,2529,15079,17608,55,1
dontcache,hit,6245,254,569,823,0,1
dontcache,miss,6246,2555,10793,13348,49,1
dontcache,hit,6246,259,1631,1890,0,1
dontcache,miss,6247,2562,10839,13401,57,1
dontcache,hit,6247,256,574,830,0,1
dontcache,miss,6248,2317,10630,12947,56,1
dontcache,hit,6248,257,564,821,0,1
dontcache,miss,6249,2821,10853,13674,57,1
dontcache,hit,6249,268,651,919,0,1
dontcache,miss,6250,2350,10477,12827,55,1
dontcache,hit,6250,258,572,830,0,1
dontcache,miss,6251,2949,10886,13835,57,1
dontcache,hit,6251,362,852,1214,0,1
dontcache,miss,6252,2399,10631,13030,56,1
dontcache,hit,6252,264,578,842,0,1
dontcache,miss,6253,2536,10697,13233,56,1
dontcache,hit,6253,271,554,825,0,1
dontcache,miss,6254,2417,10981,13398,58,1
dontcache,hit,6254,479,1136,1615,0,1
dontcache,miss,6255,3026,13389,16415,70,1
dontcache,hit,6255,556,1665,2221,0,1
dontcache,miss,6256,2881,11348,14229,60,1
dontcache,hit,6256,641,1114,1755,0,1
dontcache,miss,6257,3293,14349,17642,77,1
dontcache,hit,6257,266,593,859,0,1
dontcache,miss,6258,2479,11968,14447,62,1
dontcache,hit,6258,262,920,1182,0,1
dontcache,miss,6259,2603,11445,14048,60,1
dontcache,hit,6259,258,552,810,0,1
dontcache,miss,6260,2756,11535,14291,61,1
dontcache,hit,6260,276,680,956,0,1
dontcache,miss,6261,3117,10885,14002,56,1
dontcache,hit,6261,259,611,870,0,1
dontcache,miss,6262,3336,16734,20070,53,1
dontcache,hit,6262,690,664,1354,0,1
dontcache,miss,6263,3520,11969,15489,62,1
dontcache,hit,6263,252,553,805,0,1
dontcache,miss,6264,2516,11905,14421,63,1
dontcache,hit,6264,262,560,822,0,1
dontcache,miss,6265,3220,13295,16515,63,1
dontcache,hit,6265,254,1470,1724,0,1
dontcache,miss,6266,2682,12562,15244,67,1
dontcache,hit,6266,293,907,1200,0,1
dontcache,miss,6267,2560,16944,19504,63,1
dontcache,hit,6267,268,570,838,0,1
dontcache,miss,6268,2608,11458,14066,60,1
dontcache,hit,6268,257,785,1042,0,1
dontcache,miss,6269,2734,13574,16308,73,1
dontcache,hit,6269,257,919,1176,0,1
dontcache,miss,6270,2488,18242,20730,98,1
dontcache,hit,6270,259,565,824,0,1
dontcache,miss,6271,2516,11213,13729,59,1
dontcache,hit,6271,255,561,816,0,1
dontcache,miss,6272,3262,11962,15224,61,1
dontcache,hit,6272,255,984,1239,0,1
dontcache,miss,6273,2883,11899,14782,63,1
dontcache,hit,6273,328,802,1130,0,1
dontcache,miss,6274,2370,11555,13925,60,1
dontcache,hit,6274,266,590,856,0,1
dontcache,miss,6275,2522,16992,19514,93,1
dontcache,hit,6275,261,860,1121,0,1
dontcache,miss,6276,2233,13210,15443,39,1
dontcache,hit,6276,257,637,894,0,1
dontcache,miss,6277,2722,12349,15071,65,1
dontcache,hit,6277,256,579,835,0,1
dontcache,miss,6278,2889,10979,13868,58,1
dontcache,hit,6278,316,770,1086,0,1
dontcache,miss,6279,2500,17627,20127,97,1
dontcache,hit,6279,258,576,834,0,1
dontcache,miss,6280,2109,13061,15170,67,1
dontcache,hit,6280,280,559,839,0,1
dontcache,miss,6281,2486,17826,20312,98,1
dontcache,hit,6281,266,609,875,0,1
dontcache,miss,6282,2265,14217,16482,77,1
dontcache,hit,6282,261,628,889,0,1
dontcache,miss,6283,2699,17981,20680,99,1
dontcache,hit,6283,467,574,1041,0,1
dontcache,miss,6284,2403,19472,21875,79,1
dontcache,hit,6284,272,838,1110,0,1
dontcache,miss,6285,3824,17982,21806,98,1
dontcache,hit,6285,251,571,822,0,1
dontcache,miss,6286,2505,13389,15894,72,1
dontcache,hit,6286,267,563,830,0,1
dontcache,miss,6287,2730,19354,22084,107,1
dontcache,hit,6287,251,559,810,0,1
dontcache,miss,6288,2292,12319,14611,66,1
dontcache,hit,6288,254,520,774,0,1
dontcache,miss,6289,3869,20768,24637,91,1
dontcache,hit,6289,258,626,884,0,1
dontcache,miss,6290,2597,15540,18137,85,1
dontcache,hit,6290,267,606,873,0,1
dontcache,miss,6291,2635,22665,25300,97,1
dontcache,hit,6291,260,539,799,0,1
dontcache,miss,6292,3668,16586,20254,90,1
dontcache,hit,6292,262,641,903,0,1
dontcache,miss,6293,2504,23303,25807,130,1
dontcache,hit,6293,255,570,825,0,1
dontcache,miss,6294,2118,14642,16760,79,1
dontcache,hit,6294,1614,560,2174,0,1
dontcache,miss,6295,2994,16480,19474,88,1
dontcache,hit,6295,340,1084,1424,0,1
dontcache,miss,6296,4116,21287,25403,85,1
dontcache,hit,6296,1551,1700,3251,0,1
dontcache,miss,6297,4476,16509,20985,89,1
dontcache,hit,6297,347,1273,1620,0,1
dontcache,miss,6298,2343,16542,18885,89,1
dontcache,hit,6298,277,878,1155,0,1
dontcache,miss,6299,2803,20946,23749,115,1
dontcache,hit,6299,322,675,997,0,1
dontcache,miss,6300,4055,22106,26161,120,1
dontcache,hit,6300,331,1164,1495,0,1
dontcache,miss,6301,2606,22145,24751,122,1
dontcache,hit,6301,262,627,889,0,1
dontcache,miss,6302,2488,16872,19360,91,1
dontcache,hit,6302,260,630,890,0,1
dontcache,miss,6303,2512,23240,25752,126,1
dontcache,hit,6303,257,566,823,0,1
dontcache,miss,6304,2926,14618,17544,78,1
dontcache,hit,6304,259,556,815,0,1
dontcache,miss,6305,2513,18141,20654,99,1
dontcache,hit,6305,255,573,828,0,1
dontcache,miss,6306,2457,17974,20431,64,1
dontcache,hit,6306,280,613,893,0,1
dontcache,miss,6307,3031,17294,20325,94,1
dontcache,hit,6307,255,662,917,0,1
dontcache,miss,6308,2854,15822,18676,83,1
dontcache,hit,6308,257,577,834,0,1
dontcache,miss,6309,3427,17112,20539,92,1
dontcache,hit,6309,254,1168,1422,0,1
dontcache,miss,6310,3111,13709,16820,73,1
dontcache,hit,6310,258,783,1041,0,1
dontcache,miss,6311,2345,20641,22986,86,1
dontcache,hit,6311,961,656,1617,0,1
dontcache,miss,6312,2560,17311,19871,95,1
dontcache,hit,6312,277,865,1142,0,1
dontcache,miss,6313,3072,15808,18880,86,1
dontcache,hit,6313,255,656,911,0,1
dontcache,miss,6314,2686,16685,19371,91,1
dontcache,hit,6314,258,644,902,0,1
dontcache,miss,6315,2503,15797,18300,83,1
dontcache,hit,6315,254,950,1204,0,1
dontcache,miss,6316,2915,25374,28289,136,1
dontcache,hit,6316,261,729,990,0,1
dontcache,miss,6317,3267,15699,18966,82,1
dontcache,hit,6317,746,985,1731,0,1
dontcache,miss,6318,2480,12302,14782,65,1
dontcache,hit,6318,260,579,839,0,1
dontcache,miss,6319,2667,11092,13759,58,1
dontcache,hit,6319,397,887,1284,0,1
dontcache,miss,6320,2318,11479,13797,59,1
dontcache,hit,6320,272,627,899,0,1
dontcache,miss,6321,3169,11947,15116,61,1
dontcache,hit,6321,273,744,1017,0,1
dontcache,miss,6322,2319,12722,15041,64,1
dontcache,hit,6322,325,846,1171,0,1
dontcache,miss,6323,2542,11177,13719,58,1
dontcache,hit,6323,261,957,1218,0,1
dontcache,miss,6324,2772,11398,14170,60,1
dontcache,hit,6324,275,560,835,0,1
dontcache,miss,6325,2563,11733,14296,61,1
dontcache,hit,6325,260,555,815,0,1
dontcache,miss,6326,2577,11548,14125,59,1
dontcache,hit,6326,262,702,964,0,1
dontcache,miss,6327,2736,12151,14887,64,1
dontcache,hit,6327,261,840,1101,0,1
dontcache,miss,6328,2332,12821,15153,43,1
dontcache,hit,6328,280,619,899,0,1
dontcache,miss,6329,2784,12172,14956,62,1
dontcache,hit,6329,252,923,1175,0,1
dontcache,miss,6330,2438,11637,14075,62,1
dontcache,hit,6330,256,683,939,0,1
dontcache,miss,6331,2606,10974,13580,58,1
dontcache,hit,6331,255,542,797,0,1
dontcache,miss,6332,2367,10637,13004,56,1
dontcache,hit,6332,259,548,807,0,1
dontcache,miss,6333,2516,12444,14960,42,1
dontcache,hit,6333,255,545,800,0,1
dontcache,miss,6334,2492,10802,13294,57,1
dontcache,hit,6334,266,606,872,0,1
dontcache,miss,6335,2471,10822,13293,56,1
dontcache,hit,6335,256,585,841,0,1
dontcache,miss,6336,2299,10669,12968,56,1
dontcache,hit,6336,260,567,827,0,1
dontcache,miss,6337,2486,10664,13150,56,1
dontcache,hit,6337,254,573,827,0,1
dontcache,miss,6338,2251,10631,12882,56,1
dontcache,hit,6338,258,558,816,0,1
dontcache,miss,6339,2754,10537,13291,55,1
dontcache,hit,6339,315,769,1084,0,1
dontcache,miss,6340,2323,10684,13007,56,1
dontcache,hit,6340,289,694,983,0,1
dontcache,miss,6341,2493,11074,13567,58,1
dontcache,hit,6341,257,597,854,0,1
dontcache,miss,6342,2340,11444,13784,60,1
dontcache,hit,6342,273,570,843,0,1
dontcache,miss,6343,2534,11079,13613,58,1
dontcache,hit,6343,257,568,825,0,1
dontcache,miss,6344,2321,11155,13476,59,1
dontcache,hit,6344,345,823,1168,0,1
dontcache,miss,6345,2548,10774,13322,56,1
dontcache,hit,6345,259,613,872,0,1
dontcache,miss,6346,2306,11180,13486,59,1
dontcache,hit,6346,263,572,835,0,1
dontcache,miss,6347,2513,11074,13587,58,1
dontcache,hit,6347,275,571,846,0,1
dontcache,miss,6348,2324,10959,13283,46,1
dontcache,hit,6348,262,1492,1754,0,1
dontcache,miss,6349,2505,11084,13589,58,1
dontcache,hit,6349,257,567,824,0,1
dontcache,miss,6350,2310,15498,17808,57,1
dontcache,hit,6350,271,646,917,0,1
dontcache,miss,6351,2452,12173,14625,33,1
dontcache,hit,6351,250,588,838,0,1
dontcache,miss,6352,2536,10887,13423,57,1
dontcache,hit,6352,257,583,840,0,1
dontcache,miss,6353,2528,11049,13577,58,1
dontcache,hit,6353,261,561,822,0,1
dontcache,miss,6354,2335,11153,13488,59,1
dontcache,hit,6354,257,553,810,0,1
dontcache,miss,6355,2485,15942,18427,52,1
dontcache,hit,6355,317,572,889,0,1
dontcache,miss,6356,2663,10696,13359,56,1
dontcache,hit,6356,272,629,901,0,1
dontcache,miss,6357,2538,10879,13417,57,1
dontcache,hit,6357,260,551,811,0,1
dontcache,miss,6358,2310,10868,13178,57,1
dontcache,hit,6358,256,552,808,0,1
dontcache,miss,6359,2515,10515,13030,55,1
dontcache,hit,6359,253,551,804,0,1
dontcache,miss,6360,2355,10633,12988,56,1
dontcache,hit,6360,256,536,792,0,1
dontcache,miss,6361,2794,10737,13531,56,1
dontcache,hit,6361,318,828,1146,0,1
dontcache,miss,6362,2309,10894,13203,57,1
dontcache,hit,6362,264,584,848,0,1
dontcache,miss,6363,2512,10705,13217,56,1
dontcache,hit,6363,258,564,822,0,1
dontcache,miss,6364,2346,10657,13003,56,1
dontcache,hit,6364,257,546,803,0,1
dontcache,miss,6365,2531,9580,12111,49,1
dontcache,hit,6365,258,552,810,0,1
dontcache,miss,6366,2400,10469,12869,55,1
dontcache,hit,6366,321,809,1130,0,1
dontcache,miss,6367,2516,10686,13202,56,1
dontcache,hit,6367,259,632,891,0,1
dontcache,miss,6368,2322,10696,13018,56,1
dontcache,hit,6368,262,541,803,0,1
dontcache,miss,6369,2515,10725,13240,56,1
dontcache,hit,6369,261,550,811,0,1
dontcache,miss,6370,2408,10821,13229,57,1
dontcache,hit,6370,259,554,813,0,1
dontcache,miss,6371,2549,10695,13244,56,1
dontcache,hit,6371,259,544,803,0,1
dontcache,miss,6372,2375,19867,22242,53,1
dontcache,hit,6372,259,716,975,0,1
dontcache,miss,6373,2527,11251,13778,59,1
dontcache,hit,6373,257,592,849,0,1
dontcache,miss,6374,2352,11007,13359,58,1
dontcache,hit,6374,259,584,843,0,1
dontcache,miss,6375,2534,11028,13562,58,1
dontcache,hit,6375,254,574,828,0,1
dontcache,miss,6376,2339,10671,13010,56,1
dontcache,hit,6376,256,559,815,0,1
dontcache,miss,6377,2572,12640,15212,43,1
dontcache,hit,6377,251,565,816,0,1
dontcache,miss,6378,2508,10871,13379,57,1
dontcache,hit,6378,257,626,883,0,1
dontcache,miss,6379,2519,10681,13200,56,1
dontcache,hit,6379,253,569,822,0,1
dontcache,miss,6380,2369,10651,13020,56,1
dontcache,hit,6380,255,573,828,0,1
dontcache,miss,6381,2514,10654,13168,56,1
dontcache,hit,6381,251,572,823,0,1
dontcache,miss,6382,2333,10849,13182,57,1
dontcache,hit,6382,255,581,836,0,1
dontcache,miss,6383,3168,10576,13744,55,1
dontcache,hit,6383,721,974,1695,0,1
dontcache,miss,6384,2476,10827,13303,57,1
dontcache,hit,6384,258,599,857,0,1
dontcache,miss,6385,2485,10840,13325,57,1
dontcache,hit,6385,260,586,846,0,1
dontcache,miss,6386,2328,11105,13433,59,1
dontcache,hit,6386,264,563,827,0,1
dontcache,miss,6387,2551,10641,13192,56,1
dontcache,hit,6387,261,569,830,0,1
dontcache,miss,6388,2360,11479,13839,61,1
dontcache,hit,6388,330,772,1102,0,1
dontcache,miss,6389,2532,10877,13409,57,1
dontcache,hit,6389,258,649,907,0,1
dontcache,miss,6390,2340,10616,12956,56,1
dontcache,hit,6390,262,596,858,0,1
dontcache,miss,6391,2541,11050,13591,58,1
dontcache,hit,6391,257,562,819,0,1
dontcache,miss,6392,2358,10602,12960,56,1
dontcache,hit,6392,261,569,830,0,1
dontcache,miss,6393,2547,10867,13414,57,1
dontcache,hit,6393,260,560,820,0,1
dontcache,miss,6394,2354,12319,14673,42,1
dontcache,hit,6394,261,640,901,0,1
dontcache,miss,6395,2513,10823,13336,57,1
dontcache,hit,6395,255,575,830,0,1
dontcache,miss,6396,2373,10610,12983,56,1
dontcache,hit,6396,255,561,816,0,1
dontcache,miss,6397,2520,10546,13066,55,1
dontcache,hit,6397,265,568,833,0,1
dontcache,miss,6398,2380,10702,13082,56,1
dontcache,hit,6398,254,562,816,0,1
dontcache,miss,6399,2536,12427,14963,42,1
dontcache,hit,6399,254,548,802,0,1
dontcache,miss,6400,2447,10460,12907,55,1
dontcache,hit,6400,259,745,1004,0,1
dontcache,miss,6401,2559,11070,13629,58,1
dontcache,hit,6401,254,574,828,0,1
dontcache,miss,6402,2819,11026,13845,57,1
dontcache,hit,6402,323,636,959,0,1
dontcache,miss,6403,3115,14156,17271,42,1
dontcache,hit,6403,256,575,831,0,1
dontcache,miss,6404,2803,11203,14006,59,1
dontcache,hit,6404,258,678,936,0,1
dontcache,miss,6405,3541,15682,19223,84,1
dontcache,hit,6405,614,1494,2108,0,1
dontcache,miss,6406,2361,11619,13980,62,1
dontcache,hit,6406,255,617,872,0,1
dontcache,miss,6407,2531,10565,13096,55,1
dontcache,hit,6407,272,596,868,0,1
dontcache,miss,6408,2286,11119,13405,59,1
dontcache,hit,6408,258,596,854,0,1
dontcache,miss,6409,2482,10703,13185,56,1
dontcache,hit,6409,255,582,837,0,1
dontcache,miss,6410,2300,11687,13987,62,1
dontcache,hit,6410,331,824,1155,0,1
dontcache,miss,6411,2571,10713,13284,56,1
dontcache,hit,6411,249,626,875,0,1
dontcache,miss,6412,2335,10786,13121,57,1
dontcache,hit,6412,257,566,823,0,1
dontcache,miss,6413,2538,10821,13359,57,1
dontcache,hit,6413,256,568,824,0,1
dontcache,miss,6414,6296,10804,17100,57,1
dontcache,hit,6414,256,578,834,0,1
dontcache,miss,6415,2500,10634,13134,56,1
dontcache,hit,6415,259,579,838,0,1
dontcache,miss,6416,2371,12883,15254,43,1
dontcache,hit,6416,261,659,920,0,1
dontcache,miss,6417,2533,10520,13053,55,1
dontcache,hit,6417,253,558,811,0,1
dontcache,miss,6418,2379,10451,12830,55,1
dontcache,hit,6418,254,576,830,0,1
dontcache,miss,6419,2534,9888,12422,51,1
dontcache,hit,6419,251,557,808,0,1
dontcache,miss,6420,2339,10496,12835,55,1
dontcache,hit,6420,260,572,832,0,1
dontcache,miss,6421,2508,12570,15078,43,1
dontcache,hit,6421,248,560,808,0,1
dontcache,miss,6422,2499,10545,13044,55,1
dontcache,hit,6422,262,612,874,0,1
dontcache,miss,6423,2537,10735,13272,56,1
dontcache,hit,6423,261,568,829,0,1
dontcache,miss,6424,2352,10678,13030,56,1
dontcache,hit,6424,251,558,809,0,1
dontcache,miss,6425,2491,10619,13110,56,1
dontcache,hit,6425,250,546,796,0,1
dontcache,miss,6426,2409,10411,12820,55,1
dontcache,hit,6426,257,553,810,0,1
dontcache,miss,6427,2769,10592,13361,55,1
dontcache,hit,6427,322,801,1123,0,1
dontcache,miss,6428,2429,10500,12929,55,1
dontcache,hit,6428,254,580,834,0,1
dontcache,miss,6429,2561,10506,13067,55,1
dontcache,hit,6429,262,563,825,0,1
dontcache,miss,6430,2418,10624,13042,56,1
dontcache,hit,6430,262,547,809,0,1
dontcache,miss,6431,2518,10536,13054,55,1
dontcache,hit,6431,260,552,812,0,1
dontcache,miss,6432,2321,10441,12762,55,1
dontcache,hit,6432,319,811,1130,0,1
dontcache,miss,6433,2563,10552,13115,55,1
dontcache,hit,6433,259,615,874,0,1
dontcache,miss,6434,2386,10521,12907,55,1
dontcache,hit,6434,306,710,1016,0,1
dontcache,miss,6435,2557,11319,13876,60,1
dontcache,hit,6435,262,597,859,0,1
dontcache,miss,6436,2380,11395,13775,60,1
dontcache,hit,6436,259,649,908,0,1
dontcache,miss,6437,2546,10843,13389,57,1
dontcache,hit,6437,257,567,824,0,1
dontcache,miss,6438,2372,12869,15241,43,1
dontcache,hit,6438,255,641,896,0,1
dontcache,miss,6439,2472,11497,13969,60,1
dontcache,hit,6439,255,565,820,0,1
dontcache,miss,6440,2260,10664,12924,56,1
dontcache,hit,6440,257,576,833,0,1
dontcache,miss,6441,2513,11006,13519,58,1
dontcache,hit,6441,255,561,816,0,1
dontcache,miss,6442,2366,10662,13028,56,1
dontcache,hit,6442,257,557,814,0,1
dontcache,miss,6443,3006,13710,16716,40,1
dontcache,hit,6443,257,560,817,0,1
dontcache,miss,6444,3576,14443,18019,67,1
dontcache,hit,6444,608,872,1480,0,1
dontcache,miss,6445,5436,15043,20479,74,1
dontcache,hit,6445,1474,1306,2780,0,1
dontcache,miss,6446,3249,18621,21870,100,1
dontcache,hit,6446,258,681,939,0,1
dontcache,miss,6447,2595,17546,20141,95,1
dontcache,hit,6447,253,567,820,0,1
dontcache,miss,6448,3956,13322,17278,69,1
dontcache,hit,6448,1250,1954,3204,0,1
dontcache,miss,6449,3568,13299,16867,69,1
dontcache,hit,6449,330,803,1133,0,1
dontcache,miss,6450,2484,13522,16006,71,1
dontcache,hit,6450,255,608,863,0,1
dontcache,miss,6451,2800,17311,20111,95,1
dontcache,hit,6451,258,591,849,0,1
dontcache,miss,6452,2349,16817,19166,92,1
dontcache,hit,6452,260,559,819,0,1
dontcache,miss,6453,2605,12728,15333,68,1
dontcache,hit,6453,260,577,837,0,1
dontcache,miss,6454,2343,13854,16197,75,1
dontcache,hit,6454,381,778,1159,0,1
dontcache,miss,6455,2790,12132,14922,64,1
dontcache,hit,6455,259,844,1103,0,1
dontcache,miss,6456,2337,11700,14037,62,1
dontcache,hit,6456,404,685,1089,0,1
dontcache,miss,6457,4061,11816,15877,61,1
dontcache,hit,6457,258,560,818,0,1
dontcache,miss,6458,2638,11115,13753,59,1
dontcache,hit,6458,260,576,836,0,1
dontcache,miss,6459,2517,11567,14084,60,1
dontcache,hit,6459,254,562,816,0,1
dontcache,miss,6460,2376,15418,17794,56,1
dontcache,hit,6460,275,644,919,0,1
dontcache,miss,6461,3393,11960,15353,64,1
dontcache,hit,6461,321,750,1071,0,1
dontcache,miss,6462,2662,13752,16414,70,1
dontcache,hit,6462,258,842,1100,0,1
dontcache,miss,6463,2515,13345,15860,63,1
dontcache,hit,6463,267,572,839,0,1
dontcache,miss,6464,2492,17857,20349,97,1
dontcache,hit,6464,261,572,833,0,1
dontcache,miss,6465,3185,13965,17150,47,1
dontcache,hit,6465,255,580,835,0,1
dontcache,miss,6466,2460,11637,14097,62,1
dontcache,hit,6466,269,663,932,0,1
dontcache,miss,6467,2521,10813,13334,56,1
dontcache,hit,6467,257,564,821,0,1
dontcache,miss,6468,2371,13186,15557,71,1
dontcache,hit,6468,277,559,836,0,1
dontcache,miss,6469,2623,11729,14352,62,1
dontcache,hit,6469,253,579,832,0,1
dontcache,miss,6470,2321,10938,13259,57,1
dontcache,hit,6470,258,574,832,0,1
dontcache,miss,6471,3547,12882,16429,68,1
dontcache,hit,6471,405,985,1390,0,1
dontcache,miss,6472,2412,11423,13835,60,1
dontcache,hit,6472,262,621,883,0,1
dontcache,miss,6473,3017,10545,13562,55,1
dontcache,hit,6473,254,647,901,0,1
dontcache,miss,6474,2481,12011,14492,63,1
dontcache,hit,6474,257,550,807,0,1
dontcache,miss,6475,2715,11028,13743,58,1
dontcache,hit,6475,258,547,805,0,1
dontcache,miss,6476,2858,11169,14027,59,1
dontcache,hit,6476,573,799,1372,0,1
dontcache,miss,6477,2940,11443,14383,60,1
dontcache,hit,6477,258,593,851,0,1
dontcache,miss,6478,3129,10943,14072,57,1
dontcache,hit,6478,272,563,835,0,1
dontcache,miss,6479,2559,12384,14943,63,1
dontcache,hit,6479,255,538,793,0,1
dontcache,miss,6480,2401,10765,13166,57,1
dontcache,hit,6480,261,555,816,0,1
dontcache,miss,6481,2524,12969,15493,69,1
dontcache,hit,6481,259,540,799,0,1
dontcache,miss,6482,2359,14500,16859,53,1
dontcache,hit,6482,268,635,903,0,1
dontcache,miss,6483,2662,11332,13994,60,1
dontcache,hit,6483,253,568,821,0,1
dontcache,miss,6484,2431,11121,13552,59,1
dontcache,hit,6484,257,569,826,0,1
dontcache,miss,6485,2851,11064,13915,58,1
dontcache,hit,6485,253,557,810,0,1
dontcache,miss,6486,2386,10822,13208,57,1
dontcache,hit,6486,257,553,810,0,1
dontcache,miss,6487,2549,13504,16053,48,1
dontcache,hit,6487,253,553,806,0,1
dontcache,miss,6488,2733,10838,13571,57,1
dontcache,hit,6488,267,605,872,0,1
dontcache,miss,6489,2564,12180,14744,64,1
dontcache,hit,6489,251,555,806,0,1
dontcache,miss,6490,2349,11208,13557,59,1
dontcache,hit,6490,306,680,986,0,1
dontcache,miss,6491,2509,12048,14557,61,1
dontcache,hit,6491,254,582,836,0,1
dontcache,miss,6492,2640,12956,15596,68,1
dontcache,hit,6492,255,841,1096,0,1
dontcache,miss,6493,3029,12359,15388,38,1
dontcache,hit,6493,347,832,1179,0,1
dontcache,miss,6494,3383,16108,19491,41,1
dontcache,hit,6494,1915,3638,5553,0,1
dontcache,miss,6495,14123,14232,28355,36,1
dontcache,hit,6495,940,3261,4201,0,1
dontcache,miss,6496,4857,14308,19165,54,1
dontcache,hit,6496,430,742,1172,0,1
dontcache,miss,6497,12910,7048,19958,12,1
dontcache,hit,6497,509,1173,1682,0,1
dontcache,miss,6498,6209,11254,17463,38,1
dontcache,hit,6498,354,986,1340,0,1
dontcache,miss,6499,3972,12384,16356,46,1
dontcache,hit,6499,320,1036,1356,0,1
dontcache,miss,6500,5167,12749,17916,45,1
dontcache,hit,6500,475,869,1344,0,1
dontcache,miss,6501,3634,14444,18078,46,1
dontcache,hit,6501,463,985,1448,0,1
dontcache,miss,6502,5132,12487,17619,39,1
dontcache,hit,6502,409,1470,1879,0,1
dontcache,miss,6503,5731,10744,16475,40,1
dontcache,hit,6503,336,831,1167,0,1
dontcache,miss,6504,3505,12568,16073,47,1
dontcache,hit,6504,310,818,1128,0,1
dontcache,miss,6505,3790,11207,14997,42,1
dontcache,hit,6505,388,793,1181,0,1
dontcache,miss,6506,3239,11394,14633,39,1
dontcache,hit,6506,453,1179,1632,0,1
dontcache,miss,6507,4630,11322,15952,39,1
dontcache,hit,6507,404,998,1402,0,1
dontcache,miss,6508,3604,11316,14920,35,1
dontcache,hit,6508,687,1040,1727,0,1
dontcache,miss,6509,4341,11129,15470,39,1
dontcache,hit,6509,442,948,1390,0,1
dontcache,miss,6510,5839,13299,19138,35,1
dontcache,hit,6510,432,1043,1475,0,1
dontcache,miss,6511,3998,11159,15157,35,1
dontcache,hit,6511,561,1074,1635,0,1
dontcache,miss,6512,3695,11006,14701,40,1
dontcache,hit,6512,294,911,1205,0,1
dontcache,miss,6513,8081,11926,20007,55,1
dontcache,hit,6513,259,611,870,0,1
dontcache,miss,6514,2927,11405,14332,60,1
dontcache,hit,6514,260,953,1213,0,1
dontcache,miss,6515,2533,11115,13648,58,1
dontcache,hit,6515,258,596,854,0,1
dontcache,miss,6516,2293,10679,12972,56,1
dontcache,hit,6516,259,583,842,0,1
dontcache,miss,6517,2485,10656,13141,56,1
dontcache,hit,6517,258,573,831,0,1
dontcache,miss,6518,2312,10820,13132,57,1
dontcache,hit,6518,260,563,823,0,1
dontcache,miss,6519,2543,10818,13361,57,1
dontcache,hit,6519,263,577,840,0,1
dontcache,miss,6520,2302,10976,13278,58,1
dontcache,hit,6520,266,571,837,0,1
dontcache,miss,6521,2514,10558,13072,55,1
dontcache,hit,6521,259,583,842,0,1
dontcache,miss,6522,2329,10451,12780,55,1
dontcache,hit,6522,263,581,844,0,1
dontcache,miss,6523,2502,11099,13601,58,1
dontcache,hit,6523,266,566,832,0,1
dontcache,miss,6524,2334,10689,13023,56,1
dontcache,hit,6524,263,571,834,0,1
dontcache,miss,6525,2663,10813,13476,56,1
dontcache,hit,6525,285,660,945,0,1
dontcache,miss,6526,2300,10629,12929,56,1
dontcache,hit,6526,260,576,836,0,1
dontcache,miss,6527,2512,10711,13223,56,1
dontcache,hit,6527,256,546,802,0,1
dontcache,miss,6528,2328,10515,12843,55,1
dontcache,hit,6528,263,551,814,0,1
dontcache,miss,6529,2506,10772,13278,56,1
dontcache,hit,6529,254,557,811,0,1
dontcache,miss,6530,2331,10518,12849,55,1
dontcache,hit,6530,258,557,815,0,1
dontcache,miss,6531,2523,10654,13177,56,1
dontcache,hit,6531,259,554,813,0,1
dontcache,miss,6532,2313,10465,12778,55,1
dontcache,hit,6532,256,551,807,0,1
dontcache,miss,6533,2504,10509,13013,55,1
dontcache,hit,6533,259,557,816,0,1
dontcache,miss,6534,2301,10654,12955,56,1
dontcache,hit,6534,261,558,819,0,1
dontcache,miss,6535,2512,10816,13328,56,1
dontcache,hit,6535,259,557,816,0,1
dontcache,miss,6536,2312,10470,12782,55,1
dontcache,hit,6536,268,556,824,0,1
dontcache,miss,6537,2538,10485,13023,55,1
dontcache,hit,6537,257,562,819,0,1
dontcache,miss,6538,2306,10526,12832,55,1
dontcache,hit,6538,261,544,805,0,1
dontcache,miss,6539,2470,10621,13091,56,1
dontcache,hit,6539,266,566,832,0,1
dontcache,miss,6540,2337,10507,12844,55,1
dontcache,hit,6540,260,537,797,0,1
dontcache,miss,6541,2532,10515,13047,55,1
dontcache,hit,6541,258,553,811,0,1
dontcache,miss,6542,2317,10457,12774,55,1
dontcache,hit,6542,264,558,822,0,1
dontcache,miss,6543,2505,10749,13254,56,1
dontcache,hit,6543,257,557,814,0,1
dontcache,miss,6544,2310,10468,12778,55,1
dontcache,hit,6544,259,551,810,0,1
dontcache,miss,6545,4310,11160,15470,35,1
dontcache,hit,6545,465,957,1422,0,1
dontcache,miss,6546,8733,11836,20569,38,1
dontcache,hit,6546,323,886,1209,0,1
dontcache,miss,6547,3881,11299,15180,36,1
dontcache,hit,6547,391,883,1274,0,1
dontcache,miss,6548,4055,10957,15012,33,1
dontcache,hit,6548,316,868,1184,0,1
dontcache,miss,6549,2497,10773,13270,56,1
dontcache,hit,6549,270,606,876,0,1
dontcache,miss,6550,2343,10696,13039,56,1
dontcache,hit,6550,259,575,834,0,1
dontcache,miss,6551,2547,10474,13021,55,1
dontcache,hit,6551,261,582,843,0,1
dontcache,miss,6552,2410,10664,13074,56,1
dontcache,hit,6552,260,570,830,0,1
dontcache,miss,6553,2567,10805,13372,51,1
dontcache,hit,6553,261,2153,2414,0,1
dontcache,miss,6554,2332,10808,13140,57,1
dontcache,hit,6554,265,589,854,0,1
dontcache,miss,6555,2544,10459,13003,55,1
dontcache,hit,6555,272,586,858,0,1
dontcache,miss,6556,2384,10606,12990,56,1
dontcache,hit,6556,264,572,836,0,1
dontcache,miss,6557,2540,10621,13161,56,1
dontcache,hit,6557,285,636,921,0,1
dontcache,miss,6558,2376,10634,13010,56,1
dontcache,hit,6558,260,563,823,0,1
dontcache,miss,6559,2486,9631,12117,50,1
dontcache,hit,6559,261,563,824,0,1
dontcache,miss,6560,2337,9433,11770,49,1
dontcache,hit,6560,257,556,813,0,1
dontcache,miss,6561,2498,10659,13157,56,1
dontcache,hit,6561,259,555,814,0,1
dontcache,miss,6562,2326,10602,12928,56,1
dontcache,hit,6562,258,558,816,0,1
dontcache,miss,6563,2506,10468,12974,55,1
dontcache,hit,6563,258,563,821,0,1
dontcache,miss,6564,2318,10624,12942,56,1
dontcache,hit,6564,260,551,811,0,1
dontcache,miss,6565,2471,10559,13030,55,1
dontcache,hit,6565,257,555,812,0,1
dontcache,miss,6566,2354,10650,13004,56,1
dontcache,hit,6566,262,565,827,0,1
dontcache,miss,6567,2508,10914,13422,57,1
dontcache,hit,6567,260,557,817,0,1
dontcache,miss,6568,2319,10596,12915,56,1
dontcache,hit,6568,261,555,816,0,1
dontcache,miss,6569,2464,10482,12946,55,1
dontcache,hit,6569,260,563,823,0,1
dontcache,miss,6570,2306,10503,12809,55,1
dontcache,hit,6570,259,558,817,0,1
dontcache,miss,6571,2504,10519,13023,55,1
dontcache,hit,6571,260,555,815,0,1
dontcache,miss,6572,2300,10586,12886,56,1
dontcache,hit,6572,263,558,821,0,1
dontcache,miss,6573,2523,10488,13011,55,1
dontcache,hit,6573,261,562,823,0,1
dontcache,miss,6574,2373,10646,13019,56,1
dontcache,hit,6574,261,555,816,0,1
dontcache,miss,6575,2502,10738,13240,56,1
dontcache,hit,6575,260,552,812,0,1
dontcache,miss,6576,2352,10442,12794,55,1
dontcache,hit,6576,269,558,827,0,1
dontcache,miss,6577,2506,10567,13073,55,1
dontcache,hit,6577,261,553,814,0,1
dontcache,miss,6578,2312,14023,16335,43,1
dontcache,hit,6578,270,635,905,0,1
dontcache,miss,6579,2484,11040,13524,58,1
dontcache,hit,6579,262,604,866,0,1
dontcache,miss,6580,2310,10940,13250,58,1
dontcache,hit,6580,262,588,850,0,1
dontcache,miss,6581,2505,10953,13458,57,1
dontcache,hit,6581,265,592,857,0,1
dontcache,miss,6582,2291,11063,13354,58,1
dontcache,hit,6582,265,585,850,0,1
dontcache,miss,6583,2473,10619,13092,55,1
dontcache,hit,6583,260,586,846,0,1
dontcache,miss,6584,2411,10938,13349,58,1
dontcache,hit,6584,263,584,847,0,1
dontcache,miss,6585,2525,10999,13524,58,1
dontcache,hit,6585,259,585,844,0,1
dontcache,miss,6586,2274,10968,13242,58,1
dontcache,hit,6586,268,572,840,0,1
dontcache,miss,6587,2495,10597,13092,55,1
dontcache,hit,6587,258,576,834,0,1
dontcache,miss,6588,2311,10851,13162,57,1
dontcache,hit,6588,262,572,834,0,1
dontcache,miss,6589,2489,15194,17683,50,1
dontcache,hit,6589,261,578,839,0,1
dontcache,miss,6590,2480,10509,12989,55,1
dontcache,hit,6590,263,614,877,0,1
dontcache,miss,6591,2495,10882,13377,57,1
dontcache,hit,6591,257,642,899,0,1
dontcache,miss,6592,2351,10691,13042,56,1
dontcache,hit,6592,258,552,810,0,1
dontcache,miss,6593,2476,10618,13094,56,1
dontcache,hit,6593,262,560,822,0,1
dontcache,miss,6594,2305,10672,12977,56,1
dontcache,hit,6594,262,608,870,0,1
dontcache,miss,6595,2502,10673,13175,56,1
dontcache,hit,6595,262,548,810,0,1
dontcache,miss,6596,2332,10869,13201,57,1
dontcache,hit,6596,262,553,815,0,1
dontcache,miss,6597,2461,10668,13129,56,1
dontcache,hit,6597,261,563,824,0,1
dontcache,miss,6598,2338,10617,12955,56,1
dontcache,hit,6598,259,551,810,0,1
dontcache,miss,6599,2497,10671,13168,56,1
dontcache,hit,6599,263,555,818,0,1
dontcache,miss,6600,2319,10484,12803,55,1
dontcache,hit,6600,264,542,806,0,1
dontcache,miss,6601,2448,10646,13094,56,1
dontcache,hit,6601,266,565,831,0,1
dontcache,miss,6602,2299,10702,13001,56,1
dontcache,hit,6602,256,547,803,0,1
dontcache,miss,6603,2496,10750,13246,56,1
dontcache,hit,6603,262,549,811,0,1
dontcache,miss,6604,2307,10782,13089,57,1
dontcache,hit,6604,262,549,811,0,1
dontcache,miss,6605,2468,10537,13005,55,1
dontcache,hit,6605,261,543,804,0,1
dontcache,miss,6606,2326,10618,12944,56,1
dontcache,hit,6606,261,554,815,0,1
dontcache,miss,6607,2467,10639,13106,56,1
dontcache,hit,6607,260,545,805,0,1
dontcache,miss,6608,2329,10503,12832,55,1
dontcache,hit,6608,265,567,832,0,1
dontcache,miss,6609,2480,10657,13137,56,1
dontcache,hit,6609,261,548,809,0,1
dontcache,miss,6610,2337,10581,12918,56,1
dontcache,hit,6610,341,697,1038,0,1
dontcache,miss,6611,2544,11552,14096,61,1
dontcache,hit,6611,264,591,855,0,1
dontcache,miss,6612,2299,10801,13100,57,1
dontcache,hit,6612,257,587,844,0,1
dontcache,miss,6613,2463,10865,13328,57,1
dontcache,hit,6613,254,594,848,0,1
dontcache,miss,6614,2272,10686,12958,56,1
dontcache,hit,6614,257,566,823,0,1
dontcache,miss,6615,2509,10510,13019,55,1
dontcache,hit,6615,254,573,827,0,1
dontcache,miss,6616,2343,10698,13041,56,1
dontcache,hit,6616,263,587,850,0,1
dontcache,miss,6617,2456,10668,13124,56,1
dontcache,hit,6617,257,571,828,0,1
dontcache,miss,6618,2282,10704,12986,56,1
dontcache,hit,6618,258,588,846,0,1
dontcache,miss,6619,2478,10515,12993,55,1
dontcache,hit,6619,256,574,830,0,1
dontcache,miss,6620,2307,10808,13115,57,1
dontcache,hit,6620,260,570,830,0,1
dontcache,miss,6621,2539,10636,13175,56,1
dontcache,hit,6621,258,574,832,0,1
dontcache,miss,6622,2342,10618,12960,56,1
dontcache,hit,6622,283,746,1029,0,1
dontcache,miss,6623,2540,10706,13246,56,1
dontcache,hit,6623,259,592,851,0,1
dontcache,miss,6624,2379,10971,13350,58,1
dontcache,hit,6624,259,564,823,0,1
dontcache,miss,6625,2481,10803,13284,57,1
dontcache,hit,6625,258,564,822,0,1
dontcache,miss,6626,2259,10672,12931,56,1
dontcache,hit,6626,260,548,808,0,1
dontcache,miss,6627,2502,10524,13026,55,1
dontcache,hit,6627,274,551,825,0,1
dontcache,miss,6628,2284,10615,12899,56,1
dontcache,hit,6628,256,554,810,0,1
dontcache,miss,6629,2500,10742,13242,56,1
dontcache,hit,6629,255,556,811,0,1
dontcache,miss,6630,2288,10642,12930,56,1
dontcache,hit,6630,262,554,816,0,1
dontcache,miss,6631,2458,10844,13302,57,1
dontcache,hit,6631,256,553,809,0,1
dontcache,miss,6632,2346,10663,13009,56,1
dontcache,hit,6632,260,550,810,0,1
dontcache,miss,6633,2491,10718,13209,56,1
dontcache,hit,6633,256,554,810,0,1
dontcache,miss,6634,2336,10548,12884,55,1
dontcache,hit,6634,258,553,811,0,1
dontcache,miss,6635,2454,10709,13163,56,1
dontcache,hit,6635,257,572,829,0,1
dontcache,miss,6636,2315,10655,12970,56,1
dontcache,hit,6636,260,550,810,0,1
dontcache,miss,6637,2507,9318,11825,48,1
dontcache,hit,6637,262,545,807,0,1
dontcache,miss,6638,2334,9284,11618,48,1
dontcache,hit,6638,258,559,817,0,1
dontcache,miss,6639,2487,10553,13040,55,1
dontcache,hit,6639,258,550,808,0,1
dontcache,miss,6640,2293,10463,12756,55,1
dontcache,hit,6640,256,538,794,0,1
dontcache,miss,6641,2508,10703,13211,56,1
dontcache,hit,6641,258,540,798,0,1
dontcache,miss,6642,2325,10420,12745,55,1
dontcache,hit,6642,260,537,797,0,1
dontcache,miss,6643,2464,13494,15958,45,1
dontcache,hit,6643,256,544,800,0,1
dontcache,miss,6644,2660,10716,13376,56,1
dontcache,hit,6644,259,636,895,0,1
dontcache,miss,6645,2504,10676,13180,56,1
dontcache,hit,6645,275,586,861,0,1
dontcache,miss,6646,2305,10910,13215,58,1
dontcache,hit,6646,265,564,829,0,1
dontcache,miss,6647,2520,10923,13443,57,1
dontcache,hit,6647,260,584,844,0,1
dontcache,miss,6648,2339,10786,13125,57,1
dontcache,hit,6648,262,574,836,0,1
dontcache,miss,6649,2509,10630,13139,56,1
dontcache,hit,6649,260,569,829,0,1
dontcache,miss,6650,2294,10881,13175,57,1
dontcache,hit,6650,259,562,821,0,1
dontcache,miss,6651,2515,11013,13528,58,1
dontcache,hit,6651,257,585,842,0,1
dontcache,miss,6652,2291,10813,13104,57,1
dontcache,hit,6652,261,559,820,0,1
dontcache,miss,6653,2477,10718,13195,56,1
dontcache,hit,6653,257,563,820,0,1
dontcache,miss,6654,2329,10479,12808,55,1
dontcache,hit,6654,265,569,834,0,1
dontcache,miss,6655,3018,10979,13997,52,1
dontcache,hit,6655,261,1797,2058,0,1
dontcache,miss,6656,2383,10634,13017,56,1
dontcache,hit,6656,267,601,868,0,1
dontcache,miss,6657,2459,10839,13298,57,1
dontcache,hit,6657,262,561,823,0,1
dontcache,miss,6658,2339,10694,13033,56,1
dontcache,hit,6658,260,560,820,0,1
dontcache,miss,6659,2539,10668,13207,56,1
dontcache,hit,6659,255,565,820,0,1
dontcache,miss,6660,2348,10469,12817,55,1
dontcache,hit,6660,258,576,834,0,1
dontcache,miss,6661,2501,10642,13143,56,1
dontcache,hit,6661,257,572,829,0,1
dontcache,miss,6662,2360,10680,13040,56,1
dontcache,hit,6662,260,584,844,0,1
dontcache,miss,6663,2483,10686,13169,56,1
dontcache,hit,6663,255,561,816,0,1
dontcache,miss,6664,2369,10543,12912,55,1
dontcache,hit,6664,257,550,807,0,1
dontcache,miss,6665,2496,10517,13013,55,1
dontcache,hit,6665,258,560,818,0,1
dontcache,miss,6666,2325,10519,12844,55,1
dontcache,hit,6666,258,553,811,0,1
dontcache,miss,6667,2463,10478,12941,55,1
dontcache,hit,6667,261,542,803,0,1
dontcache,miss,6668,2321,10639,12960,56,1
dontcache,hit,6668,259,555,814,0,1
dontcache,miss,6669,2516,10799,13315,56,1
dontcache,hit,6669,255,549,804,0,1
dontcache,miss,6670,2354,10620,12974,56,1
dontcache,hit,6670,265,548,813,0,1
dontcache,miss,6671,2565,10594,13159,55,1
dontcache,hit,6671,263,548,811,0,1
dontcache,miss,6672,2379,10667,13046,56,1
dontcache,hit,6672,260,557,817,0,1
dontcache,miss,6673,2492,10653,13145,56,1
dontcache,hit,6673,256,542,798,0,1
dontcache,miss,6674,2352,10654,13006,56,1
dontcache,hit,6674,256,609,865,0,1
dontcache,miss,6675,2469,10533,13002,55,1
dontcache,hit,6675,258,551,809,0,1
dontcache,miss,6676,2309,10590,12899,55,1
dontcache,hit,6676,416,1178,1594,0,1
dontcache,miss,6677,2911,11666,14577,61,1
dontcache,hit,6677,341,851,1192,0,1
dontcache,miss,6678,2319,10851,13170,57,1
dontcache,hit,6678,257,588,845,0,1
dontcache,miss,6679,2475,11005,13480,58,1
dontcache,hit,6679,252,571,823,0,1
dontcache,miss,6680,2307,10664,12971,56,1
dontcache,hit,6680,256,577,833,0,1
dontcache,miss,6681,2490,10542,13032,55,1
dontcache,hit,6681,257,570,827,0,1
dontcache,miss,6682,2319,10641,12960,56,1
dontcache,hit,6682,262,580,842,0,1
dontcache,miss,6683,2461,10480,12941,55,1
dontcache,hit,6683,258,574,832,0,1
dontcache,miss,6684,2304,10689,12993,56,1
dontcache,hit,6684,260,577,837,0,1
dontcache,miss,6685,2500,10565,13065,55,1
dontcache,hit,6685,312,564,876,0,1
dontcache,miss,6686,2333,10836,13169,57,1
dontcache,hit,6686,256,567,823,0,1
dontcache,miss,6687,2478,10663,13141,56,1
dontcache,hit,6687,255,559,814,0,1
dontcache,miss,6688,2579,10801,13380,56,1
dontcache,hit,6688,253,594,847,0,1
dontcache,miss,6689,2506,10593,13099,56,1
dontcache,hit,6689,256,578,834,0,1
dontcache,miss,6690,2332,10729,13061,56,1
dontcache,hit,6690,254,549,803,0,1
dontcache,miss,6691,2521,11029,13550,58,1
dontcache,hit,6691,257,564,821,0,1
dontcache,miss,6692,2312,10511,12823,55,1
dontcache,hit,6692,260,559,819,0,1
dontcache,miss,6693,2467,11389,13856,60,1
dontcache,hit,6693,257,565,822,0,1
dontcache,miss,6694,2321,10589,12910,56,1
dontcache,hit,6694,259,550,809,0,1
dontcache,miss,6695,2422,9118,11540,47,1
dontcache,hit,6695,254,560,814,0,1
dontcache,miss,6696,2337,9288,11625,48,1
dontcache,hit,6696,257,555,812,0,1
dontcache,miss,6697,2477,10681,13158,56,1
dontcache,hit,6697,253,558,811,0,1
dontcache,miss,6698,2324,10566,12890,55,1
dontcache,hit,6698,260,547,807,0,1
dontcache,miss,6699,2483,10608,13091,56,1
dontcache,hit,6699,258,553,811,0,1
dontcache,miss,6700,2326,10477,12803,55,1
dontcache,hit,6700,261,543,804,0,1
dontcache,miss,6701,2477,10536,13013,55,1
dontcache,hit,6701,253,540,793,0,1
dontcache,miss,6702,2339,10496,12835,55,1
dontcache,hit,6702,260,546,806,0,1
dontcache,miss,6703,2498,10632,13130,56,1
dontcache,hit,6703,254,560,814,0,1
dontcache,miss,6704,2298,10682,12980,56,1
dontcache,hit,6704,261,546,807,0,1
dontcache,miss,6705,2487,10477,12964,55,1
dontcache,hit,6705,262,560,822,0,1
dontcache,miss,6706,2381,10627,13008,56,1
dontcache,hit,6706,260,548,808,0,1
dontcache,miss,6707,2489,10530,13019,55,1
dontcache,hit,6707,253,554,807,0,1
dontcache,miss,6708,2309,10511,12820,55,1
dontcache,hit,6708,256,558,814,0,1
dontcache,miss,6709,2951,11147,14098,58,1
dontcache,hit,6709,320,719,1039,0,1
dontcache,miss,6710,2375,10460,12835,55,1
dontcache,hit,6710,271,584,855,0,1
dontcache,miss,6711,2511,9902,12413,51,1
dontcache,hit,6711,261,574,835,0,1
dontcache,miss,6712,2361,9622,11983,50,1
dontcache,hit,6712,264,565,829,0,1
dontcache,miss,6713,2484,10843,13327,57,1
dontcache,hit,6713,260,572,832,0,1
dontcache,miss,6714,2324,10598,12922,56,1
dontcache,hit,6714,265,567,832,0,1
dontcache,miss,6715,2478,10483,12961,55,1
dontcache,hit,6715,265,586,851,0,1
dontcache,miss,6716,2322,11020,13342,58,1
dontcache,hit,6716,258,555,813,0,1
dontcache,miss,6717,2451,10516,12967,55,1
dontcache,hit,6717,262,557,819,0,1
dontcache,miss,6718,2374,10801,13175,57,1
dontcache,hit,6718,262,565,827,0,1
dontcache,miss,6719,2516,10533,13049,55,1
dontcache,hit,6719,261,575,836,0,1
dontcache,miss,6720,2328,10468,12796,55,1
dontcache,hit,6720,259,557,816,0,1
dontcache,miss,6721,2735,10654,13389,56,1
dontcache,hit,6721,280,674,954,0,1
dontcache,miss,6722,2286,10693,12979,56,1
dontcache,hit,6722,259,565,824,0,1
dontcache,miss,6723,2529,11037,13566,58,1
dontcache,hit,6723,260,545,805,0,1
dontcache,miss,6724,2300,10600,12900,56,1
dontcache,hit,6724,248,559,807,0,1
dontcache,miss,6725,2485,10507,12992,55,1
dontcache,hit,6725,252,570,822,0,1
dontcache,miss,6726,2326,10663,12989,56,1
dontcache,hit,6726,256,548,804,0,1
dontcache,miss,6727,2488,10630,13118,56,1
dontcache,hit,6727,259,556,815,0,1
dontcache,miss,6728,2326,10620,12946,56,1
dontcache,hit,6728,258,549,807,0,1
dontcache,miss,6729,2500,10690,13190,56,1
dontcache,hit,6729,255,555,810,0,1
dontcache,miss,6730,2323,10592,12915,56,1
dontcache,hit,6730,253,548,801,0,1
dontcache,miss,6731,2481,10459,12940,55,1
dontcache,hit,6731,252,554,806,0,1
dontcache,miss,6732,2295,10491,12786,55,1
dontcache,hit,6732,258,544,802,0,1
dontcache,miss,6733,2485,10687,13172,56,1
dontcache,hit,6733,252,548,800,0,1
dontcache,miss,6734,2340,10670,13010,56,1
dontcache,hit,6734,256,544,800,0,1
dontcache,miss,6735,2476,10657,13133,56,1
dontcache,hit,6735,255,558,813,0,1
dontcache,miss,6736,2312,10434,12746,55,1
dontcache,hit,6736,259,549,808,0,1
dontcache,miss,6737,2456,10490,12946,55,1
dontcache,hit,6737,256,548,804,0,1
dontcache,miss,6738,2307,10624,12931,56,1
dontcache,hit,6738,263,552,815,0,1
dontcache,miss,6739,2486,9299,11785,48,1
dontcache,hit,6739,257,555,812,0,1
dontcache,miss,6740,2316,9300,11616,48,1
dontcache,hit,6740,258,562,820,0,1
dontcache,miss,6741,2514,10694,13208,56,1
dontcache,hit,6741,274,555,829,0,1
dontcache,miss,6742,2321,10441,12762,55,1
dontcache,hit,6742,312,746,1058,0,1
dontcache,miss,6743,2529,11121,13650,58,1
dontcache,hit,6743,258,583,841,0,1
dontcache,miss,6744,2343,10640,12983,56,1
dontcache,hit,6744,263,586,849,0,1
dontcache,miss,6745,2508,10858,13366,57,1
dontcache,hit,6745,256,575,831,0,1
dontcache,miss,6746,2338,10632,12970,56,1
dontcache,hit,6746,260,576,836,0,1
dontcache,miss,6747,2518,10884,13402,57,1
dontcache,hit,6747,263,568,831,0,1
dontcache,miss,6748,2390,10506,12896,55,1
dontcache,hit,6748,261,572,833,0,1
dontcache,miss,6749,2506,11535,14041,61,1
dontcache,hit,6749,255,581,836,0,1
dontcache,miss,6750,2407,10605,13012,56,1
dontcache,hit,6750,259,571,830,0,1
dontcache,miss,6751,2541,10705,13246,56,1
dontcache,hit,6751,254,576,830,0,1
dontcache,miss,6752,2362,10737,13099,56,1
dontcache,hit,6752,261,567,828,0,1
dontcache,miss,6753,2489,10729,13218,56,1
dontcache,hit,6753,252,568,820,0,1
dontcache,miss,6754,2330,12474,14804,33,1
dontcache,hit,6754,258,610,868,0,1
dontcache,miss,6755,2510,10907,13417,57,1
dontcache,hit,6755,260,562,822,0,1
dontcache,miss,6756,2374,10484,12858,55,1
dontcache,hit,6756,262,559,821,0,1
dontcache,miss,6757,2483,10849,13332,57,1
dontcache,hit,6757,259,564,823,0,1
dontcache,miss,6758,2305,10541,12846,48,1
dontcache,hit,6758,256,1366,1622,0,1
dontcache,miss,6759,2508,10497,13005,55,1
dontcache,hit,6759,255,570,825,0,1
dontcache,miss,6760,2364,10842,13206,57,1
dontcache,hit,6760,258,538,796,0,1
dontcache,miss,6761,2507,10682,13189,56,1
dontcache,hit,6761,257,549,806,0,1
dontcache,miss,6762,2321,10690,13011,56,1
dontcache,hit,6762,256,545,801,0,1
dontcache,miss,6763,2504,10603,13107,55,1
dontcache,hit,6763,257,536,793,0,1
dontcache,miss,6764,2416,10660,13076,56,1
dontcache,hit,6764,253,551,804,0,1
dontcache,miss,6765,2511,10668,13179,56,1
dontcache,hit,6765,256,551,807,0,1
dontcache,miss,6766,2384,10516,12900,55,1
dontcache,hit,6766,258,566,824,0,1
dontcache,miss,6767,2505,10665,13170,56,1
dontcache,hit,6767,258,549,807,0,1
dontcache,miss,6768,2333,10430,12763,55,1
dontcache,hit,6768,259,559,818,0,1
dontcache,miss,6769,2481,10529,13010,55,1
dontcache,hit,6769,256,542,798,0,1
dontcache,miss,6770,2393,10431,12824,55,1
dontcache,hit,6770,252,551,803,0,1
dontcache,miss,6771,2470,10314,12784,54,1
dontcache,hit,6771,255,542,797,0,1
dontcache,miss,6772,2333,10467,12800,55,1
dontcache,hit,6772,264,547,811,0,1
dontcache,miss,6773,2476,10662,13138,56,1
dontcache,hit,6773,254,554,808,0,1
dontcache,miss,6774,2388,10409,12797,55,1
dontcache,hit,6774,257,550,807,0,1
dontcache,miss,6775,3054,11021,14075,58,1
dontcache,hit,6775,340,736,1076,0,1
dontcache,miss,6776,2367,10759,13126,56,1
dontcache,hit,6776,264,573,837,0,1
dontcache,miss,6777,2499,10587,13086,56,1
dontcache,hit,6777,265,585,850,0,1
dontcache,miss,6778,2310,11020,13330,58,1
dontcache,hit,6778,260,568,828,0,1
dontcache,miss,6779,2520,10696,13216,56,1
dontcache,hit,6779,260,574,834,0,1
dontcache,miss,6780,2299,10633,12932,56,1
dontcache,hit,6780,261,575,836,0,1
dontcache,miss,6781,2485,10541,13026,55,1
dontcache,hit,6781,261,586,847,0,1
dontcache,miss,6782,2385,10950,13335,58,1
dontcache,hit,6782,260,568,828,0,1
dontcache,miss,6783,2552,13260,15812,71,1
dontcache,hit,6783,261,557,818,0,1
dontcache,miss,6784,2271,13702,15973,74,1
dontcache,hit,6784,331,565,896,0,1
dontcache,miss,6785,4206,13227,17433,69,1
dontcache,hit,6785,441,1046,1487,0,1
dontcache,miss,6786,2398,13103,15501,70,1
dontcache,hit,6786,285,754,1039,0,1
dontcache,miss,6787,2546,13601,16147,73,1
dontcache,hit,6787,262,694,956,0,1
dontcache,miss,6788,2362,13478,15840,73,1
dontcache,hit,6788,258,618,876,0,1
dontcache,miss,6789,2459,13206,15665,45,1
dontcache,hit,6789,256,561,817,0,1
dontcache,miss,6790,3406,12302,15708,41,1
dontcache,hit,6790,386,769,1155,0,1
dontcache,miss,6791,3221,12019,15240,40,1
dontcache,hit,6791,355,717,1072,0,1
dontcache,miss,6792,3398,12632,16030,56,1
dontcache,hit,6792,263,588,851,0,1
dontcache,miss,6793,2518,10788,13306,57,1
dontcache,hit,6793,252,559,811,0,1
dontcache,miss,6794,2356,10851,13207,57,1
dontcache,hit,6794,257,559,816,0,1
dontcache,miss,6795,2509,10651,13160,56,1
dontcache,hit,6795,268,548,816,0,1
dontcache,miss,6796,2324,10687,13011,56,1
dontcache,hit,6796,259,540,799,0,1
dontcache,miss,6797,2526,10708,13234,56,1
dontcache,hit,6797,254,537,791,0,1
dontcache,miss,6798,2346,10611,12957,56,1
dontcache,hit,6798,258,535,793,0,1
dontcache,miss,6799,2509,10703,13212,56,1
dontcache,hit,6799,266,533,799,0,1
dontcache,miss,6800,2339,10634,12973,56,1
dontcache,hit,6800,255,555,810,0,1
dontcache,miss,6801,2523,9356,11879,48,1
dontcache,hit,6801,257,532,789,0,1
dontcache,miss,6802,2342,9293,11635,48,1
dontcache,hit,6802,259,531,790,0,1
dontcache,miss,6803,2504,10771,13275,56,1
dontcache,hit,6803,259,547,806,0,1
dontcache,miss,6804,2343,10652,12995,56,1
dontcache,hit,6804,260,538,798,0,1
dontcache,miss,6805,2510,10521,13031,55,1
dontcache,hit,6805,261,550,811,0,1
dontcache,miss,6806,2322,15922,18244,62,1
dontcache,hit,6806,271,585,856,0,1
dontcache,miss,6807,2501,10959,13460,57,1
dontcache,hit,6807,259,575,834,0,1
dontcache,miss,6808,2351,10609,12960,56,1
dontcache,hit,6808,259,581,840,0,1
dontcache,miss,6809,2523,11232,13755,59,1
dontcache,hit,6809,255,563,818,0,1
dontcache,miss,6810,2273,10673,12946,56,1
dontcache,hit,6810,256,568,824,0,1
dontcache,miss,6811,2501,10818,13319,57,1
dontcache,hit,6811,280,559,839,0,1
dontcache,miss,6812,2702,11053,13755,37,1
dontcache,hit,6812,284,721,1005,0,1
dontcache,miss,6813,2518,10708,13226,56,1
dontcache,hit,6813,261,571,832,0,1
dontcache,miss,6814,2371,10964,13335,58,1
dontcache,hit,6814,255,544,799,0,1
dontcache,miss,6815,2490,10712,13202,56,1
dontcache,hit,6815,267,563,830,0,1
dontcache,miss,6816,2331,10644,12975,56,1
dontcache,hit,6816,258,554,812,0,1
dontcache,miss,6817,2501,13001,15502,32,1
dontcache,hit,6817,257,554,811,0,1
dontcache,miss,6818,2538,10548,13086,55,1
dontcache,hit,6818,252,578,830,0,1
dontcache,miss,6819,2531,10854,13385,57,1
dontcache,hit,6819,255,550,805,0,1
dontcache,miss,6820,2262,10648,12910,56,1
dontcache,hit,6820,258,535,793,0,1
dontcache,miss,6821,2518,10189,12707,53,1
dontcache,hit,6821,257,547,804,0,1
dontcache,miss,6822,2319,10981,13300,58,1
dontcache,hit,6822,257,544,801,0,1
dontcache,miss,6823,2489,10625,13114,56,1
dontcache,hit,6823,259,551,810,0,1
dontcache,miss,6824,2295,10500,12795,55,1
dontcache,hit,6824,260,535,795,0,1
dontcache,miss,6825,2478,10847,13325,57,1
dontcache,hit,6825,255,549,804,0,1
dontcache,miss,6826,2293,11018,13311,58,1
dontcache,hit,6826,261,552,813,0,1
dontcache,miss,6827,2444,10943,13387,57,1
dontcache,hit,6827,261,532,793,0,1
dontcache,miss,6828,2282,10435,12717,55,1
dontcache,hit,6828,259,524,783,0,1
dontcache,miss,6829,2481,10503,12984,55,1
dontcache,hit,6829,264,531,795,0,1
dontcache,miss,6830,2328,10424,12752,55,1
dontcache,hit,6830,259,524,783,0,1
dontcache,miss,6831,2483,10717,13200,56,1
dontcache,hit,6831,263,530,793,0,1
dontcache,miss,6832,2303,10482,12785,55,1
dontcache,hit,6832,262,529,791,0,1
dontcache,miss,6833,2500,10491,12991,55,1
dontcache,hit,6833,264,525,789,0,1
dontcache,miss,6834,2356,10475,12831,55,1
dontcache,hit,6834,258,526,784,0,1
dontcache,miss,6835,2486,10538,13024,55,1
dontcache,hit,6835,262,532,794,0,1
dontcache,miss,6836,2328,10433,12761,55,1
dontcache,hit,6836,257,536,793,0,1
dontcache,miss,6837,2503,10694,13197,56,1
dontcache,hit,6837,258,552,810,0,1
dontcache,miss,6838,2327,10641,12968,56,1
dontcache,hit,6838,258,530,788,0,1
dontcache,miss,6839,2665,10305,12970,54,1
dontcache,hit,6839,281,648,929,0,1
dontcache,miss,6840,2320,11012,13332,58,1
dontcache,hit,6840,253,565,818,0,1
dontcache,miss,6841,2539,10184,12723,53,1
dontcache,hit,6841,254,574,828,0,1
dontcache,miss,6842,2322,9499,11821,49,1
dontcache,hit,6842,256,548,804,0,1
dontcache,miss,6843,2524,10688,13212,56,1
dontcache,hit,6843,252,558,810,0,1
dontcache,miss,6844,2290,10645,12935,56,1
dontcache,hit,6844,255,553,808,0,1
dontcache,miss,6845,2501,10519,13020,55,1
dontcache,hit,6845,251,559,810,0,1
dontcache,miss,6846,2372,10652,13024,56,1
dontcache,hit,6846,255,545,800,0,1
dontcache,miss,6847,2484,10544,13028,55,1
dontcache,hit,6847,250,562,812,0,1
dontcache,miss,6848,2371,10980,13351,58,1
dontcache,hit,6848,251,558,809,0,1
dontcache,miss,6849,2510,10537,13047,55,1
dontcache,hit,6849,255,561,816,0,1
dontcache,miss,6850,2300,10977,13277,58,1
dontcache,hit,6850,268,681,949,0,1
dontcache,miss,6851,2547,10703,13250,56,1
dontcache,hit,6851,252,575,827,0,1
dontcache,miss,6852,2336,10450,12786,55,1
dontcache,hit,6852,253,556,809,0,1
dontcache,miss,6853,2505,10695,13200,56,1
dontcache,hit,6853,249,550,799,0,1
dontcache,miss,6854,2352,10619,12971,56,1
dontcache,hit,6854,252,548,800,0,1
dontcache,miss,6855,2532,10648,13180,56,1
dontcache,hit,6855,250,531,781,0,1
dontcache,miss,6856,2330,10601,12931,56,1
dontcache,hit,6856,253,553,806,0,1
dontcache,miss,6857,2552,10517,13069,55,1
dontcache,hit,6857,254,538,792,0,1
dontcache,miss,6858,2324,10656,12980,56,1
dontcache,hit,6858,257,532,789,0,1
dontcache,miss,6859,2511,10516,13027,55,1
dontcache,hit,6859,253,542,795,0,1
dontcache,miss,6860,2338,10813,13151,49,1
dontcache,hit,6860,252,1682,1934,0,1
dontcache,miss,6861,2486,10811,13297,57,1
dontcache,hit,6861,261,550,811,0,1
dontcache,miss,6862,2336,10613,12949,56,1
dontcache,hit,6862,252,541,793,0,1
dontcache,miss,6863,2533,10516,13049,55,1
dontcache,hit,6863,255,535,790,0,1
dontcache,miss,6864,2314,10622,12936,56,1
dontcache,hit,6864,259,528,787,0,1
dontcache,miss,6865,2518,10712,13230,56,1
dontcache,hit,6865,256,536,792,0,1
dontcache,miss,6866,2353,10663,13016,56,1
dontcache,hit,6866,260,537,797,0,1
dontcache,miss,6867,2470,10479,12949,55,1
dontcache,hit,6867,257,527,784,0,1
dontcache,miss,6868,2307,10432,12739,55,1
dontcache,hit,6868,262,549,811,0,1
dontcache,miss,6869,2473,10507,12980,55,1
dontcache,hit,6869,256,558,814,0,1
dontcache,miss,6870,2320,10636,12956,56,1
dontcache,hit,6870,257,550,807,0,1
dontcache,miss,6871,2506,14110,16616,58,1
dontcache,hit,6871,254,542,796,0,1
dontcache,miss,6872,2400,11205,13605,59,1
dontcache,hit,6872,268,566,834,0,1
dontcache,miss,6873,2528,10665,13193,56,1
dontcache,hit,6873,256,563,819,0,1
dontcache,miss,6874,2353,10696,13049,56,1
dontcache,hit,6874,262,557,819,0,1
dontcache,miss,6875,2488,10960,13448,58,1
dontcache,hit,6875,258,564,822,0,1
dontcache,miss,6876,2371,10614,12985,56,1
dontcache,hit,6876,264,554,818,0,1
dontcache,miss,6877,2477,10865,13342,57,1
dontcache,hit,6877,264,558,822,0,1
dontcache,miss,6878,2280,10521,12801,55,1
dontcache,hit,6878,257,544,801,0,1
dontcache,miss,6879,2542,10698,13240,56,1
dontcache,hit,6879,258,550,808,0,1
dontcache,miss,6880,2358,10762,13120,57,1
dontcache,hit,6880,259,548,807,0,1
dontcache,miss,6881,2500,10663,13163,56,1
dontcache,hit,6881,259,557,816,0,1
dontcache,miss,6882,2343,10639,12982,56,1
dontcache,hit,6882,262,554,816,0,1
dontcache,miss,6883,6489,10671,17160,56,1
dontcache,hit,6883,255,560,815,0,1
dontcache,miss,6884,2470,10639,13109,56,1
dontcache,hit,6884,256,582,838,0,1
dontcache,miss,6885,2550,10815,13365,57,1
dontcache,hit,6885,263,557,820,0,1
dontcache,miss,6886,2340,10516,12856,55,1
dontcache,hit,6886,256,546,802,0,1
dontcache,miss,6887,2542,10779,13321,56,1
dontcache,hit,6887,261,545,806,0,1
dontcache,miss,6888,2334,10455,12789,55,1
dontcache,hit,6888,255,543,798,0,1
dontcache,miss,6889,2519,10540,13059,55,1
dontcache,hit,6889,254,538,792,0,1
dontcache,miss,6890,2303,10523,12826,55,1
dontcache,hit,6890,259,542,801,0,1
dontcache,miss,6891,2501,10548,13049,55,1
dontcache,hit,6891,253,544,797,0,1
dontcache,miss,6892,2381,10620,13001,56,1
dontcache,hit,6892,258,542,800,0,1
dontcache,miss,6893,2552,10659,13211,56,1
dontcache,hit,6893,253,545,798,0,1
dontcache,miss,6894,2361,10657,13018,56,1
dontcache,hit,6894,259,547,806,0,1
dontcache,miss,6895,2532,10918,13450,57,1
dontcache,hit,6895,258,541,799,0,1
dontcache,miss,6896,2376,10663,13039,56,1
dontcache,hit,6896,262,546,808,0,1
dontcache,miss,6897,2562,10147,12709,53,1
dontcache,hit,6897,255,544,799,0,1
dontcache,miss,6898,2351,10593,12944,56,1
dontcache,hit,6898,256,557,813,0,1
dontcache,miss,6899,2498,10522,13020,55,1
dontcache,hit,6899,257,537,794,0,1
dontcache,miss,6900,2313,10469,12782,55,1
dontcache,hit,6900,255,555,810,0,1
dontcache,miss,6901,2500,10781,13281,56,1
dontcache,hit,6901,258,546,804,0,1
dontcache,miss,6902,2371,10466,12837,55,1
dontcache,hit,6902,257,546,803,0,1
dontcache,miss,6903,2486,10759,13245,56,1
dontcache,hit,6903,256,543,799,0,1
dontcache,miss,6904,2344,10670,13014,56,1
dontcache,hit,6904,267,617,884,0,1
dontcache,miss,6905,2589,10669,13258,56,1
dontcache,hit,6905,255,705,960,0,1
dontcache,miss,6906,2396,10694,13090,56,1
dontcache,hit,6906,252,561,813,0,1
dontcache,miss,6907,2522,11009,13531,58,1
dontcache,hit,6907,261,561,822,0,1
dontcache,miss,6908,2329,10637,12966,56,1
dontcache,hit,6908,267,555,822,0,1
dontcache,miss,6909,2496,10675,13171,56,1
dontcache,hit,6909,257,565,822,0,1
dontcache,miss,6910,2393,10653,13046,56,1
dontcache,hit,6910,254,568,822,0,1
dontcache,miss,6911,2490,10910,13400,57,1
dontcache,hit,6911,253,559,812,0,1
dontcache,miss,6912,2322,10654,12976,56,1
dontcache,hit,6912,261,564,825,0,1
dontcache,miss,6913,2530,10725,13255,56,1
dontcache,hit,6913,252,552,804,0,1
dontcache,miss,6914,2345,10938,13283,58,1
dontcache,hit,6914,258,563,821,0,1
dontcache,miss,6915,2518,10694,13212,56,1
dontcache,hit,6915,256,552,808,0,1
dontcache,miss,6916,2345,13268,15613,44,1
dontcache,hit,6916,325,572,897,0,1
dontcache,miss,6917,2508,10707,13215,56,1
dontcache,hit,6917,253,552,805,0,1
dontcache,miss,6918,2370,10595,12965,56,1
dontcache,hit,6918,251,567,818,0,1
dontcache,miss,6919,2536,10681,13217,56,1
dontcache,hit,6919,252,547,799,0,1
dontcache,miss,6920,2384,10455,12839,55,1
dontcache,hit,6920,255,550,805,0,1
dontcache,miss,6921,2489,9283,11772,48,1
dontcache,hit,6921,250,546,796,0,1
dontcache,miss,6922,2357,9332,11689,48,1
dontcache,hit,6922,260,556,816,0,1
dontcache,miss,6923,2467,10776,13243,57,1
dontcache,hit,6923,254,536,790,0,1
dontcache,miss,6924,2363,10428,12791,55,1
dontcache,hit,6924,257,541,798,0,1
dontcache,miss,6925,2496,10493,12989,55,1
dontcache,hit,6925,253,543,796,0,1
dontcache,miss,6926,2379,10498,12877,55,1
dontcache,hit,6926,257,563,820,0,1
dontcache,miss,6927,2496,10578,13074,55,1
dontcache,hit,6927,253,552,805,0,1
dontcache,miss,6928,2359,10681,13040,56,1
dontcache,hit,6928,255,552,807,0,1
dontcache,miss,6929,2534,10522,13056,55,1
dontcache,hit,6929,251,563,814,0,1
dontcache,miss,6930,2335,10494,12829,55,1
dontcache,hit,6930,266,545,811,0,1
dontcache,miss,6931,2508,10847,13355,57,1
dontcache,hit,6931,254,550,804,0,1
dontcache,miss,6932,2333,10460,12793,55,1
dontcache,hit,6932,258,553,811,0,1
dontcache,miss,6933,2516,10476,12992,55,1
dontcache,hit,6933,257,541,798,0,1
dontcache,miss,6934,2317,10458,12775,55,1
dontcache,hit,6934,254,545,799,0,1
dontcache,miss,6935,2466,10511,12977,55,1
dontcache,hit,6935,256,543,799,0,1
dontcache,miss,6936,2350,10665,13015,56,1
dontcache,hit,6936,254,549,803,0,1
dontcache,miss,6937,2535,13171,15706,54,1
dontcache,hit,6937,256,541,797,0,1
dontcache,miss,6938,2420,11493,13913,61,1
dontcache,hit,6938,266,581,847,0,1
dontcache,miss,6939,2483,10648,13131,56,1
dontcache,hit,6939,257,566,823,0,1
dontcache,miss,6940,2402,10684,13086,56,1
dontcache,hit,6940,256,574,830,0,1
dontcache,miss,6941,2535,11037,13572,58,1
dontcache,hit,6941,255,572,827,0,1
dontcache,miss,6942,2390,10712,13102,56,1
dontcache,hit,6942,254,557,811,0,1
dontcache,miss,6943,2506,10831,13337,57,1
dontcache,hit,6943,267,574,841,0,1
dontcache,miss,6944,2311,10789,13100,57,1
dontcache,hit,6944,258,553,811,0,1
dontcache,miss,6945,2521,10695,13216,56,1
dontcache,hit,6945,256,577,833,0,1
dontcache,miss,6946,2354,10774,13128,57,1
dontcache,hit,6946,258,563,821,0,1
dontcache,miss,6947,2509,10533,13042,55,1
dontcache,hit,6947,253,632,885,0,1
dontcache,miss,6948,2345,10605,12950,56,1
dontcache,hit,6948,256,570,826,0,1
dontcache,miss,6949,2697,10557,13254,55,1
dontcache,hit,6949,260,636,896,0,1
dontcache,miss,6950,2390,10822,13212,57,1
dontcache,hit,6950,259,564,823,0,1
dontcache,miss,6951,2524,10885,13409,57,1
dontcache,hit,6951,262,556,818,0,1
dontcache,miss,6952,2351,10630,12981,56,1
dontcache,hit,6952,254,554,808,0,1
dontcache,miss,6953,2490,10723,13213,56,1
dontcache,hit,6953,254,554,808,0,1
dontcache,miss,6954,2330,10839,13169,57,1
dontcache,hit,6954,265,549,814,0,1
dontcache,miss,6955,2504,10676,13180,56,1
dontcache,hit,6955,253,556,809,0,1
dontcache,miss,6956,2349,10477,12826,55,1
dontcache,hit,6956,261,544,805,0,1
dontcache,miss,6957,2475,10488,12963,55,1
dontcache,hit,6957,255,551,806,0,1
dontcache,miss,6958,2387,10649,13036,56,1
dontcache,hit,6958,259,552,811,0,1
dontcache,miss,6959,2587,10637,13224,56,1
dontcache,hit,6959,255,560,815,0,1
dontcache,miss,6960,2346,10461,12807,55,1
dontcache,hit,6960,257,545,802,0,1
dontcache,miss,6961,2536,10648,13184,56,1
dontcache,hit,6961,255,549,804,0,1
dontcache,miss,6962,2318,10493,12811,55,1
dontcache,hit,6962,260,546,806,0,1
dontcache,miss,6963,2523,10842,13365,57,1
dontcache,hit,6963,255,612,867,0,1
dontcache,miss,6964,2388,11194,13582,59,1
dontcache,hit,6964,255,551,806,0,1
dontcache,miss,6965,2511,10504,13015,55,1
dontcache,hit,6965,255,562,817,0,1
dontcache,miss,6966,2335,10486,12821,55,1
dontcache,hit,6966,259,555,814,0,1
dontcache,miss,6967,2516,10743,13259,56,1
dontcache,hit,6967,255,563,818,0,1
dontcache,miss,6968,2332,10490,12822,55,1
dontcache,hit,6968,261,562,823,0,1
dontcache,miss,6969,2522,10664,13186,56,1
dontcache,hit,6969,254,556,810,0,1
dontcache,miss,6970,2325,14139,16464,56,1
dontcache,hit,6970,267,582,849,0,1
dontcache,miss,6971,2512,10690,13202,56,1
dontcache,hit,6971,256,572,828,0,1
dontcache,miss,6972,2368,10921,13289,58,1
dontcache,hit,6972,253,572,825,0,1
dontcache,miss,6973,2523,10908,13431,57,1
dontcache,hit,6973,253,562,815,0,1
dontcache,miss,6974,2362,10617,12979,56,1
dontcache,hit,6974,259,576,835,0,1
dontcache,miss,6975,2465,9413,11878,48,1
dontcache,hit,6975,260,564,824,0,1
dontcache,miss,6976,2365,9278,11643,48,1
dontcache,hit,6976,259,548,807,0,1
dontcache,miss,6977,2518,10752,13270,57,1
dontcache,hit,6977,254,566,820,0,1
dontcache,miss,6978,2388,10463,12851,55,1
dontcache,hit,6978,258,552,810,0,1
dontcache,miss,6979,2525,10922,13447,57,1
dontcache,hit,6979,258,555,813,0,1
dontcache,miss,6980,2364,11141,13505,59,1
dontcache,hit,6980,257,556,813,0,1
dontcache,miss,6981,2524,10681,13205,56,1
dontcache,hit,6981,256,588,844,0,1
dontcache,miss,6982,2317,12299,14616,40,1
dontcache,hit,6982,260,593,853,0,1
dontcache,miss,6983,2549,10673,13222,56,1
dontcache,hit,6983,253,559,812,0,1
dontcache,miss,6984,2393,10472,12865,55,1
dontcache,hit,6984,255,556,811,0,1
dontcache,miss,6985,2547,10885,13432,57,1
dontcache,hit,6985,251,543,794,0,1
dontcache,miss,6986,2352,10676,13028,56,1
dontcache,hit,6986,254,542,796,0,1
dontcache,miss,6987,2517,10692,13209,56,1
dontcache,hit,6987,250,554,804,0,1
dontcache,miss,6988,2327,10614,12941,56,1
dontcache,hit,6988,246,548,794,0,1
dontcache,miss,6989,2561,10593,13154,55,1
dontcache,hit,6989,248,554,802,0,1
dontcache,miss,6990,2341,10681,13022,56,1
dontcache,hit,6990,252,549,801,0,1
dontcache,miss,6991,2504,10697,13201,56,1
dontcache,hit,6991,249,546,795,0,1
dontcache,miss,6992,2402,10665,13067,56,1
dontcache,hit,6992,251,558,809,0,1
dontcache,miss,6993,2577,10682,13259,56,1
dontcache,hit,6993,248,558,806,0,1
dontcache,miss,6994,2367,10653,13020,56,1
dontcache,hit,6994,250,553,803,0,1
dontcache,miss,6995,2537,10672,13209,56,1
dontcache,hit,6995,254,570,824,0,1
dontcache,miss,6996,2335,10712,13047,56,1
dontcache,hit,6996,251,547,798,0,1
dontcache,miss,6997,2525,10685,13210,56,1
dontcache,hit,6997,251,561,812,0,1
dontcache,miss,6998,2368,10498,12866,55,1
dontcache,hit,6998,256,547,803,0,1
dontcache,miss,6999,2513,10763,13276,56,1
dontcache,hit,6999,254,545,799,0,1
dontcache,miss,7000,2347,10660,13007,56,1
dontcache,hit,7000,253,541,794,0,1
dontcache,miss,7001,2509,10914,13423,57,1
dontcache,hit,7001,252,550,802,0,1
dontcache,miss,7002,2334,10634,12968,56,1
dontcache,hit,7002,251,570,821,0,1
dontcache,miss,7003,2681,11589,14270,61,1
dontcache,hit,7003,277,647,924,0,1
dontcache,miss,7004,2323,11572,13895,61,1
dontcache,hit,7004,256,560,816,0,1
dontcache,miss,7005,2492,10822,13314,57,1
dontcache,hit,7005,255,582,837,0,1
dontcache,miss,7006,2365,10597,12962,56,1
dontcache,hit,7006,258,566,824,0,1
dontcache,miss,7007,2527,10879,13406,57,1
dontcache,hit,7007,251,565,816,0,1
dontcache,miss,7008,2342,10618,12960,56,1
dontcache,hit,7008,254,569,823,0,1
dontcache,miss,7009,2475,9607,12082,50,1
dontcache,hit,7009,249,556,805,0,1
dontcache,miss,7010,2331,9139,11470,47,1
dontcache,hit,7010,257,554,811,0,1
dontcache,miss,7011,2502,10652,13154,56,1
dontcache,hit,7011,267,567,834,0,1
dontcache,miss,7012,2345,10775,13120,57,1
dontcache,hit,7012,252,569,821,0,1
dontcache,miss,7013,2440,10660,13100,56,1
dontcache,hit,7013,255,558,813,0,1
dontcache,miss,7014,2319,10624,12943,56,1
dontcache,hit,7014,254,576,830,0,1
dontcache,miss,7015,2707,10577,13284,55,1
dontcache,hit,7015,287,669,956,0,1
dontcache,miss,7016,2338,11079,13417,58,1
dontcache,hit,7016,256,571,827,0,1
dontcache,miss,7017,2503,10114,12617,53,1
dontcache,hit,7017,254,574,828,0,1
dontcache,miss,7018,2378,9329,11707,48,1
dontcache,hit,7018,259,570,829,0,1
dontcache,miss,7019,2547,10814,13361,57,1
dontcache,hit,7019,254,579,833,0,1
dontcache,miss,7020,2320,10836,13156,57,1
dontcache,hit,7020,257,550,807,0,1
dontcache,miss,7021,2550,10679,13229,56,1
dontcache,hit,7021,255,574,829,0,1
dontcache,miss,7022,2344,10453,12797,55,1
dontcache,hit,7022,256,553,809,0,1
dontcache,miss,7023,2532,10580,13112,55,1
dontcache,hit,7023,257,559,816,0,1
dontcache,miss,7024,2325,10616,12941,56,1
dontcache,hit,7024,255,555,810,0,1
dontcache,miss,7025,2498,10723,13221,56,1
dontcache,hit,7025,259,560,819,0,1
dontcache,miss,7026,2314,10573,12887,56,1
dontcache,hit,7026,258,549,807,0,1
dontcache,miss,7027,2490,10481,12971,55,1
dontcache,hit,7027,262,563,825,0,1
dontcache,miss,7028,2333,10422,12755,55,1
dontcache,hit,7028,261,551,812,0,1
dontcache,miss,7029,2533,10486,13019,55,1
dontcache,hit,7029,254,558,812,0,1
dontcache,miss,7030,2327,10625,12952,56,1
dontcache,hit,7030,258,561,819,0,1
dontcache,miss,7031,4138,10688,14826,56,1
dontcache,hit,7031,259,558,817,0,1
dontcache,miss,7032,2323,10427,12750,55,1
dontcache,hit,7032,256,557,813,0,1
dontcache,miss,7033,2488,10073,12561,52,1
dontcache,hit,7033,252,567,819,0,1
dontcache,miss,7034,2340,9294,11634,48,1
dontcache,hit,7034,257,552,809,0,1
dontcache,miss,7035,2496,10824,13320,57,1
dontcache,hit,7035,254,605,859,0,1
dontcache,miss,7036,2353,12022,14375,44,1
dontcache,hit,7036,255,589,844,0,1
dontcache,miss,7037,2509,10636,13145,56,1
dontcache,hit,7037,254,586,840,0,1
dontcache,miss,7038,2365,10962,13327,58,1
dontcache,hit,7038,256,582,838,0,1
dontcache,miss,7039,2502,10838,13340,57,1
dontcache,hit,7039,252,593,845,0,1
dontcache,miss,7040,2307,10716,13023,56,1
dontcache,hit,7040,255,568,823,0,1
dontcache,miss,7041,2510,10686,13196,56,1
dontcache,hit,7041,250,574,824,0,1
dontcache,miss,7042,2338,10704,13042,56,1
dontcache,hit,7042,258,562,820,0,1
dontcache,miss,7043,2520,10832,13352,57,1
dontcache,hit,7043,256,575,831,0,1
dontcache,miss,7044,2287,10495,12782,55,1
dontcache,hit,7044,254,574,828,0,1
dontcache,miss,7045,2530,10709,13239,56,1
dontcache,hit,7045,248,575,823,0,1
dontcache,miss,7046,2325,10905,13230,58,1
dontcache,hit,7046,253,574,827,0,1
dontcache,miss,7047,2512,10727,13239,56,1
dontcache,hit,7047,250,577,827,0,1
dontcache,miss,7048,2302,10867,13169,36,1
dontcache,hit,7048,258,584,842,0,1
dontcache,miss,7049,2530,10859,13389,57,1
dontcache,hit,7049,250,590,840,0,1
dontcache,miss,7050,2320,10501,12821,55,1
dontcache,hit,7050,256,564,820,0,1
dontcache,miss,7051,2518,10788,13306,56,1
dontcache,hit,7051,256,561,817,0,1
dontcache,miss,7052,2288,10579,12867,56,1
dontcache,hit,7052,251,548,799,0,1
dontcache,miss,7053,2497,10586,13083,56,1
dontcache,hit,7053,248,547,795,0,1
dontcache,miss,7054,2292,10646,12938,56,1
dontcache,hit,7054,251,550,801,0,1
dontcache,miss,7055,2525,10466,12991,55,1
dontcache,hit,7055,253,567,820,0,1
dontcache,miss,7056,2289,10517,12806,55,1
dontcache,hit,7056,256,550,806,0,1
dontcache,miss,7057,2543,10652,13195,56,1
dontcache,hit,7057,254,561,815,0,1
dontcache,miss,7058,2318,10498,12816,55,1
dontcache,hit,7058,255,548,803,0,1
dontcache,miss,7059,2530,10498,13028,55,1
dontcache,hit,7059,258,569,827,0,1
dontcache,miss,7060,2362,10448,12810,55,1
dontcache,hit,7060,257,553,810,0,1
dontcache,miss,7061,2534,10466,13000,55,1
dontcache,hit,7061,253,545,798,0,1
dontcache,miss,7062,2319,10618,12937,56,1
dontcache,hit,7062,254,585,839,0,1
dontcache,miss,7063,2566,10646,13212,56,1
dontcache,hit,7063,254,560,814,0,1
dontcache,miss,7064,2349,10415,12764,55,1
dontcache,hit,7064,257,565,822,0,1
dontcache,miss,7065,2581,10609,13190,50,1
dontcache,hit,7065,251,1744,1995,0,1
dontcache,miss,7066,2309,10477,12786,55,1
dontcache,hit,7066,257,561,818,0,1
dontcache,miss,7067,2546,10540,13086,55,1
dontcache,hit,7067,258,560,818,0,1
dontcache,miss,7068,2343,10603,12946,56,1
dontcache,hit,7068,262,566,828,0,1
dontcache,miss,7069,2613,11185,13798,59,1
dontcache,hit,7069,263,639,902,0,1
dontcache,miss,7070,2349,10946,13295,58,1
dontcache,hit,7070,264,580,844,0,1
dontcache,miss,7071,2505,10722,13227,56,1
dontcache,hit,7071,248,575,823,0,1
dontcache,miss,7072,2353,10624,12977,56,1
dontcache,hit,7072,252,579,831,0,1
dontcache,miss,7073,2486,11003,13489,58,1
dontcache,hit,7073,254,569,823,0,1
dontcache,miss,7074,2364,10489,12853,55,1
dontcache,hit,7074,257,597,854,0,1
dontcache,miss,7075,2484,10800,13284,57,1
dontcache,hit,7075,253,585,838,0,1
dontcache,miss,7076,2346,10645,12991,56,1
dontcache,hit,7076,257,573,830,0,1
dontcache,miss,7077,2514,10734,13248,56,1
dontcache,hit,7077,252,582,834,0,1
dontcache,miss,7078,2409,10675,13084,56,1
dontcache,hit,7078,258,572,830,0,1
dontcache,miss,7079,2540,10771,13311,57,1
dontcache,hit,7079,253,587,840,0,1
dontcache,miss,7080,2297,10555,12852,55,1
dontcache,hit,7080,257,573,830,0,1
dontcache,miss,7081,2587,10720,13307,56,1
dontcache,hit,7081,260,655,915,0,1
dontcache,miss,7082,2338,10686,13024,56,1
dontcache,hit,7082,251,564,815,0,1
dontcache,miss,7083,2526,10829,13355,57,1
dontcache,hit,7083,251,566,817,0,1
dontcache,miss,7084,2331,10536,12867,55,1
dontcache,hit,7084,258,550,808,0,1
dontcache,miss,7085,2543,10653,13196,56,1
dontcache,hit,7085,254,569,823,0,1
dontcache,miss,7086,2344,10946,13290,58,1
dontcache,hit,7086,255,559,814,0,1
dontcache,miss,7087,2537,10509,13046,55,1
dontcache,hit,7087,253,560,813,0,1
dontcache,miss,7088,2322,10494,12816,55,1
dontcache,hit,7088,258,561,819,0,1
dontcache,miss,7089,2515,10764,13279,56,1
dontcache,hit,7089,254,559,813,0,1
dontcache,miss,7090,2339,10663,13002,56,1
dontcache,hit,7090,259,550,809,0,1
dontcache,miss,7091,2556,11009,13565,58,1
dontcache,hit,7091,254,553,807,0,1
dontcache,miss,7092,2354,10498,12852,55,1
dontcache,hit,7092,258,557,815,0,1
dontcache,miss,7093,2523,10671,13194,56,1
dontcache,hit,7093,255,570,825,0,1
dontcache,miss,7094,2371,10695,13066,56,1
dontcache,hit,7094,253,555,808,0,1
dontcache,miss,7095,2539,10691,13230,56,1
dontcache,hit,7095,252,549,801,0,1
dontcache,miss,7096,2348,10501,12849,55,1
dontcache,hit,7096,258,552,810,0,1
dontcache,miss,7097,2544,10550,13094,55,1
dontcache,hit,7097,255,554,809,0,1
dontcache,miss,7098,2319,10501,12820,55,1
dontcache,hit,7098,252,559,811,0,1
dontcache,miss,7099,2591,10502,13093,55,1
dontcache,hit,7099,253,550,803,0,1
dontcache,miss,7100,2355,10549,12904,55,1
dontcache,hit,7100,255,561,816,0,1
dontcache,miss,7101,2520,10634,13154,56,1
dontcache,hit,7101,254,575,829,0,1
dontcache,miss,7102,4889,10878,15767,57,1
dontcache,hit,7102,253,584,837,0,1
dontcache,miss,7103,2660,10223,12883,53,1
dontcache,hit,7103,259,599,858,0,1
dontcache,miss,7104,2353,11144,13497,59,1
dontcache,hit,7104,256,578,834,0,1
dontcache,miss,7105,2526,10669,13195,56,1
dontcache,hit,7105,257,585,842,0,1
dontcache,miss,7106,2344,10643,12987,56,1
dontcache,hit,7106,256,567,823,0,1
dontcache,miss,7107,2494,10747,13241,56,1
dontcache,hit,7107,262,586,848,0,1
dontcache,miss,7108,2362,10734,13096,56,1
dontcache,hit,7108,261,573,834,0,1
dontcache,miss,7109,2525,10755,13280,56,1
dontcache,hit,7109,255,581,836,0,1
dontcache,miss,7110,2332,10491,12823,55,1
dontcache,hit,7110,251,565,816,0,1
dontcache,miss,7111,2503,10578,13081,55,1
dontcache,hit,7111,255,591,846,0,1
dontcache,miss,7112,2333,10921,13254,58,1
dontcache,hit,7112,257,591,848,0,1
dontcache,miss,7113,2509,12056,14565,44,1
dontcache,hit,7113,258,566,824,0,1
dontcache,miss,7114,2470,10858,13328,57,1
dontcache,hit,7114,253,579,832,0,1
dontcache,miss,7115,2505,10495,13000,55,1
dontcache,hit,7115,249,567,816,0,1
dontcache,miss,7116,2359,10476,12835,55,1
dontcache,hit,7116,255,560,815,0,1
dontcache,miss,7117,2528,10134,12662,53,1
dontcache,hit,7117,252,567,819,0,1
dontcache,miss,7118,2417,10746,13163,56,1
dontcache,hit,7118,255,549,804,0,1
dontcache,miss,7119,2509,10511,13020,55,1
dontcache,hit,7119,253,568,821,0,1
dontcache,miss,7120,2324,10677,13001,56,1
dontcache,hit,7120,252,549,801,0,1
dontcache,miss,7121,2558,10526,13084,55,1
dontcache,hit,7121,253,564,817,0,1
dontcache,miss,7122,2347,10468,12815,55,1
dontcache,hit,7122,253,557,810,0,1
dontcache,miss,7123,2512,9327,11839,48,1
dontcache,hit,7123,255,572,827,0,1
dontcache,miss,7124,2398,9278,11676,48,1
dontcache,hit,7124,257,569,826,0,1
dontcache,miss,7125,2542,10772,13314,56,1
dontcache,hit,7125,250,566,816,0,1
dontcache,miss,7126,2359,10466,12825,55,1
dontcache,hit,7126,252,555,807,0,1
dontcache,miss,7127,2495,10551,13046,55,1
dontcache,hit,7127,250,567,817,0,1
dontcache,miss,7128,2379,10488,12867,55,1
dontcache,hit,7128,252,550,802,0,1
dontcache,miss,7129,2591,9976,12567,52,1
dontcache,hit,7129,253,566,819,0,1
dontcache,miss,7130,2355,10743,13098,56,1
dontcache,hit,7130,251,540,791,0,1
dontcache,miss,7131,2523,10526,13049,55,1
dontcache,hit,7131,250,557,807,0,1
dontcache,miss,7132,2327,10460,12787,55,1
dontcache,hit,7132,256,539,795,0,1
dontcache,miss,7133,2523,10848,13371,57,1
dontcache,hit,7133,253,562,815,0,1
dontcache,miss,7134,2373,10616,12989,56,1
dontcache,hit,7134,252,566,818,0,1
dontcache,miss,7135,2663,11064,13727,58,1
dontcache,hit,7135,266,629,895,0,1
dontcache,miss,7136,2333,10958,13291,58,1
dontcache,hit,7136,253,577,830,0,1
dontcache,miss,7137,2512,10685,13197,56,1
dontcache,hit,7137,253,584,837,0,1
dontcache,miss,7138,2379,10696,13075,56,1
dontcache,hit,7138,249,566,815,0,1
dontcache,miss,7139,2542,10871,13413,57,1
dontcache,hit,7139,255,569,824,0,1
dontcache,miss,7140,2326,10432,12758,55,1
dontcache,hit,7140,256,578,834,0,1
dontcache,miss,7141,2477,10808,13285,56,1
dontcache,hit,7141,255,569,824,0,1
dontcache,miss,7142,2316,10496,12812,55,1
dontcache,hit,7142,258,561,819,0,1
dontcache,miss,7143,2499,10524,13023,55,1
dontcache,hit,7143,259,574,833,0,1
dontcache,miss,7144,2355,10872,13227,57,1
dontcache,hit,7144,256,583,839,0,1
dontcache,miss,7145,2514,10673,13187,56,1
dontcache,hit,7145,253,567,820,0,1
dontcache,miss,7146,2370,10469,12839,55,1
dontcache,hit,7146,256,562,818,0,1
dontcache,miss,7147,2763,10645,13408,55,1
dontcache,hit,7147,285,706,991,0,1
dontcache,miss,7148,2334,10636,12970,56,1
dontcache,hit,7148,251,581,832,0,1
dontcache,miss,7149,2452,10845,13297,57,1
dontcache,hit,7149,254,574,828,0,1
dontcache,miss,7150,2278,10665,12943,56,1
dontcache,hit,7150,256,559,815,0,1
dontcache,miss,7151,2528,10873,13401,57,1
dontcache,hit,7151,257,559,816,0,1
dontcache,miss,7152,2295,10925,13220,58,1
dontcache,hit,7152,257,566,823,0,1
dontcache,miss,7153,2518,10495,13013,55,1
dontcache,hit,7153,254,564,818,0,1
dontcache,miss,7154,2352,10490,12842,55,1
dontcache,hit,7154,260,549,809,0,1
dontcache,miss,7155,2523,10674,13197,56,1
dontcache,hit,7155,259,563,822,0,1
dontcache,miss,7156,2294,10652,12946,56,1
dontcache,hit,7156,259,554,813,0,1
dontcache,miss,7157,2546,10821,13367,57,1
dontcache,hit,7157,253,560,813,0,1
dontcache,miss,7158,2322,10431,12753,55,1
dontcache,hit,7158,255,547,802,0,1
dontcache,miss,7159,2520,10721,13241,56,1
dontcache,hit,7159,254,563,817,0,1
dontcache,miss,7160,2302,10468,12770,55,1
dontcache,hit,7160,259,547,806,0,1
dontcache,miss,7161,2535,10614,13149,56,1
dontcache,hit,7161,258,571,829,0,1
dontcache,miss,7162,2321,10442,12763,55,1
dontcache,hit,7162,257,559,816,0,1
dontcache,miss,7163,2452,10534,12986,55,1
dontcache,hit,7163,253,622,875,0,1
dontcache,miss,7164,2248,10418,12666,55,1
dontcache,hit,7164,256,564,820,0,1
dontcache,miss,7165,2508,10515,13023,55,1
dontcache,hit,7165,255,554,809,0,1
dontcache,miss,7166,2316,10491,12807,55,1
dontcache,hit,7166,258,545,803,0,1
dontcache,miss,7167,2562,10536,13098,51,1
dontcache,hit,7167,256,1736,1992,0,1
dontcache,miss,7168,2313,11836,14149,43,1
dontcache,hit,7168,261,617,878,0,1
dontcache,miss,7169,2550,10881,13431,57,1
dontcache,hit,7169,253,576,829,0,1
dontcache,miss,7170,2387,11031,13418,58,1
dontcache,hit,7170,255,574,829,0,1
dontcache,miss,7171,2542,10881,13423,57,1
dontcache,hit,7171,256,588,844,0,1
dontcache,miss,7172,2304,10525,12829,55,1
dontcache,hit,7172,259,573,832,0,1
dontcache,miss,7173,2532,10664,13196,56,1
dontcache,hit,7173,255,582,837,0,1
dontcache,miss,7174,2331,10487,12818,55,1
dontcache,hit,7174,257,582,839,0,1
dontcache,miss,7175,2526,10714,13240,56,1
dontcache,hit,7175,254,569,823,0,1
dontcache,miss,7176,2297,10670,12967,56,1
dontcache,hit,7176,257,564,821,0,1
dontcache,miss,7177,2536,10512,13048,55,1
dontcache,hit,7177,252,582,834,0,1
dontcache,miss,7178,2330,10863,13193,57,1
dontcache,hit,7178,258,567,825,0,1
dontcache,miss,7179,2472,10558,13030,55,1
dontcache,hit,7179,251,573,824,0,1
dontcache,miss,7180,2286,10768,13054,29,1
dontcache,hit,7180,264,594,858,0,1
dontcache,miss,7181,2498,10536,13034,55,1
dontcache,hit,7181,258,571,829,0,1
dontcache,miss,7182,2338,10439,12777,55,1
dontcache,hit,7182,259,579,838,0,1
dontcache,miss,7183,2532,10691,13223,56,1
dontcache,hit,7183,258,558,816,0,1
dontcache,miss,7184,2339,10509,12848,55,1
dontcache,hit,7184,259,563,822,0,1
dontcache,miss,7185,2542,10521,13063,55,1
dontcache,hit,7185,254,556,810,0,1
dontcache,miss,7186,2306,10641,12947,56,1
dontcache,hit,7186,261,547,808,0,1
dontcache,miss,7187,2517,10525,13042,55,1
dontcache,hit,7187,251,553,804,0,1
dontcache,miss,7188,2316,10526,12842,55,1
dontcache,hit,7188,263,546,809,0,1
dontcache,miss,7189,2499,10502,13001,55,1
dontcache,hit,7189,253,549,802,0,1
dontcache,miss,7190,2314,10561,12875,55,1
dontcache,hit,7190,260,551,811,0,1
dontcache,miss,7191,2536,9556,12092,49,1
dontcache,hit,7191,254,566,820,0,1
dontcache,miss,7192,2318,9287,11605,48,1
dontcache,hit,7192,259,559,818,0,1
dontcache,miss,7193,2487,10794,13281,56,1
dontcache,hit,7193,258,573,831,0,1
dontcache,miss,7194,2352,10649,13001,56,1
dontcache,hit,7194,258,569,827,0,1
dontcache,miss,7195,2514,10549,13063,55,1
dontcache,hit,7195,251,557,808,0,1
dontcache,miss,7196,2309,10437,12746,55,1
dontcache,hit,7196,263,563,826,0,1
dontcache,miss,7197,2502,9163,11665,47,1
dontcache,hit,7197,253,553,806,0,1
dontcache,miss,7198,2331,9140,11471,47,1
dontcache,hit,7198,260,553,813,0,1
dontcache,miss,7199,2518,10522,13040,55,1
dontcache,hit,7199,255,554,809,0,1
dontcache,miss,7200,2323,10683,13006,56,1
dontcache,hit,7200,255,551,806,0,1
dontcache,miss,7201,2533,11514,14047,44,1
dontcache,hit,7201,258,564,822,0,1
dontcache,miss,7202,2386,11013,13399,58,1
dontcache,hit,7202,254,580,834,0,1
dontcache,miss,7203,2503,10665,13168,56,1
dontcache,hit,7203,259,576,835,0,1
dontcache,miss,7204,2305,10674,12979,56,1
dontcache,hit,7204,258,573,831,0,1
dontcache,miss,7205,2495,10992,13487,58,1
dontcache,hit,7205,260,581,841,0,1
dontcache,miss,7206,2286,10456,12742,55,1
dontcache,hit,7206,258,568,826,0,1
dontcache,miss,7207,2499,10808,13307,57,1
dontcache,hit,7207,258,571,829,0,1
dontcache,miss,7208,2246,10637,12883,56,1
dontcache,hit,7208,258,559,817,0,1
dontcache,miss,7209,2518,10760,13278,56,1
dontcache,hit,7209,260,585,845,0,1
dontcache,miss,7210,2312,10662,12974,56,1
dontcache,hit,7210,258,585,843,0,1
dontcache,miss,7211,2526,10575,13101,55,1
dontcache,hit,7211,257,576,833,0,1
dontcache,miss,7212,2351,10665,13016,56,1
dontcache,hit,7212,259,565,824,0,1
dontcache,miss,7213,2795,10594,13389,55,1
dontcache,hit,7213,319,574,893,0,1
dontcache,miss,7214,2314,10661,12975,56,1
dontcache,hit,7214,272,576,848,0,1
dontcache,miss,7215,2527,10671,13198,56,1
dontcache,hit,7215,258,567,825,0,1
dontcache,miss,7216,2396,10477,12873,55,1
dontcache,hit,7216,258,556,814,0,1
dontcache,miss,7217,2550,10516,13066,55,1
dontcache,hit,7217,253,570,823,0,1
dontcache,miss,7218,2375,10450,12825,55,1
dontcache,hit,7218,257,540,797,0,1
dontcache,miss,7219,2514,10697,13211,56,1
dontcache,hit,7219,254,564,818,0,1
dontcache,miss,7220,2331,10543,12874,55,1
dontcache,hit,7220,257,547,804,0,1
dontcache,miss,7221,2496,10705,13201,56,1
dontcache,hit,7221,258,543,801,0,1
dontcache,miss,7222,2307,10702,13009,56,1
dontcache,hit,7222,253,562,815,0,1
dontcache,miss,7223,2534,10561,13095,55,1
dontcache,hit,7223,254,572,826,0,1
dontcache,miss,7224,2307,10477,12784,55,1
dontcache,hit,7224,257,549,806,0,1
dontcache,miss,7225,2507,10518,13025,55,1
dontcache,hit,7225,257,556,813,0,1
dontcache,miss,7226,2336,10508,12844,55,1
dontcache,hit,7226,256,556,812,0,1
dontcache,miss,7227,2534,10651,13185,56,1
dontcache,hit,7227,253,564,817,0,1
dontcache,miss,7228,2322,10448,12770,55,1
dontcache,hit,7228,254,565,819,0,1
dontcache,miss,7229,2491,10532,13023,55,1
dontcache,hit,7229,254,548,802,0,1
dontcache,miss,7230,2315,10518,12833,55,1
dontcache,hit,7230,257,550,807,0,1
dontcache,miss,7231,2498,10675,13173,55,1
dontcache,hit,7231,262,565,827,0,1
dontcache,miss,7232,2339,10435,12774,55,1
dontcache,hit,7232,264,569,833,0,1
dontcache,miss,7233,2510,9287,11797,48,1
dontcache,hit,7233,255,548,803,0,1
dontcache,miss,7234,2387,9344,11731,48,1
dontcache,hit,7234,268,630,898,0,1
dontcache,miss,7235,2566,10669,13235,56,1
dontcache,hit,7235,253,578,831,0,1
dontcache,miss,7236,2377,10458,12835,55,1
dontcache,hit,7236,254,570,824,0,1
dontcache,miss,7237,2557,10501,13058,55,1
dontcache,hit,7237,257,574,831,0,1
dontcache,miss,7238,2356,10673,13029,56,1
dontcache,hit,7238,256,586,842,0,1
dontcache,miss,7239,2540,10541,13081,55,1
dontcache,hit,7239,254,587,841,0,1
dontcache,miss,7240,2372,10844,13216,57,1
dontcache,hit,7240,256,580,836,0,1
dontcache,miss,7241,2483,10492,12975,55,1
dontcache,hit,7241,255,577,832,0,1
dontcache,miss,7242,2320,10530,12850,55,1
dontcache,hit,7242,260,571,831,0,1
dontcache,miss,7243,2522,10564,13086,55,1
dontcache,hit,7243,258,565,823,0,1
dontcache,miss,7244,2329,10833,13162,57,1
dontcache,hit,7244,261,597,858,0,1
dontcache,miss,7245,2555,10508,13063,55,1
dontcache,hit,7245,260,568,828,0,1
dontcache,miss,7246,2341,9972,12313,52,1
dontcache,hit,7246,268,648,916,0,1
dontcache,miss,7247,2482,10579,13061,55,1
dontcache,hit,7247,249,592,841,0,1
dontcache,miss,7248,2344,10692,13036,56,1
dontcache,hit,7248,254,552,806,0,1
dontcache,miss,7249,2536,10671,13207,56,1
dontcache,hit,7249,251,568,819,0,1
dontcache,miss,7250,2400,10470,12870,55,1
dontcache,hit,7250,260,558,818,0,1
dontcache,miss,7251,2538,10515,13053,55,1
dontcache,hit,7251,256,567,823,0,1
dontcache,miss,7252,2335,10676,13011,56,1
dontcache,hit,7252,255,577,832,0,1
dontcache,miss,7253,2520,10619,13139,56,1
dontcache,hit,7253,256,560,816,0,1
dontcache,miss,7254,2339,10486,12825,55,1
dontcache,hit,7254,258,559,817,0,1
dontcache,miss,7255,2495,10595,13090,55,1
dontcache,hit,7255,253,560,813,0,1
dontcache,miss,7256,2319,10896,13215,57,1
dontcache,hit,7256,258,562,820,0,1
dontcache,miss,7257,2509,10670,13179,56,1
dontcache,hit,7257,254,555,809,0,1
dontcache,miss,7258,2346,10572,12918,55,1
dontcache,hit,7258,263,549,812,0,1
dontcache,miss,7259,2541,10516,13057,55,1
dontcache,hit,7259,256,573,829,0,1
dontcache,miss,7260,2325,10470,12795,55,1
dontcache,hit,7260,262,539,801,0,1
dontcache,miss,7261,2526,10553,13079,55,1
dontcache,hit,7261,255,558,813,0,1
dontcache,miss,7262,2379,10329,12708,54,1
dontcache,hit,7262,255,548,803,0,1
dontcache,miss,7263,2492,10565,13057,55,1
dontcache,hit,7263,255,554,809,0,1
dontcache,miss,7264,2330,10626,12956,56,1
dontcache,hit,7264,258,552,810,0,1
dontcache,miss,7265,2531,10667,13198,56,1
dontcache,hit,7265,255,560,815,0,1
dontcache,miss,7266,2338,10702,13040,56,1
dontcache,hit,7266,259,551,810,0,1
dontcache,miss,7267,2504,12322,14826,48,1
dontcache,hit,7267,256,545,801,0,1
dontcache,miss,7268,2426,11002,13428,58,1
dontcache,hit,7268,252,602,854,0,1
dontcache,miss,7269,2577,10466,13043,55,1
dontcache,hit,7269,251,564,815,0,1
dontcache,miss,7270,2365,10699,13064,50,1
dontcache,hit,7270,253,1478,1731,0,1
dontcache,miss,7271,2518,10831,13349,57,1
dontcache,hit,7271,255,572,827,0,1
dontcache,miss,7272,2340,10530,12870,55,1
dontcache,hit,7272,258,560,818,0,1
dontcache,miss,7273,2538,10675,13213,56,1
dontcache,hit,7273,249,567,816,0,1
dontcache,miss,7274,2350,10705,13055,56,1
dontcache,hit,7274,257,566,823,0,1
dontcache,miss,7275,2514,10683,13197,56,1
dontcache,hit,7275,252,563,815,0,1
dontcache,miss,7276,2362,10794,13156,57,1
dontcache,hit,7276,259,563,822,0,1
dontcache,miss,7277,2557,10640,13197,56,1
dontcache,hit,7277,254,563,817,0,1
dontcache,miss,7278,2392,10675,13067,56,1
dontcache,hit,7278,254,560,814,0,1
dontcache,miss,7279,2530,10700,13230,24,1
dontcache,hit,7279,251,569,820,0,1
dontcache,miss,7280,2546,10670,13216,56,1
dontcache,hit,7280,265,595,860,0,1
dontcache,miss,7281,2525,10654,13179,56,1
dontcache,hit,7281,261,565,826,0,1
dontcache,miss,7282,2342,10608,12950,56,1
dontcache,hit,7282,261,543,804,0,1
dontcache,miss,7283,2546,10758,13304,56,1
dontcache,hit,7283,257,549,806,0,1
dontcache,miss,7284,2398,10528,12926,55,1
dontcache,hit,7284,266,558,824,0,1
dontcache,miss,7285,2510,10589,13099,55,1
dontcache,hit,7285,254,540,794,0,1
dontcache,miss,7286,2325,10641,12966,56,1
dontcache,hit,7286,256,542,798,0,1
dontcache,miss,7287,2446,10736,13182,56,1
dontcache,hit,7287,255,548,803,0,1
dontcache,miss,7288,2341,10828,13169,57,1
dontcache,hit,7288,253,543,796,0,1
dontcache,miss,7289,2527,10492,13019,55,1
dontcache,hit,7289,254,548,802,0,1
dontcache,miss,7290,2329,10473,12802,55,1
dontcache,hit,7290,256,554,810,0,1
dontcache,miss,7291,2525,10499,13024,55,1
dontcache,hit,7291,254,554,808,0,1
dontcache,miss,7292,2307,10555,12862,55,1
dontcache,hit,7292,256,551,807,0,1
dontcache,miss,7293,2528,10481,13009,55,1
dontcache,hit,7293,256,544,800,0,1
dontcache,miss,7294,2352,10476,12828,55,1
dontcache,hit,7294,256,539,795,0,1
dontcache,miss,7295,2533,10577,13110,55,1
dontcache,hit,7295,257,542,799,0,1
dontcache,miss,7296,2317,10635,12952,56,1
dontcache,hit,7296,258,549,807,0,1
dontcache,miss,7297,2544,10572,13116,55,1
dontcache,hit,7297,255,560,815,0,1
dontcache,miss,7298,2331,10446,12777,55,1
dontcache,hit,7298,256,539,795,0,1
dontcache,miss,7299,2521,10529,13050,55,1
dontcache,hit,7299,254,560,814,0,1
dontcache,miss,7300,2344,10627,12971,56,1
dontcache,hit,7300,272,655,927,0,1
dontcache,miss,7301,2570,10738,13308,56,1
dontcache,hit,7301,267,588,855,0,1
dontcache,miss,7302,2368,11190,13558,59,1
dontcache,hit,7302,254,578,832,0,1
dontcache,miss,7303,2528,10903,13431,57,1
dontcache,hit,7303,258,561,819,0,1
dontcache,miss,7304,2339,10638,12977,56,1
dontcache,hit,7304,257,576,833,0,1
dontcache,miss,7305,2504,10719,13223,56,1
dontcache,hit,7305,258,565,823,0,1
dontcache,miss,7306,2363,10872,13235,57,1
dontcache,hit,7306,260,559,819,0,1
dontcache,miss,7307,2525,10865,13390,57,1
dontcache,hit,7307,259,581,840,0,1
dontcache,miss,7308,2380,10479,12859,55,1
dontcache,hit,7308,261,566,827,0,1
dontcache,miss,7309,2554,10564,13118,55,1
dontcache,hit,7309,257,575,832,0,1
dontcache,miss,7310,2364,11032,13396,58,1
dontcache,hit,7310,259,568,827,0,1
dontcache,miss,7311,2510,10500,13010,55,1
dontcache,hit,7311,257,571,828,0,1
dontcache,miss,7312,2349,10633,12982,56,1
dontcache,hit,7312,278,773,1051,0,1
dontcache,miss,7313,2738,10968,13706,54,1
dontcache,hit,7313,275,653,928,0,1
dontcache,miss,7314,2390,10464,12854,55,1
dontcache,hit,7314,260,549,809,0,1
dontcache,miss,7315,2500,10645,13145,56,1
dontcache,hit,7315,260,580,840,0,1
dontcache,miss,7316,2335,10546,12881,55,1
dontcache,hit,7316,257,559,816,0,1
dontcache,miss,7317,2555,10667,13222,56,1
dontcache,hit,7317,266,556,822,0,1
dontcache,miss,7318,2328,10593,12921,56,1
dontcache,hit,7318,258,543,801,0,1
dontcache,miss,7319,2528,10553,13081,55,1
dontcache,hit,7319,268,553,821,0,1
dontcache,miss,7320,2376,10604,12980,56,1
dontcache,hit,7320,310,564,874,0,1
dontcache,miss,7321,3675,12516,16191,38,1
dontcache,hit,7321,422,842,1264,0,1
dontcache,miss,7322,2869,13033,15902,69,1
dontcache,hit,7322,259,734,993,0,1
dontcache,miss,7323,2487,11722,14209,62,1
dontcache,hit,7323,257,634,891,0,1
dontcache,miss,7324,2323,10125,12448,53,1
dontcache,hit,7324,267,549,816,0,1
dontcache,miss,7325,2524,10009,12533,52,1
dontcache,hit,7325,262,536,798,0,1
dontcache,miss,7326,2341,10647,12988,56,1
dontcache,hit,7326,261,548,809,0,1
dontcache,miss,7327,2494,10571,13065,55,1
dontcache,hit,7327,259,540,799,0,1
dontcache,miss,7328,2350,10536,12886,55,1
dontcache,hit,7328,268,567,835,0,1
dontcache,miss,7329,2525,10751,13276,56,1
dontcache,hit,7329,266,533,799,0,1
dontcache,miss,7330,2350,10705,13055,56,1
dontcache,hit,7330,262,540,802,0,1
dontcache,miss,7331,2489,10729,13218,56,1
dontcache,hit,7331,260,540,800,0,1
dontcache,miss,7332,2323,10649,12972,56,1
dontcache,hit,7332,263,543,806,0,1
dontcache,miss,7333,2664,11270,13934,59,1
dontcache,hit,7333,277,646,923,0,1
dontcache,miss,7334,2329,10660,12989,56,1
dontcache,hit,7334,255,554,809,0,1
dontcache,miss,7335,2495,10727,13222,56,1
dontcache,hit,7335,255,557,812,0,1
dontcache,miss,7336,2325,10570,12895,55,1
dontcache,hit,7336,260,550,810,0,1
dontcache,miss,7337,2528,11066,13594,58,1
dontcache,hit,7337,254,559,813,0,1
dontcache,miss,7338,2334,10606,12940,55,1
dontcache,hit,7338,259,556,815,0,1
dontcache,miss,7339,2512,11080,13592,58,1
dontcache,hit,7339,258,572,830,0,1
dontcache,miss,7340,2305,10661,12966,56,1
dontcache,hit,7340,258,572,830,0,1
dontcache,miss,7341,2520,10493,13013,55,1
dontcache,hit,7341,251,556,807,0,1
dontcache,miss,7342,2373,11046,13419,58,1
dontcache,hit,7342,259,552,811,0,1
dontcache,miss,7343,2525,10584,13109,55,1
dontcache,hit,7343,256,564,820,0,1
dontcache,miss,7344,2342,10625,12967,56,1
dontcache,hit,7344,265,649,914,0,1
dontcache,miss,7345,2504,10680,13184,56,1
dontcache,hit,7345,253,578,831,0,1
dontcache,miss,7346,2356,10622,12978,56,1
dontcache,hit,7346,260,543,803,0,1
dontcache,miss,7347,2495,10003,12498,52,1
dontcache,hit,7347,257,546,803,0,1
dontcache,miss,7348,2285,10823,13108,57,1
dontcache,hit,7348,260,549,809,0,1
dontcache,miss,7349,2535,10539,13074,55,1
dontcache,hit,7349,253,548,801,0,1
dontcache,miss,7350,2359,10795,13154,57,1
dontcache,hit,7350,260,551,811,0,1
dontcache,miss,7351,2543,10645,13188,56,1
dontcache,hit,7351,259,556,815,0,1
dontcache,miss,7352,2376,10497,12873,55,1
dontcache,hit,7352,255,552,807,0,1
dontcache,miss,7353,2491,10584,13075,55,1
dontcache,hit,7353,264,551,815,0,1
dontcache,miss,7354,2361,10519,12880,55,1
dontcache,hit,7354,258,540,798,0,1
dontcache,miss,7355,2541,10843,13384,57,1
dontcache,hit,7355,256,538,794,0,1
dontcache,miss,7356,2355,10443,12798,55,1
dontcache,hit,7356,259,552,811,0,1
dontcache,miss,7357,2539,9315,11854,48,1
dontcache,hit,7357,254,545,799,0,1
dontcache,miss,7358,2408,9293,11701,48,1
dontcache,hit,7358,256,544,800,0,1
dontcache,miss,7359,2515,10704,13219,56,1
dontcache,hit,7359,252,547,799,0,1
dontcache,miss,7360,2361,10650,13011,56,1
dontcache,hit,7360,257,552,809,0,1
dontcache,miss,7361,2507,10498,13005,55,1
dontcache,hit,7361,253,545,798,0,1
dontcache,miss,7362,2374,10522,12896,55,1
dontcache,hit,7362,253,549,802,0,1
dontcache,miss,7363,2507,10537,13044,55,1
dontcache,hit,7363,254,549,803,0,1
dontcache,miss,7364,2337,10486,12823,55,1
dontcache,hit,7364,256,541,797,0,1
dontcache,miss,7365,2544,10125,12669,53,1
dontcache,hit,7365,256,553,809,0,1
dontcache,miss,7366,2345,14517,16862,62,1
dontcache,hit,7366,266,573,839,0,1
dontcache,miss,7367,2497,10734,13231,56,1
dontcache,hit,7367,257,574,831,0,1
dontcache,miss,7368,2380,10793,13173,57,1
dontcache,hit,7368,254,559,813,0,1
dontcache,miss,7369,2534,10336,12870,54,1
dontcache,hit,7369,257,566,823,0,1
dontcache,miss,7370,2361,10524,12885,55,1
dontcache,hit,7370,259,562,821,0,1
dontcache,miss,7371,2531,10694,13225,56,1
dontcache,hit,7371,254,566,820,0,1
dontcache,miss,7372,2358,10602,12960,48,1
dontcache,hit,7372,256,1397,1653,0,1
dontcache,miss,7373,2561,10870,13431,57,1
dontcache,hit,7373,254,566,820,0,1
dontcache,miss,7374,2377,10620,12997,56,1
dontcache,hit,7374,258,557,815,0,1
dontcache,miss,7375,2530,10705,13235,56,1
dontcache,hit,7375,255,558,813,0,1
dontcache,miss,7376,2404,10982,13386,58,1
dontcache,hit,7376,315,556,871,0,1
dontcache,miss,7377,2520,13716,16236,52,1
dontcache,hit,7377,254,557,811,0,1
dontcache,miss,7378,2495,10640,13135,56,1
dontcache,hit,7378,300,715,1015,0,1
dontcache,miss,7379,2527,10750,13277,56,1
dontcache,hit,7379,261,557,818,0,1
dontcache,miss,7380,2341,10706,13047,56,1
dontcache,hit,7380,260,537,797,0,1
dontcache,miss,7381,2512,10719,13231,56,1
dontcache,hit,7381,261,540,801,0,1
dontcache,miss,7382,2332,10641,12973,56,1
dontcache,hit,7382,256,542,798,0,1
dontcache,miss,7383,2438,10590,13028,55,1
dontcache,hit,7383,257,547,804,0,1
dontcache,miss,7384,2344,10581,12925,56,1
dontcache,hit,7384,260,535,795,0,1
dontcache,miss,7385,2488,10570,13058,55,1
dontcache,hit,7385,258,537,795,0,1
dontcache,miss,7386,2341,10614,12955,56,1
dontcache,hit,7386,261,544,805,0,1
dontcache,miss,7387,2459,10696,13155,56,1
dontcache,hit,7387,255,541,796,0,1
dontcache,miss,7388,2318,10647,12965,56,1
dontcache,hit,7388,260,533,793,0,1
dontcache,miss,7389,2481,10676,13157,56,1
dontcache,hit,7389,256,542,798,0,1
dontcache,miss,7390,2365,10692,13057,56,1
dontcache,hit,7390,256,545,801,0,1
dontcache,miss,7391,2465,10666,13131,56,1
dontcache,hit,7391,258,540,798,0,1
dontcache,miss,7392,2348,10658,13006,56,1
dontcache,hit,7392,256,541,797,0,1
dontcache,miss,7393,2488,10834,13322,57,1
dontcache,hit,7393,260,555,815,0,1
dontcache,miss,7394,2322,10464,12786,55,1
dontcache,hit,7394,257,545,802,0,1
dontcache,miss,7395,2506,10012,12518,52,1
dontcache,hit,7395,258,551,809,0,1
dontcache,miss,7396,2313,10772,13085,57,1
dontcache,hit,7396,256,541,797,0,1
dontcache,miss,7397,2482,10745,13227,56,1
dontcache,hit,7397,258,538,796,0,1
dontcache,miss,7398,2342,10695,13037,56,1
dontcache,hit,7398,294,613,907,0,1
dontcache,miss,7399,2512,10876,13388,57,1
dontcache,hit,7399,262,573,835,0,1
dontcache,miss,7400,2312,10989,13301,58,1
dontcache,hit,7400,256,564,820,0,1
dontcache,miss,7401,2487,10908,13395,57,1
dontcache,hit,7401,270,564,834,0,1
dontcache,miss,7402,2321,10668,12989,56,1
dontcache,hit,7402,264,564,828,0,1
dontcache,miss,7403,2469,11136,13605,58,1
dontcache,hit,7403,260,557,817,0,1
dontcache,miss,7404,2293,10487,12780,55,1
dontcache,hit,7404,264,554,818,0,1
dontcache,miss,7405,2511,10821,13332,57,1
dontcache,hit,7405,258,570,828,0,1
dontcache,miss,7406,2331,10720,13051,56,1
dontcache,hit,7406,260,556,816,0,1
dontcache,miss,7407,2465,10567,13032,55,1
dontcache,hit,7407,261,560,821,0,1
dontcache,miss,7408,2303,10840,13143,57,1
dontcache,hit,7408,263,564,827,0,1
dontcache,miss,7409,2502,10702,13204,56,1
dontcache,hit,7409,261,562,823,0,1
dontcache,miss,7410,2339,11918,14257,39,1
dontcache,hit,7410,269,578,847,0,1
dontcache,miss,7411,2496,10667,13163,56,1
dontcache,hit,7411,258,571,829,0,1
dontcache,miss,7412,2352,10590,12942,56,1
dontcache,hit,7412,263,539,802,0,1
dontcache,miss,7413,2498,10713,13211,56,1
dontcache,hit,7413,260,551,811,0,1
dontcache,miss,7414,2362,11024,13386,58,1
dontcache,hit,7414,261,549,810,0,1
dontcache,miss,7415,2498,10898,13396,57,1
dontcache,hit,7415,260,550,810,0,1
dontcache,miss,7416,2358,10788,13146,57,1
dontcache,hit,7416,260,543,803,0,1
dontcache,miss,7417,2539,10636,13175,56,1
dontcache,hit,7417,260,547,807,0,1
dontcache,miss,7418,2303,10709,13012,56,1
dontcache,hit,7418,262,542,804,0,1
dontcache,miss,7419,2494,10728,13222,56,1
dontcache,hit,7419,260,549,809,0,1
dontcache,miss,7420,2311,10618,12929,56,1
dontcache,hit,7420,262,547,809,0,1
dontcache,miss,7421,2499,10672,13171,56,1
dontcache,hit,7421,259,548,807,0,1
dontcache,miss,7422,2338,10520,12858,55,1
dontcache,hit,7422,262,542,804,0,1
dontcache,miss,7423,2501,10702,13203,55,1
dontcache,hit,7423,258,540,798,0,1
dontcache,miss,7424,2302,10451,12753,55,1
dontcache,hit,7424,269,535,804,0,1
dontcache,miss,7425,2453,10972,13425,57,1
dontcache,hit,7425,264,534,798,0,1
dontcache,miss,7426,2290,10667,12957,56,1
dontcache,hit,7426,264,539,803,0,1
dontcache,miss,7427,2507,10501,13008,55,1
dontcache,hit,7427,258,537,795,0,1
dontcache,miss,7428,2333,10836,13169,57,1
dontcache,hit,7428,266,540,806,0,1
dontcache,miss,7429,2498,10522,13020,55,1
dontcache,hit,7429,260,528,788,0,1
dontcache,miss,7430,2313,10492,12805,55,1
dontcache,hit,7430,264,533,797,0,1
dontcache,miss,7431,2690,11271,13961,59,1
dontcache,hit,7431,270,636,906,0,1
dontcache,miss,7432,2290,11083,13373,58,1
dontcache,hit,7432,271,554,825,0,1
dontcache,miss,7433,2507,10619,13126,56,1
dontcache,hit,7433,257,560,817,0,1
dontcache,miss,7434,2400,11135,13535,59,1
dontcache,hit,7434,258,563,821,0,1
dontcache,miss,7435,2532,10834,13366,57,1
dontcache,hit,7435,258,562,820,0,1
dontcache,miss,7436,2287,11000,13287,58,1
dontcache,hit,7436,258,588,846,0,1
dontcache,miss,7437,2528,10884,13412,57,1
dontcache,hit,7437,254,570,824,0,1
dontcache,miss,7438,2372,10603,12975,56,1
dontcache,hit,7438,260,558,818,0,1
dontcache,miss,7439,2529,10816,13345,57,1
dontcache,hit,7439,261,562,823,0,1
dontcache,miss,7440,2302,10648,12950,56,1
dontcache,hit,7440,263,549,812,0,1
dontcache,miss,7441,2477,10929,13406,57,1
dontcache,hit,7441,261,559,820,0,1
dontcache,miss,7442,2316,11125,13441,59,1
dontcache,hit,7442,264,558,822,0,1
dontcache,miss,7443,2668,10565,13233,55,1
dontcache,hit,7443,267,644,911,0,1
dontcache,miss,7444,2320,10619,12939,56,1
dontcache,hit,7444,261,546,807,0,1
dontcache,miss,7445,2510,10603,13113,55,1
dontcache,hit,7445,265,561,826,0,1
dontcache,miss,7446,2291,10490,12781,55,1
dontcache,hit,7446,262,539,801,0,1
dontcache,miss,7447,2527,10670,13197,56,1
dontcache,hit,7447,261,537,798,0,1
dontcache,miss,7448,2376,10670,13046,56,1
dontcache,hit,7448,266,540,806,0,1
dontcache,miss,7449,2526,10520,13046,55,1
dontcache,hit,7449,263,537,800,0,1
dontcache,miss,7450,2337,10676,13013,56,1
dontcache,hit,7450,266,529,795,0,1
dontcache,miss,7451,2519,10501,13020,55,1
dontcache,hit,7451,261,562,823,0,1
dontcache,miss,7452,2297,10656,12953,56,1
dontcache,hit,7452,264,550,814,0,1
dontcache,miss,7453,2495,10657,13152,56,1
dontcache,hit,7453,261,531,792,0,1
dontcache,miss,7454,2319,13824,16143,75,1
dontcache,hit,7454,260,545,805,0,1
dontcache,miss,7455,2550,10225,12775,53,1
dontcache,hit,7455,256,535,791,0,1
dontcache,miss,7456,2323,10196,12519,53,1
dontcache,hit,7456,262,539,801,0,1
dontcache,miss,7457,2535,10540,13075,55,1
dontcache,hit,7457,262,553,815,0,1
dontcache,miss,7458,2334,10690,13024,56,1
dontcache,hit,7458,267,546,813,0,1
dontcache,miss,7459,2550,10723,13273,56,1
dontcache,hit,7459,263,546,809,0,1
dontcache,miss,7460,2361,10363,12724,54,1
dontcache,hit,7460,263,540,803,0,1
dontcache,miss,7461,2546,10043,12589,52,1
dontcache,hit,7461,260,541,801,0,1
dontcache,miss,7462,2317,10583,12900,56,1
dontcache,hit,7462,264,539,803,0,1
dontcache,miss,7463,2495,10541,13036,55,1
dontcache,hit,7463,262,531,793,0,1
dontcache,miss,7464,2377,13190,15567,54,1
dontcache,hit,7464,266,588,854,0,1
dontcache,miss,7465,2524,13298,15822,71,1
dontcache,hit,7465,272,554,826,0,1
dontcache,miss,7466,2333,12736,15069,68,1
dontcache,hit,7466,265,550,815,0,1
dontcache,miss,7467,2508,13923,16431,75,1
dontcache,hit,7467,264,562,826,0,1
dontcache,miss,7468,2383,12059,14442,64,1
dontcache,hit,7468,262,559,821,0,1
dontcache,miss,7469,2615,10566,13181,55,1
dontcache,hit,7469,258,566,824,0,1
dontcache,miss,7470,2923,11294,14217,37,1
dontcache,hit,7470,309,729,1038,0,1
dontcache,miss,7471,2520,11154,13674,59,1
dontcache,hit,7471,262,587,849,0,1
dontcache,miss,7472,2281,10671,12952,56,1
dontcache,hit,7472,264,564,828,0,1
dontcache,miss,7473,2486,10668,13154,56,1
dontcache,hit,7473,258,563,821,0,1
dontcache,miss,7474,2286,10519,12805,55,1
dontcache,hit,7474,293,655,948,0,1
dontcache,miss,7475,2525,10519,13044,55,1
dontcache,hit,7475,274,590,864,0,1
dontcache,miss,7476,2341,11001,13342,58,1
dontcache,hit,7476,258,549,807,0,1
dontcache,miss,7477,2537,10662,13199,56,1
dontcache,hit,7477,254,547,801,0,1
dontcache,miss,7478,2350,10659,13009,56,1
dontcache,hit,7478,255,548,803,0,1
dontcache,miss,7479,2489,10682,13171,56,1
dontcache,hit,7479,256,538,794,0,1
dontcache,miss,7480,2307,10863,13170,57,1
dontcache,hit,7480,259,551,810,0,1
dontcache,miss,7481,2524,10749,13273,56,1
dontcache,hit,7481,257,552,809,0,1
dontcache,miss,7482,2343,20037,22380,111,1
dontcache,hit,7482,261,544,805,0,1
dontcache,miss,7483,2559,10375,12934,54,1
dontcache,hit,7483,274,540,814,0,1
dontcache,miss,7484,2371,10541,12912,55,1
dontcache,hit,7484,254,546,800,0,1
dontcache,miss,7485,2518,10605,13123,56,1
dontcache,hit,7485,255,543,798,0,1
dontcache,miss,7486,2371,10634,13005,56,1
dontcache,hit,7486,261,544,805,0,1
dontcache,miss,7487,2528,10852,13380,57,1
dontcache,hit,7487,262,560,822,0,1
dontcache,miss,7488,2408,10471,12879,55,1
dontcache,hit,7488,263,553,816,0,1
dontcache,miss,7489,2530,10559,13089,55,1
dontcache,hit,7489,250,552,802,0,1
dontcache,miss,7490,2346,10438,12784,55,1
dontcache,hit,7490,259,552,811,0,1
dontcache,miss,7491,2545,10715,13260,56,1
dontcache,hit,7491,262,554,816,0,1
dontcache,miss,7492,2356,10489,12845,55,1
dontcache,hit,7492,262,548,810,0,1
dontcache,miss,7493,2492,10745,13237,56,1
dontcache,hit,7493,266,551,817,0,1
dontcache,miss,7494,2358,10506,12864,55,1
dontcache,hit,7494,260,549,809,0,1
dontcache,miss,7495,2894,10248,13142,52,1
dontcache,hit,7495,4580,1414,5994,0,1
dontcache,miss,7496,2358,10975,13333,58,1
dontcache,hit,7496,263,590,853,0,1
dontcache,miss,7497,2505,9312,11817,48,1
dontcache,hit,7497,266,570,836,0,1
dontcache,miss,7498,2345,10386,12731,54,1
dontcache,hit,7498,257,560,817,0,1
dontcache,miss,7499,2503,10683,13186,56,1
dontcache,hit,7499,257,573,830,0,1
dontcache,miss,7500,2374,10963,13337,58,1
dontcache,hit,7500,256,560,816,0,1
dontcache,miss,7501,2528,10896,13424,57,1
dontcache,hit,7501,265,556,821,0,1
dontcache,miss,7502,2352,10797,13149,57,1
dontcache,hit,7502,257,558,815,0,1
dontcache,miss,7503,2531,11006,13537,58,1
dontcache,hit,7503,257,565,822,0,1
dontcache,miss,7504,2340,10525,12865,55,1
dontcache,hit,7504,259,574,833,0,1
dontcache,miss,7505,2532,10543,13075,55,1
dontcache,hit,7505,258,574,832,0,1
dontcache,miss,7506,2319,10650,12969,56,1
dontcache,hit,7506,254,566,820,0,1
dontcache,miss,7507,2800,10695,13495,56,1
dontcache,hit,7507,291,733,1024,0,1
dontcache,miss,7508,2317,10876,13193,57,1
dontcache,hit,7508,255,560,815,0,1
dontcache,miss,7509,2523,10619,13142,56,1
dontcache,hit,7509,260,580,840,0,1
dontcache,miss,7510,2376,10527,12903,55,1
dontcache,hit,7510,259,556,815,0,1
dontcache,miss,7511,2469,10504,12973,55,1
dontcache,hit,7511,259,538,797,0,1
dontcache,miss,7512,2375,10713,13088,56,1
dontcache,hit,7512,254,546,800,0,1
dontcache,miss,7513,2517,10828,13345,57,1
dontcache,hit,7513,255,549,804,0,1
dontcache,miss,7514,2353,10604,12957,56,1
dontcache,hit,7514,253,1291,1544,0,1
dontcache,miss,7515,5146,13297,18443,70,1
dontcache,hit,7515,1023,1296,2319,0,1
dontcache,miss,7516,3790,17449,21239,76,1
dontcache,hit,7516,1683,1231,2914,0,1
dontcache,miss,7517,2533,14279,16812,73,1
dontcache,hit,7517,259,552,811,0,1
dontcache,miss,7518,2384,12556,14940,67,1
dontcache,hit,7518,409,545,954,0,1
dontcache,miss,7519,2544,12660,15204,67,1
dontcache,hit,7519,254,883,1137,0,1
dontcache,miss,7520,2345,18787,21132,95,1
dontcache,hit,7520,261,1039,1300,0,1
dontcache,miss,7521,3090,12700,15790,67,1
dontcache,hit,7521,252,614,866,0,1
dontcache,miss,7522,2361,12774,15135,66,1
dontcache,hit,7522,256,1006,1262,0,1
dontcache,miss,7523,2497,13348,15845,71,1
dontcache,hit,7523,256,553,809,0,1
dontcache,miss,7524,2538,15885,18423,87,1
dontcache,hit,7524,269,1343,1612,0,1
dontcache,miss,7525,3158,18837,21995,104,1
dontcache,hit,7525,262,578,840,0,1
dontcache,miss,7526,2336,11919,14255,60,1
dontcache,hit,7526,261,566,827,0,1
dontcache,miss,7527,2738,11765,14503,61,1
dontcache,hit,7527,576,575,1151,0,1
dontcache,miss,7528,2420,11558,13978,59,1
dontcache,hit,7528,254,556,810,0,1
dontcache,miss,7529,2838,18023,20861,99,1
dontcache,hit,7529,251,560,811,0,1
dontcache,miss,7530,2184,12207,14391,65,1
dontcache,hit,7530,252,565,817,0,1
dontcache,miss,7531,2573,11748,14321,59,1
dontcache,hit,7531,263,558,821,0,1
dontcache,miss,7532,2340,13172,15512,70,1
dontcache,hit,7532,259,566,825,0,1
dontcache,miss,7533,2731,11573,14304,61,1
dontcache,hit,7533,254,562,816,0,1
dontcache,miss,7534,2745,11729,14474,30,1
dontcache,hit,7534,264,594,858,0,1
dontcache,miss,7535,3157,13357,16514,68,1
dontcache,hit,7535,256,1168,1424,0,1
dontcache,miss,7536,2688,12219,14907,65,1
dontcache,hit,7536,256,558,814,0,1
dontcache,miss,7537,2524,12233,14757,64,1
dontcache,hit,7537,256,554,810,0,1
dontcache,miss,7538,2377,10785,13162,56,1
dontcache,hit,7538,255,643,898,0,1
dontcache,miss,7539,2565,10652,13217,55,1
dontcache,hit,7539,252,561,813,0,1
dontcache,miss,7540,2344,13874,16218,65,1
dontcache,hit,7540,258,567,825,0,1
dontcache,miss,7541,2591,13554,16145,73,1
dontcache,hit,7541,254,554,808,0,1
dontcache,miss,7542,2407,11398,13805,60,1
dontcache,hit,7542,256,547,803,0,1
dontcache,miss,7543,3972,11902,15874,63,1
dontcache,hit,7543,257,548,805,0,1
dontcache,miss,7544,3146,11215,14361,59,1
dontcache,hit,7544,255,728,983,0,1
dontcache,miss,7545,2567,10839,13406,57,1
dontcache,hit,7545,253,553,806,0,1
dontcache,miss,7546,2482,11297,13779,60,1
dontcache,hit,7546,258,547,805,0,1
dontcache,miss,7547,2569,10814,13383,57,1
dontcache,hit,7547,254,535,789,0,1
dontcache,miss,7548,2370,11477,13847,57,1
dontcache,hit,7548,259,723,982,0,1
dontcache,miss,7549,2935,12120,15055,63,1
dontcache,hit,7549,257,541,798,0,1
dontcache,miss,7550,2692,11975,14667,62,1
dontcache,hit,7550,257,544,801,0,1
dontcache,miss,7551,2556,11078,13634,58,1
dontcache,hit,7551,256,540,796,0,1
dontcache,miss,7552,2352,11014,13366,58,1
dontcache,hit,7552,253,555,808,0,1
dontcache,miss,7553,3067,11026,14093,56,1
dontcache,hit,7553,359,763,1122,0,1
dontcache,miss,7554,2513,11334,13847,59,1
dontcache,hit,7554,259,875,1134,0,1
dontcache,miss,7555,2846,10987,13833,58,1
dontcache,hit,7555,253,569,822,0,1
dontcache,miss,7556,2340,10804,13144,57,1
dontcache,hit,7556,254,572,826,0,1
dontcache,miss,7557,2885,12490,15375,63,1
dontcache,hit,7557,256,1676,1932,0,1
dontcache,miss,7558,2493,11289,13782,58,1
dontcache,hit,7558,257,721,978,0,1
dontcache,miss,7559,2975,11553,14528,61,1
dontcache,hit,7559,254,1033,1287,0,1
dontcache,miss,7560,2379,10823,13202,57,1
dontcache,hit,7560,370,856,1226,0,1
dontcache,miss,7561,9099,15811,24910,37,1
dontcache,hit,7561,1133,2362,3495,0,1
dontcache,miss,7562,10104,12091,22195,33,1
dontcache,hit,7562,426,2633,3059,0,1
dontcache,miss,7563,4558,11279,15837,43,1
dontcache,hit,7563,443,1105,1548,0,1
dontcache,miss,7564,5081,11463,16544,41,1
dontcache,hit,7564,465,1068,1533,0,1
dontcache,miss,7565,4052,12569,16621,38,1
dontcache,hit,7565,463,992,1455,0,1
dontcache,miss,7566,3990,14729,18719,52,1
dontcache,hit,7566,957,912,1869,0,1
dontcache,miss,7567,4118,14521,18639,51,1
dontcache,hit,7567,1229,756,1985,0,1
dontcache,miss,7568,3160,13039,16199,46,1
dontcache,hit,7568,965,781,1746,0,1
dontcache,miss,7569,3779,10555,14334,33,1
dontcache,hit,7569,390,856,1246,0,1
dontcache,miss,7570,3903,11307,15210,38,1
dontcache,hit,7570,477,1201,1678,0,1
dontcache,miss,7571,5050,11707,16757,39,1
dontcache,hit,7571,465,1363,1828,0,1
dontcache,miss,7572,11588,13278,24866,27,1
dontcache,hit,7572,589,1292,1881,0,1
dontcache,miss,7573,4865,10609,15474,53,1
dontcache,hit,7573,488,926,1414,0,1
dontcache,miss,7574,2572,11182,13754,59,1
dontcache,hit,7574,261,648,909,0,1
dontcache,miss,7575,2474,11191,13665,58,1
dontcache,hit,7575,260,569,829,0,1
dontcache,miss,7576,2309,10627,12936,56,1
dontcache,hit,7576,264,718,982,0,1
dontcache,miss,7577,2606,10731,13337,51,1
dontcache,hit,7577,260,2148,2408,0,1
dontcache,miss,7578,9771,10924,20695,55,1
dontcache,hit,7578,298,648,946,0,1
dontcache,miss,7579,2517,11250,13767,59,1
dontcache,hit,7579,270,578,848,0,1
dontcache,miss,7580,2312,10678,12990,56,1
dontcache,hit,7580,271,555,826,0,1
dontcache,miss,7581,2518,10965,13483,58,1
dontcache,hit,7581,263,574,837,0,1
dontcache,miss,7582,2317,10668,12985,56,1
dontcache,hit,7582,266,563,829,0,1
dontcache,miss,7583,2540,10556,13096,55,1
dontcache,hit,7583,267,575,842,0,1
dontcache,miss,7584,2306,11045,13351,58,1
dontcache,hit,7584,264,560,824,0,1
dontcache,miss,7585,2527,10673,13200,56,1
dontcache,hit,7585,326,577,903,0,1
dontcache,miss,7586,2258,81273,83531,472,1
dontcache,hit,7586,275,638,913,0,1
dontcache,miss,7587,2561,10740,13301,56,1
dontcache,hit,7587,260,562,822,0,1
dontcache,miss,7588,2262,10665,12927,56,1
dontcache,hit,7588,266,564,830,0,1
dontcache,miss,7589,2528,9315,11843,48,1
dontcache,hit,7589,261,558,819,0,1
dontcache,miss,7590,2357,9453,11810,49,1
dontcache,hit,7590,265,539,804,0,1
dontcache,miss,7591,2563,10669,13232,56,1
dontcache,hit,7591,263,546,809,0,1
dontcache,miss,7592,2317,10635,12952,56,1
dontcache,hit,7592,264,543,807,0,1
dontcache,miss,7593,2599,10559,13158,55,1
dontcache,hit,7593,258,548,806,0,1
dontcache,miss,7594,2303,10869,13172,57,1
dontcache,hit,7594,264,546,810,0,1
dontcache,miss,7595,2543,10553,13096,55,1
dontcache,hit,7595,262,574,836,0,1
dontcache,miss,7596,2274,10611,12885,56,1
dontcache,hit,7596,267,548,815,0,1
dontcache,miss,7597,2565,10510,13075,55,1
dontcache,hit,7597,264,557,821,0,1
dontcache,miss,7598,2343,10407,12750,55,1
dontcache,hit,7598,269,557,826,0,1
dontcache,miss,7599,2533,10581,13114,55,1
dontcache,hit,7599,264,545,809,0,1
dontcache,miss,7600,2340,10669,13009,56,1
dontcache,hit,7600,267,550,817,0,1
dontcache,miss,7601,2503,10719,13222,56,1
dontcache,hit,7601,261,557,818,0,1
dontcache,miss,7602,2297,10813,13110,57,1
dontcache,hit,7602,270,539,809,0,1
dontcache,miss,7603,2533,10515,13048,55,1
dontcache,hit,7603,262,549,811,0,1
dontcache,miss,7604,2309,10701,13010,56,1
dontcache,hit,7604,264,551,815,0,1
dontcache,miss,7605,2527,10633,13160,56,1
dontcache,hit,7605,262,554,816,0,1
dontcache,miss,7606,2401,10846,13247,57,1
dontcache,hit,7606,266,552,818,0,1
dontcache,miss,7607,2516,15758,18274,53,1
dontcache,hit,7607,265,557,822,0,1
dontcache,miss,7608,2593,11145,13738,59,1
dontcache,hit,7608,267,597,864,0,1
dontcache,miss,7609,2497,10820,13317,57,1
dontcache,hit,7609,261,582,843,0,1
dontcache,miss,7610,2321,11046,13367,58,1
dontcache,hit,7610,264,570,834,0,1
dontcache,miss,7611,2563,10849,13412,57,1
dontcache,hit,7611,261,578,839,0,1
dontcache,miss,7612,2311,11502,13813,52,1
dontcache,hit,7612,433,1389,1822,0,1
dontcache,miss,7613,4554,10844,15398,55,1
dontcache,hit,7613,529,1239,1768,0,1
dontcache,miss,7614,2435,11875,14310,49,1
dontcache,hit,7614,457,1144,1601,0,1
dontcache,miss,7615,3346,10856,14202,56,1
dontcache,hit,7615,341,957,1298,0,1
dontcache,miss,7616,2358,10863,13221,57,1
dontcache,hit,7616,262,583,845,0,1
dontcache,miss,7617,2543,10729,13272,56,1
dontcache,hit,7617,259,570,829,0,1
dontcache,miss,7618,2286,10625,12911,56,1
dontcache,hit,7618,293,706,999,0,1
dontcache,miss,7619,2549,10887,13436,57,1
dontcache,hit,7619,257,589,846,0,1
dontcache,miss,7620,2287,10677,12964,56,1
dontcache,hit,7620,256,556,812,0,1
dontcache,miss,7621,2580,10730,13310,56,1
dontcache,hit,7621,259,552,811,0,1
dontcache,miss,7622,2323,10614,12937,56,1
dontcache,hit,7622,260,552,812,0,1
dontcache,miss,7623,2496,10725,13221,56,1
dontcache,hit,7623,265,538,803,0,1
dontcache,miss,7624,2340,10651,12991,56,1
dontcache,hit,7624,267,545,812,0,1
dontcache,miss,7625,2516,10922,13438,57,1
dontcache,hit,7625,258,546,804,0,1
dontcache,miss,7626,2361,10889,13250,57,1
dontcache,hit,7626,255,544,799,0,1
dontcache,miss,7627,2523,10713,13236,56,1
dontcache,hit,7627,261,537,798,0,1
dontcache,miss,7628,2338,10485,12823,55,1
dontcache,hit,7628,264,557,821,0,1
dontcache,miss,7629,2515,10686,13201,56,1
dontcache,hit,7629,263,551,814,0,1
dontcache,miss,7630,2310,10618,12928,56,1
dontcache,hit,7630,261,558,819,0,1
dontcache,miss,7631,2522,9355,11877,48,1
dontcache,hit,7631,263,545,808,0,1
dontcache,miss,7632,2327,9399,11726,49,1
dontcache,hit,7632,260,550,810,0,1
dontcache,miss,7633,2536,10838,13374,57,1
dontcache,hit,7633,260,540,800,0,1
dontcache,miss,7634,2308,10626,12934,56,1
dontcache,hit,7634,263,550,813,0,1
dontcache,miss,7635,2532,9655,12187,50,1
dontcache,hit,7635,258,547,805,0,1
dontcache,miss,7636,2325,9775,12100,51,1
dontcache,hit,7636,261,542,803,0,1
dontcache,miss,7637,2530,10726,13256,56,1
dontcache,hit,7637,261,534,795,0,1
dontcache,miss,7638,2347,10534,12881,55,1
dontcache,hit,7638,266,549,815,0,1
dontcache,miss,7639,2522,10548,13070,55,1
dontcache,hit,7639,261,534,795,0,1
dontcache,miss,7640,7801,11509,19310,60,1
dontcache,hit,7640,266,652,918,0,1
dontcache,miss,7641,2515,20040,22555,111,1
dontcache,hit,7641,258,585,843,0,1
dontcache,miss,7642,3895,11330,15225,60,1
dontcache,hit,7642,262,583,845,0,1
dontcache,miss,7643,2536,10660,13196,56,1
dontcache,hit,7643,257,566,823,0,1
dontcache,miss,7644,2294,10601,12895,56,1
dontcache,hit,7644,267,581,848,0,1
dontcache,miss,7645,2530,10674,13204,56,1
dontcache,hit,7645,257,579,836,0,1
dontcache,miss,7646,2349,10684,13033,56,1
dontcache,hit,7646,262,571,833,0,1
dontcache,miss,7647,2527,10623,13150,56,1
dontcache,hit,7647,258,570,828,0,1
dontcache,miss,7648,2287,10651,12938,56,1
dontcache,hit,7648,266,566,832,0,1
dontcache,miss,7649,2452,10642,13094,56,1
dontcache,hit,7649,259,558,817,0,1
dontcache,miss,7650,2280,10677,12957,56,1
dontcache,hit,7650,265,568,833,0,1
dontcache,miss,7651,2709,10743,13452,56,1
dontcache,hit,7651,276,639,915,0,1
dontcache,miss,7652,2265,10655,12920,56,1
dontcache,hit,7652,270,577,847,0,1
dontcache,miss,7653,2541,10541,13082,55,1
dontcache,hit,7653,264,568,832,0,1
dontcache,miss,7654,2316,10502,12818,55,1
dontcache,hit,7654,262,561,823,0,1
dontcache,miss,7655,2511,10502,13013,55,1
dontcache,hit,7655,258,563,821,0,1
dontcache,miss,7656,2331,10649,12980,56,1
dontcache,hit,7656,262,562,824,0,1
dontcache,miss,7657,2553,10637,13190,56,1
dontcache,hit,7657,260,556,816,0,1
dontcache,miss,7658,2330,10663,12993,56,1
dontcache,hit,7658,266,554,820,0,1
dontcache,miss,7659,2518,10523,13041,55,1
dontcache,hit,7659,259,563,822,0,1
dontcache,miss,7660,2345,10444,12789,55,1
dontcache,hit,7660,281,553,834,0,1
dontcache,miss,7661,2546,10642,13188,56,1
dontcache,hit,7661,259,549,808,0,1
dontcache,miss,7662,2340,10638,12978,56,1
dontcache,hit,7662,264,545,809,0,1
dontcache,miss,7663,2510,10706,13216,56,1
dontcache,hit,7663,260,555,815,0,1
dontcache,miss,7664,2275,10628,12903,56,1
dontcache,hit,7664,263,556,819,0,1
dontcache,miss,7665,2473,10538,13011,55,1
dontcache,hit,7665,258,562,820,0,1
dontcache,miss,7666,2357,10666,13023,56,1
dontcache,hit,7666,262,557,819,0,1
dontcache,miss,7667,2483,10733,13216,56,1
dontcache,hit,7667,258,558,816,0,1
dontcache,miss,7668,2310,10622,12932,56,1
dontcache,hit,7668,266,558,824,0,1
dontcache,miss,7669,2524,10685,13209,56,1
dontcache,hit,7669,259,555,814,0,1
dontcache,miss,7670,2342,10512,12854,55,1
dontcache,hit,7670,265,552,817,0,1
dontcache,miss,7671,2534,10740,13274,56,1
dontcache,hit,7671,257,548,805,0,1
dontcache,miss,7672,2347,10695,13042,56,1
dontcache,hit,7672,294,740,1034,0,1
dontcache,miss,7673,2534,10682,13216,56,1
dontcache,hit,7673,267,581,848,0,1
dontcache,miss,7674,2277,10851,13128,57,1
dontcache,hit,7674,261,595,856,0,1
dontcache,miss,7675,2537,10723,13260,56,1
dontcache,hit,7675,267,581,848,0,1
dontcache,miss,7676,2348,10629,12977,56,1
dontcache,hit,7676,263,575,838,0,1
dontcache,miss,7677,2532,10716,13248,56,1
dontcache,hit,7677,264,563,827,0,1
dontcache,miss,7678,2328,10667,12995,56,1
dontcache,hit,7678,261,566,827,0,1
dontcache,miss,7679,2606,10906,13512,51,1
dontcache,hit,7679,265,1965,2230,0,1
dontcache,miss,7680,2281,10914,13195,57,1
dontcache,hit,7680,259,574,833,0,1
dontcache,miss,7681,2559,10948,13507,57,1
dontcache,hit,7681,263,569,832,0,1
dontcache,miss,7682,2384,10626,13010,56,1
dontcache,hit,7682,262,570,832,0,1
dontcache,miss,7683,2524,10666,13190,56,1
dontcache,hit,7683,263,557,820,0,1
dontcache,miss,7684,2305,10711,13016,25,1
dontcache,hit,7684,265,575,840,0,1
dontcache,miss,7685,2518,20131,22649,111,1
dontcache,hit,7685,265,551,816,0,1
dontcache,miss,7686,3929,10668,14597,56,1
dontcache,hit,7686,264,566,830,0,1
dontcache,miss,7687,2499,10568,13067,55,1
dontcache,hit,7687,264,554,818,0,1
dontcache,miss,7688,2315,10657,12972,56,1
dontcache,hit,7688,260,553,813,0,1
dontcache,miss,7689,2505,10664,13169,56,1
dontcache,hit,7689,261,552,813,0,1
dontcache,miss,7690,2355,10541,12896,55,1
dontcache,hit,7690,268,562,830,0,1
dontcache,miss,7691,2528,10749,13277,56,1
dontcache,hit,7691,260,546,806,0,1
dontcache,miss,7692,2324,10477,12801,55,1
dontcache,hit,7692,268,554,822,0,1
dontcache,miss,7693,2484,9338,11822,48,1
dontcache,hit,7693,262,549,811,0,1
dontcache,miss,7694,2302,9280,11582,48,1
dontcache,hit,7694,261,542,803,0,1
dontcache,miss,7695,2508,10712,13220,56,1
dontcache,hit,7695,265,539,804,0,1
dontcache,miss,7696,2309,10697,13006,56,1
dontcache,hit,7696,262,548,810,0,1
dontcache,miss,7697,2500,10665,13165,56,1
dontcache,hit,7697,263,554,817,0,1
dontcache,miss,7698,2346,10661,13007,56,1
dontcache,hit,7698,264,543,807,0,1
dontcache,miss,7699,2516,10666,13182,56,1
dontcache,hit,7699,259,537,796,0,1
dontcache,miss,7700,2298,10595,12893,56,1
dontcache,hit,7700,261,539,800,0,1
dontcache,miss,7701,2503,10679,13182,56,1
dontcache,hit,7701,265,547,812,0,1
dontcache,miss,7702,2333,10597,12930,56,1
dontcache,hit,7702,262,545,807,0,1
dontcache,miss,7703,2498,10505,13003,55,1
dontcache,hit,7703,259,545,804,0,1
dontcache,miss,7704,2325,10500,12825,55,1
dontcache,hit,7704,269,546,815,0,1
dontcache,miss,7705,2809,10761,13570,56,1
dontcache,hit,7705,290,669,959,0,1
dontcache,miss,7706,2306,10838,13144,57,1
dontcache,hit,7706,273,563,836,0,1
dontcache,miss,7707,2481,10685,13166,56,1
dontcache,hit,7707,258,564,822,0,1
dontcache,miss,7708,2326,10960,13286,58,1
dontcache,hit,7708,262,577,839,0,1
dontcache,miss,7709,2478,10739,13217,56,1
dontcache,hit,7709,262,552,814,0,1
dontcache,miss,7710,2333,10464,12797,55,1
dontcache,hit,7710,271,555,826,0,1
dontcache,miss,7711,2532,10704,13236,56,1
dontcache,hit,7711,259,565,824,0,1
dontcache,miss,7712,2292,10873,13165,57,1
dontcache,hit,7712,263,553,816,0,1
dontcache,miss,7713,2473,10618,13091,56,1
dontcache,hit,7713,263,549,812,0,1
dontcache,miss,7714,2287,10672,12959,56,1
dontcache,hit,7714,263,557,820,0,1
dontcache,miss,7715,2507,10517,13024,55,1
dontcache,hit,7715,258,563,821,0,1
dontcache,miss,7716,2262,11190,13452,57,1
dontcache,hit,7716,680,1353,2033,0,1
dontcache,miss,7717,2739,18224,20963,98,1
dontcache,hit,7717,263,556,819,0,1
dontcache,miss,7718,2748,11664,14412,56,1
dontcache,hit,7718,266,854,1120,0,1
dontcache,miss,7719,3269,22011,25280,122,1
dontcache,hit,7719,262,546,808,0,1
dontcache,miss,7720,2441,12153,14594,65,1
dontcache,hit,7720,263,557,820,0,1
dontcache,miss,7721,2645,16687,19332,82,1
dontcache,hit,7721,331,690,1021,0,1
dontcache,miss,7722,3205,12202,15407,64,1
dontcache,hit,7722,259,2297,2556,0,1
dontcache,miss,7723,3088,11730,14818,62,1
dontcache,hit,7723,262,552,814,0,1
dontcache,miss,7724,2438,16928,19366,93,1
dontcache,hit,7724,267,822,1089,0,1
dontcache,miss,7725,2706,13587,16293,70,1
dontcache,hit,7725,263,542,805,0,1
dontcache,miss,7726,3108,16147,19255,88,1
dontcache,hit,7726,264,553,817,0,1
dontcache,miss,7727,2479,11380,13859,60,1
dontcache,hit,7727,262,545,807,0,1
dontcache,miss,7728,2326,13165,15491,71,1
dontcache,hit,7728,262,541,803,0,1
dontcache,miss,7729,3202,12536,15738,67,1
dontcache,hit,7729,260,556,816,0,1
dontcache,miss,7730,2310,12893,15203,64,1
dontcache,hit,7730,263,540,803,0,1
dontcache,miss,7731,2538,14477,17015,78,1
dontcache,hit,7731,260,545,805,0,1
dontcache,miss,7732,2109,15571,17680,85,1
dontcache,hit,7732,289,892,1181,0,1
dontcache,miss,7733,2611,11711,14322,62,1
dontcache,hit,7733,261,572,833,0,1
dontcache,miss,7734,2410,17185,19595,95,1
dontcache,hit,7734,267,568,835,0,1
dontcache,miss,7735,2476,11071,13547,58,1
dontcache,hit,7735,385,559,944,0,1
dontcache,miss,7736,2675,17561,20236,97,1
dontcache,hit,7736,263,559,822,0,1
dontcache,miss,7737,2632,20288,22920,113,1
dontcache,hit,7737,269,581,850,0,1
dontcache,miss,7738,2512,12261,14773,65,1
dontcache,hit,7738,266,583,849,0,1
dontcache,miss,7739,2535,13590,16125,73,1
dontcache,hit,7739,260,560,820,0,1
dontcache,miss,7740,2334,11079,13413,55,1
dontcache,hit,7740,268,640,908,0,1
dontcache,miss,7741,2519,11388,13907,60,1
dontcache,hit,7741,259,552,811,0,1
dontcache,miss,7742,2379,10166,12545,53,1
dontcache,hit,7742,273,646,919,0,1
dontcache,miss,7743,2522,10812,13334,55,1
dontcache,hit,7743,267,581,848,0,1
dontcache,miss,7744,2379,10846,13225,57,1
dontcache,hit,7744,263,547,810,0,1
dontcache,miss,7745,2540,9647,12187,50,1
dontcache,hit,7745,265,550,815,0,1
dontcache,miss,7746,2365,10088,12453,51,1
dontcache,hit,7746,606,1833,2439,0,1
dontcache,miss,7747,3050,11953,15003,61,1
dontcache,hit,7747,282,1145,1427,0,1
dontcache,miss,7748,3213,16121,19334,87,1
dontcache,hit,7748,265,836,1101,0,1
dontcache,miss,7749,2538,11279,13817,59,1
dontcache,hit,7749,270,553,823,0,1
dontcache,miss,7750,2322,11491,13813,61,1
dontcache,hit,7750,264,561,825,0,1
dontcache,miss,7751,2960,11236,14196,59,1
dontcache,hit,7751,270,545,815,0,1
dontcache,miss,7752,2270,11504,13774,57,1
dontcache,hit,7752,264,986,1250,0,1
dontcache,miss,7753,2537,12954,15491,69,1
dontcache,hit,7753,461,548,1009,0,1
dontcache,miss,7754,2235,10654,12889,56,1
dontcache,hit,7754,263,554,817,0,1
dontcache,miss,7755,2516,10707,13223,56,1
dontcache,hit,7755,263,541,804,0,1
dontcache,miss,7756,2283,10781,13064,57,1
dontcache,hit,7756,266,539,805,0,1
dontcache,miss,7757,2511,10719,13230,56,1
dontcache,hit,7757,259,547,806,0,1
dontcache,miss,7758,2305,11270,13575,56,1
dontcache,hit,7758,264,727,991,0,1
dontcache,miss,7759,2385,10897,13282,57,1
dontcache,hit,7759,267,567,834,0,1
dontcache,miss,7760,2301,12116,14417,65,1
dontcache,hit,7760,262,550,812,0,1
dontcache,miss,7761,2516,10402,12918,54,1
dontcache,hit,7761,258,547,805,0,1
dontcache,miss,7762,2329,11793,14122,63,1
dontcache,hit,7762,340,763,1103,0,1
dontcache,miss,7763,2559,11275,13834,59,1
dontcache,hit,7763,267,566,833,0,1
dontcache,miss,7764,2441,10909,13350,58,1
dontcache,hit,7764,266,569,835,0,1
dontcache,miss,7765,2577,11595,14172,61,1
dontcache,hit,7765,269,569,838,0,1
dontcache,miss,7766,2307,11634,13941,62,1
dontcache,hit,7766,265,548,813,0,1
dontcache,miss,7767,2688,12554,15242,67,1
dontcache,hit,7767,260,542,802,0,1
dontcache,miss,7768,2812,10317,13129,54,1
dontcache,hit,7768,260,558,818,0,1
dontcache,miss,7769,2536,12089,14625,64,1
dontcache,hit,7769,262,553,815,0,1
dontcache,miss,7770,2477,14048,16525,75,1
dontcache,hit,7770,263,556,819,0,1
dontcache,miss,7771,2513,9733,12246,50,1
dontcache,hit,7771,264,631,895,0,1
dontcache,miss,7772,2295,10304,12599,54,1
dontcache,hit,7772,266,558,824,0,1
dontcache,miss,7773,2504,19132,21636,65,1
dontcache,hit,7773,265,546,811,0,1
dontcache,miss,7774,2451,14284,16735,76,1
dontcache,hit,7774,257,576,833,0,1
dontcache,miss,7775,2505,13184,15689,71,1
dontcache,hit,7775,259,560,819,0,1
dontcache,miss,7776,2986,12494,15480,67,1
dontcache,hit,7776,263,534,797,0,1
dontcache,miss,7777,2829,11841,14670,63,1
dontcache,hit,7777,261,2104,2365,0,1
dontcache,miss,7778,2302,11277,13579,60,1
dontcache,hit,7778,263,539,802,0,1
dontcache,miss,7779,2464,9862,12326,51,1
dontcache,hit,7779,257,535,792,0,1
dontcache,miss,7780,2310,9320,11630,48,1
dontcache,hit,7780,263,544,807,0,1
dontcache,miss,7781,2365,10144,12509,53,1
dontcache,hit,7781,259,525,784,0,1
dontcache,miss,7782,2315,9604,11919,42,1
dontcache,hit,7782,258,1409,1667,0,1
dontcache,miss,7783,2486,10643,13129,56,1
dontcache,hit,7783,261,532,793,0,1
dontcache,miss,7784,2296,10620,12916,56,1
dontcache,hit,7784,262,527,789,0,1
dontcache,miss,7785,2530,10717,13247,56,1
dontcache,hit,7785,257,545,802,0,1
dontcache,miss,7786,2351,10680,13031,56,1
dontcache,hit,7786,262,523,785,0,1
dontcache,miss,7787,2524,9343,11867,48,1
dontcache,hit,7787,261,530,791,0,1
dontcache,miss,7788,2306,9451,11757,49,1
dontcache,hit,7788,261,546,807,0,1
dontcache,miss,7789,2506,10694,13200,56,1
dontcache,hit,7789,258,532,790,0,1
dontcache,miss,7790,2315,10464,12779,55,1
dontcache,hit,7790,267,5717,5984,0,1
dontcache,miss,7791,2457,10729,13186,58,1
dontcache,hit,7791,253,529,782,0,1
dontcache,miss,7792,2229,11377,13606,62,1
dontcache,hit,7792,260,530,790,0,1
dontcache,miss,7793,2416,10485,12901,56,1
dontcache,hit,7793,260,514,774,0,1
dontcache,miss,7794,6272,10247,16519,44,1
dontcache,hit,7794,271,613,884,0,1
dontcache,miss,7795,2552,10563,13115,55,1
dontcache,hit,7795,259,575,834,0,1
dontcache,miss,7796,2324,10462,12786,55,1
dontcache,hit,7796,252,549,801,0,1
dontcache,miss,7797,2489,12297,14786,67,1
dontcache,hit,7797,260,546,806,0,1
dontcache,miss,7798,2126,10113,12239,54,1
dontcache,hit,7798,252,555,807,0,1
dontcache,miss,7799,2471,9284,11755,49,1
dontcache,hit,7799,252,541,793,0,1
dontcache,miss,7800,2274,9737,12011,52,1
dontcache,hit,7800,260,535,795,0,1
dontcache,miss,7801,2478,10432,12910,56,1
dontcache,hit,7801,259,533,792,0,1
dontcache,miss,7802,2256,10250,12506,55,1
dontcache,hit,7802,262,538,800,0,1
dontcache,miss,7803,2302,9971,12273,53,1
dontcache,hit,7803,261,549,810,0,1
dontcache,miss,7804,2249,8922,11171,47,1
dontcache,hit,7804,255,543,798,0,1
dontcache,miss,7805,2423,9930,12353,26,1
dontcache,hit,7805,254,556,810,0,1
dontcache,miss,7806,2444,10412,12856,56,1
dontcache,hit,7806,251,569,820,0,1
dontcache,miss,7807,2443,9003,11446,47,1
dontcache,hit,7807,254,537,791,0,1
dontcache,miss,7808,2285,8928,11213,47,1
dontcache,hit,7808,258,514,772,0,1
dontcache,miss,7809,2467,10329,12796,55,1
dontcache,hit,7809,250,536,786,0,1
dontcache,miss,7810,2270,10347,12617,56,1
dontcache,hit,7810,257,549,806,0,1
dontcache,miss,7811,2440,9323,11763,49,1
dontcache,hit,7811,257,542,799,0,1
dontcache,miss,7812,2247,9292,11539,49,1
dontcache,hit,7812,255,529,784,0,1
dontcache,miss,7813,2458,10299,12757,55,1
dontcache,hit,7813,253,543,796,0,1
dontcache,miss,7814,2249,11253,13502,61,1
dontcache,hit,7814,257,528,785,0,1
dontcache,miss,7815,2441,10277,12718,55,1
dontcache,hit,7815,255,538,793,0,1
dontcache,miss,7816,2247,10285,12532,55,1
dontcache,hit,7816,261,523,784,0,1
dontcache,miss,7817,2423,10461,12884,56,1
dontcache,hit,7817,252,536,788,0,1
dontcache,miss,7818,2277,10295,12572,55,1
dontcache,hit,7818,253,533,786,0,1
dontcache,miss,7819,2396,11138,13534,60,1
dontcache,hit,7819,251,527,778,0,1
dontcache,miss,7820,2089,10553,12642,57,1
dontcache,hit,7820,256,514,770,0,1
dontcache,miss,7821,2445,10019,12464,53,1
dontcache,hit,7821,256,532,788,0,1
dontcache,miss,7822,2318,9780,12098,52,1
dontcache,hit,7822,256,567,823,0,1
dontcache,miss,7823,4654,10715,15369,56,1
dontcache,hit,7823,263,542,805,0,1
dontcache,miss,7824,2322,10855,13177,57,1
dontcache,hit,7824,260,532,792,0,1
dontcache,miss,7825,2321,10663,12984,57,1
dontcache,hit,7825,251,544,795,0,1
dontcache,miss,7826,2303,10318,12621,55,1
dontcache,hit,7826,257,519,776,0,1
dontcache,miss,7827,2830,16073,18903,88,1
dontcache,hit,7827,292,708,1000,0,1
dontcache,miss,7828,2337,10629,12966,56,1
dontcache,hit,7828,260,565,825,0,1
dontcache,miss,7829,8999,10469,19468,56,1
dontcache,hit,7829,258,573,831,0,1
dontcache,miss,7830,2281,10489,12770,57,1
dontcache,hit,7830,250,556,806,0,1
dontcache,miss,7831,2465,9816,12281,52,1
dontcache,hit,7831,257,545,802,0,1
dontcache,miss,7832,2217,9123,11340,48,1
dontcache,hit,7832,255,549,804,0,1
dontcache,miss,7833,2435,10574,13009,57,1
dontcache,hit,7833,253,544,797,0,1
dontcache,miss,7834,2265,10436,12701,56,1
dontcache,hit,7834,264,566,830,0,1
dontcache,miss,7835,2474,10252,12726,55,1
dontcache,hit,7835,254,548,802,0,1
dontcache,miss,7836,2236,11263,13499,61,1
dontcache,hit,7836,257,554,811,0,1
dontcache,miss,7837,2485,9919,12404,53,1
dontcache,hit,7837,267,540,807,0,1
dontcache,miss,7838,2318,10045,12363,54,1
dontcache,hit,7838,252,542,794,0,1
dontcache,miss,7839,2483,10252,12735,55,1
dontcache,hit,7839,268,618,886,0,1
dontcache,miss,7840,2221,10199,12420,55,1
dontcache,hit,7840,256,535,791,0,1
dontcache,miss,7841,2499,11655,14154,63,1
dontcache,hit,7841,256,540,796,0,1
dontcache,miss,7842,2120,9921,12041,53,1
dontcache,hit,7842,254,536,790,0,1
dontcache,miss,7843,2473,9168,11641,48,1
dontcache,hit,7843,256,535,791,0,1
dontcache,miss,7844,2264,9735,11999,52,1
dontcache,hit,7844,255,536,791,0,1
dontcache,miss,7845,2465,10301,12766,55,1
dontcache,hit,7845,251,545,796,0,1
dontcache,miss,7846,2304,9832,12136,52,1
dontcache,hit,7846,254,525,779,0,1
dontcache,miss,7847,2317,9949,12266,53,1
dontcache,hit,7847,253,538,791,0,1
dontcache,miss,7848,2312,9785,12097,52,1
dontcache,hit,7848,253,531,784,0,1
dontcache,miss,7849,2479,10285,12764,55,1
dontcache,hit,7849,251,537,788,0,1
dontcache,miss,7850,2314,10366,12680,55,1
dontcache,hit,7850,260,534,794,0,1
dontcache,miss,7851,2454,10678,13132,57,1
dontcache,hit,7851,259,523,782,0,1
dontcache,miss,7852,2230,10456,12686,56,1
dontcache,hit,7852,251,526,777,0,1
dontcache,miss,7853,2508,9783,12291,52,1
dontcache,hit,7853,252,542,794,0,1
dontcache,miss,7854,2303,9785,12088,52,1
dontcache,hit,7854,256,526,782,0,1
dontcache,miss,7855,2487,10355,12842,55,1
dontcache,hit,7855,254,524,778,0,1
dontcache,miss,7856,2238,10527,12765,57,1
dontcache,hit,7856,257,517,774,0,1
dontcache,miss,7857,2461,10321,12782,55,1
dontcache,hit,7857,255,532,787,0,1
dontcache,miss,7858,2234,11645,13879,63,1
dontcache,hit,7858,256,586,842,0,1
dontcache,miss,7859,2475,9911,12386,53,1
dontcache,hit,7859,254,527,781,0,1
dontcache,miss,7860,2286,9928,12214,53,1
dontcache,hit,7860,322,750,1072,0,1
dontcache,miss,7861,5426,20002,25428,111,1
dontcache,hit,7861,5381,571,5952,0,1
dontcache,miss,7862,3956,10590,14546,56,1
dontcache,hit,7862,253,553,806,0,1
dontcache,miss,7863,2429,11620,14049,63,1
dontcache,hit,7863,252,542,794,0,1
dontcache,miss,7864,2088,9846,11934,53,1
dontcache,hit,7864,257,562,819,0,1
dontcache,miss,7865,2495,9339,11834,49,1
dontcache,hit,7865,257,542,799,0,1
dontcache,miss,7866,2276,9888,12164,53,1
dontcache,hit,7866,256,545,801,0,1
dontcache,miss,7867,2458,10326,12784,55,1
dontcache,hit,7867,252,537,789,0,1
dontcache,miss,7868,2322,10339,12661,55,1
dontcache,hit,7868,254,547,801,0,1
dontcache,miss,7869,2286,10820,13106,58,1
dontcache,hit,7869,254,548,802,0,1
dontcache,miss,7870,2280,9783,12063,52,1
dontcache,hit,7870,440,1020,1460,0,1
dontcache,miss,7871,2611,20063,22674,56,1
dontcache,hit,7871,272,688,960,0,1
dontcache,miss,7872,2656,10477,13133,55,1
dontcache,hit,7872,264,598,862,0,1
dontcache,miss,7873,2509,10563,13072,55,1
dontcache,hit,7873,255,541,796,0,1
dontcache,miss,7874,2324,10461,12785,55,1
dontcache,hit,7874,260,551,811,0,1
dontcache,miss,7875,2497,9296,11793,48,1
dontcache,hit,7875,255,549,804,0,1
dontcache,miss,7876,2340,9382,11722,49,1
dontcache,hit,7876,262,549,811,0,1
dontcache,miss,7877,2455,10716,13171,56,1
dontcache,hit,7877,260,542,802,0,1
dontcache,miss,7878,2319,10635,12954,56,1
dontcache,hit,7878,263,547,810,0,1
dontcache,miss,7879,2519,10475,12994,55,1
dontcache,hit,7879,256,563,819,0,1
dontcache,miss,7880,2320,11796,14116,63,1
dontcache,hit,7880,258,547,805,0,1
dontcache,miss,7881,2475,9545,12020,49,1
dontcache,hit,7881,259,544,803,0,1
dontcache,miss,7882,2352,9315,11667,48,1
dontcache,hit,7882,260,531,791,0,1
dontcache,miss,7883,2473,10559,13032,55,1
dontcache,hit,7883,257,544,801,0,1
dontcache,miss,7884,2362,10552,12914,48,1
dontcache,hit,7884,260,1437,1697,0,1
dontcache,miss,7885,2494,11410,13904,60,1
dontcache,hit,7885,261,548,809,0,1
dontcache,miss,7886,2162,10651,12813,56,1
dontcache,hit,7886,258,552,810,0,1
dontcache,miss,7887,2505,10011,12516,52,1
dontcache,hit,7887,258,573,831,0,1
dontcache,miss,7888,2335,9477,11812,49,1
dontcache,hit,7888,258,550,808,0,1
dontcache,miss,7889,2486,10659,13145,56,1
dontcache,hit,7889,258,537,795,0,1
dontcache,miss,7890,2275,10509,12784,55,1
dontcache,hit,7890,259,551,810,0,1
dontcache,miss,7891,2302,10866,13168,57,1
dontcache,hit,7891,255,544,799,0,1
dontcache,miss,7892,2294,9984,12278,52,1
dontcache,hit,7892,258,564,822,0,1
dontcache,miss,7893,2668,10896,13564,57,1
dontcache,hit,7893,264,617,881,0,1
dontcache,miss,7894,2323,10680,13003,56,1
dontcache,hit,7894,258,549,807,0,1
dontcache,miss,7895,9062,9771,18833,52,1
dontcache,hit,7895,257,578,835,0,1
dontcache,miss,7896,2278,10429,12707,56,1
dontcache,hit,7896,250,543,793,0,1
dontcache,miss,7897,2436,9704,12140,52,1
dontcache,hit,7897,251,541,792,0,1
dontcache,miss,7898,2287,9076,11363,48,1
dontcache,hit,7898,252,553,805,0,1
dontcache,miss,7899,2437,10456,12893,56,1
dontcache,hit,7899,251,543,794,0,1
dontcache,miss,7900,2280,10559,12839,57,1
dontcache,hit,7900,258,538,796,0,1
dontcache,miss,7901,2417,10316,12733,55,1
dontcache,hit,7901,250,556,806,0,1
dontcache,miss,7902,2307,11230,13537,61,1
dontcache,hit,7902,254,541,795,0,1
dontcache,miss,7903,2470,10339,12809,55,1
dontcache,hit,7903,251,547,798,0,1
dontcache,miss,7904,2285,10316,12601,56,1
dontcache,hit,7904,254,535,789,0,1
dontcache,miss,7905,2733,10631,13364,57,1
dontcache,hit,7905,262,654,916,0,1
dontcache,miss,7906,2302,10408,12710,56,1
dontcache,hit,7906,250,567,817,0,1
dontcache,miss,7907,2451,11733,14184,64,1
dontcache,hit,7907,248,548,796,0,1
dontcache,miss,7908,2099,10595,12694,57,1
dontcache,hit,7908,254,530,784,0,1
dontcache,miss,7909,2487,10006,12493,53,1
dontcache,hit,7909,252,534,786,0,1
dontcache,miss,7910,2210,9778,11988,52,1
dontcache,hit,7910,253,541,794,0,1
dontcache,miss,7911,4064,10629,14693,57,1
dontcache,hit,7911,248,525,773,0,1
dontcache,miss,7912,2256,10267,12523,55,1
dontcache,hit,7912,251,529,780,0,1
dontcache,miss,7913,2277,9916,12193,53,1
dontcache,hit,7913,249,551,800,0,1
dontcache,miss,7914,2302,8992,11294,47,1
dontcache,hit,7914,274,573,847,0,1
dontcache,miss,7915,2478,10678,13156,56,1
dontcache,hit,7915,257,548,805,0,1
dontcache,miss,7916,2381,10645,13026,56,1
dontcache,hit,7916,264,558,822,0,1
dontcache,miss,7917,2479,10645,13124,56,1
dontcache,hit,7917,258,546,804,0,1
dontcache,miss,7918,2411,10451,12862,55,1
dontcache,hit,7918,258,542,800,0,1
dontcache,miss,7919,2544,10253,12797,53,1
dontcache,hit,7919,257,540,797,0,1
dontcache,miss,7920,2366,10146,12512,53,1
dontcache,hit,7920,258,551,809,0,1
dontcache,miss,7921,2522,10906,13428,56,1
dontcache,hit,7921,256,543,799,0,1
dontcache,miss,7922,2374,19975,22349,110,1
dontcache,hit,7922,254,554,808,0,1
dontcache,miss,7923,2484,10478,12962,55,1
dontcache,hit,7923,255,553,808,0,1
dontcache,miss,7924,2330,13038,15368,70,1
dontcache,hit,7924,255,542,797,0,1
dontcache,miss,7925,2522,13060,15582,53,1
dontcache,hit,7925,259,540,799,0,1
dontcache,miss,7926,2441,10004,12445,52,1
dontcache,hit,7926,255,570,825,0,1
dontcache,miss,7927,2521,10923,13444,57,1
dontcache,hit,7927,257,558,815,0,1
dontcache,miss,7928,7851,9741,17592,52,1
dontcache,hit,7928,252,543,795,0,1
dontcache,miss,7929,2471,11119,13590,60,1
dontcache,hit,7929,252,559,811,0,1
dontcache,miss,7930,2137,9963,12100,53,1
dontcache,hit,7930,256,551,807,0,1
dontcache,miss,7931,2435,10314,12749,55,1
dontcache,hit,7931,254,551,805,0,1
dontcache,miss,7932,2290,10511,12801,56,1
dontcache,hit,7932,257,542,799,0,1
dontcache,miss,7933,2474,10313,12787,55,1
dontcache,hit,7933,254,559,813,0,1
dontcache,miss,7934,2298,10455,12753,56,1
dontcache,hit,7934,253,552,805,0,1
dontcache,miss,7935,2292,10621,12913,57,1
dontcache,hit,7935,250,561,811,0,1
dontcache,miss,7936,2347,9737,12084,52,1
dontcache,hit,7936,257,547,804,0,1
dontcache,miss,7937,2474,10394,12868,24,1
dontcache,hit,7937,270,549,819,0,1
dontcache,miss,7938,2511,10405,12916,56,1
dontcache,hit,7938,254,590,844,0,1
dontcache,miss,7939,2472,9185,11657,48,1
dontcache,hit,7939,253,553,806,0,1
dontcache,miss,7940,2339,9123,11462,48,1
dontcache,hit,7940,256,543,799,0,1
dontcache,miss,7941,2492,9742,12234,52,1
dontcache,hit,7941,252,550,802,0,1
dontcache,miss,7942,2311,9745,12056,52,1
dontcache,hit,7942,254,536,790,0,1
dontcache,miss,7943,2437,10475,12912,56,1
dontcache,hit,7943,248,530,778,0,1
dontcache,miss,7944,2306,10225,12531,55,1
dontcache,hit,7944,254,524,778,0,1
dontcache,miss,7945,2496,10299,12795,55,1
dontcache,hit,7945,254,532,786,0,1
dontcache,miss,7946,2294,12912,15206,71,1
dontcache,hit,7946,254,528,782,0,1
dontcache,miss,7947,2473,9140,11613,48,1
dontcache,hit,7947,249,541,790,0,1
dontcache,miss,7948,2349,9307,11656,49,1
dontcache,hit,7948,250,545,795,0,1
dontcache,miss,7949,2426,10425,12851,56,1
dontcache,hit,7949,254,555,809,0,1
dontcache,miss,7950,2359,10267,12626,55,1
dontcache,hit,7950,256,526,782,0,1
dontcache,miss,7951,2474,11308,13782,61,1
dontcache,hit,7951,251,537,788,0,1
dontcache,miss,7952,2113,9696,11809,52,1
dontcache,hit,7952,253,528,781,0,1
dontcache,miss,7953,2434,10490,12924,56,1
dontcache,hit,7953,260,537,797,0,1
dontcache,miss,7954,2307,9885,12192,53,1
dontcache,hit,7954,254,529,783,0,1
dontcache,miss,7955,2459,10427,12886,56,1
dontcache,hit,7955,249,527,776,0,1
dontcache,miss,7956,2287,10242,12529,55,1
dontcache,hit,7956,255,527,782,0,1
dontcache,miss,7957,2291,10555,12846,57,1
dontcache,hit,7957,251,537,788,0,1
dontcache,miss,7958,2296,10294,12590,55,1
dontcache,hit,7958,254,533,787,0,1
dontcache,miss,7959,2475,12663,15138,52,1
dontcache,hit,7959,259,528,787,0,1
dontcache,miss,7960,2476,15778,18254,86,1
dontcache,hit,7960,263,576,839,0,1
dontcache,miss,7961,2484,10480,12964,55,1
dontcache,hit,7961,258,556,814,0,1
dontcache,miss,7962,2393,9426,11819,49,1
dontcache,hit,7962,258,554,812,0,1
dontcache,miss,7963,2456,10471,12927,56,1
dontcache,hit,7963,257,548,805,0,1
dontcache,miss,7964,2303,10447,12750,56,1
dontcache,hit,7964,256,549,805,0,1
dontcache,miss,7965,2487,9004,11491,47,1
dontcache,hit,7965,255,535,790,0,1
dontcache,miss,7966,2321,9452,11773,50,1
dontcache,hit,7966,255,545,800,0,1
dontcache,miss,7967,2493,10297,12790,55,1
dontcache,hit,7967,254,544,798,0,1
dontcache,miss,7968,2263,11273,13536,61,1
dontcache,hit,7968,257,546,803,0,1
dontcache,miss,7969,2483,9774,12257,52,1
dontcache,hit,7969,258,553,811,0,1
dontcache,miss,7970,2313,9779,12092,52,1
dontcache,hit,7970,256,552,808,0,1
dontcache,miss,7971,6990,13969,20959,77,1
dontcache,hit,7971,258,550,808,0,1
dontcache,miss,7972,2375,10809,13184,59,1
dontcache,hit,7972,253,564,817,0,1
dontcache,miss,7973,2457,13706,16163,75,1
dontcache,hit,7973,253,565,818,0,1
dontcache,miss,7974,2116,10116,12232,54,1
dontcache,hit,7974,254,522,776,0,1
dontcache,miss,7975,2459,10628,13087,57,1
dontcache,hit,7975,249,590,839,0,1
dontcache,miss,7976,2309,9779,12088,52,1
dontcache,hit,7976,256,532,788,0,1
dontcache,miss,7977,2479,9143,11622,48,1
dontcache,hit,7977,250,548,798,0,1
dontcache,miss,7978,2323,9140,11463,48,1
dontcache,hit,7978,255,530,785,0,1
dontcache,miss,7979,2339,9932,12271,53,1
dontcache,hit,7979,251,540,791,0,1
dontcache,miss,7980,2336,9077,11413,48,1
dontcache,hit,7980,258,518,776,0,1
dontcache,miss,7981,2477,9921,12398,53,1
dontcache,hit,7981,252,548,800,0,1
dontcache,miss,7982,2309,10440,12749,56,1
dontcache,hit,7982,253,525,778,0,1
dontcache,miss,7983,2424,10458,12882,56,1
dontcache,hit,7983,253,530,783,0,1
dontcache,miss,7984,2313,10367,12680,56,1
dontcache,hit,7984,269,540,809,0,1
dontcache,miss,7985,2481,9097,11578,48,1
dontcache,hit,7985,254,536,790,0,1
dontcache,miss,7986,2278,9113,11391,48,1
dontcache,hit,7986,256,561,817,0,1
dontcache,miss,7987,2446,10450,12896,56,1
dontcache,hit,7987,257,557,814,0,1
dontcache,miss,7988,2286,10589,12875,57,1
dontcache,hit,7988,256,582,838,0,1
dontcache,miss,7989,2476,10458,12934,56,1
dontcache,hit,7989,252,545,797,0,1
dontcache,miss,7990,2353,11774,14127,64,1
dontcache,hit,7990,256,550,806,0,1
dontcache,miss,7991,2500,9900,12400,53,1
dontcache,hit,7991,262,549,811,0,1
dontcache,miss,7992,2334,9991,12325,53,1
dontcache,hit,7992,270,616,886,0,1
dontcache,miss,7993,3894,11030,14924,58,1
dontcache,hit,7993,256,559,815,0,1
dontcache,miss,7994,2417,10643,13060,56,1
dontcache,hit,7994,261,576,837,0,1
dontcache,miss,7995,2508,13610,16118,73,1
dontcache,hit,7995,262,568,830,0,1
dontcache,miss,7996,2192,10327,12519,54,1
dontcache,hit,7996,267,568,835,0,1
dontcache,miss,7997,2526,10029,12555,52,1
dontcache,hit,7997,259,564,823,0,1
dontcache,miss,7998,2365,10651,13016,56,1
dontcache,hit,7998,257,559,816,0,1
dontcache,miss,7999,2511,10665,13176,56,1
dontcache,hit,7999,259,567,826,0,1
dontcache,miss,8000,2316,10493,12809,55,1
dontcache,hit,8000,261,561,822,0,1
dontcache,miss,8001,2337,10324,12661,54,1
dontcache,hit,8001,258,565,823,0,1
dontcache,miss,8002,2349,9320,11669,48,1
dontcache,hit,8002,260,569,829,0,1
dontcache,miss,8003,2514,10725,13239,56,1
dontcache,hit,8003,257,568,825,0,1
dontcache,miss,8004,2349,13898,16247,54,1
dontcache,hit,8004,265,568,833,0,1
dontcache,miss,8005,2531,10705,13236,56,1
dontcache,hit,8005,261,556,817,0,1
dontcache,miss,8006,2342,10551,12893,56,1
dontcache,hit,8006,261,563,824,0,1
dontcache,miss,8007,2562,9325,11887,48,1
dontcache,hit,8007,257,556,813,0,1
dontcache,miss,8008,2366,9411,11777,49,1
dontcache,hit,8008,260,544,804,0,1
dontcache,miss,8009,2496,10667,13163,56,1
dontcache,hit,8009,259,538,797,0,1
dontcache,miss,8010,2318,10421,12739,55,1
dontcache,hit,8010,260,542,802,0,1
dontcache,miss,8011,2515,10505,13020,55,1
dontcache,hit,8011,257,567,824,0,1
dontcache,miss,8012,2337,13388,15725,72,1
dontcache,hit,8012,261,540,801,0,1
dontcache,miss,8013,2492,9523,12015,49,1
dontcache,hit,8013,257,540,797,0,1
dontcache,miss,8014,2377,9954,12331,52,1
dontcache,hit,8014,262,556,818,0,1
dontcache,miss,8015,2509,10506,13015,55,1
dontcache,hit,8015,262,540,802,0,1
dontcache,miss,8016,2346,10444,12790,55,1
dontcache,hit,8016,261,537,798,0,1
dontcache,miss,8017,2515,11070,13585,58,1
dontcache,hit,8017,261,536,797,0,1
dontcache,miss,8018,2181,10186,12367,53,1
dontcache,hit,8018,262,532,794,0,1
dontcache,miss,8019,2493,10736,13229,56,1
dontcache,hit,8019,256,558,814,0,1
dontcache,miss,8020,2382,10119,12501,53,1
dontcache,hit,8020,268,563,831,0,1
dontcache,miss,8021,2511,10512,13023,55,1
dontcache,hit,8021,254,540,794,0,1
dontcache,miss,8022,2345,10446,12791,55,1
dontcache,hit,8022,260,551,811,0,1
dontcache,miss,8023,2359,10859,13218,57,1
dontcache,hit,8023,260,544,804,0,1
dontcache,miss,8024,2370,9933,12303,52,1
dontcache,hit,8024,262,529,791,0,1
dontcache,miss,8025,2512,12154,14666,48,1
dontcache,hit,8025,256,534,790,0,1
dontcache,miss,8026,2368,11136,13504,59,1
dontcache,hit,8026,278,557,835,0,1
dontcache,miss,8027,2492,10716,13208,56,1
dontcache,hit,8027,264,564,828,0,1
dontcache,miss,8028,2365,10655,13020,56,1
dontcache,hit,8028,254,570,824,0,1
dontcache,miss,8029,2562,10037,12599,52,1
dontcache,hit,8029,259,569,828,0,1
dontcache,miss,8030,2429,10446,12875,55,1
dontcache,hit,8030,262,555,817,0,1
dontcache,miss,8031,2508,10032,12540,52,1
dontcache,hit,8031,259,568,827,0,1
dontcache,miss,8032,2385,9479,11864,49,1
dontcache,hit,8032,263,552,815,0,1
dontcache,miss,8033,2551,10845,13396,57,1
dontcache,hit,8033,261,573,834,0,1
dontcache,miss,8034,2325,11478,13803,61,1
dontcache,hit,8034,263,558,821,0,1
dontcache,miss,8035,2536,10688,13224,56,1
dontcache,hit,8035,263,567,830,0,1
dontcache,miss,8036,2334,10618,12952,56,1
dontcache,hit,8036,259,560,819,0,1
dontcache,miss,8037,2515,10991,13506,34,1
dontcache,hit,8037,260,564,824,0,1
dontcache,miss,8038,2533,10641,13174,56,1
dontcache,hit,8038,259,566,825,0,1
dontcache,miss,8039,2537,13400,15937,72,1
dontcache,hit,8039,257,561,818,0,1
dontcache,miss,8040,2169,10153,12322,53,1
dontcache,hit,8040,261,545,806,0,1
dontcache,miss,8041,2473,9329,11802,48,1
dontcache,hit,8041,254,540,794,0,1
dontcache,miss,8042,2321,10065,12386,52,1
dontcache,hit,8042,260,544,804,0,1
dontcache,miss,8043,2511,10680,13191,56,1
dontcache,hit,8043,258,558,816,0,1
dontcache,miss,8044,2368,10585,12953,56,1
dontcache,hit,8044,260,552,812,0,1
dontcache,miss,8045,2360,10913,13273,57,1
dontcache,hit,8045,255,556,811,0,1
dontcache,miss,8046,2425,10117,12542,53,1
dontcache,hit,8046,260,557,817,0,1
dontcache,miss,8047,2519,10047,12566,52,1
dontcache,hit,8047,255,535,790,0,1
dontcache,miss,8048,2344,10628,12972,56,1
dontcache,hit,8048,258,540,798,0,1
dontcache,miss,8049,2536,10486,13022,55,1
dontcache,hit,8049,258,543,801,0,1
dontcache,miss,8050,2398,10655,13053,56,1
dontcache,hit,8050,262,560,822,0,1
dontcache,miss,8051,2518,9978,12496,52,1
dontcache,hit,8051,259,558,817,0,1
dontcache,miss,8052,2376,10132,12508,53,1
dontcache,hit,8052,263,543,806,0,1
dontcache,miss,8053,2543,10656,13199,56,1
dontcache,hit,8053,259,549,808,0,1
dontcache,miss,8054,2337,10620,12957,56,1
dontcache,hit,8054,258,540,798,0,1
dontcache,miss,8055,2507,9350,11857,48,1
dontcache,hit,8055,261,544,805,0,1
dontcache,miss,8056,2360,11504,13864,61,1
dontcache,hit,8056,267,551,818,0,1
dontcache,miss,8057,2499,10654,13153,56,1
dontcache,hit,8057,254,554,808,0,1
dontcache,miss,8058,2358,10661,13019,56,1
dontcache,hit,8058,261,546,807,0,1
dontcache,miss,8059,2649,10900,13549,57,1
dontcache,hit,8059,273,635,908,0,1
dontcache,miss,8060,2337,10488,12825,55,1
dontcache,hit,8060,264,551,815,0,1
dontcache,miss,8061,2538,13204,15742,71,1
dontcache,hit,8061,263,577,840,0,1
dontcache,miss,8062,2203,9951,12154,52,1
dontcache,hit,8062,260,560,820,0,1
dontcache,miss,8063,2528,10005,12533,52,1
dontcache,hit,8063,265,575,840,0,1
dontcache,miss,8064,2324,10509,12833,55,1
dontcache,hit,8064,262,560,822,0,1
dontcache,miss,8065,2516,9980,12496,52,1
dontcache,hit,8065,259,562,821,0,1
dontcache,miss,8066,2364,9302,11666,48,1
dontcache,hit,8066,269,551,820,0,1
dontcache,miss,8067,2364,10875,13239,57,1
dontcache,hit,8067,261,574,835,0,1
dontcache,miss,8068,2363,9996,12359,52,1
dontcache,hit,8068,266,567,833,0,1
dontcache,miss,8069,2529,10525,13054,55,1
dontcache,hit,8069,265,571,836,0,1
dontcache,miss,8070,2309,10505,12814,55,1
dontcache,hit,8070,259,563,822,0,1
dontcache,miss,8071,2603,10702,13305,56,1
dontcache,hit,8071,277,652,929,0,1
dontcache,miss,8072,2354,10599,12953,56,1
dontcache,hit,8072,268,551,819,0,1
dontcache,miss,8073,2551,10032,12583,52,1
dontcache,hit,8073,254,567,821,0,1
dontcache,miss,8074,2366,10002,12368,52,1
dontcache,hit,8074,259,547,806,0,1
dontcache,miss,8075,2621,10931,13552,57,1
dontcache,hit,8075,260,538,798,0,1
dontcache,miss,8076,2393,10446,12839,55,1
dontcache,hit,8076,260,547,807,0,1
dontcache,miss,8077,2470,10508,12978,55,1
dontcache,hit,8077,255,555,810,0,1
dontcache,miss,8078,2355,11556,13911,61,1
dontcache,hit,8078,264,555,819,0,1
dontcache,miss,8079,2520,10020,12540,52,1
dontcache,hit,8079,261,545,806,0,1
dontcache,miss,8080,2353,10003,12356,52,1
dontcache,hit,8080,260,538,798,0,1
dontcache,miss,8081,2489,10517,13006,55,1
dontcache,hit,8081,257,549,806,0,1
dontcache,miss,8082,2413,10470,12883,55,1
dontcache,hit,8082,259,533,792,0,1
dontcache,miss,8083,2517,11523,14040,61,1
dontcache,hit,8083,260,550,810,0,1
dontcache,miss,8084,2180,10220,12400,53,1
dontcache,hit,8084,264,539,803,0,1
dontcache,miss,8085,2504,10552,13056,55,1
dontcache,hit,8085,257,542,799,0,1
dontcache,miss,8086,2333,9811,12144,51,1
dontcache,hit,8086,262,560,822,0,1
dontcache,miss,8087,2471,10567,13038,55,1
dontcache,hit,8087,259,541,800,0,1
dontcache,miss,8088,2343,10650,12993,56,1
dontcache,hit,8088,260,547,807,0,1
dontcache,miss,8089,2414,10797,13211,52,1
dontcache,hit,8089,258,1742,2000,0,1
dontcache,miss,8090,2361,10494,12855,55,1
dontcache,hit,8090,263,545,808,0,1
dontcache,miss,8091,2489,10680,13169,56,1
dontcache,hit,8091,254,557,811,0,1
dontcache,miss,8092,2342,11023,13365,42,1
dontcache,hit,8092,262,580,842,0,1
dontcache,miss,8093,2441,10433,12874,56,1
dontcache,hit,8093,1926,550,2476,0,1
dontcache,miss,8094,2337,10377,12714,56,1
dontcache,hit,8094,257,556,813,0,1
dontcache,miss,8095,2467,9662,12129,51,1
dontcache,hit,8095,252,548,800,0,1
dontcache,miss,8096,2312,9138,11450,48,1
dontcache,hit,8096,257,560,817,0,1
dontcache,miss,8097,2467,10440,12907,56,1
dontcache,hit,8097,253,557,810,0,1
dontcache,miss,8098,2312,10594,12906,57,1
dontcache,hit,8098,263,551,814,0,1
dontcache,miss,8099,2495,10277,12772,55,1
dontcache,hit,8099,251,545,796,0,1
dontcache,miss,8100,2335,12888,15223,71,1
dontcache,hit,8100,260,547,807,0,1
dontcache,miss,8101,2468,9810,12278,52,1
dontcache,hit,8101,256,549,805,0,1
dontcache,miss,8102,2275,9774,12049,52,1
dontcache,hit,8102,260,544,804,0,1
dontcache,miss,8103,2469,9819,12288,52,1
dontcache,hit,8103,255,556,811,0,1
dontcache,miss,8104,2345,10978,13323,35,1
dontcache,hit,8104,265,554,819,0,1
dontcache,miss,8105,2439,11653,14092,63,1
dontcache,hit,8105,256,567,823,0,1
dontcache,miss,8106,2139,10596,12735,57,1
dontcache,hit,8106,255,530,785,0,1
dontcache,miss,8107,2493,10124,12617,54,1
dontcache,hit,8107,250,541,791,0,1
dontcache,miss,8108,2303,9862,12165,53,1
dontcache,hit,8108,258,535,793,0,1
dontcache,miss,8109,2458,10473,12931,56,1
dontcache,hit,8109,253,543,796,0,1
dontcache,miss,8110,2291,10214,12505,55,1
dontcache,hit,8110,257,539,796,0,1
dontcache,miss,8111,2311,10442,12753,56,1
dontcache,hit,8111,252,533,785,0,1
dontcache,miss,8112,2279,9789,12068,52,1
dontcache,hit,8112,258,528,786,0,1
dontcache,miss,8113,2440,9930,12370,53,1
dontcache,hit,8113,254,528,782,0,1
dontcache,miss,8114,2345,10460,12805,56,1
dontcache,hit,8114,257,520,777,0,1
dontcache,miss,8115,2388,10276,12664,55,1
dontcache,hit,8115,251,528,779,0,1
dontcache,miss,8116,2261,10340,12601,56,1
dontcache,hit,8116,261,533,794,0,1
dontcache,miss,8117,2497,9968,12465,53,1
dontcache,hit,8117,250,531,781,0,1
dontcache,miss,8118,2348,9715,12063,52,1
dontcache,hit,8118,261,534,795,0,1
dontcache,miss,8119,2485,10337,12822,55,1
dontcache,hit,8119,249,525,774,0,1
dontcache,miss,8120,2274,10517,12791,57,1
dontcache,hit,8120,262,553,815,0,1
dontcache,miss,8121,2477,10293,12770,55,1
dontcache,hit,8121,252,537,789,0,1
dontcache,miss,8122,2298,12866,15164,71,1
dontcache,hit,8122,255,513,768,0,1
dontcache,miss,8123,2467,9248,11715,49,1
dontcache,hit,8123,249,535,784,0,1
dontcache,miss,8124,2305,9289,11594,49,1
dontcache,hit,8124,258,528,786,0,1
dontcache,miss,8125,2456,10939,13395,59,1
dontcache,hit,8125,252,517,769,0,1
dontcache,miss,8126,2329,13145,15474,57,1
dontcache,hit,8126,261,570,831,0,1
dontcache,miss,8127,2531,12660,15191,68,1
dontcache,hit,8127,262,565,827,0,1
dontcache,miss,8128,2182,10165,12347,53,1
dontcache,hit,8128,266,563,829,0,1
dontcache,miss,8129,2494,10638,13132,56,1
dontcache,hit,8129,261,552,813,0,1
dontcache,miss,8130,2342,10535,12877,55,1
dontcache,hit,8130,265,575,840,0,1
dontcache,miss,8131,2463,10718,13181,56,1
dontcache,hit,8131,260,559,819,0,1
dontcache,miss,8132,2331,10470,12801,55,1
dontcache,hit,8132,270,551,821,0,1
dontcache,miss,8133,2390,10318,12708,54,1
dontcache,hit,8133,261,560,821,0,1
dontcache,miss,8134,2403,9307,11710,48,1
dontcache,hit,8134,267,550,817,0,1
dontcache,miss,8135,2524,10206,12730,53,1
dontcache,hit,8135,259,565,824,0,1
dontcache,miss,8136,2377,10455,12832,55,1
dontcache,hit,8136,265,560,825,0,1
dontcache,miss,8137,2507,11228,13735,36,1
dontcache,hit,8137,262,564,826,0,1
dontcache,miss,8138,2524,10470,12994,55,1
dontcache,hit,8138,265,581,846,0,1
dontcache,miss,8139,2536,10547,13083,55,1
dontcache,hit,8139,256,562,818,0,1
dontcache,miss,8140,2343,10461,12804,55,1
dontcache,hit,8140,264,559,823,0,1
dontcache,miss,8141,2561,9966,12527,52,1
dontcache,hit,8141,261,553,814,0,1
dontcache,miss,8142,2348,10887,13235,57,1
dontcache,hit,8142,260,562,822,0,1
dontcache,miss,8143,2544,10504,13048,55,1
dontcache,hit,8143,262,533,795,0,1
dontcache,miss,8144,2334,12047,14381,64,1
dontcache,hit,8144,259,535,794,0,1
dontcache,miss,8145,2506,9967,12473,52,1
dontcache,hit,8145,255,539,794,0,1
dontcache,miss,8146,2402,10117,12519,53,1
dontcache,hit,8146,258,552,810,0,1
dontcache,miss,8147,2503,10668,13171,56,1
dontcache,hit,8147,253,544,797,0,1
dontcache,miss,8148,2336,10484,12820,55,1
dontcache,hit,8148,257,565,822,0,1
dontcache,miss,8149,2518,11522,14040,61,1
dontcache,hit,8149,259,532,791,0,1
dontcache,miss,8150,2183,10739,12922,57,1
dontcache,hit,8150,264,542,806,0,1
dontcache,miss,8151,2537,10063,12600,52,1
dontcache,hit,8151,262,533,795,0,1
dontcache,miss,8152,2397,9925,12322,52,1
dontcache,hit,8152,260,546,806,0,1
dontcache,miss,8153,2481,10420,12901,55,1
dontcache,hit,8153,254,548,802,0,1
dontcache,miss,8154,2325,10464,12789,55,1
dontcache,hit,8154,260,545,805,0,1
dontcache,miss,8155,2333,10308,12641,54,1
dontcache,hit,8155,260,529,789,0,1
dontcache,miss,8156,2354,10005,12359,52,1
dontcache,hit,8156,261,532,793,0,1
dontcache,miss,8157,2455,10474,12929,55,1
dontcache,hit,8157,259,563,822,0,1
dontcache,miss,8158,2399,10615,13014,56,1
dontcache,hit,8158,264,553,817,0,1
dontcache,miss,8159,2658,10841,13499,57,1
dontcache,hit,8159,280,621,901,0,1
dontcache,miss,8160,2367,17564,19931,87,1
dontcache,hit,8160,258,566,824,0,1
dontcache,miss,8161,2492,10015,12507,53,1
dontcache,hit,8161,251,555,806,0,1
dontcache,miss,8162,2278,10401,12679,56,1
dontcache,hit,8162,260,564,824,0,1
dontcache,miss,8163,2423,10446,12869,56,1
dontcache,hit,8163,270,570,840,0,1
dontcache,miss,8164,2241,11029,13270,34,1
dontcache,hit,8164,368,874,1242,0,1
dontcache,miss,8165,3779,10598,14377,35,1
dontcache,hit,8165,402,850,1252,0,1
dontcache,miss,8166,3401,11834,15235,40,1
dontcache,hit,8166,285,777,1062,0,1
dontcache,miss,8167,2494,10505,12999,56,1
dontcache,hit,8167,249,581,830,0,1
dontcache,miss,8168,2317,10447,12764,56,1
dontcache,hit,8168,251,553,804,0,1
dontcache,miss,8169,2508,19395,21903,110,1
dontcache,hit,8169,248,542,790,0,1
dontcache,miss,8170,8485,6038,14523,29,1
dontcache,hit,8170,256,587,843,0,1
dontcache,miss,8171,2463,11258,13721,61,1
dontcache,hit,8171,249,536,785,0,1
dontcache,miss,8172,2140,10508,12648,56,1
dontcache,hit,8172,250,531,781,0,1
dontcache,miss,8173,2423,10460,12883,56,1
dontcache,hit,8173,250,539,789,0,1
dontcache,miss,8174,2338,10074,12412,54,1
dontcache,hit,8174,248,532,780,0,1
dontcache,miss,8175,2461,10437,12898,56,1
dontcache,hit,8175,249,546,795,0,1
dontcache,miss,8176,2290,10253,12543,55,1
dontcache,hit,8176,253,532,785,0,1
dontcache,miss,8177,2305,10657,12962,57,1
dontcache,hit,8177,253,554,807,0,1
dontcache,miss,8178,2314,9938,12252,53,1
dontcache,hit,8178,252,541,793,0,1
dontcache,miss,8179,2415,9816,12231,52,1
dontcache,hit,8179,250,545,795,0,1
dontcache,miss,8180,2290,10429,12719,56,1
dontcache,hit,8180,250,530,780,0,1
dontcache,miss,8181,2440,10537,12977,56,1
dontcache,hit,8181,250,523,773,0,1
dontcache,miss,8182,2310,10246,12556,55,1
dontcache,hit,8182,249,520,769,0,1
dontcache,miss,8183,2436,9768,12204,52,1
dontcache,hit,8183,247,529,776,0,1
dontcache,miss,8184,2288,9745,12033,52,1
dontcache,hit,8184,254,521,775,0,1
dontcache,miss,8185,2516,10471,12987,56,1
dontcache,hit,8185,246,524,770,0,1
dontcache,miss,8186,2279,10236,12515,55,1
dontcache,hit,8186,250,518,768,0,1
dontcache,miss,8187,2446,10280,12726,55,1
dontcache,hit,8187,246,522,768,0,1
dontcache,miss,8188,2283,11083,13366,60,1
dontcache,hit,8188,249,517,766,0,1
dontcache,miss,8189,2493,9734,12227,52,1
dontcache,hit,8189,249,545,794,0,1
dontcache,miss,8190,2315,9703,12018,52,1
dontcache,hit,8190,251,529,780,0,1
dontcache,miss,8191,2514,13334,15848,45,1
dontcache,hit,8191,244,2034,2278,0,1
dontcache,miss,8192,2455,10553,13008,57,1
dontcache,hit,8192,255,574,829,0,1
dontcache,miss,8193,2518,12031,14549,64,1
dontcache,hit,8193,258,574,832,0,1
dontcache,miss,8194,2130,17064,19194,84,1
dontcache,hit,8194,250,558,808,0,1
dontcache,miss,8195,2444,10467,12911,56,1
dontcache,hit,8195,253,555,808,0,1
dontcache,miss,8196,2289,10235,12524,55,1
dontcache,hit,8196,252,559,811,0,1
dontcache,miss,8197,2498,9845,12343,52,1
dontcache,hit,8197,253,554,807,0,1
dontcache,miss,8198,2270,10384,12654,56,1
dontcache,hit,8198,251,553,804,0,1
dontcache,miss,8199,2297,10648,12945,57,1
dontcache,hit,8199,252,554,806,0,1
dontcache,miss,8200,2273,9760,12033,52,1
dontcache,hit,8200,252,550,802,0,1
dontcache,miss,8201,2421,9810,12231,52,1
dontcache,hit,8201,254,556,810,0,1
dontcache,miss,8202,2314,10385,12699,55,1
dontcache,hit,8202,249,557,806,0,1
dontcache,miss,8203,6787,10466,17253,56,1
dontcache,hit,8203,251,553,804,0,1
dontcache,miss,8204,2308,10412,12720,56,1
dontcache,hit,8204,249,576,825,0,1
dontcache,miss,8205,2488,9757,12245,52,1
dontcache,hit,8205,244,534,778,0,1
dontcache,miss,8206,2312,8966,11278,47,1
dontcache,hit,8206,249,524,773,0,1
dontcache,miss,8207,2430,10424,12854,56,1
dontcache,hit,8207,246,537,783,0,1
dontcache,miss,8208,2356,10294,12650,55,1
dontcache,hit,8208,247,529,776,0,1
dontcache,miss,8209,2482,10258,12740,55,1
dontcache,hit,8209,245,527,772,0,1
dontcache,miss,8210,2328,11704,14032,64,1
dontcache,hit,8210,249,534,783,0,1
dontcache,miss,8211,2434,9775,12209,52,1
dontcache,hit,8211,253,543,796,0,1
dontcache,miss,8212,2245,9903,12148,53,1
dontcache,hit,8212,257,531,788,0,1
dontcache,miss,8213,2440,10302,12742,55,1
dontcache,hit,8213,248,532,780,0,1
dontcache,miss,8214,2269,10375,12644,56,1
dontcache,hit,8214,250,550,800,0,1
dontcache,miss,8215,2430,12901,15331,71,1
dontcache,hit,8215,245,615,860,0,1
dontcache,miss,8216,2122,9725,11847,52,1
dontcache,hit,8216,253,540,793,0,1
dontcache,miss,8217,2446,9172,11618,48,1
dontcache,hit,8217,245,531,776,0,1
dontcache,miss,8218,2285,9782,12067,52,1
dontcache,hit,8218,249,536,785,0,1
dontcache,miss,8219,2464,10491,12955,56,1
dontcache,hit,8219,249,543,792,0,1
dontcache,miss,8220,2247,10424,12671,56,1
dontcache,hit,8220,251,542,793,0,1
dontcache,miss,8221,2297,10641,12938,57,1
dontcache,hit,8221,253,537,790,0,1
dontcache,miss,8222,2322,9739,12061,52,1
dontcache,hit,8222,252,537,789,0,1
dontcache,miss,8223,2453,9823,12276,52,1
dontcache,hit,8223,249,540,789,0,1
dontcache,miss,8224,2275,10548,12823,57,1
dontcache,hit,8224,249,531,780,0,1
dontcache,miss,8225,2563,15995,18558,88,1
dontcache,hit,8225,261,603,864,0,1
dontcache,miss,8226,2328,10643,12971,56,1
dontcache,hit,8226,258,560,818,0,1
dontcache,miss,8227,9419,9782,19201,52,1
dontcache,hit,8227,255,553,808,0,1
dontcache,miss,8228,2285,10605,12890,57,1
dontcache,hit,8228,248,549,797,0,1
dontcache,miss,8229,2442,10644,13086,57,1
dontcache,hit,8229,244,553,797,0,1
dontcache,miss,8230,2264,10726,12990,58,1
dontcache,hit,8230,253,548,801,0,1
dontcache,miss,8231,2403,10292,12695,55,1
dontcache,hit,8231,244,542,786,0,1
dontcache,miss,8232,2306,11256,13562,61,1
dontcache,hit,8232,254,572,826,0,1
dontcache,miss,8233,2420,10301,12721,55,1
dontcache,hit,8233,243,545,788,0,1
dontcache,miss,8234,2300,10426,12726,56,1
dontcache,hit,8234,253,532,785,0,1
dontcache,miss,8235,2435,10605,13040,57,1
dontcache,hit,8235,245,548,793,0,1
dontcache,miss,8236,2311,10225,12536,55,1
dontcache,hit,8236,257,662,919,0,1
dontcache,miss,8237,2462,11562,14024,63,1
dontcache,hit,8237,250,553,803,0,1
dontcache,miss,8238,2148,10556,12704,57,1
dontcache,hit,8238,253,553,806,0,1
dontcache,miss,8239,2425,9787,12212,52,1
dontcache,hit,8239,249,526,775,0,1
dontcache,miss,8240,2361,9251,11612,49,1
dontcache,hit,8240,254,542,796,0,1
dontcache,miss,8241,2442,10459,12901,56,1
dontcache,hit,8241,249,531,780,0,1
dontcache,miss,8242,2278,10409,12687,56,1
dontcache,hit,8242,256,539,795,0,1
dontcache,miss,8243,2295,10673,12968,57,1
dontcache,hit,8243,248,523,771,0,1
dontcache,miss,8244,2286,9721,12007,52,1
dontcache,hit,8244,252,532,784,0,1
dontcache,miss,8245,2465,9975,12440,53,1
dontcache,hit,8245,247,529,776,0,1
dontcache,miss,8246,2270,10227,12497,55,1
dontcache,hit,8246,254,538,792,0,1
dontcache,miss,8247,2427,10433,12860,56,1
dontcache,hit,8247,249,528,777,0,1
dontcache,miss,8248,2279,10234,12513,55,1
dontcache,hit,8248,251,540,791,0,1
dontcache,miss,8249,2422,9885,12307,53,1
dontcache,hit,8249,247,535,782,0,1
dontcache,miss,8250,2273,9773,12046,52,1
dontcache,hit,8250,254,536,790,0,1
dontcache,miss,8251,2445,10317,12762,55,1
dontcache,hit,8251,251,533,784,0,1
dontcache,miss,8252,2269,10566,12835,57,1
dontcache,hit,8252,249,543,792,0,1
dontcache,miss,8253,2460,10456,12916,56,1
dontcache,hit,8253,252,533,785,0,1
dontcache,miss,8254,2298,12535,14833,69,1
dontcache,hit,8254,255,537,792,0,1
dontcache,miss,8255,2445,9113,11558,48,1
dontcache,hit,8255,246,533,779,0,1
dontcache,miss,8256,2267,9237,11504,49,1
dontcache,hit,8256,253,535,788,0,1
dontcache,miss,8257,2374,10586,12960,57,1
dontcache,hit,8257,248,528,776,0,1
dontcache,miss,8258,2243,10213,12456,55,1
dontcache,hit,8258,259,632,891,0,1
dontcache,miss,8259,2501,12698,15199,68,1
dontcache,hit,8259,255,565,820,0,1
dontcache,miss,8260,2166,10826,12992,57,1
dontcache,hit,8260,252,557,809,0,1
dontcache,miss,8261,2484,9480,11964,50,1
dontcache,hit,8261,249,558,807,0,1
dontcache,miss,8262,2288,9856,12144,53,1
dontcache,hit,8262,259,543,802,0,1
dontcache,miss,8263,2421,9173,11594,48,1
dontcache,hit,8263,249,549,798,0,1
dontcache,miss,8264,2243,9256,11499,49,1
dontcache,hit,8264,251,544,795,0,1
dontcache,miss,8265,2278,10611,12889,57,1
dontcache,hit,8265,250,548,798,0,1
dontcache,miss,8266,2315,9945,12260,53,1
dontcache,hit,8266,250,551,801,0,1
dontcache,miss,8267,2429,9932,12361,53,1
dontcache,hit,8267,251,544,795,0,1
dontcache,miss,8268,2334,10447,12781,56,1
dontcache,hit,8268,256,548,804,0,1
dontcache,miss,8269,2465,10451,12916,56,1
dontcache,hit,8269,246,548,794,0,1
dontcache,miss,8270,2337,10201,12538,55,1
dontcache,hit,8270,259,592,851,0,1
dontcache,miss,8271,2443,9782,12225,52,1
dontcache,hit,8271,256,562,818,0,1
dontcache,miss,8272,2310,10265,12575,55,1
dontcache,hit,8272,251,527,778,0,1
dontcache,miss,8273,2443,10387,12830,56,1
dontcache,hit,8273,248,536,784,0,1
dontcache,miss,8274,2280,10463,12743,56,1
dontcache,hit,8274,260,528,788,0,1
dontcache,miss,8275,2429,10409,12838,56,1
dontcache,hit,8275,247,535,782,0,1
dontcache,miss,8276,2320,11486,13806,62,1
dontcache,hit,8276,251,544,795,0,1
dontcache,miss,8277,2418,10424,12842,56,1
dontcache,hit,8277,253,543,796,0,1
dontcache,miss,8278,2280,10404,12684,56,1
dontcache,hit,8278,250,537,787,0,1
dontcache,miss,8279,2432,10598,13030,57,1
dontcache,hit,8279,250,541,791,0,1
dontcache,miss,8280,2331,10292,12623,55,1
dontcache,hit,8280,266,544,810,0,1
dontcache,miss,8281,2443,16186,18629,88,1
dontcache,hit,8281,252,550,802,0,1
dontcache,miss,8282,2147,9603,11750,50,1
dontcache,hit,8282,253,543,796,0,1
dontcache,miss,8283,2488,10671,13159,56,1
dontcache,hit,8283,254,541,795,0,1
dontcache,miss,8284,2300,10613,12913,56,1
dontcache,hit,8284,257,548,805,0,1
dontcache,miss,8285,2473,10671,13144,56,1
dontcache,hit,8285,255,539,794,0,1
dontcache,miss,8286,2368,10415,12783,55,1
dontcache,hit,8286,262,539,801,0,1
dontcache,miss,8287,2344,10904,13248,57,1
dontcache,hit,8287,252,544,796,0,1
dontcache,miss,8288,2333,9916,12249,52,1
dontcache,hit,8288,260,544,804,0,1
dontcache,miss,8289,2468,9994,12462,52,1
dontcache,hit,8289,250,544,794,0,1
dontcache,miss,8290,2375,10621,12996,56,1
dontcache,hit,8290,264,576,840,0,1
dontcache,miss,8291,2492,13310,15802,56,1
dontcache,hit,8291,251,549,800,0,1
dontcache,miss,8292,2452,10469,12921,55,1
dontcache,hit,8292,268,570,838,0,1
dontcache,miss,8293,2516,17536,20052,88,1
dontcache,hit,8293,262,569,831,0,1
dontcache,miss,8294,2289,10352,12641,49,1
dontcache,hit,8294,261,1409,1670,0,1
dontcache,miss,8295,2399,10495,12894,56,1
dontcache,hit,8295,258,549,807,0,1
dontcache,miss,8296,2302,10776,13078,58,1
dontcache,hit,8296,253,577,830,0,1
dontcache,miss,8297,2450,10398,12848,56,1
dontcache,hit,8297,252,559,811,0,1
dontcache,miss,8298,2324,12970,15294,71,1
dontcache,hit,8298,252,560,812,0,1
dontcache,miss,8299,2471,9787,12258,52,1
dontcache,hit,8299,255,548,803,0,1
dontcache,miss,8300,2255,10423,12678,56,1
dontcache,hit,8300,254,544,798,0,1
dontcache,miss,8301,2466,9806,12272,52,1
dontcache,hit,8301,246,563,809,0,1
dontcache,miss,8302,2312,9087,11399,48,1
dontcache,hit,8302,254,552,806,0,1
dontcache,miss,8303,2459,11788,14247,43,1
dontcache,hit,8303,258,563,821,0,1
dontcache,miss,8304,2278,10560,12838,57,1
dontcache,hit,8304,257,566,823,0,1
dontcache,miss,8305,2473,9915,12388,53,1
dontcache,hit,8305,251,532,783,0,1
dontcache,miss,8306,2310,9959,12269,53,1
dontcache,hit,8306,257,533,790,0,1
dontcache,miss,8307,2443,10436,12879,56,1
dontcache,hit,8307,246,523,769,0,1
dontcache,miss,8308,2301,10492,12793,56,1
dontcache,hit,8308,256,535,791,0,1
dontcache,miss,8309,2285,10488,12773,56,1
dontcache,hit,8309,250,530,780,0,1
dontcache,miss,8310,2307,9774,12081,52,1
dontcache,hit,8310,252,531,783,0,1
dontcache,miss,8311,2440,9729,12169,52,1
dontcache,hit,8311,249,539,788,0,1
dontcache,miss,8312,2270,10422,12692,56,1
dontcache,hit,8312,251,541,792,0,1
dontcache,miss,8313,2491,9301,11792,49,1
dontcache,hit,8313,250,536,786,0,1
dontcache,miss,8314,2294,9083,11377,48,1
dontcache,hit,8314,255,542,797,0,1
dontcache,miss,8315,2461,8964,11425,47,1
dontcache,hit,8315,245,533,778,0,1
dontcache,miss,8316,2311,9129,11440,48,1
dontcache,hit,8316,253,531,784,0,1
dontcache,miss,8317,2455,10419,12874,56,1
dontcache,hit,8317,249,539,788,0,1
dontcache,miss,8318,2290,10196,12486,55,1
dontcache,hit,8318,254,539,793,0,1
dontcache,miss,8319,2454,9200,11654,49,1
dontcache,hit,8319,250,537,787,0,1
dontcache,miss,8320,2245,11441,13686,62,1
dontcache,hit,8320,252,527,779,0,1
dontcache,miss,8321,2442,10603,13045,57,1
dontcache,hit,8321,249,537,786,0,1
dontcache,miss,8322,2244,10386,12630,56,1
dontcache,hit,8322,253,555,808,0,1
dontcache,miss,8323,2437,10304,12741,55,1
dontcache,hit,8323,253,541,794,0,1
dontcache,miss,8324,2294,10228,12522,55,1
dontcache,hit,8324,255,547,802,0,1
dontcache,miss,8325,2462,14013,16475,62,1
dontcache,hit,8325,254,531,785,0,1
dontcache,miss,8326,2175,10270,12445,55,1
dontcache,hit,8326,258,566,824,0,1
dontcache,miss,8327,2488,10804,13292,57,1
dontcache,hit,8327,261,573,834,0,1
dontcache,miss,8328,2321,10091,12412,53,1
dontcache,hit,8328,254,564,818,0,1
dontcache,miss,8329,2480,10548,13028,55,1
dontcache,hit,8329,262,566,828,0,1
dontcache,miss,8330,2430,10452,12882,55,1
dontcache,hit,8330,262,584,846,0,1
dontcache,miss,8331,2358,10184,12542,53,1
dontcache,hit,8331,260,571,831,0,1
dontcache,miss,8332,2346,9144,11490,47,1
dontcache,hit,8332,254,569,823,0,1
dontcache,miss,8333,2465,10505,12970,55,1
dontcache,hit,8333,256,580,836,0,1
dontcache,miss,8334,2336,10738,13074,56,1
dontcache,hit,8334,260,562,822,0,1
dontcache,miss,8335,2478,10671,13149,56,1
dontcache,hit,8335,258,564,822,0,1
dontcache,miss,8336,2344,10975,13319,58,1
dontcache,hit,8336,258,606,864,0,1
dontcache,miss,8337,2514,10625,13139,36,1
dontcache,hit,8337,255,563,818,0,1
dontcache,miss,8338,2410,10438,12848,55,1
dontcache,hit,8338,253,575,828,0,1
dontcache,miss,8339,2524,10750,13274,56,1
dontcache,hit,8339,260,564,824,0,1
dontcache,miss,8340,2332,10782,13114,57,1
dontcache,hit,8340,262,559,821,0,1
dontcache,miss,8341,2534,10504,13038,55,1
dontcache,hit,8341,252,551,803,0,1
dontcache,miss,8342,2308,13189,15497,71,1
dontcache,hit,8342,259,552,811,0,1
dontcache,miss,8343,2473,9279,11752,48,1
dontcache,hit,8343,251,547,798,0,1
dontcache,miss,8344,2312,9470,11782,49,1
dontcache,hit,8344,264,551,815,0,1
dontcache,miss,8345,2467,10930,13397,57,1
dontcache,hit,8345,255,609,864,0,1
dontcache,miss,8346,2309,10668,12977,56,1
dontcache,hit,8346,255,566,821,0,1
dontcache,miss,8347,2437,11667,14104,62,1
dontcache,hit,8347,260,550,810,0,1
dontcache,miss,8348,2174,10660,12834,56,1
dontcache,hit,8348,259,561,820,0,1
dontcache,miss,8349,2483,10690,13173,56,1
dontcache,hit,8349,259,567,826,0,1
dontcache,miss,8350,2397,9984,12381,52,1
dontcache,hit,8350,259,540,799,0,1
dontcache,miss,8351,2494,10637,13131,56,1
dontcache,hit,8351,254,542,796,0,1
dontcache,miss,8352,2327,10469,12796,55,1
dontcache,hit,8352,260,550,810,0,1
dontcache,miss,8353,2359,10737,13096,56,1
dontcache,hit,8353,261,562,823,0,1
dontcache,miss,8354,2318,10656,12974,56,1
dontcache,hit,8354,254,546,800,0,1
dontcache,miss,8355,2489,10195,12684,53,1
dontcache,hit,8355,253,573,826,0,1
dontcache,miss,8356,2324,10629,12953,56,1
dontcache,hit,8356,254,549,803,0,1
dontcache,miss,8357,2516,10712,13228,56,1
dontcache,hit,8357,249,552,801,0,1
dontcache,miss,8358,2351,10444,12795,55,1
dontcache,hit,8358,256,546,802,0,1
dontcache,miss,8359,2515,9167,11682,47,1
dontcache,hit,8359,272,631,903,0,1
dontcache,miss,8360,2341,9232,11573,48,1
dontcache,hit,8360,260,559,819,0,1
dontcache,miss,8361,2541,10657,13198,56,1
dontcache,hit,8361,256,556,812,0,1
dontcache,miss,8362,2342,10736,13078,56,1
dontcache,hit,8362,265,571,836,0,1
dontcache,miss,8363,2494,10712,13206,56,1
dontcache,hit,8363,250,566,816,0,1
dontcache,miss,8364,2330,12013,14343,64,1
dontcache,hit,8364,255,560,815,0,1
dontcache,miss,8365,2446,9270,11716,48,1
dontcache,hit,8365,258,555,813,0,1
dontcache,miss,8366,2353,9324,11677,48,1
dontcache,hit,8366,269,554,823,0,1
dontcache,miss,8367,2479,10689,13168,56,1
dontcache,hit,8367,264,555,819,0,1
dontcache,miss,8368,2307,10473,12780,55,1
dontcache,hit,8368,255,556,811,0,1
dontcache,miss,8369,2515,13178,15693,71,1
dontcache,hit,8369,259,560,819,0,1
dontcache,miss,8370,2150,9942,12092,52,1
dontcache,hit,8370,258,552,810,0,1
dontcache,miss,8371,2665,10690,13355,56,1
dontcache,hit,8371,268,645,913,0,1
dontcache,miss,8372,2293,10607,12900,56,1
dontcache,hit,8372,259,568,827,0,1
dontcache,miss,8373,2549,10498,13047,55,1
dontcache,hit,8373,254,560,814,0,1
dontcache,miss,8374,2336,10480,12816,55,1
dontcache,hit,8374,257,553,810,0,1
dontcache,miss,8375,2349,16920,19269,83,1
dontcache,hit,8375,256,547,803,0,1
dontcache,miss,8376,2260,10407,12667,56,1
dontcache,hit,8376,256,565,821,0,1
dontcache,miss,8377,2419,10411,12830,56,1
dontcache,hit,8377,249,532,781,0,1
dontcache,miss,8378,2299,10534,12833,57,1
dontcache,hit,8378,260,534,794,0,1
dontcache,miss,8379,2438,10452,12890,56,1
dontcache,hit,8379,250,531,781,0,1
dontcache,miss,8380,2294,10571,12865,57,1
dontcache,hit,8380,258,540,798,0,1
dontcache,miss,8381,2426,9143,11569,48,1
dontcache,hit,8381,248,536,784,0,1
dontcache,miss,8382,2321,9251,11572,49,1
dontcache,hit,8382,255,533,788,0,1
dontcache,miss,8383,2441,10416,12857,56,1
dontcache,hit,8383,246,537,783,0,1
dontcache,miss,8384,2317,19979,22296,113,1
dontcache,hit,8384,254,539,793,0,1
dontcache,miss,8385,2436,10281,12717,55,1
dontcache,hit,8385,250,538,788,0,1
dontcache,miss,8386,2265,11784,14049,64,1
dontcache,hit,8386,250,532,782,0,1
dontcache,miss,8387,2425,9780,12205,52,1
dontcache,hit,8387,247,529,776,0,1
dontcache,miss,8388,2267,9932,12199,53,1
dontcache,hit,8388,256,536,792,0,1
dontcache,miss,8389,2482,10521,13003,57,1
dontcache,hit,8389,247,543,790,0,1
dontcache,miss,8390,2311,10287,12598,55,1
dontcache,hit,8390,250,533,783,0,1
dontcache,miss,8391,2442,11654,14096,63,1
dontcache,hit,8391,249,540,789,0,1
dontcache,miss,8392,2062,12676,14738,53,1
dontcache,hit,8392,258,574,832,0,1
dontcache,miss,8393,2476,10860,13336,57,1
dontcache,hit,8393,257,562,819,0,1
dontcache,miss,8394,2348,10671,13019,56,1
dontcache,hit,8394,263,555,818,0,1
dontcache,miss,8395,2524,10564,13088,55,1
dontcache,hit,8395,258,568,826,0,1
dontcache,miss,8396,2359,10511,12870,49,1
dontcache,hit,8396,260,1427,1687,0,1
dontcache,miss,8397,2383,10686,13069,56,1
dontcache,hit,8397,272,566,838,0,1
dontcache,miss,8398,2427,10603,13030,56,1
dontcache,hit,8398,258,555,813,0,1
dontcache,miss,8399,2483,10012,12495,52,1
dontcache,hit,8399,267,569,836,0,1
dontcache,miss,8400,2369,10680,13049,56,1
dontcache,hit,8400,254,556,810,0,1
dontcache,miss,8401,2512,10750,13262,56,1
dontcache,hit,8401,258,564,822,0,1
dontcache,miss,8402,2318,10646,12964,56,1
dontcache,hit,8402,260,560,820,0,1
dontcache,miss,8403,2518,10099,12617,32,1
dontcache,hit,8403,259,565,824,0,1
dontcache,miss,8404,2456,10662,13118,56,1
dontcache,hit,8404,265,575,840,0,1
dontcache,miss,8405,2503,10690,13193,56,1
dontcache,hit,8405,251,565,816,0,1
dontcache,miss,8406,2353,10510,12863,55,1
dontcache,hit,8406,259,550,809,0,1
dontcache,miss,8407,2492,10709,13201,56,1
dontcache,hit,8407,253,555,808,0,1
dontcache,miss,8408,2335,11502,13837,61,1
dontcache,hit,8408,257,544,801,0,1
dontcache,miss,8409,2512,10864,13376,57,1
dontcache,hit,8409,257,543,800,0,1
dontcache,miss,8410,2294,10641,12935,56,1
dontcache,hit,8410,256,546,802,0,1
dontcache,miss,8411,2496,10512,13008,55,1
dontcache,hit,8411,255,572,827,0,1
dontcache,miss,8412,2314,10476,12790,55,1
dontcache,hit,8412,265,544,809,0,1
dontcache,miss,8413,2485,12066,14551,64,1
dontcache,hit,8413,253,541,794,0,1
dontcache,miss,8414,2162,10719,12881,56,1
dontcache,hit,8414,260,540,800,0,1
dontcache,miss,8415,2499,10041,12540,52,1
dontcache,hit,8415,255,543,798,0,1
dontcache,miss,8416,2366,10074,12440,53,1
dontcache,hit,8416,253,543,796,0,1
dontcache,miss,8417,2511,10582,13093,55,1
dontcache,hit,8417,253,541,794,0,1
dontcache,miss,8418,2341,10468,12809,55,1
dontcache,hit,8418,259,545,804,0,1
dontcache,miss,8419,2355,10879,13234,57,1
dontcache,hit,8419,254,535,789,0,1
dontcache,miss,8420,2327,9929,12256,52,1
dontcache,hit,8420,255,560,815,0,1
dontcache,miss,8421,2492,9973,12465,52,1
dontcache,hit,8421,253,568,821,0,1
dontcache,miss,8422,2350,10852,13202,57,1
dontcache,hit,8422,265,546,811,0,1
dontcache,miss,8423,2510,10690,13200,56,1
dontcache,hit,8423,258,547,805,0,1
dontcache,miss,8424,2359,10507,12866,55,1
dontcache,hit,8424,263,534,797,0,1
dontcache,miss,8425,2654,10149,12803,53,1
dontcache,hit,8425,284,653,937,0,1
dontcache,miss,8426,2315,17499,19814,87,1
dontcache,hit,8426,257,557,814,0,1
dontcache,miss,8427,2492,9589,12081,51,1
dontcache,hit,8427,247,554,801,0,1
dontcache,miss,8428,2328,9447,11775,50,1
dontcache,hit,8428,251,555,806,0,1
dontcache,miss,8429,2421,10418,12839,56,1
dontcache,hit,8429,250,568,818,0,1
dontcache,miss,8430,2335,11796,14131,64,1
dontcache,hit,8430,253,545,798,0,1
dontcache,miss,8431,2450,9076,11526,48,1
dontcache,hit,8431,248,558,806,0,1
dontcache,miss,8432,2290,9127,11417,48,1
dontcache,hit,8432,251,568,819,0,1
dontcache,miss,8433,2407,10657,13064,57,1
dontcache,hit,8433,249,556,805,0,1
dontcache,miss,8434,2276,10957,13233,59,1
dontcache,hit,8434,251,542,793,0,1
dontcache,miss,8435,2447,11656,14103,63,1
dontcache,hit,8435,252,545,797,0,1
dontcache,miss,8436,2092,9918,12010,53,1
dontcache,hit,8436,256,558,814,0,1
dontcache,miss,8437,2602,10195,12797,54,1
dontcache,hit,8437,256,614,870,0,1
dontcache,miss,8438,2299,10405,12704,56,1
dontcache,hit,8438,262,549,811,0,1
dontcache,miss,8439,2417,10270,12687,55,1
dontcache,hit,8439,250,536,786,0,1
dontcache,miss,8440,2274,10243,12517,55,1
dontcache,hit,8440,251,537,788,0,1
dontcache,miss,8441,2382,12455,14837,68,1
dontcache,hit,8441,248,610,858,0,1
dontcache,miss,8442,2282,11949,14231,64,1
dontcache,hit,8442,257,570,827,0,1
dontcache,miss,8443,2482,13338,15820,73,1
dontcache,hit,8443,246,548,794,0,1
dontcache,miss,8444,2344,12634,14978,69,1
dontcache,hit,8444,304,594,898,0,1
dontcache,miss,8445,2433,13500,15933,74,1
dontcache,hit,8445,307,599,906,0,1
dontcache,miss,8446,2295,11578,13873,63,1
dontcache,hit,8446,259,597,856,0,1
dontcache,miss,8447,2455,11624,14079,62,1
dontcache,hit,8447,247,658,905,0,1
dontcache,miss,8448,2283,11960,14243,65,1
dontcache,hit,8448,371,715,1086,0,1
dontcache,miss,8449,2460,10811,13271,58,1
dontcache,hit,8449,253,610,863,0,1
dontcache,miss,8450,2341,12927,15268,71,1
dontcache,hit,8450,256,606,862,0,1
dontcache,miss,8451,2437,13873,16310,76,1
dontcache,hit,8451,249,538,787,0,1
dontcache,miss,8452,2370,15183,17553,85,1
dontcache,hit,8452,253,538,791,0,1
dontcache,miss,8453,2465,11089,13554,59,1
dontcache,hit,8453,247,539,786,0,1
dontcache,miss,8454,2575,12397,14972,68,1
dontcache,hit,8454,256,602,858,0,1
dontcache,miss,8455,2648,16056,18704,65,1
dontcache,hit,8455,248,839,1087,0,1
dontcache,miss,8456,3680,16193,19873,46,1
dontcache,hit,8456,266,689,955,0,1
dontcache,miss,8457,2806,18711,21517,94,1
dontcache,hit,8457,325,652,977,0,1
dontcache,miss,8458,2500,16067,18567,89,1
dontcache,hit,8458,256,561,817,0,1
dontcache,miss,8459,2462,15005,17467,83,1
dontcache,hit,8459,248,554,802,0,1
dontcache,miss,8460,2247,13189,15436,72,1
dontcache,hit,8460,254,554,808,0,1
dontcache,miss,8461,2489,13129,15618,72,1
dontcache,hit,8461,309,554,863,0,1
dontcache,miss,8462,2444,12890,15334,71,1
dontcache,hit,8462,255,536,791,0,1
dontcache,miss,8463,2551,12880,15431,70,1
dontcache,hit,8463,246,551,797,0,1
dontcache,miss,8464,2236,11656,13892,63,1
dontcache,hit,8464,255,554,809,0,1
dontcache,miss,8465,2586,14461,17047,45,1
dontcache,hit,8465,253,568,821,0,1
dontcache,miss,8466,2621,13602,16223,72,1
dontcache,hit,8466,261,712,973,0,1
dontcache,miss,8467,2497,14990,17487,83,1
dontcache,hit,8467,247,558,805,0,1
dontcache,miss,8468,2306,12878,15184,71,1
dontcache,hit,8468,259,539,798,0,1
dontcache,miss,8469,2490,11136,13626,60,1
dontcache,hit,8469,251,533,784,0,1
dontcache,miss,8470,2334,12762,15096,70,1
dontcache,hit,8470,259,561,820,0,1
dontcache,miss,8471,2481,12053,14534,65,1
dontcache,hit,8471,248,538,786,0,1
dontcache,miss,8472,2271,13621,15892,74,1
dontcache,hit,8472,252,541,793,0,1
dontcache,miss,8473,4694,11752,16446,62,1
dontcache,hit,8473,362,1357,1719,0,1
dontcache,miss,8474,3379,69793,73172,383,1
dontcache,hit,8474,802,1475,2277,0,1
dontcache,miss,8475,3645,18266,21911,100,1
dontcache,hit,8475,252,1384,1636,0,1
dontcache,miss,8476,3391,24792,28183,125,1
dontcache,hit,8476,260,660,920,0,1
dontcache,miss,8477,4232,34986,39218,185,1
dontcache,hit,8477,252,542,794,0,1
dontcache,miss,8478,4762,17101,21863,88,1
dontcache,hit,8478,615,902,1517,0,1
dontcache,miss,8479,2485,57474,59959,330,1
dontcache,hit,8479,264,602,866,0,1
dontcache,miss,8480,3411,20085,23496,108,1
dontcache,hit,8480,744,1428,2172,0,1
dontcache,miss,8481,3234,20166,23400,109,1
dontcache,hit,8481,1516,1280,2796,0,1
dontcache,miss,8482,4597,25820,30417,138,1
dontcache,hit,8482,543,1202,1745,0,1
dontcache,miss,8483,5118,16919,22037,91,1
dontcache,hit,8483,390,571,961,0,1
dontcache,miss,8484,2625,24414,27039,92,1
dontcache,hit,8484,255,694,949,0,1
dontcache,miss,8485,3079,17356,20435,85,1
dontcache,hit,8485,260,566,826,0,1
dontcache,miss,8486,2780,16357,19137,88,1
dontcache,hit,8486,632,550,1182,0,1
dontcache,miss,8487,2800,25872,28672,144,1
dontcache,hit,8487,252,533,785,0,1
dontcache,miss,8488,2362,14782,17144,68,1
dontcache,hit,8488,265,1522,1787,0,1
dontcache,miss,8489,3210,23678,26888,130,1
dontcache,hit,8489,259,533,792,0,1
dontcache,miss,8490,3094,15390,18484,82,1
dontcache,hit,8490,308,938,1246,0,1
dontcache,miss,8491,3169,12537,15706,67,1
dontcache,hit,8491,254,791,1045,0,1
dontcache,miss,8492,2680,14334,17014,77,1
dontcache,hit,8492,328,556,884,0,1
dontcache,miss,8493,2567,13570,16137,72,1
dontcache,hit,8493,252,594,846,0,1
dontcache,miss,8494,2948,17088,20036,80,1
dontcache,hit,8494,255,547,802,0,1
dontcache,miss,8495,5050,15330,20380,77,1
dontcache,hit,8495,317,538,855,0,1
dontcache,miss,8496,2433,16150,18583,88,1
dontcache,hit,8496,856,1638,2494,0,1
dontcache,miss,8497,2719,16491,19210,90,1
dontcache,hit,8497,420,556,976,0,1
dontcache,miss,8498,2364,20217,22581,88,1
dontcache,hit,8498,268,851,1119,0,1
dontcache,miss,8499,3202,16559,19761,91,1
dontcache,hit,8499,262,655,917,0,1
dontcache,miss,8500,2423,17002,19425,92,1
dontcache,hit,8500,261,586,847,0,1
dontcache,miss,8501,2909,16932,19841,93,1
dontcache,hit,8501,265,572,837,0,1
dontcache,miss,8502,3000,18977,21977,103,1
dontcache,hit,8502,396,764,1160,0,1
dontcache,miss,8503,2610,16006,18616,86,1
dontcache,hit,8503,262,623,885,0,1
dontcache,miss,8504,2536,19870,22406,103,1
dontcache,hit,8504,255,821,1076,0,1
dontcache,miss,8505,6480,19263,25743,30,1
dontcache,hit,8505,258,558,816,0,1
dontcache,miss,8506,4830,13057,17887,46,1
dontcache,hit,8506,379,891,1270,0,1
dontcache,miss,8507,4296,22694,26990,114,1
dontcache,hit,8507,277,928,1205,0,1
dontcache,miss,8508,3666,20142,23808,99,1
dontcache,hit,8508,265,756,1021,0,1
dontcache,miss,8509,4081,15983,20064,85,1
dontcache,hit,8509,259,552,811,0,1
dontcache,miss,8510,2355,12125,14480,65,1
dontcache,hit,8510,1592,829,2421,0,1
dontcache,miss,8511,4651,13495,18146,70,1
dontcache,hit,8511,881,551,1432,0,1
dontcache,miss,8512,3335,18225,21560,99,1
dontcache,hit,8512,263,549,812,0,1
dontcache,miss,8513,3404,16962,20366,93,1
dontcache,hit,8513,263,1091,1354,0,1
dontcache,miss,8514,3482,19709,23191,106,1
dontcache,hit,8514,263,734,997,0,1
dontcache,miss,8515,3680,17708,21388,93,1
dontcache,hit,8515,262,550,812,0,1
dontcache,miss,8516,2281,13343,15624,67,1
dontcache,hit,8516,267,551,818,0,1
dontcache,miss,8517,2565,16814,19379,88,1
dontcache,hit,8517,336,563,899,0,1
dontcache,miss,8518,2338,13403,15741,71,1
dontcache,hit,8518,267,1248,1515,0,1
dontcache,miss,8519,2877,18384,21261,88,1
dontcache,hit,8519,558,1579,2137,0,1
dontcache,miss,8520,2769,16091,18860,85,1
dontcache,hit,8520,264,591,855,0,1
dontcache,miss,8521,2857,15534,18391,83,1
dontcache,hit,8521,262,733,995,0,1
dontcache,miss,8522,3967,16498,20465,87,1
dontcache,hit,8522,264,1379,1643,0,1
dontcache,miss,8523,3104,13942,17046,75,1
dontcache,hit,8523,262,573,835,0,1
dontcache,miss,8524,2388,18410,20798,100,1
dontcache,hit,8524,325,555,880,0,1
dontcache,miss,8525,2666,18464,21130,102,1
dontcache,hit,8525,262,577,839,0,1
dontcache,miss,8526,3781,11330,15111,60,1
dontcache,hit,8526,271,748,1019,0,1
dontcache,miss,8527,2472,14605,17077,79,1
dontcache,hit,8527,266,588,854,0,1
dontcache,miss,8528,2421,15677,18098,86,1
dontcache,hit,8528,265,581,846,0,1
dontcache,miss,8529,2675,13966,16641,74,1
dontcache,hit,8529,346,578,924,0,1
dontcache,miss,8530,2518,11644,14162,62,1
dontcache,hit,8530,382,581,963,0,1
dontcache,miss,8531,2566,12038,14604,64,1
dontcache,hit,8531,262,576,838,0,1
dontcache,miss,8532,2540,14179,16719,76,1
dontcache,hit,8532,266,577,843,0,1
dontcache,miss,8533,2546,14547,17093,79,1
dontcache,hit,8533,262,594,856,0,1
dontcache,miss,8534,2404,15797,18201,86,1
dontcache,hit,8534,262,637,899,0,1
dontcache,miss,8535,2731,11198,13929,59,1
dontcache,hit,8535,543,576,1119,0,1
dontcache,miss,8536,2508,16785,19293,91,1
dontcache,hit,8536,328,688,1016,0,1
dontcache,miss,8537,4159,13616,17775,71,1
dontcache,hit,8537,775,1228,2003,0,1
dontcache,miss,8538,2858,14283,17141,77,1
dontcache,hit,8538,267,642,909,0,1
dontcache,miss,8539,2959,14538,17497,78,1
dontcache,hit,8539,258,650,908,0,1
dontcache,miss,8540,2386,13513,15899,73,1
dontcache,hit,8540,267,569,836,0,1
dontcache,miss,8541,2846,14474,17320,78,1
dontcache,hit,8541,262,587,849,0,1
dontcache,miss,8542,2487,14016,16503,76,1
dontcache,hit,8542,265,590,855,0,1
dontcache,miss,8543,2532,15384,17916,56,1
dontcache,hit,8543,262,573,835,0,1
dontcache,miss,8544,2560,12757,15317,68,1
dontcache,hit,8544,270,611,881,0,1
dontcache,miss,8545,2492,14190,16682,76,1
dontcache,hit,8545,262,593,855,0,1
dontcache,miss,8546,2558,14277,16835,77,1
dontcache,hit,8546,263,642,905,0,1
dontcache,miss,8547,2534,13940,16474,75,1
dontcache,hit,8547,258,646,904,0,1
dontcache,miss,8548,2327,13507,15834,73,1
dontcache,hit,8548,264,594,858,0,1
dontcache,miss,8549,2517,12943,15460,69,1
dontcache,hit,8549,259,594,853,0,1
dontcache,miss,8550,2384,12823,15207,69,1
dontcache,hit,8550,264,643,907,0,1
dontcache,miss,8551,2538,13452,15990,72,1
dontcache,hit,8551,309,587,896,0,1
dontcache,miss,8552,2321,13385,15706,72,1
dontcache,hit,8552,264,584,848,0,1
dontcache,miss,8553,2835,13161,15996,70,1
dontcache,hit,8553,277,609,886,0,1
dontcache,miss,8554,2404,12689,15093,68,1
dontcache,hit,8554,266,589,855,0,1
dontcache,miss,8555,2554,13707,16261,74,1
dontcache,hit,8555,265,676,941,0,1
dontcache,miss,8556,2370,12927,15297,69,1
dontcache,hit,8556,264,625,889,0,1
dontcache,miss,8557,2500,12121,14621,64,1
dontcache,hit,8557,262,576,838,0,1
dontcache,miss,8558,2299,13589,15888,73,1
dontcache,hit,8558,266,565,831,0,1
dontcache,miss,8559,2484,12193,14677,65,1
dontcache,hit,8559,269,569,838,0,1
dontcache,miss,8560,2547,14317,16864,77,1
dontcache,hit,8560,330,569,899,0,1
dontcache,miss,8561,2610,12444,15054,66,1
dontcache,hit,8561,267,561,828,0,1
dontcache,miss,8562,2514,14035,16549,75,1
dontcache,hit,8562,266,829,1095,0,1
dontcache,miss,8563,2489,14664,17153,79,1
dontcache,hit,8563,447,696,1143,0,1
dontcache,miss,8564,2294,11979,14273,64,1
dontcache,hit,8564,267,638,905,0,1
dontcache,miss,8565,2584,12736,15320,68,1
dontcache,hit,8565,266,615,881,0,1
dontcache,miss,8566,2936,13824,16760,75,1
dontcache,hit,8566,264,576,840,0,1
dontcache,miss,8567,2550,14080,16630,75,1
dontcache,hit,8567,262,567,829,0,1
dontcache,miss,8568,2501,14823,17324,80,1
dontcache,hit,8568,266,620,886,0,1
dontcache,miss,8569,2507,13065,15572,67,1
dontcache,hit,8569,263,561,824,0,1
dontcache,miss,8570,2523,14116,16639,76,1
dontcache,hit,8570,343,791,1134,0,1
dontcache,miss,8571,4538,16830,21368,91,1
dontcache,hit,8571,341,1614,1955,0,1
dontcache,miss,8572,2434,15297,17731,81,1
dontcache,hit,8572,267,599,866,0,1
dontcache,miss,8573,2554,13958,16512,74,1
dontcache,hit,8573,321,571,892,0,1
dontcache,miss,8574,2313,14402,16715,78,1
dontcache,hit,8574,407,681,1088,0,1
dontcache,miss,8575,2568,12636,15204,66,1
dontcache,hit,8575,257,557,814,0,1
dontcache,miss,8576,2736,12554,15290,67,1
dontcache,hit,8576,265,699,964,0,1
dontcache,miss,8577,2965,15574,18539,84,1
dontcache,hit,8577,256,681,937,0,1
dontcache,miss,8578,2329,13397,15726,72,1
dontcache,hit,8578,267,645,912,0,1
dontcache,miss,8579,2590,12248,14838,65,1
dontcache,hit,8579,263,589,852,0,1
dontcache,miss,8580,2455,15371,17826,84,1
dontcache,hit,8580,393,1184,1577,0,1
dontcache,miss,8581,3789,14464,18253,56,1
dontcache,hit,8581,397,1338,1735,0,1
dontcache,miss,8582,3287,14832,18119,53,1
dontcache,hit,8582,513,1529,2042,0,1
dontcache,miss,8583,4083,18271,22354,48,1
dontcache,hit,8583,379,991,1370,0,1
dontcache,miss,8584,8774,24447,33221,58,1
dontcache,hit,8584,425,1169,1594,0,1
dontcache,miss,8585,3840,15135,18975,59,1
dontcache,hit,8585,512,983,1495,0,1
dontcache,miss,8586,3435,13923,17358,51,1
dontcache,hit,8586,507,1011,1518,0,1
dontcache,miss,8587,3862,14779,18641,45,1
dontcache,hit,8587,460,1005,1465,0,1
dontcache,miss,8588,3550,14195,17745,51,1
dontcache,hit,8588,452,1187,1639,0,1
dontcache,miss,8589,4951,12914,17865,45,1
dontcache,hit,8589,499,1265,1764,0,1
dontcache,miss,8590,3977,12218,16195,41,1
dontcache,hit,8590,477,1093,1570,0,1
dontcache,miss,8591,4461,16096,20557,60,1
dontcache,hit,8591,735,1153,1888,0,1
dontcache,miss,8592,3856,15672,19528,50,1
dontcache,hit,8592,515,1197,1712,0,1
dontcache,miss,8593,2657,14208,16865,76,1
dontcache,hit,8593,294,745,1039,0,1
dontcache,miss,8594,2325,18731,21056,72,1
dontcache,hit,8594,266,630,896,0,1
dontcache,miss,8595,2595,16433,19028,89,1
dontcache,hit,8595,259,571,830,0,1
dontcache,miss,8596,2439,14064,16503,76,1
dontcache,hit,8596,261,577,838,0,1
dontcache,miss,8597,2542,14044,16586,73,1
dontcache,hit,8597,261,759,1020,0,1
dontcache,miss,8598,2393,14243,16636,77,1
dontcache,hit,8598,259,576,835,0,1
dontcache,miss,8599,2511,13103,15614,72,1
dontcache,hit,8599,257,562,819,0,1
dontcache,miss,8600,2413,13263,15676,73,1
dontcache,hit,8600,258,551,809,0,1
dontcache,miss,8601,2505,13835,16340,71,1
dontcache,hit,8601,255,2806,3061,0,1
dontcache,miss,8602,2358,12680,15038,70,1
dontcache,hit,8602,256,562,818,0,1
dontcache,miss,8603,18748,7268,26016,35,1
dontcache,hit,8603,255,563,818,0,1
dontcache,miss,8604,2517,13224,15741,70,1
dontcache,hit,8604,518,1235,1753,0,1
dontcache,miss,8605,4048,14532,18580,66,1
dontcache,hit,8605,447,1038,1485,0,1
dontcache,miss,8606,7270,13274,20544,70,1
dontcache,hit,8606,279,727,1006,0,1
dontcache,miss,8607,2662,14077,16739,75,1
dontcache,hit,8607,260,589,849,0,1
dontcache,miss,8608,2449,13834,16283,75,1
dontcache,hit,8608,481,1216,1697,0,1
dontcache,miss,8609,2679,15902,18581,86,1
dontcache,hit,8609,275,654,929,0,1
dontcache,miss,8610,2403,14724,17127,80,1
dontcache,hit,8610,259,625,884,0,1
dontcache,miss,8611,2541,14602,17143,79,1
dontcache,hit,8611,260,550,810,0,1
dontcache,miss,8612,2429,14398,16827,78,1
dontcache,hit,8612,263,557,820,0,1
dontcache,miss,8613,2552,13241,15793,71,1
dontcache,hit,8613,260,567,827,0,1
dontcache,miss,8614,2382,20864,23246,116,1
dontcache,hit,8614,261,562,823,0,1
dontcache,miss,8615,2626,14126,16752,76,1
dontcache,hit,8615,256,602,858,0,1
dontcache,miss,8616,2341,13920,16261,75,1
dontcache,hit,8616,259,559,818,0,1
dontcache,miss,8617,3256,15830,19086,86,1
dontcache,hit,8617,290,699,989,0,1
dontcache,miss,8618,2434,13602,16036,73,1
dontcache,hit,8618,265,570,835,0,1
dontcache,miss,8619,2484,17313,19797,95,1
dontcache,hit,8619,260,571,831,0,1
dontcache,miss,8620,2437,13778,16215,74,1
dontcache,hit,8620,261,565,826,0,1
dontcache,miss,8621,2514,14542,17056,79,1
dontcache,hit,8621,256,572,828,0,1
dontcache,miss,8622,2405,13348,15753,72,1
dontcache,hit,8622,264,554,818,0,1
dontcache,miss,8623,2527,12427,14954,66,1
dontcache,hit,8623,259,565,824,0,1
dontcache,miss,8624,2318,13522,15840,73,1
dontcache,hit,8624,263,557,820,0,1
dontcache,miss,8625,2467,12394,14861,66,1
dontcache,hit,8625,257,590,847,0,1
dontcache,miss,8626,2450,14344,16794,78,1
dontcache,hit,8626,303,726,1029,0,1
dontcache,miss,8627,2441,16565,19006,82,1
dontcache,hit,8627,271,590,861,0,1
dontcache,miss,8628,2790,20636,23426,110,1
dontcache,hit,8628,268,579,847,0,1
dontcache,miss,8629,3174,20353,23527,109,1
dontcache,hit,8629,261,578,839,0,1
dontcache,miss,8630,2859,22728,25587,121,1
dontcache,hit,8630,258,557,815,0,1
dontcache,miss,8631,2974,22803,25777,127,1
dontcache,hit,8631,267,573,840,0,1
dontcache,miss,8632,4895,19694,24589,109,1
dontcache,hit,8632,269,557,826,0,1
dontcache,miss,8633,4415,19813,24228,109,1
dontcache,hit,8633,270,569,839,0,1
dontcache,miss,8634,3858,16991,20849,85,1
dontcache,hit,8634,260,823,1083,0,1
dontcache,miss,8635,2559,18603,21162,102,1
dontcache,hit,8635,260,567,827,0,1
dontcache,miss,8636,3122,18045,21167,93,1
dontcache,hit,8636,601,559,1160,0,1
dontcache,miss,8637,3483,18925,22408,105,1
dontcache,hit,8637,261,557,818,0,1
dontcache,miss,8638,2557,26518,29075,148,1
dontcache,hit,8638,261,543,804,0,1
dontcache,miss,8639,4465,19816,24281,105,1
dontcache,hit,8639,373,720,1093,0,1
dontcache,miss,8640,2569,17523,20092,96,1
dontcache,hit,8640,255,829,1084,0,1
dontcache,miss,8641,2958,16147,19105,85,1
dontcache,hit,8641,252,775,1027,0,1
dontcache,miss,8642,2522,16891,19413,93,1
dontcache,hit,8642,257,562,819,0,1
dontcache,miss,8643,2708,28174,30882,159,1
dontcache,hit,8643,256,1183,1439,0,1
dontcache,miss,8644,3008,22441,25449,122,1
dontcache,hit,8644,258,566,824,0,1
dontcache,miss,8645,2954,16224,19178,86,1
dontcache,hit,8645,258,563,821,0,1
dontcache,miss,8646,2588,15582,18170,84,1
dontcache,hit,8646,258,626,884,0,1
dontcache,miss,8647,3671,32557,36228,179,1
dontcache,hit,8647,255,707,962,0,1
dontcache,miss,8648,3410,13493,16903,73,1
dontcache,hit,8648,255,563,818,0,1
dontcache,miss,8649,2400,11376,13776,60,1
dontcache,hit,8649,312,555,867,0,1
dontcache,miss,8650,2388,13432,15820,72,1
dontcache,hit,8650,257,544,801,0,1
dontcache,miss,8651,2601,17356,19957,92,1
dontcache,hit,8651,252,599,851,0,1
dontcache,miss,8652,2375,16298,18673,87,1
dontcache,hit,8652,257,555,812,0,1
dontcache,miss,8653,2995,21675,24670,119,1
dontcache,hit,8653,252,937,1189,0,1
dontcache,miss,8654,2984,17260,20244,90,1
dontcache,hit,8654,258,629,887,0,1
dontcache,miss,8655,3060,20992,24052,113,1
dontcache,hit,8655,253,553,806,0,1
dontcache,miss,8656,2508,20307,22815,111,1
dontcache,hit,8656,354,557,911,0,1
dontcache,miss,8657,2520,15134,17654,82,1
dontcache,hit,8657,264,554,818,0,1
dontcache,miss,8658,2524,19071,21595,104,1
dontcache,hit,8658,255,561,816,0,1
dontcache,miss,8659,2756,14823,17579,80,1
dontcache,hit,8659,259,559,818,0,1
dontcache,miss,8660,2355,18274,20629,99,1
dontcache,hit,8660,259,549,808,0,1
dontcache,miss,8661,3006,22297,25303,120,1
dontcache,hit,8661,298,694,992,0,1
dontcache,miss,8662,2330,18932,21262,105,1
dontcache,hit,8662,259,732,991,0,1
dontcache,miss,8663,3553,16694,20247,88,1
dontcache,hit,8663,257,579,836,0,1
dontcache,miss,8664,2485,16741,19226,92,1
dontcache,hit,8664,260,566,826,0,1
dontcache,miss,8665,2736,17510,20246,96,1
dontcache,hit,8665,255,570,825,0,1
dontcache,miss,8666,2669,18804,21473,104,1
dontcache,hit,8666,1723,564,2287,0,1
dontcache,miss,8667,3680,16535,20215,87,1
dontcache,hit,8667,264,572,836,0,1
dontcache,miss,8668,2875,18490,21365,63,1
dontcache,hit,8668,263,580,843,0,1
dontcache,miss,8669,2670,17736,20406,98,1
dontcache,hit,8669,259,553,812,0,1
dontcache,miss,8670,2571,14163,16734,76,1
dontcache,hit,8670,256,550,806,0,1
dontcache,miss,8671,4147,18283,22430,100,1
dontcache,hit,8671,253,548,801,0,1
dontcache,miss,8672,3964,15775,19739,86,1
dontcache,hit,8672,262,551,813,0,1
dontcache,miss,8673,2590,19561,22151,106,1
dontcache,hit,8673,259,551,810,0,1
dontcache,miss,8674,2493,17535,20028,96,1
dontcache,hit,8674,258,727,985,0,1
dontcache,miss,8675,2580,21311,23891,118,1
dontcache,hit,8675,255,547,802,0,1
dontcache,miss,8676,3099,13957,17056,74,1
dontcache,hit,8676,265,554,819,0,1
dontcache,miss,8677,3192,21928,25120,122,1
dontcache,hit,8677,260,556,816,0,1
dontcache,miss,8678,3240,13085,16325,70,1
dontcache,hit,8678,258,549,807,0,1
dontcache,miss,8679,2974,22998,25972,128,1
dontcache,hit,8679,261,557,818,0,1
dontcache,miss,8680,2689,18834,21523,104,1
dontcache,hit,8680,255,558,813,0,1
dontcache,miss,8681,2862,15139,18001,82,1
dontcache,hit,8681,255,540,795,0,1
dontcache,miss,8682,3421,13679,17100,74,1
dontcache,hit,8682,313,675,988,0,1
dontcache,miss,8683,2727,14180,16907,76,1
dontcache,hit,8683,272,713,985,0,1
dontcache,miss,8684,2515,15338,17853,82,1
dontcache,hit,8684,262,584,846,0,1
dontcache,miss,8685,2472,16322,18794,89,1
dontcache,hit,8685,265,807,1072,0,1
dontcache,miss,8686,2647,14165,16812,77,1
dontcache,hit,8686,393,1362,1755,0,1
dontcache,miss,8687,4143,17015,21158,91,1
dontcache,hit,8687,711,1592,2303,0,1
dontcache,miss,8688,2656,19491,22147,103,1
dontcache,hit,8688,552,701,1253,0,1
dontcache,miss,8689,2566,12058,14624,63,1
dontcache,hit,8689,260,574,834,0,1
dontcache,miss,8690,2791,15541,18332,84,1
dontcache,hit,8690,324,857,1181,0,1
dontcache,miss,8691,2687,15901,18588,86,1
dontcache,hit,8691,276,855,1131,0,1
dontcache,miss,8692,2383,14178,16561,76,1
dontcache,hit,8692,254,636,890,0,1
dontcache,miss,8693,2690,14709,17399,79,1
dontcache,hit,8693,335,623,958,0,1
dontcache,miss,8694,2373,13842,16215,71,1
dontcache,hit,8694,252,829,1081,0,1
dontcache,miss,8695,3455,15996,19451,79,1
dontcache,hit,8695,263,883,1146,0,1
dontcache,miss,8696,3872,18175,22047,97,1
dontcache,hit,8696,319,686,1005,0,1
dontcache,miss,8697,3128,14892,18020,80,1
dontcache,hit,8697,339,770,1109,0,1
dontcache,miss,8698,2682,12697,15379,65,1
dontcache,hit,8698,258,539,797,0,1
dontcache,miss,8699,2973,16682,19655,88,1
dontcache,hit,8699,256,1020,1276,0,1
dontcache,miss,8700,2507,15035,17542,81,1
dontcache,hit,8700,260,548,808,0,1
dontcache,miss,8701,2485,17378,19863,95,1
dontcache,hit,8701,253,552,805,0,1
dontcache,miss,8702,2403,14764,17167,80,1
dontcache,hit,8702,259,630,889,0,1
dontcache,miss,8703,2742,13701,16443,68,1
dontcache,hit,8703,258,3155,3413,0,1
dontcache,miss,8704,2473,11675,14148,62,1
dontcache,hit,8704,256,546,802,0,1
dontcache,miss,8705,2676,14441,17117,78,1
dontcache,hit,8705,254,540,794,0,1
dontcache,miss,8706,2690,13500,16190,71,1
dontcache,hit,8706,259,621,880,0,1
dontcache,miss,8707,2907,16090,18997,49,1
dontcache,hit,8707,260,681,941,0,1
dontcache,miss,8708,3048,14226,17274,74,1
dontcache,hit,8708,267,715,982,0,1
dontcache,miss,8709,2830,15126,17956,80,1
dontcache,hit,8709,253,819,1072,0,1
dontcache,miss,8710,2595,15336,17931,81,1
dontcache,hit,8710,255,692,947,0,1
dontcache,miss,8711,2609,12791,15400,68,1
dontcache,hit,8711,252,588,840,0,1
dontcache,miss,8712,3292,14146,17438,74,1
dontcache,hit,8712,256,555,811,0,1
dontcache,miss,8713,2591,13776,16367,73,1
dontcache,hit,8713,253,685,938,0,1
dontcache,miss,8714,2901,16249,19150,87,1
dontcache,hit,8714,258,691,949,0,1
dontcache,miss,8715,2702,14696,17398,78,1
dontcache,hit,8715,255,551,806,0,1
dontcache,miss,8716,2489,14291,16780,78,1
dontcache,hit,8716,342,703,1045,0,1
dontcache,miss,8717,2656,14825,17481,76,1
dontcache,hit,8717,318,628,946,0,1
dontcache,miss,8718,2647,14522,17169,77,1
dontcache,hit,8718,348,708,1056,0,1
dontcache,miss,8719,2885,14876,17761,77,1
dontcache,hit,8719,255,648,903,0,1
dontcache,miss,8720,2371,12908,15279,68,1
dontcache,hit,8720,314,722,1036,0,1
dontcache,miss,8721,3174,12203,15377,64,1
dontcache,hit,8721,250,690,940,0,1
dontcache,miss,8722,2721,13766,16487,74,1
dontcache,hit,8722,256,723,979,0,1
dontcache,miss,8723,3109,13913,17022,75,1
dontcache,hit,8723,253,922,1175,0,1
dontcache,miss,8724,2442,11657,14099,62,1
dontcache,hit,8724,256,541,797,0,1
dontcache,miss,8725,2529,11564,14093,59,1
dontcache,hit,8725,257,539,796,0,1
dontcache,miss,8726,2702,12219,14921,62,1
dontcache,hit,8726,256,609,865,0,1
dontcache,miss,8727,2632,11785,14417,40,1
dontcache,hit,8727,254,555,809,0,1
dontcache,miss,8728,3686,11058,14744,38,1
dontcache,hit,8728,262,712,974,0,1
dontcache,miss,8729,2500,10880,13380,57,1
dontcache,hit,8729,261,580,841,0,1
dontcache,miss,8730,2357,11180,13537,59,1
dontcache,hit,8730,260,568,828,0,1
dontcache,miss,8731,2505,11097,13602,58,1
dontcache,hit,8731,260,548,808,0,1
dontcache,miss,8732,2270,10890,13160,57,1
dontcache,hit,8732,262,549,811,0,1
dontcache,miss,8733,2580,10630,13210,56,1
dontcache,hit,8733,256,542,798,0,1
dontcache,miss,8734,2376,10479,12855,55,1
dontcache,hit,8734,256,559,815,0,1
dontcache,miss,8735,3000,11447,14447,59,1
dontcache,hit,8735,264,5539,5803,0,1
dontcache,miss,8736,2423,10985,13408,58,1
dontcache,hit,8736,269,625,894,0,1
dontcache,miss,8737,2500,11144,13644,59,1
dontcache,hit,8737,253,702,955,0,1
dontcache,miss,8738,2358,11028,13386,58,1
dontcache,hit,8738,257,572,829,0,1
dontcache,miss,8739,2540,10624,13164,56,1
dontcache,hit,8739,260,592,852,0,1
dontcache,miss,8740,2312,10806,13118,57,1
dontcache,hit,8740,259,558,817,0,1
dontcache,miss,8741,2549,11078,13627,58,1
dontcache,hit,8741,254,581,835,0,1
dontcache,miss,8742,2387,11272,13659,58,1
dontcache,hit,8742,265,575,840,0,1
dontcache,miss,8743,2566,10729,13295,56,1
dontcache,hit,8743,251,630,881,0,1
dontcache,miss,8744,2341,10630,12971,56,1
dontcache,hit,8744,256,578,834,0,1
dontcache,miss,8745,2488,10838,13326,57,1
dontcache,hit,8745,255,572,827,0,1
dontcache,miss,8746,2386,10781,13167,57,1
dontcache,hit,8746,261,703,964,0,1
dontcache,miss,8747,2495,10487,12982,55,1
dontcache,hit,8747,261,574,835,0,1
dontcache,miss,8748,2377,10961,13338,58,1
dontcache,hit,8748,261,554,815,0,1
dontcache,miss,8749,2529,10549,13078,55,1
dontcache,hit,8749,259,569,828,0,1
dontcache,miss,8750,2389,10634,13023,56,1
dontcache,hit,8750,265,552,817,0,1
dontcache,miss,8751,2525,9304,11829,48,1
dontcache,hit,8751,261,550,811,0,1
dontcache,miss,8752,2369,8915,11284,46,1
dontcache,hit,8752,264,553,817,0,1
dontcache,miss,8753,2538,10863,13401,57,1
dontcache,hit,8753,254,560,814,0,1
dontcache,miss,8754,2410,10815,13225,57,1
dontcache,hit,8754,260,556,816,0,1
dontcache,miss,8755,2503,10648,13151,56,1
dontcache,hit,8755,254,561,815,0,1
dontcache,miss,8756,2367,10488,12855,55,1
dontcache,hit,8756,261,563,824,0,1
dontcache,miss,8757,2521,10471,12992,55,1
dontcache,hit,8757,253,561,814,0,1
dontcache,miss,8758,2357,10626,12983,56,1
dontcache,hit,8758,257,560,817,0,1
dontcache,miss,8759,2568,9334,11902,48,1
dontcache,hit,8759,258,554,812,0,1
dontcache,miss,8760,2366,9333,11699,48,1
dontcache,hit,8760,259,538,797,0,1
dontcache,miss,8761,2521,10534,13055,55,1
dontcache,hit,8761,261,564,825,0,1
dontcache,miss,8762,2356,10949,13305,58,1
dontcache,hit,8762,260,540,800,0,1
dontcache,miss,8763,2549,9340,11889,48,1
dontcache,hit,8763,252,560,812,0,1
dontcache,miss,8764,2463,9289,11752,48,1
dontcache,hit,8764,257,548,805,0,1
dontcache,miss,8765,2484,10991,13475,58,1
dontcache,hit,8765,256,548,804,0,1
dontcache,miss,8766,2348,10459,12807,55,1
dontcache,hit,8766,256,557,813,0,1
dontcache,miss,8767,2490,10715,13205,56,1
dontcache,hit,8767,261,544,805,0,1
dontcache,miss,8768,2365,15570,17935,56,1
dontcache,hit,8768,286,682,968,0,1
dontcache,miss,8769,2509,10742,13251,56,1
dontcache,hit,8769,258,593,851,0,1
dontcache,miss,8770,2321,11325,13646,60,1
dontcache,hit,8770,258,589,847,0,1
dontcache,miss,8771,2531,10218,12749,53,1
dontcache,hit,8771,255,571,826,0,1
dontcache,miss,8772,2338,10652,12990,56,1
dontcache,hit,8772,257,574,831,0,1
dontcache,miss,8773,2510,10988,13498,58,1
dontcache,hit,8773,255,582,837,0,1
dontcache,miss,8774,2322,10591,12913,56,1
dontcache,hit,8774,262,570,832,0,1
dontcache,miss,8775,2519,11209,13728,59,1
dontcache,hit,8775,256,576,832,0,1
dontcache,miss,8776,2276,10826,13102,57,1
dontcache,hit,8776,254,573,827,0,1
dontcache,miss,8777,2514,10697,13211,56,1
dontcache,hit,8777,259,579,838,0,1
dontcache,miss,8778,2324,10453,12777,55,1
dontcache,hit,8778,262,574,836,0,1
dontcache,miss,8779,2541,14422,16963,56,1
dontcache,hit,8779,258,578,836,0,1
dontcache,miss,8780,2574,10648,13222,55,1
dontcache,hit,8780,254,594,848,0,1
dontcache,miss,8781,2480,10859,13339,57,1
dontcache,hit,8781,255,553,808,0,1
dontcache,miss,8782,2332,10589,12921,56,1
dontcache,hit,8782,271,553,824,0,1
dontcache,miss,8783,2537,10672,13209,56,1
dontcache,hit,8783,255,550,805,0,1
dontcache,miss,8784,2301,11015,13316,58,1
dontcache,hit,8784,265,551,816,0,1
dontcache,miss,8785,2489,10892,13381,57,1
dontcache,hit,8785,258,555,813,0,1
dontcache,miss,8786,2341,10555,12896,56,1
dontcache,hit,8786,286,654,940,0,1
dontcache,miss,8787,2633,10819,13452,54,1
dontcache,hit,8787,280,622,902,0,1
dontcache,miss,8788,2362,10944,13306,55,1
dontcache,hit,8788,269,608,877,0,1
dontcache,miss,8789,2595,11263,13858,56,1
dontcache,hit,8789,266,581,847,0,1
dontcache,miss,8790,2408,10891,13299,54,1
dontcache,hit,8790,271,616,887,0,1
dontcache,miss,8791,2573,11194,13767,56,1
dontcache,hit,8791,291,568,859,0,1
dontcache,miss,8792,2346,10656,13002,54,1
dontcache,hit,8792,265,592,857,0,1
dontcache,miss,8793,2509,10751,13260,54,1
dontcache,hit,8793,267,582,849,0,1
dontcache,miss,8794,2268,10694,12962,56,1
dontcache,hit,8794,258,549,807,0,1
dontcache,miss,8795,2505,10822,13327,57,1
dontcache,hit,8795,258,601,859,0,1
dontcache,miss,8796,2284,10623,12907,55,1
dontcache,hit,8796,257,548,805,0,1
dontcache,miss,8797,2492,10679,13171,56,1
dontcache,hit,8797,254,549,803,0,1
dontcache,miss,8798,2331,11077,13408,58,1
dontcache,hit,8798,256,606,862,0,1
dontcache,miss,8799,2496,10511,13007,55,1
dontcache,hit,8799,252,561,813,0,1
dontcache,miss,8800,2289,10706,12995,56,1
dontcache,hit,8800,308,680,988,0,1
dontcache,miss,8801,2518,10880,13398,57,1
dontcache,hit,8801,265,564,829,0,1
dontcache,miss,8802,2294,10870,13164,57,1
dontcache,hit,8802,262,558,820,0,1
dontcache,miss,8803,2486,10861,13347,57,1
dontcache,hit,8803,257,568,825,0,1
dontcache,miss,8804,2319,10681,13000,56,1
dontcache,hit,8804,260,555,815,0,1
dontcache,miss,8805,2540,10603,13143,55,1
dontcache,hit,8805,263,558,821,0,1
dontcache,miss,8806,2319,10943,13262,50,1
dontcache,hit,8806,261,1471,1732,0,1
dontcache,miss,8807,2513,10728,13241,56,1
dontcache,hit,8807,276,569,845,0,1
dontcache,miss,8808,2283,10808,13091,57,1
dontcache,hit,8808,256,564,820,0,1
dontcache,miss,8809,2518,10556,13074,55,1
dontcache,hit,8809,261,568,829,0,1
dontcache,miss,8810,2346,10919,13265,57,1
dontcache,hit,8810,258,563,821,0,1
dontcache,miss,8811,2516,10821,13337,57,1
dontcache,hit,8811,259,564,823,0,1
dontcache,miss,8812,2351,14417,16768,57,1
dontcache,hit,8812,269,594,863,0,1
dontcache,miss,8813,2495,10661,13156,56,1
dontcache,hit,8813,264,567,831,0,1
dontcache,miss,8814,2331,10827,13158,57,1
dontcache,hit,8814,320,555,875,0,1
dontcache,miss,8815,2500,10538,13038,55,1
dontcache,hit,8815,260,547,807,0,1
dontcache,miss,8816,2310,10809,13119,57,1
dontcache,hit,8816,262,539,801,0,1
dontcache,miss,8817,2496,10705,13201,56,1
dontcache,hit,8817,261,546,807,0,1
dontcache,miss,8818,2304,10637,12941,55,1
dontcache,hit,8818,262,542,804,0,1
dontcache,miss,8819,2441,10766,13207,56,1
dontcache,hit,8819,261,544,805,0,1
dontcache,miss,8820,2309,10670,12979,56,1
dontcache,hit,8820,266,545,811,0,1
dontcache,miss,8821,2472,10552,13024,55,1
dontcache,hit,8821,263,556,819,0,1
dontcache,miss,8822,2289,10454,12743,55,1
dontcache,hit,8822,261,569,830,0,1
dontcache,miss,8823,2500,10723,13223,56,1
dontcache,hit,8823,259,561,820,0,1
dontcache,miss,8824,2288,10540,12828,55,1
dontcache,hit,8824,262,552,814,0,1
dontcache,miss,8825,2469,10700,13169,56,1
dontcache,hit,8825,270,557,827,0,1
dontcache,miss,8826,2275,10666,12941,56,1
dontcache,hit,8826,261,550,811,0,1
dontcache,miss,8827,2520,10506,13026,55,1
dontcache,hit,8827,257,556,813,0,1
dontcache,miss,8828,2277,10834,13111,57,1
dontcache,hit,8828,259,558,817,0,1
dontcache,miss,8829,2464,10520,12984,55,1
dontcache,hit,8829,266,570,836,0,1
dontcache,miss,8830,2334,10518,12852,55,1
dontcache,hit,8830,258,552,810,0,1
dontcache,miss,8831,2520,9335,11855,48,1
dontcache,hit,8831,261,556,817,0,1
dontcache,miss,8832,2292,9372,11664,48,1
dontcache,hit,8832,265,556,821,0,1
dontcache,miss,8833,2498,13056,15554,44,1
dontcache,hit,8833,263,549,812,0,1
dontcache,miss,8834,2652,11150,13802,59,1
dontcache,hit,8834,274,609,883,0,1
dontcache,miss,8835,2522,10515,13037,55,1
dontcache,hit,8835,263,568,831,0,1
dontcache,miss,8836,2250,10842,13092,57,1
dontcache,hit,8836,262,566,828,0,1
dontcache,miss,8837,2486,10538,13024,55,1
dontcache,hit,8837,272,564,836,0,1
dontcache,miss,8838,2291,10691,12982,56,1
dontcache,hit,8838,261,559,820,0,1
dontcache,miss,8839,2481,10790,13271,57,1
dontcache,hit,8839,257,564,821,0,1
dontcache,miss,8840,2343,10519,12862,55,1
dontcache,hit,8840,263,564,827,0,1
dontcache,miss,8841,2526,10286,12812,54,1
dontcache,hit,8841,263,554,817,0,1
dontcache,miss,8842,2362,10686,13048,56,1
dontcache,hit,8842,261,555,816,0,1
dontcache,miss,8843,2504,10500,13004,55,1
dontcache,hit,8843,264,562,826,0,1
dontcache,miss,8844,2329,10492,12821,55,1
dontcache,hit,8844,259,564,823,0,1
dontcache,miss,8845,6748,6349,13097,30,1
dontcache,hit,8845,260,563,823,0,1
dontcache,miss,8846,2428,10518,12946,55,1
dontcache,hit,8846,256,589,845,0,1
dontcache,miss,8847,2537,10706,13243,56,1
dontcache,hit,8847,256,545,801,0,1
dontcache,miss,8848,2310,11107,13417,39,1
dontcache,hit,8848,331,877,1208,0,1
dontcache,miss,8849,2596,10698,13294,56,1
dontcache,hit,8849,271,608,879,0,1
dontcache,miss,8850,2334,10684,13018,56,1
dontcache,hit,8850,254,566,820,0,1
dontcache,miss,8851,2537,10744,13281,56,1
dontcache,hit,8851,258,554,812,0,1
dontcache,miss,8852,2362,10452,12814,55,1
dontcache,hit,8852,260,557,817,0,1
dontcache,miss,8853,2515,10521,13036,55,1
dontcache,hit,8853,261,550,811,0,1
dontcache,miss,8854,2365,10459,12824,55,1
dontcache,hit,8854,255,552,807,0,1
dontcache,miss,8855,2525,9307,11832,48,1
dontcache,hit,8855,258,572,830,0,1
dontcache,miss,8856,2366,9320,11686,48,1
dontcache,hit,8856,257,548,805,0,1
dontcache,miss,8857,2537,10682,13219,56,1
dontcache,hit,8857,259,550,809,0,1
dontcache,miss,8858,2344,10709,13053,56,1
dontcache,hit,8858,257,544,801,0,1
dontcache,miss,8859,2540,10540,13080,55,1
dontcache,hit,8859,259,563,822,0,1
dontcache,miss,8860,2349,10519,12868,55,1
dontcache,hit,8860,256,548,804,0,1
dontcache,miss,8861,2478,10448,12926,55,1
dontcache,hit,8861,258,552,810,0,1
dontcache,miss,8862,2387,10700,13087,56,1
dontcache,hit,8862,256,537,793,0,1
dontcache,miss,8863,2527,10685,13212,56,1
dontcache,hit,8863,257,544,801,0,1
dontcache,miss,8864,2359,10695,13054,56,1
dontcache,hit,8864,254,548,802,0,1
dontcache,miss,8865,2512,10524,13036,55,1
dontcache,hit,8865,256,540,796,0,1
dontcache,miss,8866,2378,10604,12982,56,1
dontcache,hit,8866,258,643,901,0,1
dontcache,miss,8867,2537,10856,13393,57,1
dontcache,hit,8867,257,575,832,0,1
dontcache,miss,8868,2390,10845,13235,57,1
dontcache,hit,8868,261,579,840,0,1
dontcache,miss,8869,2497,10782,13279,56,1
dontcache,hit,8869,252,571,823,0,1
dontcache,miss,8870,2316,10662,12978,56,1
dontcache,hit,8870,256,577,833,0,1
dontcache,miss,8871,2551,10666,13217,56,1
dontcache,hit,8871,254,564,818,0,1
dontcache,miss,8872,2412,10592,13004,56,1
dontcache,hit,8872,257,568,825,0,1
dontcache,miss,8873,2521,10803,13324,56,1
dontcache,hit,8873,255,564,819,0,1
dontcache,miss,8874,2358,10519,12877,55,1
dontcache,hit,8874,258,558,816,0,1
dontcache,miss,8875,2545,10627,13172,56,1
dontcache,hit,8875,258,561,819,0,1
dontcache,miss,8876,2370,10678,13048,56,1
dontcache,hit,8876,256,566,822,0,1
dontcache,miss,8877,2542,10633,13175,56,1
dontcache,hit,8877,253,573,826,0,1
dontcache,miss,8878,2386,10703,13089,56,1
dontcache,hit,8878,284,711,995,0,1
dontcache,miss,8879,2567,10683,13250,56,1
dontcache,hit,8879,252,632,884,0,1
dontcache,miss,8880,2318,10599,12917,56,1
dontcache,hit,8880,258,569,827,0,1
dontcache,miss,8881,2524,10508,13032,55,1
dontcache,hit,8881,262,547,809,0,1
dontcache,miss,8882,2297,10727,13024,56,1
dontcache,hit,8882,258,555,813,0,1
dontcache,miss,8883,2509,10653,13162,56,1
dontcache,hit,8883,255,537,792,0,1
dontcache,miss,8884,2290,10440,12730,55,1
dontcache,hit,8884,256,545,801,0,1
dontcache,miss,8885,2464,10704,13168,56,1
dontcache,hit,8885,254,547,801,0,1
dontcache,miss,8886,2306,10560,12866,56,1
dontcache,hit,8886,254,543,797,0,1
dontcache,miss,8887,2530,10535,13065,55,1
dontcache,hit,8887,255,543,798,0,1
dontcache,miss,8888,2285,10565,12850,56,1
dontcache,hit,8888,256,564,820,0,1
dontcache,miss,8889,2518,10477,12995,55,1
dontcache,hit,8889,254,550,804,0,1
dontcache,miss,8890,2285,10597,12882,56,1
dontcache,hit,8890,256,555,811,0,1
dontcache,miss,8891,2496,10724,13220,56,1
dontcache,hit,8891,253,544,797,0,1
dontcache,miss,8892,2315,10637,12952,56,1
dontcache,hit,8892,259,560,819,0,1
dontcache,miss,8893,2518,10749,13267,56,1
dontcache,hit,8893,256,549,805,0,1
dontcache,miss,8894,2326,10895,13221,57,1
dontcache,hit,8894,258,549,807,0,1
dontcache,miss,8895,2514,10654,13168,56,1
dontcache,hit,8895,259,555,814,0,1
dontcache,miss,8896,2332,10537,12869,55,1
dontcache,hit,8896,258,552,810,0,1
dontcache,miss,8897,2516,10595,13111,56,1
dontcache,hit,8897,255,558,813,0,1
dontcache,miss,8898,2316,10498,12814,55,1
dontcache,hit,8898,261,548,809,0,1
dontcache,miss,8899,2526,13962,16488,57,1
dontcache,hit,8899,256,563,819,0,1
dontcache,miss,8900,2399,11359,13758,60,1
dontcache,hit,8900,257,595,852,0,1
dontcache,miss,8901,2500,10695,13195,56,1
dontcache,hit,8901,262,580,842,0,1
dontcache,miss,8902,2336,9626,11962,50,1
dontcache,hit,8902,257,572,829,0,1
dontcache,miss,8903,2493,10533,13026,55,1
dontcache,hit,8903,256,562,818,0,1
dontcache,miss,8904,2327,10471,12798,55,1
dontcache,hit,8904,259,564,823,0,1
dontcache,miss,8905,2491,10175,12666,53,1
dontcache,hit,8905,256,565,821,0,1
dontcache,miss,8906,2376,10692,13068,56,1
dontcache,hit,8906,258,565,823,0,1
dontcache,miss,8907,2497,10690,13187,56,1
dontcache,hit,8907,252,565,817,0,1
dontcache,miss,8908,2351,10511,12862,48,1
dontcache,hit,8908,263,1469,1732,0,1
dontcache,miss,8909,2461,10532,12993,55,1
dontcache,hit,8909,256,561,817,0,1
dontcache,miss,8910,2316,10467,12783,55,1
dontcache,hit,8910,259,570,829,0,1
dontcache,miss,8911,2597,10225,12822,22,1
dontcache,hit,8911,253,578,831,0,1
dontcache,miss,8912,2475,10677,13152,56,1
dontcache,hit,8912,270,587,857,0,1
dontcache,miss,8913,2522,10669,13191,56,1
dontcache,hit,8913,257,580,837,0,1
dontcache,miss,8914,2339,10483,12822,55,1
dontcache,hit,8914,262,557,819,0,1
dontcache,miss,8915,2531,9126,11657,47,1
dontcache,hit,8915,256,551,807,0,1
dontcache,miss,8916,2362,9282,11644,48,1
dontcache,hit,8916,263,563,826,0,1
dontcache,miss,8917,2465,10478,12943,55,1
dontcache,hit,8917,258,548,806,0,1
dontcache,miss,8918,2285,10601,12886,56,1
dontcache,hit,8918,259,549,808,0,1
dontcache,miss,8919,2508,10787,13295,56,1
dontcache,hit,8919,257,543,800,0,1
dontcache,miss,8920,2337,10556,12893,55,1
dontcache,hit,8920,257,555,812,0,1
dontcache,miss,8921,2518,10682,13200,56,1
dontcache,hit,8921,253,561,814,0,1
dontcache,miss,8922,2351,10614,12965,56,1
dontcache,hit,8922,259,556,815,0,1
dontcache,miss,8923,2487,10509,12996,55,1
dontcache,hit,8923,255,556,811,0,1
dontcache,miss,8924,2347,10463,12810,55,1
dontcache,hit,8924,258,553,811,0,1
dontcache,miss,8925,2570,9327,11897,48,1
dontcache,hit,8925,255,538,793,0,1
dontcache,miss,8926,2375,9296,11671,48,1
dontcache,hit,8926,255,557,812,0,1
dontcache,miss,8927,2527,10654,13181,56,1
dontcache,hit,8927,254,543,797,0,1
dontcache,miss,8928,2392,10611,13003,56,1
dontcache,hit,8928,257,566,823,0,1
dontcache,miss,8929,2545,10694,13239,56,1
dontcache,hit,8929,257,556,813,0,1
dontcache,miss,8930,2352,10449,12801,55,1
dontcache,hit,8930,257,547,804,0,1
dontcache,miss,8931,2465,10561,13026,55,1
dontcache,hit,8931,262,569,831,0,1
dontcache,miss,8932,2289,10434,12723,55,1
dontcache,hit,8932,259,558,817,0,1
dontcache,miss,8933,2912,10898,13810,57,1
dontcache,hit,8933,273,643,916,0,1
dontcache,miss,8934,2368,10997,13365,58,1
dontcache,hit,8934,261,572,833,0,1
dontcache,miss,8935,2541,10690,13231,56,1
dontcache,hit,8935,258,567,825,0,1
dontcache,miss,8936,2386,10522,12908,55,1
dontcache,hit,8936,261,572,833,0,1
dontcache,miss,8937,2508,10532,13040,55,1
dontcache,hit,8937,260,573,833,0,1
dontcache,miss,8938,2361,10599,12960,55,1
dontcache,hit,8938,262,566,828,0,1
dontcache,miss,8939,2500,10548,13048,55,1
dontcache,hit,8939,259,568,827,0,1
dontcache,miss,8940,2364,10726,13090,56,1
dontcache,hit,8940,261,565,826,0,1
dontcache,miss,8941,2517,10681,13198,56,1
dontcache,hit,8941,259,564,823,0,1
dontcache,miss,8942,2395,10641,13036,56,1
dontcache,hit,8942,262,566,828,0,1
dontcache,miss,8943,2499,10575,13074,55,1
dontcache,hit,8943,263,565,828,0,1
dontcache,miss,8944,2331,10654,12985,56,1
dontcache,hit,8944,259,562,821,0,1
dontcache,miss,8945,2709,10568,13277,55,1
dontcache,hit,8945,281,633,914,0,1
dontcache,miss,8946,2411,10630,13041,56,1
dontcache,hit,8946,261,562,823,0,1
dontcache,miss,8947,2532,10453,12985,55,1
dontcache,hit,8947,255,552,807,0,1
dontcache,miss,8948,2305,10735,13040,56,1
dontcache,hit,8948,256,558,814,0,1
dontcache,miss,8949,2521,10498,13019,55,1
dontcache,hit,8949,255,553,808,0,1
dontcache,miss,8950,2326,10466,12792,55,1
dontcache,hit,8950,255,570,825,0,1
dontcache,miss,8951,2530,9318,11848,48,1
dontcache,hit,8951,257,550,807,0,1
dontcache,miss,8952,2350,9327,11677,48,1
dontcache,hit,8952,261,557,818,0,1
dontcache,miss,8953,2517,10533,13050,55,1
dontcache,hit,8953,255,551,806,0,1
dontcache,miss,8954,2331,10627,12958,56,1
dontcache,hit,8954,258,555,813,0,1
dontcache,miss,8955,2472,10520,12992,55,1
dontcache,hit,8955,252,548,800,0,1
dontcache,miss,8956,2323,13267,15590,71,1
dontcache,hit,8956,257,618,875,0,1
dontcache,miss,8957,2465,11039,13504,58,1
dontcache,hit,8957,254,538,792,0,1
dontcache,miss,8958,2314,10054,12368,52,1
dontcache,hit,8958,257,552,809,0,1
dontcache,miss,8959,2508,10175,12683,53,1
dontcache,hit,8959,255,548,803,0,1
dontcache,miss,8960,2316,10719,13035,56,1
dontcache,hit,8960,259,557,816,0,1
dontcache,miss,8961,2530,10562,13092,55,1
dontcache,hit,8961,258,552,810,0,1
dontcache,miss,8962,2397,10638,13035,56,1
dontcache,hit,8962,256,546,802,0,1
dontcache,miss,8963,2483,10463,12946,55,1
dontcache,hit,8963,257,547,804,0,1
dontcache,miss,8964,2337,10655,12992,56,1
dontcache,hit,8964,259,559,818,0,1
dontcache,miss,8965,2494,10701,13195,56,1
dontcache,hit,8965,253,621,874,0,1
dontcache,miss,8966,2328,13560,15888,56,1
dontcache,hit,8966,264,605,869,0,1
dontcache,miss,8967,2581,10674,13255,56,1
dontcache,hit,8967,260,588,848,0,1
dontcache,miss,8968,2343,10968,13311,58,1
dontcache,hit,8968,259,571,830,0,1
dontcache,miss,8969,2493,10570,13063,55,1
dontcache,hit,8969,261,565,826,0,1
dontcache,miss,8970,2273,10419,12692,55,1
dontcache,hit,8970,261,559,820,0,1
dontcache,miss,8971,2553,10722,13275,56,1
dontcache,hit,8971,259,572,831,0,1
dontcache,miss,8972,2345,10630,12975,56,1
dontcache,hit,8972,261,566,827,0,1
dontcache,miss,8973,2487,10901,13388,57,1
dontcache,hit,8973,260,559,819,0,1
dontcache,miss,8974,2371,10432,12803,55,1
dontcache,hit,8974,262,569,831,0,1
dontcache,miss,8975,2493,10690,13183,56,1
dontcache,hit,8975,259,571,830,0,1
dontcache,miss,8976,2348,10467,12815,55,1
dontcache,hit,8976,260,573,833,0,1
dontcache,miss,8977,2506,10709,13215,56,1
dontcache,hit,8977,277,579,856,0,1
dontcache,miss,8978,2313,11407,13720,26,1
dontcache,hit,8978,272,593,865,0,1
dontcache,miss,8979,2496,10476,12972,55,1
dontcache,hit,8979,266,572,838,0,1
dontcache,miss,8980,2347,10686,13033,56,1
dontcache,hit,8980,255,565,820,0,1
dontcache,miss,8981,2509,10427,12936,55,1
dontcache,hit,8981,252,561,813,0,1
dontcache,miss,8982,2349,10712,13061,56,1
dontcache,hit,8982,255,545,800,0,1
dontcache,miss,8983,2492,10550,13042,55,1
dontcache,hit,8983,253,540,793,0,1
dontcache,miss,8984,2370,10465,12835,55,1
dontcache,hit,8984,253,544,797,0,1
dontcache,miss,8985,2552,10523,13075,55,1
dontcache,hit,8985,255,545,800,0,1
dontcache,miss,8986,2344,10458,12802,55,1
dontcache,hit,8986,255,545,800,0,1
dontcache,miss,8987,2525,10609,13134,55,1
dontcache,hit,8987,254,540,794,0,1
dontcache,miss,8988,2371,10621,12992,56,1
dontcache,hit,8988,259,546,805,0,1
dontcache,miss,8989,2483,10686,13169,56,1
dontcache,hit,8989,255,546,801,0,1
dontcache,miss,8990,2374,10647,13021,56,1
dontcache,hit,8990,254,540,794,0,1
dontcache,miss,8991,2540,10758,13298,56,1
dontcache,hit,8991,251,544,795,0,1
dontcache,miss,8992,2352,10681,13033,56,1
dontcache,hit,8992,254,552,806,0,1
dontcache,miss,8993,2505,10519,13024,55,1
dontcache,hit,8993,252,545,797,0,1
dontcache,miss,8994,2405,10670,13075,56,1
dontcache,hit,8994,255,548,803,0,1
dontcache,miss,8995,2528,10484,13012,55,1
dontcache,hit,8995,253,553,806,0,1
dontcache,miss,8996,2338,10452,12790,55,1
dontcache,hit,8996,256,566,822,0,1
dontcache,miss,8997,2537,9210,11747,47,1
dontcache,hit,8997,254,556,810,0,1
dontcache,miss,8998,2338,9129,11467,47,1
dontcache,hit,8998,256,542,798,0,1
dontcache,miss,8999,2513,12792,15305,48,1
dontcache,hit,8999,253,559,812,0,1
dontcache,miss,9000,2464,10676,13140,56,1
dontcache,hit,9000,269,582,851,0,1
dontcache,miss,9001,2518,10749,13267,56,1
dontcache,hit,9001,254,572,826,0,1
dontcache,miss,9002,2277,10753,13030,56,1
dontcache,hit,9002,261,565,826,0,1
dontcache,miss,9003,2519,10730,13249,56,1
dontcache,hit,9003,256,567,823,0,1
dontcache,miss,9004,2310,10707,13017,56,1
dontcache,hit,9004,256,561,817,0,1
dontcache,miss,9005,2471,10529,13000,55,1
dontcache,hit,9005,254,564,818,0,1
dontcache,miss,9006,2373,10690,13063,56,1
dontcache,hit,9006,259,549,808,0,1
dontcache,miss,9007,2544,10523,13067,55,1
dontcache,hit,9007,267,563,830,0,1
dontcache,miss,9008,2308,10549,12857,55,1
dontcache,hit,9008,259,557,816,0,1
dontcache,miss,9009,2482,10681,13163,56,1
dontcache,hit,9009,258,578,836,0,1
dontcache,miss,9010,2318,10458,12776,55,1
dontcache,hit,9010,258,569,827,0,1
dontcache,miss,9011,2687,10497,13184,55,1
dontcache,hit,9011,265,703,968,0,1
dontcache,miss,9012,2266,10648,12914,56,1
dontcache,hit,9012,262,579,841,0,1
dontcache,miss,9013,2522,10757,13279,56,1
dontcache,hit,9013,255,578,833,0,1
dontcache,miss,9014,2335,10497,12832,55,1
dontcache,hit,9014,256,567,823,0,1
dontcache,miss,9015,2491,10504,12995,55,1
dontcache,hit,9015,252,560,812,0,1
dontcache,miss,9016,2316,10534,12850,55,1
dontcache,hit,9016,257,560,817,0,1
dontcache,miss,9017,2528,9163,11691,47,1
dontcache,hit,9017,257,557,814,0,1
dontcache,miss,9018,2288,9302,11590,48,1
dontcache,hit,9018,254,555,809,0,1
dontcache,miss,9019,2473,10753,13226,56,1
dontcache,hit,9019,254,561,815,0,1
dontcache,miss,9020,2343,10363,12706,54,1
dontcache,hit,9020,256,564,820,0,1
dontcache,miss,9021,2563,10055,12618,52,1
dontcache,hit,9021,257,572,829,0,1
dontcache,miss,9022,2327,10475,12802,55,1
dontcache,hit,9022,258,573,831,0,1
dontcache,miss,9023,2492,10576,13068,55,1
dontcache,hit,9023,257,564,821,0,1
dontcache,miss,9024,2342,10507,12849,55,1
dontcache,hit,9024,259,565,824,0,1
dontcache,miss,9025,2512,10728,13240,56,1
dontcache,hit,9025,254,568,822,0,1
dontcache,miss,9026,2324,10500,12824,55,1
dontcache,hit,9026,257,565,822,0,1
dontcache,miss,9027,2516,9815,12331,51,1
dontcache,hit,9027,259,569,828,0,1
dontcache,miss,9028,2307,10533,12840,55,1
dontcache,hit,9028,307,566,873,0,1
dontcache,miss,9029,2500,9837,12337,51,1
dontcache,hit,9029,255,567,822,0,1
dontcache,miss,9030,2332,9150,11482,47,1
dontcache,hit,9030,256,568,824,0,1
dontcache,miss,9031,2520,10532,13052,55,1
dontcache,hit,9031,255,574,829,0,1
dontcache,miss,9032,2321,10490,12811,55,1
dontcache,hit,9032,256,560,816,0,1
dontcache,miss,9033,2668,10072,12740,52,1
dontcache,hit,9033,280,654,934,0,1
dontcache,miss,9034,2314,10530,12844,55,1
dontcache,hit,9034,259,572,831,0,1
dontcache,miss,9035,2547,10526,13073,55,1
dontcache,hit,9035,253,579,832,0,1
dontcache,miss,9036,2292,10509,12801,55,1
dontcache,hit,9036,257,582,839,0,1
dontcache,miss,9037,2544,10926,13470,57,1
dontcache,hit,9037,253,585,838,0,1
dontcache,miss,9038,2378,10565,12943,55,1
dontcache,hit,9038,257,572,829,0,1
dontcache,miss,9039,2501,10523,13024,55,1
dontcache,hit,9039,253,592,845,0,1
dontcache,miss,9040,2377,10665,13042,56,1
dontcache,hit,9040,261,574,835,0,1
dontcache,miss,9041,2496,10515,13011,55,1
dontcache,hit,9041,256,578,834,0,1
dontcache,miss,9042,2324,10497,12821,55,1
dontcache,hit,9042,258,573,831,0,1
dontcache,miss,9043,2531,10515,13046,55,1
dontcache,hit,9043,257,586,843,0,1
dontcache,miss,9044,2325,10540,12865,55,1
dontcache,hit,9044,3536,665,4201,0,1
dontcache,miss,9045,2478,10711,13189,56,1
dontcache,hit,9045,265,588,853,0,1
dontcache,miss,9046,2321,10681,13002,56,1
dontcache,hit,9046,257,558,815,0,1
dontcache,miss,9047,2518,10544,13062,55,1
dontcache,hit,9047,253,571,824,0,1
dontcache,miss,9048,2374,10612,12986,56,1
dontcache,hit,9048,259,554,813,0,1
dontcache,miss,9049,2539,9850,12389,51,1
dontcache,hit,9049,253,565,818,0,1
dontcache,miss,9050,2352,10496,12848,55,1
dontcache,hit,9050,254,551,805,0,1
dontcache,miss,9051,2515,10518,13033,55,1
dontcache,hit,9051,253,554,807,0,1
dontcache,miss,9052,2326,10706,13032,56,1
dontcache,hit,9052,257,560,817,0,1
dontcache,miss,9053,2530,10588,13118,55,1
dontcache,hit,9053,253,558,811,0,1
dontcache,miss,9054,2344,10645,12989,56,1
dontcache,hit,9054,257,558,815,0,1
dontcache,miss,9055,2526,10520,13046,55,1
dontcache,hit,9055,255,558,813,0,1
dontcache,miss,9056,2358,10681,13039,56,1
dontcache,hit,9056,256,561,817,0,1
dontcache,miss,9057,2556,10720,13276,56,1
dontcache,hit,9057,256,560,816,0,1
dontcache,miss,9058,2370,10622,12992,55,1
dontcache,hit,9058,259,553,812,0,1
dontcache,miss,9059,2472,10566,13038,55,1
dontcache,hit,9059,254,639,893,0,1
dontcache,miss,9060,2356,10519,12875,55,1
dontcache,hit,9060,254,553,807,0,1
dontcache,miss,9061,2628,10504,13132,55,1
dontcache,hit,9061,252,556,808,0,1
dontcache,miss,9062,2366,10697,13063,56,1
dontcache,hit,9062,255,554,809,0,1
dontcache,miss,9063,2551,10650,13201,55,1
dontcache,hit,9063,255,564,819,0,1
dontcache,miss,9064,2371,10339,12710,54,1
dontcache,hit,9064,256,556,812,0,1
dontcache,miss,9065,2531,9325,11856,48,1
dontcache,hit,9065,254,568,822,0,1
dontcache,miss,9066,2379,10991,13370,39,1
dontcache,hit,9066,278,587,865,0,1
dontcache,miss,9067,2490,10680,13170,56,1
dontcache,hit,9067,267,578,845,0,1
dontcache,miss,9068,2359,10522,12881,55,1
dontcache,hit,9068,258,579,837,0,1
dontcache,miss,9069,2489,10688,13177,56,1
dontcache,hit,9069,258,573,831,0,1
dontcache,miss,9070,2364,10507,12871,55,1
dontcache,hit,9070,260,573,833,0,1
dontcache,miss,9071,2508,10550,13058,55,1
dontcache,hit,9071,258,571,829,0,1
dontcache,miss,9072,2273,10541,12814,55,1
dontcache,hit,9072,256,568,824,0,1
dontcache,miss,9073,2473,10540,13013,55,1
dontcache,hit,9073,252,577,829,0,1
dontcache,miss,9074,2336,10562,12898,55,1
dontcache,hit,9074,255,565,820,0,1
dontcache,miss,9075,2491,10635,13126,56,1
dontcache,hit,9075,260,576,836,0,1
dontcache,miss,9076,2291,10518,12809,55,1
dontcache,hit,9076,263,566,829,0,1
dontcache,miss,9077,2555,10487,13042,55,1
dontcache,hit,9077,257,577,834,0,1
dontcache,miss,9078,2322,10616,12938,35,1
dontcache,hit,9078,254,591,845,0,1
dontcache,miss,9079,2497,10580,13077,55,1
dontcache,hit,9079,253,577,830,0,1
dontcache,miss,9080,2272,10342,12614,54,1
dontcache,hit,9080,259,554,813,0,1
dontcache,miss,9081,2514,10534,13048,55,1
dontcache,hit,9081,251,555,806,0,1
dontcache,miss,9082,2295,9782,12077,51,1
dontcache,hit,9082,255,557,812,0,1
dontcache,miss,9083,2499,9330,11829,48,1
dontcache,hit,9083,255,545,800,0,1
dontcache,miss,9084,2293,16762,19055,82,1
dontcache,hit,9084,250,532,782,0,1
dontcache,miss,9085,2428,10313,12741,55,1
dontcache,hit,9085,249,536,785,0,1
dontcache,miss,9086,2277,10105,12382,54,1
dontcache,hit,9086,252,535,787,0,1
dontcache,miss,9087,2459,8836,11295,46,1
dontcache,hit,9087,246,543,789,0,1
dontcache,miss,9088,2268,9228,11496,48,1
dontcache,hit,9088,249,544,793,0,1
dontcache,miss,9089,2459,10264,12723,55,1
dontcache,hit,9089,248,550,798,0,1
dontcache,miss,9090,2276,10439,12715,56,1
dontcache,hit,9090,248,543,791,0,1
dontcache,miss,9091,2465,9004,11469,47,1
dontcache,hit,9091,247,555,802,0,1
dontcache,miss,9092,2278,9061,11339,48,1
dontcache,hit,9092,252,548,800,0,1
dontcache,miss,9093,2493,10493,12986,56,1
dontcache,hit,9093,249,558,807,0,1
dontcache,miss,9094,2268,10435,12703,56,1
dontcache,hit,9094,255,561,816,0,1
dontcache,miss,9095,2487,10434,12921,56,1
dontcache,hit,9095,263,556,819,0,1
dontcache,miss,9096,2307,10300,12607,55,1
dontcache,hit,9096,251,548,799,0,1
dontcache,miss,9097,2463,10355,12818,55,1
dontcache,hit,9097,247,558,805,0,1
dontcache,miss,9098,2264,10297,12561,55,1
dontcache,hit,9098,254,558,812,0,1
dontcache,miss,9099,2507,10285,12792,55,1
dontcache,hit,9099,264,564,828,0,1
dontcache,miss,9100,2285,13260,15545,54,1
dontcache,hit,9100,261,590,851,0,1
dontcache,miss,9101,2489,10526,13015,55,1
dontcache,hit,9101,261,597,858,0,1
dontcache,miss,9102,2391,10521,12912,55,1
dontcache,hit,9102,256,571,827,0,1
dontcache,miss,9103,2453,10501,12954,56,1
dontcache,hit,9103,252,566,818,0,1
dontcache,miss,9104,2292,10244,12536,55,1
dontcache,hit,9104,250,571,821,0,1
dontcache,miss,9105,2419,10268,12687,55,1
dontcache,hit,9105,250,578,828,0,1
dontcache,miss,9106,2279,10367,12646,55,1
dontcache,hit,9106,251,568,819,0,1
dontcache,miss,9107,2458,10327,12785,55,1
dontcache,hit,9107,252,580,832,0,1
dontcache,miss,9108,2284,10122,12406,54,1
dontcache,hit,9108,251,571,822,0,1
dontcache,miss,9109,2494,9694,12188,51,1
dontcache,hit,9109,254,577,831,0,1
dontcache,miss,9110,2260,10276,12536,55,1
dontcache,hit,9110,254,571,825,0,1
dontcache,miss,9111,2453,12771,15224,50,1
dontcache,hit,9111,256,575,831,0,1
dontcache,miss,9112,2515,9647,12162,51,1
dontcache,hit,9112,262,579,841,0,1
dontcache,miss,9113,2494,10531,13025,49,1
dontcache,hit,9113,247,1659,1906,0,1
dontcache,miss,9114,2355,10302,12657,55,1
dontcache,hit,9114,254,551,805,0,1
dontcache,miss,9115,2448,10345,12793,55,1
dontcache,hit,9115,250,550,800,0,1
dontcache,miss,9116,2249,10458,12707,56,1
dontcache,hit,9116,253,541,794,0,1
dontcache,miss,9117,2438,10452,12890,56,1
dontcache,hit,9117,249,553,802,0,1
dontcache,miss,9118,2303,10254,12557,55,1
dontcache,hit,9118,252,558,810,0,1
dontcache,miss,9119,2445,9129,11574,48,1
dontcache,hit,9119,249,545,794,0,1
dontcache,miss,9120,2340,8945,11285,47,1
dontcache,hit,9120,254,545,799,0,1
dontcache,miss,9121,2457,10491,12948,56,1
dontcache,hit,9121,254,550,804,0,1
dontcache,miss,9122,2377,10252,12629,55,1
dontcache,hit,9122,254,539,793,0,1
dontcache,miss,9123,2444,10359,12803,55,1
dontcache,hit,9123,244,556,800,0,1
dontcache,miss,9124,2289,10264,12553,55,1
dontcache,hit,9124,251,545,796,0,1
dontcache,miss,9125,2461,10507,12968,56,1
dontcache,hit,9125,249,543,792,0,1
dontcache,miss,9126,2306,10264,12570,55,1
dontcache,hit,9126,249,539,788,0,1
dontcache,miss,9127,2451,10328,12779,55,1
dontcache,hit,9127,248,533,781,0,1
dontcache,miss,9128,2305,10305,12610,55,1
dontcache,hit,9128,250,545,795,0,1
dontcache,miss,9129,2499,10324,12823,55,1
dontcache,hit,9129,248,550,798,0,1
dontcache,miss,9130,2295,10436,12731,56,1
dontcache,hit,9130,254,532,786,0,1
dontcache,miss,9131,2445,10320,12765,55,1
dontcache,hit,9131,246,545,791,0,1
dontcache,miss,9132,2323,10421,12744,56,1
dontcache,hit,9132,248,533,781,0,1
dontcache,miss,9133,2444,15901,18345,70,1
dontcache,hit,9133,251,550,801,0,1
dontcache,miss,9134,2361,13905,16266,76,1
dontcache,hit,9134,258,774,1032,0,1
dontcache,miss,9135,2517,11212,13729,59,1
dontcache,hit,9135,254,1057,1311,0,1
dontcache,miss,9136,2318,11029,13347,57,1
dontcache,hit,9136,259,579,838,0,1
dontcache,miss,9137,2472,22930,25402,87,1
dontcache,hit,9137,254,641,895,0,1
dontcache,miss,9138,2289,21532,23821,119,1
dontcache,hit,9138,252,582,834,0,1
dontcache,miss,9139,2529,11422,13951,60,1
dontcache,hit,9139,253,581,834,0,1
dontcache,miss,9140,2367,10776,13143,56,1
dontcache,hit,9140,255,577,832,0,1
dontcache,miss,9141,2516,10738,13254,56,1
dontcache,hit,9141,262,589,851,0,1
dontcache,miss,9142,2313,10536,12849,55,1
dontcache,hit,9142,255,574,829,0,1
dontcache,miss,9143,2565,13109,15674,46,1
dontcache,hit,9143,256,581,837,0,1
dontcache,miss,9144,2432,10748,13180,56,1
dontcache,hit,9144,254,589,843,0,1
dontcache,miss,9145,2511,10524,13035,55,1
dontcache,hit,9145,259,577,836,0,1
dontcache,miss,9146,2319,10622,12941,56,1
dontcache,hit,9146,257,554,811,0,1
dontcache,miss,9147,2509,10708,13217,56,1
dontcache,hit,9147,254,550,804,0,1
dontcache,miss,9148,2325,10611,12936,56,1
dontcache,hit,9148,254,552,806,0,1
dontcache,miss,9149,2512,10724,13236,56,1
dontcache,hit,9149,253,561,814,0,1
dontcache,miss,9150,2346,10650,12996,56,1
dontcache,hit,9150,253,556,809,0,1
dontcache,miss,9151,2523,10585,13108,55,1
dontcache,hit,9151,258,552,810,0,1
dontcache,miss,9152,2357,10482,12839,55,1
dontcache,hit,9152,258,554,812,0,1
dontcache,miss,9153,2535,10371,12906,54,1
dontcache,hit,9153,254,558,812,0,1
dontcache,miss,9154,2348,10685,13033,56,1
dontcache,hit,9154,260,553,813,0,1
dontcache,miss,9155,2508,10491,12999,55,1
dontcache,hit,9155,254,558,812,0,1
dontcache,miss,9156,2339,10504,12843,55,1
dontcache,hit,9156,256,548,804,0,1
dontcache,miss,9157,2485,10506,12991,55,1
dontcache,hit,9157,256,564,820,0,1
dontcache,miss,9158,2366,10755,13121,56,1
dontcache,hit,9158,258,556,814,0,1
dontcache,miss,9159,2452,10700,13152,56,1
dontcache,hit,9159,253,566,819,0,1
dontcache,miss,9160,2350,10573,12923,55,1
dontcache,hit,9160,257,562,819,0,1
dontcache,miss,9161,2505,10548,13053,55,1
dontcache,hit,9161,254,565,819,0,1
dontcache,miss,9162,2320,10552,12872,55,1
dontcache,hit,9162,263,554,817,0,1
dontcache,miss,9163,2543,10759,13302,56,1
dontcache,hit,9163,249,567,816,0,1
dontcache,miss,9164,2306,10543,12849,55,1
dontcache,hit,9164,256,555,811,0,1
dontcache,miss,9165,2693,9528,12221,49,1
dontcache,hit,9165,281,656,937,0,1
dontcache,miss,9166,2347,9954,12301,52,1
dontcache,hit,9166,258,576,834,0,1
dontcache,miss,9167,8081,10501,18582,56,1
dontcache,hit,9167,252,593,845,0,1
dontcache,miss,9168,2314,10265,12579,55,1
dontcache,hit,9168,250,565,815,0,1
dontcache,miss,9169,2449,9843,12292,52,1
dontcache,hit,9169,247,569,816,0,1
dontcache,miss,9170,2316,9120,11436,48,1
dontcache,hit,9170,247,555,802,0,1
dontcache,miss,9171,2468,10483,12951,56,1
dontcache,hit,9171,245,561,806,0,1
dontcache,miss,9172,2290,10265,12555,55,1
dontcache,hit,9172,255,565,820,0,1
dontcache,miss,9173,2476,10127,12603,54,1
dontcache,hit,9173,245,567,812,0,1
dontcache,miss,9174,2303,10330,12633,55,1
dontcache,hit,9174,252,563,815,0,1
dontcache,miss,9175,2468,10334,12802,55,1
dontcache,hit,9175,247,562,809,0,1
dontcache,miss,9176,2327,10378,12705,55,1
dontcache,hit,9176,311,4471,4782,0,1
dontcache,miss,9177,2489,10249,12738,55,1
dontcache,hit,9177,259,607,866,0,1
dontcache,miss,9178,2299,10322,12621,55,1
dontcache,hit,9178,251,549,800,0,1
dontcache,miss,9179,2463,10388,12851,55,1
dontcache,hit,9179,257,543,800,0,1
dontcache,miss,9180,2255,10441,12696,56,1
dontcache,hit,9180,254,545,799,0,1
dontcache,miss,9181,2428,8848,11276,46,1
dontcache,hit,9181,248,546,794,0,1
dontcache,miss,9182,2285,9119,11404,48,1
dontcache,hit,9182,253,541,794,0,1
dontcache,miss,9183,2488,10730,13218,56,1
dontcache,hit,9183,250,560,810,0,1
dontcache,miss,9184,2321,10556,12877,55,1
dontcache,hit,9184,256,5909,6165,0,1
dontcache,miss,9185,2460,10554,13014,56,1
dontcache,hit,9185,255,552,807,0,1
dontcache,miss,9186,2263,10411,12674,56,1
dontcache,hit,9186,255,537,792,0,1
dontcache,miss,9187,2436,10298,12734,55,1
dontcache,hit,9187,247,550,797,0,1
dontcache,miss,9188,2278,10445,12723,56,1
dontcache,hit,9188,254,543,797,0,1
dontcache,miss,9189,2442,10466,12908,56,1
dontcache,hit,9189,250,540,790,0,1
dontcache,miss,9190,2296,10270,12566,55,1
dontcache,hit,9190,251,537,788,0,1
dontcache,miss,9191,2467,9016,11483,47,1
dontcache,hit,9191,248,542,790,0,1
dontcache,miss,9192,2292,8916,11208,47,1
dontcache,hit,9192,250,540,790,0,1
dontcache,miss,9193,2448,10553,13001,56,1
dontcache,hit,9193,246,547,793,0,1
dontcache,miss,9194,2265,10487,12752,56,1
dontcache,hit,9194,254,544,798,0,1
dontcache,miss,9195,2429,10369,12798,55,1
dontcache,hit,9195,246,544,790,0,1
dontcache,miss,9196,2261,10275,12536,55,1
dontcache,hit,9196,252,543,795,0,1
dontcache,miss,9197,2431,10412,12843,55,1
dontcache,hit,9197,250,548,798,0,1
dontcache,miss,9198,2283,10253,12536,55,1
dontcache,hit,9198,267,659,926,0,1
dontcache,miss,9199,2508,10590,13098,55,1
dontcache,hit,9199,259,568,827,0,1
dontcache,miss,9200,2332,10801,13133,57,1
dontcache,hit,9200,251,552,803,0,1
dontcache,miss,9201,2475,10323,12798,55,1
dontcache,hit,9201,251,573,824,0,1
dontcache,miss,9202,2270,10406,12676,56,1
dontcache,hit,9202,251,558,809,0,1
dontcache,miss,9203,2457,10609,13066,57,1
dontcache,hit,9203,246,568,814,0,1
dontcache,miss,9204,2265,10361,12626,55,1
dontcache,hit,9204,266,553,819,0,1
dontcache,miss,9205,2483,10319,12802,55,1
dontcache,hit,9205,244,557,801,0,1
dontcache,miss,9206,2297,10398,12695,56,1
dontcache,hit,9206,255,547,802,0,1
dontcache,miss,9207,2452,10343,12795,55,1
dontcache,hit,9207,246,561,807,0,1
dontcache,miss,9208,2312,10411,12723,56,1
dontcache,hit,9208,253,551,804,0,1
dontcache,miss,9209,2432,10290,12722,55,1
dontcache,hit,9209,248,555,803,0,1
dontcache,miss,9210,2598,10310,12908,55,1
dontcache,hit,9210,254,588,842,0,1
dontcache,miss,9211,2442,10299,12741,55,1
dontcache,hit,9211,248,558,806,0,1
dontcache,miss,9212,2297,10276,12573,55,1
dontcache,hit,9212,249,543,792,0,1
dontcache,miss,9213,2477,10378,12855,55,1
dontcache,hit,9213,247,535,782,0,1
dontcache,miss,9214,2301,10326,12627,55,1
dontcache,hit,9214,251,543,794,0,1
dontcache,miss,9215,2512,10452,12964,51,1
dontcache,hit,9215,250,1654,1904,0,1
dontcache,miss,9216,2253,10275,12528,55,1
dontcache,hit,9216,254,547,801,0,1
dontcache,miss,9217,2455,10350,12805,55,1
dontcache,hit,9217,249,550,799,0,1
dontcache,miss,9218,2310,10206,12516,55,1
dontcache,hit,9218,255,541,796,0,1
dontcache,miss,9219,2439,10340,12779,55,1
dontcache,hit,9219,253,545,798,0,1
dontcache,miss,9220,2247,10652,12899,57,1
dontcache,hit,9220,250,552,802,0,1
dontcache,miss,9221,2468,10156,12624,54,1
dontcache,hit,9221,249,544,793,0,1
dontcache,miss,9222,2425,10353,12778,55,1
dontcache,hit,9222,250,549,799,0,1
dontcache,miss,9223,2463,10313,12776,55,1
dontcache,hit,9223,250,539,789,0,1
dontcache,miss,9224,2310,10304,12614,55,1
dontcache,hit,9224,250,543,793,0,1
dontcache,miss,9225,2432,10560,12992,57,1
dontcache,hit,9225,250,536,786,0,1
dontcache,miss,9226,2320,10487,12807,56,1
dontcache,hit,9226,256,530,786,0,1
dontcache,miss,9227,2419,10497,12916,56,1
dontcache,hit,9227,258,540,798,0,1
dontcache,miss,9228,2245,10337,12582,55,1
dontcache,hit,9228,252,535,787,0,1
dontcache,miss,9229,2495,10427,12922,56,1
dontcache,hit,9229,255,538,793,0,1
dontcache,miss,9230,2296,10407,12703,56,1
dontcache,hit,9230,249,534,783,0,1
dontcache,miss,9231,6020,10483,16503,55,1
dontcache,hit,9231,243,551,794,0,1
dontcache,miss,9232,2281,15988,18269,87,1
dontcache,hit,9232,267,606,873,0,1
dontcache,miss,9233,2514,10740,13254,56,1
dontcache,hit,9233,255,581,836,0,1
dontcache,miss,9234,2332,10464,12796,55,1
dontcache,hit,9234,256,571,827,0,1
dontcache,miss,9235,2508,10731,13239,56,1
dontcache,hit,9235,254,571,825,0,1
dontcache,miss,9236,2337,10671,13008,56,1
dontcache,hit,9236,265,572,837,0,1
dontcache,miss,9237,2615,10104,12719,52,1
dontcache,hit,9237,261,584,845,0,1
dontcache,miss,9238,2330,10511,12841,55,1
dontcache,hit,9238,257,582,839,0,1
dontcache,miss,9239,2478,9695,12173,50,1
dontcache,hit,9239,251,565,816,0,1
dontcache,miss,9240,2306,9166,11472,47,1
dontcache,hit,9240,258,568,826,0,1
dontcache,miss,9241,2510,10392,12902,54,1
dontcache,hit,9241,251,570,821,0,1
dontcache,miss,9242,2339,10466,12805,55,1
dontcache,hit,9242,256,563,819,0,1
dontcache,miss,9243,2670,10528,13198,55,1
dontcache,hit,9243,269,676,945,0,1
dontcache,miss,9244,2310,10708,13018,56,1
dontcache,hit,9244,259,573,832,0,1
dontcache,miss,9245,2522,10363,12885,54,1
dontcache,hit,9245,252,567,819,0,1
dontcache,miss,9246,2374,10479,12853,55,1
dontcache,hit,9246,254,555,809,0,1
dontcache,miss,9247,2532,10863,13395,57,1
dontcache,hit,9247,259,584,843,0,1
dontcache,miss,9248,2315,10523,12838,55,1
dontcache,hit,9248,257,560,817,0,1
dontcache,miss,9249,2468,10360,12828,54,1
dontcache,hit,9249,255,574,829,0,1
dontcache,miss,9250,2325,10404,12729,55,1
dontcache,hit,9250,257,557,814,0,1
dontcache,miss,9251,2532,10585,13117,55,1
dontcache,hit,9251,249,548,797,0,1
dontcache,miss,9252,2305,10305,12610,54,1
dontcache,hit,9252,257,559,816,0,1
dontcache,miss,9253,2550,9176,11726,47,1
dontcache,hit,9253,252,557,809,0,1
dontcache,miss,9254,2414,9293,11707,48,1
dontcache,hit,9254,263,553,816,0,1
dontcache,miss,9255,2541,10507,13048,55,1
dontcache,hit,9255,250,560,810,0,1
dontcache,miss,9256,2371,10507,12878,55,1
dontcache,hit,9256,255,550,805,0,1
dontcache,miss,9257,2529,9145,11674,47,1
dontcache,hit,9257,254,559,813,0,1
dontcache,miss,9258,2417,9217,11634,47,1
dontcache,hit,9258,257,554,811,0,1
dontcache,miss,9259,2522,10532,13054,55,1
dontcache,hit,9259,249,555,804,0,1
dontcache,miss,9260,2359,10567,12926,55,1
dontcache,hit,9260,257,551,808,0,1
dontcache,miss,9261,2506,10555,13061,55,1
dontcache,hit,9261,253,565,818,0,1
dontcache,miss,9262,2345,10469,12814,55,1
dontcache,hit,9262,258,561,819,0,1
dontcache,miss,9263,2521,10526,13047,55,1
dontcache,hit,9263,255,561,816,0,1
dontcache,miss,9264,2357,10660,13017,56,1
dontcache,hit,9264,259,3772,4031,0,1
dontcache,miss,9265,2801,10111,12912,52,1
dontcache,hit,9265,280,614,894,0,1
dontcache,miss,9266,2537,10733,13270,56,1
dontcache,hit,9266,256,583,839,0,1
dontcache,miss,9267,2531,10507,13038,55,1
dontcache,hit,9267,255,575,830,0,1
dontcache,miss,9268,2284,10682,12966,56,1
dontcache,hit,9268,259,573,832,0,1
dontcache,miss,9269,2466,10554,13020,56,1
dontcache,hit,9269,254,570,824,0,1
dontcache,miss,9270,2234,10296,12530,55,1
dontcache,hit,9270,253,561,814,0,1
dontcache,miss,9271,2521,9939,12460,53,1
dontcache,hit,9271,252,566,818,0,1
dontcache,miss,9272,2266,10319,12585,55,1
dontcache,hit,9272,253,556,809,0,1
dontcache,miss,9273,2451,9813,12264,52,1
dontcache,hit,9273,248,566,814,0,1
dontcache,miss,9274,2251,9158,11409,48,1
dontcache,hit,9274,252,553,805,0,1
dontcache,miss,9275,2472,10342,12814,55,1
dontcache,hit,9275,250,576,826,0,1
dontcache,miss,9276,2233,10482,12715,56,1
dontcache,hit,9276,252,615,867,0,1
dontcache,miss,9277,2456,10468,12924,56,1
dontcache,hit,9277,255,569,824,0,1
dontcache,miss,9278,2250,10284,12534,55,1
dontcache,hit,9278,251,559,810,0,1
dontcache,miss,9279,2468,9195,11663,48,1
dontcache,hit,9279,248,554,802,0,1
dontcache,miss,9280,2255,8908,11163,47,1
dontcache,hit,9280,249,545,794,0,1
dontcache,miss,9281,2449,10528,12977,56,1
dontcache,hit,9281,251,549,800,0,1
dontcache,miss,9282,2246,10264,12510,55,1
dontcache,hit,9282,251,558,809,0,1
dontcache,miss,9283,2451,10306,12757,55,1
dontcache,hit,9283,253,556,809,0,1
dontcache,miss,9284,2301,10316,12617,55,1
dontcache,hit,9284,252,566,818,0,1
dontcache,miss,9285,2476,10104,12580,54,1
dontcache,hit,9285,249,550,799,0,1
dontcache,miss,9286,2227,10291,12518,55,1
dontcache,hit,9286,252,547,799,0,1
dontcache,miss,9287,2497,10278,12775,55,1
dontcache,hit,9287,250,557,807,0,1
dontcache,miss,9288,2216,10399,12615,56,1
dontcache,hit,9288,251,554,805,0,1
dontcache,miss,9289,2478,8960,11438,47,1
dontcache,hit,9289,253,558,811,0,1
dontcache,miss,9290,2281,9154,11435,48,1
dontcache,hit,9290,254,547,801,0,1
dontcache,miss,9291,2481,10317,12798,55,1
dontcache,hit,9291,247,554,801,0,1
dontcache,miss,9292,2250,10215,12465,55,1
dontcache,hit,9292,252,551,803,0,1
dontcache,miss,9293,2437,10433,12870,56,1
dontcache,hit,9293,251,550,801,0,1
dontcache,miss,9294,2274,10316,12590,55,1
dontcache,hit,9294,253,553,806,0,1
dontcache,miss,9295,2522,10329,12851,55,1
dontcache,hit,9295,247,558,805,0,1
dontcache,miss,9296,2279,10414,12693,56,1
dontcache,hit,9296,253,547,800,0,1
dontcache,miss,9297,2492,10244,12736,55,1
dontcache,hit,9297,249,560,809,0,1
dontcache,miss,9298,2266,10372,12638,56,1
dontcache,hit,9298,257,625,882,0,1
dontcache,miss,9299,2519,17309,19828,86,1
dontcache,hit,9299,267,585,852,0,1
dontcache,miss,9300,2251,10442,12693,56,1
dontcache,hit,9300,253,566,819,0,1
dontcache,miss,9301,2491,9786,12277,52,1
dontcache,hit,9301,253,562,815,0,1
dontcache,miss,9302,2293,9100,11393,48,1
dontcache,hit,9302,250,564,814,0,1
dontcache,miss,9303,2422,10326,12748,55,1
dontcache,hit,9303,251,569,820,0,1
dontcache,miss,9304,2268,10459,12727,56,1
dontcache,hit,9304,255,554,809,0,1
dontcache,miss,9305,2479,10500,12979,56,1
dontcache,hit,9305,256,572,828,0,1
dontcache,miss,9306,2230,10461,12691,56,1
dontcache,hit,9306,255,559,814,0,1
dontcache,miss,9307,2484,10414,12898,56,1
dontcache,hit,9307,258,567,825,0,1
dontcache,miss,9308,2266,10439,12705,56,1
dontcache,hit,9308,254,560,814,0,1
dontcache,miss,9309,2484,10291,12775,55,1
dontcache,hit,9309,251,568,819,0,1
dontcache,miss,9310,2287,10270,12557,55,1
dontcache,hit,9310,259,734,993,0,1
dontcache,miss,9311,2521,9172,11693,48,1
dontcache,hit,9311,258,553,811,0,1
dontcache,miss,9312,2313,9162,11475,48,1
dontcache,hit,9312,263,557,820,0,1
dontcache,miss,9313,2444,10480,12924,56,1
dontcache,hit,9313,254,556,810,0,1
dontcache,miss,9314,2240,10405,12645,56,1
dontcache,hit,9314,252,543,795,0,1
dontcache,miss,9315,2503,9106,11609,48,1
dontcache,hit,9315,251,547,798,0,1
dontcache,miss,9316,2259,9127,11386,48,1
dontcache,hit,9316,254,544,798,0,1
dontcache,miss,9317,2476,10446,12922,56,1
dontcache,hit,9317,258,550,808,0,1
dontcache,miss,9318,2289,10317,12606,49,1
dontcache,hit,9318,252,1507,1759,0,1
dontcache,miss,9319,2421,10515,12936,56,1
dontcache,hit,9319,250,539,789,0,1
dontcache,miss,9320,2281,10455,12736,56,1
dontcache,hit,9320,252,540,792,0,1
dontcache,miss,9321,2430,10295,12725,55,1
dontcache,hit,9321,245,544,789,0,1
dontcache,miss,9322,2272,10283,12555,55,1
dontcache,hit,9322,253,534,787,0,1
dontcache,miss,9323,2452,10323,12775,55,1
dontcache,hit,9323,246,531,777,0,1
dontcache,miss,9324,2246,10320,12566,55,1
dontcache,hit,9324,250,530,780,0,1
dontcache,miss,9325,2473,10292,12765,55,1
dontcache,hit,9325,249,526,775,0,1
dontcache,miss,9326,2292,10451,12743,56,1
dontcache,hit,9326,253,538,791,0,1
dontcache,miss,9327,2436,8982,11418,47,1
dontcache,hit,9327,248,556,804,0,1
dontcache,miss,9328,2249,9098,11347,48,1
dontcache,hit,9328,251,548,799,0,1
dontcache,miss,9329,2496,10440,12936,56,1
dontcache,hit,9329,244,553,797,0,1
dontcache,miss,9330,2256,10668,12924,57,1
dontcache,hit,9330,251,540,791,0,1
dontcache,miss,9331,2455,9864,12319,52,1
dontcache,hit,9331,247,536,783,0,1
dontcache,miss,9332,2263,9147,11410,48,1
dontcache,hit,9332,263,625,888,0,1
dontcache,miss,9333,2465,10480,12945,56,1
dontcache,hit,9333,253,560,813,0,1
dontcache,miss,9334,2292,10461,12753,56,1
dontcache,hit,9334,253,560,813,0,1
dontcache,miss,9335,2430,8984,11414,47,1
dontcache,hit,9335,247,561,808,0,1
dontcache,miss,9336,2349,8932,11281,47,1
dontcache,hit,9336,248,550,798,0,1
dontcache,miss,9337,2415,10324,12739,55,1
dontcache,hit,9337,245,565,810,0,1
dontcache,miss,9338,2228,10421,12649,56,1
dontcache,hit,9338,251,540,791,0,1
dontcache,miss,9339,2445,10482,12927,56,1
dontcache,hit,9339,245,548,793,0,1
dontcache,miss,9340,2271,10175,12446,54,1
dontcache,hit,9340,250,540,790,0,1
dontcache,miss,9341,2445,8997,11442,47,1
dontcache,hit,9341,244,546,790,0,1
dontcache,miss,9342,2305,8961,11266,47,1
dontcache,hit,9342,251,545,796,0,1
dontcache,miss,9343,2419,10324,12743,55,1
dontcache,hit,9343,252,546,798,0,1
dontcache,miss,9344,2247,10299,12546,55,1
dontcache,hit,9344,253,548,801,0,1
dontcache,miss,9345,2634,9907,12541,52,1
dontcache,hit,9345,254,621,875,0,1
dontcache,miss,9346,2262,10274,12536,55,1
dontcache,hit,9346,253,551,804,0,1
dontcache,miss,9347,2459,9700,12159,51,1
dontcache,hit,9347,248,542,790,0,1
dontcache,miss,9348,2271,9135,11406,48,1
dontcache,hit,9348,252,539,791,0,1
dontcache,miss,9349,2448,10350,12798,55,1
dontcache,hit,9349,250,531,781,0,1
dontcache,miss,9350,2261,9576,11837,51,1
dontcache,hit,9350,252,542,794,0,1
dontcache,miss,9351,2476,8950,11426,47,1
dontcache,hit,9351,250,550,800,0,1
dontcache,miss,9352,2279,9801,12080,52,1
dontcache,hit,9352,248,524,772,0,1
dontcache,miss,9353,2440,10286,12726,55,1
dontcache,hit,9353,250,546,796,0,1
dontcache,miss,9354,2296,10290,12586,55,1
dontcache,hit,9354,253,533,786,0,1
dontcache,miss,9355,2434,10510,12944,56,1
dontcache,hit,9355,248,532,780,0,1
dontcache,miss,9356,2253,10434,12687,56,1
dontcache,hit,9356,855,596,1451,0,1
dontcache,miss,9357,4582,13778,18360,72,1
dontcache,hit,9357,247,1713,1960,0,1
dontcache,miss,9358,4615,15514,20129,76,1
dontcache,hit,9358,2274,1548,3822,0,1
dontcache,miss,9359,3158,59541,62699,339,1
dontcache,hit,9359,697,776,1473,0,1
dontcache,miss,9360,2488,13812,16300,76,1
dontcache,hit,9360,668,607,1275,0,1
dontcache,miss,9361,3530,13051,16581,68,1
dontcache,hit,9361,250,532,782,0,1
dontcache,miss,9362,4137,16730,20867,93,1
dontcache,hit,9362,266,1417,1683,0,1
dontcache,miss,9363,3172,13269,16441,68,1
dontcache,hit,9363,253,563,816,0,1
dontcache,miss,9364,3705,18293,21998,102,1
dontcache,hit,9364,257,558,815,0,1
dontcache,miss,9365,2658,12702,15360,67,1
dontcache,hit,9365,416,1087,1503,0,1
dontcache,miss,9366,2453,12067,14520,66,1
dontcache,hit,9366,252,575,827,0,1
dontcache,miss,9367,2497,18247,20744,98,1
dontcache,hit,9367,255,745,1000,0,1
dontcache,miss,9368,2142,10989,13131,58,1
dontcache,hit,9368,256,548,804,0,1
dontcache,miss,9369,2879,17938,20817,99,1
dontcache,hit,9369,248,549,797,0,1
dontcache,miss,9370,2159,10994,13153,59,1
dontcache,hit,9370,283,1679,1962,0,1
dontcache,miss,9371,3128,12142,15270,63,1
dontcache,hit,9371,264,1166,1430,0,1
dontcache,miss,9372,2391,13493,15884,71,1
dontcache,hit,9372,266,559,825,0,1
dontcache,miss,9373,2857,11156,14013,60,1
dontcache,hit,9373,254,546,800,0,1
dontcache,miss,9374,3098,11589,14687,63,1
dontcache,hit,9374,251,540,791,0,1
dontcache,miss,9375,2595,12853,15448,63,1
dontcache,hit,9375,247,837,1084,0,1
dontcache,miss,9376,2974,52355,55329,307,1
dontcache,hit,9376,256,787,1043,0,1
dontcache,miss,9377,2475,10487,12962,56,1
dontcache,hit,9377,252,539,791,0,1
dontcache,miss,9378,2315,10413,12728,56,1
dontcache,hit,9378,249,545,794,0,1
dontcache,miss,9379,2449,10975,13424,59,1
dontcache,hit,9379,242,564,806,0,1
dontcache,miss,9380,2331,11065,13396,60,1
dontcache,hit,9380,249,552,801,0,1
dontcache,miss,9381,2637,49532,52169,286,1
dontcache,hit,9381,244,535,779,0,1
dontcache,miss,9382,2627,13042,15669,69,1
dontcache,hit,9382,254,540,794,0,1
dontcache,miss,9383,2444,11484,13928,61,1
dontcache,hit,9383,250,1862,2112,0,1
dontcache,miss,9384,2265,10637,12902,57,1
dontcache,hit,9384,252,536,788,0,1
dontcache,miss,9385,2525,9620,12145,51,1
dontcache,hit,9385,252,699,951,0,1
dontcache,miss,9386,2298,9781,12079,52,1
dontcache,hit,9386,309,656,965,0,1
dontcache,miss,9387,3147,11486,14633,58,1
dontcache,hit,9387,262,578,840,0,1
dontcache,miss,9388,2336,11130,13466,59,1
dontcache,hit,9388,257,566,823,0,1
dontcache,miss,9389,2532,11101,13633,58,1
dontcache,hit,9389,251,553,804,0,1
dontcache,miss,9390,2326,10986,13312,58,1
dontcache,hit,9390,262,566,828,0,1
dontcache,miss,9391,2507,11215,13722,59,1
dontcache,hit,9391,645,564,1209,0,1
dontcache,miss,9392,2348,11153,13501,59,1
dontcache,hit,9392,258,561,819,0,1
dontcache,miss,9393,2549,10927,13476,57,1
dontcache,hit,9393,256,568,824,0,1
dontcache,miss,9394,2405,10805,13210,57,1
dontcache,hit,9394,325,572,897,0,1
dontcache,miss,9395,2537,10865,13402,57,1
dontcache,hit,9395,258,567,825,0,1
dontcache,miss,9396,2582,11536,14118,61,1
dontcache,hit,9396,258,744,1002,0,1
dontcache,miss,9397,2642,10933,13575,57,1
dontcache,hit,9397,258,635,893,0,1
dontcache,miss,9398,2531,11255,13786,58,1
dontcache,hit,9398,261,569,830,0,1
dontcache,miss,9399,2526,11159,13685,59,1
dontcache,hit,9399,256,700,956,0,1
dontcache,miss,9400,2345,12776,15121,60,1
dontcache,hit,9400,664,549,1213,0,1
dontcache,miss,9401,2499,10794,13293,57,1
dontcache,hit,9401,252,556,808,0,1
dontcache,miss,9402,2421,11161,13582,59,1
dontcache,hit,9402,260,546,806,0,1
dontcache,miss,9403,2505,11242,13747,59,1
dontcache,hit,9403,255,579,834,0,1
dontcache,miss,9404,2488,12213,14701,65,1
dontcache,hit,9404,260,550,810,0,1
dontcache,miss,9405,2439,10684,13123,56,1
dontcache,hit,9405,254,604,858,0,1
dontcache,miss,9406,2368,11145,13513,57,1
dontcache,hit,9406,254,546,800,0,1
dontcache,miss,9407,2522,10712,13234,56,1
dontcache,hit,9407,259,543,802,0,1
dontcache,miss,9408,3216,12018,15234,62,1
dontcache,hit,9408,261,543,804,0,1
dontcache,miss,9409,2519,13069,15588,66,1
dontcache,hit,9409,260,560,820,0,1
dontcache,miss,9410,2311,11713,14024,61,1
dontcache,hit,9410,259,552,811,0,1
dontcache,miss,9411,2515,10833,13348,57,1
dontcache,hit,9411,255,548,803,0,1
dontcache,miss,9412,2262,9890,12152,51,1
dontcache,hit,9412,259,554,813,0,1
dontcache,miss,9413,2487,10934,13421,57,1
dontcache,hit,9413,257,562,819,0,1
dontcache,miss,9414,2401,10883,13284,57,1
dontcache,hit,9414,265,551,816,0,1
dontcache,miss,9415,2492,10690,13182,56,1
dontcache,hit,9415,257,550,807,0,1
dontcache,miss,9416,2418,10451,12869,55,1
dontcache,hit,9416,256,555,811,0,1
dontcache,miss,9417,2578,10384,12962,54,1
dontcache,hit,9417,260,783,1043,0,1
dontcache,miss,9418,2359,10879,13238,57,1
dontcache,hit,9418,260,569,829,0,1
dontcache,miss,9419,2508,10742,13250,56,1
dontcache,hit,9419,260,570,830,0,1
dontcache,miss,9420,2352,12180,14532,58,1
dontcache,hit,9420,260,1514,1774,0,1
dontcache,miss,9421,2592,10539,13131,55,1
dontcache,hit,9421,251,568,819,0,1
dontcache,miss,9422,2423,11010,13433,56,1
dontcache,hit,9422,326,563,889,0,1
dontcache,miss,9423,2646,10759,13405,56,1
dontcache,hit,9423,251,554,805,0,1
dontcache,miss,9424,2361,10647,13008,56,1
dontcache,hit,9424,259,561,820,0,1
dontcache,miss,9425,2530,19867,22397,102,1
dontcache,hit,9425,257,569,826,0,1
dontcache,miss,9426,2331,10603,12934,57,1
dontcache,hit,9426,252,541,793,0,1
dontcache,miss,9427,2455,9320,11775,49,1
dontcache,hit,9427,251,544,795,0,1
dontcache,miss,9428,2227,9105,11332,48,1
dontcache,hit,9428,273,622,895,0,1
dontcache,miss,9429,2549,10674,13223,56,1
dontcache,hit,9429,251,570,821,0,1
dontcache,miss,9430,2310,10825,13135,57,1
dontcache,hit,9430,260,559,819,0,1
dontcache,miss,9431,2456,10489,12945,55,1
dontcache,hit,9431,251,549,800,0,1
dontcache,miss,9432,2375,10614,12989,56,1
dontcache,hit,9432,254,537,791,0,1
dontcache,miss,9433,2521,10522,13043,55,1
dontcache,hit,9433,250,540,790,0,1
dontcache,miss,9434,2352,10390,12742,54,1
dontcache,hit,9434,258,565,823,0,1
dontcache,miss,9435,2573,10511,13084,52,1
dontcache,hit,9435,250,580,830,0,1
dontcache,miss,9436,2371,10623,12994,56,1
dontcache,hit,9436,253,546,799,0,1
dontcache,miss,9437,2499,10621,13120,56,1
dontcache,hit,9437,253,556,809,0,1
dontcache,miss,9438,2405,10474,12879,55,1
dontcache,hit,9438,252,545,797,0,1
dontcache,miss,9439,2480,10583,13063,55,1
dontcache,hit,9439,251,553,804,0,1
dontcache,miss,9440,2329,10477,12806,55,1
dontcache,hit,9440,252,546,798,0,1
dontcache,miss,9441,2518,10522,13040,55,1
dontcache,hit,9441,251,552,803,0,1
dontcache,miss,9442,2327,11729,14056,62,1
dontcache,hit,9442,252,551,803,0,1
dontcache,miss,9443,2495,10397,12892,54,1
dontcache,hit,9443,263,544,807,0,1
dontcache,miss,9444,2424,10676,13100,56,1
dontcache,hit,9444,255,570,825,0,1
dontcache,miss,9445,2473,10504,12977,55,1
dontcache,hit,9445,255,556,811,0,1
dontcache,miss,9446,2389,10738,13127,56,1
dontcache,hit,9446,253,551,804,0,1
dontcache,miss,9447,2503,11023,13526,58,1
dontcache,hit,9447,250,558,808,0,1
dontcache,miss,9448,2353,10686,13039,56,1
dontcache,hit,9448,252,551,803,0,1
dontcache,miss,9449,2507,12608,15115,47,1
dontcache,hit,9449,246,553,799,0,1
dontcache,miss,9450,2445,10616,13061,56,1
dontcache,hit,9450,257,586,843,0,1
dontcache,miss,9451,2531,10522,13053,55,1
dontcache,hit,9451,254,583,837,0,1
dontcache,miss,9452,2309,17245,19554,86,1
dontcache,hit,9452,250,576,826,0,1
dontcache,miss,9453,2464,10278,12742,55,1
dontcache,hit,9453,256,560,816,0,1
dontcache,miss,9454,2282,10165,12447,54,1
dontcache,hit,9454,248,557,805,0,1
dontcache,miss,9455,2463,9828,12291,52,1
dontcache,hit,9455,250,552,802,0,1
dontcache,miss,9456,2246,10475,12721,56,1
dontcache,hit,9456,247,549,796,0,1
dontcache,miss,9457,2452,9670,12122,51,1
dontcache,hit,9457,247,556,803,0,1
dontcache,miss,9458,2266,9220,11486,48,1
dontcache,hit,9458,246,551,797,0,1
dontcache,miss,9459,2441,10339,12780,55,1
dontcache,hit,9459,249,562,811,0,1
dontcache,miss,9460,2263,10260,12523,55,1
dontcache,hit,9460,252,553,805,0,1
dontcache,miss,9461,2484,10584,13068,36,1
dontcache,hit,9461,250,558,808,0,1
dontcache,miss,9462,2385,10445,12830,56,1
dontcache,hit,9462,249,573,822,0,1
dontcache,miss,9463,2438,10272,12710,55,1
dontcache,hit,9463,244,544,788,0,1
dontcache,miss,9464,2250,10484,12734,56,1
dontcache,hit,9464,250,537,787,0,1
dontcache,miss,9465,2430,10358,12788,55,1
dontcache,hit,9465,244,538,782,0,1
dontcache,miss,9466,2269,10493,12762,56,1
dontcache,hit,9466,250,535,785,0,1
dontcache,miss,9467,2439,10466,12905,56,1
dontcache,hit,9467,245,526,771,0,1
dontcache,miss,9468,2259,10467,12726,56,1
dontcache,hit,9468,250,529,779,0,1
dontcache,miss,9469,2476,10633,13109,57,1
dontcache,hit,9469,247,529,776,0,1
dontcache,miss,9470,2270,10265,12535,55,1
dontcache,hit,9470,251,535,786,0,1
dontcache,miss,9471,2451,10515,12966,56,1
dontcache,hit,9471,247,531,778,0,1
dontcache,miss,9472,2259,10383,12642,56,1
dontcache,hit,9472,248,537,785,0,1
dontcache,miss,9473,2443,10367,12810,55,1
dontcache,hit,9473,244,535,779,0,1
dontcache,miss,9474,2262,10261,12523,55,1
dontcache,hit,9474,247,540,787,0,1
dontcache,miss,9475,2447,10308,12755,55,1
dontcache,hit,9475,245,536,781,0,1
dontcache,miss,9476,2263,10313,12576,55,1
dontcache,hit,9476,246,540,786,0,1
dontcache,miss,9477,2445,10276,12721,55,1
dontcache,hit,9477,244,533,777,0,1
dontcache,miss,9478,2297,10460,12757,56,1
dontcache,hit,9478,245,538,783,0,1
dontcache,miss,9479,2447,10315,12762,55,1
dontcache,hit,9479,249,541,790,0,1
dontcache,miss,9480,2296,10305,12601,55,1
dontcache,hit,9480,245,527,772,0,1
dontcache,miss,9481,2450,10664,13114,57,1
dontcache,hit,9481,247,528,775,0,1
dontcache,miss,9482,2273,10342,12615,55,1
dontcache,hit,9482,249,523,772,0,1
dontcache,miss,9483,2588,10705,13293,57,1
dontcache,hit,9483,265,624,889,0,1
dontcache,miss,9484,2263,16214,18477,88,1
dontcache,hit,9484,254,575,829,0,1
dontcache,miss,9485,2457,10438,12895,56,1
dontcache,hit,9485,248,6383,6631,0,1
dontcache,miss,9486,2310,10820,13130,58,1
dontcache,hit,9486,247,560,807,0,1
dontcache,miss,9487,2479,10286,12765,55,1
dontcache,hit,9487,245,561,806,0,1
dontcache,miss,9488,2304,10327,12631,55,1
dontcache,hit,9488,246,556,802,0,1
dontcache,miss,9489,2421,8946,11367,47,1
dontcache,hit,9489,248,554,802,0,1
dontcache,miss,9490,2352,9199,11551,48,1
dontcache,hit,9490,249,553,802,0,1
dontcache,miss,9491,2476,10667,13143,57,1
dontcache,hit,9491,247,554,801,0,1
dontcache,miss,9492,2332,10320,12652,55,1
dontcache,hit,9492,247,561,808,0,1
dontcache,miss,9493,2451,10708,13159,57,1
dontcache,hit,9493,242,548,790,0,1
dontcache,miss,9494,2324,10265,12589,55,1
dontcache,hit,9494,250,559,809,0,1
dontcache,miss,9495,2775,10848,13623,58,1
dontcache,hit,9495,275,763,1038,0,1
dontcache,miss,9496,2259,10459,12718,56,1
dontcache,hit,9496,257,606,863,0,1
dontcache,miss,9497,2544,10380,12924,53,1
dontcache,hit,9497,263,579,842,0,1
dontcache,miss,9498,2325,9463,11788,50,1
dontcache,hit,9498,247,538,785,0,1
dontcache,miss,9499,2630,10772,13402,56,1
dontcache,hit,9499,250,544,794,0,1
dontcache,miss,9500,2344,10712,13056,56,1
dontcache,hit,9500,253,566,819,0,1
dontcache,miss,9501,2991,11017,14008,58,1
dontcache,hit,9501,250,555,805,0,1
dontcache,miss,9502,2406,10679,13085,56,1
dontcache,hit,9502,251,625,876,0,1
dontcache,miss,9503,2531,10858,13389,57,1
dontcache,hit,9503,249,545,794,0,1
dontcache,miss,9504,2380,10882,13262,57,1
dontcache,hit,9504,256,621,877,0,1
dontcache,miss,9505,3714,12152,15866,41,1
dontcache,hit,9505,599,729,1328,0,1
dontcache,miss,9506,3028,11418,14446,60,1
dontcache,hit,9506,265,624,889,0,1
dontcache,miss,9507,2431,10831,13262,57,1
dontcache,hit,9507,251,567,818,0,1
dontcache,miss,9508,2308,11601,13909,61,1
dontcache,hit,9508,249,537,786,0,1
dontcache,miss,9509,2509,10492,13001,55,1
dontcache,hit,9509,247,544,791,0,1
dontcache,miss,9510,2326,10671,12997,56,1
dontcache,hit,9510,255,538,793,0,1
dontcache,miss,9511,2518,10859,13377,57,1
dontcache,hit,9511,254,540,794,0,1
dontcache,miss,9512,2283,10473,12756,55,1
dontcache,hit,9512,255,532,787,0,1
dontcache,miss,9513,2508,10962,13470,57,1
dontcache,hit,9513,254,560,814,0,1
dontcache,miss,9514,2297,10747,13044,56,1
dontcache,hit,9514,252,561,813,0,1
dontcache,miss,9515,2508,12492,15000,22,1
dontcache,hit,9515,249,550,799,0,1
dontcache,miss,9516,3061,11011,14072,58,1
dontcache,hit,9516,262,641,903,0,1
dontcache,miss,9517,2415,10357,12772,55,1
dontcache,hit,9517,255,593,848,0,1
dontcache,miss,9518,2276,10458,12734,56,1
dontcache,hit,9518,248,543,791,0,1
dontcache,miss,9519,2482,10584,13066,56,1
dontcache,hit,9519,250,565,815,0,1
dontcache,miss,9520,2270,10272,12542,55,1
dontcache,hit,9520,258,550,808,0,1
dontcache,miss,9521,2498,9832,12330,52,1
dontcache,hit,9521,259,558,817,0,1
dontcache,miss,9522,2279,10780,13059,58,1
dontcache,hit,9522,258,558,816,0,1
dontcache,miss,9523,2456,10636,13092,57,1
dontcache,hit,9523,250,588,838,0,1
dontcache,miss,9524,2260,10360,12620,56,1
dontcache,hit,9524,250,553,803,0,1
dontcache,miss,9525,2444,9967,12411,53,1
dontcache,hit,9525,248,557,805,0,1
dontcache,miss,9526,2274,10279,12553,55,1
dontcache,hit,9526,249,554,803,0,1
dontcache,miss,9527,2738,21369,24107,88,1
dontcache,hit,9527,269,647,916,0,1
dontcache,miss,9528,2279,10609,12888,56,1
dontcache,hit,9528,256,598,854,0,1
dontcache,miss,9529,2468,10516,12984,55,1
dontcache,hit,9529,248,558,806,0,1
dontcache,miss,9530,2295,10922,13217,58,1
dontcache,hit,9530,256,547,803,0,1
dontcache,miss,9531,2443,10764,13207,56,1
dontcache,hit,9531,252,549,801,0,1
dontcache,miss,9532,2309,10867,13176,57,1
dontcache,hit,9532,252,556,808,0,1
dontcache,miss,9533,2494,10522,13016,55,1
dontcache,hit,9533,253,556,809,0,1
dontcache,miss,9534,2315,10647,12962,56,1
dontcache,hit,9534,256,542,798,0,1
dontcache,miss,9535,2482,10824,13306,57,1
dontcache,hit,9535,245,561,806,0,1
dontcache,miss,9536,2306,10694,13000,56,1
dontcache,hit,9536,249,553,802,0,1
dontcache,miss,9537,2485,10852,13337,57,1
dontcache,hit,9537,245,552,797,0,1
dontcache,miss,9538,2328,10684,13012,56,1
dontcache,hit,9538,250,544,794,0,1
dontcache,miss,9539,2514,10441,12955,55,1
dontcache,hit,9539,249,559,808,0,1
dontcache,miss,9540,2291,10646,12937,56,1
dontcache,hit,9540,251,546,797,0,1
dontcache,miss,9541,2511,10702,13213,56,1
dontcache,hit,9541,250,547,797,0,1
dontcache,miss,9542,2285,10487,12772,55,1
dontcache,hit,9542,252,549,801,0,1
dontcache,miss,9543,2468,10680,13148,56,1
dontcache,hit,9543,249,551,800,0,1
dontcache,miss,9544,2229,10574,12803,56,1
dontcache,hit,9544,250,524,774,0,1
dontcache,miss,9545,2495,10585,13080,55,1
dontcache,hit,9545,254,540,794,0,1
dontcache,miss,9546,2341,10812,13153,57,1
dontcache,hit,9546,255,555,810,0,1
dontcache,miss,9547,2482,10704,13186,56,1
dontcache,hit,9547,247,558,805,0,1
dontcache,miss,9548,2336,13332,15668,36,1
dontcache,hit,9548,268,641,909,0,1
dontcache,miss,9549,2506,10926,13432,57,1
dontcache,hit,9549,252,601,853,0,1
dontcache,miss,9550,2363,10912,13275,58,1
dontcache,hit,9550,254,573,827,0,1
dontcache,miss,9551,2497,10873,13370,57,1
dontcache,hit,9551,255,558,813,0,1
dontcache,miss,9552,2299,11256,13555,60,1
dontcache,hit,9552,254,546,800,0,1
dontcache,miss,9553,2496,10525,13021,55,1
dontcache,hit,9553,248,552,800,0,1
dontcache,miss,9554,2306,10615,12921,56,1
dontcache,hit,9554,252,550,802,0,1
dontcache,miss,9555,2509,10813,13322,57,1
dontcache,hit,9555,249,556,805,0,1
dontcache,miss,9556,2284,10658,12942,56,1
dontcache,hit,9556,251,557,808,0,1
dontcache,miss,9557,2549,10857,13406,57,1
dontcache,hit,9557,249,565,814,0,1
dontcache,miss,9558,2299,10661,12960,56,1
dontcache,hit,9558,254,560,814,0,1
dontcache,miss,9559,2525,13053,15578,49,1
dontcache,hit,9559,248,570,818,0,1
dontcache,miss,9560,2377,10626,13003,56,1
dontcache,hit,9560,261,586,847,0,1
dontcache,miss,9561,2541,10709,13250,56,1
dontcache,hit,9561,249,573,822,0,1
dontcache,miss,9562,2313,10515,12828,55,1
dontcache,hit,9562,873,1436,2309,0,1
dontcache,miss,9563,3365,16206,19571,82,1
dontcache,hit,9563,255,2404,2659,0,1
dontcache,miss,9564,2604,11604,14208,55,1
dontcache,hit,9564,1598,1451,3049,0,1
dontcache,miss,9565,2548,17763,20311,93,1
dontcache,hit,9565,469,626,1095,0,1
dontcache,miss,9566,4528,14882,19410,77,1
dontcache,hit,9566,361,546,907,0,1
dontcache,miss,9567,3510,18425,21935,101,1
dontcache,hit,9567,252,545,797,0,1
dontcache,miss,9568,2243,15346,17589,75,1
dontcache,hit,9568,255,819,1074,0,1
dontcache,miss,9569,2968,22971,25939,118,1
dontcache,hit,9569,463,2232,2695,0,1
dontcache,miss,9570,2380,14966,17346,82,1
dontcache,hit,9570,246,531,777,0,1
dontcache,miss,9571,2574,12524,15098,67,1
dontcache,hit,9571,242,717,959,0,1
dontcache,miss,9572,2576,13476,16052,68,1
dontcache,hit,9572,247,531,778,0,1
dontcache,miss,9573,2678,13328,16006,73,1
dontcache,hit,9573,247,536,783,0,1
dontcache,miss,9574,2246,12019,14265,66,1
dontcache,hit,9574,247,547,794,0,1
dontcache,miss,9575,2608,12126,14734,66,1
dontcache,hit,9575,249,550,799,0,1
dontcache,miss,9576,2404,14852,17256,59,1
dontcache,hit,9576,268,612,880,0,1
dontcache,miss,9577,2513,11534,14047,60,1
dontcache,hit,9577,254,581,835,0,1
dontcache,miss,9578,2330,11593,13923,61,1
dontcache,hit,9578,256,564,820,0,1
dontcache,miss,9579,2888,12525,15413,67,1
dontcache,hit,9579,254,576,830,0,1
dontcache,miss,9580,2632,11128,13760,59,1
dontcache,hit,9580,253,558,811,0,1
dontcache,miss,9581,2579,11907,14486,63,1
dontcache,hit,9581,253,564,817,0,1
dontcache,miss,9582,2377,15359,17736,84,1
dontcache,hit,9582,252,1128,1380,0,1
dontcache,miss,9583,3738,13291,17029,70,1
dontcache,hit,9583,253,562,815,0,1
dontcache,miss,9584,3275,17649,20924,97,1
dontcache,hit,9584,253,560,813,0,1
dontcache,miss,9585,3213,18114,21327,65,1
dontcache,hit,9585,251,712,963,0,1
dontcache,miss,9586,2450,10814,13264,57,1
dontcache,hit,9586,254,742,996,0,1
dontcache,miss,9587,2512,12907,15419,69,1
dontcache,hit,9587,253,847,1100,0,1
dontcache,miss,9588,2285,10650,12935,56,1
dontcache,hit,9588,258,556,814,0,1
dontcache,miss,9589,2544,11099,13643,58,1
dontcache,hit,9589,251,556,807,0,1
dontcache,miss,9590,2454,12520,14974,67,1
dontcache,hit,9590,255,787,1042,0,1
dontcache,miss,9591,2542,12041,14583,64,1
dontcache,hit,9591,247,640,887,0,1
dontcache,miss,9592,2471,12621,15092,66,1
dontcache,hit,9592,253,559,812,0,1
dontcache,miss,9593,2716,11381,14097,60,1
dontcache,hit,9593,245,531,776,0,1
dontcache,miss,9594,2716,12028,14744,63,1
dontcache,hit,9594,252,545,797,0,1
dontcache,miss,9595,2568,12855,15423,69,1
dontcache,hit,9595,253,867,1120,0,1
dontcache,miss,9596,2303,10813,13116,57,1
dontcache,hit,9596,256,547,803,0,1
dontcache,miss,9597,7657,13786,21443,17,1
dontcache,hit,9597,519,950,1469,0,1
dontcache,miss,9598,10875,16056,26931,39,1
dontcache,hit,9598,893,1020,1913,0,1
dontcache,miss,9599,4751,15046,19797,56,1
dontcache,hit,9599,565,1459,2024,0,1
dontcache,miss,9600,5695,14225,19920,51,1
dontcache,hit,9600,759,1697,2456,0,1
dontcache,miss,9601,4674,12596,17270,47,1
dontcache,hit,9601,430,1119,1549,0,1
dontcache,miss,9602,4270,12594,16864,49,1
dontcache,hit,9602,401,1385,1786,0,1
dontcache,miss,9603,4715,13459,18174,50,1
dontcache,hit,9603,458,804,1262,0,1
dontcache,miss,9604,4226,11638,15864,39,1
dontcache,hit,9604,415,1154,1569,0,1
dontcache,miss,9605,4394,13207,17601,41,1
dontcache,hit,9605,394,817,1211,0,1
dontcache,miss,9606,6047,13055,19102,43,1
dontcache,hit,9606,345,1399,1744,0,1
dontcache,miss,9607,4192,14409,18601,59,1
dontcache,hit,9607,345,1755,2100,0,1
dontcache,miss,9608,5693,11453,17146,39,1
dontcache,hit,9608,960,865,1825,0,1
dontcache,miss,9609,5432,11005,16437,41,1
dontcache,hit,9609,361,1863,2224,0,1
dontcache,miss,9610,4271,12185,16456,46,1
dontcache,hit,9610,402,2866,3268,0,1
dontcache,miss,9611,5220,11046,16266,42,1
dontcache,hit,9611,387,893,1280,0,1
dontcache,miss,9612,4011,15542,19553,61,1
dontcache,hit,9612,319,2125,2444,0,1
dontcache,miss,9613,3501,12267,15768,42,1
dontcache,hit,9613,317,838,1155,0,1
dontcache,miss,9614,3615,12340,15955,40,1
dontcache,hit,9614,461,1455,1916,0,1
dontcache,miss,9615,4856,12387,17243,40,1
dontcache,hit,9615,1034,1218,2252,0,1
dontcache,miss,9616,5293,11541,16834,41,1
dontcache,hit,9616,1246,833,2079,0,1
dontcache,miss,9617,4109,11319,15428,37,1
dontcache,hit,9617,379,866,1245,0,1
dontcache,miss,9618,3935,12389,16324,35,1
dontcache,hit,9618,426,1299,1725,0,1
dontcache,miss,9619,4979,15273,20252,79,1
dontcache,hit,9619,379,1001,1380,0,1
dontcache,miss,9620,3853,15628,19481,83,1
dontcache,hit,9620,267,852,1119,0,1
dontcache,miss,9621,2714,11784,14498,62,1
dontcache,hit,9621,253,588,841,0,1
dontcache,miss,9622,2826,12057,14883,64,1
dontcache,hit,9622,257,560,817,0,1
dontcache,miss,9623,2731,14025,16756,76,1
dontcache,hit,9623,259,555,814,0,1
dontcache,miss,9624,2353,10817,13170,57,1
dontcache,hit,9624,258,561,819,0,1
dontcache,miss,9625,2637,11132,13769,52,1
dontcache,hit,9625,261,2206,2467,0,1
dontcache,miss,9626,2333,10838,13171,57,1
dontcache,hit,9626,261,573,834,0,1
dontcache,miss,9627,6516,9110,15626,42,1
dontcache,hit,9627,263,559,822,0,1
dontcache,miss,9628,2578,9265,11843,48,1
dontcache,hit,9628,260,632,892,0,1
dontcache,miss,9629,2438,11382,13820,51,1
dontcache,hit,9629,258,595,853,0,1
dontcache,miss,9630,3300,10152,13452,31,1
dontcache,hit,9630,435,1133,1568,0,1
dontcache,miss,9631,3256,10795,14051,56,1
dontcache,hit,9631,325,868,1193,0,1
dontcache,miss,9632,2409,11198,13607,59,1
dontcache,hit,9632,267,670,937,0,1
dontcache,miss,9633,2538,12895,15433,69,1
dontcache,hit,9633,259,584,843,0,1
dontcache,miss,9634,2425,13913,16338,75,1
dontcache,hit,9634,262,708,970,0,1
dontcache,miss,9635,2535,11218,13753,37,1
dontcache,hit,9635,264,588,852,0,1
dontcache,miss,9636,3716,10822,14538,33,1
dontcache,hit,9636,387,1035,1422,0,1
dontcache,miss,9637,2653,11655,14308,61,1
dontcache,hit,9637,266,636,902,0,1
dontcache,miss,9638,2398,10638,13036,25,1
dontcache,hit,9638,262,621,883,0,1
dontcache,miss,9639,2532,10908,13440,57,1
dontcache,hit,9639,257,575,832,0,1
dontcache,miss,9640,2401,10628,13029,56,1
dontcache,hit,9640,263,573,836,0,1
dontcache,miss,9641,2523,9710,12233,50,1
dontcache,hit,9641,263,558,821,0,1
dontcache,miss,9642,2368,9356,11724,48,1
dontcache,hit,9642,262,545,807,0,1
dontcache,miss,9643,2476,10668,13144,56,1
dontcache,hit,9643,261,567,828,0,1
dontcache,miss,9644,2355,10669,13024,56,1
dontcache,hit,9644,262,545,807,0,1
dontcache,miss,9645,2514,10631,13145,56,1
dontcache,hit,9645,263,569,832,0,1
dontcache,miss,9646,2413,10675,13088,56,1
dontcache,hit,9646,265,556,821,0,1
dontcache,miss,9647,2491,10564,13055,55,1
dontcache,hit,9647,260,556,816,0,1
dontcache,miss,9648,2329,10534,12863,55,1
dontcache,hit,9648,262,565,827,0,1
dontcache,miss,9649,2549,10563,13112,55,1
dontcache,hit,9649,261,555,816,0,1
dontcache,miss,9650,2362,10656,13018,56,1
dontcache,hit,9650,266,555,821,0,1
dontcache,miss,9651,2522,10568,13090,55,1
dontcache,hit,9651,261,539,800,0,1
dontcache,miss,9652,2339,10459,12798,55,1
dontcache,hit,9652,262,551,813,0,1
dontcache,miss,9653,2518,10554,13072,55,1
dontcache,hit,9653,267,561,828,0,1
dontcache,miss,9654,2358,10655,13013,56,1
dontcache,hit,9654,265,554,819,0,1
dontcache,miss,9655,2525,10737,13262,56,1
dontcache,hit,9655,259,545,804,0,1
dontcache,miss,9656,2362,10856,13218,57,1
dontcache,hit,9656,269,560,829,0,1
dontcache,miss,9657,2479,10484,12963,55,1
dontcache,hit,9657,262,567,829,0,1
dontcache,miss,9658,2352,10456,12808,55,1
dontcache,hit,9658,264,557,821,0,1
dontcache,miss,9659,3013,11751,14764,61,1
dontcache,hit,9659,593,826,1419,0,1
dontcache,miss,9660,2349,17731,20080,89,1
dontcache,hit,9660,259,583,842,0,1
dontcache,miss,9661,2452,10511,12963,56,1
dontcache,hit,9661,260,577,837,0,1
dontcache,miss,9662,2349,11804,14153,64,1
dontcache,hit,9662,259,564,823,0,1
dontcache,miss,9663,2476,10629,13105,57,1
dontcache,hit,9663,261,560,821,0,1
dontcache,miss,9664,2301,10476,12777,56,1
dontcache,hit,9664,257,549,806,0,1
dontcache,miss,9665,2439,10647,13086,57,1
dontcache,hit,9665,256,552,808,0,1
dontcache,miss,9666,2297,10420,12717,56,1
dontcache,hit,9666,259,563,822,0,1
dontcache,miss,9667,2444,10625,13069,57,1
dontcache,hit,9667,258,549,807,0,1
dontcache,miss,9668,2294,10278,12572,55,1
dontcache,hit,9668,259,550,809,0,1
dontcache,miss,9669,2484,9465,11949,50,1
dontcache,hit,9669,258,565,823,0,1
dontcache,miss,9670,2292,8944,11236,47,1
dontcache,hit,9670,259,548,807,0,1
dontcache,miss,9671,2708,10397,13105,55,1
dontcache,hit,9671,297,682,979,0,1
dontcache,miss,9672,2286,10409,12695,56,1
dontcache,hit,9672,264,572,836,0,1
dontcache,miss,9673,2420,10502,12922,56,1
dontcache,hit,9673,253,555,808,0,1
dontcache,miss,9674,2232,10385,12617,56,1
dontcache,hit,9674,261,554,815,0,1
dontcache,miss,9675,2485,10421,12906,56,1
dontcache,hit,9675,254,556,810,0,1
dontcache,miss,9676,2278,10238,12516,55,1
dontcache,hit,9676,259,558,817,0,1
dontcache,miss,9677,2457,10464,12921,56,1
dontcache,hit,9677,251,534,785,0,1
dontcache,miss,9678,2327,10395,12722,56,1
dontcache,hit,9678,317,544,861,0,1
dontcache,miss,9679,2497,9128,11625,48,1
dontcache,hit,9679,257,541,798,0,1
dontcache,miss,9680,2284,9290,11574,49,1
dontcache,hit,9680,259,537,796,0,1
dontcache,miss,9681,2444,10469,12913,56,1
dontcache,hit,9681,259,541,800,0,1
dontcache,miss,9682,2251,10291,12542,55,1
dontcache,hit,9682,261,532,793,0,1
dontcache,miss,9683,2448,10480,12928,56,1
dontcache,hit,9683,255,535,790,0,1
dontcache,miss,9684,2254,10730,12984,58,1
dontcache,hit,9684,262,537,799,0,1
dontcache,miss,9685,2455,10452,12907,56,1
dontcache,hit,9685,254,542,796,0,1
dontcache,miss,9686,2251,10556,12807,57,1
dontcache,hit,9686,259,542,801,0,1
dontcache,miss,9687,2472,10387,12859,55,1
dontcache,hit,9687,258,535,793,0,1
dontcache,miss,9688,2282,10535,12817,56,1
dontcache,hit,9688,261,539,800,0,1
dontcache,miss,9689,2443,10457,12900,56,1
dontcache,hit,9689,256,540,796,0,1
dontcache,miss,9690,2285,10407,12692,56,1
dontcache,hit,9690,261,533,794,0,1
dontcache,miss,9691,2491,9307,11798,49,1
dontcache,hit,9691,256,545,801,0,1
dontcache,miss,9692,2316,9119,11435,48,1
dontcache,hit,9692,258,527,785,0,1
dontcache,miss,9693,2836,10360,13196,55,1
dontcache,hit,9693,313,746,1059,0,1
dontcache,miss,9694,2280,10572,12852,57,1
dontcache,hit,9694,256,565,821,0,1
dontcache,miss,9695,2476,10334,12810,55,1
dontcache,hit,9695,267,569,836,0,1
dontcache,miss,9696,2290,10419,12709,56,1
dontcache,hit,9696,261,540,801,0,1
dontcache,miss,9697,2456,9823,12279,52,1
dontcache,hit,9697,259,554,813,0,1
dontcache,miss,9698,2350,10479,12829,56,1
dontcache,hit,9698,268,563,831,0,1
dontcache,miss,9699,2449,9772,12221,52,1
dontcache,hit,9699,261,546,807,0,1
dontcache,miss,9700,2302,9044,11346,48,1
dontcache,hit,9700,263,549,812,0,1
dontcache,miss,9701,2488,10452,12940,56,1
dontcache,hit,9701,257,550,807,0,1
dontcache,miss,9702,2318,10307,12625,55,1
dontcache,hit,9702,257,543,800,0,1
dontcache,miss,9703,2487,10285,12772,55,1
dontcache,hit,9703,255,546,801,0,1
dontcache,miss,9704,2258,10605,12863,57,1
dontcache,hit,9704,255,543,798,0,1
dontcache,miss,9705,2684,9724,12408,51,1
dontcache,hit,9705,280,601,881,0,1
dontcache,miss,9706,2266,10495,12761,56,1
dontcache,hit,9706,256,552,808,0,1
dontcache,miss,9707,2502,10293,12795,55,1
dontcache,hit,9707,255,553,808,0,1
dontcache,miss,9708,2287,10440,12727,56,1
dontcache,hit,9708,262,545,807,0,1
dontcache,miss,9709,2484,10713,13197,57,1
dontcache,hit,9709,259,536,795,0,1
dontcache,miss,9710,2334,10420,12754,56,1
dontcache,hit,9710,264,529,793,0,1
dontcache,miss,9711,2499,10896,13395,57,1
dontcache,hit,9711,259,538,797,0,1
dontcache,miss,9712,2303,10828,13131,57,1
dontcache,hit,9712,262,542,804,0,1
dontcache,miss,9713,2550,10742,13292,56,1
dontcache,hit,9713,259,542,801,0,1
dontcache,miss,9714,2349,10593,12942,56,1
dontcache,hit,9714,264,539,803,0,1
dontcache,miss,9715,2508,10716,13224,56,1
dontcache,hit,9715,264,555,819,0,1
dontcache,miss,9716,2322,10437,12759,55,1
dontcache,hit,9716,264,558,822,0,1
dontcache,miss,9717,2521,10511,13032,55,1
dontcache,hit,9717,260,546,806,0,1
dontcache,miss,9718,2334,10542,12876,55,1
dontcache,hit,9718,267,534,801,0,1
dontcache,miss,9719,2501,10766,13267,56,1
dontcache,hit,9719,258,535,793,0,1
dontcache,miss,9720,2355,10500,12855,55,1
dontcache,hit,9720,264,541,805,0,1
dontcache,miss,9721,2538,9329,11867,48,1
dontcache,hit,9721,262,539,801,0,1
dontcache,miss,9722,2289,9292,11581,48,1
dontcache,hit,9722,263,554,817,0,1
dontcache,miss,9723,2482,10523,13005,55,1
dontcache,hit,9723,278,540,818,0,1
dontcache,miss,9724,2329,10433,12762,55,1
dontcache,hit,9724,265,565,830,0,1
dontcache,miss,9725,2530,10570,13100,55,1
dontcache,hit,9725,260,546,806,0,1
dontcache,miss,9726,2337,10493,12830,55,1
dontcache,hit,9726,328,768,1096,0,1
dontcache,miss,9727,2572,10762,13334,53,1
dontcache,hit,9727,268,10255,10523,0,1
dontcache,miss,9728,2317,10768,13085,58,1
dontcache,hit,9728,261,557,818,0,1
dontcache,miss,9729,2461,10348,12809,55,1
dontcache,hit,9729,257,560,817,0,1
dontcache,miss,9730,2310,10762,13072,58,1
dontcache,hit,9730,256,548,804,0,1
dontcache,miss,9731,2449,10611,13060,57,1
dontcache,hit,9731,258,563,821,0,1
dontcache,miss,9732,2284,10429,12713,56,1
dontcache,hit,9732,260,551,811,0,1
dontcache,miss,9733,2495,10952,13447,59,1
dontcache,hit,9733,256,559,815,0,1
dontcache,miss,9734,2330,10418,12748,56,1
dontcache,hit,9734,258,549,807,0,1
dontcache,miss,9735,2470,10531,13001,56,1
dontcache,hit,9735,257,554,811,0,1
dontcache,miss,9736,2286,10230,12516,55,1
dontcache,hit,9736,259,543,802,0,1
dontcache,miss,9737,2424,10369,12793,55,1
dontcache,hit,9737,257,551,808,0,1
dontcache,miss,9738,2256,10287,12543,26,1
dontcache,hit,9738,277,577,854,0,1
dontcache,miss,9739,2511,10533,13044,55,1
dontcache,hit,9739,258,549,807,0,1
dontcache,miss,9740,2355,10316,12671,54,1
dontcache,hit,9740,259,542,801,0,1
dontcache,miss,9741,2492,8921,11413,47,1
dontcache,hit,9741,255,544,799,0,1
dontcache,miss,9742,2338,8983,11321,47,1
dontcache,hit,9742,257,537,794,0,1
dontcache,miss,9743,2505,10280,12785,55,1
dontcache,hit,9743,253,536,789,0,1
dontcache,miss,9744,2303,10512,12815,56,1
dontcache,hit,9744,262,527,789,0,1
dontcache,miss,9745,2458,10284,12742,55,1
dontcache,hit,9745,259,536,795,0,1
dontcache,miss,9746,2330,10203,12533,55,1
dontcache,hit,9746,262,525,787,0,1
dontcache,miss,9747,2486,10267,12753,55,1
dontcache,hit,9747,256,538,794,0,1
dontcache,miss,9748,2307,10407,12714,56,1
dontcache,hit,9748,260,537,797,0,1
dontcache,miss,9749,2421,10429,12850,56,1
dontcache,hit,9749,254,534,788,0,1
dontcache,miss,9750,2310,10603,12913,57,1
dontcache,hit,9750,259,524,783,0,1
dontcache,miss,9751,2468,10281,12749,55,1
dontcache,hit,9751,258,552,810,0,1
dontcache,miss,9752,2294,10504,12798,56,1
dontcache,hit,9752,260,534,794,0,1
dontcache,miss,9753,2466,10349,12815,55,1
dontcache,hit,9753,260,524,784,0,1
dontcache,miss,9754,2327,10461,12788,56,1
dontcache,hit,9754,264,542,806,0,1
dontcache,miss,9755,2508,10684,13192,57,1
dontcache,hit,9755,258,541,799,0,1
dontcache,miss,9756,2332,10272,12604,55,1
dontcache,hit,9756,258,532,790,0,1
dontcache,miss,9757,2451,10439,12890,56,1
dontcache,hit,9757,254,537,791,0,1
dontcache,miss,9758,2371,10236,12607,55,1
dontcache,hit,9758,260,534,794,0,1
dontcache,miss,9759,2712,10420,13132,55,1
dontcache,hit,9759,283,646,929,0,1
dontcache,miss,9760,7291,12083,19374,64,1
dontcache,hit,9760,261,554,815,0,1
dontcache,miss,9761,2439,10438,12877,56,1
dontcache,hit,9761,274,541,815,0,1
dontcache,miss,9762,2304,10267,12571,55,1
dontcache,hit,9762,257,539,796,0,1
dontcache,miss,9763,2451,10611,13062,57,1
dontcache,hit,9763,257,538,795,0,1
dontcache,miss,9764,2312,10608,12920,57,1
dontcache,hit,9764,258,547,805,0,1
dontcache,miss,9765,2438,10447,12885,56,1
dontcache,hit,9765,255,546,801,0,1
dontcache,miss,9766,2309,10421,12730,56,1
dontcache,hit,9766,261,550,811,0,1
dontcache,miss,9767,2419,10294,12713,55,1
dontcache,hit,9767,252,540,792,0,1
dontcache,miss,9768,2331,10305,12636,55,1
dontcache,hit,9768,257,537,794,0,1
dontcache,miss,9769,2427,10606,13033,57,1
dontcache,hit,9769,253,543,796,0,1
dontcache,miss,9770,2306,10281,12587,55,1
dontcache,hit,9770,267,593,860,0,1
dontcache,miss,9771,2446,10454,12900,56,1
dontcache,hit,9771,253,530,783,0,1
dontcache,miss,9772,2263,10424,12687,56,1
dontcache,hit,9772,261,534,795,0,1
dontcache,miss,9773,2465,10166,12631,54,1
dontcache,hit,9773,261,536,797,0,1
dontcache,miss,9774,2366,10376,12742,56,1
dontcache,hit,9774,259,528,787,0,1
dontcache,miss,9775,2443,10309,12752,55,1
dontcache,hit,9775,263,538,801,0,1
dontcache,miss,9776,2278,10423,12701,56,1
dontcache,hit,9776,261,524,785,0,1
dontcache,miss,9777,2414,10807,13221,58,1
dontcache,hit,9777,259,537,796,0,1
dontcache,miss,9778,2247,10260,12507,55,1
dontcache,hit,9778,256,524,780,0,1
dontcache,miss,9779,2478,10464,12942,56,1
dontcache,hit,9779,258,531,789,0,1
dontcache,miss,9780,2320,10263,12583,55,1
dontcache,hit,9780,266,529,795,0,1
dontcache,miss,9781,2446,10458,12904,56,1
dontcache,hit,9781,260,518,778,0,1
dontcache,miss,9782,2289,10282,12571,55,1
dontcache,hit,9782,259,519,778,0,1
dontcache,miss,9783,2319,10491,12810,56,1
dontcache,hit,9783,257,545,802,0,1
dontcache,miss,9784,7395,10682,18077,56,1
dontcache,hit,9784,263,543,806,0,1
dontcache,miss,9785,2516,10543,13059,55,1
dontcache,hit,9785,262,551,813,0,1
dontcache,miss,9786,2340,10686,13026,56,1
dontcache,hit,9786,265,589,854,0,1
dontcache,miss,9787,2534,10665,13199,56,1
dontcache,hit,9787,263,540,803,0,1
dontcache,miss,9788,2363,10651,13014,56,1
dontcache,hit,9788,268,542,810,0,1
dontcache,miss,9789,2513,10465,12978,55,1
dontcache,hit,9789,269,552,821,0,1
dontcache,miss,9790,2400,10607,13007,56,1
dontcache,hit,9790,264,556,820,0,1
dontcache,miss,9791,2508,10925,13433,57,1
dontcache,hit,9791,258,533,791,0,1
dontcache,miss,9792,6136,11354,17490,54,1
dontcache,hit,9792,268,645,913,0,1
dontcache,miss,9793,3898,10844,14742,33,1
dontcache,hit,9793,407,858,1265,0,1
dontcache,miss,9794,2810,17827,20637,88,1
dontcache,hit,9794,260,604,864,0,1
dontcache,miss,9795,2430,10437,12867,56,1
dontcache,hit,9795,258,548,806,0,1
dontcache,miss,9796,2288,10913,13201,59,1
dontcache,hit,9796,258,537,795,0,1
dontcache,miss,9797,2459,10639,13098,57,1
dontcache,hit,9797,259,555,814,0,1
dontcache,miss,9798,2242,10430,12672,56,1
dontcache,hit,9798,256,553,809,0,1
dontcache,miss,9799,2477,10553,13030,57,1
dontcache,hit,9799,255,533,788,0,1
dontcache,miss,9800,2253,10408,12661,56,1
dontcache,hit,9800,260,548,808,0,1
dontcache,miss,9801,2462,10479,12941,56,1
dontcache,hit,9801,254,546,800,0,1
dontcache,miss,9802,2232,10486,12718,56,1
dontcache,hit,9802,261,533,794,0,1
dontcache,miss,9803,2685,10547,13232,56,1
dontcache,hit,9803,4639,631,5270,0,1
dontcache,miss,9804,2241,10419,12660,56,1
dontcache,hit,9804,264,564,828,0,1
dontcache,miss,9805,2451,10483,12934,56,1
dontcache,hit,9805,250,551,801,0,1
dontcache,miss,9806,2291,10264,12555,55,1
dontcache,hit,9806,253,540,793,0,1
dontcache,miss,9807,2438,10336,12774,55,1
dontcache,hit,9807,251,531,782,0,1
dontcache,miss,9808,2280,10423,12703,56,1
dontcache,hit,9808,254,531,785,0,1
dontcache,miss,9809,2444,10297,12741,55,1
dontcache,hit,9809,248,556,804,0,1
dontcache,miss,9810,2230,10488,12718,56,1
dontcache,hit,9810,258,551,809,0,1
dontcache,miss,9811,2513,10313,12826,54,1
dontcache,hit,9811,255,537,792,0,1
dontcache,miss,9812,2283,10502,12785,55,1
dontcache,hit,9812,262,544,806,0,1
dontcache,miss,9813,2504,10541,13045,55,1
dontcache,hit,9813,258,551,809,0,1
dontcache,miss,9814,2289,10490,12779,55,1
dontcache,hit,9814,261,549,810,0,1
dontcache,miss,9815,2490,10532,13022,55,1
dontcache,hit,9815,261,540,801,0,1
dontcache,miss,9816,2280,10824,13104,57,1
dontcache,hit,9816,264,547,811,0,1
dontcache,miss,9817,2500,10499,12999,55,1
dontcache,hit,9817,257,544,801,0,1
dontcache,miss,9818,2292,10659,12951,56,1
dontcache,hit,9818,263,549,812,0,1
dontcache,miss,9819,2490,9200,11690,47,1
dontcache,hit,9819,259,532,791,0,1
dontcache,miss,9820,2328,10013,12341,52,1
dontcache,hit,9820,264,542,806,0,1
dontcache,miss,9821,2504,10767,13271,56,1
dontcache,hit,9821,255,554,809,0,1
dontcache,miss,9822,2323,10722,13045,56,1
dontcache,hit,9822,262,549,811,0,1
dontcache,miss,9823,2497,10675,13172,56,1
dontcache,hit,9823,260,533,793,0,1
dontcache,miss,9824,2290,10602,12892,56,1
dontcache,hit,9824,301,687,988,0,1
dontcache,miss,9825,2543,17591,20134,87,1
dontcache,hit,9825,272,591,863,0,1
dontcache,miss,9826,2316,10322,12638,55,1
dontcache,hit,9826,256,558,814,0,1
dontcache,miss,9827,2491,10411,12902,56,1
dontcache,hit,9827,262,571,833,0,1
dontcache,miss,9828,2327,10387,12714,56,1
dontcache,hit,9828,255,541,796,0,1
dontcache,miss,9829,2458,10455,12913,56,1
dontcache,hit,9829,254,568,822,0,1
dontcache,miss,9830,2301,10714,13015,50,1
dontcache,hit,9830,258,1361,1619,0,1
dontcache,miss,9831,2435,10598,13033,57,1
dontcache,hit,9831,257,556,813,0,1
dontcache,miss,9832,2289,10343,12632,55,1
dontcache,hit,9832,257,549,806,0,1
dontcache,miss,9833,2469,10472,12941,56,1
dontcache,hit,9833,255,550,805,0,1
dontcache,miss,9834,2318,10320,12638,55,1
dontcache,hit,9834,254,540,794,0,1
dontcache,miss,9835,2449,10189,12638,54,1
dontcache,hit,9835,251,552,803,0,1
dontcache,miss,9836,2304,10410,12714,56,1
dontcache,hit,9836,268,560,828,0,1
dontcache,miss,9837,2466,10599,13065,57,1
dontcache,hit,9837,253,530,783,0,1
dontcache,miss,9838,2350,10715,13065,58,1
dontcache,hit,9838,258,533,791,0,1
dontcache,miss,9839,2448,8949,11397,47,1
dontcache,hit,9839,253,534,787,0,1
dontcache,miss,9840,2284,9048,11332,48,1
dontcache,hit,9840,256,536,792,0,1
dontcache,miss,9841,2440,10304,12744,55,1
dontcache,hit,9841,252,522,774,0,1
dontcache,miss,9842,2245,10460,12705,56,1
dontcache,hit,9842,259,531,790,0,1
dontcache,miss,9843,2462,10797,13259,58,1
dontcache,hit,9843,243,528,771,0,1
dontcache,miss,9844,2330,10264,12594,55,1
dontcache,hit,9844,254,548,802,0,1
dontcache,miss,9845,2454,8998,11452,47,1
dontcache,hit,9845,252,527,779,0,1
dontcache,miss,9846,2312,8914,11226,47,1
dontcache,hit,9846,254,552,806,0,1
dontcache,miss,9847,2430,10394,12824,56,1
dontcache,hit,9847,252,528,780,0,1
dontcache,miss,9848,2295,10228,12523,55,1
dontcache,hit,9848,259,534,793,0,1
dontcache,miss,9849,2449,10249,12698,55,1
dontcache,hit,9849,258,525,783,0,1
dontcache,miss,9850,2304,10429,12733,56,1
dontcache,hit,9850,273,525,798,0,1
dontcache,miss,9851,2445,10260,12705,55,1
dontcache,hit,9851,255,510,765,0,1
dontcache,miss,9852,2274,10266,12540,55,1
dontcache,hit,9852,256,513,769,0,1
dontcache,miss,9853,2436,10426,12862,56,1
dontcache,hit,9853,256,527,783,0,1
dontcache,miss,9854,2282,10302,12584,55,1
dontcache,hit,9854,258,531,789,0,1
dontcache,miss,9855,2448,10283,12731,55,1
dontcache,hit,9855,256,515,771,0,1
dontcache,miss,9856,2356,10269,12625,55,1
dontcache,hit,9856,257,537,794,0,1
dontcache,miss,9857,2430,10114,12544,54,1
dontcache,hit,9857,254,529,783,0,1
dontcache,miss,9858,2254,10275,12529,55,1
dontcache,hit,9858,302,617,919,0,1
dontcache,miss,9859,2501,10849,13350,57,1
dontcache,hit,9859,266,582,848,0,1
dontcache,miss,9860,2280,10701,12981,56,1
dontcache,hit,9860,261,571,832,0,1
dontcache,miss,9861,2548,10937,13485,57,1
dontcache,hit,9861,260,561,821,0,1
dontcache,miss,9862,2298,10672,12970,56,1
dontcache,hit,9862,262,551,813,0,1
dontcache,miss,9863,2503,11037,13540,58,1
dontcache,hit,9863,255,569,824,0,1
dontcache,miss,9864,2317,11001,13318,58,1
dontcache,hit,9864,258,561,819,0,1
dontcache,miss,9865,2515,10543,13058,55,1
dontcache,hit,9865,266,562,828,0,1
dontcache,miss,9866,2296,10492,12788,55,1
dontcache,hit,9866,264,542,806,0,1
dontcache,miss,9867,2464,10893,13357,57,1
dontcache,hit,9867,257,550,807,0,1
dontcache,miss,9868,2281,10652,12933,56,1
dontcache,hit,9868,261,569,830,0,1
dontcache,miss,9869,2509,10525,13034,55,1
dontcache,hit,9869,259,551,810,0,1
dontcache,miss,9870,2651,10563,13214,55,1
dontcache,hit,9870,264,589,853,0,1
dontcache,miss,9871,2501,10552,13053,55,1
dontcache,hit,9871,259,564,823,0,1
dontcache,miss,9872,2293,10574,12867,56,1
dontcache,hit,9872,266,547,813,0,1
dontcache,miss,9873,2502,10561,13063,55,1
dontcache,hit,9873,258,538,796,0,1
dontcache,miss,9874,2346,10675,13021,56,1
dontcache,hit,9874,262,543,805,0,1
dontcache,miss,9875,2499,10718,13217,56,1
dontcache,hit,9875,257,562,819,0,1
dontcache,miss,9876,2253,10503,12756,55,1
dontcache,hit,9876,263,553,816,0,1
dontcache,miss,9877,2517,10470,12987,55,1
dontcache,hit,9877,259,544,803,0,1
dontcache,miss,9878,2324,10708,13032,56,1
dontcache,hit,9878,260,539,799,0,1
dontcache,miss,9879,2496,10526,13022,55,1
dontcache,hit,9879,259,547,806,0,1
dontcache,miss,9880,2279,10500,12779,55,1
dontcache,hit,9880,261,543,804,0,1
dontcache,miss,9881,2497,10525,13022,55,1
dontcache,hit,9881,258,541,799,0,1
dontcache,miss,9882,2296,10865,13161,57,1
dontcache,hit,9882,265,567,832,0,1
dontcache,miss,9883,2523,10713,13236,56,1
dontcache,hit,9883,256,546,802,0,1
dontcache,miss,9884,2272,10614,12886,56,1
dontcache,hit,9884,268,535,803,0,1
dontcache,miss,9885,2500,10736,13236,56,1
dontcache,hit,9885,255,538,793,0,1
dontcache,miss,9886,2315,10597,12912,56,1
dontcache,hit,9886,258,547,805,0,1
dontcache,miss,9887,2515,11081,13596,58,1
dontcache,hit,9887,263,536,799,0,1
dontcache,miss,9888,2367,10613,12980,56,1
dontcache,hit,9888,260,542,802,0,1
dontcache,miss,9889,2526,10693,13219,56,1
dontcache,hit,9889,261,540,801,0,1
dontcache,miss,9890,2317,10663,12980,56,1
dontcache,hit,9890,262,548,810,0,1
dontcache,miss,9891,2824,10809,13633,56,1
dontcache,hit,9891,304,694,998,0,1
dontcache,miss,9892,9179,10886,20065,59,1
dontcache,hit,9892,255,575,830,0,1
dontcache,miss,9893,2419,10433,12852,56,1
dontcache,hit,9893,253,549,802,0,1
dontcache,miss,9894,2268,10399,12667,56,1
dontcache,hit,9894,252,548,800,0,1
dontcache,miss,9895,2489,10592,13081,57,1
dontcache,hit,9895,252,556,808,0,1
dontcache,miss,9896,2258,10595,12853,57,1
dontcache,hit,9896,257,550,807,0,1
dontcache,miss,9897,2416,10589,13005,57,1
dontcache,hit,9897,250,541,791,0,1
dontcache,miss,9898,2245,10312,12557,55,1
dontcache,hit,9898,254,542,796,0,1
dontcache,miss,9899,2420,10471,12891,56,1
dontcache,hit,9899,254,560,814,0,1
dontcache,miss,9900,2254,10291,12545,55,1
dontcache,hit,9900,253,547,800,0,1
dontcache,miss,9901,2440,10291,12731,55,1
dontcache,hit,9901,254,540,794,0,1
dontcache,miss,9902,2262,10462,12724,56,1
dontcache,hit,9902,266,624,890,0,1
dontcache,miss,9903,2445,10457,12902,56,1
dontcache,hit,9903,263,550,813,0,1
dontcache,miss,9904,2262,10314,12576,55,1
dontcache,hit,9904,259,532,791,0,1
dontcache,miss,9905,2496,8963,11459,47,1
dontcache,hit,9905,256,540,796,0,1
dontcache,miss,9906,2298,9212,11510,49,1
dontcache,hit,9906,254,528,782,0,1
dontcache,miss,9907,2447,10315,12762,55,1
dontcache,hit,9907,258,530,788,0,1
dontcache,miss,9908,2272,10162,12434,54,1
dontcache,hit,9908,263,533,796,0,1
dontcache,miss,9909,2448,10396,12844,56,1
dontcache,hit,9909,250,522,772,0,1
dontcache,miss,9910,2278,10287,12565,55,1
dontcache,hit,9910,257,516,773,0,1
dontcache,miss,9911,2455,9122,11577,48,1
dontcache,hit,9911,253,518,771,0,1
dontcache,miss,9912,2256,9098,11354,48,1
dontcache,hit,9912,261,537,798,0,1
dontcache,miss,9913,2455,10274,12729,55,1
dontcache,hit,9913,256,536,792,0,1
dontcache,miss,9914,2269,10572,12841,57,1
dontcache,hit,9914,252,519,771,0,1
dontcache,miss,9915,2456,10290,12746,55,1
dontcache,hit,9915,252,526,778,0,1
dontcache,miss,9916,2246,10360,12606,56,1
dontcache,hit,9916,261,519,780,0,1
dontcache,miss,9917,2368,11547,13915,51,1
dontcache,hit,9917,261,537,798,0,1
dontcache,miss,9918,3412,10078,13490,46,1
dontcache,hit,9918,272,644,916,0,1
dontcache,miss,9919,2411,10852,13263,58,1
dontcache,hit,9919,256,538,794,0,1
dontcache,miss,9920,2331,10449,12780,56,1
dontcache,hit,9920,257,541,798,0,1
dontcache,miss,9921,2444,10299,12743,55,1
dontcache,hit,9921,257,537,794,0,1
dontcache,miss,9922,2302,10639,12941,57,1
dontcache,hit,9922,258,527,785,0,1
dontcache,miss,9923,2451,10279,12730,55,1
dontcache,hit,9923,258,543,801,0,1
dontcache,miss,9924,2266,10254,12520,55,1
dontcache,hit,9924,304,739,1043,0,1
dontcache,miss,9925,2534,10865,13399,57,1
dontcache,hit,9925,273,570,843,0,1
dontcache,miss,9926,2301,11044,13345,58,1
dontcache,hit,9926,263,546,809,0,1
dontcache,miss,9927,2449,10836,13285,58,1
dontcache,hit,9927,254,546,800,0,1
dontcache,miss,9928,2266,10928,13194,59,1
dontcache,hit,9928,262,550,812,0,1
dontcache,miss,9929,2393,10849,13242,58,1
dontcache,hit,9929,254,556,810,0,1
dontcache,miss,9930,2218,10676,12894,57,1
dontcache,hit,9930,260,541,801,0,1
dontcache,miss,9931,2435,10688,13123,57,1
dontcache,hit,9931,262,544,806,0,1
dontcache,miss,9932,2255,10397,12652,48,1
dontcache,hit,9932,259,1402,1661,0,1
dontcache,miss,9933,2481,10496,12977,56,1
dontcache,hit,9933,263,554,817,0,1
dontcache,miss,9934,2253,10429,12682,56,1
dontcache,hit,9934,254,539,793,0,1
dontcache,miss,9935,2484,11900,14384,64,1
dontcache,hit,9935,261,544,805,0,1
dontcache,miss,9936,6230,11135,17365,59,1
dontcache,hit,9936,254,565,819,0,1
dontcache,miss,9937,2407,10310,12717,55,1
dontcache,hit,9937,264,549,813,0,1
dontcache,miss,9938,2294,10297,12591,55,1
dontcache,hit,9938,258,531,789,0,1
dontcache,miss,9939,2468,10826,13294,58,1
dontcache,hit,9939,257,548,805,0,1
dontcache,miss,9940,2288,10242,12530,55,1
dontcache,hit,9940,257,526,783,0,1
dontcache,miss,9941,2489,9478,11967,50,1
dontcache,hit,9941,263,550,813,0,1
dontcache,miss,9942,2277,10425,12702,56,1
dontcache,hit,9942,256,533,789,0,1
dontcache,miss,9943,2442,10327,12769,55,1
dontcache,hit,9943,256,565,821,0,1
dontcache,miss,9944,2333,10317,12650,55,1
dontcache,hit,9944,259,526,785,0,1
dontcache,miss,9945,2423,10515,12938,56,1
dontcache,hit,9945,252,534,786,0,1
dontcache,miss,9946,2292,10256,12548,55,1
dontcache,hit,9946,259,527,786,0,1
dontcache,miss,9947,2447,10345,12792,55,1
dontcache,hit,9947,256,532,788,0,1
dontcache,miss,9948,2251,10668,12919,57,1
dontcache,hit,9948,260,529,789,0,1
dontcache,miss,9949,2492,10246,12738,55,1
dontcache,hit,9949,255,520,775,0,1
dontcache,miss,9950,2292,10444,12736,56,1
dontcache,hit,9950,260,525,785,0,1
dontcache,miss,9951,2477,10462,12939,56,1
dontcache,hit,9951,254,530,784,0,1
dontcache,miss,9952,2294,10221,12515,55,1
dontcache,hit,9952,257,526,783,0,1
dontcache,miss,9953,2494,9442,11936,50,1
dontcache,hit,9953,260,537,797,0,1
dontcache,miss,9954,2264,8936,11200,47,1
dontcache,hit,9954,259,534,793,0,1
dontcache,miss,9955,2457,10486,12943,56,1
dontcache,hit,9955,254,538,792,0,1
dontcache,miss,9956,2294,10454,12748,56,1
dontcache,hit,9956,259,559,818,0,1
dontcache,miss,9957,2473,12976,15449,38,1
dontcache,hit,9957,257,554,811,0,1
dontcache,miss,9958,2530,10978,13508,59,1
dontcache,hit,9958,279,599,878,0,1
dontcache,miss,9959,2455,10884,13339,57,1
dontcache,hit,9959,261,576,837,0,1
dontcache,miss,9960,2348,17142,19490,86,1
dontcache,hit,9960,254,553,807,0,1
dontcache,miss,9961,2426,10696,13122,57,1
dontcache,hit,9961,258,565,823,0,1
dontcache,miss,9962,2292,10638,12930,57,1
dontcache,hit,9962,260,548,808,0,1
dontcache,miss,9963,2424,10676,13100,57,1
dontcache,hit,9963,256,567,823,0,1
dontcache,miss,9964,2298,10448,12746,56,1
dontcache,hit,9964,262,541,803,0,1
dontcache,miss,9965,2478,10464,12942,56,1
dontcache,hit,9965,263,565,828,0,1
dontcache,miss,9966,2300,10271,12571,55,1
dontcache,hit,9966,258,557,815,0,1
dontcache,miss,9967,2459,10519,12978,56,1
dontcache,hit,9967,257,553,810,0,1
dontcache,miss,9968,2256,10561,12817,57,1
dontcache,hit,9968,257,556,813,0,1
dontcache,miss,9969,2633,10351,12984,55,1
dontcache,hit,9969,286,619,905,0,1
dontcache,miss,9970,2252,10488,12740,56,1
dontcache,hit,9970,251,533,784,0,1
dontcache,miss,9971,2509,10102,12611,54,1
dontcache,hit,9971,265,545,810,0,1
dontcache,miss,9972,2270,10937,13207,59,1
dontcache,hit,9972,263,527,790,0,1
dontcache,miss,9973,2446,10283,12729,55,1
dontcache,hit,9973,255,531,786,0,1
dontcache,miss,9974,2263,10241,12504,55,1
dontcache,hit,9974,255,530,785,0,1
dontcache,miss,9975,2440,10490,12930,56,1
dontcache,hit,9975,256,539,795,0,1
dontcache,miss,9976,2245,10228,12473,55,1
dontcache,hit,9976,256,525,781,0,1
dontcache,miss,9977,2381,9151,11532,48,1
dontcache,hit,9977,253,532,785,0,1
dontcache,miss,9978,2238,8976,11214,47,1
dontcache,hit,9978,268,525,793,0,1
dontcache,miss,9979,2443,10313,12756,55,1
dontcache,hit,9979,256,529,785,0,1
dontcache,miss,9980,2244,10392,12636,56,1
dontcache,hit,9980,260,514,774,0,1
dontcache,miss,9981,2476,9030,11506,47,1
dontcache,hit,9981,256,538,794,0,1
dontcache,miss,9982,2276,8962,11238,47,1
dontcache,hit,9982,256,525,781,0,1
dontcache,miss,9983,2434,10318,12752,55,1
dontcache,hit,9983,264,544,808,0,1
dontcache,miss,9984,2226,10217,12443,55,1
dontcache,hit,9984,260,541,801,0,1
dontcache,miss,9985,2458,8963,11421,47,1
dontcache,hit,9985,255,527,782,0,1
dontcache,miss,9986,2251,8917,11168,47,1
dontcache,hit,9986,257,535,792,0,1
dontcache,miss,9987,2423,10329,12752,55,1
dontcache,hit,9987,256,531,787,0,1
dontcache,miss,9988,2257,10241,12498,55,1
dontcache,hit,9988,272,538,810,0,1
dontcache,miss,9989,2455,10486,12941,56,1
dontcache,hit,9989,259,531,790,0,1
dontcache,miss,9990,2210,10310,12520,55,1
dontcache,hit,9990,257,524,781,0,1
dontcache,miss,9991,5927,9553,15480,50,1
dontcache,hit,9991,257,528,785,0,1
dontcache,miss,9992,2297,14916,17213,81,1
dontcache,hit,9992,267,578,845,0,1
dontcache,miss,9993,2519,17631,20150,88,1
dontcache,hit,9993,264,566,830,0,1
dontcache,miss,9994,2281,10960,13241,59,1
dontcache,hit,9994,259,540,799,0,1
dontcache,miss,9995,2437,10657,13094,57,1
dontcache,hit,9995,263,550,813,0,1
dontcache,miss,9996,2260,10617,12877,57,1
dontcache,hit,9996,262,536,798,0,1
dontcache,miss,9997,2399,10683,13082,57,1
dontcache,hit,9997,256,554,810,0,1
dontcache,miss,9998,2228,10567,12795,57,1
dontcache,hit,9998,263,561,824,0,1
dontcache,miss,9999,2426,10832,13258,58,1
dontcache,hit,9999,258,558,816,0,1
