mode,state,trial,classify_ns,cleanup_ns,full_cycle_ns,polls,cleanup_ok
flush,miss,0,42421,149752,192173,179,1
flush,hit,0,1375,3908,5283,0,1
flush,miss,1,9305,69963,79268,123,1
flush,hit,1,1072,2483,3555,0,1
flush,miss,2,6993,45575,52568,78,1
flush,hit,2,1046,2829,3875,0,1
flush,miss,3,8788,85393,94181,154,1
flush,hit,3,861,2358,3219,0,1
flush,miss,4,7441,91526,98967,166,1
flush,hit,4,967,2337,3304,0,1
flush,miss,5,8300,59842,68142,62,1
flush,hit,5,784,1804,2588,0,1
flush,miss,6,9655,44530,54185,52,1
flush,hit,6,309,775,1084,0,1
flush,miss,7,4423,15468,19891,79,1
flush,hit,7,373,589,962,0,1
flush,miss,8,3196,42254,45450,210,1
flush,hit,8,254,536,790,0,1
flush,miss,9,2612,21736,24348,119,1
flush,hit,9,250,539,789,0,1
flush,miss,10,2678,51178,53856,305,1
flush,hit,10,259,525,784,0,1
flush,miss,11,3483,18081,21564,59,1
flush,hit,11,326,833,1159,0,1
flush,miss,12,3057,45681,48738,267,1
flush,hit,12,300,672,972,0,1
flush,miss,13,3382,20641,24023,115,1
flush,hit,13,249,537,786,0,1
flush,miss,14,2246,13435,15681,72,1
flush,hit,14,248,534,782,0,1
flush,miss,15,2492,11327,13819,59,1
flush,hit,15,247,529,776,0,1
flush,miss,16,2331,11755,14086,61,1
flush,hit,16,350,823,1173,0,1
flush,miss,17,2947,10892,13839,56,1
flush,hit,17,337,815,1152,0,1
flush,miss,18,2357,70375,72732,414,1
flush,hit,18,254,554,808,0,1
flush,miss,19,2384,14852,17236,80,1
flush,hit,19,258,539,797,0,1
flush,miss,20,2359,11330,13689,59,1
flush,hit,20,255,528,783,0,1
flush,miss,21,2654,11037,13691,57,1
flush,hit,21,249,538,787,0,1
flush,miss,22,2312,14970,17282,49,1
flush,hit,22,349,810,1159,0,1
flush,miss,23,2540,71309,73849,420,1
flush,hit,23,265,591,856,0,1
flush,miss,24,2454,11820,14274,62,1
flush,hit,24,253,541,794,0,1
flush,miss,25,2297,62486,64783,359,1
flush,hit,25,323,651,974,0,1
flush,miss,26,2226,13330,15556,73,1
flush,hit,26,253,514,767,0,1
flush,miss,27,2229,16412,18641,54,1
flush,hit,27,254,528,782,0,1
flush,miss,28,2512,14037,16549,48,1
flush,hit,28,267,592,859,0,1
flush,miss,29,2251,11326,13577,60,1
flush,hit,29,260,563,823,0,1
flush,miss,30,2386,63444,65830,302,1
flush,hit,30,287,552,839,0,1
flush,miss,31,2522,12707,15229,69,1
flush,hit,31,257,586,843,0,1
flush,miss,32,2221,10968,13189,58,1
flush,hit,32,256,507,763,0,1
flush,miss,33,3014,16205,19219,58,1
flush,hit,33,340,901,1241,0,1
flush,miss,34,3157,12526,15683,67,1
flush,hit,34,252,550,802,0,1
flush,miss,35,2468,53903,56371,321,1
flush,hit,35,256,589,845,0,1
flush,miss,36,2520,69558,72078,419,1
flush,hit,36,245,510,755,0,1
flush,miss,37,2267,12064,14331,63,1
flush,hit,37,255,592,847,0,1
flush,miss,38,2341,13261,15602,60,1
flush,hit,38,378,918,1296,0,1
flush,miss,39,2935,55231,58166,321,1
flush,hit,39,330,790,1120,0,1
flush,miss,40,2287,74099,76386,447,1
flush,hit,40,253,551,804,0,1
flush,miss,41,2181,79396,81577,468,1
flush,hit,41,251,533,784,0,1
flush,miss,42,2398,53629,56027,249,1
flush,hit,42,305,648,953,0,1
flush,miss,43,2814,11773,14587,60,1
flush,hit,43,286,816,1102,0,1
flush,miss,44,2359,19443,21802,58,1
flush,hit,44,326,811,1137,0,1
flush,miss,45,2788,113758,116546,677,1
flush,hit,45,286,694,980,0,1
flush,miss,46,1998,16058,18056,88,1
flush,hit,46,244,527,771,0,1
flush,miss,47,2367,11636,14003,61,1
flush,hit,47,254,547,801,0,1
flush,miss,48,2298,11923,14221,63,1
flush,hit,48,306,519,825,0,1
flush,miss,49,2442,15407,17849,56,1
flush,hit,49,245,524,769,0,1
flush,miss,50,2638,13961,16599,52,1
flush,hit,50,257,588,845,0,1
flush,miss,51,2492,11676,14168,61,1
flush,hit,51,316,676,992,0,1
flush,miss,52,2274,15265,17539,83,1
flush,hit,52,268,539,807,0,1
flush,miss,53,2481,11373,13854,59,1
flush,hit,53,248,556,804,0,1
flush,miss,54,2330,10948,13278,57,1
flush,hit,54,253,539,792,0,1
flush,miss,55,2860,14576,17436,47,1
flush,hit,55,359,892,1251,0,1
flush,miss,56,2521,11115,13636,58,1
flush,hit,56,260,567,827,0,1
flush,miss,57,2523,14677,17200,79,1
flush,hit,57,257,553,810,0,1
flush,miss,58,2093,14409,16502,78,1
flush,hit,58,257,519,776,0,1
flush,miss,59,2612,10826,13438,56,1
flush,hit,59,258,564,822,0,1
flush,miss,60,2318,10976,13294,57,1
flush,hit,60,373,783,1156,0,1
flush,miss,61,2865,10994,13859,56,1
flush,hit,61,335,830,1165,0,1
flush,miss,62,2327,79567,81894,405,1
flush,hit,62,263,579,842,0,1
flush,miss,63,2364,14462,16826,78,1
flush,hit,63,254,572,826,0,1
flush,miss,64,2229,11296,13525,59,1
flush,hit,64,260,533,793,0,1
flush,miss,65,2444,11094,13538,58,1
flush,hit,65,253,522,775,0,1
flush,miss,66,2287,16755,19042,61,1
flush,hit,66,340,793,1133,0,1
flush,miss,67,2479,31967,34446,184,1
flush,hit,67,273,633,906,0,1
flush,miss,68,2194,11107,13301,58,1
flush,hit,68,256,518,774,0,1
flush,miss,69,2445,11432,13877,59,1
flush,hit,69,252,584,836,0,1
flush,miss,70,2327,10791,13118,56,1
flush,hit,70,244,516,760,0,1
flush,miss,71,2489,15319,17808,50,1
flush,hit,71,268,547,815,0,1
flush,miss,72,2511,13762,16273,45,1
flush,hit,72,246,573,819,0,1
flush,miss,73,2315,11154,13469,58,1
flush,hit,73,251,539,790,0,1
flush,miss,74,2368,12240,14608,65,1
flush,hit,74,252,516,768,0,1
flush,miss,75,2535,11381,13916,58,1
flush,hit,75,252,529,781,0,1
flush,miss,76,2500,10881,13381,55,1
flush,hit,76,289,731,1020,0,1
flush,miss,77,2894,14902,17796,49,1
flush,hit,77,365,802,1167,0,1
flush,miss,78,2510,11227,13737,58,1
flush,hit,78,283,605,888,0,1
flush,miss,79,4499,13635,18134,75,1
flush,hit,79,257,557,814,0,1
flush,miss,80,2143,12980,15123,71,1
flush,hit,80,249,550,799,0,1
flush,miss,81,2417,9910,12327,52,1
flush,hit,81,248,543,791,0,1
flush,miss,82,2263,39485,41748,231,1
flush,hit,82,338,792,1130,0,1
flush,miss,83,2789,11523,14312,58,1
flush,hit,83,337,738,1075,0,1
flush,miss,84,2335,76476,78811,451,1
flush,hit,84,267,586,853,0,1
flush,miss,85,2758,13023,15781,69,1
flush,hit,85,323,815,1138,0,1
flush,miss,86,2167,11257,13424,59,1
flush,hit,86,255,534,789,0,1
flush,miss,87,2549,11307,13856,59,1
flush,hit,87,261,547,808,0,1
flush,miss,88,2363,14522,16885,49,1
flush,hit,88,323,773,1096,0,1
flush,miss,89,2521,11441,13962,59,1
flush,hit,89,264,628,892,0,1
flush,miss,90,2302,11097,13399,58,1
flush,hit,90,257,519,776,0,1
flush,miss,91,2312,9852,12164,50,1
flush,hit,91,249,531,780,0,1
flush,miss,92,2329,10278,12607,53,1
flush,hit,92,252,524,776,0,1
flush,miss,93,2544,13146,15690,44,1
flush,hit,93,248,530,778,0,1
flush,miss,94,2432,11818,14250,40,1
flush,hit,94,262,541,803,0,1
flush,miss,95,2476,10856,13332,56,1
flush,hit,95,256,527,783,0,1
flush,miss,96,2338,12599,14937,67,1
flush,hit,96,274,517,791,0,1
flush,miss,97,2534,10466,13000,54,1
flush,hit,97,251,525,776,0,1
flush,miss,98,2335,10261,12596,53,1
flush,hit,98,253,511,764,0,1
flush,miss,99,2782,12212,14994,41,1
flush,hit,99,322,770,1092,0,1
flush,miss,100,2460,10857,13317,56,1
flush,hit,100,301,550,851,0,1
flush,miss,101,2490,12160,14650,64,1
flush,hit,101,259,550,809,0,1
flush,miss,102,2180,11787,13967,50,1
flush,hit,102,258,1463,1721,0,1
flush,miss,103,2961,11626,14587,59,1
flush,hit,103,339,782,1121,0,1
flush,miss,104,2355,48361,50716,279,1
flush,hit,104,356,974,1330,0,1
flush,miss,105,2970,11112,14082,56,1
flush,hit,105,302,813,1115,0,1
flush,miss,106,2633,13291,15924,70,1
flush,hit,106,262,621,883,0,1
flush,miss,107,2388,12952,15340,69,1
flush,hit,107,256,555,811,0,1
flush,miss,108,2131,11087,13218,58,1
flush,hit,108,254,537,791,0,1
flush,miss,109,2510,46525,49035,271,1
flush,hit,109,264,612,876,0,1
flush,miss,110,2315,15545,17860,57,1
flush,hit,110,327,875,1202,0,1
flush,miss,111,2644,14176,16820,76,1
flush,hit,111,272,659,931,0,1
flush,miss,112,2325,11149,13474,58,1
flush,hit,112,253,548,801,0,1
flush,miss,113,2539,10821,13360,56,1
flush,hit,113,273,583,856,0,1
flush,miss,114,2297,11147,13444,58,1
flush,hit,114,252,533,785,0,1
flush,miss,115,2496,16120,18616,51,1
flush,hit,115,254,524,778,0,1
flush,miss,116,2507,13676,16183,45,1
flush,hit,116,267,601,868,0,1
flush,miss,117,2502,10779,13281,56,1
flush,hit,117,256,538,794,0,1
flush,miss,118,2378,12858,15236,69,1
flush,hit,118,253,524,777,0,1
flush,miss,119,2528,9656,12184,49,1
flush,hit,119,251,541,792,0,1
flush,miss,120,2334,9629,11963,49,1
flush,hit,120,254,523,777,0,1
flush,miss,121,2870,12364,15234,42,1
flush,hit,121,337,794,1131,0,1
flush,miss,122,2426,10825,13251,56,1
flush,hit,122,264,549,813,0,1
flush,miss,123,2501,13285,15786,71,1
flush,hit,123,250,526,776,0,1
flush,miss,124,2200,12154,14354,64,1
flush,hit,124,261,525,786,0,1
flush,miss,125,2487,11012,13499,57,1
flush,hit,125,257,533,790,0,1
flush,miss,126,2380,11121,13501,58,1
flush,hit,126,319,798,1117,0,1
flush,miss,127,2759,10835,13594,56,1
flush,hit,127,306,740,1046,0,1
flush,miss,128,2298,10984,13282,57,1
flush,hit,128,258,535,793,0,1
flush,miss,129,2314,11595,13909,61,1
flush,hit,129,263,595,858,0,1
flush,miss,130,2155,10967,13122,57,1
flush,hit,130,252,511,763,0,1
flush,miss,131,3448,10613,14061,54,1
flush,hit,131,257,523,780,0,1
flush,miss,132,2361,15318,17679,48,1
flush,hit,132,340,837,1177,0,1
flush,miss,133,2601,12271,14872,64,1
flush,hit,133,265,582,847,0,1
flush,miss,134,2315,10778,13093,56,1
flush,hit,134,252,529,781,0,1
flush,miss,135,2410,11014,13424,57,1
flush,hit,135,251,529,780,0,1
flush,miss,136,2345,9908,12253,51,1
flush,hit,136,251,528,779,0,1
flush,miss,137,2460,15199,17659,49,1
flush,hit,137,248,534,782,0,1
flush,miss,138,2456,13846,16302,51,1
flush,hit,138,257,585,842,0,1
flush,miss,139,2488,11062,13550,57,1
flush,hit,139,256,554,810,0,1
flush,miss,140,2371,13291,15662,71,1
flush,hit,140,256,534,790,0,1
flush,miss,141,2520,10464,12984,54,1
flush,hit,141,254,547,801,0,1
flush,miss,142,2293,10766,13059,56,1
flush,hit,142,265,549,814,0,1
flush,miss,143,2849,14405,17254,49,1
flush,hit,143,320,831,1151,0,1
flush,miss,144,2456,11112,13568,19,1
flush,hit,144,256,617,873,0,1
flush,miss,145,2498,13311,15809,71,1
flush,hit,145,256,546,802,0,1
flush,miss,146,2124,13004,15128,69,1
flush,hit,146,257,525,782,0,1
flush,miss,147,2531,10075,12606,50,1
flush,hit,147,257,527,784,0,1
flush,miss,148,2388,10110,12498,52,1
flush,hit,148,332,822,1154,0,1
flush,miss,149,2743,10976,13719,56,1
flush,hit,149,330,791,1121,0,1
flush,miss,150,2366,11897,14263,63,1
flush,hit,150,255,538,793,0,1
flush,miss,151,2362,11931,14293,63,1
flush,hit,151,252,534,786,0,1
flush,miss,152,2177,10988,13165,57,1
flush,hit,152,270,517,787,0,1
flush,miss,153,2533,10285,12818,53,1
flush,hit,153,253,529,782,0,1
flush,miss,154,2328,12402,14730,45,1
flush,hit,154,347,753,1100,0,1
flush,miss,155,2532,10821,13353,55,1
flush,hit,155,259,581,840,0,1
flush,miss,156,2328,10774,13102,56,1
flush,hit,156,254,519,773,0,1
flush,miss,157,2389,11207,13596,58,1
flush,hit,157,250,516,766,0,1
flush,miss,158,2233,10411,12644,54,1
flush,hit,158,251,512,763,0,1
flush,miss,159,2453,12215,14668,39,1
flush,hit,159,266,507,773,0,1
flush,miss,160,2446,11825,14271,44,1
flush,hit,160,269,562,831,0,1
flush,miss,161,2514,10959,13473,57,1
flush,hit,161,251,527,778,0,1
flush,miss,162,2318,11981,14299,63,1
flush,hit,162,318,728,1046,0,1
flush,miss,163,2507,11333,13840,59,1
flush,hit,163,252,548,800,0,1
flush,miss,164,2316,10927,13243,57,1
flush,hit,164,268,527,795,0,1
flush,miss,165,2856,15148,18004,50,1
flush,hit,165,326,811,1137,0,1
flush,miss,166,2532,11007,13539,57,1
flush,hit,166,258,564,822,0,1
flush,miss,167,2518,13435,15953,72,1
flush,hit,167,261,536,797,0,1
flush,miss,168,2187,12471,14658,66,1
flush,hit,168,255,534,789,0,1
flush,miss,169,2498,10976,13474,57,1
flush,hit,169,274,557,831,0,1
flush,miss,170,2263,10864,13127,56,1
flush,hit,170,292,775,1067,0,1
flush,miss,171,2824,10740,13564,55,1
flush,hit,171,317,819,1136,0,1
flush,miss,172,2320,10926,13246,56,1
flush,hit,172,258,528,786,0,1
flush,miss,173,2355,12297,14652,65,1
flush,hit,173,251,537,788,0,1
flush,miss,174,2158,9672,11830,49,1
flush,hit,174,249,521,770,0,1
flush,miss,175,2680,10073,12753,51,1
flush,hit,175,283,607,890,0,1
flush,miss,176,2289,16302,18591,58,1
flush,hit,176,342,805,1147,0,1
flush,miss,177,2556,10804,13360,56,1
flush,hit,177,263,574,837,0,1
flush,miss,178,2322,10620,12942,55,1
flush,hit,178,269,521,790,0,1
flush,miss,179,2350,9616,11966,49,1
flush,hit,179,255,522,777,0,1
flush,miss,180,2272,9971,12243,51,1
flush,hit,180,260,509,769,0,1
flush,miss,181,2489,14593,17082,49,1
flush,hit,181,252,520,772,0,1
flush,miss,182,2460,11823,14283,41,1
flush,hit,182,257,572,829,0,1
flush,miss,183,2463,10990,13453,57,1
flush,hit,183,252,540,792,0,1
flush,miss,184,2315,11835,14150,62,1
flush,hit,184,251,515,766,0,1
flush,miss,185,2503,11203,13706,58,1
flush,hit,185,249,522,771,0,1
flush,miss,186,2272,10154,12426,52,1
flush,hit,186,250,518,768,0,1
flush,miss,187,2762,12331,15093,42,1
flush,hit,187,338,767,1105,0,1
flush,miss,188,2409,10794,13203,56,1
flush,hit,188,255,583,838,0,1
flush,miss,189,2519,11864,14383,62,1
flush,hit,189,257,527,784,0,1
flush,miss,190,2117,11754,13871,62,1
flush,hit,190,258,517,775,0,1
flush,miss,191,2476,10888,13364,56,1
flush,hit,191,248,529,777,0,1
flush,miss,192,2282,10109,12391,52,1
flush,hit,192,325,744,1069,0,1
flush,miss,193,2747,14792,17539,41,1
flush,hit,193,289,783,1072,0,1
flush,miss,194,2730,11458,14188,60,1
flush,hit,194,267,565,832,0,1
flush,miss,195,2369,13111,15480,69,1
flush,hit,195,257,531,788,0,1
flush,miss,196,2183,10266,12449,53,1
flush,hit,196,256,542,798,0,1
flush,miss,197,2508,10879,13387,56,1
flush,hit,197,251,539,790,0,1
flush,miss,198,2294,16498,18792,52,1
flush,hit,198,338,829,1167,0,1
flush,miss,199,2563,11522,14085,60,1
flush,hit,199,266,651,917,0,1
flush,miss,200,2313,10809,13122,56,1
flush,hit,200,250,546,796,0,1
flush,miss,201,2410,9593,12003,49,1
flush,hit,201,253,549,802,0,1
flush,miss,202,2267,9473,11740,48,1
flush,hit,202,252,538,790,0,1
flush,miss,203,2507,15535,18042,50,1
flush,hit,203,250,538,788,0,1
flush,miss,204,2523,13978,16501,44,1
flush,hit,204,275,1642,1917,0,1
flush,miss,205,2466,10791,13257,56,1
flush,hit,205,263,538,801,0,1
flush,miss,206,2288,12627,14915,67,1
flush,hit,206,295,710,1005,0,1
flush,miss,207,2565,10843,13408,56,1
flush,hit,207,250,566,816,0,1
flush,miss,208,2278,10702,12980,56,1
flush,hit,208,249,533,782,0,1
flush,miss,209,2932,14734,17666,48,1
flush,hit,209,347,826,1173,0,1
flush,miss,210,2460,10806,13266,56,1
flush,hit,210,258,595,853,0,1
flush,miss,211,2501,13055,15556,69,1
flush,hit,211,260,527,787,0,1
flush,miss,212,2116,11918,14034,63,1
flush,hit,212,267,523,790,0,1
flush,miss,213,2508,10250,12758,53,1
flush,hit,213,264,538,802,0,1
flush,miss,214,2297,10083,12380,52,1
flush,hit,214,342,756,1098,0,1
flush,miss,215,2740,10714,13454,55,1
flush,hit,215,309,797,1106,0,1
flush,miss,216,2358,11220,13578,58,1
flush,hit,216,261,543,804,0,1
flush,miss,217,2380,11928,14308,63,1
flush,hit,217,251,519,770,0,1
flush,miss,218,2220,11010,13230,57,1
flush,hit,218,267,516,783,0,1
flush,miss,219,2490,10869,13359,56,1
flush,hit,219,251,525,776,0,1
flush,miss,220,2282,12917,15199,48,1
flush,hit,220,324,755,1079,0,1
flush,miss,221,2555,11124,13679,58,1
flush,hit,221,268,605,873,0,1
flush,miss,222,2323,10791,13114,56,1
flush,hit,222,252,508,760,0,1
flush,miss,223,2408,10785,13193,56,1
flush,hit,223,253,522,775,0,1
flush,miss,224,2305,10894,13199,57,1
flush,hit,224,446,682,1128,0,1
flush,miss,225,2491,15833,18324,51,1
flush,hit,225,262,563,825,0,1
flush,miss,226,2489,13683,16172,45,1
flush,hit,226,278,571,849,0,1
flush,miss,227,2474,10787,13261,56,1
flush,hit,227,262,549,811,0,1
flush,miss,228,2290,13798,16088,74,1
flush,hit,228,254,518,772,0,1
flush,miss,229,2476,9788,12264,50,1
flush,hit,229,251,529,780,0,1
flush,miss,230,2330,9484,11814,48,1
flush,hit,230,254,530,784,0,1
flush,miss,231,2772,14452,17224,53,1
flush,hit,231,328,766,1094,0,1
flush,miss,232,2546,10919,13465,56,1
flush,hit,232,269,576,845,0,1
flush,miss,233,2484,12964,15448,69,1
flush,hit,233,254,556,810,0,1
flush,miss,234,2191,12952,15143,69,1
flush,hit,234,260,519,779,0,1
flush,miss,235,2501,10955,13456,57,1
flush,hit,235,265,529,794,0,1
flush,miss,236,2307,10779,13086,56,1
flush,hit,236,340,777,1117,0,1
flush,miss,237,3158,10786,13944,55,1
flush,hit,237,376,871,1247,0,1
flush,miss,238,2398,10837,13235,56,1
flush,hit,238,382,536,918,0,1
flush,miss,239,2325,12152,14477,64,1
flush,hit,239,255,542,797,0,1
flush,miss,240,2238,9789,12027,50,1
flush,hit,240,252,523,775,0,1
flush,miss,241,2474,10106,12580,52,1
flush,hit,241,250,534,784,0,1
flush,miss,242,2310,14368,16678,46,1
flush,hit,242,331,805,1136,0,1
flush,miss,243,2555,10989,13544,57,1
flush,hit,243,266,580,846,0,1
flush,miss,244,2359,10958,13317,57,1
flush,hit,244,256,528,784,0,1
flush,miss,245,2358,10263,12621,53,1
flush,hit,245,255,525,780,0,1
flush,miss,246,2323,10331,12654,53,1
flush,hit,246,258,572,830,0,1
flush,miss,247,2536,12871,15407,43,1
flush,hit,247,248,591,839,0,1
flush,miss,248,2428,11863,14291,45,1
flush,hit,248,272,579,851,0,1
flush,miss,249,2507,10774,13281,56,1
flush,hit,249,250,544,794,0,1
flush,miss,250,2346,11763,14109,62,1
flush,hit,250,251,523,774,0,1
flush,miss,251,2537,10785,13322,56,1
flush,hit,251,249,523,772,0,1
flush,miss,252,2329,10194,12523,52,1
flush,hit,252,252,513,765,0,1
flush,miss,253,2804,12418,15222,42,1
flush,hit,253,319,771,1090,0,1
flush,miss,254,2391,10688,13079,55,1
flush,hit,254,255,551,806,0,1
flush,miss,255,2587,15321,17908,61,1
flush,hit,255,258,540,798,0,1
flush,miss,256,2573,13638,16211,73,1
flush,hit,256,266,549,815,0,1
flush,miss,257,2477,10816,13293,56,1
flush,hit,257,271,527,798,0,1
flush,miss,258,2319,10343,12662,53,1
flush,hit,258,341,805,1146,0,1
flush,miss,259,2834,10857,13691,56,1
flush,hit,259,339,820,1159,0,1
flush,miss,260,2317,11829,14146,62,1
flush,hit,260,260,543,803,0,1
flush,miss,261,2351,12120,14471,64,1
flush,hit,261,256,540,796,0,1
flush,miss,262,2197,9618,11815,49,1
flush,hit,262,253,528,781,0,1
flush,miss,263,2477,10127,12604,52,1
flush,hit,263,254,535,789,0,1
flush,miss,264,2293,15463,17756,49,1
flush,hit,264,323,808,1131,0,1
flush,miss,265,2544,11359,13903,59,1
flush,hit,265,264,590,854,0,1
flush,miss,266,2330,10768,13098,56,1
flush,hit,266,261,531,792,0,1
flush,miss,267,2380,9600,11980,49,1
flush,hit,267,264,536,800,0,1
flush,miss,268,2270,9782,12052,50,1
flush,hit,268,260,528,788,0,1
flush,miss,269,2552,16319,18871,51,1
flush,hit,269,265,649,914,0,1
flush,miss,270,2616,13706,16322,44,1
flush,hit,270,263,553,816,0,1
flush,miss,271,2493,10940,13433,57,1
flush,hit,271,251,536,787,0,1
flush,miss,272,2423,12981,15404,69,1
flush,hit,272,259,507,766,0,1
flush,miss,273,2477,9946,12423,51,1
flush,hit,273,249,516,765,0,1
flush,miss,274,2300,9469,11769,48,1
flush,hit,274,254,523,777,0,1
flush,miss,275,2800,12324,15124,42,1
flush,hit,275,327,785,1112,0,1
flush,miss,276,2399,10693,13092,55,1
flush,hit,276,248,549,797,0,1
flush,miss,277,2458,12112,14570,64,1
flush,hit,277,258,554,812,0,1
flush,miss,278,2219,11753,13972,62,1
flush,hit,278,254,542,796,0,1
flush,miss,279,2527,10592,13119,55,1
flush,hit,279,250,519,769,0,1
flush,miss,280,2312,10726,13038,56,1
flush,hit,280,316,753,1069,0,1
flush,miss,281,2743,10669,13412,55,1
flush,hit,281,287,746,1033,0,1
flush,miss,282,2280,11511,13791,60,1
flush,hit,282,259,537,796,0,1
flush,miss,283,2354,11808,14162,62,1
flush,hit,283,262,537,799,0,1
flush,miss,284,2165,10346,12511,53,1
flush,hit,284,258,525,783,0,1
flush,miss,285,2461,10148,12609,52,1
flush,hit,285,270,518,788,0,1
flush,miss,286,2337,12670,15007,42,1
flush,hit,286,317,733,1050,0,1
flush,miss,287,2850,11303,14153,59,1
flush,hit,287,331,693,1024,0,1
flush,miss,288,2349,10865,13214,56,1
flush,hit,288,252,547,799,0,1
flush,miss,289,2364,10950,13314,57,1
flush,hit,289,259,538,797,0,1
flush,miss,290,2299,10975,13274,57,1
flush,hit,290,261,520,781,0,1
flush,miss,291,2507,15851,18358,51,1
flush,hit,291,255,529,784,0,1
flush,miss,292,2496,13981,16477,51,1
flush,hit,292,278,580,858,0,1
flush,miss,293,2517,8839,11356,44,1
flush,hit,293,253,528,781,0,1
flush,miss,294,2334,12101,14435,63,1
flush,hit,294,261,533,794,0,1
flush,miss,295,2496,10837,13333,56,1
flush,hit,295,252,530,782,0,1
flush,miss,296,2302,10719,13021,56,1
flush,hit,296,248,523,771,0,1
flush,miss,297,2810,14463,17273,47,1
flush,hit,297,351,794,1145,0,1
flush,miss,298,2486,10670,13156,55,1
flush,hit,298,255,552,807,0,1
flush,miss,299,2521,13139,15660,70,1
flush,hit,299,261,522,783,0,1
flush,miss,300,6454,8287,14741,40,1
flush,hit,300,256,524,780,0,1
flush,miss,301,2468,9450,11918,48,1
flush,hit,301,275,515,790,0,1
flush,miss,302,2336,10101,12437,52,1
flush,hit,302,321,787,1108,0,1
flush,miss,303,2867,10659,13526,55,1
flush,hit,303,305,783,1088,0,1
flush,miss,304,2343,11214,13557,58,1
flush,hit,304,259,532,791,0,1
flush,miss,305,2327,11750,14077,62,1
flush,hit,305,247,539,786,0,1
flush,miss,306,2295,10320,12615,53,1
flush,hit,306,255,576,831,0,1
flush,miss,307,2650,24061,26711,134,1
flush,hit,307,257,638,895,0,1
flush,miss,308,2819,27630,30449,119,1
flush,hit,308,382,930,1312,0,1
flush,miss,309,2699,12910,15609,68,1
flush,hit,309,303,607,910,0,1
flush,miss,310,2343,11532,13875,60,1
flush,hit,310,255,519,774,0,1
flush,miss,311,2519,11456,13975,60,1
flush,hit,311,257,520,777,0,1
flush,miss,312,2391,10448,12839,54,1
flush,hit,312,244,528,772,0,1
flush,miss,313,2513,12633,15146,40,1
flush,hit,313,242,533,775,0,1
flush,miss,314,2492,12151,14643,42,1
flush,hit,314,258,549,807,0,1
flush,miss,315,2451,11149,13600,58,1
flush,hit,315,240,549,789,0,1
flush,miss,316,2342,11378,13720,59,1
flush,hit,316,251,533,784,0,1
flush,miss,317,3183,15080,18263,81,1
flush,hit,317,342,705,1047,0,1
flush,miss,318,2391,11520,13911,60,1
flush,hit,318,261,544,805,0,1
flush,miss,319,2858,14597,17455,47,1
flush,hit,319,314,834,1148,0,1
flush,miss,320,2548,11362,13910,59,1
flush,hit,320,269,566,835,0,1
flush,miss,321,2496,11643,14139,61,1
flush,hit,321,254,538,792,0,1
flush,miss,322,2319,11523,13842,60,1
flush,hit,322,256,525,781,0,1
flush,miss,323,4124,11336,15460,59,1
flush,hit,323,257,526,783,0,1
flush,miss,324,2357,11090,13447,58,1
flush,hit,324,331,855,1186,0,1
flush,miss,325,2878,11062,13940,57,1
flush,hit,325,300,838,1138,0,1
flush,miss,326,2316,11517,13833,60,1
flush,hit,326,259,551,810,0,1
flush,miss,327,2506,10489,12995,54,1
flush,hit,327,247,862,1109,0,1
flush,miss,328,2371,10471,12842,54,1
flush,hit,328,269,538,807,0,1
flush,miss,329,2509,11266,13775,23,1
flush,hit,329,250,540,790,0,1
flush,miss,330,2574,18067,20641,44,1
flush,hit,330,386,814,1200,0,1
flush,miss,331,2584,11316,13900,59,1
flush,hit,331,270,608,878,0,1
flush,miss,332,2323,11226,13549,58,1
flush,hit,332,244,547,791,0,1
flush,miss,333,2494,11069,13563,58,1
flush,hit,333,255,528,783,0,1
flush,miss,334,2334,11151,13485,58,1
flush,hit,334,255,524,779,0,1
flush,miss,335,2523,15817,18340,56,1
flush,hit,335,245,541,786,0,1
flush,miss,336,2505,13528,16033,50,1
flush,hit,336,291,562,853,0,1
flush,miss,337,2451,11090,13541,58,1
flush,hit,337,240,532,772,0,1
flush,miss,338,2326,11480,13806,60,1
flush,hit,338,254,521,775,0,1
flush,miss,339,2517,10981,13498,57,1
flush,hit,339,250,527,777,0,1
flush,miss,340,2326,11017,13343,57,1
flush,hit,340,250,517,767,0,1
flush,miss,341,2805,12384,15189,41,1
flush,hit,341,330,780,1110,0,1
flush,miss,342,2442,11198,13640,58,1
flush,hit,342,258,542,800,0,1
flush,miss,343,2499,11059,13558,58,1
flush,hit,343,256,550,806,0,1
flush,miss,344,2288,10970,13258,57,1
flush,hit,344,251,518,769,0,1
flush,miss,345,2473,10894,13367,57,1
flush,hit,345,249,509,758,0,1
flush,miss,346,2324,10901,13225,57,1
flush,hit,346,313,753,1066,0,1
flush,miss,347,3186,31711,34897,177,1
flush,hit,347,313,775,1088,0,1
flush,miss,348,2429,11822,14251,62,1
flush,hit,348,257,602,859,0,1
flush,miss,349,2458,10569,13027,54,1
flush,hit,349,258,560,818,0,1
flush,miss,350,2267,10170,12437,52,1
flush,hit,350,257,540,797,0,1
flush,miss,351,2464,11489,13953,60,1
flush,hit,351,261,540,801,0,1
flush,miss,352,2325,16276,18601,52,1
flush,hit,352,341,823,1164,0,1
flush,miss,353,2520,11275,13795,59,1
flush,hit,353,268,614,882,0,1
flush,miss,354,2266,11105,13371,58,1
flush,hit,354,259,552,811,0,1
flush,miss,355,2500,10061,12561,51,1
flush,hit,355,244,560,804,0,1
flush,miss,356,2352,10658,13010,55,1
flush,hit,356,260,541,801,0,1
flush,miss,357,2484,15601,18085,49,1
flush,hit,357,254,548,802,0,1
flush,miss,358,2561,14162,16723,52,1
flush,hit,358,265,573,838,0,1
flush,miss,359,2474,14054,16528,44,1
flush,hit,359,244,567,811,0,1
flush,miss,360,2469,11492,13961,60,1
flush,hit,360,240,540,780,0,1
flush,miss,361,2511,11304,13815,59,1
flush,hit,361,250,519,769,0,1
flush,miss,362,2254,10898,13152,57,1
flush,hit,362,240,516,756,0,1
flush,miss,363,2913,15061,17974,47,1
flush,hit,363,375,813,1188,0,1
flush,miss,364,2563,11008,13571,57,1
flush,hit,364,250,572,822,0,1
flush,miss,365,2486,11395,13881,60,1
flush,hit,365,267,535,802,0,1
flush,miss,366,2314,11133,13447,58,1
flush,hit,366,252,518,770,0,1
flush,miss,367,2498,10953,13451,57,1
flush,hit,367,251,518,769,0,1
flush,miss,368,2329,11137,13466,58,1
flush,hit,368,320,796,1116,0,1
flush,miss,369,2771,11021,13792,57,1
flush,hit,369,307,770,1077,0,1
flush,miss,370,2329,11541,13870,60,1
flush,hit,370,254,538,792,0,1
flush,miss,371,2480,11000,13480,57,1
flush,hit,371,260,528,788,0,1
flush,miss,372,2380,10972,13352,57,1
flush,hit,372,252,516,768,0,1
flush,miss,373,2462,10800,13262,56,1
flush,hit,373,256,537,793,0,1
flush,miss,374,2328,13322,15650,48,1
flush,hit,374,338,758,1096,0,1
flush,miss,375,2570,11298,13868,59,1
flush,hit,375,266,619,885,0,1
flush,miss,376,2336,11121,13457,58,1
flush,hit,376,257,518,775,0,1
flush,miss,377,2521,16323,18844,57,1
flush,hit,377,245,597,842,0,1
flush,miss,378,2624,13833,16457,74,1
flush,hit,378,263,534,797,0,1
flush,miss,379,2473,16340,18813,52,1
flush,hit,379,253,533,786,0,1
flush,miss,380,2545,14202,16747,52,1
flush,hit,380,259,606,865,0,1
flush,miss,381,2482,11165,13647,58,1
flush,hit,381,262,535,797,0,1
flush,miss,382,2348,11504,13852,60,1
flush,hit,382,254,530,784,0,1
flush,miss,383,2474,10885,13359,56,1
flush,hit,383,248,550,798,0,1
flush,miss,384,2328,10999,13327,57,1
flush,hit,384,325,595,920,0,1
flush,miss,385,2893,15001,17894,47,1
flush,hit,385,388,866,1254,0,1
flush,miss,386,2554,11252,13806,58,1
flush,hit,386,269,551,820,0,1
flush,miss,387,2419,11309,13728,59,1
flush,hit,387,249,552,801,0,1
flush,miss,388,2354,11273,13627,59,1
flush,hit,388,258,534,792,0,1
flush,miss,389,2500,10809,13309,56,1
flush,hit,389,272,541,813,0,1
flush,miss,390,2304,10791,13095,56,1
flush,hit,390,415,931,1346,0,1
flush,miss,391,2923,11130,14053,57,1
flush,hit,391,352,843,1195,0,1
flush,miss,392,2342,11154,13496,58,1
flush,hit,392,255,586,841,0,1
flush,miss,393,2452,10534,12986,54,1
flush,hit,393,254,564,818,0,1
flush,miss,394,2343,9773,12116,50,1
flush,hit,394,256,539,795,0,1
flush,miss,395,2491,10163,12654,52,1
flush,hit,395,253,549,802,0,1
flush,miss,396,2327,15655,17982,49,1
flush,hit,396,347,827,1174,0,1
flush,miss,397,2513,11115,13628,58,1
flush,hit,397,279,611,890,0,1
flush,miss,398,2305,11129,13434,58,1
flush,hit,398,261,542,803,0,1
flush,miss,399,2482,10812,13294,56,1
flush,hit,399,256,526,782,0,1
flush,miss,400,2335,10916,13251,57,1
flush,hit,400,264,542,806,0,1
flush,miss,401,2451,13039,15490,43,1
flush,hit,401,257,542,799,0,1
flush,miss,402,2471,11936,14407,44,1
flush,hit,402,259,610,869,0,1
flush,miss,403,2496,11038,13534,57,1
flush,hit,403,254,521,775,0,1
flush,miss,404,2360,10765,13125,56,1
flush,hit,404,250,519,769,0,1
flush,miss,405,2502,10842,13344,56,1
flush,hit,405,252,522,774,0,1
flush,miss,406,2316,10808,13124,56,1
flush,hit,406,249,522,771,0,1
flush,miss,407,2799,12548,15347,42,1
flush,hit,407,343,800,1143,0,1
flush,miss,408,2476,11245,13721,58,1
flush,hit,408,323,721,1044,0,1
flush,miss,409,2565,11652,14217,56,1
flush,hit,409,256,1831,2087,0,1
flush,miss,410,2352,11094,13446,58,1
flush,hit,410,255,518,773,0,1
flush,miss,411,2437,10846,13283,56,1
flush,hit,411,251,533,784,0,1
flush,miss,412,2306,11063,13369,57,1
flush,hit,412,331,793,1124,0,1
flush,miss,413,2918,10911,13829,56,1
flush,hit,413,322,786,1108,0,1
flush,miss,414,2370,11471,13841,60,1
flush,hit,414,264,574,838,0,1
flush,miss,415,2475,11209,13684,58,1
flush,hit,415,256,553,809,0,1
flush,miss,416,2346,10851,13197,56,1
flush,hit,416,256,532,788,0,1
flush,miss,417,2496,10956,13452,57,1
flush,hit,417,256,524,780,0,1
flush,miss,418,2328,14904,17232,49,1
flush,hit,418,334,799,1133,0,1
flush,miss,419,2535,11127,13662,58,1
flush,hit,419,272,619,891,0,1
flush,miss,420,2357,10924,13281,57,1
flush,hit,420,257,542,799,0,1
flush,miss,421,2491,11223,13714,25,1
flush,hit,421,256,545,801,0,1
flush,miss,422,2465,11218,13683,58,1
flush,hit,422,262,541,803,0,1
flush,miss,423,2473,15811,18284,58,1
flush,hit,423,256,549,805,0,1
flush,miss,424,2555,13710,16265,51,1
flush,hit,424,270,540,810,0,1
flush,miss,425,2448,10729,13177,55,1
flush,hit,425,248,530,778,0,1
flush,miss,426,2342,11052,13394,58,1
flush,hit,426,251,518,769,0,1
flush,miss,427,2486,11442,13928,60,1
flush,hit,427,251,515,766,0,1
flush,miss,428,2354,10969,13323,57,1
flush,hit,428,257,522,779,0,1
flush,miss,429,2683,12518,15201,47,1
flush,hit,429,340,728,1068,0,1
flush,miss,430,2429,10849,13278,56,1
flush,hit,430,276,558,834,0,1
flush,miss,431,2493,10976,13469,57,1
flush,hit,431,252,521,773,0,1
flush,miss,432,2294,10777,13071,56,1
flush,hit,432,250,518,768,0,1
flush,miss,433,2502,10819,13321,56,1
flush,hit,433,263,519,782,0,1
flush,miss,434,2339,10763,13102,56,1
flush,hit,434,302,759,1061,0,1
flush,miss,435,2710,10682,13392,55,1
flush,hit,435,288,765,1053,0,1
flush,miss,436,2390,11116,13506,58,1
flush,hit,436,253,581,834,0,1
flush,miss,437,2516,10784,13300,56,1
flush,hit,437,252,535,787,0,1
flush,miss,438,2347,10938,13285,57,1
flush,hit,438,268,528,796,0,1
flush,miss,439,2497,10839,13336,56,1
flush,hit,439,257,528,785,0,1
flush,miss,440,2307,32191,34498,30,1
flush,hit,440,487,879,1366,0,1
flush,miss,441,2756,13498,16254,60,1
flush,hit,441,284,603,887,0,1
flush,miss,442,2295,11022,13317,58,1
flush,hit,442,249,544,793,0,1
flush,miss,443,2439,11212,13651,59,1
flush,hit,443,247,565,812,0,1
flush,miss,444,2319,42682,45001,250,1
flush,hit,444,258,565,823,0,1
flush,miss,445,2627,41540,44167,243,1
flush,hit,445,257,568,825,0,1
flush,miss,446,2263,56475,58738,322,1
flush,hit,446,258,560,818,0,1
flush,miss,447,2514,10498,13012,55,1
flush,hit,447,255,544,799,0,1
flush,miss,448,2306,11561,13867,31,1
flush,hit,448,253,556,809,0,1
flush,miss,449,2436,40706,43142,237,1
flush,hit,449,254,536,790,0,1
flush,miss,450,2258,11048,13306,57,1
flush,hit,450,253,527,780,0,1
flush,miss,451,2285,54202,56487,307,1
flush,hit,451,268,542,810,0,1
flush,miss,452,2272,11247,13519,59,1
flush,hit,452,259,523,782,0,1
flush,miss,453,2529,11288,13817,60,1
flush,hit,453,254,526,780,0,1
flush,miss,454,2288,20526,22814,117,1
flush,hit,454,257,517,774,0,1
flush,miss,455,2426,10976,13402,57,1
flush,hit,455,268,547,815,0,1
flush,miss,456,2329,12765,15094,58,1
flush,hit,456,262,537,799,0,1
flush,miss,457,2376,10970,13346,57,1
flush,hit,457,256,537,793,0,1
flush,miss,458,2384,12852,15236,59,1
flush,hit,458,261,519,780,0,1
flush,miss,459,47263,3788,51051,1,1
flush,hit,459,322,633,955,0,1
flush,miss,460,6530,11125,17655,56,1
flush,hit,460,286,807,1093,0,1
flush,miss,461,2552,11343,13895,57,1
flush,hit,461,249,609,858,0,1
flush,miss,462,2308,19954,22262,71,1
flush,hit,462,357,897,1254,0,1
flush,miss,463,2644,11492,14136,60,1
flush,hit,463,275,636,911,0,1
flush,miss,464,2332,11156,13488,58,1
flush,hit,464,262,573,835,0,1
flush,miss,465,2500,11142,13642,58,1
flush,hit,465,257,558,815,0,1
flush,miss,466,2331,11401,13732,59,1
flush,hit,466,254,590,844,0,1
flush,miss,467,2500,14287,16787,47,1
flush,hit,467,254,588,842,0,1
flush,miss,468,2479,12007,14486,44,1
flush,hit,468,265,600,865,0,1
flush,miss,469,2454,11108,13562,58,1
flush,hit,469,253,571,824,0,1
flush,miss,470,2324,11481,13805,60,1
flush,hit,470,279,654,933,0,1
flush,miss,471,2566,11173,13739,58,1
flush,hit,471,252,601,853,0,1
flush,miss,472,2325,10993,13318,57,1
flush,hit,472,246,546,792,0,1
flush,miss,473,2855,12630,15485,42,1
flush,hit,473,306,832,1138,0,1
flush,miss,474,2442,11064,13506,57,1
flush,hit,474,245,564,809,0,1
flush,miss,475,2605,11686,14291,61,1
flush,hit,475,266,567,833,0,1
flush,miss,476,2285,11197,13482,58,1
flush,hit,476,258,547,805,0,1
flush,miss,477,2687,10845,13532,56,1
flush,hit,477,247,555,802,0,1
flush,miss,478,2347,10823,13170,56,1
flush,hit,478,317,821,1138,0,1
flush,miss,479,2763,11908,14671,62,1
flush,hit,479,287,818,1105,0,1
flush,miss,480,2336,11742,14078,61,1
flush,hit,480,252,564,816,0,1
flush,miss,481,2468,11094,13562,57,1
flush,hit,481,248,590,838,0,1
flush,miss,482,2322,10909,13231,56,1
flush,hit,482,248,563,811,0,1
flush,miss,483,2472,10967,13439,56,1
flush,hit,483,246,563,809,0,1
flush,miss,484,2323,13558,15881,50,1
flush,hit,484,316,794,1110,0,1
flush,miss,485,2531,11364,13895,59,1
flush,hit,485,257,611,868,0,1
flush,miss,486,2333,10991,13324,57,1
flush,hit,486,246,543,789,0,1
flush,miss,487,2534,10892,13426,56,1
flush,hit,487,249,545,794,0,1
flush,miss,488,2375,10903,13278,57,1
flush,hit,488,244,540,784,0,1
flush,miss,489,2805,16432,19237,57,1
flush,hit,489,294,762,1056,0,1
flush,miss,490,2537,14112,16649,46,1
flush,hit,490,254,606,860,0,1
flush,miss,491,3898,11089,14987,57,1
flush,hit,491,251,568,819,0,1
flush,miss,492,2386,11516,13902,60,1
flush,hit,492,250,579,829,0,1
flush,miss,493,2479,11192,13671,58,1
flush,hit,493,253,566,819,0,1
flush,miss,494,2310,11006,13316,57,1
flush,hit,494,243,551,794,0,1
flush,miss,495,2823,14685,17508,46,1
flush,hit,495,317,854,1171,0,1
flush,miss,496,2460,10870,13330,56,1
flush,hit,496,262,581,843,0,1
flush,miss,497,2499,11540,14039,60,1
flush,hit,497,256,588,844,0,1
flush,miss,498,2338,11115,13453,58,1
flush,hit,498,257,552,809,0,1
flush,miss,499,2480,11073,13553,57,1
flush,hit,499,260,574,834,0,1
flush,miss,500,2399,10777,13176,56,1
flush,hit,500,305,847,1152,0,1
flush,miss,501,3314,11124,14438,57,1
flush,hit,501,358,1039,1397,0,1
flush,miss,502,2423,11382,13805,58,1
flush,hit,502,261,572,833,0,1
flush,miss,503,2467,11171,13638,58,1
flush,hit,503,264,566,830,0,1
flush,miss,504,2290,10991,13281,57,1
flush,hit,504,253,557,810,0,1
flush,miss,505,2433,10957,13390,57,1
flush,hit,505,253,553,806,0,1
flush,miss,506,2310,15440,17750,50,1
flush,hit,506,358,850,1208,0,1
flush,miss,507,2569,11228,13797,58,1
flush,hit,507,266,595,861,0,1
flush,miss,508,2329,11166,13495,58,1
flush,hit,508,259,537,796,0,1
flush,miss,509,2539,10921,13460,56,1
flush,hit,509,259,548,807,0,1
flush,miss,510,2389,11288,13677,59,1
flush,hit,510,256,537,793,0,1
flush,miss,511,2570,13621,16191,39,1
flush,hit,511,260,2432,2692,0,1
flush,miss,512,2502,11962,14464,41,1
flush,hit,512,269,610,879,0,1
flush,miss,513,2466,11084,13550,57,1
flush,hit,513,254,566,820,0,1
flush,miss,514,2321,10808,13129,56,1
flush,hit,514,255,549,804,0,1
flush,miss,515,2493,11406,13899,59,1
flush,hit,515,256,560,816,0,1
flush,miss,516,2370,10935,13305,57,1
flush,hit,516,265,552,817,0,1
flush,miss,517,2838,12219,15057,40,1
flush,hit,517,320,822,1142,0,1
flush,miss,518,2424,10921,13345,57,1
flush,hit,518,258,568,826,0,1
flush,miss,519,3758,11429,15187,59,1
flush,hit,519,258,558,816,0,1
flush,miss,520,2346,11217,13563,59,1
flush,hit,520,257,573,830,0,1
flush,miss,521,2424,11009,13433,57,1
flush,hit,521,259,563,822,0,1
flush,miss,522,2287,10789,13076,56,1
flush,hit,522,333,883,1216,0,1
flush,miss,523,2797,10939,13736,56,1
flush,hit,523,323,855,1178,0,1
flush,miss,524,2328,11346,13674,59,1
flush,hit,524,263,587,850,0,1
flush,miss,525,2461,11096,13557,58,1
flush,hit,525,266,579,845,0,1
flush,miss,526,2297,11000,13297,57,1
flush,hit,526,258,555,813,0,1
flush,miss,527,2487,10859,13346,56,1
flush,hit,527,266,556,822,0,1
flush,miss,528,2279,15600,17879,48,1
flush,hit,528,331,857,1188,0,1
flush,miss,529,2570,11195,13765,58,1
flush,hit,529,268,627,895,0,1
flush,miss,530,2278,10975,13253,57,1
flush,hit,530,265,549,814,0,1
flush,miss,531,2479,11028,13507,57,1
flush,hit,531,260,557,817,0,1
flush,miss,532,2322,17454,19776,58,1
flush,hit,532,286,554,840,0,1
flush,miss,533,2485,16176,18661,51,1
flush,hit,533,262,562,824,0,1
flush,miss,534,2599,14101,16700,46,1
flush,hit,534,278,599,877,0,1
flush,miss,535,2467,11001,13468,57,1
flush,hit,535,264,584,848,0,1
flush,miss,536,2354,11296,13650,59,1
flush,hit,536,256,549,805,0,1
flush,miss,537,2490,10880,13370,56,1
flush,hit,537,265,549,814,0,1
flush,miss,538,2280,10768,13048,56,1
flush,hit,538,258,539,797,0,1
flush,miss,539,2797,12412,15209,41,1
flush,hit,539,349,847,1196,0,1
flush,miss,540,2389,11035,13424,57,1
flush,hit,540,265,582,847,0,1
flush,miss,541,2492,11164,13656,58,1
flush,hit,541,265,574,839,0,1
flush,miss,542,2292,10976,13268,57,1
flush,hit,542,255,546,801,0,1
flush,miss,543,2503,10822,13325,56,1
flush,hit,543,259,556,815,0,1
flush,miss,544,2276,10644,12920,55,1
flush,hit,544,317,805,1122,0,1
flush,miss,545,2770,11022,13792,57,1
flush,hit,545,300,781,1081,0,1
flush,miss,546,2350,11369,13719,59,1
flush,hit,546,252,568,820,0,1
flush,miss,547,2458,10889,13347,56,1
flush,hit,547,257,568,825,0,1
flush,miss,548,2354,10856,13210,56,1
flush,hit,548,259,545,804,0,1
flush,miss,549,2479,10901,13380,56,1
flush,hit,549,251,557,808,0,1
flush,miss,550,2290,13137,15427,48,1
flush,hit,550,379,984,1363,0,1
flush,miss,551,2629,11533,14162,60,1
flush,hit,551,275,669,944,0,1
flush,miss,552,2347,11162,13509,58,1
flush,hit,552,259,552,811,0,1
flush,miss,553,2492,9859,12351,50,1
flush,hit,553,255,556,811,0,1
flush,miss,554,2341,10633,12974,55,1
flush,hit,554,254,553,807,0,1
flush,miss,555,2488,16156,18644,51,1
flush,hit,555,257,562,819,0,1
flush,miss,556,2606,14088,16694,51,1
flush,hit,556,273,637,910,0,1
flush,miss,557,2450,11014,13464,57,1
flush,hit,557,260,557,817,0,1
flush,miss,558,2335,11324,13659,59,1
flush,hit,558,270,564,834,0,1
flush,miss,559,2369,13146,15515,69,1
flush,hit,559,259,562,821,0,1
flush,miss,560,2528,12000,14528,63,1
flush,hit,560,263,557,820,0,1
flush,miss,561,2783,14733,17516,47,1
flush,hit,561,337,805,1142,0,1
flush,miss,562,2499,11078,13577,57,1
flush,hit,562,311,750,1061,0,1
flush,miss,563,2586,11504,14090,60,1
flush,hit,563,260,608,868,0,1
flush,miss,564,2312,11164,13476,58,1
flush,hit,564,261,534,795,0,1
flush,miss,565,2451,9657,12108,49,1
flush,hit,565,270,538,808,0,1
flush,miss,566,2307,9810,12117,50,1
flush,hit,566,321,821,1142,0,1
flush,miss,567,2817,11139,13956,57,1
flush,hit,567,304,850,1154,0,1
flush,miss,568,2392,15653,18045,85,1
flush,hit,568,254,572,826,0,1
flush,miss,569,2505,11418,13923,59,1
flush,hit,569,259,553,812,0,1
flush,miss,570,2327,11120,13447,58,1
flush,hit,570,259,540,799,0,1
flush,miss,571,2419,10382,12801,53,1
flush,hit,571,259,567,826,0,1
flush,miss,572,2328,12931,15259,48,1
flush,hit,572,330,790,1120,0,1
flush,miss,573,2537,13207,15744,70,1
flush,hit,573,272,601,873,0,1
flush,miss,574,2312,11220,13532,58,1
flush,hit,574,252,538,790,0,1
flush,miss,575,2450,10878,13328,56,1
flush,hit,575,258,539,797,0,1
flush,miss,576,2292,11273,13565,59,1
flush,hit,576,262,544,806,0,1
flush,miss,577,2454,12968,15422,48,1
flush,hit,577,252,529,781,0,1
flush,miss,578,2383,11979,14362,42,1
flush,hit,578,259,570,829,0,1
flush,miss,579,2461,11100,13561,57,1
flush,hit,579,264,553,817,0,1
flush,miss,580,2315,10992,13307,57,1
flush,hit,580,254,529,783,0,1
flush,miss,581,2511,11711,14222,61,1
flush,hit,581,336,705,1041,0,1
flush,miss,582,2300,10960,13260,57,1
flush,hit,582,255,547,802,0,1
flush,miss,583,2819,14368,17187,49,1
flush,hit,583,345,843,1188,0,1
flush,miss,584,2499,10860,13359,56,1
flush,hit,584,264,580,844,0,1
flush,miss,585,2406,11348,13754,59,1
flush,hit,585,258,556,814,0,1
flush,miss,586,2285,10962,13247,57,1
flush,hit,586,269,564,833,0,1
flush,miss,587,2440,10959,13399,56,1
flush,hit,587,266,565,831,0,1
flush,miss,588,2289,10812,13101,56,1
flush,hit,588,327,804,1131,0,1
flush,miss,589,2754,10966,13720,56,1
flush,hit,589,332,818,1150,0,1
flush,miss,590,2299,11343,13642,59,1
flush,hit,590,250,555,805,0,1
flush,miss,591,2454,10988,13442,57,1
flush,hit,591,254,561,815,0,1
flush,miss,592,2316,10935,13251,57,1
flush,hit,592,260,553,813,0,1
flush,miss,593,2463,14784,17247,56,1
flush,hit,593,254,559,813,0,1
flush,miss,594,2505,15596,18101,50,1
flush,hit,594,322,828,1150,0,1
flush,miss,595,2517,11311,13828,59,1
flush,hit,595,269,617,886,0,1
flush,miss,596,2315,10810,13125,56,1
flush,hit,596,261,538,799,0,1
flush,miss,597,2472,10807,13279,56,1
flush,hit,597,254,550,804,0,1
flush,miss,598,2309,10795,13104,56,1
flush,hit,598,253,540,793,0,1
flush,miss,599,2453,15058,17511,56,1
flush,hit,599,258,539,797,0,1
flush,miss,600,2485,12036,14521,45,1
flush,hit,600,262,564,826,0,1
flush,miss,601,2460,11029,13489,57,1
flush,hit,601,261,556,817,0,1
flush,miss,602,2309,11431,13740,60,1
flush,hit,602,256,529,785,0,1
flush,miss,603,2511,13551,16062,72,1
flush,hit,603,256,548,804,0,1
flush,miss,604,2292,13975,16267,75,1
flush,hit,604,258,534,792,0,1
flush,miss,605,2762,12409,15171,42,1
flush,hit,605,331,803,1134,0,1
flush,miss,606,2375,11031,13406,57,1
flush,hit,606,258,554,812,0,1
flush,miss,607,2478,11041,13519,57,1
flush,hit,607,260,565,825,0,1
flush,miss,608,2319,10947,13266,57,1
flush,hit,608,252,522,774,0,1
flush,miss,609,2421,10985,13406,57,1
flush,hit,609,261,552,813,0,1
flush,miss,610,2253,10803,13056,56,1
flush,hit,610,321,782,1103,0,1
flush,miss,611,2661,14264,16925,55,1
flush,hit,611,306,787,1093,0,1
flush,miss,612,2644,13969,16613,74,1
flush,hit,612,256,559,815,0,1
flush,miss,613,2411,11187,13598,58,1
flush,hit,613,263,585,848,0,1
flush,miss,614,2289,10955,13244,49,1
flush,hit,614,262,1409,1671,0,1
flush,miss,615,2458,11013,13471,57,1
flush,hit,615,262,569,831,0,1
flush,miss,616,2329,16566,18895,52,1
flush,hit,616,361,798,1159,0,1
flush,miss,617,2530,11514,14044,60,1
flush,hit,617,281,619,900,0,1
flush,miss,618,2250,10983,13233,57,1
flush,hit,618,256,560,816,0,1
flush,miss,619,2466,11003,13469,57,1
flush,hit,619,264,584,848,0,1
flush,miss,620,2349,11080,13429,58,1
flush,hit,620,259,547,806,0,1
flush,miss,621,2474,15388,17862,55,1
flush,hit,621,254,561,815,0,1
flush,miss,622,2471,13842,16313,51,1
flush,hit,622,283,612,895,0,1
flush,miss,623,2425,11020,13445,57,1
flush,hit,623,270,566,836,0,1
flush,miss,624,2347,11334,13681,59,1
flush,hit,624,280,621,901,0,1
flush,miss,625,2459,11199,13658,58,1
flush,hit,625,257,557,814,0,1
flush,miss,626,2303,10821,13124,56,1
flush,hit,626,258,545,803,0,1
flush,miss,627,2810,14537,17347,47,1
flush,hit,627,344,850,1194,0,1
flush,miss,628,2421,10927,13348,56,1
flush,hit,628,273,558,831,0,1
flush,miss,629,2458,11331,13789,59,1
flush,hit,629,258,554,812,0,1
flush,miss,630,2276,11000,13276,57,1
flush,hit,630,250,528,778,0,1
flush,miss,631,2478,10894,13372,56,1
flush,hit,631,261,561,822,0,1
flush,miss,632,2304,10822,13126,56,1
flush,hit,632,315,833,1148,0,1
flush,miss,633,2682,10866,13548,56,1
flush,hit,633,323,793,1116,0,1
flush,miss,634,2386,20669,23055,115,1
flush,hit,634,247,542,789,0,1
flush,miss,635,2494,10889,13383,56,1
flush,hit,635,251,543,794,0,1
flush,miss,636,2292,10866,13158,56,1
flush,hit,636,258,544,802,0,1
flush,miss,637,2424,10724,13148,55,1
flush,hit,637,253,542,795,0,1
flush,miss,638,2270,13036,15306,48,1
flush,hit,638,329,787,1116,0,1
flush,miss,639,2446,11301,13747,59,1
flush,hit,639,260,596,856,0,1
flush,miss,640,2317,10946,13263,57,1
flush,hit,640,260,549,809,0,1
flush,miss,641,2477,11225,13702,58,1
flush,hit,641,266,545,811,0,1
flush,miss,642,2284,10975,13259,57,1
flush,hit,642,314,680,994,0,1
flush,miss,643,2469,16023,18492,51,1
flush,hit,643,262,594,856,0,1
flush,miss,644,2472,13739,16211,45,1
flush,hit,644,277,605,882,0,1
flush,miss,645,2423,11091,13514,57,1
flush,hit,645,268,567,835,0,1
flush,miss,646,2355,11334,13689,59,1
flush,hit,646,264,554,818,0,1
flush,miss,647,2440,11215,13655,58,1
flush,hit,647,261,560,821,0,1
flush,miss,648,2347,10990,13337,57,1
flush,hit,648,252,550,802,0,1
flush,miss,649,2822,14375,17197,46,1
flush,hit,649,333,826,1159,0,1
flush,miss,650,2448,10820,13268,56,1
flush,hit,650,267,599,866,0,1
flush,miss,651,2479,11171,13650,58,1
flush,hit,651,255,569,824,0,1
flush,miss,652,2304,11134,13438,58,1
flush,hit,652,248,560,808,0,1
flush,miss,653,2466,10854,13320,56,1
flush,hit,653,255,564,819,0,1
flush,miss,654,2323,10841,13164,56,1
flush,hit,654,330,828,1158,0,1
flush,miss,655,6631,7001,13632,32,1
flush,hit,655,317,830,1147,0,1
flush,miss,656,2473,11031,13504,57,1
flush,hit,656,263,551,814,0,1
flush,miss,657,2444,11184,13628,58,1
flush,hit,657,259,537,796,0,1
flush,miss,658,2322,10837,13159,56,1
flush,hit,658,264,551,815,0,1
flush,miss,659,2436,10824,13260,56,1
flush,hit,659,261,550,811,0,1
flush,miss,660,2312,15366,17678,49,1
flush,hit,660,327,839,1166,0,1
flush,miss,661,2524,11016,13540,57,1
flush,hit,661,259,608,867,0,1
flush,miss,662,2323,10890,13213,57,1
flush,hit,662,254,542,796,0,1
flush,miss,663,2456,10706,13162,55,1
flush,hit,663,253,529,782,0,1
flush,miss,664,2344,11092,13436,58,1
flush,hit,664,265,543,808,0,1
flush,miss,665,2456,12893,15349,43,1
flush,hit,665,255,536,791,0,1
flush,miss,666,2433,11876,14309,45,1
flush,hit,666,262,572,834,0,1
flush,miss,667,2469,10816,13285,56,1
flush,hit,667,261,542,803,0,1
flush,miss,668,2363,11162,13525,58,1
flush,hit,668,258,532,790,0,1
flush,miss,669,2474,11329,13803,59,1
flush,hit,669,260,542,802,0,1
flush,miss,670,2307,11019,13326,57,1
flush,hit,670,259,534,793,0,1
flush,miss,671,2711,12700,15411,43,1
flush,hit,671,315,794,1109,0,1
flush,miss,672,2894,13390,16284,70,1
flush,hit,672,257,584,841,0,1
flush,miss,673,2552,17284,19836,59,1
flush,hit,673,257,1692,1949,0,1
flush,miss,674,2676,12063,14739,62,1
flush,hit,674,277,559,836,0,1
flush,miss,675,2504,14703,17207,77,1
flush,hit,675,260,557,817,0,1
flush,miss,676,2325,13390,15715,69,1
flush,hit,676,323,806,1129,0,1
flush,miss,677,3367,13851,17218,71,1
flush,hit,677,559,884,1443,0,1
flush,miss,678,2352,20029,22381,110,1
flush,hit,678,254,585,839,0,1
flush,miss,679,2553,11890,14443,62,1
flush,hit,679,261,575,836,0,1
flush,miss,680,2291,11308,13599,59,1
flush,hit,680,250,548,798,0,1
flush,miss,681,3079,11487,14566,60,1
flush,hit,681,255,563,818,0,1
flush,miss,682,2336,15662,17998,51,1
flush,hit,682,339,1025,1364,0,1
flush,miss,683,2693,18633,21326,103,1
flush,hit,683,273,795,1068,0,1
flush,miss,684,2277,12394,14671,65,1
flush,hit,684,272,641,913,0,1
flush,miss,685,2522,13305,15827,71,1
flush,hit,685,257,567,824,0,1
flush,miss,686,2647,11785,14432,62,1
flush,hit,686,269,546,815,0,1
flush,miss,687,2656,17127,19783,63,1
flush,hit,687,268,568,836,0,1
flush,miss,688,2941,14479,17420,54,1
flush,hit,688,281,606,887,0,1
flush,miss,689,2337,12046,14383,61,1
flush,hit,689,268,565,833,0,1
flush,miss,690,2361,13846,16207,74,1
flush,hit,690,258,540,798,0,1
flush,miss,691,2499,11836,14335,62,1
flush,hit,691,267,629,896,0,1
flush,miss,692,2536,11570,14106,61,1
flush,hit,692,260,528,788,0,1
flush,miss,693,3030,14185,17215,53,1
flush,hit,693,334,1017,1351,0,1
flush,miss,694,3453,12576,16029,66,1
flush,hit,694,256,565,821,0,1
flush,miss,695,2804,11616,14420,59,1
flush,hit,695,251,551,802,0,1
flush,miss,696,2319,11517,13836,59,1
flush,hit,696,263,538,801,0,1
flush,miss,697,2543,12258,14801,63,1
flush,hit,697,250,1655,1905,0,1
flush,miss,698,2529,13178,15707,70,1
flush,hit,698,303,796,1099,0,1
flush,miss,699,2998,11847,14845,60,1
flush,hit,699,290,800,1090,0,1
flush,miss,700,2545,14248,16793,77,1
flush,hit,700,1036,724,1760,0,1
flush,miss,701,2728,15808,18536,86,1
flush,hit,701,262,577,839,0,1
flush,miss,702,2189,12783,14972,68,1
flush,hit,702,256,551,807,0,1
flush,miss,703,2443,12025,14468,63,1
flush,hit,703,258,548,806,0,1
flush,miss,704,2262,16639,18901,60,1
flush,hit,704,345,817,1162,0,1
flush,miss,705,2555,11851,14406,61,1
flush,hit,705,280,626,906,0,1
flush,miss,706,2265,11170,13435,58,1
flush,hit,706,258,557,815,0,1
flush,miss,707,2497,11604,14101,59,1
flush,hit,707,246,561,807,0,1
flush,miss,708,2597,11659,14256,61,1
flush,hit,708,248,552,800,0,1
flush,miss,709,2480,16321,18801,52,1
flush,hit,709,253,801,1054,0,1
flush,miss,710,2540,14315,16855,54,1
flush,hit,710,285,609,894,0,1
flush,miss,711,2460,11157,13617,58,1
flush,hit,711,270,564,834,0,1
flush,miss,712,2372,17353,19725,95,1
flush,hit,712,266,633,899,0,1
flush,miss,713,2465,12208,14673,64,1
flush,hit,713,260,570,830,0,1
flush,miss,714,2463,11495,13958,60,1
flush,hit,714,258,527,785,0,1
flush,miss,715,3047,15215,18262,48,1
flush,hit,715,367,826,1193,0,1
flush,miss,716,2455,11647,14102,47,1
flush,hit,716,255,1972,2227,0,1
flush,miss,717,2498,15384,17882,81,1
flush,hit,717,273,567,840,0,1
flush,miss,718,2379,14129,16508,76,1
flush,hit,718,259,540,799,0,1
flush,miss,719,2571,11758,14329,60,1
flush,hit,719,270,549,819,0,1
flush,miss,720,2475,11336,13811,59,1
flush,hit,720,348,1069,1417,0,1
flush,miss,721,2747,11819,14566,61,1
flush,hit,721,316,781,1097,0,1
flush,miss,722,2299,12008,14307,63,1
flush,hit,722,252,544,796,0,1
flush,miss,723,2813,14406,17219,77,1
flush,hit,723,256,544,800,0,1
flush,miss,724,2195,12040,14235,64,1
flush,hit,724,414,543,957,0,1
flush,miss,725,2471,11000,13471,57,1
flush,hit,725,259,547,806,0,1
flush,miss,726,2379,12823,15202,48,1
flush,hit,726,331,766,1097,0,1
flush,miss,727,2551,10857,13408,56,1
flush,hit,727,265,596,861,0,1
flush,miss,728,2280,10785,13065,56,1
flush,hit,728,255,547,802,0,1
flush,miss,729,2541,11339,13880,59,1
flush,hit,729,297,699,996,0,1
flush,miss,730,2296,11452,13748,60,1
flush,hit,730,252,557,809,0,1
flush,miss,731,2449,16252,18701,58,1
flush,hit,731,254,560,814,0,1
flush,miss,732,2550,13903,16453,51,1
flush,hit,732,259,598,857,0,1
flush,miss,733,2441,10826,13267,56,1
flush,hit,733,246,581,827,0,1
flush,miss,734,2336,11474,13810,60,1
flush,hit,734,254,543,797,0,1
flush,miss,735,2467,11337,13804,59,1
flush,hit,735,256,567,823,0,1
flush,miss,736,2285,10825,13110,56,1
flush,hit,736,253,569,822,0,1
flush,miss,737,2748,14375,17123,46,1
flush,hit,737,355,833,1188,0,1
flush,miss,738,2507,10744,13251,55,1
flush,hit,738,252,575,827,0,1
flush,miss,739,2505,11447,13952,60,1
flush,hit,739,262,551,813,0,1
flush,miss,740,2302,10954,13256,57,1
flush,hit,740,256,558,814,0,1
flush,miss,741,2472,14423,16895,48,1
flush,hit,741,256,568,824,0,1
flush,miss,742,2463,10893,13356,56,1
flush,hit,742,332,857,1189,0,1
flush,miss,743,2786,10739,13525,55,1
flush,hit,743,328,817,1145,0,1
flush,miss,744,2337,11494,13831,60,1
flush,hit,744,254,554,808,0,1
flush,miss,745,2471,11139,13610,58,1
flush,hit,745,259,562,821,0,1
flush,miss,746,2308,10877,13185,56,1
flush,hit,746,270,528,798,0,1
flush,miss,747,2401,10891,13292,56,1
flush,hit,747,254,537,791,0,1
flush,miss,748,2306,15133,17439,49,1
flush,hit,748,332,825,1157,0,1
flush,miss,749,2463,14688,17151,79,1
flush,hit,749,270,614,884,0,1
flush,miss,750,2178,11528,13706,60,1
flush,hit,750,260,537,797,0,1
flush,miss,751,3251,13165,16416,64,1
flush,hit,751,256,539,795,0,1
flush,miss,752,2681,11374,14055,58,1
flush,hit,752,260,536,796,0,1
flush,miss,753,2484,14564,17048,52,1
flush,hit,753,253,548,801,0,1
flush,miss,754,2603,13910,16513,54,1
flush,hit,754,252,573,825,0,1
flush,miss,755,2439,13073,15512,66,1
flush,hit,755,254,547,801,0,1
flush,miss,756,2352,12336,14688,64,1
flush,hit,756,256,534,790,0,1
flush,miss,757,2821,12047,14868,63,1
flush,hit,757,246,538,784,0,1
flush,miss,758,2309,12616,14925,67,1
flush,hit,758,304,740,1044,0,1
flush,miss,759,2818,15505,18323,49,1
flush,hit,759,656,870,1526,0,1
flush,miss,760,2434,13618,16052,72,1
flush,hit,760,267,559,826,0,1
flush,miss,761,2528,13819,16347,71,1
flush,hit,761,247,891,1138,0,1
flush,miss,762,2595,12123,14718,64,1
flush,hit,762,249,542,791,0,1
flush,miss,763,2483,14225,16708,76,1
flush,hit,763,250,544,794,0,1
flush,miss,764,2779,13745,16524,73,1
flush,hit,764,535,1394,1929,0,1
flush,miss,765,2759,15383,18142,83,1
flush,hit,765,313,956,1269,0,1
flush,miss,766,2431,18253,20684,100,1
flush,hit,766,260,553,813,0,1
flush,miss,767,2775,12419,15194,65,1
flush,hit,767,250,566,816,0,1
flush,miss,768,2412,10978,13390,57,1
flush,hit,768,249,548,797,0,1
flush,miss,769,3075,13395,16470,66,1
flush,hit,769,248,696,944,0,1
flush,miss,770,2603,20702,23305,68,1
flush,hit,770,332,829,1161,0,1
flush,miss,771,3047,19016,22063,105,1
flush,hit,771,268,684,952,0,1
flush,miss,772,2426,11614,14040,61,1
flush,hit,772,253,524,777,0,1
flush,miss,773,2431,12459,14890,65,1
flush,hit,773,253,541,794,0,1
flush,miss,774,2437,13781,16218,74,1
flush,hit,774,252,549,801,0,1
flush,miss,775,2478,17724,20202,59,1
flush,hit,775,251,553,804,0,1
flush,miss,776,2462,15195,17657,61,1
flush,hit,776,263,559,822,0,1
flush,miss,777,2479,11966,14445,63,1
flush,hit,777,248,554,802,0,1
flush,miss,778,2515,13711,16226,73,1
flush,hit,778,262,626,888,0,1
flush,miss,779,2471,11496,13967,60,1
flush,hit,779,249,546,795,0,1
flush,miss,780,2316,10787,13103,56,1
flush,hit,780,255,525,780,0,1
flush,miss,781,3009,15650,18659,57,1
flush,hit,781,330,1042,1372,0,1
flush,miss,782,2550,11218,13768,58,1
flush,hit,782,245,577,822,0,1
flush,miss,783,2473,18359,20832,101,1
flush,hit,783,254,544,798,0,1
flush,miss,784,2258,16327,18585,89,1
flush,hit,784,298,1171,1469,0,1
flush,miss,785,2680,11961,14641,61,1
flush,hit,785,266,605,871,0,1
flush,miss,786,2313,11350,13663,59,1
flush,hit,786,516,965,1481,0,1
flush,miss,787,3203,11604,14807,60,1
flush,hit,787,301,835,1136,0,1
flush,miss,788,2357,12257,14614,61,1
flush,hit,788,246,548,794,0,1
flush,miss,789,2444,16630,19074,91,1
flush,hit,789,249,562,811,0,1
flush,miss,790,2153,11457,13610,60,1
flush,hit,790,259,536,795,0,1
flush,miss,791,2520,11426,13946,59,1
flush,hit,791,247,558,805,0,1
flush,miss,792,2556,17295,19851,60,1
flush,hit,792,1128,1113,2241,0,1
flush,miss,793,2515,11496,14011,60,1
flush,hit,793,258,619,877,0,1
flush,miss,794,2326,11473,13799,58,1
flush,hit,794,251,575,826,0,1
flush,miss,795,2318,11184,13502,58,1
flush,hit,795,248,550,798,0,1
flush,miss,796,8286,6011,14297,26,1
flush,hit,796,262,560,822,0,1
flush,miss,797,2896,17387,20283,62,1
flush,hit,797,249,550,799,0,1
flush,miss,798,2602,16955,19557,69,1
flush,hit,798,265,861,1126,0,1
flush,miss,799,2524,11562,14086,60,1
flush,hit,799,254,558,812,0,1
flush,miss,800,2325,17813,20138,98,1
flush,hit,800,252,537,789,0,1
flush,miss,801,2505,11811,14316,62,1
flush,hit,801,250,543,793,0,1
flush,miss,802,3003,12769,15772,67,1
flush,hit,802,253,542,795,0,1
flush,miss,803,2856,16581,19437,60,1
flush,hit,803,336,1111,1447,0,1
flush,miss,804,2432,11074,13506,57,1
flush,hit,804,274,587,861,0,1
flush,miss,805,2457,17574,20031,96,1
flush,hit,805,259,552,811,0,1
flush,miss,806,2146,14117,16263,76,1
flush,hit,806,253,537,790,0,1
flush,miss,807,2453,11618,14071,59,1
flush,hit,807,257,551,808,0,1
flush,miss,808,2313,11483,13796,60,1
flush,hit,808,338,798,1136,0,1
flush,miss,809,2771,12321,15092,65,1
flush,hit,809,314,1150,1464,0,1
flush,miss,810,2601,13151,15752,70,1
flush,hit,810,248,554,802,0,1
flush,miss,811,2371,15644,18015,85,1
flush,hit,811,257,1334,1591,0,1
flush,miss,812,2345,16280,18625,60,1
flush,hit,812,270,958,1228,0,1
flush,miss,813,2990,16965,19955,89,1
flush,hit,813,266,551,817,0,1
flush,miss,814,2357,16988,19345,62,1
flush,hit,814,355,858,1213,0,1
flush,miss,815,3048,12960,16008,67,1
flush,hit,815,282,617,899,0,1
flush,miss,816,2808,13438,16246,69,1
flush,hit,816,259,569,828,0,1
flush,miss,817,2364,11179,13543,57,1
flush,hit,817,261,651,912,0,1
flush,miss,818,2404,11905,14309,61,1
flush,hit,818,341,641,982,0,1
flush,miss,819,2517,15866,18383,50,1
flush,hit,819,258,643,901,0,1
flush,miss,820,2501,14195,16696,46,1
flush,hit,820,274,609,883,0,1
flush,miss,821,2494,11179,13673,56,1
flush,hit,821,257,586,843,0,1
flush,miss,822,2400,17223,19623,92,1
flush,hit,822,267,580,847,0,1
flush,miss,823,2583,14863,17446,49,1
flush,hit,823,262,588,850,0,1
flush,miss,824,2507,11198,13705,56,1
flush,hit,824,261,565,826,0,1
flush,miss,825,2994,14897,17891,47,1
flush,hit,825,347,869,1216,0,1
flush,miss,826,2518,12097,14615,61,1
flush,hit,826,256,598,854,0,1
flush,miss,827,2534,30848,33382,171,1
flush,hit,827,261,583,844,0,1
flush,miss,828,2281,13162,15443,68,1
flush,hit,828,254,572,826,0,1
flush,miss,829,2507,11117,13624,56,1
flush,hit,829,261,567,828,0,1
flush,miss,830,2346,10971,13317,56,1
flush,hit,830,329,853,1182,0,1
flush,miss,831,2790,11293,14083,57,1
flush,hit,831,329,846,1175,0,1
flush,miss,832,2413,11059,13472,56,1
flush,hit,832,248,556,804,0,1
flush,miss,833,2518,11450,13968,58,1
flush,hit,833,260,571,831,0,1
flush,miss,834,2374,11126,13500,56,1
flush,hit,834,256,557,813,0,1
flush,miss,835,2557,11101,13658,56,1
flush,hit,835,270,566,836,0,1
flush,miss,836,2386,13255,15641,48,1
flush,hit,836,337,781,1118,0,1
flush,miss,837,2599,11160,13759,56,1
flush,hit,837,259,617,876,0,1
flush,miss,838,2361,11256,13617,57,1
flush,hit,838,255,544,799,0,1
flush,miss,839,2566,13365,15931,69,1
flush,hit,839,260,568,828,0,1
flush,miss,840,2326,13586,15912,71,1
flush,hit,840,305,690,995,0,1
flush,miss,841,2569,15523,18092,47,1
flush,hit,841,266,607,873,0,1
flush,miss,842,2553,14080,16633,45,1
flush,hit,842,263,614,877,0,1
flush,miss,843,2532,11165,13697,56,1
flush,hit,843,267,607,874,0,1
flush,miss,844,2381,11914,14295,61,1
flush,hit,844,260,576,836,0,1
flush,miss,845,2560,11827,14387,60,1
flush,hit,845,260,576,836,0,1
flush,miss,846,2364,11129,13493,56,1
flush,hit,846,255,567,822,0,1
flush,miss,847,2813,14810,17623,53,1
flush,hit,847,362,824,1186,0,1
flush,miss,848,2502,11103,13605,56,1
flush,hit,848,264,589,853,0,1
flush,miss,849,2535,18128,20663,88,1
flush,hit,849,263,579,842,0,1
flush,miss,850,2315,11135,13450,58,1
flush,hit,850,261,568,829,0,1
flush,miss,851,2511,10958,13469,56,1
flush,hit,851,258,565,823,0,1
flush,miss,852,2340,10780,13120,56,1
flush,hit,852,354,790,1144,0,1
flush,miss,853,3206,10851,14057,55,1
flush,hit,853,373,1033,1406,0,1
flush,miss,854,2357,11347,13704,59,1
flush,hit,854,246,559,805,0,1
flush,miss,855,2532,11373,13905,59,1
flush,hit,855,242,569,811,0,1
flush,miss,856,2288,10847,13135,56,1
flush,hit,856,241,567,808,0,1
flush,miss,857,2553,10893,13446,56,1
flush,hit,857,245,562,807,0,1
flush,miss,858,2296,16207,18503,59,1
flush,hit,858,328,839,1167,0,1
flush,miss,859,2559,11385,13944,59,1
flush,hit,859,262,600,862,0,1
flush,miss,860,2314,11075,13389,57,1
flush,hit,860,249,541,790,0,1
flush,miss,861,2483,11022,13505,57,1
flush,hit,861,254,583,837,0,1
flush,miss,862,2333,10846,13179,56,1
flush,hit,862,245,539,784,0,1
flush,miss,863,2505,12911,15416,43,1
flush,hit,863,244,554,798,0,1
flush,miss,864,2439,11933,14372,45,1
flush,hit,864,248,571,819,0,1
flush,miss,865,2439,11062,13501,57,1
flush,hit,865,243,562,805,0,1
flush,miss,866,2336,11043,13379,57,1
flush,hit,866,247,531,778,0,1
flush,miss,867,2460,10884,13344,56,1
flush,hit,867,245,552,797,0,1
flush,miss,868,2351,10787,13138,56,1
flush,hit,868,253,532,785,0,1
flush,miss,869,2647,12349,14996,42,1
flush,hit,869,330,770,1100,0,1
flush,miss,870,2388,10881,13269,56,1
flush,hit,870,253,584,837,0,1
flush,miss,871,2825,11728,14553,61,1
flush,hit,871,317,686,1003,0,1
flush,miss,872,2351,11331,13682,59,1
flush,hit,872,242,545,787,0,1
flush,miss,873,2457,10956,13413,56,1
flush,hit,873,242,574,816,0,1
flush,miss,874,2299,10767,13066,56,1
flush,hit,874,336,824,1160,0,1
flush,miss,875,2808,10963,13771,56,1
flush,hit,875,327,836,1163,0,1
flush,miss,876,2331,11232,13563,58,1
flush,hit,876,242,552,794,0,1
flush,miss,877,2487,11147,13634,58,1
flush,hit,877,244,556,800,0,1
flush,miss,878,2308,11004,13312,57,1
flush,hit,878,261,561,822,0,1
flush,miss,879,2512,10754,13266,55,1
flush,hit,879,246,579,825,0,1
flush,miss,880,2313,15438,17751,56,1
flush,hit,880,336,807,1143,0,1
flush,miss,881,2504,11117,13621,57,1
flush,hit,881,253,622,875,0,1
flush,miss,882,2303,11029,13332,57,1
flush,hit,882,248,561,809,0,1
flush,miss,883,2501,10868,13369,56,1
flush,hit,883,254,577,831,0,1
flush,miss,884,2338,15808,18146,53,1
flush,hit,884,273,565,838,0,1
flush,miss,885,2493,18016,20509,64,1
flush,hit,885,256,559,815,0,1
flush,miss,886,2432,16332,18764,60,1
flush,hit,886,269,574,843,0,1
flush,miss,887,2448,10874,13322,56,1
flush,hit,887,251,548,799,0,1
flush,miss,888,2351,11689,14040,61,1
flush,hit,888,248,541,789,0,1
flush,miss,889,2472,11294,13766,59,1
flush,hit,889,248,550,798,0,1
flush,miss,890,2326,10841,13167,56,1
flush,hit,890,252,534,786,0,1
flush,miss,891,2794,12832,15626,43,1
flush,hit,891,334,841,1175,0,1
flush,miss,892,2408,11374,13782,58,1
flush,hit,892,247,565,812,0,1
flush,miss,893,2538,13593,16131,72,1
flush,hit,893,262,542,804,0,1
flush,miss,894,2224,11866,14090,62,1
flush,hit,894,248,536,784,0,1
flush,miss,895,2467,12037,14504,63,1
flush,hit,895,243,538,781,0,1
flush,miss,896,2476,11751,14227,61,1
flush,hit,896,311,785,1096,0,1
flush,miss,897,2686,11860,14546,61,1
flush,hit,897,315,855,1170,0,1
flush,miss,898,2363,11389,13752,59,1
flush,hit,898,255,533,788,0,1
flush,miss,899,2465,11195,13660,58,1
flush,hit,899,253,575,828,0,1
flush,miss,900,2326,11012,13338,57,1
flush,hit,900,254,545,799,0,1
flush,miss,901,2501,10878,13379,56,1
flush,hit,901,258,556,814,0,1
flush,miss,902,2363,29900,32263,29,1
flush,hit,902,302,699,1001,0,1
flush,miss,903,2528,13699,16227,63,1
flush,hit,903,258,570,828,0,1
flush,miss,904,2263,11182,13445,59,1
flush,hit,904,250,524,774,0,1
flush,miss,905,2406,9832,12238,51,1
flush,hit,905,249,545,794,0,1
flush,miss,906,2338,42213,44551,245,1
flush,hit,906,253,537,790,0,1
flush,miss,907,2482,43613,46095,255,1
flush,hit,907,256,521,777,0,1
flush,miss,908,2343,55398,57741,313,1
flush,hit,908,260,528,788,0,1
flush,miss,909,4027,11643,15670,37,1
flush,hit,909,248,520,768,0,1
flush,miss,910,2390,22116,24506,126,1
flush,hit,910,248,515,763,0,1
flush,miss,911,2448,39690,42138,230,1
flush,hit,911,246,544,790,0,1
flush,miss,912,2306,11134,13440,58,1
flush,hit,912,272,524,796,0,1
flush,miss,913,2395,11977,14372,63,1
flush,hit,913,266,529,795,0,1
flush,miss,914,2299,11164,13463,58,1
flush,hit,914,256,532,788,0,1
flush,miss,915,2501,10327,12828,52,1
flush,hit,915,252,534,786,0,1
flush,miss,916,2325,9926,12251,51,1
flush,hit,916,266,528,794,0,1
flush,miss,917,2456,11079,13535,57,1
flush,hit,917,251,533,784,0,1
flush,miss,918,2343,11067,13410,57,1
flush,hit,918,261,526,787,0,1
flush,miss,919,2509,11078,13587,57,1
flush,hit,919,254,533,787,0,1
flush,miss,920,2401,10972,13373,57,1
flush,hit,920,255,525,780,0,1
flush,miss,921,2610,11269,13879,53,1
flush,hit,921,256,2554,2810,0,1
flush,miss,922,2367,11046,13413,57,1
flush,hit,922,256,535,791,0,1
flush,miss,923,2475,11009,13484,56,1
flush,hit,923,251,518,769,0,1
flush,miss,924,2391,12062,14453,63,1
flush,hit,924,251,509,760,0,1
flush,miss,925,2449,11061,13510,57,1
flush,hit,925,248,515,763,0,1
flush,miss,926,2360,10836,13196,56,1
flush,hit,926,257,519,776,0,1
flush,miss,927,2658,11062,13720,57,1
flush,hit,927,279,632,911,0,1
flush,miss,928,2395,58276,60671,340,1
flush,hit,928,257,558,815,0,1
flush,miss,929,2472,42840,45312,249,1
flush,hit,929,240,535,775,0,1
flush,miss,930,2317,54479,56796,308,1
flush,hit,930,250,553,803,0,1
flush,miss,931,2456,10997,13453,58,1
flush,hit,931,248,549,797,0,1
flush,miss,932,2333,15231,17564,84,1
flush,hit,932,254,537,791,0,1
flush,miss,933,2475,11725,14200,61,1
flush,hit,933,258,582,840,0,1
flush,miss,934,2370,11149,13519,58,1
flush,hit,934,248,542,790,0,1
flush,miss,935,2593,11911,14504,62,1
flush,hit,935,299,656,955,0,1
flush,miss,936,2282,11203,13485,58,1
flush,hit,936,258,558,816,0,1
flush,miss,937,2449,11530,13979,60,1
flush,hit,937,258,558,816,0,1
flush,miss,938,2333,11224,13557,58,1
flush,hit,938,251,531,782,0,1
flush,miss,939,2472,9879,12351,50,1
flush,hit,939,247,549,796,0,1
flush,miss,940,2365,10394,12759,53,1
flush,hit,940,247,526,773,0,1
flush,miss,941,2413,11045,13458,57,1
flush,hit,941,248,529,777,0,1
flush,miss,942,2381,11496,13877,60,1
flush,hit,942,247,534,781,0,1
flush,miss,943,4050,11385,15435,59,1
flush,hit,943,252,552,804,0,1
flush,miss,944,2320,11200,13520,58,1
flush,hit,944,252,530,782,0,1
flush,miss,945,2445,11107,13552,57,1
flush,hit,945,247,541,788,0,1
flush,miss,946,2304,12468,14772,66,1
flush,hit,946,250,523,773,0,1
flush,miss,947,2460,11509,13969,60,1
flush,hit,947,245,542,787,0,1
flush,miss,948,2366,11027,13393,57,1
flush,hit,948,259,528,787,0,1
flush,miss,949,2380,10978,13358,57,1
flush,hit,949,255,535,790,0,1
flush,miss,950,2361,12176,14537,64,1
flush,hit,950,253,523,776,0,1
flush,miss,951,2436,11015,13451,57,1
flush,hit,951,252,536,788,0,1
flush,miss,952,2354,10878,13232,56,1
flush,hit,952,252,526,778,0,1
flush,miss,953,2433,14598,17031,53,1
flush,hit,953,250,543,793,0,1
flush,miss,954,2432,12121,14553,64,1
flush,hit,954,258,530,788,0,1
flush,miss,955,2520,62713,65233,366,1
flush,hit,955,258,536,794,0,1
flush,miss,956,2222,11180,13402,58,1
flush,hit,956,254,546,800,0,1
flush,miss,957,2268,71109,73377,418,1
flush,hit,957,253,550,803,0,1
flush,miss,958,2286,11189,13475,58,1
flush,hit,958,255,524,779,0,1
flush,miss,959,2443,21749,24192,121,1
flush,hit,959,259,521,780,0,1
flush,miss,960,3941,47970,51911,239,1
flush,hit,960,251,539,790,0,1
flush,miss,961,2319,11206,13525,58,1
flush,hit,961,257,535,792,0,1
flush,miss,962,2338,21027,23365,117,1
flush,hit,962,256,527,783,0,1
flush,miss,963,2324,11199,13523,58,1
flush,hit,963,250,546,796,0,1
flush,miss,964,2330,21100,23430,117,1
flush,hit,964,251,531,782,0,1
flush,miss,965,2467,48446,50913,283,1
flush,hit,965,252,550,802,0,1
flush,miss,966,2292,11150,13442,58,1
flush,hit,966,251,516,767,0,1
flush,miss,967,2439,21600,24039,120,1
flush,hit,967,248,513,761,0,1
flush,miss,968,3974,14711,18685,79,1
flush,hit,968,249,514,763,0,1
flush,miss,969,2428,11416,13844,59,1
flush,hit,969,249,519,768,0,1
flush,miss,970,2346,11132,13478,58,1
flush,hit,970,254,513,767,0,1
flush,miss,971,2622,10950,13572,55,1
flush,hit,971,265,621,886,0,1
flush,miss,972,2315,10967,13282,57,1
flush,hit,972,251,542,793,0,1
flush,miss,973,2459,11751,14210,61,1
flush,hit,973,254,556,810,0,1
flush,miss,974,2325,11030,13355,57,1
flush,hit,974,253,537,790,0,1
flush,miss,975,2409,11098,13507,57,1
flush,hit,975,251,539,790,0,1
flush,miss,976,2290,12279,14569,65,1
flush,hit,976,251,532,783,0,1
flush,miss,977,2465,9826,12291,50,1
flush,hit,977,254,548,802,0,1
flush,miss,978,2321,9652,11973,49,1
flush,hit,978,250,537,787,0,1
flush,miss,979,2466,10872,13338,56,1
flush,hit,979,247,545,792,0,1
flush,miss,980,2346,11180,13526,58,1
flush,hit,980,252,551,803,0,1
flush,miss,981,2453,11330,13783,59,1
flush,hit,981,259,569,828,0,1
flush,miss,982,2337,11028,13365,57,1
flush,hit,982,251,537,788,0,1
flush,miss,983,2428,10822,13250,56,1
flush,hit,983,253,553,806,0,1
flush,miss,984,2361,11146,13507,58,1
flush,hit,984,253,536,789,0,1
flush,miss,985,2577,10891,13468,56,1
flush,hit,985,274,601,875,0,1
flush,miss,986,2405,11347,13752,59,1
flush,hit,986,251,524,775,0,1
flush,miss,987,2466,11006,13472,57,1
flush,hit,987,257,557,814,0,1
flush,miss,988,2330,11007,13337,57,1
flush,hit,988,256,527,783,0,1
flush,miss,989,2403,12574,14977,66,1
flush,hit,989,246,516,762,0,1
flush,miss,990,2353,9801,12154,50,1
flush,hit,990,251,526,777,0,1
flush,miss,991,2528,10818,13346,56,1
flush,hit,991,247,526,773,0,1
flush,miss,992,2402,11041,13443,57,1
flush,hit,992,252,525,777,0,1
flush,miss,993,2486,10983,13469,57,1
flush,hit,993,246,547,793,0,1
flush,miss,994,2351,10815,13166,56,1
flush,hit,994,251,526,777,0,1
flush,miss,995,2481,10998,13479,57,1
flush,hit,995,251,543,794,0,1
flush,miss,996,2364,10955,13319,57,1
flush,hit,996,252,516,768,0,1
flush,miss,997,2421,11028,13449,57,1
flush,hit,997,249,527,776,0,1
flush,miss,998,2370,11361,13731,59,1
flush,hit,998,253,519,772,0,1
flush,miss,999,2456,10996,13452,57,1
flush,hit,999,253,525,778,0,1
flush,miss,1000,2329,10971,13300,57,1
flush,hit,1000,252,515,767,0,1
flush,miss,1001,2389,10881,13270,56,1
flush,hit,1001,250,516,766,0,1
flush,miss,1002,2340,10950,13290,57,1
flush,hit,1002,252,520,772,0,1
flush,miss,1003,2480,11658,14138,61,1
flush,hit,1003,253,525,778,0,1
flush,miss,1004,5209,14447,19656,77,1
flush,hit,1004,259,537,796,0,1
flush,miss,1005,2450,11011,13461,57,1
flush,hit,1005,252,548,800,0,1
flush,miss,1006,2398,11504,13902,60,1
flush,hit,1006,256,538,794,0,1
flush,miss,1007,2424,11186,13610,58,1
flush,hit,1007,249,563,812,0,1
flush,miss,1008,2362,11289,13651,59,1
flush,hit,1008,253,536,789,0,1
flush,miss,1009,2453,10858,13311,56,1
flush,hit,1009,250,548,798,0,1
flush,miss,1010,2342,10997,13339,57,1
flush,hit,1010,248,537,785,0,1
flush,miss,1011,2482,11391,13873,59,1
flush,hit,1011,251,552,803,0,1
flush,miss,1012,2334,11474,13808,60,1
flush,hit,1012,251,535,786,0,1
flush,miss,1013,2499,11015,13514,57,1
flush,hit,1013,253,558,811,0,1
flush,miss,1014,2359,11055,13414,57,1
flush,hit,1014,250,536,786,0,1
flush,miss,1015,2391,11406,13797,59,1
flush,hit,1015,252,543,795,0,1
flush,miss,1016,2315,10948,13263,57,1
flush,hit,1016,254,546,800,0,1
flush,miss,1017,2464,11389,13853,33,1
flush,hit,1017,254,553,807,0,1
flush,miss,1018,2455,10997,13452,57,1
flush,hit,1018,247,530,777,0,1
flush,miss,1019,2438,10999,13437,57,1
flush,hit,1019,238,532,770,0,1
flush,miss,1020,2333,11701,14034,61,1
flush,hit,1020,239,554,793,0,1
flush,miss,1021,2420,10982,13402,57,1
flush,hit,1021,238,543,781,0,1
flush,miss,1022,2346,10931,13277,57,1
flush,hit,1022,245,532,777,0,1
flush,miss,1023,2512,10849,13361,51,1
flush,hit,1023,235,1761,1996,0,1
flush,miss,1024,2279,10991,13270,57,1
flush,hit,1024,239,524,763,0,1
flush,miss,1025,2468,11365,13833,59,1
flush,hit,1025,239,523,762,0,1
flush,miss,1026,2331,10976,13307,57,1
flush,hit,1026,241,524,765,0,1
flush,miss,1027,2445,11189,13634,58,1
flush,hit,1027,239,511,750,0,1
flush,miss,1028,2345,11180,13525,58,1
flush,hit,1028,243,538,781,0,1
flush,miss,1029,2427,10857,13284,56,1
flush,hit,1029,234,532,766,0,1
flush,miss,1030,2335,20549,22884,114,1
flush,hit,1030,241,527,768,0,1
flush,miss,1031,2428,11207,13635,58,1
flush,hit,1031,237,547,784,0,1
flush,miss,1032,2331,11294,13625,59,1
flush,hit,1032,238,534,772,0,1
flush,miss,1033,2418,10354,12772,53,1
flush,hit,1033,241,544,785,0,1
flush,miss,1034,2318,10978,13296,57,1
flush,hit,1034,242,531,773,0,1
flush,miss,1035,2437,14329,16766,77,1
flush,hit,1035,234,530,764,0,1
flush,miss,1036,2988,17930,20918,80,1
flush,hit,1036,241,555,796,0,1
flush,miss,1037,2487,11006,13493,57,1
flush,hit,1037,237,559,796,0,1
flush,miss,1038,2373,10934,13307,57,1
flush,hit,1038,239,542,781,0,1
flush,miss,1039,2513,11462,13975,60,1
flush,hit,1039,244,556,800,0,1
flush,miss,1040,2333,10933,13266,57,1
flush,hit,1040,294,563,857,0,1
flush,miss,1041,4073,10880,14953,56,1
flush,hit,1041,235,578,813,0,1
flush,miss,1042,2335,16460,18795,90,1
flush,hit,1042,242,547,789,0,1
flush,miss,1043,2482,11098,13580,57,1
flush,hit,1043,234,553,787,0,1
flush,miss,1044,2386,11203,13589,57,1
flush,hit,1044,240,536,776,0,1
flush,miss,1045,2436,11030,13466,57,1
flush,hit,1045,242,557,799,0,1
flush,miss,1046,2348,10965,13313,57,1
flush,hit,1046,239,550,789,0,1
flush,miss,1047,2509,14357,16866,77,1
flush,hit,1047,244,553,797,0,1
flush,miss,1048,2353,11168,13521,58,1
flush,hit,1048,255,720,975,0,1
flush,miss,1049,2567,10909,13476,56,1
flush,hit,1049,250,562,812,0,1
flush,miss,1050,2360,10867,13227,56,1
flush,hit,1050,255,532,787,0,1
flush,miss,1051,2456,11016,13472,57,1
flush,hit,1051,254,543,797,0,1
flush,miss,1052,2345,11482,13827,60,1
flush,hit,1052,242,553,795,0,1
flush,miss,1053,2495,11197,13692,58,1
flush,hit,1053,236,554,790,0,1
flush,miss,1054,2326,11098,13424,58,1
flush,hit,1054,237,526,763,0,1
flush,miss,1055,2438,11055,13493,57,1
flush,hit,1055,238,555,793,0,1
flush,miss,1056,2353,11155,13508,58,1
flush,hit,1056,240,521,761,0,1
flush,miss,1057,2399,11053,13452,57,1
flush,hit,1057,236,531,767,0,1
flush,miss,1058,2319,10995,13314,57,1
flush,hit,1058,240,550,790,0,1
flush,miss,1059,2485,10828,13313,56,1
flush,hit,1059,233,539,772,0,1
flush,miss,1060,2313,10939,13252,57,1
flush,hit,1060,237,539,776,0,1
flush,miss,1061,2471,11052,13523,57,1
flush,hit,1061,234,542,776,0,1
flush,miss,1062,2329,10845,13174,56,1
flush,hit,1062,235,521,756,0,1
flush,miss,1063,2437,11027,13464,57,1
flush,hit,1063,235,528,763,0,1
flush,miss,1064,2352,11195,13547,58,1
flush,hit,1064,235,556,791,0,1
flush,miss,1065,2467,11017,13484,57,1
flush,hit,1065,236,529,765,0,1
flush,miss,1066,2359,10955,13314,57,1
flush,hit,1066,238,528,766,0,1
flush,miss,1067,2451,14359,16810,57,1
flush,hit,1067,239,518,757,0,1
flush,miss,1068,2434,11157,13591,58,1
flush,hit,1068,246,543,789,0,1
flush,miss,1069,2493,11511,14004,60,1
flush,hit,1069,242,575,817,0,1
flush,miss,1070,2332,10954,13286,57,1
flush,hit,1070,249,540,789,0,1
flush,miss,1071,2426,10856,13282,56,1
flush,hit,1071,247,551,798,0,1
flush,miss,1072,2320,11311,13631,59,1
flush,hit,1072,245,539,784,0,1
flush,miss,1073,2479,11057,13536,57,1
flush,hit,1073,250,557,807,0,1
flush,miss,1074,2320,11180,13500,58,1
flush,hit,1074,249,544,793,0,1
flush,miss,1075,2471,11021,13492,57,1
flush,hit,1075,244,532,776,0,1
flush,miss,1076,2310,10946,13256,57,1
flush,hit,1076,243,536,779,0,1
flush,miss,1077,2403,11248,13651,58,1
flush,hit,1077,246,531,777,0,1
flush,miss,1078,2301,10902,13203,57,1
flush,hit,1078,245,545,790,0,1
flush,miss,1079,2521,11399,13920,59,1
flush,hit,1079,249,550,799,0,1
flush,miss,1080,2318,10948,13266,57,1
flush,hit,1080,241,540,781,0,1
flush,miss,1081,2802,13982,16784,74,1
flush,hit,1081,273,610,883,0,1
flush,miss,1082,2336,15912,18248,87,1
flush,hit,1082,244,542,786,0,1
flush,miss,1083,2474,10548,13022,54,1
flush,hit,1083,250,555,805,0,1
flush,miss,1084,2359,10156,12515,52,1
flush,hit,1084,240,538,778,0,1
flush,miss,1085,2500,10957,13457,56,1
flush,hit,1085,258,567,825,0,1
flush,miss,1086,2378,11371,13749,59,1
flush,hit,1086,239,539,778,0,1
flush,miss,1087,2474,10890,13364,56,1
flush,hit,1087,234,536,770,0,1
flush,miss,1088,2382,10763,13145,56,1
flush,hit,1088,240,544,784,0,1
flush,miss,1089,2451,10882,13333,56,1
flush,hit,1089,237,530,767,0,1
flush,miss,1090,2408,10811,13219,56,1
flush,hit,1090,236,525,761,0,1
flush,miss,1091,2472,11346,13818,59,1
flush,hit,1091,233,532,765,0,1
flush,miss,1092,2351,10995,13346,57,1
flush,hit,1092,237,523,760,0,1
flush,miss,1093,2506,11051,13557,57,1
flush,hit,1093,237,537,774,0,1
flush,miss,1094,2362,11128,13490,58,1
flush,hit,1094,243,532,775,0,1
flush,miss,1095,2479,10997,13476,57,1
flush,hit,1095,242,515,757,0,1
flush,miss,1096,2360,11317,13677,59,1
flush,hit,1096,237,537,774,0,1
flush,miss,1097,2435,11076,13511,57,1
flush,hit,1097,240,537,777,0,1
flush,miss,1098,2376,10832,13208,56,1
flush,hit,1098,244,535,779,0,1
flush,miss,1099,2502,11055,13557,57,1
flush,hit,1099,240,536,776,0,1
flush,miss,1100,2378,15946,18324,71,1
flush,hit,1100,239,556,795,0,1
flush,miss,1101,2559,11339,13898,59,1
flush,hit,1101,249,556,805,0,1
flush,miss,1102,2333,10965,13298,57,1
flush,hit,1102,242,552,794,0,1
flush,miss,1103,2479,11065,13544,57,1
flush,hit,1103,247,554,801,0,1
flush,miss,1104,2360,10803,13163,56,1
flush,hit,1104,239,546,785,0,1
flush,miss,1105,2469,11215,13684,58,1
flush,hit,1105,241,565,806,0,1
flush,miss,1106,2327,10944,13271,57,1
flush,hit,1106,239,548,787,0,1
flush,miss,1107,2489,11218,13707,58,1
flush,hit,1107,241,556,797,0,1
flush,miss,1108,2357,11034,13391,57,1
flush,hit,1108,247,547,794,0,1
flush,miss,1109,2534,10890,13424,56,1
flush,hit,1109,236,553,789,0,1
flush,miss,1110,2425,10718,13143,55,1
flush,hit,1110,244,551,795,0,1
flush,miss,1111,2522,11059,13581,57,1
flush,hit,1111,242,565,807,0,1
flush,miss,1112,2327,10782,13109,56,1
flush,hit,1112,245,551,796,0,1
flush,miss,1113,2498,11205,13703,38,1
flush,hit,1113,238,553,791,0,1
flush,miss,1114,2447,10991,13438,57,1
flush,hit,1114,236,535,771,0,1
flush,miss,1115,2464,10843,13307,56,1
flush,hit,1115,235,543,778,0,1
flush,miss,1116,2416,11186,13602,58,1
flush,hit,1116,238,534,772,0,1
flush,miss,1117,2446,10997,13443,57,1
flush,hit,1117,235,547,782,0,1
flush,miss,1118,2342,10993,13335,57,1
flush,hit,1118,238,525,763,0,1
flush,miss,1119,2450,10640,13090,55,1
flush,hit,1119,234,556,790,0,1
flush,miss,1120,2337,10547,12884,54,1
flush,hit,1120,236,537,773,0,1
flush,miss,1121,2492,11198,13690,58,1
flush,hit,1121,250,549,799,0,1
flush,miss,1122,2308,10794,13102,56,1
flush,hit,1122,239,527,766,0,1
flush,miss,1123,2503,11183,13686,58,1
flush,hit,1123,233,525,758,0,1
flush,miss,1124,2404,10842,13246,56,1
flush,hit,1124,235,538,773,0,1
flush,miss,1125,2461,11219,13680,58,1
flush,hit,1125,238,540,778,0,1
flush,miss,1126,2359,11014,13373,51,1
flush,hit,1126,240,1810,2050,0,1
flush,miss,1127,2499,10849,13348,56,1
flush,hit,1127,235,550,785,0,1
flush,miss,1128,2317,10672,12989,55,1
flush,hit,1128,236,524,760,0,1
flush,miss,1129,2467,11106,13573,57,1
flush,hit,1129,238,538,776,0,1
flush,miss,1130,2367,10942,13309,57,1
flush,hit,1130,241,524,765,0,1
flush,miss,1131,2484,10992,13476,57,1
flush,hit,1131,233,522,755,0,1
flush,miss,1132,2351,10964,13315,57,1
flush,hit,1132,238,521,759,0,1
flush,miss,1133,2506,11587,14093,60,1
flush,hit,1133,249,588,837,0,1
flush,miss,1134,2336,11081,13417,58,1
flush,hit,1134,239,529,768,0,1
flush,miss,1135,2484,11373,13857,59,1
flush,hit,1135,236,543,779,0,1
flush,miss,1136,2348,10890,13238,57,1
flush,hit,1136,243,564,807,0,1
flush,miss,1137,2471,10922,13393,56,1
flush,hit,1137,229,543,772,0,1
flush,miss,1138,2391,11308,13699,59,1
flush,hit,1138,239,540,779,0,1
flush,miss,1139,2442,11081,13523,57,1
flush,hit,1139,228,550,778,0,1
flush,miss,1140,2373,11299,13672,59,1
flush,hit,1140,242,536,778,0,1
flush,miss,1141,2433,11004,13437,57,1
flush,hit,1141,235,548,783,0,1
flush,miss,1142,2314,10884,13198,56,1
flush,hit,1142,235,533,768,0,1
flush,miss,1143,2509,11332,13841,59,1
flush,hit,1143,231,521,752,0,1
flush,miss,1144,2379,11159,13538,58,1
flush,hit,1144,237,539,776,0,1
flush,miss,1145,2489,11323,13812,59,1
flush,hit,1145,234,561,795,0,1
flush,miss,1146,2366,10923,13289,57,1
flush,hit,1146,263,617,880,0,1
flush,miss,1147,2491,11042,13533,57,1
flush,hit,1147,244,572,816,0,1
flush,miss,1148,2339,11175,13514,58,1
flush,hit,1148,247,528,775,0,1
flush,miss,1149,2555,11365,13920,59,1
flush,hit,1149,237,527,764,0,1
flush,miss,1150,2322,10761,13083,56,1
flush,hit,1150,241,541,782,0,1
flush,miss,1151,2462,11070,13532,57,1
flush,hit,1151,236,532,768,0,1
flush,miss,1152,2340,11357,13697,59,1
flush,hit,1152,240,529,769,0,1
flush,miss,1153,2510,11161,13671,58,1
flush,hit,1153,236,545,781,0,1
flush,miss,1154,2293,10797,13090,56,1
flush,hit,1154,241,518,759,0,1
flush,miss,1155,2468,10883,13351,56,1
flush,hit,1155,230,549,779,0,1
flush,miss,1156,2349,10975,13324,57,1
flush,hit,1156,251,531,782,0,1
flush,miss,1157,2457,11459,13916,60,1
flush,hit,1157,234,550,784,0,1
flush,miss,1158,2309,10972,13281,57,1
flush,hit,1158,240,530,770,0,1
flush,miss,1159,2467,10831,13298,56,1
flush,hit,1159,235,539,774,0,1
flush,miss,1160,2344,10813,13157,56,1
flush,hit,1160,237,529,766,0,1
flush,miss,1161,2429,10948,13377,57,1
flush,hit,1161,235,521,756,0,1
flush,miss,1162,2331,11348,13679,59,1
flush,hit,1162,236,523,759,0,1
flush,miss,1163,2444,10978,13422,57,1
flush,hit,1163,235,525,760,0,1
flush,miss,1164,2344,10856,13200,56,1
flush,hit,1164,239,514,753,0,1
flush,miss,1165,2483,15882,18365,70,1
flush,hit,1165,237,557,794,0,1
flush,miss,1166,2402,11736,14138,61,1
flush,hit,1166,237,550,787,0,1
flush,miss,1167,2485,11370,13855,59,1
flush,hit,1167,240,564,804,0,1
flush,miss,1168,2347,11187,13534,58,1
flush,hit,1168,235,536,771,0,1
flush,miss,1169,2460,11051,13511,57,1
flush,hit,1169,250,545,795,0,1
flush,miss,1170,2347,10929,13276,57,1
flush,hit,1170,236,545,781,0,1
flush,miss,1171,2442,11352,13794,59,1
flush,hit,1171,229,562,791,0,1
flush,miss,1172,2273,11178,13451,58,1
flush,hit,1172,234,552,786,0,1
flush,miss,1173,2495,10867,13362,56,1
flush,hit,1173,236,558,794,0,1
flush,miss,1174,2354,10800,13154,56,1
flush,hit,1174,237,550,787,0,1
flush,miss,1175,2540,11199,13739,58,1
flush,hit,1175,234,555,789,0,1
flush,miss,1176,2337,10972,13309,57,1
flush,hit,1176,237,546,783,0,1
flush,miss,1177,2473,11202,13675,58,1
flush,hit,1177,238,607,845,0,1
flush,miss,1178,2350,10934,13284,57,1
flush,hit,1178,244,541,785,0,1
flush,miss,1179,2700,11030,13730,57,1
flush,hit,1179,272,691,963,0,1
flush,miss,1180,2328,10832,13160,56,1
flush,hit,1180,264,537,801,0,1
flush,miss,1181,2595,11014,13609,57,1
flush,hit,1181,256,605,861,0,1
flush,miss,1182,2325,11208,13533,58,1
flush,hit,1182,248,534,782,0,1
flush,miss,1183,2494,10905,13399,56,1
flush,hit,1183,257,524,781,0,1
flush,miss,1184,2331,10898,13229,57,1
flush,hit,1184,255,523,778,0,1
flush,miss,1185,2453,11003,13456,57,1
flush,hit,1185,252,522,774,0,1
flush,miss,1186,2279,11185,13464,58,1
flush,hit,1186,247,523,770,0,1
flush,miss,1187,2544,10894,13438,56,1
flush,hit,1187,246,520,766,0,1
flush,miss,1188,2330,10991,13321,57,1
flush,hit,1188,247,524,771,0,1
flush,miss,1189,2436,11234,13670,58,1
flush,hit,1189,248,532,780,0,1
flush,miss,1190,2297,11074,13371,57,1
flush,hit,1190,249,520,769,0,1
flush,miss,1191,2454,10914,13368,56,1
flush,hit,1191,243,526,769,0,1
flush,miss,1192,2355,10942,13297,57,1
flush,hit,1192,255,527,782,0,1
flush,miss,1193,2480,11068,13548,57,1
flush,hit,1193,247,537,784,0,1
flush,miss,1194,2320,10968,13288,57,1
flush,hit,1194,248,517,765,0,1
flush,miss,1195,2471,11014,13485,57,1
flush,hit,1195,244,526,770,0,1
flush,miss,1196,2345,11467,13812,60,1
flush,hit,1196,249,531,780,0,1
flush,miss,1197,2481,13833,16314,58,1
flush,hit,1197,243,542,785,0,1
flush,miss,1198,2322,89024,91346,4,1
flush,hit,1198,552,886,1438,0,1
flush,miss,1199,2742,11307,14049,57,1
flush,hit,1199,289,540,829,0,1
flush,miss,1200,2352,11242,13594,58,1
flush,hit,1200,242,548,790,0,1
flush,miss,1201,2516,11398,13914,59,1
flush,hit,1201,250,531,781,0,1
flush,miss,1202,2328,11086,13414,57,1
flush,hit,1202,262,536,798,0,1
flush,miss,1203,2480,11375,13855,59,1
flush,hit,1203,268,542,810,0,1
flush,miss,1204,2404,11176,13580,58,1
flush,hit,1204,257,561,818,0,1
flush,miss,1205,2417,10982,13399,56,1
flush,hit,1205,257,543,800,0,1
flush,miss,1206,2339,11366,13705,59,1
flush,hit,1206,257,526,783,0,1
flush,miss,1207,2504,11019,13523,56,1
flush,hit,1207,255,563,818,0,1
flush,miss,1208,2309,10686,12995,55,1
flush,hit,1208,280,622,902,0,1
flush,miss,1209,2504,11200,13704,58,1
flush,hit,1209,259,549,808,0,1
flush,miss,1210,2328,11387,13715,59,1
flush,hit,1210,264,518,782,0,1
flush,miss,1211,2399,11357,13756,59,1
flush,hit,1211,256,524,780,0,1
flush,miss,1212,2297,11011,13308,57,1
flush,hit,1212,256,519,775,0,1
flush,miss,1213,2523,10950,13473,57,1
flush,hit,1213,254,515,769,0,1
flush,miss,1214,2334,10759,13093,56,1
flush,hit,1214,257,518,775,0,1
flush,miss,1215,2486,11264,13750,59,1
flush,hit,1215,271,536,807,0,1
flush,miss,1216,2299,10721,13020,55,1
flush,hit,1216,263,520,783,0,1
flush,miss,1217,2461,11019,13480,57,1
flush,hit,1217,276,520,796,0,1
flush,miss,1218,2351,11170,13521,58,1
flush,hit,1218,251,517,768,0,1
flush,miss,1219,2411,11004,13415,57,1
flush,hit,1219,259,532,791,0,1
flush,miss,1220,2276,10963,13239,57,1
flush,hit,1220,251,532,783,0,1
flush,miss,1221,2451,10678,13129,55,1
flush,hit,1221,251,530,781,0,1
flush,miss,1222,2366,10819,13185,56,1
flush,hit,1222,258,519,777,0,1
flush,miss,1223,2449,11036,13485,57,1
flush,hit,1223,254,532,786,0,1
flush,miss,1224,2339,10963,13302,57,1
flush,hit,1224,262,538,800,0,1
flush,miss,1225,2479,11110,13589,57,1
flush,hit,1225,256,535,791,0,1
flush,miss,1226,2318,11003,13321,57,1
flush,hit,1226,255,510,765,0,1
flush,miss,1227,2375,14813,17188,46,1
flush,hit,1227,260,538,798,0,1
flush,miss,1228,2637,11512,14149,49,1
flush,hit,1228,261,1526,1787,0,1
flush,miss,1229,2428,11067,13495,57,1
flush,hit,1229,268,579,847,0,1
flush,miss,1230,2331,10805,13136,56,1
flush,hit,1230,262,525,787,0,1
flush,miss,1231,2403,11189,13592,58,1
flush,hit,1231,264,537,801,0,1
flush,miss,1232,2272,11125,13397,58,1
flush,hit,1232,261,523,784,0,1
flush,miss,1233,2458,10812,13270,56,1
flush,hit,1233,260,546,806,0,1
flush,miss,1234,2327,10852,13179,56,1
flush,hit,1234,263,545,808,0,1
flush,miss,1235,2436,10906,13342,56,1
flush,hit,1235,270,536,806,0,1
flush,miss,1236,2343,10773,13116,56,1
flush,hit,1236,258,525,783,0,1
flush,miss,1237,2497,11209,13706,58,1
flush,hit,1237,271,558,829,0,1
flush,miss,1238,2339,11184,13523,58,1
flush,hit,1238,257,542,799,0,1
flush,miss,1239,2468,10874,13342,56,1
flush,hit,1239,270,566,836,0,1
flush,miss,1240,2329,11225,13554,59,1
flush,hit,1240,256,537,793,0,1
flush,miss,1241,8384,5173,13557,12,1
flush,hit,1241,256,553,809,0,1
flush,miss,1242,2605,10827,13432,56,1
flush,hit,1242,262,560,822,0,1
flush,miss,1243,2382,11029,13411,57,1
flush,hit,1243,265,543,808,0,1
flush,miss,1244,2274,11015,13289,57,1
flush,hit,1244,259,535,794,0,1
flush,miss,1245,2440,11189,13629,58,1
flush,hit,1245,259,541,800,0,1
flush,miss,1246,2301,11141,13442,58,1
flush,hit,1246,252,528,780,0,1
flush,miss,1247,2410,10834,13244,56,1
flush,hit,1247,258,547,805,0,1
flush,miss,1248,2290,10937,13227,57,1
flush,hit,1248,259,536,795,0,1
flush,miss,1249,2419,10816,13235,56,1
flush,hit,1249,259,537,796,0,1
flush,miss,1250,2337,11191,13528,58,1
flush,hit,1250,250,527,777,0,1
flush,miss,1251,2447,11034,13481,57,1
flush,hit,1251,252,533,785,0,1
flush,miss,1252,2335,11009,13344,57,1
flush,hit,1252,251,521,772,0,1
flush,miss,1253,2456,10790,13246,56,1
flush,hit,1253,255,547,802,0,1
flush,miss,1254,2297,10774,13071,56,1
flush,hit,1254,253,527,780,0,1
flush,miss,1255,2497,9853,12350,50,1
flush,hit,1255,252,524,776,0,1
flush,miss,1256,2327,10336,12663,53,1
flush,hit,1256,252,512,764,0,1
flush,miss,1257,2430,11019,13449,57,1
flush,hit,1257,252,542,794,0,1
flush,miss,1258,2300,10774,13074,56,1
flush,hit,1258,254,524,778,0,1
flush,miss,1259,2426,11120,13546,58,1
flush,hit,1259,258,533,791,0,1
flush,miss,1260,2285,10955,13240,57,1
flush,hit,1260,314,752,1066,0,1
flush,miss,1261,2510,11094,13604,57,1
flush,hit,1261,265,586,851,0,1
flush,miss,1262,2282,11442,13724,60,1
flush,hit,1262,247,533,780,0,1
flush,miss,1263,2499,10880,13379,56,1
flush,hit,1263,249,554,803,0,1
flush,miss,1264,2318,10954,13272,57,1
flush,hit,1264,252,552,804,0,1
flush,miss,1265,2467,10997,13464,57,1
flush,hit,1265,252,550,802,0,1
flush,miss,1266,2256,11032,13288,57,1
flush,hit,1266,254,529,783,0,1
flush,miss,1267,2424,11061,13485,57,1
flush,hit,1267,257,551,808,0,1
flush,miss,1268,2272,10811,13083,56,1
flush,hit,1268,254,549,803,0,1
flush,miss,1269,2413,11080,13493,57,1
flush,hit,1269,252,550,802,0,1
flush,miss,1270,2267,11120,13387,58,1
flush,hit,1270,256,544,800,0,1
flush,miss,1271,2405,10804,13209,56,1
flush,hit,1271,261,553,814,0,1
flush,miss,1272,2349,11173,13522,58,1
flush,hit,1272,249,542,791,0,1
flush,miss,1273,2430,10865,13295,56,1
flush,hit,1273,256,553,809,0,1
flush,miss,1274,2318,10997,13315,57,1
flush,hit,1274,255,656,911,0,1
flush,miss,1275,2404,11072,13476,57,1
flush,hit,1275,253,539,792,0,1
flush,miss,1276,2313,11196,13509,58,1
flush,hit,1276,250,534,784,0,1
flush,miss,1277,2483,11324,13807,59,1
flush,hit,1277,260,535,795,0,1
flush,miss,1278,2265,10933,13198,57,1
flush,hit,1278,253,522,775,0,1
flush,miss,1279,2449,10846,13295,56,1
flush,hit,1279,255,521,776,0,1
flush,miss,1280,2298,10803,13101,56,1
flush,hit,1280,249,511,760,0,1
flush,miss,1281,2449,11170,13619,58,1
flush,hit,1281,251,520,771,0,1
flush,miss,1282,2329,10829,13158,56,1
flush,hit,1282,252,511,763,0,1
flush,miss,1283,2471,10853,13324,56,1
flush,hit,1283,255,520,775,0,1
flush,miss,1284,2320,10799,13119,56,1
flush,hit,1284,249,505,754,0,1
flush,miss,1285,2460,10865,13325,56,1
flush,hit,1285,261,519,780,0,1
flush,miss,1286,2316,10833,13149,56,1
flush,hit,1286,255,505,760,0,1
flush,miss,1287,2497,10662,13159,55,1
flush,hit,1287,253,519,772,0,1
flush,miss,1288,2325,10782,13107,56,1
flush,hit,1288,258,500,758,0,1
flush,miss,1289,2440,11003,13443,57,1
flush,hit,1289,258,529,787,0,1
flush,miss,1290,2317,10958,13275,57,1
flush,hit,1290,260,507,767,0,1
flush,miss,1291,4366,10611,14977,53,1
flush,hit,1291,418,1027,1445,0,1
flush,miss,1292,2330,10796,13126,56,1
flush,hit,1292,248,542,790,0,1
flush,miss,1293,2844,14088,16932,74,1
flush,hit,1293,397,782,1179,0,1
flush,miss,1294,2359,11776,14135,61,1
flush,hit,1294,270,552,822,0,1
flush,miss,1295,2482,11025,13507,57,1
flush,hit,1295,267,560,827,0,1
flush,miss,1296,2294,10847,13141,56,1
flush,hit,1296,265,553,818,0,1
flush,miss,1297,2470,11329,13799,59,1
flush,hit,1297,256,560,816,0,1
flush,miss,1298,2320,11463,13783,60,1
flush,hit,1298,261,544,805,0,1
flush,miss,1299,2492,10875,13367,56,1
flush,hit,1299,260,541,801,0,1
flush,miss,1300,2308,10818,13126,56,1
flush,hit,1300,277,529,806,0,1
flush,miss,1301,2590,10805,13395,56,1
flush,hit,1301,264,526,790,0,1
flush,miss,1302,2268,10842,13110,56,1
flush,hit,1302,257,542,799,0,1
flush,miss,1303,2517,11352,13869,59,1
flush,hit,1303,258,529,787,0,1
flush,miss,1304,2290,10901,13191,57,1
flush,hit,1304,272,522,794,0,1
flush,miss,1305,2486,10921,13407,56,1
flush,hit,1305,261,537,798,0,1
flush,miss,1306,2316,11337,13653,59,1
flush,hit,1306,259,532,791,0,1
flush,miss,1307,2530,10742,13272,55,1
flush,hit,1307,312,693,1005,0,1
flush,miss,1308,2249,11021,13270,57,1
flush,hit,1308,283,520,803,0,1
flush,miss,1309,2412,10992,13404,57,1
flush,hit,1309,265,531,796,0,1
flush,miss,1310,2290,10797,13087,56,1
flush,hit,1310,257,521,778,0,1
flush,miss,1311,2500,11160,13660,58,1
flush,hit,1311,258,548,806,0,1
flush,miss,1312,2331,10834,13165,56,1
flush,hit,1312,257,512,769,0,1
flush,miss,1313,2466,10863,13329,56,1
flush,hit,1313,252,517,769,0,1
flush,miss,1314,2357,10833,13190,56,1
flush,hit,1314,260,503,763,0,1
flush,miss,1315,2480,10720,13200,55,1
flush,hit,1315,257,509,766,0,1
flush,miss,1316,2337,11026,13363,57,1
flush,hit,1316,260,503,763,0,1
flush,miss,1317,2442,10890,13332,56,1
flush,hit,1317,259,510,769,0,1
flush,miss,1318,2338,10904,13242,56,1
flush,hit,1318,255,515,770,0,1
flush,miss,1319,2473,10862,13335,56,1
flush,hit,1319,256,534,790,0,1
flush,miss,1320,2293,10753,13046,56,1
flush,hit,1320,255,519,774,0,1
flush,miss,1321,2450,10705,13155,55,1
flush,hit,1321,256,521,777,0,1
flush,miss,1322,2332,10849,13181,56,1
flush,hit,1322,259,509,768,0,1
flush,miss,1323,2464,10826,13290,56,1
flush,hit,1323,252,537,789,0,1
flush,miss,1324,2286,10774,13060,56,1
flush,hit,1324,259,505,764,0,1
flush,miss,1325,2526,10971,13497,57,1
flush,hit,1325,257,512,769,0,1
flush,miss,1326,2302,12794,15096,42,1
flush,hit,1326,263,559,822,0,1
flush,miss,1327,2427,11113,13540,57,1
flush,hit,1327,273,573,846,0,1
flush,miss,1328,2325,11168,13493,58,1
flush,hit,1328,262,540,802,0,1
flush,miss,1329,2456,10869,13325,56,1
flush,hit,1329,266,553,819,0,1
flush,miss,1330,2343,10715,13058,55,1
flush,hit,1330,270,583,853,0,1
flush,miss,1331,2483,10984,13467,56,1
flush,hit,1331,260,579,839,0,1
flush,miss,1332,2356,10885,13241,56,1
flush,hit,1332,254,542,796,0,1
flush,miss,1333,2453,11181,13634,57,1
flush,hit,1333,260,533,793,0,1
flush,miss,1334,2313,10812,13125,55,1
flush,hit,1334,261,530,791,0,1
flush,miss,1335,2457,10927,13384,56,1
flush,hit,1335,261,558,819,0,1
flush,miss,1336,2339,11108,13447,57,1
flush,hit,1336,257,525,782,0,1
flush,miss,1337,2412,10799,13211,55,1
flush,hit,1337,254,551,805,0,1
flush,miss,1338,2262,11284,13546,58,1
flush,hit,1338,258,525,783,0,1
flush,miss,1339,2419,15066,17485,53,1
flush,hit,1339,258,550,808,0,1
flush,miss,1340,2464,10827,13291,55,1
flush,hit,1340,278,532,810,0,1
flush,miss,1341,2468,10869,13337,55,1
flush,hit,1341,260,510,770,0,1
flush,miss,1342,2270,11122,13392,57,1
flush,hit,1342,258,520,778,0,1
flush,miss,1343,2490,11339,13829,58,1
flush,hit,1343,260,541,801,0,1
flush,miss,1344,2371,10842,13213,56,1
flush,hit,1344,256,520,776,0,1
flush,miss,1345,2484,10795,13279,55,1
flush,hit,1345,250,536,786,0,1
flush,miss,1346,2320,10743,13063,55,1
flush,hit,1346,249,492,741,0,1
flush,miss,1347,2465,11122,13587,57,1
flush,hit,1347,256,505,761,0,1
flush,miss,1348,2336,10591,12927,54,1
flush,hit,1348,255,498,753,0,1
flush,miss,1349,2457,10928,13385,56,1
flush,hit,1349,254,530,784,0,1
flush,miss,1350,2335,11112,13447,57,1
flush,hit,1350,250,510,760,0,1
flush,miss,1351,2464,10779,13243,55,1
flush,hit,1351,253,542,795,0,1
flush,miss,1352,2339,10903,13242,56,1
flush,hit,1352,255,504,759,0,1
flush,miss,1353,2460,10597,13057,54,1
flush,hit,1353,255,526,781,0,1
flush,miss,1354,2309,10854,13163,56,1
flush,hit,1354,254,508,762,0,1
flush,miss,1355,2448,11278,13726,58,1
flush,hit,1355,254,531,785,0,1
flush,miss,1356,2291,11089,13380,57,1
flush,hit,1356,258,511,769,0,1
flush,miss,1357,2442,10803,13245,55,1
flush,hit,1357,254,516,770,0,1
flush,miss,1358,2287,10796,13083,55,1
flush,hit,1358,258,508,766,0,1
flush,miss,1359,2934,11141,14075,57,1
flush,hit,1359,339,684,1023,0,1
flush,miss,1360,2369,11241,13610,58,1
flush,hit,1360,263,538,801,0,1
flush,miss,1361,2451,10809,13260,55,1
flush,hit,1361,261,558,819,0,1
flush,miss,1362,2322,10905,13227,56,1
flush,hit,1362,257,519,776,0,1
flush,miss,1363,2454,11320,13774,58,1
flush,hit,1363,260,527,787,0,1
flush,miss,1364,2313,11238,13551,58,1
flush,hit,1364,260,518,778,0,1
flush,miss,1365,2471,11011,13482,56,1
flush,hit,1365,253,560,813,0,1
flush,miss,1366,2377,10722,13099,55,1
flush,hit,1366,275,524,799,0,1
flush,miss,1367,2455,10812,13267,55,1
flush,hit,1367,252,522,774,0,1
flush,miss,1368,2296,10956,13252,56,1
flush,hit,1368,254,552,806,0,1
flush,miss,1369,2415,11161,13576,57,1
flush,hit,1369,253,547,800,0,1
flush,miss,1370,2303,10927,13230,56,1
flush,hit,1370,262,522,784,0,1
flush,miss,1371,2429,10948,13377,56,1
flush,hit,1371,262,548,810,0,1
flush,miss,1372,2319,13518,15837,71,1
flush,hit,1372,277,639,916,0,1
flush,miss,1373,2449,11230,13679,57,1
flush,hit,1373,268,517,785,0,1
flush,miss,1374,3041,27966,31007,156,1
flush,hit,1374,261,498,759,0,1
flush,miss,1375,2451,11227,13678,58,1
flush,hit,1375,263,528,791,0,1
flush,miss,1376,2279,14383,16662,76,1
flush,hit,1376,364,874,1238,0,1
flush,miss,1377,3016,15415,18431,45,1
flush,hit,1377,357,875,1232,0,1
flush,miss,1378,3810,13034,16844,40,1
flush,hit,1378,390,676,1066,0,1
flush,miss,1379,3334,11364,14698,39,1
flush,hit,1379,380,689,1069,0,1
flush,miss,1380,3189,12202,15391,40,1
flush,hit,1380,562,1311,1873,0,1
flush,miss,1381,3618,73593,77211,403,1
flush,hit,1381,266,638,904,0,1
flush,miss,1382,2751,15746,18497,58,1
flush,hit,1382,390,875,1265,0,1
flush,miss,1383,2559,13022,15581,68,1
flush,hit,1383,264,642,906,0,1
flush,miss,1384,2350,10771,13121,55,1
flush,hit,1384,253,553,806,0,1
flush,miss,1385,2464,11490,13954,59,1
flush,hit,1385,255,551,806,0,1
flush,miss,1386,2283,11710,13993,61,1
flush,hit,1386,279,727,1006,0,1
flush,miss,1387,2310,16213,18523,51,1
flush,hit,1387,259,570,829,0,1
flush,miss,1388,2637,13547,16184,52,1
flush,hit,1388,270,621,891,0,1
flush,miss,1389,2512,10699,13211,54,1
flush,hit,1389,254,566,820,0,1
flush,miss,1390,2303,10714,13017,55,1
flush,hit,1390,250,552,802,0,1
flush,miss,1391,2458,11448,13906,59,1
flush,hit,1391,249,556,805,0,1
flush,miss,1392,2321,10750,13071,55,1
flush,hit,1392,258,552,810,0,1
flush,miss,1393,2723,12196,14919,41,1
flush,hit,1393,321,802,1123,0,1
flush,miss,1394,2358,11150,13508,57,1
flush,hit,1394,259,567,826,0,1
flush,miss,1395,2528,10867,13395,55,1
flush,hit,1395,259,564,823,0,1
flush,miss,1396,2327,10598,12925,54,1
flush,hit,1396,266,547,813,0,1
flush,miss,1397,2470,12331,14801,39,1
flush,hit,1397,264,534,798,0,1
flush,miss,1398,2424,57792,60216,333,1
flush,hit,1398,294,768,1062,0,1
flush,miss,1399,2714,11292,14006,58,1
flush,hit,1399,291,749,1040,0,1
flush,miss,1400,2362,10902,13264,56,1
flush,hit,1400,261,536,797,0,1
flush,miss,1401,2495,10631,13126,54,1
flush,hit,1401,261,551,812,0,1
flush,miss,1402,2341,10799,13140,55,1
flush,hit,1402,259,531,790,0,1
flush,miss,1403,2518,47177,49695,270,1
flush,hit,1403,262,562,824,0,1
flush,miss,1404,2344,13234,15578,49,1
flush,hit,1404,335,771,1106,0,1
flush,miss,1405,2508,11320,13828,58,1
flush,hit,1405,262,564,826,0,1
flush,miss,1406,2270,10719,12989,55,1
flush,hit,1406,261,538,799,0,1
flush,miss,1407,2494,10773,13267,55,1
flush,hit,1407,262,541,803,0,1
flush,miss,1408,2354,11059,13413,57,1
flush,hit,1408,253,532,785,0,1
flush,miss,1409,2244,12839,15083,43,1
flush,hit,1409,257,531,788,0,1
flush,miss,1410,2455,11660,14115,43,1
flush,hit,1410,269,575,844,0,1
flush,miss,1411,2506,10899,13405,56,1
flush,hit,1411,252,582,834,0,1
flush,miss,1412,2377,10644,13021,54,1
flush,hit,1412,327,751,1078,0,1
flush,miss,1413,2549,14566,17115,77,1
flush,hit,1413,259,636,895,0,1
flush,miss,1414,2121,13200,15321,70,1
flush,hit,1414,249,538,787,0,1
flush,miss,1415,2956,15270,18226,54,1
flush,hit,1415,348,825,1173,0,1
flush,miss,1416,2531,11907,14438,61,1
flush,hit,1416,255,567,822,0,1
flush,miss,1417,2408,15011,17419,80,1
flush,hit,1417,253,550,803,0,1
flush,miss,1418,2202,10093,12295,51,1
flush,hit,1418,251,542,793,0,1
flush,miss,1419,2302,12424,14726,65,1
flush,hit,1419,255,543,798,0,1
flush,miss,1420,2131,10120,12251,51,1
flush,hit,1420,357,821,1178,0,1
flush,miss,1421,2848,11064,13912,56,1
flush,hit,1421,350,851,1201,0,1
flush,miss,1422,2252,11257,13509,58,1
flush,hit,1422,257,565,822,0,1
flush,miss,1423,2636,10131,12767,51,1
flush,hit,1423,285,658,943,0,1
flush,miss,1424,2286,9897,12183,50,1
flush,hit,1424,253,560,813,0,1
flush,miss,1425,2302,9652,11954,48,1
flush,hit,1425,274,554,828,0,1
flush,miss,1426,2268,16137,18405,49,1
flush,hit,1426,351,826,1177,0,1
flush,miss,1427,2556,11274,13830,58,1
flush,hit,1427,281,628,909,0,1
flush,miss,1428,2240,11089,13329,57,1
flush,hit,1428,261,543,804,0,1
flush,miss,1429,2473,9452,11925,47,1
flush,hit,1429,259,550,809,0,1
flush,miss,1430,2293,11916,14209,62,1
flush,hit,1430,253,528,781,0,1
flush,miss,1431,2215,13086,15301,42,1
flush,hit,1431,256,534,790,0,1
flush,miss,1432,2538,12071,14609,40,1
flush,hit,1432,275,604,879,0,1
flush,miss,1433,2544,9943,12487,45,1
flush,hit,1433,258,2056,2314,0,1
flush,miss,1434,2342,48055,50397,276,1
flush,hit,1434,260,535,795,0,1
flush,miss,1435,2423,12322,14745,64,1
flush,hit,1435,248,538,786,0,1
flush,miss,1436,2145,11956,14101,62,1
flush,hit,1436,257,530,787,0,1
flush,miss,1437,2774,12440,15214,40,1
flush,hit,1437,325,815,1140,0,1
flush,miss,1438,2446,10946,13392,56,1
flush,hit,1438,260,548,808,0,1
flush,miss,1439,2852,59533,62385,344,1
flush,hit,1439,305,686,991,0,1
flush,miss,1440,2220,11117,13337,57,1
flush,hit,1440,254,545,799,0,1
flush,miss,1441,2295,12222,14517,64,1
flush,hit,1441,251,550,801,0,1
flush,miss,1442,2074,46793,48867,268,1
flush,hit,1442,330,843,1173,0,1
flush,miss,1443,2919,11352,14271,58,1
flush,hit,1443,326,852,1178,0,1
flush,miss,1444,2301,11601,13902,60,1
flush,hit,1444,248,581,829,0,1
flush,miss,1445,2388,11120,13508,57,1
flush,hit,1445,258,552,810,0,1
flush,miss,1446,2277,19028,21305,104,1
flush,hit,1446,254,551,805,0,1
flush,miss,1447,2317,47289,49606,240,1
flush,hit,1447,250,545,795,0,1
flush,miss,1448,2416,16326,18742,60,1
flush,hit,1448,329,843,1172,0,1
flush,miss,1449,3836,11304,15140,58,1
flush,hit,1449,265,607,872,0,1
flush,miss,1450,2279,11232,13511,58,1
flush,hit,1450,257,550,807,0,1
flush,miss,1451,2481,10607,13088,54,1
flush,hit,1451,257,536,793,0,1
flush,miss,1452,2299,13251,15550,70,1
flush,hit,1452,251,524,775,0,1
flush,miss,1453,2473,14731,17204,44,1
flush,hit,1453,250,542,792,0,1
flush,miss,1454,2539,13605,16144,44,1
flush,hit,1454,266,591,857,0,1
flush,miss,1455,2472,10959,13431,56,1
flush,hit,1455,259,550,809,0,1
flush,miss,1456,2324,10700,13024,55,1
flush,hit,1456,250,544,794,0,1
flush,miss,1457,2501,12986,15487,68,1
flush,hit,1457,253,538,791,0,1
flush,miss,1458,2115,11892,14007,62,1
flush,hit,1458,260,538,798,0,1
flush,miss,1459,2882,14555,17437,47,1
flush,hit,1459,335,812,1147,0,1
flush,miss,1460,2478,11000,13478,56,1
flush,hit,1460,263,557,820,0,1
flush,miss,1461,2475,10829,13304,55,1
flush,hit,1461,263,551,814,0,1
flush,miss,1462,2263,10560,12823,54,1
flush,hit,1462,255,529,784,0,1
flush,miss,1463,2329,11802,14131,61,1
flush,hit,1463,271,547,818,0,1
flush,miss,1464,2132,14984,17116,59,1
flush,hit,1464,341,819,1160,0,1
flush,miss,1465,2982,13240,16222,69,1
flush,hit,1465,316,866,1182,0,1
flush,miss,1466,2286,11918,14204,62,1
flush,hit,1466,248,538,786,0,1
flush,miss,1467,2479,10004,12483,50,1
flush,hit,1467,247,538,785,0,1
flush,miss,1468,2289,10984,13273,56,1
flush,hit,1468,257,551,808,0,1
flush,miss,1469,2375,11159,13534,57,1
flush,hit,1469,250,545,795,0,1
flush,miss,1470,2274,15580,17854,55,1
flush,hit,1470,338,869,1207,0,1
flush,miss,1471,2527,11509,14036,59,1
flush,hit,1471,266,614,880,0,1
flush,miss,1472,2269,11313,13582,58,1
flush,hit,1472,259,551,810,0,1
flush,miss,1473,2493,10765,13258,55,1
flush,hit,1473,249,560,809,0,1
flush,miss,1474,2268,11627,13895,60,1
flush,hit,1474,250,543,793,0,1
flush,miss,1475,2452,16186,18638,50,1
flush,hit,1475,252,544,796,0,1
flush,miss,1476,2595,18123,20718,46,1
flush,hit,1476,275,599,874,0,1
flush,miss,1477,2427,11343,13770,58,1
flush,hit,1477,264,556,820,0,1
flush,miss,1478,2280,11612,13892,60,1
flush,hit,1478,261,539,800,0,1
flush,miss,1479,2540,11423,13963,59,1
flush,hit,1479,262,542,804,0,1
flush,miss,1480,2334,11108,13442,57,1
flush,hit,1480,253,532,785,0,1
flush,miss,1481,2944,15051,17995,54,1
flush,hit,1481,342,823,1165,0,1
flush,miss,1482,2612,11170,13782,57,1
flush,hit,1482,257,547,804,0,1
flush,miss,1483,2499,11415,13914,59,1
flush,hit,1483,257,532,789,0,1
flush,miss,1484,2298,11084,13382,57,1
flush,hit,1484,258,540,798,0,1
flush,miss,1485,2512,10617,13129,54,1
flush,hit,1485,253,525,778,0,1
flush,miss,1486,2329,11116,13445,57,1
flush,hit,1486,307,824,1131,0,1
flush,miss,1487,2871,11120,13991,57,1
flush,hit,1487,325,794,1119,0,1
flush,miss,1488,2302,11434,13736,59,1
flush,hit,1488,249,535,784,0,1
flush,miss,1489,2506,10527,13033,53,1
flush,hit,1489,251,537,788,0,1
flush,miss,1490,2336,9593,11929,48,1
flush,hit,1490,254,531,785,0,1
flush,miss,1491,2508,11298,13806,58,1
flush,hit,1491,253,541,794,0,1
flush,miss,1492,2266,16008,18274,50,1
flush,hit,1492,323,816,1139,0,1
flush,miss,1493,2512,11341,13853,58,1
flush,hit,1493,258,602,860,0,1
flush,miss,1494,2356,14916,17272,79,1
flush,hit,1494,258,555,813,0,1
flush,miss,1495,2457,10481,12938,53,1
flush,hit,1495,251,574,825,0,1
flush,miss,1496,2322,10948,13270,56,1
flush,hit,1496,255,536,791,0,1
flush,miss,1497,2453,15907,18360,51,1
flush,hit,1497,252,552,804,0,1
flush,miss,1498,2692,13250,15942,43,1
flush,hit,1498,295,609,904,0,1
flush,miss,1499,2480,11310,13790,58,1
flush,hit,1499,255,559,814,0,1
flush,miss,1500,2363,11096,13459,57,1
flush,hit,1500,261,555,816,0,1
flush,miss,1501,2433,11463,13896,59,1
flush,hit,1501,255,553,808,0,1
flush,miss,1502,2350,10901,13251,56,1
flush,hit,1502,255,551,806,0,1
flush,miss,1503,2814,12699,15513,41,1
flush,hit,1503,324,779,1103,0,1
flush,miss,1504,2423,11475,13898,59,1
flush,hit,1504,267,564,831,0,1
flush,miss,1505,2428,10517,12945,53,1
flush,hit,1505,253,583,836,0,1
flush,miss,1506,2247,11182,13429,58,1
flush,hit,1506,258,540,798,0,1
flush,miss,1507,2442,11219,13661,57,1
flush,hit,1507,270,676,946,0,1
flush,miss,1508,2266,11217,13483,58,1
flush,hit,1508,303,804,1107,0,1
flush,miss,1509,2746,11485,14231,59,1
flush,hit,1509,315,782,1097,0,1
flush,miss,1510,2293,11328,13621,58,1
flush,hit,1510,254,562,816,0,1
flush,miss,1511,2455,11134,13589,57,1
flush,hit,1511,248,561,809,0,1
flush,miss,1512,2327,10781,13108,55,1
flush,hit,1512,260,546,806,0,1
flush,miss,1513,2456,10830,13286,55,1
flush,hit,1513,249,542,791,0,1
flush,miss,1514,2244,13284,15528,44,1
flush,hit,1514,328,803,1131,0,1
flush,miss,1515,3952,12084,16036,62,1
flush,hit,1515,262,607,869,0,1
flush,miss,1516,2257,11161,13418,57,1
flush,hit,1516,263,522,785,0,1
flush,miss,1517,2467,9455,11922,47,1
flush,hit,1517,256,540,796,0,1
flush,miss,1518,2273,9738,12011,49,1
flush,hit,1518,262,531,793,0,1
flush,miss,1519,2439,13628,16067,44,1
flush,hit,1519,255,547,802,0,1
flush,miss,1520,2483,12002,14485,44,1
flush,hit,1520,270,573,843,0,1
flush,miss,1521,2427,10810,13237,55,1
flush,hit,1521,250,544,794,0,1
flush,miss,1522,2331,11049,13380,57,1
flush,hit,1522,253,538,791,0,1
flush,miss,1523,2474,10788,13262,55,1
flush,hit,1523,256,547,803,0,1
flush,miss,1524,2324,10693,13017,55,1
flush,hit,1524,248,537,785,0,1
flush,miss,1525,3097,15382,18479,49,1
flush,hit,1525,384,944,1328,0,1
flush,miss,1526,2578,11624,14202,60,1
flush,hit,1526,279,637,916,0,1
flush,miss,1527,2406,11498,13904,59,1
flush,hit,1527,258,568,826,0,1
flush,miss,1528,2238,11431,13669,59,1
flush,hit,1528,253,553,806,0,1
flush,miss,1529,2516,11130,13646,57,1
flush,hit,1529,253,554,807,0,1
flush,miss,1530,2280,11583,13863,60,1
flush,hit,1530,332,829,1161,0,1
flush,miss,1531,2895,11174,14069,57,1
flush,hit,1531,340,850,1190,0,1
flush,miss,1532,2310,11674,13984,60,1
flush,hit,1532,262,582,844,0,1
flush,miss,1533,2440,11261,13701,58,1
flush,hit,1533,253,573,826,0,1
flush,miss,1534,2308,10967,13275,56,1
flush,hit,1534,257,557,814,0,1
flush,miss,1535,2521,11287,13808,53,1
flush,hit,1535,245,1925,2170,0,1
flush,miss,1536,2259,16417,18676,51,1
flush,hit,1536,359,877,1236,0,1
flush,miss,1537,2825,11733,14558,60,1
flush,hit,1537,288,672,960,0,1
flush,miss,1538,2294,11409,13703,59,1
flush,hit,1538,266,552,818,0,1
flush,miss,1539,2429,10256,12685,52,1
flush,hit,1539,249,550,799,0,1
flush,miss,1540,2326,10043,12369,51,1
flush,hit,1540,259,549,808,0,1
flush,miss,1541,2520,13873,16393,45,1
flush,hit,1541,250,547,797,0,1
flush,miss,1542,2563,12081,14644,40,1
flush,hit,1542,268,596,864,0,1
flush,miss,1543,2465,12342,14807,64,1
flush,hit,1543,247,554,801,0,1
flush,miss,1544,3325,18146,21471,98,1
flush,hit,1544,246,587,833,0,1
flush,miss,1545,2497,10849,13346,55,1
flush,hit,1545,246,538,784,0,1
flush,miss,1546,2265,10044,12309,51,1
flush,hit,1546,250,534,784,0,1
flush,miss,1547,2852,12805,15657,40,1
flush,hit,1547,326,792,1118,0,1
flush,miss,1548,2513,11136,13649,57,1
flush,hit,1548,255,554,809,0,1
flush,miss,1549,2468,11537,14005,59,1
flush,hit,1549,252,556,808,0,1
flush,miss,1550,2255,11046,13301,57,1
flush,hit,1550,255,533,788,0,1
flush,miss,1551,2344,10745,13089,55,1
flush,hit,1551,254,548,802,0,1
flush,miss,1552,2309,11205,13514,58,1
flush,hit,1552,310,752,1062,0,1
flush,miss,1553,2775,10845,13620,55,1
flush,hit,1553,305,783,1088,0,1
flush,miss,1554,2365,11121,13486,57,1
flush,hit,1554,257,558,815,0,1
flush,miss,1555,3054,13286,16340,69,1
flush,hit,1555,328,925,1253,0,1
flush,miss,1556,2685,13871,16556,70,1
flush,hit,1556,1545,954,2499,0,1
flush,miss,1557,2671,12456,15127,62,1
flush,hit,1557,258,659,917,0,1
flush,miss,1558,2574,17009,19583,60,1
flush,hit,1558,349,841,1190,0,1
flush,miss,1559,2756,13618,16374,69,1
flush,hit,1559,264,628,892,0,1
flush,miss,1560,2318,11519,13837,59,1
flush,hit,1560,245,556,801,0,1
flush,miss,1561,2897,11728,14625,60,1
flush,hit,1561,250,557,807,0,1
flush,miss,1562,2572,12282,14854,62,1
flush,hit,1562,266,549,815,0,1
flush,miss,1563,2584,16408,18992,53,1
flush,hit,1563,250,561,811,0,1
flush,miss,1564,2727,15004,17731,50,1
flush,hit,1564,267,619,886,0,1
flush,miss,1565,2823,11581,14404,60,1
flush,hit,1565,255,573,828,0,1
flush,miss,1566,2626,11469,14095,59,1
flush,hit,1566,376,975,1351,0,1
flush,miss,1567,2563,11956,14519,62,1
flush,hit,1567,250,569,819,0,1
flush,miss,1568,2512,12046,14558,62,1
flush,hit,1568,249,532,781,0,1
flush,miss,1569,3106,16506,19612,52,1
flush,hit,1569,351,971,1322,0,1
flush,miss,1570,3216,11992,15208,61,1
flush,hit,1570,271,561,832,0,1
flush,miss,1571,2472,13405,15877,69,1
flush,hit,1571,247,1192,1439,0,1
flush,miss,1572,2572,11912,14484,62,1
flush,hit,1572,249,749,998,0,1
flush,miss,1573,2536,12648,15184,64,1
flush,hit,1573,246,544,790,0,1
flush,miss,1574,2658,11643,14301,58,1
flush,hit,1574,310,797,1107,0,1
flush,miss,1575,2768,11586,14354,59,1
flush,hit,1575,319,786,1105,0,1
flush,miss,1576,2388,11834,14222,61,1
flush,hit,1576,252,567,819,0,1
flush,miss,1577,2496,12166,14662,63,1
flush,hit,1577,256,542,798,0,1
flush,miss,1578,2858,12123,14981,63,1
flush,hit,1578,263,537,800,0,1
flush,miss,1579,2452,10779,13231,55,1
flush,hit,1579,263,552,815,0,1
flush,miss,1580,2342,13271,15613,49,1
flush,hit,1580,328,768,1096,0,1
flush,miss,1581,2546,12910,15456,66,1
flush,hit,1581,262,673,935,0,1
flush,miss,1582,2346,11543,13889,60,1
flush,hit,1582,260,1010,1270,0,1
flush,miss,1583,2869,13714,16583,71,1
flush,hit,1583,314,726,1040,0,1
flush,miss,1584,2579,13532,16111,70,1
flush,hit,1584,267,559,826,0,1
flush,miss,1585,2490,16270,18760,60,1
flush,hit,1585,259,562,821,0,1
flush,miss,1586,2563,14775,17338,54,1
flush,hit,1586,262,633,895,0,1
flush,miss,1587,2501,11786,14287,61,1
flush,hit,1587,255,573,828,0,1
flush,miss,1588,2566,12103,14669,63,1
flush,hit,1588,259,550,809,0,1
flush,miss,1589,2536,11509,14045,59,1
flush,hit,1589,255,866,1121,0,1
flush,miss,1590,2372,11146,13518,57,1
flush,hit,1590,259,550,809,0,1
flush,miss,1591,3544,14891,18435,54,1
flush,hit,1591,339,896,1235,0,1
flush,miss,1592,2576,15769,18345,84,1
flush,hit,1592,267,569,836,0,1
flush,miss,1593,2531,11864,14395,61,1
flush,hit,1593,257,815,1072,0,1
flush,miss,1594,2279,12179,14458,60,1
flush,hit,1594,255,547,802,0,1
flush,miss,1595,2866,11694,14560,60,1
flush,hit,1595,323,633,956,0,1
flush,miss,1596,2329,18591,20920,101,1
flush,hit,1596,320,799,1119,0,1
flush,miss,1597,2887,15677,18564,83,1
flush,hit,1597,300,867,1167,0,1
flush,miss,1598,2195,11519,13714,59,1
flush,hit,1598,250,699,949,0,1
flush,miss,1599,2709,11863,14572,60,1
flush,hit,1599,269,556,825,0,1
flush,miss,1600,2327,11417,13744,59,1
flush,hit,1600,257,549,806,0,1
flush,miss,1601,2459,11892,14351,61,1
flush,hit,1601,261,629,890,0,1
flush,miss,1602,2276,15782,18058,52,1
flush,hit,1602,345,784,1129,0,1
flush,miss,1603,2444,11573,14017,58,1
flush,hit,1603,258,601,859,0,1
flush,miss,1604,2386,10920,13306,56,1
flush,hit,1604,251,521,772,0,1
flush,miss,1605,2479,11232,13711,58,1
flush,hit,1605,256,535,791,0,1
flush,miss,1606,2382,12444,14826,65,1
flush,hit,1606,254,1639,1893,0,1
flush,miss,1607,2490,14747,17237,53,1
flush,hit,1607,252,528,780,0,1
flush,miss,1608,2750,12247,14997,42,1
flush,hit,1608,268,591,859,0,1
flush,miss,1609,2707,12714,15421,66,1
flush,hit,1609,255,541,796,0,1
flush,miss,1610,2326,11438,13764,59,1
flush,hit,1610,263,527,790,0,1
flush,miss,1611,2495,17482,19977,54,1
flush,hit,1611,258,1048,1306,0,1
flush,miss,1612,3587,14158,17745,69,1
flush,hit,1612,267,576,843,0,1
flush,miss,1613,2896,14817,17713,47,1
flush,hit,1613,327,837,1164,0,1
flush,miss,1614,2500,17419,19919,85,1
flush,hit,1614,1571,562,2133,0,1
flush,miss,1615,2465,12616,15081,65,1
flush,hit,1615,261,562,823,0,1
flush,miss,1616,2802,12714,15516,64,1
flush,hit,1616,256,545,801,0,1
flush,miss,1617,2467,13419,15886,67,1
flush,hit,1617,258,549,807,0,1
flush,miss,1618,3092,13228,16320,66,1
flush,hit,1618,617,829,1446,0,1
flush,miss,1619,3112,19308,22420,97,1
flush,hit,1619,332,822,1154,0,1
flush,miss,1620,3582,13364,16946,70,1
flush,hit,1620,250,567,817,0,1
flush,miss,1621,2958,14440,17398,75,1
flush,hit,1621,252,1270,1522,0,1
flush,miss,1622,2357,20015,22372,50,1
flush,hit,1622,262,947,1209,0,1
flush,miss,1623,2342,14019,16361,70,1
flush,hit,1623,266,556,822,0,1
flush,miss,1624,2522,21684,24206,72,1
flush,hit,1624,343,1736,2079,0,1
flush,miss,1625,3219,12659,15878,66,1
flush,hit,1625,262,624,886,0,1
flush,miss,1626,2601,12078,14679,63,1
flush,hit,1626,255,536,791,0,1
flush,miss,1627,2917,15623,18540,84,1
flush,hit,1627,260,534,794,0,1
flush,miss,1628,2271,18269,20540,99,1
flush,hit,1628,255,769,1024,0,1
flush,miss,1629,4148,18821,22969,61,1
flush,hit,1629,260,1517,1777,0,1
flush,miss,1630,7654,12986,20640,50,1
flush,hit,1630,256,570,826,0,1
flush,miss,1631,2680,14419,17099,72,1
flush,hit,1631,261,545,806,0,1
flush,miss,1632,2462,11264,13726,58,1
flush,hit,1632,256,524,780,0,1
flush,miss,1633,2941,18550,21491,101,1
flush,hit,1633,251,524,775,0,1
flush,miss,1634,3076,14241,17317,75,1
flush,hit,1634,251,523,774,0,1
flush,miss,1635,3076,13159,16235,50,1
flush,hit,1635,321,1843,2164,0,1
flush,miss,1636,2436,18567,21003,68,1
flush,hit,1636,259,597,856,0,1
flush,miss,1637,3555,12514,16069,65,1
flush,hit,1637,261,563,824,0,1
flush,miss,1638,2316,16035,18351,55,1
flush,hit,1638,1378,2270,3648,0,1
flush,miss,1639,2388,15412,17800,80,1
flush,hit,1639,250,559,809,0,1
flush,miss,1640,2467,13079,15546,69,1
flush,hit,1640,325,852,1177,0,1
flush,miss,1641,3109,12077,15186,62,1
flush,hit,1641,330,816,1146,0,1
flush,miss,1642,2287,14585,16872,77,1
flush,hit,1642,250,550,800,0,1
flush,miss,1643,3456,11589,15045,60,1
flush,hit,1643,271,795,1066,0,1
flush,miss,1644,2442,13967,16409,74,1
flush,hit,1644,264,559,823,0,1
flush,miss,1645,2353,13276,15629,67,1
flush,hit,1645,256,560,816,0,1
flush,miss,1646,2297,16895,19192,63,1
flush,hit,1646,353,4972,5325,0,1
flush,miss,1647,3032,12669,15701,66,1
flush,hit,1647,290,1405,1695,0,1
flush,miss,1648,3248,11788,15036,61,1
flush,hit,1648,262,552,814,0,1
flush,miss,1649,2453,10782,13235,55,1
flush,hit,1649,267,1166,1433,0,1
flush,miss,1650,2269,13415,15684,71,1
flush,hit,1650,588,1698,2286,0,1
flush,miss,1651,2642,17283,19925,53,1
flush,hit,1651,269,1183,1452,0,1
flush,miss,1652,2689,14769,17458,56,1
flush,hit,1652,267,810,1077,0,1
flush,miss,1653,2453,12500,14953,65,1
flush,hit,1653,274,612,886,0,1
flush,miss,1654,2343,11858,14201,61,1
flush,hit,1654,264,522,786,0,1
flush,miss,1655,2637,12967,15604,68,1
flush,hit,1655,264,550,814,0,1
flush,miss,1656,2346,12651,14997,66,1
flush,hit,1656,259,531,790,0,1
flush,miss,1657,2881,12382,15263,42,1
flush,hit,1657,323,794,1117,0,1
flush,miss,1658,2621,13856,16477,72,1
flush,hit,1658,262,566,828,0,1
flush,miss,1659,2511,11645,14156,59,1
flush,hit,1659,250,557,807,0,1
flush,miss,1660,2426,11306,13732,58,1
flush,hit,1660,266,534,800,0,1
flush,miss,1661,2290,12304,14594,63,1
flush,hit,1661,251,545,796,0,1
flush,miss,1662,2349,11450,13799,59,1
flush,hit,1662,312,769,1081,0,1
flush,miss,1663,6024,17919,23943,89,1
flush,hit,1663,316,1039,1355,0,1
flush,miss,1664,2503,12249,14752,64,1
flush,hit,1664,262,597,859,0,1
flush,miss,1665,2419,11163,13582,57,1
flush,hit,1665,256,565,821,0,1
flush,miss,1666,2231,11409,13640,59,1
flush,hit,1666,255,553,808,0,1
flush,miss,1667,2396,11496,13892,59,1
flush,hit,1667,256,571,827,0,1
flush,miss,1668,2302,22330,24632,68,1
flush,hit,1668,451,884,1335,0,1
flush,miss,1669,2622,11922,14544,60,1
flush,hit,1669,274,624,898,0,1
flush,miss,1670,2411,11613,14024,59,1
flush,hit,1670,269,558,827,0,1
flush,miss,1671,2543,11480,14023,58,1
flush,hit,1671,260,570,830,0,1
flush,miss,1672,2302,14310,16612,74,1
flush,hit,1672,261,553,814,0,1
flush,miss,1673,2815,16907,19722,56,1
flush,hit,1673,254,552,806,0,1
flush,miss,1674,2630,14669,17299,48,1
flush,hit,1674,283,653,936,0,1
flush,miss,1675,3224,12967,16191,66,1
flush,hit,1675,293,710,1003,0,1
flush,miss,1676,2826,12015,14841,61,1
flush,hit,1676,261,543,804,0,1
flush,miss,1677,2512,13582,16094,70,1
flush,hit,1677,256,551,807,0,1
flush,miss,1678,2207,12706,14913,65,1
flush,hit,1678,254,543,797,0,1
flush,miss,1679,2972,15155,18127,48,1
flush,hit,1679,348,833,1181,0,1
flush,miss,1680,2540,17257,19797,91,1
flush,hit,1680,269,550,819,0,1
flush,miss,1681,2519,10995,13514,55,1
flush,hit,1681,254,584,838,0,1
flush,miss,1682,2333,11065,13398,55,1
flush,hit,1682,259,606,865,0,1
flush,miss,1683,2313,12842,15155,65,1
flush,hit,1683,256,552,808,0,1
flush,miss,1684,2181,10299,12480,51,1
flush,hit,1684,337,798,1135,0,1
flush,miss,1685,2837,16565,19402,86,1
flush,hit,1685,330,805,1135,0,1
flush,miss,1686,2268,11354,13622,56,1
flush,hit,1686,272,564,836,0,1
flush,miss,1687,2525,10992,13517,55,1
flush,hit,1687,261,561,822,0,1
flush,miss,1688,2348,10774,13122,54,1
flush,hit,1688,262,538,800,0,1
flush,miss,1689,2329,11006,13335,55,1
flush,hit,1689,260,555,815,0,1
flush,miss,1690,2360,12714,15074,45,1
flush,hit,1690,329,807,1136,0,1
flush,miss,1691,2537,11113,13650,55,1
flush,hit,1691,272,601,873,0,1
flush,miss,1692,2324,15060,17384,52,1
flush,hit,1692,290,578,868,0,1
flush,miss,1693,2500,10853,13353,54,1
flush,hit,1693,258,576,834,0,1
flush,miss,1694,2372,13583,15955,70,1
flush,hit,1694,259,562,821,0,1
flush,miss,1695,2510,15468,17978,46,1
flush,hit,1695,266,573,839,0,1
flush,miss,1696,2653,13931,16584,44,1
flush,hit,1696,289,614,903,0,1
flush,miss,1697,2481,11515,13996,58,1
flush,hit,1697,262,586,848,0,1
flush,miss,1698,2332,11366,13698,57,1
flush,hit,1698,262,561,823,0,1
flush,miss,1699,2531,13281,15812,68,1
flush,hit,1699,260,589,849,0,1
flush,miss,1700,2183,13080,15263,67,1
flush,hit,1700,259,563,822,0,1
flush,miss,1701,2889,14659,17548,52,1
flush,hit,1701,333,824,1157,0,1
flush,miss,1702,2520,11260,13780,56,1
flush,hit,1702,270,603,873,0,1
flush,miss,1703,2498,11389,13887,57,1
flush,hit,1703,262,590,852,0,1
flush,miss,1704,2340,11333,13673,57,1
flush,hit,1704,259,629,888,0,1
flush,miss,1705,2347,12907,15254,66,1
flush,hit,1705,323,649,972,0,1
flush,miss,1706,2180,11496,13676,58,1
flush,hit,1706,322,816,1138,0,1
flush,miss,1707,2992,11096,14088,55,1
flush,hit,1707,336,821,1157,0,1
flush,miss,1708,2317,11397,13714,57,1
flush,hit,1708,271,581,852,0,1
flush,miss,1709,2482,11024,13506,55,1
flush,hit,1709,263,573,836,0,1
flush,miss,1710,2348,10894,13242,55,1
flush,hit,1710,266,554,820,0,1
flush,miss,1711,2334,10756,13090,53,1
flush,hit,1711,261,555,816,0,1
flush,miss,1712,3786,15306,19092,50,1
flush,hit,1712,318,791,1109,0,1
flush,miss,1713,2639,11417,14056,57,1
flush,hit,1713,296,605,901,0,1
flush,miss,1714,2338,10813,13151,54,1
flush,hit,1714,256,556,812,0,1
flush,miss,1715,2568,10947,13515,54,1
flush,hit,1715,257,561,818,0,1
flush,miss,1716,2330,11867,14197,60,1
flush,hit,1716,256,536,792,0,1
flush,miss,1717,2525,13115,15640,43,1
flush,hit,1717,272,560,832,0,1
flush,miss,1718,2457,12079,14536,41,1
flush,hit,1718,279,596,875,0,1
flush,miss,1719,2501,11012,13513,55,1
flush,hit,1719,264,575,839,0,1
flush,miss,1720,2285,11300,13585,57,1
flush,hit,1720,260,540,800,0,1
flush,miss,1721,2535,11923,14458,60,1
flush,hit,1721,254,550,804,0,1
flush,miss,1722,2169,11850,14019,60,1
flush,hit,1722,324,803,1127,0,1
flush,miss,1723,2971,14898,17869,53,1
flush,hit,1723,360,843,1203,0,1
flush,miss,1724,2594,11424,14018,57,1
flush,hit,1724,257,595,852,0,1
flush,miss,1725,2433,11637,14070,58,1
flush,hit,1725,261,590,851,0,1
flush,miss,1726,2308,11460,13768,58,1
flush,hit,1726,266,551,817,0,1
flush,miss,1727,2368,12873,15241,66,1
flush,hit,1727,259,558,817,0,1
flush,miss,1728,2244,11520,13764,58,1
flush,hit,1728,343,847,1190,0,1
flush,miss,1729,2937,11299,14236,56,1
flush,hit,1729,329,840,1169,0,1
flush,miss,1730,2346,10993,13339,55,1
flush,hit,1730,262,831,1093,0,1
flush,miss,1731,2514,11198,13712,56,1
flush,hit,1731,267,600,867,0,1
flush,miss,1732,2343,15530,17873,81,1
flush,hit,1732,263,565,828,0,1
flush,miss,1733,2344,11439,13783,55,1
flush,hit,1733,266,662,928,0,1
flush,miss,1734,2353,15969,18322,56,1
flush,hit,1734,383,942,1325,0,1
flush,miss,1735,2581,11336,13917,57,1
flush,hit,1735,282,647,929,0,1
flush,miss,1736,2391,11353,13744,55,1
flush,hit,1736,256,564,820,0,1
flush,miss,1737,2502,11736,14238,59,1
flush,hit,1737,253,557,810,0,1
flush,miss,1738,2336,13377,15713,69,1
flush,hit,1738,254,633,887,0,1
flush,miss,1739,2650,15516,18166,50,1
flush,hit,1739,254,617,871,0,1
flush,miss,1740,2511,12289,14800,33,1
flush,hit,1740,263,1656,1919,0,1
flush,miss,1741,2449,11676,14125,59,1
flush,hit,1741,292,802,1094,0,1
flush,miss,1742,2445,11759,14204,58,1
flush,hit,1742,359,592,951,0,1
flush,miss,1743,2509,13750,16259,71,1
flush,hit,1743,257,603,860,0,1
flush,miss,1744,2315,12178,14493,61,1
flush,hit,1744,318,606,924,0,1
flush,miss,1745,2827,12795,15622,42,1
flush,hit,1745,503,1107,1610,0,1
flush,miss,1746,2484,12084,14568,61,1
flush,hit,1746,255,571,826,0,1
flush,miss,1747,2786,11234,14020,56,1
flush,hit,1747,264,587,851,0,1
flush,miss,1748,2450,11473,13923,55,1
flush,hit,1748,266,667,933,0,1
flush,miss,1749,2378,12297,14675,61,1
flush,hit,1749,263,554,817,0,1
flush,miss,1750,2563,10708,13271,53,1
flush,hit,1750,314,768,1082,0,1
flush,miss,1751,2887,11693,14580,58,1
flush,hit,1751,319,1098,1417,0,1
flush,miss,1752,7937,12126,20063,55,1
flush,hit,1752,264,692,956,0,1
flush,miss,1753,2688,11373,14061,54,1
flush,hit,1753,266,594,860,0,1
flush,miss,1754,2415,12032,14447,60,1
flush,hit,1754,259,571,830,0,1
flush,miss,1755,2466,12235,14701,62,1
flush,hit,1755,264,1051,1315,0,1
flush,miss,1756,2375,16570,18945,52,1
flush,hit,1756,359,966,1325,0,1
flush,miss,1757,2664,11645,14309,58,1
flush,hit,1757,269,649,918,0,1
flush,miss,1758,2487,11469,13956,55,1
flush,hit,1758,258,570,828,0,1
flush,miss,1759,2551,11737,14288,59,1
flush,hit,1759,366,646,1012,0,1
flush,miss,1760,2363,13676,16039,70,1
flush,hit,1760,255,561,816,0,1
flush,miss,1761,2709,15519,18228,54,1
flush,hit,1761,370,624,994,0,1
flush,miss,1762,3217,13970,17187,45,1
flush,hit,1762,290,667,957,0,1
flush,miss,1763,2563,11122,13685,55,1
flush,hit,1763,261,630,891,0,1
flush,miss,1764,2469,11445,13914,25,1
flush,hit,1764,258,573,831,0,1
flush,miss,1765,2490,13307,15797,68,1
flush,hit,1765,261,570,831,0,1
flush,miss,1766,2160,13034,15194,67,1
flush,hit,1766,269,552,821,0,1
flush,miss,1767,2882,14362,17244,47,1
flush,hit,1767,339,824,1163,0,1
flush,miss,1768,2554,11480,14034,58,1
flush,hit,1768,262,591,853,0,1
flush,miss,1769,2444,11385,13829,57,1
flush,hit,1769,265,552,817,0,1
flush,miss,1770,2270,11007,13277,55,1
flush,hit,1770,259,542,801,0,1
flush,miss,1771,2370,12232,14602,62,1
flush,hit,1771,256,536,792,0,1
flush,miss,1772,2160,10130,12290,50,1
flush,hit,1772,316,789,1105,0,1
flush,miss,1773,2847,11239,14086,56,1
flush,hit,1773,326,814,1140,0,1
flush,miss,1774,2368,11366,13734,57,1
flush,hit,1774,265,550,815,0,1
flush,miss,1775,2514,10996,13510,55,1
flush,hit,1775,268,630,898,0,1
flush,miss,1776,2314,11302,13616,57,1
flush,hit,1776,265,542,807,0,1
flush,miss,1777,2326,11355,13681,57,1
flush,hit,1777,267,540,807,0,1
flush,miss,1778,2357,12637,14994,45,1
flush,hit,1778,319,779,1098,0,1
flush,miss,1779,2577,11507,14084,58,1
flush,hit,1779,267,605,872,0,1
flush,miss,1780,2323,11292,13615,57,1
flush,hit,1780,264,544,808,0,1
flush,miss,1781,2537,11532,14069,58,1
flush,hit,1781,259,544,803,0,1
flush,miss,1782,6109,12543,18652,57,1
flush,hit,1782,260,595,855,0,1
flush,miss,1783,2497,16127,18624,58,1
flush,hit,1783,261,563,824,0,1
flush,miss,1784,2617,14144,16761,45,1
flush,hit,1784,295,629,924,0,1
flush,miss,1785,2490,11201,13691,56,1
flush,hit,1785,271,571,842,0,1
flush,miss,1786,2376,17775,20151,85,1
flush,hit,1786,257,536,793,0,1
flush,miss,1787,2498,13132,15630,69,1
flush,hit,1787,255,544,799,0,1
flush,miss,1788,2130,12021,14151,62,1
flush,hit,1788,261,547,808,0,1
flush,miss,1789,2782,14617,17399,53,1
flush,hit,1789,330,795,1125,0,1
flush,miss,1790,2494,11312,13806,58,1
flush,hit,1790,259,549,808,0,1
flush,miss,1791,2449,10786,13235,55,1
flush,hit,1791,256,544,800,0,1
flush,miss,1792,2243,10633,12876,54,1
flush,hit,1792,264,549,813,0,1
flush,miss,1793,2289,11930,14219,62,1
flush,hit,1793,256,546,802,0,1
flush,miss,1794,2128,9715,11843,49,1
flush,hit,1794,383,981,1364,0,1
flush,miss,1795,2978,11386,14364,58,1
flush,hit,1795,350,807,1157,0,1
flush,miss,1796,2269,11128,13397,57,1
flush,hit,1796,264,550,814,0,1
flush,miss,1797,2425,10638,13063,54,1
flush,hit,1797,253,549,802,0,1
flush,miss,1798,2249,10873,13122,56,1
flush,hit,1798,265,545,810,0,1
flush,miss,1799,2321,9642,11963,48,1
flush,hit,1799,254,552,806,0,1
flush,miss,1800,2283,14245,16528,46,1
flush,hit,1800,335,782,1117,0,1
flush,miss,1801,2523,11115,13638,57,1
flush,hit,1801,265,629,894,0,1
flush,miss,1802,2273,10719,12992,55,1
flush,hit,1802,255,547,802,0,1
flush,miss,1803,2478,11299,13777,58,1
flush,hit,1803,261,551,812,0,1
flush,miss,1804,2305,11714,14019,61,1
flush,hit,1804,254,536,790,0,1
flush,miss,1805,2478,12683,15161,42,1
flush,hit,1805,254,543,797,0,1
flush,miss,1806,2426,11759,14185,44,1
flush,hit,1806,271,568,839,0,1
flush,miss,1807,2424,10757,13181,55,1
flush,hit,1807,252,555,807,0,1
flush,miss,1808,2285,10920,13205,56,1
flush,hit,1808,263,530,793,0,1
flush,miss,1809,2425,11826,14251,61,1
flush,hit,1809,252,524,776,0,1
flush,miss,1810,2125,11641,13766,60,1
flush,hit,1810,258,525,783,0,1
flush,miss,1811,2719,12221,14940,41,1
flush,hit,1811,323,778,1101,0,1
flush,miss,1812,2380,11188,13568,57,1
flush,hit,1812,335,722,1057,0,1
flush,miss,1813,2488,11378,13866,58,1
flush,hit,1813,260,589,849,0,1
flush,miss,1814,2288,15964,18252,56,1
flush,hit,1814,260,567,827,0,1
flush,miss,1815,2346,12324,14670,63,1
flush,hit,1815,264,560,824,0,1
flush,miss,1816,2188,9935,12123,49,1
flush,hit,1816,361,827,1188,0,1
flush,miss,1817,2921,11296,14217,56,1
flush,hit,1817,351,873,1224,0,1
flush,miss,1818,2382,11586,13968,58,1
flush,hit,1818,253,563,816,0,1
flush,miss,1819,2506,11062,13568,55,1
flush,hit,1819,269,581,850,0,1
flush,miss,1820,2336,11173,13509,56,1
flush,hit,1820,253,558,811,0,1
flush,miss,1821,2350,10170,12520,50,1
flush,hit,1821,258,571,829,0,1
flush,miss,1822,2356,14923,17279,51,1
flush,hit,1822,339,837,1176,0,1
flush,miss,1823,2553,11110,13663,55,1
flush,hit,1823,265,645,910,0,1
flush,miss,1824,2289,11009,13298,55,1
flush,hit,1824,255,575,830,0,1
flush,miss,1825,2663,11173,13836,56,1
flush,hit,1825,292,648,940,0,1
flush,miss,1826,2305,13198,15503,68,1
flush,hit,1826,270,551,821,0,1
flush,miss,1827,2499,15632,18131,48,1
flush,hit,1827,258,554,812,0,1
flush,miss,1828,2645,13821,16466,46,1
flush,hit,1828,271,577,848,0,1
flush,miss,1829,2499,10992,13491,55,1
flush,hit,1829,254,573,827,0,1
flush,miss,1830,2341,11165,13506,56,1
flush,hit,1830,268,543,811,0,1
flush,miss,1831,2494,12929,15423,66,1
flush,hit,1831,253,541,794,0,1
flush,miss,1832,2254,12044,14298,61,1
flush,hit,1832,263,536,799,0,1
flush,miss,1833,2738,12762,15500,42,1
flush,hit,1833,327,785,1112,0,1
flush,miss,1834,2474,11757,14231,59,1
flush,hit,1834,260,561,821,0,1
flush,miss,1835,2492,11368,13860,57,1
flush,hit,1835,259,580,839,0,1
flush,miss,1836,2310,10982,13292,55,1
flush,hit,1836,255,541,796,0,1
flush,miss,1837,2340,11912,14252,60,1
flush,hit,1837,261,543,804,0,1
flush,miss,1838,2138,11167,13305,56,1
flush,hit,1838,312,779,1091,0,1
flush,miss,1839,2808,11604,14412,58,1
flush,hit,1839,314,755,1069,0,1
flush,miss,1840,2345,11352,13697,57,1
flush,hit,1840,280,576,856,0,1
flush,miss,1841,2478,11234,13712,56,1
flush,hit,1841,261,568,829,0,1
flush,miss,1842,2322,11114,13436,56,1
flush,hit,1842,265,566,831,0,1
flush,miss,1843,2807,11273,14080,57,1
flush,hit,1843,320,744,1064,0,1
flush,miss,1844,2371,16230,18601,58,1
flush,hit,1844,340,858,1198,0,1
flush,miss,1845,2594,11446,14040,58,1
flush,hit,1845,280,657,937,0,1
flush,miss,1846,2315,11023,13338,56,1
flush,hit,1846,258,560,818,0,1
flush,miss,1847,2525,11580,14105,59,1
flush,hit,1847,259,558,817,0,1
flush,miss,1848,2320,13575,15895,71,1
flush,hit,1848,263,554,817,0,1
flush,miss,1849,2532,14881,17413,46,1
flush,hit,1849,257,560,817,0,1
flush,miss,1850,2698,13720,16418,44,1
flush,hit,1850,267,625,892,0,1
flush,miss,1851,2495,10908,13403,55,1
flush,hit,1851,263,573,836,0,1
flush,miss,1852,2357,11113,13470,56,1
flush,hit,1852,259,557,816,0,1
flush,miss,1853,2475,13121,15596,68,1
flush,hit,1853,260,547,807,0,1
flush,miss,1854,2141,12140,14281,63,1
flush,hit,1854,258,545,803,0,1
flush,miss,1855,2917,15437,18354,27,1
flush,hit,1855,383,844,1227,0,1
flush,miss,1856,2839,11751,14590,60,1
flush,hit,1856,256,566,822,0,1
flush,miss,1857,2479,10859,13338,55,1
flush,hit,1857,266,568,834,0,1
flush,miss,1858,2300,11063,13363,56,1
flush,hit,1858,264,552,816,0,1
flush,miss,1859,2329,12066,14395,62,1
flush,hit,1859,263,545,808,0,1
flush,miss,1860,2187,9657,11844,48,1
flush,hit,1860,348,800,1148,0,1
flush,miss,1861,2816,11320,14136,57,1
flush,hit,1861,327,810,1137,0,1
flush,miss,1862,2330,11260,13590,57,1
flush,hit,1862,355,621,976,0,1
flush,miss,1863,2523,12402,14925,64,1
flush,hit,1863,383,561,944,0,1
flush,miss,1864,2335,13985,16320,73,1
flush,hit,1864,254,548,802,0,1
flush,miss,1865,2399,11107,13506,56,1
flush,hit,1865,532,599,1131,0,1
flush,miss,1866,2386,13010,15396,47,1
flush,hit,1866,348,764,1112,0,1
flush,miss,1867,2553,12023,14576,39,1
flush,hit,1867,267,715,982,0,1
flush,miss,1868,3150,11720,14870,39,1
flush,hit,1868,272,595,867,0,1
flush,miss,1869,2490,10879,13369,55,1
flush,hit,1869,262,568,830,0,1
flush,miss,1870,2304,11693,13997,60,1
flush,hit,1870,258,537,795,0,1
flush,miss,1871,2562,14113,16675,45,1
flush,hit,1871,259,548,807,0,1
flush,miss,1872,2513,12161,14674,44,1
flush,hit,1872,267,586,853,0,1
flush,miss,1873,2951,11569,14520,59,1
flush,hit,1873,326,819,1145,0,1
flush,miss,1874,2379,11524,13903,59,1
flush,hit,1874,262,562,824,0,1
flush,miss,1875,2468,13448,15916,70,1
flush,hit,1875,265,566,831,0,1
flush,miss,1876,2166,12306,14472,64,1
flush,hit,1876,264,557,821,0,1
flush,miss,1877,2897,13627,16524,44,1
flush,hit,1877,348,828,1176,0,1
flush,miss,1878,2431,11528,13959,59,1
flush,hit,1878,258,582,840,0,1
flush,miss,1879,2531,11235,13766,57,1
flush,hit,1879,262,563,825,0,1
flush,miss,1880,2252,10861,13113,55,1
flush,hit,1880,261,550,811,0,1
flush,miss,1881,2340,12364,14704,64,1
flush,hit,1881,259,558,817,0,1
flush,miss,1882,2180,9796,11976,49,1
flush,hit,1882,323,797,1120,0,1
flush,miss,1883,2860,11454,14314,58,1
flush,hit,1883,322,818,1140,0,1
flush,miss,1884,2329,11094,13423,56,1
flush,hit,1884,257,576,833,0,1
flush,miss,1885,2523,10981,13504,55,1
flush,hit,1885,263,563,826,0,1
flush,miss,1886,2339,10849,13188,31,1
flush,hit,1886,259,545,804,0,1
flush,miss,1887,2334,10952,13286,55,1
flush,hit,1887,252,555,807,0,1
flush,miss,1888,2347,13585,15932,44,1
flush,hit,1888,331,789,1120,0,1
flush,miss,1889,2578,11156,13734,57,1
flush,hit,1889,275,609,884,0,1
flush,miss,1890,2321,11364,13685,58,1
flush,hit,1890,257,555,812,0,1
flush,miss,1891,2563,10765,13328,54,1
flush,hit,1891,259,553,812,0,1
flush,miss,1892,2374,13024,15398,68,1
flush,hit,1892,255,544,799,0,1
flush,miss,1893,2550,12461,15011,39,1
flush,hit,1893,256,553,809,0,1
flush,miss,1894,2482,11902,14384,40,1
flush,hit,1894,268,578,846,0,1
flush,miss,1895,2527,11258,13785,57,1
flush,hit,1895,257,561,818,0,1
flush,miss,1896,2404,11358,13762,58,1
flush,hit,1896,259,536,795,0,1
flush,miss,1897,2542,11735,14277,60,1
flush,hit,1897,254,551,805,0,1
flush,miss,1898,2195,12032,14227,62,1
flush,hit,1898,258,557,815,0,1
flush,miss,1899,2816,12370,15186,41,1
flush,hit,1899,339,753,1092,0,1
flush,miss,1900,2420,11221,13641,57,1
flush,hit,1900,255,573,828,0,1
flush,miss,1901,2570,11288,13858,57,1
flush,hit,1901,265,556,821,0,1
flush,miss,1902,2387,10840,13227,55,1
flush,hit,1902,267,543,810,0,1
flush,miss,1903,2420,11980,14400,61,1
flush,hit,1903,262,557,819,0,1
flush,miss,1904,2136,14370,16506,52,1
flush,hit,1904,337,767,1104,0,1
flush,miss,1905,2847,11100,13947,56,1
flush,hit,1905,319,790,1109,0,1
flush,miss,1906,2367,11510,13877,59,1
flush,hit,1906,259,580,839,0,1
flush,miss,1907,2543,11224,13767,57,1
flush,hit,1907,268,569,837,0,1
flush,miss,1908,2371,11017,13388,56,1
flush,hit,1908,259,571,830,0,1
flush,miss,1909,2386,10173,12559,51,1
flush,hit,1909,260,567,827,0,1
flush,miss,1910,2339,12916,15255,47,1
flush,hit,1910,333,813,1146,0,1
flush,miss,1911,2582,11403,13985,58,1
flush,hit,1911,263,614,877,0,1
flush,miss,1912,2359,11190,13549,57,1
flush,hit,1912,256,553,809,0,1
flush,miss,1913,2536,10931,13467,55,1
flush,hit,1913,261,562,823,0,1
flush,miss,1914,2346,13494,15840,71,1
flush,hit,1914,264,552,816,0,1
flush,miss,1915,2530,12076,14606,37,1
flush,hit,1915,265,572,837,0,1
flush,miss,1916,2505,11828,14333,40,1
flush,hit,1916,268,599,867,0,1
flush,miss,1917,2885,10946,13831,55,1
flush,hit,1917,302,692,994,0,1
flush,miss,1918,2319,11012,13331,56,1
flush,hit,1918,256,536,792,0,1
flush,miss,1919,2482,13154,15636,68,1
flush,hit,1919,253,549,802,0,1
flush,miss,1920,2197,13019,15216,68,1
flush,hit,1920,256,538,794,0,1
flush,miss,1921,2871,12469,15340,45,1
flush,hit,1921,349,792,1141,0,1
flush,miss,1922,2424,10973,13397,55,1
flush,hit,1922,278,555,833,0,1
flush,miss,1923,2460,11027,13487,56,1
flush,hit,1923,270,565,835,0,1
flush,miss,1924,2345,10849,13194,55,1
flush,hit,1924,258,533,791,0,1
flush,miss,1925,2304,12129,14433,62,1
flush,hit,1925,254,544,798,0,1
flush,miss,1926,2164,10515,12679,53,1
flush,hit,1926,300,795,1095,0,1
flush,miss,1927,2762,11138,13900,56,1
flush,hit,1927,323,791,1114,0,1
flush,miss,1928,2335,11349,13684,58,1
flush,hit,1928,255,561,816,0,1
flush,miss,1929,2525,10919,13444,55,1
flush,hit,1929,260,546,806,0,1
flush,miss,1930,2341,10817,13158,55,1
flush,hit,1930,264,548,812,0,1
flush,miss,1931,2370,10380,12750,52,1
flush,hit,1931,264,555,819,0,1
flush,miss,1932,2411,12449,14860,39,1
flush,hit,1932,338,816,1154,0,1
flush,miss,1933,2570,11330,13900,57,1
flush,hit,1933,263,612,875,0,1
flush,miss,1934,2393,10885,13278,55,1
flush,hit,1934,272,536,808,0,1
flush,miss,1935,2979,10449,13428,51,1
flush,hit,1935,258,556,814,0,1
flush,miss,1936,2326,12889,15215,67,1
flush,hit,1936,272,582,854,0,1
flush,miss,1937,2491,12970,15461,40,1
flush,hit,1937,267,568,835,0,1
flush,miss,1938,2544,12054,14598,44,1
flush,hit,1938,282,611,893,0,1
flush,miss,1939,2524,11249,13773,57,1
flush,hit,1939,278,585,863,0,1
flush,miss,1940,2302,11534,13836,59,1
flush,hit,1940,261,555,816,0,1
flush,miss,1941,2485,13121,15606,68,1
flush,hit,1941,271,564,835,0,1
flush,miss,1942,2133,12172,14305,63,1
flush,hit,1942,262,553,815,0,1
flush,miss,1943,2851,12446,15297,41,1
flush,hit,1943,351,810,1161,0,1
flush,miss,1944,2438,17380,19818,84,1
flush,hit,1944,259,594,853,0,1
flush,miss,1945,2563,11034,13597,52,1
flush,hit,1945,256,1880,2136,0,1
flush,miss,1946,2212,10943,13155,57,1
flush,hit,1946,258,567,825,0,1
flush,miss,1947,2290,12145,14435,64,1
flush,hit,1947,259,577,836,0,1
flush,miss,1948,2118,9921,12039,51,1
flush,hit,1948,334,810,1144,0,1
flush,miss,1949,2736,10753,13489,55,1
flush,hit,1949,349,792,1141,0,1
flush,miss,1950,2333,10831,13164,56,1
flush,hit,1950,262,566,828,0,1
flush,miss,1951,2484,10653,13137,55,1
flush,hit,1951,254,560,814,0,1
flush,miss,1952,2283,10677,12960,55,1
flush,hit,1952,263,548,811,0,1
flush,miss,1953,2285,9778,12063,50,1
flush,hit,1953,265,570,835,0,1
flush,miss,1954,2275,12879,15154,48,1
flush,hit,1954,343,752,1095,0,1
flush,miss,1955,2487,11147,13634,58,1
flush,hit,1955,270,606,876,0,1
flush,miss,1956,2269,10735,13004,56,1
flush,hit,1956,259,546,805,0,1
flush,miss,1957,2458,10540,12998,54,1
flush,hit,1957,254,546,800,0,1
flush,miss,1958,2299,11926,14225,63,1
flush,hit,1958,259,537,796,0,1
flush,miss,1959,2477,12757,15234,43,1
flush,hit,1959,252,557,809,0,1
flush,miss,1960,2387,11854,14241,45,1
flush,hit,1960,258,559,817,0,1
flush,miss,1961,2410,10735,13145,55,1
flush,hit,1961,257,539,796,0,1
flush,miss,1962,2262,10969,13231,57,1
flush,hit,1962,385,820,1205,0,1
flush,miss,1963,7068,12387,19455,36,1
flush,hit,1963,1052,2185,3237,0,1
flush,miss,1964,3776,12730,16506,40,1
flush,hit,1964,376,918,1294,0,1
flush,miss,1965,4202,12541,16743,36,1
flush,hit,1965,531,1214,1745,0,1
flush,miss,1966,3628,11670,15298,36,1
flush,hit,1966,431,1113,1544,0,1
flush,miss,1967,4359,12244,16603,38,1
flush,hit,1967,502,1043,1545,0,1
flush,miss,1968,4217,11656,15873,38,1
flush,hit,1968,500,1147,1647,0,1
flush,miss,1969,4463,13389,17852,43,1
flush,hit,1969,500,1166,1666,0,1
flush,miss,1970,3683,11978,15661,42,1
flush,hit,1970,561,1398,1959,0,1
flush,miss,1971,2676,11262,13938,58,1
flush,hit,1971,298,683,981,0,1
flush,miss,1972,2384,11343,13727,59,1
flush,hit,1972,256,563,819,0,1
flush,miss,1973,2486,10984,13470,57,1
flush,hit,1973,260,555,815,0,1
flush,miss,1974,2307,10642,12949,55,1
flush,hit,1974,258,543,801,0,1
flush,miss,1975,2625,10700,13325,55,1
flush,hit,1975,273,596,869,0,1
flush,miss,1976,2366,47379,49745,275,1
flush,hit,1976,266,563,829,0,1
flush,miss,1977,4116,11327,15443,59,1
flush,hit,1977,258,551,809,0,1
flush,miss,1978,2296,10939,13235,57,1
flush,hit,1978,253,531,784,0,1
flush,miss,1979,2457,10517,12974,54,1
flush,hit,1979,249,549,798,0,1
flush,miss,1980,2337,12980,15317,69,1
flush,hit,1980,253,600,853,0,1
flush,miss,1981,4054,47268,51322,196,1
flush,hit,1981,532,1089,1621,0,1
flush,miss,1982,3449,11048,14497,56,1
flush,hit,1982,575,1257,1832,0,1
flush,miss,1983,3623,10684,14307,54,1
flush,hit,1983,476,1298,1774,0,1
flush,miss,1984,2378,10796,13174,56,1
flush,hit,1984,261,566,827,0,1
flush,miss,1985,2453,12806,15259,68,1
flush,hit,1985,255,538,793,0,1
flush,miss,1986,2133,12776,14909,68,1
flush,hit,1986,252,514,766,0,1
flush,miss,1987,2411,10996,13407,57,1
flush,hit,1987,249,520,769,0,1
flush,miss,1988,2298,11154,13452,58,1
flush,hit,1988,250,521,771,0,1
flush,miss,1989,3012,11677,14689,59,1
flush,hit,1989,356,806,1162,0,1
flush,miss,1990,2369,11252,13621,57,1
flush,hit,1990,266,568,834,0,1
flush,miss,1991,2331,12286,14617,63,1
flush,hit,1991,269,560,829,0,1
flush,miss,1992,2172,10161,12333,51,1
flush,hit,1992,253,568,821,0,1
flush,miss,1993,2529,11613,14142,59,1
flush,hit,1993,257,572,829,0,1
flush,miss,1994,2351,11296,13647,58,1
flush,hit,1994,261,550,811,0,1
flush,miss,1995,2475,11088,13563,56,1
flush,hit,1995,260,560,820,0,1
flush,miss,1996,2329,10756,13085,55,1
flush,hit,1996,259,573,832,0,1
flush,miss,1997,2298,10189,12487,51,1
flush,hit,1997,259,574,833,0,1
flush,miss,1998,2348,47260,49608,270,1
flush,hit,1998,261,560,821,0,1
flush,miss,1999,2493,11374,13867,58,1
flush,hit,1999,259,568,827,0,1
flush,miss,2000,6244,7258,13502,33,1
flush,hit,2000,260,556,816,0,1
flush,miss,2001,2535,10929,13464,55,1
flush,hit,2001,260,551,811,0,1
flush,miss,2002,2305,13528,15833,71,1
flush,hit,2002,262,541,803,0,1
flush,miss,2003,2523,10168,12691,51,1
flush,hit,2003,259,564,823,0,1
flush,miss,2004,2332,11349,13681,58,1
flush,hit,2004,258,554,812,0,1
flush,miss,2005,2517,11398,13915,58,1
flush,hit,2005,262,555,817,0,1
flush,miss,2006,2343,11131,13474,57,1
flush,hit,2006,253,547,800,0,1
flush,miss,2007,2545,12236,14781,63,1
flush,hit,2007,263,546,809,0,1
flush,miss,2008,2199,12730,14929,66,1
flush,hit,2008,263,541,804,0,1
flush,miss,2009,2230,10197,12427,51,1
flush,hit,2009,259,547,806,0,1
flush,miss,2010,2323,10305,12628,52,1
flush,hit,2010,258,543,801,0,1
flush,miss,2011,2480,11398,13878,58,1
flush,hit,2011,260,561,821,0,1
flush,miss,2012,2354,10898,13252,55,1
flush,hit,2012,266,547,813,0,1
flush,miss,2013,2341,11715,14056,60,1
flush,hit,2013,257,548,805,0,1
flush,miss,2014,2170,10213,12383,51,1
flush,hit,2014,259,544,803,0,1
flush,miss,2015,2467,11208,13675,57,1
flush,hit,2015,262,550,812,0,1
flush,miss,2016,2343,11213,13556,57,1
flush,hit,2016,260,541,801,0,1
flush,miss,2017,2476,14988,17464,51,1
flush,hit,2017,260,552,812,0,1
flush,miss,2018,2590,11552,14142,59,1
flush,hit,2018,266,551,817,0,1
flush,miss,2019,2300,11571,13871,59,1
flush,hit,2019,255,568,823,0,1
flush,miss,2020,2310,47397,49707,271,1
flush,hit,2020,260,552,812,0,1
flush,miss,2021,2516,11539,14055,59,1
flush,hit,2021,263,578,841,0,1
flush,miss,2022,2322,11184,13506,57,1
flush,hit,2022,260,554,814,0,1
flush,miss,2023,2481,10684,13165,54,1
flush,hit,2023,260,558,818,0,1
flush,miss,2024,2325,13110,15435,68,1
flush,hit,2024,262,547,809,0,1
flush,miss,2025,2506,51431,53937,294,1
flush,hit,2025,254,644,898,0,1
flush,miss,2026,2246,11563,13809,59,1
flush,hit,2026,266,549,815,0,1
flush,miss,2027,2464,11599,14063,59,1
flush,hit,2027,259,556,815,0,1
flush,miss,2028,2304,9854,12158,49,1
flush,hit,2028,285,670,955,0,1
flush,miss,2029,2529,13709,16238,71,1
flush,hit,2029,257,572,829,0,1
flush,miss,2030,2157,12401,14558,64,1
flush,hit,2030,273,534,807,0,1
flush,miss,2031,2467,11536,14003,59,1
flush,hit,2031,267,560,827,0,1
flush,miss,2032,2322,10276,12598,52,1
flush,hit,2032,264,548,812,0,1
flush,miss,2033,2493,9950,12443,49,1
flush,hit,2033,260,551,811,0,1
flush,miss,2034,2360,9657,12017,48,1
flush,hit,2034,471,1078,1549,0,1
flush,miss,2035,2619,12466,15085,64,1
flush,hit,2035,277,769,1046,0,1
flush,miss,2036,2213,11213,13426,57,1
flush,hit,2036,272,541,813,0,1
flush,miss,2037,2525,10546,13071,53,1
flush,hit,2037,263,559,822,0,1
flush,miss,2038,2387,10074,12461,50,1
flush,hit,2038,259,548,807,0,1
flush,miss,2039,2534,10030,12564,50,1
flush,hit,2039,255,551,806,0,1
flush,miss,2040,2386,9556,11942,47,1
flush,hit,2040,256,530,786,0,1
flush,miss,2041,2368,10337,12705,52,1
flush,hit,2041,255,545,800,0,1
flush,miss,2042,2383,11137,13520,57,1
flush,hit,2042,258,529,787,0,1
flush,miss,2043,2512,9805,12317,49,1
flush,hit,2043,259,555,814,0,1
flush,miss,2044,2342,9620,11962,48,1
flush,hit,2044,258,553,811,0,1
flush,miss,2045,2541,10486,13027,53,1
flush,hit,2045,254,536,790,0,1
flush,miss,2046,2339,11666,14005,60,1
flush,hit,2046,324,724,1048,0,1
flush,miss,2047,2556,47701,50257,266,1
flush,hit,2047,260,2206,2466,0,1
flush,miss,2048,2230,11880,14110,61,1
flush,hit,2048,258,576,834,0,1
flush,miss,2049,2434,11456,13890,58,1
flush,hit,2049,257,551,808,0,1
flush,miss,2050,2295,10847,13142,55,1
flush,hit,2050,261,559,820,0,1
flush,miss,2051,2545,12188,14733,63,1
flush,hit,2051,255,564,819,0,1
flush,miss,2052,2154,11692,13846,60,1
flush,hit,2052,261,558,819,0,1
flush,miss,2053,2435,11274,13709,57,1
flush,hit,2053,264,553,817,0,1
flush,miss,2054,2324,11349,13673,58,1
flush,hit,2054,259,547,806,0,1
flush,miss,2055,2476,11390,13866,58,1
flush,hit,2055,263,546,809,0,1
flush,miss,2056,2301,11151,13452,57,1
flush,hit,2056,260,552,812,0,1
flush,miss,2057,2635,12158,14793,62,1
flush,hit,2057,283,629,912,0,1
flush,miss,2058,2152,11283,13435,58,1
flush,hit,2058,259,541,800,0,1
flush,miss,2059,2507,11396,13903,58,1
flush,hit,2059,258,540,798,0,1
flush,miss,2060,2376,11523,13899,59,1
flush,hit,2060,267,528,795,0,1
flush,miss,2061,2524,9860,12384,49,1
flush,hit,2061,258,540,798,0,1
flush,miss,2062,2268,9824,12092,49,1
flush,hit,2062,267,534,801,0,1
flush,miss,2063,2331,11337,13668,58,1
flush,hit,2063,256,543,799,0,1
flush,miss,2064,2320,50181,52501,286,1
flush,hit,2064,260,522,782,0,1
flush,miss,2065,2474,11538,14012,59,1
flush,hit,2065,265,537,802,0,1
flush,miss,2066,2284,11199,13483,57,1
flush,hit,2066,257,526,783,0,1
flush,miss,2067,2547,10585,13132,53,1
flush,hit,2067,260,543,803,0,1
flush,miss,2068,2286,13127,15413,68,1
flush,hit,2068,257,526,783,0,1
flush,miss,2069,2514,52198,54712,298,1
flush,hit,2069,259,538,797,0,1
flush,miss,2070,2218,11166,13384,57,1
flush,hit,2070,265,544,809,0,1
flush,miss,2071,2512,11210,13722,57,1
flush,hit,2071,263,539,802,0,1
flush,miss,2072,2301,13855,16156,49,1
flush,hit,2072,266,560,826,0,1
flush,miss,2073,2516,12339,14855,63,1
flush,hit,2073,265,573,838,0,1
flush,miss,2074,2199,11894,14093,61,1
flush,hit,2074,257,566,823,0,1
flush,miss,2075,2545,10775,13320,54,1
flush,hit,2075,263,583,846,0,1
flush,miss,2076,2387,11240,13627,57,1
flush,hit,2076,265,548,813,0,1
flush,miss,2077,2448,11373,13821,58,1
flush,hit,2077,259,555,814,0,1
flush,miss,2078,2346,10965,13311,56,1
flush,hit,2078,257,547,804,0,1
flush,miss,2079,2343,11962,14305,61,1
flush,hit,2079,258,562,820,0,1
flush,miss,2080,2166,11178,13344,57,1
flush,hit,2080,261,563,824,0,1
flush,miss,2081,2504,10996,13500,55,1
flush,hit,2081,255,555,810,0,1
flush,miss,2082,2398,11520,13918,59,1
flush,hit,2082,258,554,812,0,1
flush,miss,2083,2531,10946,13477,55,1
flush,hit,2083,258,558,816,0,1
flush,miss,2084,2373,10947,13320,55,1
flush,hit,2084,259,553,812,0,1
flush,miss,2085,2294,12010,14304,35,1
flush,hit,2085,254,558,812,0,1
flush,miss,2086,2540,10490,13030,53,1
flush,hit,2086,274,536,810,0,1
flush,miss,2087,2461,11042,13503,56,1
flush,hit,2087,266,537,803,0,1
flush,miss,2088,2264,11210,13474,57,1
flush,hit,2088,266,534,800,0,1
flush,miss,2089,2537,10735,13272,54,1
flush,hit,2089,267,537,804,0,1
flush,miss,2090,2400,11980,14380,62,1
flush,hit,2090,260,534,794,0,1
flush,miss,2091,2482,10460,12942,52,1
flush,hit,2091,274,534,808,0,1
flush,miss,2092,2366,10246,12612,52,1
flush,hit,2092,256,534,790,0,1
flush,miss,2093,2552,11293,13845,57,1
flush,hit,2093,264,536,800,0,1
flush,miss,2094,2341,10914,13255,55,1
flush,hit,2094,270,549,819,0,1
flush,miss,2095,2534,11586,14120,59,1
flush,hit,2095,265,545,810,0,1
flush,miss,2096,2166,11880,14046,61,1
flush,hit,2096,267,540,807,0,1
flush,miss,2097,2522,10254,12776,51,1
flush,hit,2097,260,546,806,0,1
flush,miss,2098,2351,9599,11950,48,1
flush,hit,2098,258,536,794,0,1
flush,miss,2099,2528,10872,13400,55,1
flush,hit,2099,255,547,802,0,1
flush,miss,2100,2353,10857,13210,55,1
flush,hit,2100,268,534,802,0,1
flush,miss,2101,2349,11809,14158,60,1
flush,hit,2101,261,546,807,0,1
flush,miss,2102,2149,10472,12621,53,1
flush,hit,2102,270,545,815,0,1
flush,miss,2103,2523,10571,13094,53,1
flush,hit,2103,256,555,811,0,1
flush,miss,2104,2361,11343,13704,58,1
flush,hit,2104,261,4869,5130,0,1
flush,miss,2105,2573,11609,14182,59,1
flush,hit,2105,310,709,1019,0,1
flush,miss,2106,2305,10823,13128,55,1
flush,hit,2106,267,550,817,0,1
flush,miss,2107,2344,11258,13602,56,1
flush,hit,2107,267,562,829,0,1
flush,miss,2108,2325,11580,13905,59,1
flush,hit,2108,266,550,816,0,1
flush,miss,2109,2518,11632,14150,59,1
flush,hit,2109,270,559,829,0,1
flush,miss,2110,2353,11169,13522,57,1
flush,hit,2110,269,547,816,0,1
flush,miss,2111,2537,10887,13424,55,1
flush,hit,2111,270,562,832,0,1
flush,miss,2112,2348,13116,15464,68,1
flush,hit,2112,260,557,817,0,1
flush,miss,2113,2506,11092,13598,56,1
flush,hit,2113,256,564,820,0,1
flush,miss,2114,2260,11107,13367,57,1
flush,hit,2114,269,554,823,0,1
flush,miss,2115,2505,11278,13783,57,1
flush,hit,2115,257,563,820,0,1
flush,miss,2116,2316,11104,13420,57,1
flush,hit,2116,259,555,814,0,1
flush,miss,2117,2460,12988,15448,67,1
flush,hit,2117,257,555,812,0,1
flush,miss,2118,2216,12126,14342,40,1
flush,hit,2118,267,556,823,0,1
flush,miss,2119,2486,10884,13370,55,1
flush,hit,2119,254,547,801,0,1
flush,miss,2120,2344,10867,13211,55,1
flush,hit,2120,265,540,805,0,1
flush,miss,2121,2444,11270,13714,57,1
flush,hit,2121,265,546,811,0,1
flush,miss,2122,2322,10879,13201,55,1
flush,hit,2122,263,533,796,0,1
flush,miss,2123,2354,11737,14091,60,1
flush,hit,2123,259,539,798,0,1
flush,miss,2124,2157,10171,12328,51,1
flush,hit,2124,257,546,803,0,1
flush,miss,2125,2498,10856,13354,55,1
flush,hit,2125,261,548,809,0,1
flush,miss,2126,2363,10891,13254,55,1
flush,hit,2126,265,541,806,0,1
flush,miss,2127,2464,10873,13337,55,1
flush,hit,2127,254,544,798,0,1
flush,miss,2128,2349,10709,13058,54,1
flush,hit,2128,260,534,794,0,1
flush,miss,2129,2315,11029,13344,56,1
flush,hit,2129,259,543,802,0,1
flush,miss,2130,2363,10781,13144,54,1
flush,hit,2130,260,536,796,0,1
flush,miss,2131,2508,10889,13397,55,1
flush,hit,2131,261,548,809,0,1
flush,miss,2132,2378,11029,13407,56,1
flush,hit,2132,263,538,801,0,1
flush,miss,2133,2461,10888,13349,55,1
flush,hit,2133,256,545,801,0,1
flush,miss,2134,2343,11980,14323,62,1
flush,hit,2134,264,541,805,0,1
flush,miss,2135,2504,11180,13684,57,1
flush,hit,2135,257,542,799,0,1
flush,miss,2136,2324,10128,12452,51,1
flush,hit,2136,348,670,1018,0,1
flush,miss,2137,2541,11947,14488,61,1
flush,hit,2137,271,569,840,0,1
flush,miss,2138,2367,11371,13738,58,1
flush,hit,2138,259,552,811,0,1
flush,miss,2139,2494,13393,15887,70,1
flush,hit,2139,263,568,831,0,1
flush,miss,2140,2156,12357,14513,64,1
flush,hit,2140,259,557,816,0,1
flush,miss,2141,2495,11739,14234,60,1
flush,hit,2141,265,571,836,0,1
flush,miss,2142,2325,10996,13321,56,1
flush,hit,2142,262,553,815,0,1
flush,miss,2143,2495,10955,13450,55,1
flush,hit,2143,263,574,837,0,1
flush,miss,2144,2327,11257,13584,57,1
flush,hit,2144,259,558,817,0,1
flush,miss,2145,2343,12411,14754,64,1
flush,hit,2145,260,567,827,0,1
flush,miss,2146,2109,10060,12169,50,1
flush,hit,2146,258,558,816,0,1
flush,miss,2147,2485,11040,13525,56,1
flush,hit,2147,264,565,829,0,1
flush,miss,2148,2272,11142,13414,57,1
flush,hit,2148,260,556,816,0,1
flush,miss,2149,2514,10863,13377,55,1
flush,hit,2149,262,559,821,0,1
flush,miss,2150,2301,12777,15078,32,1
flush,hit,2150,282,1445,1727,0,1
flush,miss,2151,2369,11492,13861,58,1
flush,hit,2151,265,561,826,0,1
flush,miss,2152,2275,11333,13608,58,1
flush,hit,2152,262,538,800,0,1
flush,miss,2153,2516,11218,13734,57,1
flush,hit,2153,266,541,807,0,1
flush,miss,2154,2340,11042,13382,56,1
flush,hit,2154,263,540,803,0,1
flush,miss,2155,2511,11109,13620,56,1
flush,hit,2155,256,538,794,0,1
flush,miss,2156,2317,12841,15158,67,1
flush,hit,2156,259,546,805,0,1
flush,miss,2157,2551,10700,13251,54,1
flush,hit,2157,257,545,802,0,1
flush,miss,2158,2322,10333,12655,52,1
flush,hit,2158,252,544,796,0,1
flush,miss,2159,2510,11111,13621,56,1
flush,hit,2159,263,561,824,0,1
flush,miss,2160,2334,10830,13164,55,1
flush,hit,2160,259,536,795,0,1
flush,miss,2161,2487,12075,14562,62,1
flush,hit,2161,256,543,799,0,1
flush,miss,2162,2128,11955,14083,62,1
flush,hit,2162,255,533,788,0,1
flush,miss,2163,2482,10498,12980,53,1
flush,hit,2163,254,544,798,0,1
flush,miss,2164,2387,10334,12721,52,1
flush,hit,2164,255,536,791,0,1
flush,miss,2165,2492,10843,13335,55,1
flush,hit,2165,253,539,792,0,1
flush,miss,2166,2321,10863,13184,55,1
flush,hit,2166,255,529,784,0,1
flush,miss,2167,2328,11721,14049,60,1
flush,hit,2167,252,554,806,0,1
flush,miss,2168,2148,10344,12492,52,1
flush,hit,2168,265,546,811,0,1
flush,miss,2169,2933,11079,14012,56,1
flush,hit,2169,336,753,1089,0,1
flush,miss,2170,2368,11379,13747,58,1
flush,hit,2170,255,573,828,0,1
flush,miss,2171,2452,11603,14055,59,1
flush,hit,2171,252,573,825,0,1
flush,miss,2172,2260,10875,13135,55,1
flush,hit,2172,265,570,835,0,1
flush,miss,2173,2326,10250,12576,51,1
flush,hit,2173,252,568,820,0,1
flush,miss,2174,2309,11327,13636,58,1
flush,hit,2174,257,574,831,0,1
flush,miss,2175,2482,11140,13622,57,1
flush,hit,2175,253,577,830,0,1
flush,miss,2176,2411,11331,13742,58,1
flush,hit,2176,262,569,831,0,1
flush,miss,2177,2498,10947,13445,55,1
flush,hit,2177,252,569,821,0,1
flush,miss,2178,2328,13388,15716,70,1
flush,hit,2178,259,562,821,0,1
flush,miss,2179,2530,11005,13535,56,1
flush,hit,2179,252,587,839,0,1
flush,miss,2180,2287,11043,13330,56,1
flush,hit,2180,262,556,818,0,1
flush,miss,2181,2424,10918,13342,55,1
flush,hit,2181,259,565,824,0,1
flush,miss,2182,2275,11278,13553,58,1
flush,hit,2182,286,650,936,0,1
flush,miss,2183,2505,13116,15621,68,1
flush,hit,2183,265,564,829,0,1
flush,miss,2184,2182,12034,14216,62,1
flush,hit,2184,259,536,795,0,1
flush,miss,2185,2476,9709,12185,48,1
flush,hit,2185,253,545,798,0,1
flush,miss,2186,2312,10278,12590,52,1
flush,hit,2186,256,541,797,0,1
flush,miss,2187,2501,11399,13900,58,1
flush,hit,2187,252,553,805,0,1
flush,miss,2188,2307,10921,13228,55,1
flush,hit,2188,258,546,804,0,1
flush,miss,2189,2272,12000,14272,62,1
flush,hit,2189,250,546,796,0,1
flush,miss,2190,2109,10362,12471,52,1
flush,hit,2190,257,549,806,0,1
flush,miss,2191,2472,11068,13540,56,1
flush,hit,2191,251,540,791,0,1
flush,miss,2192,2295,10898,13193,55,1
flush,hit,2192,256,548,804,0,1
flush,miss,2193,2467,10898,13365,55,1
flush,hit,2193,253,543,796,0,1
flush,miss,2194,2300,10707,13007,54,1
flush,hit,2194,258,538,796,0,1
flush,miss,2195,2320,11094,13414,56,1
flush,hit,2195,254,551,805,0,1
flush,miss,2196,2315,10547,12862,53,1
flush,hit,2196,254,540,794,0,1
flush,miss,2197,2477,10402,12879,52,1
flush,hit,2197,252,547,799,0,1
flush,miss,2198,2306,11040,13346,56,1
flush,hit,2198,257,540,797,0,1
flush,miss,2199,2493,10881,13374,55,1
flush,hit,2199,250,554,804,0,1
flush,miss,2200,2308,13041,15349,68,1
flush,hit,2200,259,545,804,0,1
flush,miss,2201,2485,15942,18427,62,1
flush,hit,2201,252,550,802,0,1
flush,miss,2202,2609,11215,13824,57,1
flush,hit,2202,265,554,819,0,1
flush,miss,2203,2499,11300,13799,57,1
flush,hit,2203,252,562,814,0,1
flush,miss,2204,2283,11037,13320,56,1
flush,hit,2204,263,555,818,0,1
flush,miss,2205,2532,13687,16219,71,1
flush,hit,2205,255,560,815,0,1
flush,miss,2206,2127,12739,14866,66,1
flush,hit,2206,256,558,814,0,1
flush,miss,2207,2491,11259,13750,57,1
flush,hit,2207,254,568,822,0,1
flush,miss,2208,2336,10794,13130,55,1
flush,hit,2208,255,551,806,0,1
flush,miss,2209,2499,11144,13643,56,1
flush,hit,2209,254,555,809,0,1
flush,miss,2210,2335,10981,13316,56,1
flush,hit,2210,257,553,810,0,1
flush,miss,2211,2319,12452,14771,64,1
flush,hit,2211,254,565,819,0,1
flush,miss,2212,2165,10207,12372,51,1
flush,hit,2212,255,565,820,0,1
flush,miss,2213,2513,11037,13550,56,1
flush,hit,2213,255,568,823,0,1
flush,miss,2214,2304,11460,13764,59,1
flush,hit,2214,262,557,819,0,1
flush,miss,2215,2733,11257,13990,57,1
flush,hit,2215,288,714,1002,0,1
flush,miss,2216,2299,10847,13146,55,1
flush,hit,2216,256,569,825,0,1
flush,miss,2217,2365,10705,13070,54,1
flush,hit,2217,259,548,807,0,1
flush,miss,2218,2323,9954,12277,50,1
flush,hit,2218,254,543,797,0,1
flush,miss,2219,2468,10540,13008,53,1
flush,hit,2219,258,547,805,0,1
flush,miss,2220,2335,11065,13400,56,1
flush,hit,2220,258,532,790,0,1
flush,miss,2221,2476,10817,13293,55,1
flush,hit,2221,254,532,786,0,1
flush,miss,2222,2350,12921,15271,67,1
flush,hit,2222,254,526,780,0,1
flush,miss,2223,2473,10679,13152,54,1
flush,hit,2223,256,542,798,0,1
flush,miss,2224,2307,10514,12821,53,1
flush,hit,2224,254,536,790,0,1
flush,miss,2225,2517,10840,13357,55,1
flush,hit,2225,252,541,793,0,1
flush,miss,2226,2304,11182,13486,57,1
flush,hit,2226,258,534,792,0,1
flush,miss,2227,2476,11730,14206,60,1
flush,hit,2227,260,543,803,0,1
flush,miss,2228,2138,12053,14191,62,1
flush,hit,2228,264,533,797,0,1
flush,miss,2229,2487,10892,13379,55,1
flush,hit,2229,250,542,792,0,1
flush,miss,2230,2305,10939,13244,56,1
flush,hit,2230,258,544,802,0,1
flush,miss,2231,2467,11282,13749,57,1
flush,hit,2231,253,551,804,0,1
flush,miss,2232,2243,10843,13086,55,1
flush,hit,2232,268,536,804,0,1
flush,miss,2233,2303,11886,14189,61,1
flush,hit,2233,261,544,805,0,1
flush,miss,2234,5927,12495,18422,59,1
flush,hit,2234,267,587,854,0,1
flush,miss,2235,2454,11049,13503,56,1
flush,hit,2235,263,571,834,0,1
flush,miss,2236,2331,11677,14008,60,1
flush,hit,2236,259,556,815,0,1
flush,miss,2237,2503,11255,13758,57,1
flush,hit,2237,260,571,831,0,1
flush,miss,2238,2290,10836,13126,55,1
flush,hit,2238,261,554,815,0,1
flush,miss,2239,2335,10206,12541,51,1
flush,hit,2239,262,567,829,0,1
flush,miss,2240,2311,11015,13326,56,1
flush,hit,2240,260,552,812,0,1
flush,miss,2241,2421,11447,13868,58,1
flush,hit,2241,254,553,807,0,1
flush,miss,2242,2302,11141,13443,57,1
flush,hit,2242,261,558,819,0,1
flush,miss,2243,2485,10743,13228,54,1
flush,hit,2243,260,559,819,0,1
flush,miss,2244,2300,13214,15514,69,1
flush,hit,2244,260,547,807,0,1
flush,miss,2245,2505,9856,12361,49,1
flush,hit,2245,261,561,822,0,1
flush,miss,2246,2328,10174,12502,51,1
flush,hit,2246,257,557,814,0,1
flush,miss,2247,2845,11131,13976,56,1
flush,hit,2247,259,562,821,0,1
flush,miss,2248,2326,11129,13455,56,1
flush,hit,2248,265,530,795,0,1
flush,miss,2249,2514,13073,15587,68,1
flush,hit,2249,260,536,796,0,1
flush,miss,2250,2154,12528,14682,65,1
flush,hit,2250,262,533,795,0,1
flush,miss,2251,2488,9649,12137,48,1
flush,hit,2251,261,548,809,0,1
flush,miss,2252,2311,10307,12618,43,1
flush,hit,2252,257,1432,1689,0,1
flush,miss,2253,2478,10931,13409,55,1
flush,hit,2253,262,546,808,0,1
flush,miss,2254,2266,10740,13006,54,1
flush,hit,2254,265,534,799,0,1
flush,miss,2255,2325,11880,14205,61,1
flush,hit,2255,260,548,808,0,1
flush,miss,2256,2206,10278,12484,52,1
flush,hit,2256,265,536,801,0,1
flush,miss,2257,2505,11780,14285,60,1
flush,hit,2257,250,548,798,0,1
flush,miss,2258,2370,11372,13742,58,1
flush,hit,2258,253,533,786,0,1
flush,miss,2259,2477,10784,13261,54,1
flush,hit,2259,255,551,806,0,1
flush,miss,2260,2319,10782,13101,55,1
flush,hit,2260,261,536,797,0,1
flush,miss,2261,2335,10316,12651,52,1
flush,hit,2261,252,550,802,0,1
flush,miss,2262,2374,10158,12532,51,1
flush,hit,2262,258,549,807,0,1
flush,miss,2263,2496,10903,13399,55,1
flush,hit,2263,251,565,816,0,1
flush,miss,2264,2365,11971,14336,33,1
flush,hit,2264,282,621,903,0,1
flush,miss,2265,2520,10884,13404,55,1
flush,hit,2265,261,558,819,0,1
flush,miss,2266,2340,14995,17335,50,1
flush,hit,2266,273,583,856,0,1
flush,miss,2267,2541,11903,14444,61,1
flush,hit,2267,258,575,833,0,1
flush,miss,2268,2323,11063,13386,56,1
flush,hit,2268,257,544,801,0,1
flush,miss,2269,2509,10888,13397,55,1
flush,hit,2269,258,557,815,0,1
flush,miss,2270,2343,11332,13675,58,1
flush,hit,2270,258,547,805,0,1
flush,miss,2271,2537,13250,15787,69,1
flush,hit,2271,261,567,828,0,1
flush,miss,2272,2164,11965,14129,62,1
flush,hit,2272,260,546,806,0,1
flush,miss,2273,2497,10391,12888,52,1
flush,hit,2273,257,548,805,0,1
flush,miss,2274,2339,10682,13021,54,1
flush,hit,2274,259,549,808,0,1
flush,miss,2275,2547,11272,13819,57,1
flush,hit,2275,258,556,814,0,1
flush,miss,2276,2314,11208,13522,57,1
flush,hit,2276,258,549,807,0,1
flush,miss,2277,2375,11896,14271,61,1
flush,hit,2277,259,566,825,0,1
flush,miss,2278,2174,11329,13503,58,1
flush,hit,2278,266,568,834,0,1
flush,miss,2279,2512,11305,13817,34,1
flush,hit,2279,265,560,825,0,1
flush,miss,2280,2449,11166,13615,57,1
flush,hit,2280,264,533,797,0,1
flush,miss,2281,2545,10726,13271,54,1
flush,hit,2281,263,535,798,0,1
flush,miss,2282,2319,10687,13006,54,1
flush,hit,2282,264,523,787,0,1
flush,miss,2283,2449,10526,12975,53,1
flush,hit,2283,267,543,810,0,1
flush,miss,2284,2343,20717,23060,113,1
flush,hit,2284,255,529,784,0,1
flush,miss,2285,2504,10898,13402,55,1
flush,hit,2285,251,533,784,0,1
flush,miss,2286,2317,11056,13373,56,1
flush,hit,2286,252,527,779,0,1
flush,miss,2287,2522,10878,13400,55,1
flush,hit,2287,252,535,787,0,1
flush,miss,2288,2330,13262,15592,69,1
flush,hit,2288,262,530,792,0,1
flush,miss,2289,2566,10580,13146,53,1
flush,hit,2289,259,537,796,0,1
flush,miss,2290,2335,10506,12841,53,1
flush,hit,2290,250,540,790,0,1
flush,miss,2291,2509,10907,13416,55,1
flush,hit,2291,257,539,796,0,1
flush,miss,2292,2333,11069,13402,56,1
flush,hit,2292,250,529,779,0,1
flush,miss,2293,2524,11839,14363,61,1
flush,hit,2293,262,552,814,0,1
flush,miss,2294,2174,12039,14213,62,1
flush,hit,2294,258,528,786,0,1
flush,miss,2295,4049,10907,14956,55,1
flush,hit,2295,251,540,791,0,1
flush,miss,2296,2396,11276,13672,57,1
flush,hit,2296,260,531,791,0,1
flush,miss,2297,2526,14038,16564,56,1
flush,hit,2297,250,537,787,0,1
flush,miss,2298,2418,11488,13906,59,1
flush,hit,2298,263,567,830,0,1
flush,miss,2299,2382,13103,15485,68,1
flush,hit,2299,256,550,806,0,1
flush,miss,2300,2186,10193,12379,51,1
flush,hit,2300,257,548,805,0,1
flush,miss,2301,2529,11212,13741,57,1
flush,hit,2301,257,561,818,0,1
flush,miss,2302,2328,11352,13680,58,1
flush,hit,2302,258,562,820,0,1
flush,miss,2303,2498,11198,13696,57,1
flush,hit,2303,257,554,811,0,1
flush,miss,2304,2278,10829,13107,55,1
flush,hit,2304,258,543,801,0,1
flush,miss,2305,2368,10236,12604,51,1
flush,hit,2305,259,564,823,0,1
flush,miss,2306,2357,10343,12700,52,1
flush,hit,2306,262,542,804,0,1
flush,miss,2307,2513,11250,13763,57,1
flush,hit,2307,259,552,811,0,1
flush,miss,2308,2329,11196,13525,57,1
flush,hit,2308,257,540,797,0,1
flush,miss,2309,2521,11014,13535,56,1
flush,hit,2309,258,564,822,0,1
flush,miss,2310,2334,13015,15349,68,1
flush,hit,2310,254,552,806,0,1
flush,miss,2311,2714,10494,13208,53,1
flush,hit,2311,273,646,919,0,1
flush,miss,2312,2309,11049,13358,56,1
flush,hit,2312,252,531,783,0,1
flush,miss,2313,2507,10858,13365,55,1
flush,hit,2313,251,547,798,0,1
flush,miss,2314,2330,10819,13149,55,1
flush,hit,2314,255,537,792,0,1
flush,miss,2315,2563,12058,14621,62,1
flush,hit,2315,250,550,800,0,1
flush,miss,2316,2155,11866,14021,61,1
flush,hit,2316,250,547,797,0,1
flush,miss,2317,2495,11011,13506,56,1
flush,hit,2317,258,540,798,0,1
flush,miss,2318,2314,11116,13430,57,1
flush,hit,2318,263,540,803,0,1
flush,miss,2319,2549,11078,13627,56,1
flush,hit,2319,253,538,791,0,1
flush,miss,2320,2328,10879,13207,55,1
flush,hit,2320,252,541,793,0,1
flush,miss,2321,2345,11876,14221,61,1
flush,hit,2321,251,542,793,0,1
flush,miss,2322,2160,10185,12345,51,1
flush,hit,2322,253,531,784,0,1
flush,miss,2323,2486,11236,13722,57,1
flush,hit,2323,259,558,817,0,1
flush,miss,2324,2313,11425,13738,58,1
flush,hit,2324,254,546,800,0,1
flush,miss,2325,2494,10883,13377,55,1
flush,hit,2325,251,534,785,0,1
flush,miss,2326,2353,10828,13181,55,1
flush,hit,2326,253,551,804,0,1
flush,miss,2327,2354,10361,12715,52,1
flush,hit,2327,248,547,795,0,1
flush,miss,2328,2339,10373,12712,52,1
flush,hit,2328,253,547,800,0,1
flush,miss,2329,2534,11230,13764,57,1
flush,hit,2329,250,531,781,0,1
flush,miss,2330,2312,15948,18260,70,1
flush,hit,2330,266,550,816,0,1
flush,miss,2331,2529,10901,13430,55,1
flush,hit,2331,267,557,824,0,1
flush,miss,2332,2366,13615,15981,71,1
flush,hit,2332,257,552,809,0,1
flush,miss,2333,2443,10190,12633,52,1
flush,hit,2333,254,541,795,0,1
flush,miss,2334,2224,10762,12986,56,1
flush,hit,2334,245,540,785,0,1
flush,miss,2335,2485,10653,13138,55,1
flush,hit,2335,262,559,821,0,1
flush,miss,2336,2321,10833,13154,56,1
flush,hit,2336,246,546,792,0,1
flush,miss,2337,2433,12787,15220,68,1
flush,hit,2337,244,554,798,0,1
flush,miss,2338,2101,12090,14191,64,1
flush,hit,2338,239,544,783,0,1
flush,miss,2339,2474,9752,12226,50,1
flush,hit,2339,246,545,791,0,1
flush,miss,2340,2301,10401,12702,54,1
flush,hit,2340,249,545,794,0,1
flush,miss,2341,2451,10668,13119,55,1
flush,hit,2341,246,553,799,0,1
flush,miss,2342,2296,10625,12921,55,1
flush,hit,2342,261,542,803,0,1
flush,miss,2343,2269,12523,14792,33,1
flush,hit,2343,246,552,798,0,1
flush,miss,2344,2300,10786,13086,56,1
flush,hit,2344,267,526,793,0,1
flush,miss,2345,2489,10831,13320,56,1
flush,hit,2345,247,523,770,0,1
flush,miss,2346,2280,11223,13503,59,1
flush,hit,2346,251,537,788,0,1
flush,miss,2347,2489,10591,13080,55,1
flush,hit,2347,247,534,781,0,1
flush,miss,2348,2323,10806,13129,56,1
flush,hit,2348,243,523,766,0,1
flush,miss,2349,2308,10252,12560,53,1
flush,hit,2349,246,527,773,0,1
flush,miss,2350,2307,10434,12741,54,1
flush,hit,2350,246,525,771,0,1
flush,miss,2351,2383,10336,12719,53,1
flush,hit,2351,247,528,775,0,1
flush,miss,2352,2276,9444,11720,48,1
flush,hit,2352,245,524,769,0,1
flush,miss,2353,2458,9973,12431,51,1
flush,hit,2353,246,529,775,0,1
flush,miss,2354,2278,11446,13724,60,1
flush,hit,2354,247,549,796,0,1
flush,miss,2355,2440,11133,13573,58,1
flush,hit,2355,246,558,804,0,1
flush,miss,2356,2293,10732,13025,56,1
flush,hit,2356,255,517,772,0,1
flush,miss,2357,2435,10782,13217,56,1
flush,hit,2357,246,542,788,0,1
flush,miss,2358,2269,10734,13003,56,1
flush,hit,2358,247,532,779,0,1
flush,miss,2359,2484,11495,13979,60,1
flush,hit,2359,248,552,800,0,1
flush,miss,2360,2141,11783,13924,62,1
flush,hit,2360,251,524,775,0,1
flush,miss,2361,2411,10776,13187,56,1
flush,hit,2361,244,523,767,0,1
flush,miss,2362,2306,10936,13242,57,1
flush,hit,2362,247,519,766,0,1
flush,miss,2363,2626,11336,13962,59,1
flush,hit,2363,258,600,858,0,1
flush,miss,2364,2289,11005,13294,57,1
flush,hit,2364,257,543,800,0,1
flush,miss,2365,2261,12123,14384,64,1
flush,hit,2365,255,559,814,0,1
flush,miss,2366,2115,9935,12050,51,1
flush,hit,2366,257,535,792,0,1
flush,miss,2367,6836,10788,17624,55,1
flush,hit,2367,250,563,813,0,1
flush,miss,2368,2318,11527,13845,59,1
flush,hit,2368,263,539,802,0,1
flush,miss,2369,2456,11163,13619,57,1
flush,hit,2369,259,546,805,0,1
flush,miss,2370,2329,10673,13002,54,1
flush,hit,2370,252,556,808,0,1
flush,miss,2371,2343,10110,12453,51,1
flush,hit,2371,269,572,841,0,1
flush,miss,2372,2327,9834,12161,49,1
flush,hit,2372,251,550,801,0,1
flush,miss,2373,2502,11297,13799,58,1
flush,hit,2373,254,565,819,0,1
flush,miss,2374,2313,10802,13115,55,1
flush,hit,2374,267,564,831,0,1
flush,miss,2375,2490,10705,13195,54,1
flush,hit,2375,254,557,811,0,1
flush,miss,2376,2365,12994,15359,68,1
flush,hit,2376,262,640,902,0,1
flush,miss,2377,2505,10979,13484,56,1
flush,hit,2377,259,557,816,0,1
flush,miss,2378,2335,10997,13332,56,1
flush,hit,2378,264,542,806,0,1
flush,miss,2379,2447,10763,13210,55,1
flush,hit,2379,260,552,812,0,1
flush,miss,2380,2323,10957,13280,56,1
flush,hit,2380,261,551,812,0,1
flush,miss,2381,2513,13014,15527,68,1
flush,hit,2381,258,548,806,0,1
flush,miss,2382,2129,11995,14124,62,1
flush,hit,2382,250,532,782,0,1
flush,miss,2383,2508,11068,13576,56,1
flush,hit,2383,251,546,797,0,1
flush,miss,2384,2303,11384,13687,58,1
flush,hit,2384,257,531,788,0,1
flush,miss,2385,2460,11015,13475,56,1
flush,hit,2385,261,536,797,0,1
flush,miss,2386,2335,10800,13135,55,1
flush,hit,2386,257,535,792,0,1
flush,miss,2387,2351,11907,14258,61,1
flush,hit,2387,258,538,796,0,1
flush,miss,2388,2154,10110,12264,51,1
flush,hit,2388,262,544,806,0,1
flush,miss,2389,2475,11221,13696,57,1
flush,hit,2389,251,538,789,0,1
flush,miss,2390,2359,10962,13321,56,1
flush,hit,2390,252,550,802,0,1
flush,miss,2391,2492,10825,13317,55,1
flush,hit,2391,251,550,801,0,1
flush,miss,2392,2339,10783,13122,55,1
flush,hit,2392,253,538,791,0,1
flush,miss,2393,2329,10931,13260,56,1
flush,hit,2393,254,543,797,0,1
flush,miss,2394,2344,10689,13033,54,1
flush,hit,2394,250,530,780,0,1
flush,miss,2395,2515,12513,15028,48,1
flush,hit,2395,252,544,796,0,1
flush,miss,2396,2375,11855,14230,61,1
flush,hit,2396,253,578,831,0,1
flush,miss,2397,2527,10767,13294,55,1
flush,hit,2397,252,560,812,0,1
flush,miss,2398,2299,13652,15951,71,1
flush,hit,2398,249,551,800,0,1
flush,miss,2399,2455,11383,13838,58,1
flush,hit,2399,253,555,808,0,1
flush,miss,2400,2326,11516,13842,59,1
flush,hit,2400,257,541,798,0,1
flush,miss,2401,2508,10788,13296,55,1
flush,hit,2401,259,550,809,0,1
flush,miss,2402,2303,10970,13273,56,1
flush,hit,2402,258,540,798,0,1
flush,miss,2403,2529,13221,15750,69,1
flush,hit,2403,258,587,845,0,1
flush,miss,2404,2152,12172,14324,63,1
flush,hit,2404,252,564,816,0,1
flush,miss,2405,2498,11019,13517,56,1
flush,hit,2405,251,561,812,0,1
flush,miss,2406,2318,10953,13271,56,1
flush,hit,2406,250,535,785,0,1
flush,miss,2407,2496,10904,13400,55,1
flush,hit,2407,251,549,800,0,1
flush,miss,2408,2329,10848,13177,55,1
flush,hit,2408,258,561,819,0,1
flush,miss,2409,2493,12897,15390,67,1
flush,hit,2409,280,627,907,0,1
flush,miss,2410,2167,10928,13095,56,1
flush,hit,2410,257,551,808,0,1
flush,miss,2411,2509,11226,13735,57,1
flush,hit,2411,261,550,811,0,1
flush,miss,2412,2328,10981,13309,56,1
flush,hit,2412,258,528,786,0,1
flush,miss,2413,2543,10850,13393,55,1
flush,hit,2413,253,541,794,0,1
flush,miss,2414,2310,10942,13252,56,1
flush,hit,2414,257,554,811,0,1
flush,miss,2415,2339,10419,12758,52,1
flush,hit,2415,258,548,806,0,1
flush,miss,2416,2344,10471,12815,53,1
flush,hit,2416,249,531,780,0,1
flush,miss,2417,2445,11020,13465,56,1
flush,hit,2417,250,536,786,0,1
flush,miss,2418,2356,11031,13387,56,1
flush,hit,2418,252,527,779,0,1
flush,miss,2419,2480,10960,13440,55,1
flush,hit,2419,250,534,784,0,1
flush,miss,2420,2328,11837,14165,61,1
flush,hit,2420,255,530,785,0,1
flush,miss,2421,2463,10998,13461,56,1
flush,hit,2421,252,541,793,0,1
flush,miss,2422,2332,10396,12728,52,1
flush,hit,2422,251,528,779,0,1
flush,miss,2423,2483,11141,13624,56,1
flush,hit,2423,253,556,809,0,1
flush,miss,2424,2309,11221,13530,57,1
flush,hit,2424,252,527,779,0,1
flush,miss,2425,2490,11893,14383,61,1
flush,hit,2425,255,540,795,0,1
flush,miss,2426,2155,12057,14212,62,1
flush,hit,2426,257,525,782,0,1
flush,miss,2427,2522,11000,13522,56,1
flush,hit,2427,250,534,784,0,1
flush,miss,2428,2289,15394,17683,65,1
flush,hit,2428,259,571,830,0,1
flush,miss,2429,2495,11069,13564,56,1
flush,hit,2429,253,562,815,0,1
flush,miss,2430,2340,10994,13334,56,1
flush,hit,2430,259,542,801,0,1
flush,miss,2431,2351,12403,14754,64,1
flush,hit,2431,262,570,832,0,1
flush,miss,2432,2178,10004,12182,50,1
flush,hit,2432,262,567,829,0,1
flush,miss,2433,2485,21035,23520,115,1
flush,hit,2433,259,575,834,0,1
flush,miss,2434,3883,11490,15373,59,1
flush,hit,2434,258,569,827,0,1
flush,miss,2435,2478,10790,13268,55,1
flush,hit,2435,255,566,821,0,1
flush,miss,2436,2345,10849,13194,55,1
flush,hit,2436,253,558,811,0,1
flush,miss,2437,2282,9969,12251,50,1
flush,hit,2437,253,559,812,0,1
flush,miss,2438,2284,10160,12444,51,1
flush,hit,2438,251,540,791,0,1
flush,miss,2439,2500,11367,13867,58,1
flush,hit,2439,259,553,812,0,1
flush,miss,2440,2323,10977,13300,56,1
flush,hit,2440,252,541,793,0,1
flush,miss,2441,2622,10867,13489,55,1
flush,hit,2441,267,624,891,0,1
flush,miss,2442,2331,12976,15307,68,1
flush,hit,2442,260,534,794,0,1
flush,miss,2443,2468,10211,12679,51,1
flush,hit,2443,259,545,804,0,1
flush,miss,2444,2351,10268,12619,52,1
flush,hit,2444,258,539,797,0,1
flush,miss,2445,2475,10835,13310,55,1
flush,hit,2445,261,550,811,0,1
flush,miss,2446,2292,10993,13285,56,1
flush,hit,2446,259,533,792,0,1
flush,miss,2447,2464,12665,15129,66,1
flush,hit,2447,260,537,797,0,1
flush,miss,2448,2155,11791,13946,61,1
flush,hit,2448,259,543,802,0,1
flush,miss,2449,2527,10360,12887,52,1
flush,hit,2449,257,546,803,0,1
flush,miss,2450,2319,10413,12732,53,1
flush,hit,2450,259,543,802,0,1
flush,miss,2451,2463,10868,13331,55,1
flush,hit,2451,258,542,800,0,1
flush,miss,2452,2320,10775,13095,55,1
flush,hit,2452,254,533,787,0,1
flush,miss,2453,2339,11820,14159,61,1
flush,hit,2453,253,534,787,0,1
flush,miss,2454,2181,11019,13200,56,1
flush,hit,2454,256,538,794,0,1
flush,miss,2455,2529,11185,13714,57,1
flush,hit,2455,253,547,800,0,1
flush,miss,2456,2359,11288,13647,58,1
flush,hit,2456,256,532,788,0,1
flush,miss,2457,2568,10922,13490,49,1
flush,hit,2457,254,1674,1928,0,1
flush,miss,2458,2373,10790,13163,55,1
flush,hit,2458,246,545,791,0,1
flush,miss,2459,2326,10842,13168,55,1
flush,hit,2459,254,544,798,0,1
flush,miss,2460,2347,13787,16134,56,1
flush,hit,2460,269,633,902,0,1
flush,miss,2461,2608,15282,17890,75,1
flush,hit,2461,246,776,1022,0,1
flush,miss,2462,2391,15913,18304,85,1
flush,hit,2462,250,928,1178,0,1
flush,miss,2463,2689,16374,19063,84,1
flush,hit,2463,246,971,1217,0,1
flush,miss,2464,2546,16117,18663,86,1
flush,hit,2464,249,545,794,0,1
flush,miss,2465,2529,18278,20807,99,1
flush,hit,2465,249,551,800,0,1
flush,miss,2466,2384,11624,14008,59,1
flush,hit,2466,249,1004,1253,0,1
flush,miss,2467,2514,13216,15730,67,1
flush,hit,2467,247,558,805,0,1
flush,miss,2468,2353,12480,14833,60,1
flush,hit,2468,252,1017,1269,0,1
flush,miss,2469,2602,16647,19249,89,1
flush,hit,2469,247,556,803,0,1
flush,miss,2470,2258,12912,15170,67,1
flush,hit,2470,254,554,808,0,1
flush,miss,2471,3015,13753,16768,72,1
flush,hit,2471,269,1000,1269,0,1
flush,miss,2472,2468,13162,15630,68,1
flush,hit,2472,250,542,792,0,1
flush,miss,2473,3439,12725,16164,66,1
flush,hit,2473,247,547,794,0,1
flush,miss,2474,2464,11579,14043,60,1
flush,hit,2474,245,740,985,0,1
flush,miss,2475,2523,14706,17229,75,1
flush,hit,2475,246,537,783,0,1
flush,miss,2476,3267,12470,15737,65,1
flush,hit,2476,255,751,1006,0,1
flush,miss,2477,2510,13870,16380,72,1
flush,hit,2477,249,934,1183,0,1
flush,miss,2478,2784,12996,15780,68,1
flush,hit,2478,247,532,779,0,1
flush,miss,2479,2573,15820,18393,71,1
flush,hit,2479,255,538,793,0,1
flush,miss,2480,2708,58735,61443,337,1
flush,hit,2480,253,533,786,0,1
flush,miss,2481,2405,13885,16290,67,1
flush,hit,2481,256,543,799,0,1
flush,miss,2482,2336,17067,19403,92,1
flush,hit,2482,257,672,929,0,1
flush,miss,2483,3258,11709,14967,60,1
flush,hit,2483,251,869,1120,0,1
flush,miss,2484,2371,10951,13322,56,1
flush,hit,2484,247,528,775,0,1
flush,miss,2485,2495,12510,15005,64,1
flush,hit,2485,247,542,789,0,1
flush,miss,2486,2545,20278,22823,91,1
flush,hit,2486,254,557,811,0,1
flush,miss,2487,2593,13319,15912,69,1
flush,hit,2487,254,577,831,0,1
flush,miss,2488,2447,12537,14984,65,1
flush,hit,2488,248,754,1002,0,1
flush,miss,2489,2550,12141,14691,61,1
flush,hit,2489,250,557,807,0,1
flush,miss,2490,2272,12010,14282,62,1
flush,hit,2490,250,541,791,0,1
flush,miss,2491,2616,15111,17727,78,1
flush,hit,2491,254,768,1022,0,1
flush,miss,2492,2192,13917,16109,73,1
flush,hit,2492,250,543,793,0,1
flush,miss,2493,2762,11822,14584,61,1
flush,hit,2493,256,567,823,0,1
flush,miss,2494,2442,12695,15137,63,1
flush,hit,2494,251,835,1086,0,1
flush,miss,2495,2485,11424,13909,58,1
flush,hit,2495,248,552,800,0,1
flush,miss,2496,2316,11023,13339,56,1
flush,hit,2496,254,548,802,0,1
flush,miss,2497,2332,13023,15355,68,1
flush,hit,2497,248,558,806,0,1
flush,miss,2498,2194,10958,13152,56,1
flush,hit,2498,308,668,976,0,1
flush,miss,2499,2465,11424,13889,58,1
flush,hit,2499,265,562,827,0,1
flush,miss,2500,2344,11838,14182,61,1
flush,hit,2500,254,548,802,0,1
flush,miss,2501,3303,12256,15559,63,1
flush,hit,2501,246,539,785,0,1
flush,miss,2502,2412,11151,13563,57,1
flush,hit,2502,248,532,780,0,1
flush,miss,2503,2682,11358,14040,58,1
flush,hit,2503,245,538,783,0,1
flush,miss,2504,2392,11822,14214,61,1
flush,hit,2504,246,544,790,0,1
flush,miss,2505,2660,11465,14125,58,1
flush,hit,2505,246,867,1113,0,1
flush,miss,2506,2363,11193,13556,58,1
flush,hit,2506,246,524,770,0,1
flush,miss,2507,2799,11871,14670,61,1
flush,hit,2507,308,550,858,0,1
flush,miss,2508,2476,14006,16482,74,1
flush,hit,2508,244,531,775,0,1
flush,miss,2509,2503,11523,14026,59,1
flush,hit,2509,251,537,788,0,1
flush,miss,2510,2435,11633,14068,59,1
flush,hit,2510,245,538,783,0,1
flush,miss,2511,2483,11734,14217,60,1
flush,hit,2511,247,534,781,0,1
flush,miss,2512,2393,12206,14599,63,1
flush,hit,2512,247,545,792,0,1
flush,miss,2513,2474,13642,16116,70,1
flush,hit,2513,253,545,798,0,1
flush,miss,2514,2173,12528,14701,65,1
flush,hit,2514,248,528,776,0,1
flush,miss,2515,2811,14337,17148,76,1
flush,hit,2515,247,561,808,0,1
flush,miss,2516,2877,12741,15618,66,1
flush,hit,2516,258,543,801,0,1
flush,miss,2517,2499,11163,13662,57,1
flush,hit,2517,260,570,830,0,1
flush,miss,2518,2353,11367,13720,58,1
flush,hit,2518,254,539,793,0,1
flush,miss,2519,2364,12344,14708,64,1
flush,hit,2519,257,558,815,0,1
flush,miss,2520,2174,9869,12043,49,1
flush,hit,2520,250,551,801,0,1
flush,miss,2521,2479,11465,13944,59,1
flush,hit,2521,251,551,802,0,1
flush,miss,2522,2381,11258,13639,58,1
flush,hit,2522,252,548,800,0,1
flush,miss,2523,2520,11197,13717,57,1
flush,hit,2523,253,554,807,0,1
flush,miss,2524,2326,10846,13172,55,1
flush,hit,2524,256,530,786,0,1
flush,miss,2525,2329,10159,12488,51,1
flush,hit,2525,252,553,805,0,1
flush,miss,2526,2406,10320,12726,52,1
flush,hit,2526,255,539,794,0,1
flush,miss,2527,2516,11052,13568,56,1
flush,hit,2527,254,541,795,0,1
flush,miss,2528,2391,10881,13272,55,1
flush,hit,2528,261,548,809,0,1
flush,miss,2529,2701,10889,13590,55,1
flush,hit,2529,285,672,957,0,1
flush,miss,2530,2290,13325,15615,70,1
flush,hit,2530,257,557,814,0,1
flush,miss,2531,2501,10328,12829,52,1
flush,hit,2531,253,550,803,0,1
flush,miss,2532,2426,9827,12253,49,1
flush,hit,2532,254,548,802,0,1
flush,miss,2533,2452,10819,13271,55,1
flush,hit,2533,249,539,788,0,1
flush,miss,2534,2328,10862,13190,55,1
flush,hit,2534,251,543,794,0,1
flush,miss,2535,2518,13059,15577,68,1
flush,hit,2535,252,548,800,0,1
flush,miss,2536,2205,11944,14149,62,1
flush,hit,2536,249,537,786,0,1
flush,miss,2537,2935,10340,13275,52,1
flush,hit,2537,246,548,794,0,1
flush,miss,2538,2362,11365,13727,58,1
flush,hit,2538,249,533,782,0,1
flush,miss,2539,2501,11184,13685,57,1
flush,hit,2539,248,550,798,0,1
flush,miss,2540,2362,10863,13225,55,1
flush,hit,2540,250,531,781,0,1
flush,miss,2541,2351,12008,14359,62,1
flush,hit,2541,249,537,786,0,1
flush,miss,2542,2219,11016,13235,56,1
flush,hit,2542,249,545,794,0,1
flush,miss,2543,2518,11509,14027,59,1
flush,hit,2543,254,541,795,0,1
flush,miss,2544,2372,11026,13398,56,1
flush,hit,2544,254,541,795,0,1
flush,miss,2545,2500,10798,13298,55,1
flush,hit,2545,246,540,786,0,1
flush,miss,2546,2328,10662,12990,54,1
flush,hit,2546,246,529,775,0,1
flush,miss,2547,2327,10985,13312,56,1
flush,hit,2547,253,537,790,0,1
flush,miss,2548,2355,13562,15917,55,1
flush,hit,2548,266,562,828,0,1
flush,miss,2549,2520,11491,14011,59,1
flush,hit,2549,246,578,824,0,1
flush,miss,2550,2333,11144,13477,57,1
flush,hit,2550,251,541,792,0,1
flush,miss,2551,2537,10819,13356,55,1
flush,hit,2551,256,561,817,0,1
flush,miss,2552,2347,13342,15689,70,1
flush,hit,2552,249,542,791,0,1
flush,miss,2553,2477,13509,15986,70,1
flush,hit,2553,250,551,801,0,1
flush,miss,2554,2225,10997,13222,56,1
flush,hit,2554,250,537,787,0,1
flush,miss,2555,2528,10975,13503,56,1
flush,hit,2555,247,548,795,0,1
flush,miss,2556,2315,10854,13169,55,1
flush,hit,2556,259,562,821,0,1
flush,miss,2557,2492,13532,16024,71,1
flush,hit,2557,255,548,803,0,1
flush,miss,2558,2221,12312,14533,64,1
flush,hit,2558,249,549,798,0,1
flush,miss,2559,2399,11057,13456,49,1
flush,hit,2559,255,1935,2190,0,1
flush,miss,2560,2351,11015,13366,56,1
flush,hit,2560,252,557,809,0,1
flush,miss,2561,2656,11548,14204,59,1
flush,hit,2561,262,604,866,0,1
flush,miss,2562,2395,10875,13270,55,1
flush,hit,2562,253,987,1240,0,1
flush,miss,2563,2393,12898,15291,67,1
flush,hit,2563,264,639,903,0,1
flush,miss,2564,2190,10619,12809,54,1
flush,hit,2564,244,549,793,0,1
flush,miss,2565,2733,12534,15267,65,1
flush,hit,2565,259,672,931,0,1
flush,miss,2566,2416,13224,15640,69,1
flush,hit,2566,254,527,781,0,1
flush,miss,2567,2622,10345,12967,52,1
flush,hit,2567,250,557,807,0,1
flush,miss,2568,2436,10015,12451,50,1
flush,hit,2568,253,531,784,0,1
flush,miss,2569,2523,11246,13769,57,1
flush,hit,2569,246,545,791,0,1
flush,miss,2570,2404,12151,14555,63,1
flush,hit,2570,249,531,780,0,1
flush,miss,2571,2529,11624,14153,59,1
flush,hit,2571,247,539,786,0,1
flush,miss,2572,2364,11351,13715,58,1
flush,hit,2572,251,537,788,0,1
flush,miss,2573,2538,11234,13772,57,1
flush,hit,2573,250,539,789,0,1
flush,miss,2574,2362,11170,13532,57,1
flush,hit,2574,253,533,786,0,1
flush,miss,2575,2486,12067,14553,62,1
flush,hit,2575,251,530,781,0,1
flush,miss,2576,2374,11159,13533,57,1
flush,hit,2576,250,528,778,0,1
flush,miss,2577,2471,11051,13522,56,1
flush,hit,2577,249,538,787,0,1
flush,miss,2578,2380,11675,14055,60,1
flush,hit,2578,279,616,895,0,1
flush,miss,2579,2571,12021,14592,62,1
flush,hit,2579,268,574,842,0,1
flush,miss,2580,2385,11171,13556,57,1
flush,hit,2580,262,553,815,0,1
flush,miss,2581,2499,11913,14412,61,1
flush,hit,2581,258,561,819,0,1
flush,miss,2582,2386,11719,14105,60,1
flush,hit,2582,263,547,810,0,1
flush,miss,2583,2598,11696,14294,60,1
flush,hit,2583,255,587,842,0,1
flush,miss,2584,2400,11316,13716,58,1
flush,hit,2584,258,554,812,0,1
flush,miss,2585,2494,11148,13642,56,1
flush,hit,2585,253,567,820,0,1
flush,miss,2586,2391,11355,13746,58,1
flush,hit,2586,260,551,811,0,1
flush,miss,2587,2526,11358,13884,58,1
flush,hit,2587,256,557,813,0,1
flush,miss,2588,2409,11408,13817,58,1
flush,hit,2588,260,557,817,0,1
flush,miss,2589,2511,11224,13735,57,1
flush,hit,2589,254,586,840,0,1
flush,miss,2590,2357,10866,13223,55,1
flush,hit,2590,250,547,797,0,1
flush,miss,2591,2523,11364,13887,58,1
flush,hit,2591,255,562,817,0,1
flush,miss,2592,5703,7779,13482,36,1
flush,hit,2592,261,545,806,0,1
flush,miss,2593,2494,11326,13820,58,1
flush,hit,2593,257,545,802,0,1
flush,miss,2594,2395,11210,13605,57,1
flush,hit,2594,251,534,785,0,1
flush,miss,2595,2529,11037,13566,56,1
flush,hit,2595,254,554,808,0,1
flush,miss,2596,2386,11349,13735,58,1
flush,hit,2596,251,544,795,0,1
flush,miss,2597,2489,11193,13682,57,1
flush,hit,2597,259,557,816,0,1
flush,miss,2598,2374,11014,13388,56,1
flush,hit,2598,253,544,797,0,1
flush,miss,2599,2511,11254,13765,57,1
flush,hit,2599,251,533,784,0,1
flush,miss,2600,2355,11062,13417,56,1
flush,hit,2600,250,550,800,0,1
flush,miss,2601,2513,10975,13488,56,1
flush,hit,2601,250,532,782,0,1
flush,miss,2602,2393,11889,14282,61,1
flush,hit,2602,260,524,784,0,1
flush,miss,2603,2389,10990,13379,56,1
flush,hit,2603,252,543,795,0,1
flush,miss,2604,2382,10312,12694,52,1
flush,hit,2604,251,540,791,0,1
flush,miss,2605,2499,11188,13687,57,1
flush,hit,2605,262,547,809,0,1
flush,miss,2606,2369,10790,13159,55,1
flush,hit,2606,251,533,784,0,1
flush,miss,2607,2509,11030,13539,56,1
flush,hit,2607,251,540,791,0,1
flush,miss,2608,2368,10944,13312,56,1
flush,hit,2608,250,526,776,0,1
flush,miss,2609,2533,11715,14248,60,1
flush,hit,2609,251,544,795,0,1
flush,miss,2610,2383,11688,14071,60,1
flush,hit,2610,274,607,881,0,1
flush,miss,2611,2548,11066,13614,56,1
flush,hit,2611,259,563,822,0,1
flush,miss,2612,2332,11311,13643,58,1
flush,hit,2612,257,560,817,0,1
flush,miss,2613,2587,11595,14182,59,1
flush,hit,2613,243,561,804,0,1
flush,miss,2614,2357,11755,14112,61,1
flush,hit,2614,253,547,800,0,1
flush,miss,2615,2547,11841,14388,61,1
flush,hit,2615,258,570,828,0,1
flush,miss,2616,2389,11520,13909,59,1
flush,hit,2616,255,555,810,0,1
flush,miss,2617,2517,11156,13673,57,1
flush,hit,2617,257,565,822,0,1
flush,miss,2618,2421,11315,13736,58,1
flush,hit,2618,252,566,818,0,1
flush,miss,2619,2514,11725,14239,60,1
flush,hit,2619,244,572,816,0,1
flush,miss,2620,2472,11209,13681,57,1
flush,hit,2620,245,568,813,0,1
flush,miss,2621,2576,11287,13863,57,1
flush,hit,2621,245,560,805,0,1
flush,miss,2622,2381,11157,13538,57,1
flush,hit,2622,245,549,794,0,1
flush,miss,2623,2552,11568,14120,59,1
flush,hit,2623,245,556,801,0,1
flush,miss,2624,2403,11300,13703,30,1
flush,hit,2624,258,533,791,0,1
flush,miss,2625,2533,11426,13959,58,1
flush,hit,2625,238,555,793,0,1
flush,miss,2626,2405,11381,13786,58,1
flush,hit,2626,248,535,783,0,1
flush,miss,2627,2519,11002,13521,56,1
flush,hit,2627,248,544,792,0,1
flush,miss,2628,2406,10995,13401,56,1
flush,hit,2628,241,541,782,0,1
flush,miss,2629,2505,11026,13531,56,1
flush,hit,2629,245,544,789,0,1
flush,miss,2630,2360,11030,13390,56,1
flush,hit,2630,248,526,774,0,1
flush,miss,2631,2491,11514,14005,59,1
flush,hit,2631,239,536,775,0,1
flush,miss,2632,2378,11542,13920,59,1
flush,hit,2632,238,534,772,0,1
flush,miss,2633,2494,10976,13470,56,1
flush,hit,2633,238,535,773,0,1
flush,miss,2634,2377,10989,13366,56,1
flush,hit,2634,238,546,784,0,1
flush,miss,2635,2515,11026,13541,56,1
flush,hit,2635,242,549,791,0,1
flush,miss,2636,2396,11685,14081,60,1
flush,hit,2636,254,532,786,0,1
flush,miss,2637,4137,11229,15366,57,1
flush,hit,2637,239,535,774,0,1
flush,miss,2638,2372,11068,13440,57,1
flush,hit,2638,242,525,767,0,1
flush,miss,2639,2508,11037,13545,56,1
flush,hit,2639,247,539,786,0,1
flush,miss,2640,2375,11045,13420,56,1
flush,hit,2640,250,536,786,0,1
flush,miss,2641,2481,11538,14019,59,1
flush,hit,2641,239,543,782,0,1
flush,miss,2642,2370,11163,13533,57,1
flush,hit,2642,275,615,890,0,1
flush,miss,2643,2519,11567,14086,59,1
flush,hit,2643,250,583,833,0,1
flush,miss,2644,2370,11370,13740,58,1
flush,hit,2644,254,559,813,0,1
flush,miss,2645,2543,11548,14091,59,1
flush,hit,2645,257,560,817,0,1
flush,miss,2646,2376,11133,13509,57,1
flush,hit,2646,256,550,806,0,1
flush,miss,2647,2570,11434,14004,58,1
flush,hit,2647,258,572,830,0,1
flush,miss,2648,2333,11707,14040,60,1
flush,hit,2648,255,549,804,0,1
flush,miss,2649,2535,11009,13544,56,1
flush,hit,2649,257,562,819,0,1
flush,miss,2650,2407,11156,13563,57,1
flush,hit,2650,250,556,806,0,1
flush,miss,2651,2508,11360,13868,58,1
flush,hit,2651,257,565,822,0,1
flush,miss,2652,2354,11564,13918,59,1
flush,hit,2652,255,572,827,0,1
flush,miss,2653,2487,11563,14050,59,1
flush,hit,2653,255,574,829,0,1
flush,miss,2654,2402,10999,13401,56,1
flush,hit,2654,259,565,824,0,1
flush,miss,2655,2501,15220,17721,56,1
flush,hit,2655,258,563,821,0,1
flush,miss,2656,2500,10931,13431,55,1
flush,hit,2656,240,537,777,0,1
flush,miss,2657,2504,11282,13786,58,1
flush,hit,2657,251,545,796,0,1
flush,miss,2658,2359,11483,13842,59,1
flush,hit,2658,252,548,800,0,1
flush,miss,2659,2527,11178,13705,57,1
flush,hit,2659,252,544,796,0,1
flush,miss,2660,2344,11016,13360,56,1
flush,hit,2660,260,539,799,0,1
flush,miss,2661,2508,10982,13490,56,1
flush,hit,2661,240,544,784,0,1
flush,miss,2662,2404,11603,14007,53,1
flush,hit,2662,249,1399,1648,0,1
flush,miss,2663,2627,11565,14192,59,1
flush,hit,2663,250,556,806,0,1
flush,miss,2664,2396,11165,13561,57,1
flush,hit,2664,253,546,799,0,1
flush,miss,2665,2572,11167,13739,57,1
flush,hit,2665,241,560,801,0,1
flush,miss,2666,2399,10831,13230,55,1
flush,hit,2666,248,551,799,0,1
flush,miss,2667,2521,11033,13554,56,1
flush,hit,2667,258,549,807,0,1
flush,miss,2668,2393,11033,13426,56,1
flush,hit,2668,259,552,811,0,1
flush,miss,2669,2510,11051,13561,56,1
flush,hit,2669,255,551,806,0,1
flush,miss,2670,2383,11125,13508,57,1
flush,hit,2670,258,559,817,0,1
flush,miss,2671,2504,11088,13592,56,1
flush,hit,2671,248,548,796,0,1
flush,miss,2672,2339,11053,13392,56,1
flush,hit,2672,259,545,804,0,1
flush,miss,2673,2562,11095,13657,56,1
flush,hit,2673,258,547,805,0,1
flush,miss,2674,2385,10803,13188,55,1
flush,hit,2674,267,633,900,0,1
flush,miss,2675,2494,11573,14067,59,1
flush,hit,2675,262,569,831,0,1
flush,miss,2676,2421,11503,13924,59,1
flush,hit,2676,252,571,823,0,1
flush,miss,2677,2518,11417,13935,58,1
flush,hit,2677,263,570,833,0,1
flush,miss,2678,2368,10963,13331,56,1
flush,hit,2678,257,599,856,0,1
flush,miss,2679,2556,11376,13932,58,1
flush,hit,2679,262,590,852,0,1
flush,miss,2680,2397,11563,13960,59,1
flush,hit,2680,260,580,840,0,1
flush,miss,2681,2526,11284,13810,58,1
flush,hit,2681,266,565,831,0,1
flush,miss,2682,2399,11036,13435,56,1
flush,hit,2682,252,568,820,0,1
flush,miss,2683,2520,10994,13514,56,1
flush,hit,2683,256,567,823,0,1
flush,miss,2684,2386,11340,13726,58,1
flush,hit,2684,263,571,834,0,1
flush,miss,2685,2491,11522,14013,59,1
flush,hit,2685,262,573,835,0,1
flush,miss,2686,2421,11015,13436,56,1
flush,hit,2686,257,564,821,0,1
flush,miss,2687,2534,11149,13683,57,1
flush,hit,2687,245,561,806,0,1
flush,miss,2688,2396,11318,13714,32,1
flush,hit,2688,250,553,803,0,1
flush,miss,2689,2508,11480,13988,59,1
flush,hit,2689,272,548,820,0,1
flush,miss,2690,2409,11181,13590,57,1
flush,hit,2690,254,534,788,0,1
flush,miss,2691,2512,11005,13517,56,1
flush,hit,2691,252,543,795,0,1
flush,miss,2692,2363,11526,13889,59,1
flush,hit,2692,250,529,779,0,1
flush,miss,2693,2543,10983,13526,56,1
flush,hit,2693,255,548,803,0,1
flush,miss,2694,2355,11031,13386,56,1
flush,hit,2694,249,555,804,0,1
flush,miss,2695,2538,11078,13616,56,1
flush,hit,2695,239,538,777,0,1
flush,miss,2696,2348,10854,13202,55,1
flush,hit,2696,246,538,784,0,1
flush,miss,2697,2511,20608,23119,112,1
flush,hit,2697,249,543,792,0,1
flush,miss,2698,4024,11494,15518,59,1
flush,hit,2698,249,535,784,0,1
flush,miss,2699,2536,11081,13617,56,1
flush,hit,2699,241,546,787,0,1
flush,miss,2700,2346,10942,13288,56,1
flush,hit,2700,250,533,783,0,1
flush,miss,2701,2540,11016,13556,56,1
flush,hit,2701,242,547,789,0,1
flush,miss,2702,2377,10952,13329,56,1
flush,hit,2702,241,535,776,0,1
flush,miss,2703,2502,11594,14096,59,1
flush,hit,2703,240,542,782,0,1
flush,miss,2704,2382,10992,13374,56,1
flush,hit,2704,249,546,795,0,1
flush,miss,2705,2549,10900,13449,55,1
flush,hit,2705,240,545,785,0,1
flush,miss,2706,2367,10955,13322,56,1
flush,hit,2706,274,625,899,0,1
flush,miss,2707,2516,11710,14226,60,1
flush,hit,2707,259,577,836,0,1
flush,miss,2708,2389,11635,14024,60,1
flush,hit,2708,258,556,814,0,1
flush,miss,2709,2513,11229,13742,57,1
flush,hit,2709,262,556,818,0,1
flush,miss,2710,2357,11304,13661,58,1
flush,hit,2710,253,554,807,0,1
flush,miss,2711,2540,11212,13752,57,1
flush,hit,2711,255,584,839,0,1
flush,miss,2712,2411,10888,13299,55,1
flush,hit,2712,254,575,829,0,1
flush,miss,2713,2496,11080,13576,56,1
flush,hit,2713,254,567,821,0,1
flush,miss,2714,2391,10959,13350,56,1
flush,hit,2714,249,547,796,0,1
flush,miss,2715,2463,11018,13481,56,1
flush,hit,2715,257,575,832,0,1
flush,miss,2716,2394,11529,13923,59,1
flush,hit,2716,261,556,817,0,1
flush,miss,2717,2509,11012,13521,56,1
flush,hit,2717,256,553,809,0,1
flush,miss,2718,2396,11166,13562,57,1
flush,hit,2718,253,549,802,0,1
flush,miss,2719,2509,11223,13732,57,1
flush,hit,2719,256,575,831,0,1
flush,miss,2720,2385,11136,13521,33,1
flush,hit,2720,264,538,802,0,1
flush,miss,2721,2497,11051,13548,56,1
flush,hit,2721,264,547,811,0,1
flush,miss,2722,2384,10962,13346,56,1
flush,hit,2722,247,537,784,0,1
flush,miss,2723,2533,11287,13820,58,1
flush,hit,2723,257,546,803,0,1
flush,miss,2724,2389,11500,13889,59,1
flush,hit,2724,250,532,782,0,1
flush,miss,2725,2508,11518,14026,59,1
flush,hit,2725,239,539,778,0,1
flush,miss,2726,2360,11005,13365,56,1
flush,hit,2726,259,535,794,0,1
flush,miss,2727,2577,11023,13600,56,1
flush,hit,2727,240,540,780,0,1
flush,miss,2728,2357,11174,13531,57,1
flush,hit,2728,249,534,783,0,1
flush,miss,2729,2514,11549,14063,59,1
flush,hit,2729,252,540,792,0,1
flush,miss,2730,2419,11203,13622,57,1
flush,hit,2730,250,533,783,0,1
flush,miss,2731,2503,11038,13541,56,1
flush,hit,2731,258,540,798,0,1
flush,miss,2732,2383,11181,13564,57,1
flush,hit,2732,249,533,782,0,1
flush,miss,2733,2483,11030,13513,56,1
flush,hit,2733,251,537,788,0,1
flush,miss,2734,2418,10940,13358,56,1
flush,hit,2734,252,535,787,0,1
flush,miss,2735,2531,11023,13554,56,1
flush,hit,2735,250,535,785,0,1
flush,miss,2736,2361,11016,13377,56,1
flush,hit,2736,262,527,789,0,1
flush,miss,2737,2415,11076,13491,56,1
flush,hit,2737,251,540,791,0,1
flush,miss,2738,2399,10930,13329,56,1
flush,hit,2738,253,532,785,0,1
flush,miss,2739,2734,11969,14703,61,1
flush,hit,2739,255,606,861,0,1
flush,miss,2740,2379,10996,13375,56,1
flush,hit,2740,250,565,815,0,1
flush,miss,2741,2502,11772,14274,60,1
flush,hit,2741,260,552,812,0,1
flush,miss,2742,2399,11501,13900,59,1
flush,hit,2742,252,559,811,0,1
flush,miss,2743,2574,11340,13914,58,1
flush,hit,2743,245,583,828,0,1
flush,miss,2744,2380,11166,13546,57,1
flush,hit,2744,260,552,812,0,1
flush,miss,2745,2523,11386,13909,58,1
flush,hit,2745,255,558,813,0,1
flush,miss,2746,2405,11191,13596,57,1
flush,hit,2746,258,550,808,0,1
flush,miss,2747,2504,11228,13732,57,1
flush,hit,2747,257,559,816,0,1
flush,miss,2748,2362,11073,13435,56,1
flush,hit,2748,260,558,818,0,1
flush,miss,2749,2500,10983,13483,56,1
flush,hit,2749,254,556,810,0,1
flush,miss,2750,2383,11726,14109,60,1
flush,hit,2750,261,551,812,0,1
flush,miss,2751,2503,10979,13482,56,1
flush,hit,2751,255,561,816,0,1
flush,miss,2752,2444,11223,13667,57,1
flush,hit,2752,276,619,895,0,1
flush,miss,2753,2515,11016,13531,56,1
flush,hit,2753,269,571,840,0,1
flush,miss,2754,2376,11293,13669,58,1
flush,hit,2754,251,535,786,0,1
flush,miss,2755,2487,11058,13545,56,1
flush,hit,2755,258,539,797,0,1
flush,miss,2756,2358,10812,13170,55,1
flush,hit,2756,251,533,784,0,1
flush,miss,2757,2518,10912,13430,55,1
flush,hit,2757,256,539,795,0,1
flush,miss,2758,2366,11534,13900,59,1
flush,hit,2758,251,551,802,0,1
flush,miss,2759,2532,11059,13591,56,1
flush,hit,2759,251,537,788,0,1
flush,miss,2760,2388,10973,13361,56,1
flush,hit,2760,254,533,787,0,1
flush,miss,2761,2495,10903,13398,55,1
flush,hit,2761,251,540,791,0,1
flush,miss,2762,2356,10974,13330,56,1
flush,hit,2762,251,539,790,0,1
flush,miss,2763,2501,11615,14116,59,1
flush,hit,2763,250,544,794,0,1
flush,miss,2764,2410,11089,13499,49,1
flush,hit,2764,253,1421,1674,0,1
flush,miss,2765,2549,10883,13432,55,1
flush,hit,2765,253,547,800,0,1
flush,miss,2766,2379,11464,13843,58,1
flush,hit,2766,262,622,884,0,1
flush,miss,2767,2425,11516,13941,57,1
flush,hit,2767,249,679,928,0,1
flush,miss,2768,2493,10993,13486,56,1
flush,hit,2768,258,537,795,0,1
flush,miss,2769,2517,11226,13743,57,1
flush,hit,2769,251,541,792,0,1
flush,miss,2770,2374,11300,13674,57,1
flush,hit,2770,260,740,1000,0,1
flush,miss,2771,2795,11955,14750,56,1
flush,hit,2771,275,622,897,0,1
flush,miss,2772,2362,14684,17046,78,1
flush,hit,2772,254,564,818,0,1
flush,miss,2773,2719,11879,14598,60,1
flush,hit,2773,576,722,1298,0,1
flush,miss,2774,2484,11573,14057,58,1
flush,hit,2774,250,569,819,0,1
flush,miss,2775,2553,11294,13847,57,1
flush,hit,2775,377,565,942,0,1
flush,miss,2776,2446,11634,14080,60,1
flush,hit,2776,257,654,911,0,1
flush,miss,2777,2680,13158,15838,67,1
flush,hit,2777,254,625,879,0,1
flush,miss,2778,2359,12196,14555,63,1
flush,hit,2778,259,577,836,0,1
flush,miss,2779,2565,11692,14257,60,1
flush,hit,2779,261,555,816,0,1
flush,miss,2780,2428,11751,14179,60,1
flush,hit,2780,250,567,817,0,1
flush,miss,2781,2523,11157,13680,57,1
flush,hit,2781,263,568,831,0,1
flush,miss,2782,2378,11335,13713,58,1
flush,hit,2782,249,557,806,0,1
flush,miss,2783,2527,11339,13866,58,1
flush,hit,2783,255,559,814,0,1
flush,miss,2784,2360,11409,13769,33,1
flush,hit,2784,242,570,812,0,1
flush,miss,2785,2544,11437,13981,58,1
flush,hit,2785,259,544,803,0,1
flush,miss,2786,2387,11496,13883,59,1
flush,hit,2786,264,547,811,0,1
flush,miss,2787,2519,10869,13388,55,1
flush,hit,2787,260,549,809,0,1
flush,miss,2788,2382,11072,13454,56,1
flush,hit,2788,259,544,803,0,1
flush,miss,2789,2445,11495,13940,59,1
flush,hit,2789,250,542,792,0,1
flush,miss,2790,2345,11663,14008,60,1
flush,hit,2790,255,548,803,0,1
flush,miss,2791,2497,11382,13879,58,1
flush,hit,2791,250,535,785,0,1
flush,miss,2792,2373,10955,13328,56,1
flush,hit,2792,253,536,789,0,1
flush,miss,2793,2476,11055,13531,56,1
flush,hit,2793,250,538,788,0,1
flush,miss,2794,2355,11009,13364,56,1
flush,hit,2794,251,543,794,0,1
flush,miss,2795,2510,11283,13793,58,1
flush,hit,2795,249,539,788,0,1
flush,miss,2796,2348,11002,13350,56,1
flush,hit,2796,253,537,790,0,1
flush,miss,2797,2508,10841,13349,55,1
flush,hit,2797,253,549,802,0,1
flush,miss,2798,2410,10877,13287,55,1
flush,hit,2798,261,537,798,0,1
flush,miss,2799,2481,10982,13463,56,1
flush,hit,2799,253,544,797,0,1
flush,miss,2800,2370,10887,13257,55,1
flush,hit,2800,249,543,792,0,1
flush,miss,2801,2504,10975,13479,56,1
flush,hit,2801,251,541,792,0,1
flush,miss,2802,2361,11405,13766,58,1
flush,hit,2802,253,534,787,0,1
flush,miss,2803,2658,11217,13875,57,1
flush,hit,2803,248,627,875,0,1
flush,miss,2804,2393,11534,13927,59,1
flush,hit,2804,252,557,809,0,1
flush,miss,2805,2520,11318,13838,58,1
flush,hit,2805,245,565,810,0,1
flush,miss,2806,2416,11369,13785,58,1
flush,hit,2806,250,553,803,0,1
flush,miss,2807,2564,11693,14257,60,1
flush,hit,2807,260,563,823,0,1
flush,miss,2808,2362,11515,13877,59,1
flush,hit,2808,250,555,805,0,1
flush,miss,2809,2521,11536,14057,59,1
flush,hit,2809,257,566,823,0,1
flush,miss,2810,2349,11022,13371,56,1
flush,hit,2810,242,556,798,0,1
flush,miss,2811,2577,11220,13797,57,1
flush,hit,2811,261,584,845,0,1
flush,miss,2812,2398,11273,13671,57,1
flush,hit,2812,245,573,818,0,1
flush,miss,2813,2474,11021,13495,56,1
flush,hit,2813,256,568,824,0,1
flush,miss,2814,2314,11130,13444,57,1
flush,hit,2814,248,556,804,0,1
flush,miss,2815,2525,18997,21522,103,1
flush,hit,2815,257,565,822,0,1
flush,miss,2816,3983,11780,15763,38,1
flush,hit,2816,249,557,806,0,1
flush,miss,2817,2569,11213,13782,57,1
flush,hit,2817,250,549,799,0,1
flush,miss,2818,2411,11183,13594,57,1
flush,hit,2818,266,544,810,0,1
flush,miss,2819,2556,11206,13762,57,1
flush,hit,2819,254,550,804,0,1
flush,miss,2820,2353,11116,13469,57,1
flush,hit,2820,255,548,803,0,1
flush,miss,2821,2763,11423,14186,55,1
flush,hit,2821,285,710,995,0,1
flush,miss,2822,2389,11002,13391,56,1
flush,hit,2822,265,558,823,0,1
flush,miss,2823,2515,11048,13563,56,1
flush,hit,2823,258,541,799,0,1
flush,miss,2824,2364,11039,13403,56,1
flush,hit,2824,256,555,811,0,1
flush,miss,2825,2458,11069,13527,56,1
flush,hit,2825,260,535,795,0,1
flush,miss,2826,2385,10800,13185,55,1
flush,hit,2826,255,552,807,0,1
flush,miss,2827,2506,10896,13402,55,1
flush,hit,2827,251,545,796,0,1
flush,miss,2828,2377,10793,13170,55,1
flush,hit,2828,252,537,789,0,1
flush,miss,2829,2475,11003,13478,56,1
flush,hit,2829,251,547,798,0,1
flush,miss,2830,2360,11289,13649,58,1
flush,hit,2830,251,534,785,0,1
flush,miss,2831,2538,10852,13390,55,1
flush,hit,2831,249,537,786,0,1
flush,miss,2832,2361,10811,13172,55,1
flush,hit,2832,254,542,796,0,1
flush,miss,2833,2509,10826,13335,55,1
flush,hit,2833,250,540,790,0,1
flush,miss,2834,2364,11360,13724,58,1
flush,hit,2834,258,533,791,0,1
flush,miss,2835,3237,14036,17273,65,1
flush,hit,2835,253,751,1004,0,1
flush,miss,2836,3623,14491,18114,61,1
flush,hit,2836,251,653,904,0,1
flush,miss,2837,4241,13779,18020,68,1
flush,hit,2837,1197,1398,2595,0,1
flush,miss,2838,4564,19561,24125,105,1
flush,hit,2838,1475,558,2033,0,1
flush,miss,2839,3236,13973,17209,68,1
flush,hit,2839,248,581,829,0,1
flush,miss,2840,2798,13711,16509,61,1
flush,hit,2840,547,1291,1838,0,1
flush,miss,2841,3103,14337,17440,72,1
flush,hit,2841,256,564,820,0,1
flush,miss,2842,2872,14337,17209,73,1
flush,hit,2842,244,968,1212,0,1
flush,miss,2843,2740,21560,24300,112,1
flush,hit,2843,251,562,813,0,1
flush,miss,2844,3000,17737,20737,94,1
flush,hit,2844,255,565,820,0,1
flush,miss,2845,3041,13230,16271,69,1
flush,hit,2845,258,1214,1472,0,1
flush,miss,2846,2543,13846,16389,71,1
flush,hit,2846,634,548,1182,0,1
flush,miss,2847,2496,13200,15696,67,1
flush,hit,2847,254,543,797,0,1
flush,miss,2848,2883,12422,15305,63,1
flush,hit,2848,352,602,954,0,1
flush,miss,2849,2642,17621,20263,95,1
flush,hit,2849,250,569,819,0,1
flush,miss,2850,2434,11482,13916,59,1
flush,hit,2850,260,531,791,0,1
flush,miss,2851,2720,11609,14329,59,1
flush,hit,2851,251,541,792,0,1
flush,miss,2852,2895,11942,14837,62,1
flush,hit,2852,254,556,810,0,1
flush,miss,2853,2524,12377,14901,64,1
flush,hit,2853,254,754,1008,0,1
flush,miss,2854,2431,11517,13948,59,1
flush,hit,2854,254,604,858,0,1
flush,miss,2855,2378,11878,14256,60,1
flush,hit,2855,252,612,864,0,1
flush,miss,2856,4132,13018,17150,64,1
flush,hit,2856,252,548,800,0,1
flush,miss,2857,4166,11379,15545,58,1
flush,hit,2857,251,547,798,0,1
flush,miss,2858,3145,11048,14193,56,1
flush,hit,2858,259,535,794,0,1
flush,miss,2859,2515,11208,13723,57,1
flush,hit,2859,251,602,853,0,1
flush,miss,2860,2481,13653,16134,68,1
flush,hit,2860,255,608,863,0,1
flush,miss,2861,2552,20101,22653,107,1
flush,hit,2861,265,1019,1284,0,1
flush,miss,2862,2279,11486,13765,58,1
flush,hit,2862,260,681,941,0,1
flush,miss,2863,2651,11278,13929,57,1
flush,hit,2863,250,565,815,0,1
flush,miss,2864,2346,12362,14708,64,1
flush,hit,2864,257,567,824,0,1
flush,miss,2865,2568,12456,15024,64,1
flush,hit,2865,326,570,896,0,1
flush,miss,2866,2395,12915,15310,62,1
flush,hit,2866,477,586,1063,0,1
flush,miss,2867,2489,11463,13952,58,1
flush,hit,2867,250,586,836,0,1
flush,miss,2868,2451,11722,14173,60,1
flush,hit,2868,246,575,821,0,1
flush,miss,2869,3054,11126,14180,54,1
flush,hit,2869,260,562,822,0,1
flush,miss,2870,2404,11752,14156,60,1
flush,hit,2870,251,559,810,0,1
flush,miss,2871,2576,12720,15296,63,1
flush,hit,2871,251,564,815,0,1
flush,miss,2872,3040,15451,18491,81,1
flush,hit,2872,273,639,912,0,1
flush,miss,2873,2593,12258,14851,62,1
flush,hit,2873,259,560,819,0,1
flush,miss,2874,2365,11930,14295,61,1
flush,hit,2874,252,546,798,0,1
flush,miss,2875,2653,12137,14790,60,1
flush,hit,2875,258,547,805,0,1
flush,miss,2876,2427,11020,13447,56,1
flush,hit,2876,259,550,809,0,1
flush,miss,2877,2527,12073,14600,62,1
flush,hit,2877,262,535,797,0,1
flush,miss,2878,2611,17551,20162,94,1
flush,hit,2878,262,546,808,0,1
flush,miss,2879,2624,12552,15176,62,1
flush,hit,2879,250,545,795,0,1
flush,miss,2880,2464,12302,14766,63,1
flush,hit,2880,248,545,793,0,1
flush,miss,2881,2607,13355,15962,69,1
flush,hit,2881,248,547,795,0,1
flush,miss,2882,2717,11765,14482,60,1
flush,hit,2882,263,533,796,0,1
flush,miss,2883,2686,20698,23384,112,1
flush,hit,2883,249,559,808,0,1
flush,miss,2884,2836,12375,15211,64,1
flush,hit,2884,249,534,783,0,1
flush,miss,2885,5963,12094,18057,62,1
flush,hit,2885,251,538,789,0,1
flush,miss,2886,2439,12890,15329,67,1
flush,hit,2886,246,535,781,0,1
flush,miss,2887,3403,12646,16049,65,1
flush,hit,2887,259,544,803,0,1
flush,miss,2888,2390,12652,15042,64,1
flush,hit,2888,1478,976,2454,0,1
flush,miss,2889,4540,13067,17607,59,1
flush,hit,2889,667,1174,1841,0,1
flush,miss,2890,3219,14814,18033,76,1
flush,hit,2890,257,558,815,0,1
flush,miss,2891,3870,16459,20329,80,1
flush,hit,2891,257,971,1228,0,1
flush,miss,2892,3762,12363,16125,64,1
flush,hit,2892,255,990,1245,0,1
flush,miss,2893,4577,12310,16887,62,1
flush,hit,2893,668,575,1243,0,1
flush,miss,2894,2541,15313,17854,71,1
flush,hit,2894,252,639,891,0,1
flush,miss,2895,2559,13312,15871,69,1
flush,hit,2895,256,586,842,0,1
flush,miss,2896,2425,11830,14255,59,1
flush,hit,2896,255,578,833,0,1
flush,miss,2897,2529,11027,13556,56,1
flush,hit,2897,250,569,819,0,1
flush,miss,2898,2320,11215,13535,57,1
flush,hit,2898,266,565,831,0,1
flush,miss,2899,2476,11047,13523,27,1
flush,hit,2899,258,582,840,0,1
flush,miss,2900,2477,16107,18584,85,1
flush,hit,2900,263,636,899,0,1
flush,miss,2901,2497,11517,14014,58,1
flush,hit,2901,252,546,798,0,1
flush,miss,2902,2432,11013,13445,56,1
flush,hit,2902,255,557,812,0,1
flush,miss,2903,2597,11099,13696,56,1
flush,hit,2903,248,612,860,0,1
flush,miss,2904,2291,11562,13853,59,1
flush,hit,2904,258,640,898,0,1
flush,miss,2905,2448,16211,18659,86,1
flush,hit,2905,249,615,864,0,1
flush,miss,2906,2236,11224,13460,57,1
flush,hit,2906,251,563,814,0,1
flush,miss,2907,2531,11094,13625,56,1
flush,hit,2907,249,551,800,0,1
flush,miss,2908,2396,11280,13676,57,1
flush,hit,2908,250,552,802,0,1
flush,miss,2909,2493,11786,14279,60,1
flush,hit,2909,250,552,802,0,1
flush,miss,2910,2347,11041,13388,56,1
flush,hit,2910,249,543,792,0,1
flush,miss,2911,2483,11283,13766,57,1
flush,hit,2911,250,557,807,0,1
flush,miss,2912,2337,11420,13757,58,1
flush,hit,2912,250,569,819,0,1
flush,miss,2913,2493,11033,13526,56,1
flush,hit,2913,324,561,885,0,1
flush,miss,2914,2366,11411,13777,58,1
flush,hit,2914,250,550,800,0,1
flush,miss,2915,2467,11236,13703,57,1
flush,hit,2915,252,563,815,0,1
flush,miss,2916,2322,11085,13407,56,1
flush,hit,2916,251,545,796,0,1
flush,miss,2917,2528,11417,13945,58,1
flush,hit,2917,250,541,791,0,1
flush,miss,2918,8276,13987,22263,71,1
flush,hit,2918,261,598,859,0,1
flush,miss,2919,2546,11100,13646,56,1
flush,hit,2919,257,591,848,0,1
flush,miss,2920,2334,11107,13441,56,1
flush,hit,2920,371,574,945,0,1
flush,miss,2921,2480,10942,13422,55,1
flush,hit,2921,244,576,820,0,1
flush,miss,2922,2353,12112,14465,62,1
flush,hit,2922,239,588,827,0,1
flush,miss,2923,2525,11138,13663,56,1
flush,hit,2923,251,574,825,0,1
flush,miss,2924,2366,11057,13423,56,1
flush,hit,2924,252,565,817,0,1
flush,miss,2925,2527,11040,13567,56,1
flush,hit,2925,256,582,838,0,1
flush,miss,2926,2369,11570,13939,59,1
flush,hit,2926,264,579,843,0,1
flush,miss,2927,2506,11534,14040,59,1
flush,hit,2927,250,575,825,0,1
flush,miss,2928,2346,11167,13513,57,1
flush,hit,2928,254,564,818,0,1
flush,miss,2929,2523,10924,13447,55,1
flush,hit,2929,250,569,819,0,1
flush,miss,2930,2332,11215,13547,57,1
flush,hit,2930,253,569,822,0,1
flush,miss,2931,2705,11276,13981,57,1
flush,hit,2931,294,668,962,0,1
flush,miss,2932,2345,11451,13796,58,1
flush,hit,2932,250,549,799,0,1
flush,miss,2933,2480,11235,13715,57,1
flush,hit,2933,260,561,821,0,1
flush,miss,2934,2345,11308,13653,57,1
flush,hit,2934,258,543,801,0,1
flush,miss,2935,2623,11449,14072,58,1
flush,hit,2935,251,567,818,0,1
flush,miss,2936,2350,11082,13432,56,1
flush,hit,2936,251,550,801,0,1
flush,miss,2937,2591,11316,13907,57,1
flush,hit,2937,257,554,811,0,1
flush,miss,2938,2365,11144,13509,56,1
flush,hit,2938,251,546,797,0,1
flush,miss,2939,2540,11311,13851,57,1
flush,hit,2939,250,547,797,0,1
flush,miss,2940,2389,11225,13614,57,1
flush,hit,2940,264,546,810,0,1
flush,miss,2941,2541,11069,13610,56,1
flush,hit,2941,253,550,803,0,1
flush,miss,2942,2361,11193,13554,57,1
flush,hit,2942,252,542,794,0,1
flush,miss,2943,2509,11168,13677,56,1
flush,hit,2943,250,547,797,0,1
flush,miss,2944,2319,11561,13880,59,1
flush,hit,2944,251,547,798,0,1
flush,miss,2945,2580,11127,13707,56,1
flush,hit,2945,250,560,810,0,1
flush,miss,2946,2371,11231,13602,57,1
flush,hit,2946,251,546,797,0,1
flush,miss,2947,2494,11067,13561,56,1
flush,hit,2947,250,587,837,0,1
flush,miss,2948,2369,11194,13563,57,1
flush,hit,2948,249,551,800,0,1
flush,miss,2949,2536,11414,13950,58,1
flush,hit,2949,252,555,807,0,1
flush,miss,2950,3063,13923,16986,71,1
flush,hit,2950,265,588,853,0,1
flush,miss,2951,2446,11175,13621,56,1
flush,hit,2951,257,578,835,0,1
flush,miss,2952,2322,11585,13907,59,1
flush,hit,2952,260,576,836,0,1
flush,miss,2953,2484,11856,14340,60,1
flush,hit,2953,254,571,825,0,1
flush,miss,2954,2368,11295,13663,58,1
flush,hit,2954,263,575,838,0,1
flush,miss,2955,2505,11475,13980,58,1
flush,hit,2955,256,580,836,0,1
flush,miss,2956,2317,11576,13893,59,1
flush,hit,2956,255,572,827,0,1
flush,miss,2957,2490,12432,14922,64,1
flush,hit,2957,263,573,836,0,1
flush,miss,2958,2272,12381,14653,64,1
flush,hit,2958,255,571,826,0,1
flush,miss,2959,2491,11256,13747,57,1
flush,hit,2959,255,571,826,0,1
flush,miss,2960,2303,14438,16741,76,1
flush,hit,2960,260,575,835,0,1
flush,miss,2961,2506,11586,14092,59,1
flush,hit,2961,251,601,852,0,1
flush,miss,2962,2335,11569,13904,59,1
flush,hit,2962,254,569,823,0,1
flush,miss,2963,2564,11422,13986,58,1
flush,hit,2963,260,611,871,0,1
flush,miss,2964,2338,14272,16610,75,1
flush,hit,2964,249,554,803,0,1
flush,miss,2965,2515,10042,12557,50,1
flush,hit,2965,255,559,814,0,1
flush,miss,2966,2343,10997,13340,56,1
flush,hit,2966,253,588,841,0,1
flush,miss,2967,2533,11436,13969,58,1
flush,hit,2967,258,560,818,0,1
flush,miss,2968,2342,11263,13605,57,1
flush,hit,2968,250,557,807,0,1
flush,miss,2969,2592,10945,13537,50,1
flush,hit,2969,250,2208,2458,0,1
flush,miss,2970,2401,11514,13915,59,1
flush,hit,2970,258,556,814,0,1
flush,miss,2971,2509,11436,13945,58,1
flush,hit,2971,258,556,814,0,1
flush,miss,2972,2356,11217,13573,57,1
flush,hit,2972,261,551,812,0,1
flush,miss,2973,2516,11076,13592,56,1
flush,hit,2973,250,552,802,0,1
flush,miss,2974,2353,12612,14965,65,1
flush,hit,2974,253,549,802,0,1
flush,miss,2975,2508,11090,13598,56,1
flush,hit,2975,251,554,805,0,1
flush,miss,2976,2307,10949,13256,56,1
flush,hit,2976,250,548,798,0,1
flush,miss,2977,2520,11289,13809,57,1
flush,hit,2977,252,556,808,0,1
flush,miss,2978,2267,11560,13827,59,1
flush,hit,2978,262,543,805,0,1
flush,miss,2979,2513,11715,14228,60,1
flush,hit,2979,250,563,813,0,1
flush,miss,2980,2308,11061,13369,56,1
flush,hit,2980,248,542,790,0,1
flush,miss,2981,7077,30498,37575,16,1
flush,hit,2981,389,897,1286,0,1
flush,miss,2982,8133,13387,21520,63,1
flush,hit,2982,406,1151,1557,0,1
flush,miss,2983,2749,12603,15352,63,1
flush,hit,2983,269,707,976,0,1
flush,miss,2984,2425,13394,15819,69,1
flush,hit,2984,257,561,818,0,1
flush,miss,2985,2644,11716,14360,59,1
flush,hit,2985,258,543,801,0,1
flush,miss,2986,2367,11371,13738,58,1
flush,hit,2986,264,560,824,0,1
flush,miss,2987,2551,11719,14270,60,1
flush,hit,2987,274,583,857,0,1
flush,miss,2988,2435,15626,18061,55,1
flush,hit,2988,288,596,884,0,1
flush,miss,2989,2527,11872,14399,60,1
flush,hit,2989,263,569,832,0,1
flush,miss,2990,2344,13769,16113,72,1
flush,hit,2990,253,561,814,0,1
flush,miss,2991,2549,10833,13382,53,1
flush,hit,2991,261,573,834,0,1
flush,miss,2992,2402,10833,13235,54,1
flush,hit,2992,295,636,931,0,1
flush,miss,2993,2579,15120,17699,48,1
flush,hit,2993,265,598,863,0,1
flush,miss,2994,2616,11412,14028,57,1
flush,hit,2994,277,574,851,0,1
flush,miss,2995,2531,11267,13798,57,1
flush,hit,2995,278,568,846,0,1
flush,miss,2996,2370,11447,13817,58,1
flush,hit,2996,267,555,822,0,1
flush,miss,2997,2542,11627,14169,59,1
flush,hit,2997,266,561,827,0,1
flush,miss,2998,2343,11318,13661,57,1
flush,hit,2998,266,573,839,0,1
flush,miss,2999,2996,11423,14419,57,1
flush,hit,2999,325,842,1167,0,1
flush,miss,3000,2415,11680,14095,59,1
flush,hit,3000,268,592,860,0,1
flush,miss,3001,2565,11342,13907,57,1
flush,hit,3001,269,582,851,0,1
flush,miss,3002,2390,14163,16553,74,1
flush,hit,3002,264,562,826,0,1
flush,miss,3003,2538,14442,16980,75,1
flush,hit,3003,277,575,852,0,1
flush,miss,3004,2431,13183,15614,68,1
flush,hit,3004,316,829,1145,0,1
flush,miss,3005,2567,16218,18785,85,1
flush,hit,3005,268,610,878,0,1
flush,miss,3006,2394,14410,16804,75,1
flush,hit,3006,260,558,818,0,1
flush,miss,3007,2520,10812,13332,54,1
flush,hit,3007,260,577,837,0,1
flush,miss,3008,2389,11076,13465,56,1
flush,hit,3008,267,568,835,0,1
flush,miss,3009,2569,11315,13884,57,1
flush,hit,3009,262,560,822,0,1
flush,miss,3010,7249,22816,30065,10,1
flush,hit,3010,336,775,1111,0,1
flush,miss,3011,2636,11817,14453,59,1
flush,hit,3011,265,596,861,0,1
flush,miss,3012,2411,11260,13671,57,1
flush,hit,3012,258,562,820,0,1
flush,miss,3013,2532,11081,13613,56,1
flush,hit,3013,259,595,854,0,1
flush,miss,3014,8998,11159,20157,58,1
flush,hit,3014,256,537,793,0,1
flush,miss,3015,2480,11393,13873,59,1
flush,hit,3015,251,541,792,0,1
flush,miss,3016,2395,10938,13333,57,1
flush,hit,3016,252,536,788,0,1
flush,miss,3017,2480,10861,13341,56,1
flush,hit,3017,254,542,796,0,1
flush,miss,3018,2324,10700,13024,55,1
flush,hit,3018,257,541,798,0,1
flush,miss,3019,2483,11139,13622,58,1
flush,hit,3019,252,532,784,0,1
flush,miss,3020,2345,10858,13203,56,1
flush,hit,3020,257,545,802,0,1
flush,miss,3021,2453,10985,13438,57,1
flush,hit,3021,269,534,803,0,1
flush,miss,3022,2333,10780,13113,56,1
flush,hit,3022,285,631,916,0,1
flush,miss,3023,2548,10899,13447,56,1
flush,hit,3023,253,584,837,0,1
flush,miss,3024,2372,10840,13212,56,1
flush,hit,3024,254,529,783,0,1
flush,miss,3025,2469,10859,13328,56,1
flush,hit,3025,251,531,782,0,1
flush,miss,3026,2357,10656,13013,55,1
flush,hit,3026,250,539,789,0,1
flush,miss,3027,2443,10883,13326,56,1
flush,hit,3027,254,555,809,0,1
flush,miss,3028,2329,11197,13526,58,1
flush,hit,3028,252,538,790,0,1
flush,miss,3029,2456,11009,13465,57,1
flush,hit,3029,255,531,786,0,1
flush,miss,3030,2340,10743,13083,56,1
flush,hit,3030,254,527,781,0,1
flush,miss,3031,2529,10817,13346,56,1
flush,hit,3031,250,543,793,0,1
flush,miss,3032,2330,11486,13816,60,1
flush,hit,3032,253,534,787,0,1
flush,miss,3033,2516,10846,13362,56,1
flush,hit,3033,251,532,783,0,1
flush,miss,3034,2307,10833,13140,56,1
flush,hit,3034,250,548,798,0,1
flush,miss,3035,2509,10698,13207,55,1
flush,hit,3035,250,540,790,0,1
flush,miss,3036,2346,10826,13172,56,1
flush,hit,3036,253,534,787,0,1
flush,miss,3037,2632,12505,15137,66,1
flush,hit,3037,260,531,791,0,1
flush,miss,3038,2322,11135,13457,58,1
flush,hit,3038,251,527,778,0,1
flush,miss,3039,2449,9697,12146,49,1
flush,hit,3039,250,548,798,0,1
flush,miss,3040,2342,10355,12697,53,1
flush,hit,3040,267,549,816,0,1
flush,miss,3041,3034,14798,17832,76,1
flush,hit,3041,262,4848,5110,0,1
flush,miss,3042,2172,13247,15419,69,1
flush,hit,3042,274,566,840,0,1
flush,miss,3043,2489,11098,13587,56,1
flush,hit,3043,262,561,823,0,1
flush,miss,3044,2345,11238,13583,57,1
flush,hit,3044,259,544,803,0,1
flush,miss,3045,2540,10984,13524,56,1
flush,hit,3045,263,550,813,0,1
flush,miss,3046,2355,10882,13237,55,1
flush,hit,3046,257,580,837,0,1
flush,miss,3047,2330,12271,14601,63,1
flush,hit,3047,262,565,827,0,1
flush,miss,3048,2203,10178,12381,51,1
flush,hit,3048,262,552,814,0,1
flush,miss,3049,2523,11116,13639,56,1
flush,hit,3049,250,546,796,0,1
flush,miss,3050,2390,11364,13754,58,1
flush,hit,3050,261,561,822,0,1
flush,miss,3051,2454,10912,13366,55,1
flush,hit,3051,261,563,824,0,1
flush,miss,3052,2342,11024,13366,56,1
flush,hit,3052,261,559,820,0,1
flush,miss,3053,2319,10275,12594,51,1
flush,hit,3053,259,564,823,0,1
flush,miss,3054,2331,11028,13359,56,1
flush,hit,3054,297,704,1001,0,1
flush,miss,3055,2516,11257,13773,57,1
flush,hit,3055,262,556,818,0,1
flush,miss,3056,2343,10970,13313,56,1
flush,hit,3056,255,548,803,0,1
flush,miss,3057,2476,10803,13279,55,1
flush,hit,3057,256,541,797,0,1
flush,miss,3058,2295,12920,15215,67,1
flush,hit,3058,257,533,790,0,1
flush,miss,3059,2502,9515,12017,47,1
flush,hit,3059,254,544,798,0,1
flush,miss,3060,2380,10673,13053,54,1
flush,hit,3060,257,557,814,0,1
flush,miss,3061,2537,11121,13658,56,1
flush,hit,3061,253,532,785,0,1
flush,miss,3062,2273,10855,13128,55,1
flush,hit,3062,259,554,813,0,1
flush,miss,3063,2477,12678,15155,66,1
flush,hit,3063,256,543,799,0,1
flush,miss,3064,2212,11920,14132,61,1
flush,hit,3064,258,548,806,0,1
flush,miss,3065,2471,11238,13709,57,1
flush,hit,3065,256,560,816,0,1
flush,miss,3066,2347,10368,12715,52,1
flush,hit,3066,254,532,786,0,1
flush,miss,3067,2498,10784,13282,54,1
flush,hit,3067,262,545,807,0,1
flush,miss,3068,2317,11239,13556,57,1
flush,hit,3068,257,530,787,0,1
flush,miss,3069,2333,11780,14113,60,1
flush,hit,3069,254,547,801,0,1
flush,miss,3070,2168,10364,12532,52,1
flush,hit,3070,257,531,788,0,1
flush,miss,3071,2562,11568,14130,53,1
flush,hit,3071,263,2146,2409,0,1
flush,miss,3072,2305,11374,13679,58,1
flush,hit,3072,244,550,794,0,1
flush,miss,3073,2496,13299,15795,37,1
flush,hit,3073,256,533,789,0,1
flush,miss,3074,2535,11522,14057,59,1
flush,hit,3074,427,942,1369,0,1
flush,miss,3075,3032,12871,15903,66,1
flush,hit,3075,352,857,1209,0,1
flush,miss,3076,2312,11285,13597,57,1
flush,hit,3076,253,555,808,0,1
flush,miss,3077,2456,11560,14016,59,1
flush,hit,3077,257,571,828,0,1
flush,miss,3078,2341,11114,13455,56,1
flush,hit,3078,254,555,809,0,1
flush,miss,3079,2494,13416,15910,70,1
flush,hit,3079,256,563,819,0,1
flush,miss,3080,2289,13228,15517,69,1
flush,hit,3080,255,559,814,0,1
flush,miss,3081,2356,11641,13997,59,1
flush,hit,3081,259,571,830,0,1
flush,miss,3082,2323,11285,13608,57,1
flush,hit,3082,256,571,827,0,1
flush,miss,3083,2589,9724,12313,48,1
flush,hit,3083,244,569,813,0,1
flush,miss,3084,2347,10308,12655,52,1
flush,hit,3084,245,548,793,0,1
flush,miss,3085,2506,13090,15596,68,1
flush,hit,3085,255,558,813,0,1
flush,miss,3086,2131,12368,14499,64,1
flush,hit,3086,286,753,1039,0,1
flush,miss,3087,2577,11298,13875,57,1
flush,hit,3087,274,585,859,0,1
flush,miss,3088,2306,11166,13472,57,1
flush,hit,3088,260,608,868,0,1
flush,miss,3089,2515,11413,13928,57,1
flush,hit,3089,257,551,808,0,1
flush,miss,3090,2351,10882,13233,55,1
flush,hit,3090,256,547,803,0,1
flush,miss,3091,2336,11926,14262,61,1
flush,hit,3091,257,543,800,0,1
flush,miss,3092,2173,15843,18016,84,1
flush,hit,3092,255,527,782,0,1
flush,miss,3093,2567,11395,13962,58,1
flush,hit,3093,252,541,793,0,1
flush,miss,3094,2342,11419,13761,58,1
flush,hit,3094,256,557,813,0,1
flush,miss,3095,2517,11024,13541,56,1
flush,hit,3095,264,538,802,0,1
flush,miss,3096,2340,10879,13219,55,1
flush,hit,3096,262,535,797,0,1
flush,miss,3097,2359,11779,14138,60,1
flush,hit,3097,254,548,802,0,1
flush,miss,3098,2301,10981,13282,56,1
flush,hit,3098,257,550,807,0,1
flush,miss,3099,2569,11148,13717,56,1
flush,hit,3099,256,557,813,0,1
flush,miss,3100,2335,10887,13222,55,1
flush,hit,3100,267,536,803,0,1
flush,miss,3101,2507,10941,13448,55,1
flush,hit,3101,261,553,814,0,1
flush,miss,3102,2271,12028,14299,62,1
flush,hit,3102,260,538,798,0,1
flush,miss,3103,2496,11391,13887,58,1
flush,hit,3103,264,547,811,0,1
flush,miss,3104,2342,10312,12654,52,1
flush,hit,3104,269,547,816,0,1
flush,miss,3105,2904,11413,14317,57,1
flush,hit,3105,335,739,1074,0,1
flush,miss,3106,2378,10970,13348,55,1
flush,hit,3106,263,571,834,0,1
flush,miss,3107,2538,13458,15996,70,1
flush,hit,3107,254,571,825,0,1
flush,miss,3108,2169,12370,14539,64,1
flush,hit,3108,258,552,810,0,1
flush,miss,3109,2491,10986,13477,55,1
flush,hit,3109,254,556,810,0,1
flush,miss,3110,2339,11178,13517,57,1
flush,hit,3110,258,552,810,0,1
flush,miss,3111,2516,11081,13597,56,1
flush,hit,3111,254,559,813,0,1
flush,miss,3112,2336,11013,13349,56,1
flush,hit,3112,268,560,828,0,1
flush,miss,3113,2331,12237,14568,63,1
flush,hit,3113,261,570,831,0,1
flush,miss,3114,2223,9845,12068,49,1
flush,hit,3114,260,570,830,0,1
flush,miss,3115,2513,10369,12882,52,1
flush,hit,3115,256,564,820,0,1
flush,miss,3116,2356,11214,13570,57,1
flush,hit,3116,248,558,806,0,1
flush,miss,3117,2489,11085,13574,56,1
flush,hit,3117,260,624,884,0,1
flush,miss,3118,2344,11007,13351,55,1
flush,hit,3118,291,674,965,0,1
flush,miss,3119,2420,11067,13487,56,1
flush,hit,3119,255,598,853,0,1
flush,miss,3120,2345,11222,13567,57,1
flush,hit,3120,261,542,803,0,1
flush,miss,3121,2527,11458,13985,58,1
flush,hit,3121,255,555,810,0,1
flush,miss,3122,2378,10905,13283,55,1
flush,hit,3122,260,549,809,0,1
flush,miss,3123,2503,10952,13455,55,1
flush,hit,3123,257,551,808,0,1
flush,miss,3124,2331,12901,15232,67,1
flush,hit,3124,262,534,796,0,1
flush,miss,3125,2483,10518,13001,53,1
flush,hit,3125,258,548,806,0,1
flush,miss,3126,2343,10361,12704,52,1
flush,hit,3126,258,540,798,0,1
flush,miss,3127,2514,10934,13448,55,1
flush,hit,3127,258,568,826,0,1
flush,miss,3128,2331,10860,13191,55,1
flush,hit,3128,257,543,800,0,1
flush,miss,3129,2546,11862,14408,61,1
flush,hit,3129,255,556,811,0,1
flush,miss,3130,2254,12007,14261,62,1
flush,hit,3130,265,550,815,0,1
flush,miss,3131,2512,10906,13418,55,1
flush,hit,3131,254,549,803,0,1
flush,miss,3132,2397,11223,13620,57,1
flush,hit,3132,259,545,804,0,1
flush,miss,3133,2542,10935,13477,55,1
flush,hit,3133,264,549,813,0,1
flush,miss,3134,2321,10911,13232,55,1
flush,hit,3134,257,549,806,0,1
flush,miss,3135,2371,12106,14477,61,1
flush,hit,3135,261,563,824,0,1
flush,miss,3136,2174,10892,13066,55,1
flush,hit,3136,264,546,810,0,1
flush,miss,3137,2998,12205,15203,61,1
flush,hit,3137,324,767,1091,0,1
flush,miss,3138,2353,11609,13962,59,1
flush,hit,3138,265,585,850,0,1
flush,miss,3139,2544,10954,13498,55,1
flush,hit,3139,265,572,837,0,1
flush,miss,3140,2329,10933,13262,56,1
flush,hit,3140,256,566,822,0,1
flush,miss,3141,2345,10425,12770,52,1
flush,hit,3141,254,573,827,0,1
flush,miss,3142,2285,11608,13893,59,1
flush,hit,3142,253,563,816,0,1
flush,miss,3143,2506,11287,13793,57,1
flush,hit,3143,254,572,826,0,1
flush,miss,3144,2322,11109,13431,56,1
flush,hit,3144,257,560,817,0,1
flush,miss,3145,2491,10937,13428,55,1
flush,hit,3145,255,573,828,0,1
flush,miss,3146,2324,12026,14350,62,1
flush,hit,3146,262,564,826,0,1
flush,miss,3147,2457,10742,13199,54,1
flush,hit,3147,254,561,815,0,1
flush,miss,3148,2369,10422,12791,52,1
flush,hit,3148,256,552,808,0,1
flush,miss,3149,2494,10880,13374,55,1
flush,hit,3149,255,572,827,0,1
flush,miss,3150,2335,11054,13389,56,1
flush,hit,3150,289,697,986,0,1
flush,miss,3151,10756,16719,27475,63,1
flush,hit,3151,272,572,844,0,1
flush,miss,3152,2381,13158,15539,68,1
flush,hit,3152,258,553,811,0,1
flush,miss,3153,2501,10923,13424,55,1
flush,hit,3153,271,550,821,0,1
flush,miss,3154,2342,10864,13206,55,1
flush,hit,3154,255,538,793,0,1
flush,miss,3155,2541,10907,13448,55,1
flush,hit,3155,261,542,803,0,1
flush,miss,3156,2332,10842,13174,55,1
flush,hit,3156,247,538,785,0,1
flush,miss,3157,2381,11775,14156,60,1
flush,hit,3157,264,539,803,0,1
flush,miss,3158,2203,10340,12543,52,1
flush,hit,3158,261,540,801,0,1
flush,miss,3159,2539,10347,12886,52,1
flush,hit,3159,254,544,798,0,1
flush,miss,3160,2372,11211,13583,57,1
flush,hit,3160,254,559,813,0,1
flush,miss,3161,2536,10889,13425,55,1
flush,hit,3161,250,555,805,0,1
flush,miss,3162,2348,10822,13170,55,1
flush,hit,3162,263,541,804,0,1
flush,miss,3163,2362,10873,13235,55,1
flush,hit,3163,254,540,794,0,1
flush,miss,3164,2325,10268,12593,51,1
flush,hit,3164,258,536,794,0,1
flush,miss,3165,2512,10956,13468,55,1
flush,hit,3165,263,565,828,0,1
flush,miss,3166,2330,10860,13190,55,1
flush,hit,3166,251,535,786,0,1
flush,miss,3167,2505,10744,13249,54,1
flush,hit,3167,256,537,793,0,1
flush,miss,3168,2298,11866,14164,61,1
flush,hit,3168,253,539,792,0,1
flush,miss,3169,2889,11307,14196,57,1
flush,hit,3169,312,730,1042,0,1
flush,miss,3170,2323,10494,12817,53,1
flush,hit,3170,257,548,805,0,1
flush,miss,3171,2544,11058,13602,55,1
flush,hit,3171,258,570,828,0,1
flush,miss,3172,2300,11103,13403,56,1
flush,hit,3172,259,557,816,0,1
flush,miss,3173,2574,13489,16063,70,1
flush,hit,3173,263,554,817,0,1
flush,miss,3174,2130,12469,14599,56,1
flush,hit,3174,250,1412,1662,0,1
flush,miss,3175,2529,10959,13488,55,1
flush,hit,3175,255,562,817,0,1
flush,miss,3176,2311,11084,13395,56,1
flush,hit,3176,245,565,810,0,1
flush,miss,3177,2469,10860,13329,55,1
flush,hit,3177,259,565,824,0,1
flush,miss,3178,2271,10809,13080,55,1
flush,hit,3178,256,562,818,0,1
flush,miss,3179,2368,12294,14662,63,1
flush,hit,3179,257,553,810,0,1
flush,miss,3180,2179,9861,12040,49,1
flush,hit,3180,277,543,820,0,1
flush,miss,3181,2535,10932,13467,55,1
flush,hit,3181,256,552,808,0,1
flush,miss,3182,2298,11136,13434,57,1
flush,hit,3182,293,672,965,0,1
flush,miss,3183,2564,10915,13479,55,1
flush,hit,3183,253,565,818,0,1
flush,miss,3184,2319,10769,13088,55,1
flush,hit,3184,254,531,785,0,1
flush,miss,3185,2358,10044,12402,50,1
flush,hit,3185,250,548,798,0,1
flush,miss,3186,2267,11106,13373,57,1
flush,hit,3186,261,555,816,0,1
flush,miss,3187,2509,10926,13435,55,1
flush,hit,3187,252,534,786,0,1
flush,miss,3188,2324,11016,13340,56,1
flush,hit,3188,258,535,793,0,1
flush,miss,3189,2473,10801,13274,55,1
flush,hit,3189,248,557,805,0,1
flush,miss,3190,2291,12874,15165,67,1
flush,hit,3190,256,545,801,0,1
flush,miss,3191,2513,10636,13149,54,1
flush,hit,3191,243,545,788,0,1
flush,miss,3192,2340,10392,12732,52,1
flush,hit,3192,266,532,798,0,1
flush,miss,3193,2484,11024,13508,56,1
flush,hit,3193,248,536,784,0,1
flush,miss,3194,2314,10868,13182,55,1
flush,hit,3194,251,531,782,0,1
flush,miss,3195,2485,11880,14365,61,1
flush,hit,3195,249,535,784,0,1
flush,miss,3196,2168,11913,14081,61,1
flush,hit,3196,259,531,790,0,1
flush,miss,3197,4059,10907,14966,55,1
flush,hit,3197,256,535,791,0,1
flush,miss,3198,2351,10849,13200,55,1
flush,hit,3198,260,534,794,0,1
flush,miss,3199,2488,11029,13517,56,1
flush,hit,3199,250,550,800,0,1
flush,miss,3200,2330,11058,13388,56,1
flush,hit,3200,250,531,781,0,1
flush,miss,3201,2771,13324,16095,69,1
flush,hit,3201,330,739,1069,0,1
flush,miss,3202,2204,11453,13657,58,1
flush,hit,3202,250,558,808,0,1
flush,miss,3203,2510,11613,14123,59,1
flush,hit,3203,252,563,815,0,1
flush,miss,3204,2330,11445,13775,58,1
flush,hit,3204,262,545,807,0,1
flush,miss,3205,2494,11031,13525,56,1
flush,hit,3205,248,625,873,0,1
flush,miss,3206,2359,11023,13382,56,1
flush,hit,3206,256,553,809,0,1
flush,miss,3207,2352,11069,13421,56,1
flush,hit,3207,248,560,808,0,1
flush,miss,3208,2291,10962,13253,55,1
flush,hit,3208,249,552,801,0,1
flush,miss,3209,2515,11268,13783,57,1
flush,hit,3209,249,555,804,0,1
flush,miss,3210,2307,10894,13201,55,1
flush,hit,3210,252,552,804,0,1
flush,miss,3211,2517,10709,13226,54,1
flush,hit,3211,248,556,804,0,1
flush,miss,3212,2300,13279,15579,69,1
flush,hit,3212,256,549,805,0,1
flush,miss,3213,2523,9706,12229,48,1
flush,hit,3213,254,561,815,0,1
flush,miss,3214,2353,9673,12026,48,1
flush,hit,3214,293,645,938,0,1
flush,miss,3215,2541,10901,13442,55,1
flush,hit,3215,250,578,828,0,1
flush,miss,3216,2352,10795,13147,55,1
flush,hit,3216,260,547,807,0,1
flush,miss,3217,2496,12918,15414,67,1
flush,hit,3217,252,543,795,0,1
flush,miss,3218,2169,12843,15012,67,1
flush,hit,3218,256,552,808,0,1
flush,miss,3219,2446,9732,12178,48,1
flush,hit,3219,249,560,809,0,1
flush,miss,3220,2288,9667,11955,48,1
flush,hit,3220,253,534,787,0,1
flush,miss,3221,2502,10913,13415,55,1
flush,hit,3221,255,549,804,0,1
flush,miss,3222,2329,10706,13035,54,1
flush,hit,3222,257,564,821,0,1
flush,miss,3223,2362,11934,14296,61,1
flush,hit,3223,247,568,815,0,1
flush,miss,3224,2228,10338,12566,52,1
flush,hit,3224,254,543,797,0,1
flush,miss,3225,2542,10592,13134,53,1
flush,hit,3225,249,545,794,0,1
flush,miss,3226,2321,11015,13336,56,1
flush,hit,3226,253,540,793,0,1
flush,miss,3227,2479,11041,13520,56,1
flush,hit,3227,252,564,816,0,1
flush,miss,3228,2369,10684,13053,54,1
flush,hit,3228,257,542,799,0,1
flush,miss,3229,2358,10892,13250,55,1
flush,hit,3229,249,543,792,0,1
flush,miss,3230,2384,10204,12588,51,1
flush,hit,3230,264,535,799,0,1
flush,miss,3231,2551,10434,12985,52,1
flush,hit,3231,251,555,806,0,1
flush,miss,3232,2329,10865,13194,55,1
flush,hit,3232,258,540,798,0,1
flush,miss,3233,2529,15421,17950,54,1
flush,hit,3233,248,546,794,0,1
flush,miss,3234,2648,13780,16428,72,1
flush,hit,3234,262,561,823,0,1
flush,miss,3235,2471,11245,13716,57,1
flush,hit,3235,257,572,829,0,1
flush,miss,3236,2302,10525,12827,53,1
flush,hit,3236,251,562,813,0,1
flush,miss,3237,2497,11153,13650,56,1
flush,hit,3237,259,562,821,0,1
flush,miss,3238,2336,10880,13216,55,1
flush,hit,3238,265,544,809,0,1
flush,miss,3239,2508,12994,15502,67,1
flush,hit,3239,249,555,804,0,1
flush,miss,3240,2154,12170,14324,63,1
flush,hit,3240,262,547,809,0,1
flush,miss,3241,2515,10933,13448,55,1
flush,hit,3241,254,552,806,0,1
flush,miss,3242,2347,10886,13233,55,1
flush,hit,3242,251,545,796,0,1
flush,miss,3243,2501,10870,13371,55,1
flush,hit,3243,254,552,806,0,1
flush,miss,3244,2354,10847,13201,55,1
flush,hit,3244,248,553,801,0,1
flush,miss,3245,2335,12417,14752,64,1
flush,hit,3245,256,561,817,0,1
flush,miss,3246,2192,9633,11825,48,1
flush,hit,3246,253,551,804,0,1
flush,miss,3247,2807,10485,13292,52,1
flush,hit,3247,287,629,916,0,1
flush,miss,3248,2309,11319,13628,58,1
flush,hit,3248,263,544,807,0,1
flush,miss,3249,2501,10967,13468,55,1
flush,hit,3249,254,556,810,0,1
flush,miss,3250,2341,10862,13203,55,1
flush,hit,3250,263,558,821,0,1
flush,miss,3251,2332,9501,11833,47,1
flush,hit,3251,254,565,819,0,1
flush,miss,3252,2369,10230,12599,51,1
flush,hit,3252,250,536,786,0,1
flush,miss,3253,2491,10886,13377,55,1
flush,hit,3253,251,543,794,0,1
flush,miss,3254,2376,10843,13219,55,1
flush,hit,3254,251,533,784,0,1
flush,miss,3255,2549,10865,13414,55,1
flush,hit,3255,253,553,806,0,1
flush,miss,3256,2322,12034,14356,62,1
flush,hit,3256,263,546,809,0,1
flush,miss,3257,2521,11247,13768,57,1
flush,hit,3257,256,548,804,0,1
flush,miss,3258,2379,10815,13194,55,1
flush,hit,3258,251,533,784,0,1
flush,miss,3259,2526,11019,13545,56,1
flush,hit,3259,250,541,791,0,1
flush,miss,3260,2333,11124,13457,56,1
flush,hit,3260,261,537,798,0,1
flush,miss,3261,2516,11804,14320,60,1
flush,hit,3261,251,545,796,0,1
flush,miss,3262,2202,11902,14104,61,1
flush,hit,3262,257,531,788,0,1
flush,miss,3263,2490,10424,12914,52,1
flush,hit,3263,248,549,797,0,1
flush,miss,3264,2357,10353,12710,52,1
flush,hit,3264,252,533,785,0,1
flush,miss,3265,2521,10923,13444,55,1
flush,hit,3265,248,566,814,0,1
flush,miss,3266,2387,15301,17688,53,1
flush,hit,3266,246,554,800,0,1
flush,miss,3267,2361,12802,15163,66,1
flush,hit,3267,258,571,829,0,1
flush,miss,3268,2163,10331,12494,52,1
flush,hit,3268,257,561,818,0,1
flush,miss,3269,2531,11370,13901,58,1
flush,hit,3269,257,574,831,0,1
flush,miss,3270,2312,11402,13714,58,1
flush,hit,3270,258,551,809,0,1
flush,miss,3271,2522,10733,13255,54,1
flush,hit,3271,259,549,808,0,1
flush,miss,3272,2351,10786,13137,55,1
flush,hit,3272,246,551,797,0,1
flush,miss,3273,2347,9779,12126,48,1
flush,hit,3273,257,561,818,0,1
flush,miss,3274,2305,10204,12509,51,1
flush,hit,3274,258,548,806,0,1
flush,miss,3275,2477,11000,13477,56,1
flush,hit,3275,272,561,833,0,1
flush,miss,3276,2302,11115,13417,49,1
flush,hit,3276,253,1502,1755,0,1
flush,miss,3277,2522,10747,13269,54,1
flush,hit,3277,265,563,828,0,1
flush,miss,3278,2315,13459,15774,70,1
flush,hit,3278,252,551,803,0,1
flush,miss,3279,2485,11802,14287,26,1
flush,hit,3279,247,543,790,0,1
flush,miss,3280,2471,10734,13205,54,1
flush,hit,3280,252,559,811,0,1
flush,miss,3281,2491,11021,13512,56,1
flush,hit,3281,261,540,801,0,1
flush,miss,3282,2320,10929,13249,55,1
flush,hit,3282,254,543,797,0,1
flush,miss,3283,2507,12921,15428,67,1
flush,hit,3283,261,560,821,0,1
flush,miss,3284,2141,11871,14012,61,1
flush,hit,3284,253,535,788,0,1
flush,miss,3285,2490,10212,12702,51,1
flush,hit,3285,255,544,799,0,1
flush,miss,3286,2342,10405,12747,52,1
flush,hit,3286,261,562,823,0,1
flush,miss,3287,2524,11033,13557,56,1
flush,hit,3287,250,545,795,0,1
flush,miss,3288,2354,10917,13271,55,1
flush,hit,3288,258,544,802,0,1
flush,miss,3289,2349,11774,14123,60,1
flush,hit,3289,248,538,786,0,1
flush,miss,3290,2217,10714,12931,54,1
flush,hit,3290,255,536,791,0,1
flush,miss,3291,2523,10899,13422,55,1
flush,hit,3291,253,546,799,0,1
flush,miss,3292,2337,11062,13399,56,1
flush,hit,3292,254,548,802,0,1
flush,miss,3293,2472,10901,13373,55,1
flush,hit,3293,250,546,796,0,1
flush,miss,3294,2333,10701,13034,54,1
flush,hit,3294,249,549,798,0,1
flush,miss,3295,2344,10906,13250,55,1
flush,hit,3295,257,543,800,0,1
flush,miss,3296,2321,10347,12668,52,1
flush,hit,3296,254,533,787,0,1
flush,miss,3297,2501,10568,13069,53,1
flush,hit,3297,247,542,789,0,1
flush,miss,3298,2337,10914,13251,55,1
flush,hit,3298,4609,724,5333,0,1
flush,miss,3299,2585,11078,13663,56,1
flush,hit,3299,263,565,828,0,1
flush,miss,3300,2359,13438,15797,70,1
flush,hit,3300,477,907,1384,0,1
flush,miss,3301,2616,11649,14265,59,1
flush,hit,3301,257,624,881,0,1
flush,miss,3302,2298,11077,13375,56,1
flush,hit,3302,251,548,799,0,1
flush,miss,3303,2492,10872,13364,55,1
flush,hit,3303,259,553,812,0,1
flush,miss,3304,2321,11011,13332,56,1
flush,hit,3304,252,591,843,0,1
flush,miss,3305,2513,12266,14779,63,1
flush,hit,3305,254,581,835,0,1
flush,miss,3306,2161,13299,15460,69,1
flush,hit,3306,254,565,819,0,1
flush,miss,3307,2423,10442,12865,52,1
flush,hit,3307,257,563,820,0,1
flush,miss,3308,2320,10776,13096,54,1
flush,hit,3308,251,555,806,0,1
flush,miss,3309,2469,11098,13567,56,1
flush,hit,3309,257,558,815,0,1
flush,miss,3310,2310,10893,13203,55,1
flush,hit,3310,254,561,815,0,1
flush,miss,3311,2299,12236,14535,63,1
flush,hit,3311,258,566,824,0,1
flush,miss,3312,6869,5259,12128,21,1
flush,hit,3312,263,594,857,0,1
flush,miss,3313,2511,10930,13441,55,1
flush,hit,3313,262,556,818,0,1
flush,miss,3314,2328,11041,13369,56,1
flush,hit,3314,261,564,825,0,1
flush,miss,3315,2511,10830,13341,54,1
flush,hit,3315,254,562,816,0,1
flush,miss,3316,2305,10700,13005,54,1
flush,hit,3316,257,561,818,0,1
flush,miss,3317,2310,10603,12913,53,1
flush,hit,3317,256,570,826,0,1
flush,miss,3318,2299,10656,12955,54,1
flush,hit,3318,256,539,795,0,1
flush,miss,3319,2506,10959,13465,55,1
flush,hit,3319,258,545,803,0,1
flush,miss,3320,2328,10874,13202,55,1
flush,hit,3320,257,528,785,0,1
flush,miss,3321,2507,10880,13387,55,1
flush,hit,3321,254,544,798,0,1
flush,miss,3322,2299,12038,14337,62,1
flush,hit,3322,258,537,795,0,1
flush,miss,3323,2515,11244,13759,57,1
flush,hit,3323,253,545,798,0,1
flush,miss,3324,2343,10902,13245,55,1
flush,hit,3324,257,540,797,0,1
flush,miss,3325,2504,11060,13564,56,1
flush,hit,3325,260,543,803,0,1
flush,miss,3326,2308,10851,13159,55,1
flush,hit,3326,252,531,783,0,1
flush,miss,3327,2493,11897,14390,61,1
flush,hit,3327,256,542,798,0,1
flush,miss,3328,2181,11860,14041,61,1
flush,hit,3328,256,537,793,0,1
flush,miss,3329,2536,11068,13604,56,1
flush,hit,3329,253,539,792,0,1
flush,miss,3330,2304,10527,12831,53,1
flush,hit,3330,255,541,796,0,1
flush,miss,3331,2564,11275,13839,57,1
flush,hit,3331,288,651,939,0,1
flush,miss,3332,2275,11058,13333,56,1
flush,hit,3332,254,549,803,0,1
flush,miss,3333,2338,12126,14464,62,1
flush,hit,3333,260,568,828,0,1
flush,miss,3334,2168,9902,12070,49,1
flush,hit,3334,264,559,823,0,1
flush,miss,3335,2512,11072,13584,56,1
flush,hit,3335,255,563,818,0,1
flush,miss,3336,2269,11376,13645,58,1
flush,hit,3336,256,562,818,0,1
flush,miss,3337,2501,11037,13538,55,1
flush,hit,3337,256,568,824,0,1
flush,miss,3338,2300,10860,13160,55,1
flush,hit,3338,248,555,803,0,1
flush,miss,3339,2356,9738,12094,48,1
flush,hit,3339,255,561,816,0,1
flush,miss,3340,2262,9695,11957,48,1
flush,hit,3340,255,573,828,0,1
flush,miss,3341,2472,10928,13400,55,1
flush,hit,3341,262,561,823,0,1
flush,miss,3342,2300,10993,13293,56,1
flush,hit,3342,258,563,821,0,1
flush,miss,3343,2499,10739,13238,54,1
flush,hit,3343,260,587,847,0,1
flush,miss,3344,2295,13059,15354,68,1
flush,hit,3344,266,623,889,0,1
flush,miss,3345,2507,11130,13637,56,1
flush,hit,3345,268,629,897,0,1
flush,miss,3346,2314,11325,13639,58,1
flush,hit,3346,254,542,796,0,1
flush,miss,3347,2492,11261,13753,57,1
flush,hit,3347,262,548,810,0,1
flush,miss,3348,2305,10822,13127,55,1
flush,hit,3348,256,539,795,0,1
flush,miss,3349,2430,13034,15464,67,1
flush,hit,3349,257,543,800,0,1
flush,miss,3350,2146,11940,14086,61,1
flush,hit,3350,253,531,784,0,1
flush,miss,3351,2497,10559,13056,53,1
flush,hit,3351,255,558,813,0,1
flush,miss,3352,2321,10547,12868,53,1
flush,hit,3352,252,533,785,0,1
flush,miss,3353,2518,10845,13363,55,1
flush,hit,3353,255,548,803,0,1
flush,miss,3354,2300,10764,13064,54,1
flush,hit,3354,256,534,790,0,1
flush,miss,3355,2346,11972,14318,61,1
flush,hit,3355,256,542,798,0,1
flush,miss,3356,2151,11309,13460,57,1
flush,hit,3356,266,528,794,0,1
flush,miss,3357,2494,10890,13384,55,1
flush,hit,3357,260,546,806,0,1
flush,miss,3358,2295,11021,13316,56,1
flush,hit,3358,247,523,770,0,1
flush,miss,3359,2499,10883,13382,55,1
flush,hit,3359,261,543,804,0,1
flush,miss,3360,2316,10938,13254,55,1
flush,hit,3360,267,523,790,0,1
flush,miss,3361,2388,11193,13581,57,1
flush,hit,3361,259,543,802,0,1
flush,miss,3362,2335,10689,13024,54,1
flush,hit,3362,264,530,794,0,1
flush,miss,3363,2460,14145,16605,56,1
flush,hit,3363,260,538,798,0,1
flush,miss,3364,2341,11555,13896,59,1
flush,hit,3364,258,561,819,0,1
flush,miss,3365,2519,10911,13430,55,1
flush,hit,3365,264,560,824,0,1
flush,miss,3366,2281,13445,15726,70,1
flush,hit,3366,268,559,827,0,1
flush,miss,3367,2471,11439,13910,58,1
flush,hit,3367,256,585,841,0,1
flush,miss,3368,2285,11147,13432,57,1
flush,hit,3368,258,552,810,0,1
flush,miss,3369,2498,11130,13628,56,1
flush,hit,3369,253,557,810,0,1
flush,miss,3370,2259,10826,13085,55,1
flush,hit,3370,260,576,836,0,1
flush,miss,3371,2489,12961,15450,67,1
flush,hit,3371,256,564,820,0,1
flush,miss,3372,2167,12941,15108,67,1
flush,hit,3372,267,553,820,0,1
flush,miss,3373,4109,10866,14975,55,1
flush,hit,3373,256,561,817,0,1
flush,miss,3374,2298,11239,13537,57,1
flush,hit,3374,256,570,826,0,1
flush,miss,3375,2493,10739,13232,54,1
flush,hit,3375,260,570,830,0,1
flush,miss,3376,2301,11000,13301,56,1
flush,hit,3376,278,643,921,0,1
flush,miss,3377,2364,12999,15363,67,1
flush,hit,3377,269,604,873,0,1
flush,miss,3378,2201,10903,13104,55,1
flush,hit,3378,267,580,847,0,1
flush,miss,3379,2447,10996,13443,56,1
flush,hit,3379,266,574,840,0,1
flush,miss,3380,2339,10997,13336,56,1
flush,hit,3380,259,539,798,0,1
flush,miss,3381,2459,11068,13527,56,1
flush,hit,3381,256,552,808,0,1
flush,miss,3382,2333,10758,13091,55,1
flush,hit,3382,260,550,810,0,1
flush,miss,3383,2359,10303,12662,52,1
flush,hit,3383,256,562,818,0,1
flush,miss,3384,2387,10272,12659,52,1
flush,hit,3384,264,523,787,0,1
flush,miss,3385,2482,11000,13482,56,1
flush,hit,3385,257,530,787,0,1
flush,miss,3386,2358,10775,13133,55,1
flush,hit,3386,260,522,782,0,1
flush,miss,3387,2498,10667,13165,54,1
flush,hit,3387,265,538,803,0,1
flush,miss,3388,2364,11877,14241,61,1
flush,hit,3388,266,536,802,0,1
flush,miss,3389,2449,10820,13269,55,1
flush,hit,3389,268,527,795,0,1
flush,miss,3390,2380,10268,12648,52,1
flush,hit,3390,264,527,791,0,1
flush,miss,3391,2459,10779,13238,55,1
flush,hit,3391,261,535,796,0,1
flush,miss,3392,2298,10990,13288,56,1
flush,hit,3392,265,530,795,0,1
flush,miss,3393,2478,13019,15497,68,1
flush,hit,3393,267,552,819,0,1
flush,miss,3394,2177,11793,13970,61,1
flush,hit,3394,259,528,787,0,1
flush,miss,3395,2549,15225,17774,60,1
flush,hit,3395,268,533,801,0,1
flush,miss,3396,2353,10485,12838,53,1
flush,hit,3396,266,545,811,0,1
flush,miss,3397,2506,10867,13373,55,1
flush,hit,3397,249,559,808,0,1
flush,miss,3398,2319,10943,13262,56,1
flush,hit,3398,248,559,807,0,1
flush,miss,3399,2344,12840,15184,67,1
flush,hit,3399,266,559,825,0,1
flush,miss,3400,2187,11037,13224,56,1
flush,hit,3400,258,554,812,0,1
flush,miss,3401,2496,10986,13482,56,1
flush,hit,3401,263,559,822,0,1
flush,miss,3402,2338,10982,13320,56,1
flush,hit,3402,262,552,814,0,1
flush,miss,3403,2437,11092,13529,57,1
flush,hit,3403,254,568,822,0,1
flush,miss,3404,2337,11011,13348,56,1
flush,hit,3404,265,550,815,0,1
flush,miss,3405,2378,9796,12174,49,1
flush,hit,3405,254,561,815,0,1
flush,miss,3406,2352,10967,13319,56,1
flush,hit,3406,263,553,816,0,1
flush,miss,3407,2461,11053,13514,56,1
flush,hit,3407,257,566,823,0,1
flush,miss,3408,2310,10903,13213,56,1
flush,hit,3408,257,548,805,0,1
flush,miss,3409,2865,10687,13552,54,1
flush,hit,3409,293,714,1007,0,1
flush,miss,3410,2278,13323,15601,70,1
flush,hit,3410,263,539,802,0,1
flush,miss,3411,2421,10945,13366,55,1
flush,hit,3411,255,547,802,0,1
flush,miss,3412,2376,9632,12008,48,1
flush,hit,3412,268,538,806,0,1
flush,miss,3413,2452,11047,13499,56,1
flush,hit,3413,256,553,809,0,1
flush,miss,3414,2318,11006,13324,56,1
flush,hit,3414,259,536,795,0,1
flush,miss,3415,2489,13298,15787,69,1
flush,hit,3415,258,538,796,0,1
flush,miss,3416,2148,11846,13994,61,1
flush,hit,3416,261,528,789,0,1
flush,miss,3417,2511,10374,12885,52,1
flush,hit,3417,261,534,795,0,1
flush,miss,3418,2364,10479,12843,53,1
flush,hit,3418,260,530,790,0,1
flush,miss,3419,2472,11016,13488,56,1
flush,hit,3419,256,541,797,0,1
flush,miss,3420,2394,10916,13310,55,1
flush,hit,3420,263,535,798,0,1
flush,miss,3421,2339,11820,14159,61,1
flush,hit,3421,260,537,797,0,1
flush,miss,3422,2193,10347,12540,52,1
flush,hit,3422,260,527,787,0,1
flush,miss,3423,2408,10991,13399,56,1
flush,hit,3423,260,542,802,0,1
flush,miss,3424,2304,10294,12598,52,1
flush,hit,3424,257,526,783,0,1
flush,miss,3425,2463,10909,13372,55,1
flush,hit,3425,261,546,807,0,1
flush,miss,3426,2319,10778,13097,55,1
flush,hit,3426,259,528,787,0,1
flush,miss,3427,2319,10288,12607,52,1
flush,hit,3427,254,539,793,0,1
flush,miss,3428,2316,11442,13758,39,1
flush,hit,3428,272,560,832,0,1
flush,miss,3429,2484,11077,13561,56,1
flush,hit,3429,260,566,826,0,1
flush,miss,3430,2303,11200,13503,57,1
flush,hit,3430,254,555,809,0,1
flush,miss,3431,2483,11021,13504,56,1
flush,hit,3431,264,569,833,0,1
flush,miss,3432,2331,13325,15656,70,1
flush,hit,3432,256,563,819,0,1
flush,miss,3433,2532,10545,13077,53,1
flush,hit,3433,259,875,1134,0,1
flush,miss,3434,2349,10800,13149,55,1
flush,hit,3434,262,566,828,0,1
flush,miss,3435,2493,11186,13679,57,1
flush,hit,3435,263,566,829,0,1
flush,miss,3436,2299,10738,13037,55,1
flush,hit,3436,260,569,829,0,1
flush,miss,3437,2495,13244,15739,69,1
flush,hit,3437,259,567,826,0,1
flush,miss,3438,2171,12963,15134,68,1
flush,hit,3438,258,561,819,0,1
flush,miss,3439,2531,10574,13105,53,1
flush,hit,3439,260,577,837,0,1
flush,miss,3440,2326,10977,13303,56,1
flush,hit,3440,258,558,816,0,1
flush,miss,3441,2461,15982,18443,54,1
flush,hit,3441,265,572,837,0,1
flush,miss,3442,2431,10990,13421,56,1
flush,hit,3442,265,551,816,0,1
flush,miss,3443,2328,12975,15303,67,1
flush,hit,3443,256,555,811,0,1
flush,miss,3444,2140,10266,12406,52,1
flush,hit,3444,257,547,804,0,1
flush,miss,3445,2472,10465,12937,53,1
flush,hit,3445,259,553,812,0,1
flush,miss,3446,2312,11032,13344,56,1
flush,hit,3446,256,549,805,0,1
flush,miss,3447,2476,11012,13488,56,1
flush,hit,3447,260,558,818,0,1
flush,miss,3448,2298,10776,13074,55,1
flush,hit,3448,263,526,789,0,1
flush,miss,3449,2330,10316,12646,52,1
flush,hit,3449,259,542,801,0,1
flush,miss,3450,2362,10287,12649,52,1
flush,hit,3450,266,538,804,0,1
flush,miss,3451,2456,10924,13380,55,1
flush,hit,3451,263,549,812,0,1
flush,miss,3452,2322,10812,13134,55,1
flush,hit,3452,267,537,804,0,1
flush,miss,3453,2440,10694,13134,54,1
flush,hit,3453,255,548,803,0,1
flush,miss,3454,2290,11831,14121,61,1
flush,hit,3454,262,540,802,0,1
flush,miss,3455,2557,11007,13564,56,1
flush,hit,3455,267,548,815,0,1
flush,miss,3456,2342,10278,12620,52,1
flush,hit,3456,266,550,816,0,1
flush,miss,3457,2456,11258,13714,57,1
flush,hit,3457,261,546,807,0,1
flush,miss,3458,2304,10794,13098,55,1
flush,hit,3458,267,540,807,0,1
flush,miss,3459,2483,11671,14154,60,1
flush,hit,3459,253,545,798,0,1
flush,miss,3460,2147,11836,13983,61,1
flush,hit,3460,279,619,898,0,1
flush,miss,3461,2533,11548,14081,59,1
flush,hit,3461,262,600,862,0,1
flush,miss,3462,2373,10492,12865,53,1
flush,hit,3462,272,571,843,0,1
flush,miss,3463,2475,10872,13347,55,1
flush,hit,3463,261,573,834,0,1
flush,miss,3464,2363,10890,13253,55,1
flush,hit,3464,257,567,824,0,1
flush,miss,3465,2335,12460,14795,64,1
flush,hit,3465,257,573,830,0,1
flush,miss,3466,2177,9776,11953,49,1
flush,hit,3466,258,566,824,0,1
flush,miss,3467,2479,10960,13439,56,1
flush,hit,3467,262,574,836,0,1
flush,miss,3468,2336,10999,13335,56,1
flush,hit,3468,254,570,824,0,1
flush,miss,3469,2473,10832,13305,55,1
flush,hit,3469,260,575,835,0,1
flush,miss,3470,2347,10974,13321,56,1
flush,hit,3470,253,568,821,0,1
flush,miss,3471,2322,9679,12001,48,1
flush,hit,3471,253,572,825,0,1
flush,miss,3472,2349,10162,12511,51,1
flush,hit,3472,265,560,825,0,1
flush,miss,3473,2474,11026,13500,56,1
flush,hit,3473,257,577,834,0,1
flush,miss,3474,2334,11041,13375,56,1
flush,hit,3474,267,604,871,0,1
flush,miss,3475,2478,10880,13358,55,1
flush,hit,3475,252,584,836,0,1
flush,miss,3476,2346,12813,15159,67,1
flush,hit,3476,261,542,803,0,1
flush,miss,3477,2527,10334,12861,52,1
flush,hit,3477,261,552,813,0,1
flush,miss,3478,2337,10291,12628,52,1
flush,hit,3478,262,533,795,0,1
flush,miss,3479,2481,11194,13675,57,1
flush,hit,3479,257,561,818,0,1
flush,miss,3480,2314,10933,13247,56,1
flush,hit,3480,254,533,787,0,1
flush,miss,3481,2576,13248,15824,64,1
flush,hit,3481,256,1706,1962,0,1
flush,miss,3482,2207,12009,14216,62,1
flush,hit,3482,268,549,817,0,1
flush,miss,3483,2498,11035,13533,56,1
flush,hit,3483,263,539,802,0,1
flush,miss,3484,2297,10337,12634,52,1
flush,hit,3484,263,542,805,0,1
flush,miss,3485,2473,11055,13528,56,1
flush,hit,3485,265,559,824,0,1
flush,miss,3486,2408,10794,13202,55,1
flush,hit,3486,258,534,792,0,1
flush,miss,3487,2356,11848,14204,61,1
flush,hit,3487,261,541,802,0,1
flush,miss,3488,2185,10791,12976,55,1
flush,hit,3488,256,538,794,0,1
flush,miss,3489,2469,10991,13460,56,1
flush,hit,3489,260,558,818,0,1
flush,miss,3490,2354,10937,13291,56,1
flush,hit,3490,260,539,799,0,1
flush,miss,3491,2518,10793,13311,55,1
flush,hit,3491,256,549,805,0,1
flush,miss,3492,2390,10652,13042,54,1
flush,hit,3492,259,544,803,0,1
flush,miss,3493,2531,12089,14620,62,1
flush,hit,3493,284,625,909,0,1
flush,miss,3494,2305,20484,22789,112,1
flush,hit,3494,262,561,823,0,1
flush,miss,3495,2481,10965,13446,56,1
flush,hit,3495,264,577,841,0,1
flush,miss,3496,2334,11314,13648,58,1
flush,hit,3496,273,554,827,0,1
flush,miss,3497,2461,10827,13288,55,1
flush,hit,3497,263,562,825,0,1
flush,miss,3498,2372,13449,15821,70,1
flush,hit,3498,269,551,820,0,1
flush,miss,3499,2484,9879,12363,49,1
flush,hit,3499,255,561,816,0,1
flush,miss,3500,2347,10361,12708,52,1
flush,hit,3500,266,553,819,0,1
flush,miss,3501,2430,10970,13400,55,1
flush,hit,3501,256,561,817,0,1
flush,miss,3502,2294,10799,13093,55,1
flush,hit,3502,260,557,817,0,1
flush,miss,3503,2500,13063,15563,68,1
flush,hit,3503,262,569,831,0,1
flush,miss,3504,2159,12223,14382,63,1
flush,hit,3504,269,566,835,0,1
flush,miss,3505,2506,11040,13546,56,1
flush,hit,3505,261,574,835,0,1
flush,miss,3506,2321,11144,13465,57,1
flush,hit,3506,284,654,938,0,1
flush,miss,3507,2469,10988,13457,56,1
flush,hit,3507,267,587,854,0,1
flush,miss,3508,2347,10786,13133,55,1
flush,hit,3508,265,542,807,0,1
flush,miss,3509,2338,12356,14694,64,1
flush,hit,3509,264,559,823,0,1
flush,miss,3510,2184,9977,12161,50,1
flush,hit,3510,267,543,810,0,1
flush,miss,3511,2565,10314,12879,52,1
flush,hit,3511,253,548,801,0,1
flush,miss,3512,2364,10937,13301,56,1
flush,hit,3512,261,538,799,0,1
flush,miss,3513,2448,10900,13348,55,1
flush,hit,3513,254,548,802,0,1
flush,miss,3514,2352,10639,12991,54,1
flush,hit,3514,261,539,800,0,1
flush,miss,3515,2363,10712,13075,54,1
flush,hit,3515,255,547,802,0,1
flush,miss,3516,2365,10344,12709,52,1
flush,hit,3516,261,539,800,0,1
flush,miss,3517,2476,10835,13311,55,1
flush,hit,3517,254,545,799,0,1
flush,miss,3518,2373,10846,13219,55,1
flush,hit,3518,253,540,793,0,1
flush,miss,3519,2482,10804,13286,55,1
flush,hit,3519,256,545,801,0,1
flush,miss,3520,2315,11868,14183,61,1
flush,hit,3520,264,539,803,0,1
flush,miss,3521,2460,10858,13318,55,1
flush,hit,3521,260,549,809,0,1
flush,miss,3522,2373,10354,12727,52,1
flush,hit,3522,268,543,811,0,1
flush,miss,3523,2468,11021,13489,56,1
flush,hit,3523,258,553,811,0,1
flush,miss,3524,2337,10836,13173,55,1
flush,hit,3524,259,546,805,0,1
flush,miss,3525,2502,14512,17014,60,1
flush,hit,3525,269,550,819,0,1
flush,miss,3526,2236,12022,14258,62,1
flush,hit,3526,265,571,836,0,1
flush,miss,3527,2514,11641,14155,60,1
flush,hit,3527,259,569,828,0,1
flush,miss,3528,2352,11191,13543,57,1
flush,hit,3528,268,560,828,0,1
flush,miss,3529,2494,10996,13490,56,1
flush,hit,3529,257,570,827,0,1
flush,miss,3530,2342,10807,13149,55,1
flush,hit,3530,262,560,822,0,1
flush,miss,3531,2347,11880,14227,61,1
flush,hit,3531,265,574,839,0,1
flush,miss,3532,2165,11024,13189,56,1
flush,hit,3532,255,560,815,0,1
flush,miss,3533,2440,11024,13464,56,1
flush,hit,3533,260,602,862,0,1
flush,miss,3534,2341,10796,13137,55,1
flush,hit,3534,271,562,833,0,1
flush,miss,3535,2513,11054,13567,56,1
flush,hit,3535,268,572,840,0,1
flush,miss,3536,2350,10968,13318,56,1
flush,hit,3536,258,557,815,0,1
flush,miss,3537,2337,10880,13217,55,1
flush,hit,3537,266,574,840,0,1
flush,miss,3538,2369,10577,12946,54,1
flush,hit,3538,259,562,821,0,1
flush,miss,3539,2720,10925,13645,55,1
flush,hit,3539,297,648,945,0,1
flush,miss,3540,2360,10960,13320,56,1
flush,hit,3540,263,543,806,0,1
flush,miss,3541,2499,10842,13341,55,1
flush,hit,3541,268,554,822,0,1
flush,miss,3542,2366,11836,14202,61,1
flush,hit,3542,263,536,799,0,1
flush,miss,3543,2541,11219,13760,57,1
flush,hit,3543,260,542,802,0,1
flush,miss,3544,2340,10104,12444,51,1
flush,hit,3544,262,534,796,0,1
flush,miss,3545,2487,10828,13315,55,1
flush,hit,3545,256,541,797,0,1
flush,miss,3546,2312,10799,13111,55,1
flush,hit,3546,256,531,787,0,1
flush,miss,3547,2484,11981,14465,62,1
flush,hit,3547,261,543,804,0,1
flush,miss,3548,2187,11902,14089,61,1
flush,hit,3548,260,540,800,0,1
flush,miss,3549,2501,10841,13342,55,1
flush,hit,3549,257,546,803,0,1
flush,miss,3550,2320,10997,13317,56,1
flush,hit,3550,259,530,789,0,1
flush,miss,3551,2507,10843,13350,55,1
flush,hit,3551,260,548,808,0,1
flush,miss,3552,2347,10959,13306,56,1
flush,hit,3552,251,532,783,0,1
flush,miss,3553,2297,11830,14127,61,1
flush,hit,3553,256,552,808,0,1
flush,miss,3554,2183,11040,13223,56,1
flush,hit,3554,259,532,791,0,1
flush,miss,3555,2532,10306,12838,52,1
flush,hit,3555,260,541,801,0,1
flush,miss,3556,2341,10491,12832,53,1
flush,hit,3556,260,533,793,0,1
flush,miss,3557,2482,10844,13326,55,1
flush,hit,3557,254,548,802,0,1
flush,miss,3558,2326,10819,13145,55,1
flush,hit,3558,288,588,876,0,1
flush,miss,3559,2329,11149,13478,57,1
flush,hit,3559,254,572,826,0,1
flush,miss,3560,2323,11506,13829,59,1
flush,hit,3560,255,550,805,0,1
flush,miss,3561,2476,11105,13581,56,1
flush,hit,3561,258,556,814,0,1
flush,miss,3562,2327,11125,13452,57,1
flush,hit,3562,258,556,814,0,1
flush,miss,3563,2467,10995,13462,56,1
flush,hit,3563,261,564,825,0,1
flush,miss,3564,2333,13413,15746,70,1
flush,hit,3564,256,556,812,0,1
flush,miss,3565,2498,9691,12189,48,1
flush,hit,3565,256,567,823,0,1
flush,miss,3566,2359,10427,12786,53,1
flush,hit,3566,267,551,818,0,1
flush,miss,3567,2434,11211,13645,57,1
flush,hit,3567,256,562,818,0,1
flush,miss,3568,2324,11035,13359,56,1
flush,hit,3568,261,554,815,0,1
flush,miss,3569,2476,13422,15898,70,1
flush,hit,3569,251,568,819,0,1
flush,miss,3570,2180,12827,15007,67,1
flush,hit,3570,263,556,819,0,1
flush,miss,3571,2464,13992,16456,48,1
flush,hit,3571,264,557,821,0,1
flush,miss,3572,2495,10356,12851,52,1
flush,hit,3572,267,569,836,0,1
flush,miss,3573,2466,10961,13427,56,1
flush,hit,3573,257,543,800,0,1
flush,miss,3574,2322,10810,13132,55,1
flush,hit,3574,267,539,806,0,1
flush,miss,3575,2358,11856,14214,61,1
flush,hit,3575,254,560,814,0,1
flush,miss,3576,2160,10958,13118,56,1
flush,hit,3576,257,541,798,0,1
flush,miss,3577,2475,11001,13476,56,1
flush,hit,3577,256,543,799,0,1
flush,miss,3578,2330,11328,13658,58,1
flush,hit,3578,253,535,788,0,1
flush,miss,3579,2448,10825,13273,55,1
flush,hit,3579,259,544,803,0,1
flush,miss,3580,2347,10816,13163,55,1
flush,hit,3580,265,541,806,0,1
flush,miss,3581,2297,10840,13137,55,1
flush,hit,3581,262,542,804,0,1
flush,miss,3582,2335,10328,12663,52,1
flush,hit,3582,256,534,790,0,1
flush,miss,3583,2566,11365,13931,53,1
flush,hit,3583,255,1813,2068,0,1
flush,miss,3584,2317,10968,13285,56,1
flush,hit,3584,261,541,802,0,1
flush,miss,3585,2476,10883,13359,55,1
flush,hit,3585,257,544,801,0,1
flush,miss,3586,2347,11978,14325,62,1
flush,hit,3586,257,536,793,0,1
flush,miss,3587,2484,10575,13059,53,1
flush,hit,3587,257,550,807,0,1
flush,miss,3588,2356,10290,12646,52,1
flush,hit,3588,266,536,802,0,1
flush,miss,3589,2470,10900,13370,55,1
flush,hit,3589,254,550,804,0,1
flush,miss,3590,2338,10834,13172,55,1
flush,hit,3590,285,627,912,0,1
flush,miss,3591,2489,14086,16575,74,1
flush,hit,3591,261,590,851,0,1
flush,miss,3592,2155,13115,15270,69,1
flush,hit,3592,266,560,826,0,1
flush,miss,3593,2507,11539,14046,59,1
flush,hit,3593,252,567,819,0,1
flush,miss,3594,2366,10467,12833,53,1
flush,hit,3594,259,564,823,0,1
flush,miss,3595,2487,10948,13435,56,1
flush,hit,3595,259,567,826,0,1
flush,miss,3596,2327,10976,13303,56,1
flush,hit,3596,257,557,814,0,1
flush,miss,3597,2308,12405,14713,64,1
flush,hit,3597,260,564,824,0,1
flush,miss,3598,2157,10132,12289,51,1
flush,hit,3598,258,569,827,0,1
flush,miss,3599,2474,11197,13671,57,1
flush,hit,3599,261,561,822,0,1
flush,miss,3600,2371,11123,13494,57,1
flush,hit,3600,259,558,817,0,1
flush,miss,3601,2479,10689,13168,54,1
flush,hit,3601,255,614,869,0,1
flush,miss,3602,2340,9850,12190,49,1
flush,hit,3602,254,699,953,0,1
flush,miss,3603,2335,10464,12799,52,1
flush,hit,3603,253,564,817,0,1
flush,miss,3604,2325,13841,16166,52,1
flush,hit,3604,271,555,826,0,1
flush,miss,3605,2457,11200,13657,57,1
flush,hit,3605,255,545,800,0,1
flush,miss,3606,2310,10489,12799,53,1
flush,hit,3606,269,542,811,0,1
flush,miss,3607,2508,10326,12834,52,1
flush,hit,3607,259,619,878,0,1
flush,miss,3608,2322,12718,15040,66,1
flush,hit,3608,256,534,790,0,1
flush,miss,3609,2595,10799,13394,54,1
flush,hit,3609,258,542,800,0,1
flush,miss,3610,2340,10303,12643,51,1
flush,hit,3610,268,673,941,0,1
flush,miss,3611,2463,10481,12944,52,1
flush,hit,3611,254,545,799,0,1
flush,miss,3612,2362,9961,12323,50,1
flush,hit,3612,261,543,804,0,1
flush,miss,3613,2430,11726,14156,60,1
flush,hit,3613,260,544,804,0,1
flush,miss,3614,2144,12396,14540,64,1
flush,hit,3614,259,536,795,0,1
flush,miss,3615,2450,11085,13535,56,1
flush,hit,3615,260,545,805,0,1
flush,miss,3616,2339,10350,12689,52,1
flush,hit,3616,258,534,792,0,1
flush,miss,3617,2481,11161,13642,57,1
flush,hit,3617,259,544,803,0,1
flush,miss,3618,2347,11349,13696,58,1
flush,hit,3618,268,541,809,0,1
flush,miss,3619,2331,11855,14186,61,1
flush,hit,3619,262,553,815,0,1
flush,miss,3620,2182,10821,13003,55,1
flush,hit,3620,258,536,794,0,1
flush,miss,3621,2495,10299,12794,52,1
flush,hit,3621,259,542,801,0,1
flush,miss,3622,2339,9974,12313,50,1
flush,hit,3622,259,534,793,0,1
flush,miss,3623,2464,13677,16141,55,1
flush,hit,3623,256,551,807,0,1
flush,miss,3624,2378,11145,13523,57,1
flush,hit,3624,279,552,831,0,1
flush,miss,3625,2324,10506,12830,53,1
flush,hit,3625,267,559,826,0,1
flush,miss,3626,2367,9927,12294,50,1
flush,hit,3626,263,558,821,0,1
flush,miss,3627,2489,11522,14011,59,1
flush,hit,3627,266,555,821,0,1
flush,miss,3628,2289,10123,12412,51,1
flush,hit,3628,263,558,821,0,1
flush,miss,3629,2508,11017,13525,56,1
flush,hit,3629,275,572,847,0,1
flush,miss,3630,2327,12443,14770,65,1
flush,hit,3630,272,557,829,0,1
flush,miss,3631,2503,10822,13325,55,1
flush,hit,3631,269,557,826,0,1
flush,miss,3632,2347,10625,12972,54,1
flush,hit,3632,258,556,814,0,1
flush,miss,3633,2493,11166,13659,57,1
flush,hit,3633,264,556,820,0,1
flush,miss,3634,2337,11180,13517,57,1
flush,hit,3634,257,557,814,0,1
flush,miss,3635,2478,13378,15856,70,1
flush,hit,3635,254,562,816,0,1
flush,miss,3636,2109,12365,14474,64,1
flush,hit,3636,281,558,839,0,1
flush,miss,3637,2652,10781,13433,54,1
flush,hit,3637,274,616,890,0,1
flush,miss,3638,2344,11552,13896,59,1
flush,hit,3638,258,556,814,0,1
flush,miss,3639,2411,10318,12729,52,1
flush,hit,3639,266,546,812,0,1
flush,miss,3640,2304,9789,12093,49,1
flush,hit,3640,251,551,802,0,1
flush,miss,3641,2315,11843,14158,61,1
flush,hit,3641,240,564,804,0,1
flush,miss,3642,2177,11342,13519,58,1
flush,hit,3642,260,538,798,0,1
flush,miss,3643,2490,10713,13203,54,1
flush,hit,3643,253,554,807,0,1
flush,miss,3644,2343,10742,13085,54,1
flush,hit,3644,266,533,799,0,1
flush,miss,3645,2495,11062,13557,56,1
flush,hit,3645,263,542,805,0,1
flush,miss,3646,2323,11148,13471,57,1
flush,hit,3646,258,540,798,0,1
flush,miss,3647,2354,11305,13659,58,1
flush,hit,3647,258,562,820,0,1
flush,miss,3648,2312,10770,13082,55,1
flush,hit,3648,259,536,795,0,1
flush,miss,3649,2479,10842,13321,55,1
flush,hit,3649,261,553,814,0,1
flush,miss,3650,2308,10292,12600,52,1
flush,hit,3650,257,531,788,0,1
flush,miss,3651,2507,11082,13589,56,1
flush,hit,3651,263,548,811,0,1
flush,miss,3652,2296,12336,14632,64,1
flush,hit,3652,259,534,793,0,1
flush,miss,3653,2480,20590,23070,112,1
flush,hit,3653,256,541,797,0,1
flush,miss,3654,3869,11440,15309,59,1
flush,hit,3654,261,541,802,0,1
flush,miss,3655,2460,11308,13768,57,1
flush,hit,3655,254,548,802,0,1
flush,miss,3656,2344,14225,16569,58,1
flush,hit,3656,261,559,820,0,1
flush,miss,3657,2522,13822,16344,72,1
flush,hit,3657,259,566,825,0,1
flush,miss,3658,2189,13319,15508,70,1
flush,hit,3658,262,555,817,0,1
flush,miss,3659,2487,11355,13842,58,1
flush,hit,3659,268,572,840,0,1
flush,miss,3660,2344,11346,13690,58,1
flush,hit,3660,264,555,819,0,1
flush,miss,3661,2473,11254,13727,57,1
flush,hit,3661,258,569,827,0,1
flush,miss,3662,2327,11153,13480,57,1
flush,hit,3662,270,552,822,0,1
flush,miss,3663,2338,11928,14266,61,1
flush,hit,3663,268,569,837,0,1
flush,miss,3664,2160,10312,12472,52,1
flush,hit,3664,251,549,800,0,1
flush,miss,3665,2480,10321,12801,52,1
flush,hit,3665,245,556,801,0,1
flush,miss,3666,2351,9874,12225,49,1
flush,hit,3666,261,562,823,0,1
flush,miss,3667,2480,10713,13193,54,1
flush,hit,3667,255,561,816,0,1
flush,miss,3668,2371,11149,13520,57,1
flush,hit,3668,262,548,810,0,1
flush,miss,3669,2340,12565,14905,20,1
flush,hit,3669,259,565,824,0,1
flush,miss,3670,2628,9822,12450,49,1
flush,hit,3670,270,549,819,0,1
flush,miss,3671,2473,11393,13866,58,1
flush,hit,3671,256,560,816,0,1
flush,miss,3672,2331,11157,13488,57,1
flush,hit,3672,260,547,807,0,1
flush,miss,3673,2458,9486,11944,47,1
flush,hit,3673,259,549,808,0,1
flush,miss,3674,2395,11896,14291,61,1
flush,hit,3674,252,534,786,0,1
flush,miss,3675,2543,11361,13904,58,1
flush,hit,3675,255,548,803,0,1
flush,miss,3676,2334,11053,13387,56,1
flush,hit,3676,254,542,796,0,1
flush,miss,3677,2500,9708,12208,48,1
flush,hit,3677,260,549,809,0,1
flush,miss,3678,2339,9742,12081,49,1
flush,hit,3678,268,665,933,0,1
flush,miss,3679,2671,12482,15153,61,1
flush,hit,3679,288,678,966,0,1
flush,miss,3680,2188,12346,14534,64,1
flush,hit,3680,256,557,813,0,1
flush,miss,3681,2457,11191,13648,57,1
flush,hit,3681,253,545,798,0,1
flush,miss,3682,2279,10277,12556,52,1
flush,hit,3682,257,539,796,0,1
flush,miss,3683,2490,11073,13563,56,1
flush,hit,3683,257,548,805,0,1
flush,miss,3684,2348,11180,13528,57,1
flush,hit,3684,258,540,798,0,1
flush,miss,3685,2308,12198,14506,63,1
flush,hit,3685,256,548,804,0,1
flush,miss,3686,2226,10296,12522,45,1
flush,hit,3686,259,1436,1695,0,1
flush,miss,3687,2552,11195,13747,57,1
flush,hit,3687,255,557,812,0,1
flush,miss,3688,2382,11199,13581,57,1
flush,hit,3688,266,623,889,0,1
flush,miss,3689,2452,12060,14512,62,1
flush,hit,3689,254,576,830,0,1
flush,miss,3690,2325,11210,13535,57,1
flush,hit,3690,259,556,815,0,1
flush,miss,3691,2350,9997,12347,50,1
flush,hit,3691,256,560,816,0,1
flush,miss,3692,2393,10316,12709,52,1
flush,hit,3692,261,567,828,0,1
flush,miss,3693,2502,11374,13876,58,1
flush,hit,3693,252,562,814,0,1
flush,miss,3694,2332,11302,13634,58,1
flush,hit,3694,246,558,804,0,1
flush,miss,3695,2486,11079,13565,56,1
flush,hit,3695,261,560,821,0,1
flush,miss,3696,2328,12520,14848,65,1
flush,hit,3696,262,554,816,0,1
flush,miss,3697,2497,10687,13184,54,1
flush,hit,3697,246,561,807,0,1
flush,miss,3698,2367,10693,13060,54,1
flush,hit,3698,248,553,801,0,1
flush,miss,3699,2479,11365,13844,58,1
flush,hit,3699,245,558,803,0,1
flush,miss,3700,2319,11171,13490,57,1
flush,hit,3700,251,554,805,0,1
flush,miss,3701,2499,13271,15770,69,1
flush,hit,3701,248,563,811,0,1
flush,miss,3702,2180,13776,15956,46,1
flush,hit,3702,257,565,822,0,1
flush,miss,3703,2504,11318,13822,58,1
flush,hit,3703,251,562,813,0,1
flush,miss,3704,2330,11171,13501,57,1
flush,hit,3704,252,535,787,0,1
flush,miss,3705,2527,11192,13719,57,1
flush,hit,3705,254,546,800,0,1
flush,miss,3706,2340,10103,12443,51,1
flush,hit,3706,246,537,783,0,1
flush,miss,3707,2326,12233,14559,63,1
flush,hit,3707,256,547,803,0,1
flush,miss,3708,2192,10655,12847,54,1
flush,hit,3708,269,547,816,0,1
flush,miss,3709,2537,11203,13740,57,1
flush,hit,3709,251,554,805,0,1
flush,miss,3710,2318,11361,13679,58,1
flush,hit,3710,253,539,792,0,1
flush,miss,3711,2493,10415,12908,52,1
flush,hit,3711,253,545,798,0,1
flush,miss,3712,2350,10985,13335,56,1
flush,hit,3712,256,550,806,0,1
flush,miss,3713,2343,11229,13572,57,1
flush,hit,3713,255,547,802,0,1
flush,miss,3714,2329,10648,12977,54,1
flush,hit,3714,262,536,798,0,1
flush,miss,3715,2493,10894,13387,55,1
flush,hit,3715,254,543,797,0,1
flush,miss,3716,2326,11288,13614,58,1
flush,hit,3716,259,542,801,0,1
flush,miss,3717,2498,9693,12191,48,1
flush,hit,3717,254,548,802,0,1
flush,miss,3718,2348,11803,14151,61,1
flush,hit,3718,257,538,795,0,1
flush,miss,3719,2461,11225,13686,57,1
flush,hit,3719,257,549,806,0,1
flush,miss,3720,2344,10627,12971,54,1
flush,hit,3720,259,537,796,0,1
flush,miss,3721,2468,11291,13759,58,1
flush,hit,3721,285,641,926,0,1
flush,miss,3722,2304,10624,12928,54,1
flush,hit,3722,244,558,802,0,1
flush,miss,3723,2584,14898,17482,77,1
flush,hit,3723,251,564,815,0,1
flush,miss,3724,2771,14279,17050,70,1
flush,hit,3724,248,1561,1809,0,1
flush,miss,3725,3945,17891,21836,76,1
flush,hit,3725,243,908,1151,0,1
flush,miss,3726,2911,14925,17836,78,1
flush,hit,3726,256,555,811,0,1
flush,miss,3727,2471,13070,15541,63,1
flush,hit,3727,251,1100,1351,0,1
flush,miss,3728,2978,14373,17351,75,1
flush,hit,3728,245,1043,1288,0,1
flush,miss,3729,2819,14288,17107,70,1
flush,hit,3729,244,651,895,0,1
flush,miss,3730,3143,11379,14522,58,1
flush,hit,3730,247,616,863,0,1
flush,miss,3731,2638,14113,16751,74,1
flush,hit,3731,496,560,1056,0,1
flush,miss,3732,2829,13670,16499,24,1
flush,hit,3732,244,888,1132,0,1
flush,miss,3733,2639,14330,16969,73,1
flush,hit,3733,253,545,798,0,1
flush,miss,3734,2342,12824,15166,65,1
flush,hit,3734,249,543,792,0,1
flush,miss,3735,3318,14432,17750,76,1
flush,hit,3735,252,546,798,0,1
flush,miss,3736,2566,17560,20126,92,1
flush,hit,3736,504,692,1196,0,1
flush,miss,3737,2496,13519,16015,69,1
flush,hit,3737,267,546,813,0,1
flush,miss,3738,2593,11863,14456,61,1
flush,hit,3738,320,540,860,0,1
flush,miss,3739,2672,11911,14583,61,1
flush,hit,3739,499,542,1041,0,1
flush,miss,3740,2338,15886,18224,81,1
flush,hit,3740,270,541,811,0,1
flush,miss,3741,3602,18610,22212,98,1
flush,hit,3741,255,543,798,0,1
flush,miss,3742,2448,12015,14463,60,1
flush,hit,3742,254,1173,1427,0,1
flush,miss,3743,2770,14129,16899,73,1
flush,hit,3743,259,551,810,0,1
flush,miss,3744,2422,12320,14742,61,1
flush,hit,3744,264,1564,1828,0,1
flush,miss,3745,2486,11871,14357,61,1
flush,hit,3745,267,546,813,0,1
flush,miss,3746,2852,14222,17074,75,1
flush,hit,3746,258,541,799,0,1
flush,miss,3747,2337,11369,13706,58,1
flush,hit,3747,256,790,1046,0,1
flush,miss,3748,2362,14849,17211,59,1
flush,hit,3748,266,564,830,0,1
flush,miss,3749,2508,11407,13915,58,1
flush,hit,3749,259,568,827,0,1
flush,miss,3750,2346,11831,14177,60,1
flush,hit,3750,264,563,827,0,1
flush,miss,3751,2466,14761,17227,75,1
flush,hit,3751,255,741,996,0,1
flush,miss,3752,2180,12353,14533,64,1
flush,hit,3752,260,560,820,0,1
flush,miss,3753,2814,12617,15431,65,1
flush,hit,3753,248,567,815,0,1
flush,miss,3754,2412,12006,14418,61,1
flush,hit,3754,247,560,807,0,1
flush,miss,3755,2610,11217,13827,57,1
flush,hit,3755,250,568,818,0,1
flush,miss,3756,2465,10499,12964,53,1
flush,hit,3756,251,561,812,0,1
flush,miss,3757,2487,10912,13399,55,1
flush,hit,3757,260,568,828,0,1
flush,miss,3758,2323,12335,14658,62,1
flush,hit,3758,246,569,815,0,1
flush,miss,3759,2518,11700,14218,60,1
flush,hit,3759,244,575,819,0,1
flush,miss,3760,2379,11790,14169,61,1
flush,hit,3760,259,626,885,0,1
flush,miss,3761,2463,11782,14245,59,1
flush,hit,3761,539,554,1093,0,1
flush,miss,3762,2366,13993,16359,74,1
flush,hit,3762,239,539,778,0,1
flush,miss,3763,2706,11156,13862,56,1
flush,hit,3763,251,548,799,0,1
flush,miss,3764,2395,11733,14128,57,1
flush,hit,3764,261,549,810,0,1
flush,miss,3765,2588,10870,13458,53,1
flush,hit,3765,259,551,810,0,1
flush,miss,3766,2353,12377,14730,64,1
flush,hit,3766,252,838,1090,0,1
flush,miss,3767,3129,14246,17375,75,1
flush,hit,3767,254,608,862,0,1
flush,miss,3768,2562,14472,17034,76,1
flush,hit,3768,251,837,1088,0,1
flush,miss,3769,2472,11650,14122,56,1
flush,hit,3769,253,619,872,0,1
flush,miss,3770,2398,11763,14161,59,1
flush,hit,3770,253,538,791,0,1
flush,miss,3771,2551,11386,13937,58,1
flush,hit,3771,260,536,796,0,1
flush,miss,3772,2365,11522,13887,59,1
flush,hit,3772,540,538,1078,0,1
flush,miss,3773,2324,13199,15523,69,1
flush,hit,3773,258,548,806,0,1
flush,miss,3774,2165,11358,13523,58,1
flush,hit,3774,248,538,786,0,1
flush,miss,3775,2669,11190,13859,57,1
flush,hit,3775,248,548,796,0,1
flush,miss,3776,2778,12164,14942,63,1
flush,hit,3776,252,551,803,0,1
flush,miss,3777,2483,13267,15750,68,1
flush,hit,3777,249,549,798,0,1
flush,miss,3778,3144,16574,19718,61,1
flush,hit,3778,251,565,816,0,1
flush,miss,3779,3812,11652,15464,60,1
flush,hit,3779,254,565,819,0,1
flush,miss,3780,2353,13140,15493,69,1
flush,hit,3780,251,555,806,0,1
flush,miss,3781,4031,13696,17727,63,1
flush,hit,3781,1233,1639,2872,0,1
flush,miss,3782,3161,13261,16422,69,1
flush,hit,3782,246,563,809,0,1
flush,miss,3783,2461,12404,14865,64,1
flush,hit,3783,425,551,976,0,1
flush,miss,3784,3863,14609,18472,77,1
flush,hit,3784,240,1000,1240,0,1
flush,miss,3785,2995,21084,24079,113,1
flush,hit,3785,252,563,815,0,1
flush,miss,3786,2187,14572,16759,65,1
flush,hit,3786,277,559,836,0,1
flush,miss,3787,2849,14457,17306,76,1
flush,hit,3787,240,570,810,0,1
flush,miss,3788,2327,12455,14782,46,1
flush,hit,3788,243,2772,3015,0,1
flush,miss,3789,3432,17429,20861,92,1
flush,hit,3789,522,790,1312,0,1
flush,miss,3790,2923,14019,16942,74,1
flush,hit,3790,243,917,1160,0,1
flush,miss,3791,2352,13184,15536,65,1
flush,hit,3791,249,874,1123,0,1
flush,miss,3792,2339,13940,16279,73,1
flush,hit,3792,250,541,791,0,1
flush,miss,3793,2465,12603,15068,65,1
flush,hit,3793,240,627,867,0,1
flush,miss,3794,3099,11647,14746,60,1
flush,hit,3794,256,540,796,0,1
flush,miss,3795,2321,13433,15754,70,1
flush,hit,3795,254,555,809,0,1
flush,miss,3796,2873,13016,15889,64,1
flush,hit,3796,259,537,796,0,1
flush,miss,3797,2484,13025,15509,68,1
flush,hit,3797,250,545,795,0,1
flush,miss,3798,2331,14589,16920,69,1
flush,hit,3798,251,545,796,0,1
flush,miss,3799,3297,13492,16789,65,1
flush,hit,3799,255,552,807,0,1
flush,miss,3800,2347,12494,14841,65,1
flush,hit,3800,252,546,798,0,1
flush,miss,3801,2313,13445,15758,69,1
flush,hit,3801,253,550,803,0,1
flush,miss,3802,2339,22994,25333,127,1
flush,hit,3802,256,551,807,0,1
flush,miss,3803,2580,12070,14650,62,1
flush,hit,3803,251,547,798,0,1
flush,miss,3804,2743,11522,14265,59,1
flush,hit,3804,336,624,960,0,1
flush,miss,3805,2752,12210,14962,63,1
flush,hit,3805,258,588,846,0,1
flush,miss,3806,2372,14784,17156,78,1
flush,hit,3806,264,1310,1574,0,1
flush,miss,3807,2456,22818,25274,123,1
flush,hit,3807,253,557,810,0,1
flush,miss,3808,2383,13388,15771,64,1
flush,hit,3808,253,551,804,0,1
flush,miss,3809,2504,12422,14926,64,1
flush,hit,3809,252,561,813,0,1
flush,miss,3810,2803,13244,16047,67,1
flush,hit,3810,251,1087,1338,0,1
flush,miss,3811,3167,14182,17349,75,1
flush,hit,3811,251,561,812,0,1
flush,miss,3812,2154,13466,15620,71,1
flush,hit,3812,257,786,1043,0,1
flush,miss,3813,4427,13685,18112,72,1
flush,hit,3813,254,561,815,0,1
flush,miss,3814,2327,14945,17272,77,1
flush,hit,3814,255,552,807,0,1
flush,miss,3815,2638,16746,19384,50,1
flush,hit,3815,255,563,818,0,1
flush,miss,3816,2459,14606,17065,72,1
flush,hit,3816,262,1440,1702,0,1
flush,miss,3817,2369,12903,15272,67,1
flush,hit,3817,262,550,812,0,1
flush,miss,3818,2178,11008,13186,56,1
flush,hit,3818,256,540,796,0,1
flush,miss,3819,2424,13133,15557,66,1
flush,hit,3819,262,556,818,0,1
flush,miss,3820,2426,12335,14761,63,1
flush,hit,3820,260,1193,1453,0,1
flush,miss,3821,2702,13306,16008,68,1
flush,hit,3821,250,554,804,0,1
flush,miss,3822,2330,12843,15173,67,1
flush,hit,3822,253,543,796,0,1
flush,miss,3823,2293,12063,14356,61,1
flush,hit,3823,252,549,801,0,1
flush,miss,3824,2533,11344,13877,58,1
flush,hit,3824,252,549,801,0,1
flush,miss,3825,2773,12201,14974,63,1
flush,hit,3825,254,555,809,0,1
flush,miss,3826,2575,11300,13875,58,1
flush,hit,3826,250,543,793,0,1
flush,miss,3827,2508,11078,13586,56,1
flush,hit,3827,253,630,883,0,1
flush,miss,3828,2701,13757,16458,70,1
flush,hit,3828,252,542,794,0,1
flush,miss,3829,2725,11354,14079,58,1
flush,hit,3829,251,547,798,0,1
flush,miss,3830,2310,12022,14332,60,1
flush,hit,3830,252,545,797,0,1
flush,miss,3831,2680,11523,14203,59,1
flush,hit,3831,258,566,824,0,1
flush,miss,3832,2464,13545,16009,71,1
flush,hit,3832,254,740,994,0,1
flush,miss,3833,2471,14986,17457,78,1
flush,hit,3833,266,597,863,0,1
flush,miss,3834,3139,14472,17611,76,1
flush,hit,3834,255,556,811,0,1
flush,miss,3835,3145,11882,15027,61,1
flush,hit,3835,259,568,827,0,1
flush,miss,3836,2499,12560,15059,65,1
flush,hit,3836,260,552,812,0,1
flush,miss,3837,2629,11922,14551,61,1
flush,hit,3837,260,558,818,0,1
flush,miss,3838,2349,11757,14106,58,1
flush,hit,3838,255,559,814,0,1
flush,miss,3839,2295,14201,16496,71,1
flush,hit,3839,258,579,837,0,1
flush,miss,3840,2514,11827,14341,61,1
flush,hit,3840,259,557,816,0,1
flush,miss,3841,2462,12189,14651,63,1
flush,hit,3841,258,560,818,0,1
flush,miss,3842,2632,11859,14491,61,1
flush,hit,3842,261,557,818,0,1
flush,miss,3843,2463,11395,13858,58,1
flush,hit,3843,252,567,819,0,1
flush,miss,3844,2379,11467,13846,59,1
flush,hit,3844,252,554,806,0,1
flush,miss,3845,2900,11911,14811,61,1
flush,hit,3845,279,753,1032,0,1
flush,miss,3846,2800,11488,14288,59,1
flush,hit,3846,263,545,808,0,1
flush,miss,3847,2559,11325,13884,56,1
flush,hit,3847,250,539,789,0,1
flush,miss,3848,2324,11000,13324,56,1
flush,hit,3848,255,539,794,0,1
flush,miss,3849,2459,13712,16171,70,1
flush,hit,3849,249,2073,2322,0,1
flush,miss,3850,2552,15136,17688,78,1
flush,hit,3850,254,545,799,0,1
flush,miss,3851,3122,12865,15987,64,1
flush,hit,3851,252,537,789,0,1
flush,miss,3852,2338,12594,14932,61,1
flush,hit,3852,250,541,791,0,1
flush,miss,3853,2474,11324,13798,58,1
flush,hit,3853,253,886,1139,0,1
flush,miss,3854,2310,12336,14646,63,1
flush,hit,3854,251,547,798,0,1
flush,miss,3855,2866,11928,14794,61,1
flush,hit,3855,251,552,803,0,1
flush,miss,3856,2126,12211,14337,63,1
flush,hit,3856,748,544,1292,0,1
flush,miss,3857,2719,12769,15488,66,1
flush,hit,3857,251,814,1065,0,1
flush,miss,3858,2951,12297,15248,61,1
flush,hit,3858,255,540,795,0,1
flush,miss,3859,2490,11019,13509,56,1
flush,hit,3859,251,531,782,0,1
flush,miss,3860,2344,10965,13309,56,1
flush,hit,3860,263,639,902,0,1
flush,miss,3861,2313,12050,14363,61,1
flush,hit,3861,261,541,802,0,1
flush,miss,3862,2155,11759,13914,60,1
flush,hit,3862,260,639,899,0,1
flush,miss,3863,2513,10996,13509,56,1
flush,hit,3863,258,589,847,0,1
flush,miss,3864,2362,11246,13608,57,1
flush,hit,3864,258,566,824,0,1
flush,miss,3865,2530,11127,13657,56,1
flush,hit,3865,258,577,835,0,1
flush,miss,3866,2321,10930,13251,55,1
flush,hit,3866,259,626,885,0,1
flush,miss,3867,2327,11687,14014,60,1
flush,hit,3867,253,563,816,0,1
flush,miss,3868,2370,11683,14053,59,1
flush,hit,3868,256,551,807,0,1
flush,miss,3869,2479,12898,15377,67,1
flush,hit,3869,251,563,814,0,1
flush,miss,3870,2327,11179,13506,57,1
flush,hit,3870,255,557,812,0,1
flush,miss,3871,2479,10714,13193,54,1
flush,hit,3871,251,562,813,0,1
flush,miss,3872,2313,13383,15696,70,1
flush,hit,3872,255,554,809,0,1
flush,miss,3873,2508,10868,13376,55,1
flush,hit,3873,257,561,818,0,1
flush,miss,3874,2355,11029,13384,56,1
flush,hit,3874,252,562,814,0,1
flush,miss,3875,2504,11266,13770,57,1
flush,hit,3875,250,568,818,0,1
flush,miss,3876,2553,11075,13628,56,1
flush,hit,3876,262,548,810,0,1
flush,miss,3877,2524,13072,15596,68,1
flush,hit,3877,267,566,833,0,1
flush,miss,3878,2150,12364,14514,64,1
flush,hit,3878,254,546,800,0,1
flush,miss,3879,2535,9720,12255,48,1
flush,hit,3879,252,544,796,0,1
flush,miss,3880,2343,10295,12638,52,1
flush,hit,3880,252,538,790,0,1
flush,miss,3881,2495,10880,13375,55,1
flush,hit,3881,251,549,800,0,1
flush,miss,3882,2368,10778,13146,55,1
flush,hit,3882,253,537,790,0,1
flush,miss,3883,2339,12017,14356,62,1
flush,hit,3883,261,553,814,0,1
flush,miss,3884,2171,11027,13198,56,1
flush,hit,3884,252,533,785,0,1
flush,miss,3885,2463,10997,13460,56,1
flush,hit,3885,251,539,790,0,1
flush,miss,3886,2313,11016,13329,56,1
flush,hit,3886,252,533,785,0,1
flush,miss,3887,2446,10993,13439,56,1
flush,hit,3887,253,539,792,0,1
flush,miss,3888,2313,10816,13129,55,1
flush,hit,3888,252,535,787,0,1
flush,miss,3889,2305,11153,13458,57,1
flush,hit,3889,254,537,791,0,1
flush,miss,3890,2314,10303,12617,52,1
flush,hit,3890,249,581,830,0,1
flush,miss,3891,2451,11051,13502,56,1
flush,hit,3891,260,559,819,0,1
flush,miss,3892,2293,11071,13364,56,1
flush,hit,3892,263,538,801,0,1
flush,miss,3893,2484,10707,13191,54,1
flush,hit,3893,246,543,789,0,1
flush,miss,3894,2308,11669,13977,60,1
flush,hit,3894,266,624,890,0,1
flush,miss,3895,2500,12209,14709,63,1
flush,hit,3895,252,579,831,0,1
flush,miss,3896,2330,11449,13779,59,1
flush,hit,3896,259,559,818,0,1
flush,miss,3897,2463,11202,13665,57,1
flush,hit,3897,258,580,838,0,1
flush,miss,3898,2339,10958,13297,56,1
flush,hit,3898,262,553,815,0,1
flush,miss,3899,2512,13600,16112,71,1
flush,hit,3899,252,559,811,0,1
flush,miss,3900,2166,12325,14491,64,1
flush,hit,3900,263,552,815,0,1
flush,miss,3901,2488,11017,13505,56,1
flush,hit,3901,251,566,817,0,1
flush,miss,3902,2330,10989,13319,56,1
flush,hit,3902,256,552,808,0,1
flush,miss,3903,2491,10842,13333,55,1
flush,hit,3903,253,565,818,0,1
flush,miss,3904,2329,11029,13358,56,1
flush,hit,3904,251,558,809,0,1
flush,miss,3905,2340,12401,14741,64,1
flush,hit,3905,257,560,817,0,1
flush,miss,3906,2173,9683,11856,48,1
flush,hit,3906,258,557,815,0,1
flush,miss,3907,2495,10321,12816,52,1
flush,hit,3907,259,558,817,0,1
flush,miss,3908,2317,14410,16727,57,1
flush,hit,3908,272,577,849,0,1
flush,miss,3909,2507,11027,13534,56,1
flush,hit,3909,254,554,808,0,1
flush,miss,3910,2315,10887,13202,55,1
flush,hit,3910,255,540,795,0,1
flush,miss,3911,2331,9741,12072,48,1
flush,hit,3911,260,543,803,0,1
flush,miss,3912,2378,10771,13149,55,1
flush,hit,3912,254,538,792,0,1
flush,miss,3913,2530,10917,13447,55,1
flush,hit,3913,251,556,807,0,1
flush,miss,3914,2321,10936,13257,56,1
flush,hit,3914,263,541,804,0,1
flush,miss,3915,2474,10667,13141,54,1
flush,hit,3915,253,544,797,0,1
flush,miss,3916,2311,13028,15339,68,1
flush,hit,3916,252,535,787,0,1
flush,miss,3917,2500,10633,13133,54,1
flush,hit,3917,251,544,795,0,1
flush,miss,3918,2344,10357,12701,52,1
flush,hit,3918,252,542,794,0,1
flush,miss,3919,2506,10839,13345,55,1
flush,hit,3919,252,546,798,0,1
flush,miss,3920,2309,10840,13149,55,1
flush,hit,3920,248,540,788,0,1
flush,miss,3921,2517,12056,14573,62,1
flush,hit,3921,253,543,796,0,1
flush,miss,3922,2147,11829,13976,61,1
flush,hit,3922,255,538,793,0,1
flush,miss,3923,2489,11005,13494,56,1
flush,hit,3923,256,539,795,0,1
flush,miss,3924,2322,10976,13298,56,1
flush,hit,3924,255,540,795,0,1
flush,miss,3925,2505,11047,13552,56,1
flush,hit,3925,254,543,797,0,1
flush,miss,3926,2315,10992,13307,56,1
flush,hit,3926,253,536,789,0,1
flush,miss,3927,2551,13982,16533,73,1
flush,hit,3927,276,642,918,0,1
flush,miss,3928,2186,11604,13790,60,1
flush,hit,3928,254,558,812,0,1
flush,miss,3929,2500,11224,13724,57,1
flush,hit,3929,260,569,829,0,1
flush,miss,3930,2306,11034,13340,56,1
flush,hit,3930,250,610,860,0,1
flush,miss,3931,2627,11802,14429,58,1
flush,hit,3931,254,563,817,0,1
flush,miss,3932,2381,11488,13869,57,1
flush,hit,3932,263,569,832,0,1
flush,miss,3933,2497,11333,13830,58,1
flush,hit,3933,258,630,888,0,1
flush,miss,3934,2291,11020,13311,56,1
flush,hit,3934,392,634,1026,0,1
flush,miss,3935,4165,11078,15243,55,1
flush,hit,3935,524,1087,1611,0,1
flush,miss,3936,2313,10984,13297,56,1
flush,hit,3936,265,587,852,0,1
flush,miss,3937,2502,10818,13320,55,1
flush,hit,3937,270,571,841,0,1
flush,miss,3938,2308,13584,15892,71,1
flush,hit,3938,260,549,809,0,1
flush,miss,3939,2508,9660,12168,48,1
flush,hit,3939,258,566,824,0,1
flush,miss,3940,2336,13560,15896,49,1
flush,hit,3940,268,543,811,0,1
flush,miss,3941,2491,11015,13506,56,1
flush,hit,3941,268,548,816,0,1
flush,miss,3942,2311,10916,13227,56,1
flush,hit,3942,274,549,823,0,1
flush,miss,3943,2513,13204,15717,69,1
flush,hit,3943,255,560,815,0,1
flush,miss,3944,2129,12131,14260,63,1
flush,hit,3944,265,557,822,0,1
flush,miss,3945,2487,9867,12354,49,1
flush,hit,3945,257,550,807,0,1
flush,miss,3946,2324,10421,12745,53,1
flush,hit,3946,256,561,817,0,1
flush,miss,3947,2509,10863,13372,55,1
flush,hit,3947,256,566,822,0,1
flush,miss,3948,2343,10987,13330,56,1
flush,hit,3948,256,549,805,0,1
flush,miss,3949,2284,12026,14310,62,1
flush,hit,3949,253,542,795,0,1
flush,miss,3950,2161,11164,13325,57,1
flush,hit,3950,257,539,796,0,1
flush,miss,3951,2446,11004,13450,56,1
flush,hit,3951,254,539,793,0,1
flush,miss,3952,2349,11008,13357,56,1
flush,hit,3952,256,542,798,0,1
flush,miss,3953,2440,11003,13443,56,1
flush,hit,3953,252,538,790,0,1
flush,miss,3954,2322,10837,13159,55,1
flush,hit,3954,257,552,809,0,1
flush,miss,3955,2319,11187,13506,57,1
flush,hit,3955,264,556,820,0,1
flush,miss,3956,2336,10177,12513,51,1
flush,hit,3956,253,544,797,0,1
flush,miss,3957,2485,10791,13276,55,1
flush,hit,3957,254,553,807,0,1
flush,miss,3958,2317,10953,13270,56,1
flush,hit,3958,252,535,787,0,1
flush,miss,3959,2876,11729,14605,59,1
flush,hit,3959,369,725,1094,0,1
flush,miss,3960,2343,13738,16081,72,1
flush,hit,3960,258,584,842,0,1
flush,miss,3961,2491,10891,13382,55,1
flush,hit,3961,262,558,820,0,1
flush,miss,3962,2344,11509,13853,59,1
flush,hit,3962,262,553,815,0,1
flush,miss,3963,2506,11379,13885,58,1
flush,hit,3963,261,557,818,0,1
flush,miss,3964,2283,10969,13252,56,1
flush,hit,3964,262,553,815,0,1
flush,miss,3965,2456,13241,15697,69,1
flush,hit,3965,261,560,821,0,1
flush,miss,3966,2178,12375,14553,64,1
flush,hit,3966,257,550,807,0,1
flush,miss,3967,2530,10471,13001,53,1
flush,hit,3967,263,556,819,0,1
flush,miss,3968,2343,10973,13316,56,1
flush,hit,3968,261,550,811,0,1
flush,miss,3969,2486,11025,13511,56,1
flush,hit,3969,258,558,816,0,1
flush,miss,3970,2338,10781,13119,55,1
flush,hit,3970,262,551,813,0,1
flush,miss,3971,2322,12522,14844,65,1
flush,hit,3971,263,556,819,0,1
flush,miss,3972,2140,9565,11705,48,1
flush,hit,3972,291,680,971,0,1
flush,miss,3973,2477,11054,13531,56,1
flush,hit,3973,257,554,811,0,1
flush,miss,3974,2344,10782,13126,55,1
flush,hit,3974,259,547,806,0,1
flush,miss,3975,2436,11028,13464,56,1
flush,hit,3975,254,540,794,0,1
flush,miss,3976,2243,10825,13068,55,1
flush,hit,3976,258,539,797,0,1
flush,miss,3977,2323,10732,13055,54,1
flush,hit,3977,256,543,799,0,1
flush,miss,3978,2317,10490,12807,53,1
flush,hit,3978,265,550,815,0,1
flush,miss,3979,2475,10822,13297,55,1
flush,hit,3979,264,539,803,0,1
flush,miss,3980,2333,10839,13172,55,1
flush,hit,3980,258,532,790,0,1
flush,miss,3981,2483,10690,13173,54,1
flush,hit,3981,258,544,802,0,1
flush,miss,3982,2280,12045,14325,62,1
flush,hit,3982,259,536,795,0,1
flush,miss,3983,2461,11398,13859,58,1
flush,hit,3983,263,545,808,0,1
flush,miss,3984,2312,10470,12782,53,1
flush,hit,3984,262,530,792,0,1
flush,miss,3985,2457,11040,13497,56,1
flush,hit,3985,256,603,859,0,1
flush,miss,3986,2320,10807,13127,55,1
flush,hit,3986,259,527,786,0,1
flush,miss,3987,2470,11708,14178,60,1
flush,hit,3987,262,546,808,0,1
flush,miss,3988,2156,11807,13963,61,1
flush,hit,3988,255,532,787,0,1
flush,miss,3989,2465,10978,13443,56,1
flush,hit,3989,264,560,824,0,1
flush,miss,3990,2301,10808,13109,55,1
flush,hit,3990,255,554,809,0,1
flush,miss,3991,2477,15366,17843,55,1
flush,hit,3991,260,539,799,0,1
flush,miss,3992,2860,11562,14422,59,1
flush,hit,3992,259,552,811,0,1
flush,miss,3993,2347,13189,15536,64,1
flush,hit,3993,259,1857,2116,0,1
flush,miss,3994,2173,11165,13338,57,1
flush,hit,3994,259,536,795,0,1
flush,miss,3995,2459,11026,13485,56,1
flush,hit,3995,256,557,813,0,1
flush,miss,3996,2329,10888,13217,55,1
flush,hit,3996,260,543,803,0,1
flush,miss,3997,2541,11056,13597,56,1
flush,hit,3997,260,551,811,0,1
flush,miss,3998,2291,10826,13117,55,1
flush,hit,3998,260,535,795,0,1
flush,miss,3999,2349,9729,12078,48,1
flush,hit,3999,260,562,822,0,1
flush,miss,4000,2307,9610,11917,48,1
flush,hit,4000,264,538,802,0,1
flush,miss,4001,2502,10871,13373,55,1
flush,hit,4001,257,542,799,0,1
flush,miss,4002,2301,11135,13436,57,1
flush,hit,4002,260,547,807,0,1
flush,miss,4003,2497,10893,13390,55,1
flush,hit,4003,263,548,811,0,1
flush,miss,4004,2311,12971,15282,68,1
flush,hit,4004,256,544,800,0,1
flush,miss,4005,2594,10266,12860,51,1
flush,hit,4005,267,616,883,0,1
flush,miss,4006,2310,10810,13120,55,1
flush,hit,4006,256,550,806,0,1
flush,miss,4007,2468,10862,13330,55,1
flush,hit,4007,256,557,813,0,1
flush,miss,4008,2361,10828,13189,55,1
flush,hit,4008,257,538,795,0,1
flush,miss,4009,2486,13265,15751,69,1
flush,hit,4009,251,544,795,0,1
flush,miss,4010,2198,11845,14043,61,1
flush,hit,4010,257,544,801,0,1
flush,miss,4011,2509,10325,12834,52,1
flush,hit,4011,256,538,794,0,1
flush,miss,4012,2335,10356,12691,52,1
flush,hit,4012,255,533,788,0,1
flush,miss,4013,2426,10892,13318,55,1
flush,hit,4013,253,553,806,0,1
flush,miss,4014,2304,11015,13319,56,1
flush,hit,4014,251,532,783,0,1
flush,miss,4015,2302,12032,14334,62,1
flush,hit,4015,254,545,799,0,1
flush,miss,4016,2172,10854,13026,55,1
flush,hit,4016,255,541,796,0,1
flush,miss,4017,2497,11199,13696,57,1
flush,hit,4017,258,544,802,0,1
flush,miss,4018,2319,10929,13248,56,1
flush,hit,4018,257,547,804,0,1
flush,miss,4019,2474,10827,13301,55,1
flush,hit,4019,254,553,807,0,1
flush,miss,4020,2305,10664,12969,54,1
flush,hit,4020,261,533,794,0,1
flush,miss,4021,2309,10364,12673,52,1
flush,hit,4021,258,539,797,0,1
flush,miss,4022,2340,10841,13181,55,1
flush,hit,4022,251,527,778,0,1
flush,miss,4023,2486,10833,13319,55,1
flush,hit,4023,253,550,803,0,1
flush,miss,4024,2304,14093,16397,56,1
flush,hit,4024,336,656,992,0,1
flush,miss,4025,2520,11043,13563,56,1
flush,hit,4025,262,571,833,0,1
flush,miss,4026,2334,13387,15721,70,1
flush,hit,4026,252,563,815,0,1
flush,miss,4027,2456,20306,22762,110,1
flush,hit,4027,261,548,809,0,1
flush,miss,4028,3974,12042,16016,62,1
flush,hit,4028,256,551,807,0,1
flush,miss,4029,2477,11182,13659,57,1
flush,hit,4029,257,550,807,0,1
flush,miss,4030,2280,10963,13243,56,1
flush,hit,4030,257,543,800,0,1
flush,miss,4031,2494,13321,15815,70,1
flush,hit,4031,264,554,818,0,1
flush,miss,4032,2129,12226,14355,64,1
flush,hit,4032,259,538,797,0,1
flush,miss,4033,2910,13726,16636,33,1
flush,hit,4033,262,543,805,0,1
flush,miss,4034,8161,12729,20890,30,1
flush,hit,4034,553,1119,1672,0,1
flush,miss,4035,4082,11599,15681,31,1
flush,hit,4035,483,1420,1903,0,1
flush,miss,4036,3695,16612,20307,30,1
flush,hit,4036,398,956,1354,0,1
flush,miss,4037,4096,13816,17912,44,1
flush,hit,4037,434,920,1354,0,1
flush,miss,4038,3994,11829,15823,37,1
flush,hit,4038,454,1254,1708,0,1
flush,miss,4039,4271,11495,15766,30,1
flush,hit,4039,434,1111,1545,0,1
flush,miss,4040,3708,11577,15285,36,1
flush,hit,4040,695,1214,1909,0,1
flush,miss,4041,4654,11396,16050,32,1
flush,hit,4041,451,1169,1620,0,1
flush,miss,4042,3610,11370,14980,35,1
flush,hit,4042,308,771,1079,0,1
flush,miss,4043,2407,11204,13611,57,1
flush,hit,4043,284,626,910,0,1
flush,miss,4044,2343,10860,13203,55,1
flush,hit,4044,272,537,809,0,1
flush,miss,4045,2518,11024,13542,56,1
flush,hit,4045,264,544,808,0,1
flush,miss,4046,2385,10827,13212,55,1
flush,hit,4046,258,528,786,0,1
flush,miss,4047,2524,10745,13269,55,1
flush,hit,4047,263,550,813,0,1
flush,miss,4048,2356,11667,14023,60,1
flush,hit,4048,260,534,794,0,1
flush,miss,4049,2551,10894,13445,55,1
flush,hit,4049,259,553,812,0,1
flush,miss,4050,2351,10140,12491,51,1
flush,hit,4050,264,525,789,0,1
flush,miss,4051,2506,10877,13383,55,1
flush,hit,4051,262,541,803,0,1
flush,miss,4052,2355,10803,13158,55,1
flush,hit,4052,265,534,799,0,1
flush,miss,4053,2989,13555,16544,71,1
flush,hit,4053,362,768,1130,0,1
flush,miss,4054,2252,13152,15404,69,1
flush,hit,4054,520,1169,1689,0,1
flush,miss,4055,4270,11631,15901,43,1
flush,hit,4055,424,1040,1464,0,1
flush,miss,4056,2770,11080,13850,56,1
flush,hit,4056,535,1182,1717,0,1
flush,miss,4057,4561,11064,15625,54,1
flush,hit,4057,528,1189,1717,0,1
flush,miss,4058,2359,11003,13362,56,1
flush,hit,4058,258,618,876,0,1
flush,miss,4059,2375,13150,15525,68,1
flush,hit,4059,258,577,835,0,1
flush,miss,4060,2184,11492,13676,59,1
flush,hit,4060,268,561,829,0,1
flush,miss,4061,2478,11123,13601,56,1
flush,hit,4061,256,564,820,0,1
flush,miss,4062,2303,10961,13264,56,1
flush,hit,4062,258,559,817,0,1
flush,miss,4063,2491,11047,13538,56,1
flush,hit,4063,264,562,826,0,1
flush,miss,4064,2312,10852,13164,55,1
flush,hit,4064,281,562,843,0,1
flush,miss,4065,2341,10192,12533,25,1
flush,hit,4065,259,563,822,0,1
flush,miss,4066,2469,10895,13364,55,1
flush,hit,4066,264,556,820,0,1
flush,miss,4067,2520,10956,13476,56,1
flush,hit,4067,263,557,820,0,1
flush,miss,4068,2381,11016,13397,56,1
flush,hit,4068,262,569,831,0,1
flush,miss,4069,2503,10700,13203,54,1
flush,hit,4069,258,561,819,0,1
flush,miss,4070,2327,12984,15311,68,1
flush,hit,4070,258,548,806,0,1
flush,miss,4071,2544,10679,13223,54,1
flush,hit,4071,256,550,806,0,1
flush,miss,4072,2330,10549,12879,53,1
flush,hit,4072,259,542,801,0,1
flush,miss,4073,2471,10823,13294,55,1
flush,hit,4073,258,541,799,0,1
flush,miss,4074,2307,10960,13267,56,1
flush,hit,4074,260,549,809,0,1
flush,miss,4075,2555,12030,14585,62,1
flush,hit,4075,258,553,811,0,1
flush,miss,4076,2181,11836,14017,61,1
flush,hit,4076,255,543,798,0,1
flush,miss,4077,2488,10925,13413,55,1
flush,hit,4077,260,551,811,0,1
flush,miss,4078,2327,11010,13337,56,1
flush,hit,4078,267,544,811,0,1
flush,miss,4079,2501,10897,13398,55,1
flush,hit,4079,266,555,821,0,1
flush,miss,4080,2318,10774,13092,55,1
flush,hit,4080,259,551,810,0,1
flush,miss,4081,2329,11889,14218,61,1
flush,hit,4081,258,554,812,0,1
flush,miss,4082,2188,10805,12993,55,1
flush,hit,4082,260,544,804,0,1
flush,miss,4083,2518,11066,13584,56,1
flush,hit,4083,259,558,817,0,1
flush,miss,4084,2334,10996,13330,56,1
flush,hit,4084,336,748,1084,0,1
flush,miss,4085,2515,11642,14157,59,1
flush,hit,4085,254,562,816,0,1
flush,miss,4086,2352,11014,13366,56,1
flush,hit,4086,265,565,830,0,1
flush,miss,4087,2357,11214,13571,57,1
flush,hit,4087,263,562,825,0,1
flush,miss,4088,2368,11297,13665,58,1
flush,hit,4088,260,558,818,0,1
flush,miss,4089,2544,11032,13576,56,1
flush,hit,4089,261,556,817,0,1
flush,miss,4090,2341,11337,13678,58,1
flush,hit,4090,279,557,836,0,1
flush,miss,4091,2525,10861,13386,55,1
flush,hit,4091,269,567,836,0,1
flush,miss,4092,2358,13155,15513,69,1
flush,hit,4092,261,562,823,0,1
flush,miss,4093,2500,10364,12864,52,1
flush,hit,4093,270,564,834,0,1
flush,miss,4094,2353,10959,13312,56,1
flush,hit,4094,263,558,821,0,1
flush,miss,4095,2550,11290,13840,52,1
flush,hit,4095,262,2192,2454,0,1
flush,miss,4096,2349,10963,13312,56,1
flush,hit,4096,258,571,829,0,1
flush,miss,4097,2516,13386,15902,70,1
flush,hit,4097,261,574,835,0,1
flush,miss,4098,7264,12956,20220,67,1
flush,hit,4098,263,553,816,0,1
flush,miss,4099,2498,10891,13389,55,1
flush,hit,4099,266,581,847,0,1
flush,miss,4100,2324,10907,13231,56,1
flush,hit,4100,261,540,801,0,1
flush,miss,4101,2513,10890,13403,55,1
flush,hit,4101,259,541,800,0,1
flush,miss,4102,2348,10821,13169,55,1
flush,hit,4102,276,548,824,0,1
flush,miss,4103,2316,12093,14409,62,1
flush,hit,4103,258,539,797,0,1
flush,miss,4104,2228,10630,12858,54,1
flush,hit,4104,259,535,794,0,1
flush,miss,4105,2488,10336,12824,52,1
flush,hit,4105,262,545,807,0,1
flush,miss,4106,2347,10780,13127,55,1
flush,hit,4106,258,537,795,0,1
flush,miss,4107,2485,10839,13324,55,1
flush,hit,4107,258,539,797,0,1
flush,miss,4108,2361,10611,12972,54,1
flush,hit,4108,259,534,793,0,1
flush,miss,4109,2350,10503,12853,53,1
flush,hit,4109,263,542,805,0,1
flush,miss,4110,2315,10320,12635,52,1
flush,hit,4110,257,536,793,0,1
flush,miss,4111,2499,10824,13323,55,1
flush,hit,4111,254,542,796,0,1
flush,miss,4112,2331,10792,13123,55,1
flush,hit,4112,259,539,798,0,1
flush,miss,4113,2465,10680,13145,54,1
flush,hit,4113,263,562,825,0,1
flush,miss,4114,2381,11689,14070,60,1
flush,hit,4114,256,532,788,0,1
flush,miss,4115,2491,11051,13542,56,1
flush,hit,4115,256,543,799,0,1
flush,miss,4116,2397,11029,13426,56,1
flush,hit,4116,4055,775,4830,0,1
flush,miss,4117,2614,10385,12999,52,1
flush,hit,4117,287,640,927,0,1
flush,miss,4118,2275,11175,13450,57,1
flush,hit,4118,267,549,816,0,1
flush,miss,4119,2532,13419,15951,70,1
flush,hit,4119,321,568,889,0,1
flush,miss,4120,2173,12345,14518,64,1
flush,hit,4120,263,540,803,0,1
flush,miss,4121,2678,11327,14005,57,1
flush,hit,4121,265,553,818,0,1
flush,miss,4122,2316,10984,13300,56,1
flush,hit,4122,257,564,821,0,1
flush,miss,4123,2511,11036,13547,56,1
flush,hit,4123,261,550,811,0,1
flush,miss,4124,2341,10954,13295,56,1
flush,hit,4124,265,556,821,0,1
flush,miss,4125,2364,12393,14757,63,1
flush,hit,4125,264,555,819,0,1
flush,miss,4126,2164,9930,12094,49,1
flush,hit,4126,258,551,809,0,1
flush,miss,4127,2520,11661,14181,49,1
flush,hit,4127,264,559,823,0,1
flush,miss,4128,3572,11085,14657,34,1
flush,hit,4128,274,595,869,0,1
flush,miss,4129,2484,11120,13604,56,1
flush,hit,4129,269,558,827,0,1
flush,miss,4130,2362,14898,17260,51,1
flush,hit,4130,261,553,814,0,1
flush,miss,4131,2354,11190,13544,57,1
flush,hit,4131,252,544,796,0,1
flush,miss,4132,2345,11678,14023,60,1
flush,hit,4132,253,542,795,0,1
flush,miss,4133,2508,10319,12827,52,1
flush,hit,4133,253,552,805,0,1
flush,miss,4134,2345,10822,13167,55,1
flush,hit,4134,256,535,791,0,1
flush,miss,4135,2446,10956,13402,56,1
flush,hit,4135,252,548,800,0,1
flush,miss,4136,2338,12846,15184,67,1
flush,hit,4136,249,539,788,0,1
flush,miss,4137,2535,10680,13215,54,1
flush,hit,4137,250,553,803,0,1
flush,miss,4138,2351,10286,12637,52,1
flush,hit,4138,251,536,787,0,1
flush,miss,4139,2529,10789,13318,55,1
flush,hit,4139,252,558,810,0,1
flush,miss,4140,2379,10989,13368,56,1
flush,hit,4140,256,549,805,0,1
flush,miss,4141,2490,12094,14584,62,1
flush,hit,4141,252,543,795,0,1
flush,miss,4142,2181,12020,14201,62,1
flush,hit,4142,258,542,800,0,1
flush,miss,4143,2524,10875,13399,55,1
flush,hit,4143,249,549,798,0,1
flush,miss,4144,2319,10978,13297,56,1
flush,hit,4144,262,541,803,0,1
flush,miss,4145,2515,10938,13453,55,1
flush,hit,4145,251,553,804,0,1
flush,miss,4146,2331,10769,13100,55,1
flush,hit,4146,253,545,798,0,1
flush,miss,4147,2294,11878,14172,61,1
flush,hit,4147,260,553,813,0,1
flush,miss,4148,2168,10453,12621,53,1
flush,hit,4148,256,553,809,0,1
flush,miss,4149,3082,11619,14701,59,1
flush,hit,4149,321,794,1115,0,1
flush,miss,4150,2370,11009,13379,56,1
flush,hit,4150,255,588,843,0,1
flush,miss,4151,2505,11249,13754,57,1
flush,hit,4151,256,590,846,0,1
flush,miss,4152,2291,10790,13081,55,1
flush,hit,4152,260,566,826,0,1
flush,miss,4153,2390,9681,12071,48,1
flush,hit,4153,260,573,833,0,1
flush,miss,4154,2337,10295,12632,52,1
flush,hit,4154,261,568,829,0,1
flush,miss,4155,2498,11047,13545,56,1
flush,hit,4155,259,574,833,0,1
flush,miss,4156,2281,11187,13468,57,1
flush,hit,4156,266,564,830,0,1
flush,miss,4157,2480,10857,13337,55,1
flush,hit,4157,257,578,835,0,1
flush,miss,4158,2322,12008,14330,62,1
flush,hit,4158,260,557,817,0,1
flush,miss,4159,2482,10861,13343,55,1
flush,hit,4159,257,580,837,0,1
flush,miss,4160,2269,10153,12422,51,1
flush,hit,4160,261,560,821,0,1
flush,miss,4161,2485,11015,13500,56,1
flush,hit,4161,258,568,826,0,1
flush,miss,4162,2301,10967,13268,56,1
flush,hit,4162,259,555,814,0,1
flush,miss,4163,2762,13228,15990,69,1
flush,hit,4163,335,805,1140,0,1
flush,miss,4164,2160,12916,15076,67,1
flush,hit,4164,264,573,837,0,1
flush,miss,4165,2469,9856,12325,49,1
flush,hit,4165,265,558,823,0,1
flush,miss,4166,2293,10377,12670,52,1
flush,hit,4166,254,569,823,0,1
flush,miss,4167,2516,11023,13539,56,1
flush,hit,4167,254,553,807,0,1
flush,miss,4168,2298,11006,13304,56,1
flush,hit,4168,260,548,808,0,1
flush,miss,4169,2374,11812,14186,61,1
flush,hit,4169,253,557,810,0,1
flush,miss,4170,2155,11000,13155,56,1
flush,hit,4170,256,559,815,0,1
flush,miss,4171,2533,10517,13050,53,1
flush,hit,4171,255,566,821,0,1
flush,miss,4172,2322,10476,12798,53,1
flush,hit,4172,253,546,799,0,1
flush,miss,4173,2495,10942,13437,55,1
flush,hit,4173,263,551,814,0,1
flush,miss,4174,2279,10801,13080,55,1
flush,hit,4174,254,553,807,0,1
flush,miss,4175,2346,10911,13257,55,1
flush,hit,4175,260,551,811,0,1
flush,miss,4176,2319,10257,12576,52,1
flush,hit,4176,254,545,799,0,1
flush,miss,4177,2491,11050,13541,56,1
flush,hit,4177,257,551,808,0,1
flush,miss,4178,2302,10813,13115,55,1
flush,hit,4178,259,549,808,0,1
flush,miss,4179,2474,10840,13314,55,1
flush,hit,4179,253,546,799,0,1
flush,miss,4180,2316,13038,15354,68,1
flush,hit,4180,254,547,801,0,1
flush,miss,4181,2537,13749,16286,45,1
flush,hit,4181,255,563,818,0,1
flush,miss,4182,2645,11592,14237,59,1
flush,hit,4182,262,593,855,0,1
flush,miss,4183,2447,11138,13585,57,1
flush,hit,4183,267,575,842,0,1
flush,miss,4184,2334,11033,13367,56,1
flush,hit,4184,263,564,827,0,1
flush,miss,4185,2543,13527,16070,71,1
flush,hit,4185,257,579,836,0,1
flush,miss,4186,2177,12350,14527,64,1
flush,hit,4186,259,571,830,0,1
flush,miss,4187,2490,10157,12647,51,1
flush,hit,4187,256,569,825,0,1
flush,miss,4188,2290,11002,13292,56,1
flush,hit,4188,258,561,819,0,1
flush,miss,4189,2470,11058,13528,56,1
flush,hit,4189,268,575,843,0,1
flush,miss,4190,2297,10978,13275,56,1
flush,hit,4190,251,568,819,0,1
flush,miss,4191,2295,12328,14623,64,1
flush,hit,4191,266,569,835,0,1
flush,miss,4192,2143,9451,11594,47,1
flush,hit,4192,258,559,817,0,1
flush,miss,4193,2500,11096,13596,56,1
flush,hit,4193,259,567,826,0,1
flush,miss,4194,2316,10834,13150,55,1
flush,hit,4194,258,565,823,0,1
flush,miss,4195,2831,11002,13833,55,1
flush,hit,4195,255,5536,5791,0,1
flush,miss,4196,2312,10818,13130,55,1
flush,hit,4196,264,570,834,0,1
flush,miss,4197,2317,10344,12661,52,1
flush,hit,4197,265,564,829,0,1
flush,miss,4198,2259,10490,12749,45,1
flush,hit,4198,262,1829,2091,0,1
flush,miss,4199,2545,11076,13621,56,1
flush,hit,4199,263,580,843,0,1
flush,miss,4200,2350,10963,13313,56,1
flush,hit,4200,262,541,803,0,1
flush,miss,4201,2501,11030,13531,56,1
flush,hit,4201,251,545,796,0,1
flush,miss,4202,2341,13056,15397,68,1
flush,hit,4202,261,539,800,0,1
flush,miss,4203,2540,10345,12885,52,1
flush,hit,4203,253,550,803,0,1
flush,miss,4204,2329,10258,12587,52,1
flush,hit,4204,259,542,801,0,1
flush,miss,4205,2497,10877,13374,55,1
flush,hit,4205,252,542,794,0,1
flush,miss,4206,2371,10812,13183,55,1
flush,hit,4206,264,538,802,0,1
flush,miss,4207,2502,12074,14576,62,1
flush,hit,4207,256,542,798,0,1
flush,miss,4208,2158,11808,13966,61,1
flush,hit,4208,257,536,793,0,1
flush,miss,4209,2536,10408,12944,52,1
flush,hit,4209,258,542,800,0,1
flush,miss,4210,2348,10332,12680,52,1
flush,hit,4210,266,533,799,0,1
flush,miss,4211,2421,10994,13415,56,1
flush,hit,4211,259,544,803,0,1
flush,miss,4212,2275,11178,13453,57,1
flush,hit,4212,255,549,804,0,1
flush,miss,4213,2303,11818,14121,61,1
flush,hit,4213,259,544,803,0,1
flush,miss,4214,2185,14083,16268,48,1
flush,hit,4214,270,597,867,0,1
flush,miss,4215,2473,11395,13868,58,1
flush,hit,4215,256,579,835,0,1
flush,miss,4216,2265,10341,12606,52,1
flush,hit,4216,259,558,817,0,1
flush,miss,4217,2493,9849,12342,49,1
flush,hit,4217,250,567,817,0,1
flush,miss,4218,2350,9767,12117,49,1
flush,hit,4218,257,558,815,0,1
flush,miss,4219,2358,10528,12886,53,1
flush,hit,4219,258,565,823,0,1
flush,miss,4220,2341,9772,12113,49,1
flush,hit,4220,256,556,812,0,1
flush,miss,4221,2501,9699,12200,48,1
flush,hit,4221,261,578,839,0,1
flush,miss,4222,2317,11290,13607,58,1
flush,hit,4222,256,561,817,0,1
flush,miss,4223,2458,11211,13669,57,1
flush,hit,4223,253,562,815,0,1
flush,miss,4224,2309,13374,15683,70,1
flush,hit,4224,252,558,810,0,1
flush,miss,4225,2446,10721,13167,54,1
flush,hit,4225,251,559,810,0,1
flush,miss,4226,2304,10453,12757,53,1
flush,hit,4226,258,563,821,0,1
flush,miss,4227,2467,11144,13611,57,1
flush,hit,4227,257,562,819,0,1
flush,miss,4228,6488,6173,12661,27,1
flush,hit,4228,254,548,802,0,1
flush,miss,4229,2417,12716,15133,66,1
flush,hit,4229,253,548,801,0,1
flush,miss,4230,2174,13238,15412,69,1
flush,hit,4230,255,542,797,0,1
flush,miss,4231,2509,9866,12375,49,1
flush,hit,4231,254,554,808,0,1
flush,miss,4232,2376,9623,11999,48,1
flush,hit,4232,255,536,791,0,1
flush,miss,4233,2468,11163,13631,57,1
flush,hit,4233,250,542,792,0,1
flush,miss,4234,2295,11105,13400,57,1
flush,hit,4234,253,534,787,0,1
flush,miss,4235,2346,11838,14184,61,1
flush,hit,4235,251,546,797,0,1
flush,miss,4236,2171,9665,11836,48,1
flush,hit,4236,254,537,791,0,1
flush,miss,4237,2477,11327,13804,58,1
flush,hit,4237,252,541,793,0,1
flush,miss,4238,2309,9566,11875,48,1
flush,hit,4238,261,535,796,0,1
flush,miss,4239,2483,10688,13171,54,1
flush,hit,4239,251,547,798,0,1
flush,miss,4240,2306,11116,13422,57,1
flush,hit,4240,256,539,795,0,1
flush,miss,4241,2309,11194,13503,57,1
flush,hit,4241,252,539,791,0,1
flush,miss,4242,2316,10275,12591,52,1
flush,hit,4242,252,549,801,0,1
flush,miss,4243,2449,10731,13180,54,1
flush,hit,4243,252,540,792,0,1
flush,miss,4244,2293,11170,13463,57,1
flush,hit,4244,254,540,794,0,1
flush,miss,4245,2459,10184,12643,51,1
flush,hit,4245,251,541,792,0,1
flush,miss,4246,2294,11766,14060,60,1
flush,hit,4246,258,533,791,0,1
flush,miss,4247,3693,11762,15455,59,1
flush,hit,4247,249,544,793,0,1
flush,miss,4248,2344,11238,13582,57,1
flush,hit,4248,258,589,847,0,1
flush,miss,4249,2432,11146,13578,57,1
flush,hit,4249,253,565,818,0,1
flush,miss,4250,2360,10342,12702,52,1
flush,hit,4250,259,565,824,0,1
flush,miss,4251,2473,13586,16059,71,1
flush,hit,4251,258,564,822,0,1
flush,miss,4252,2173,12583,14756,65,1
flush,hit,4252,263,560,823,0,1
flush,miss,4253,2484,9650,12134,48,1
flush,hit,4253,259,564,823,0,1
flush,miss,4254,2308,10670,12978,54,1
flush,hit,4254,253,559,812,0,1
flush,miss,4255,2450,11255,13705,57,1
flush,hit,4255,255,572,827,0,1
flush,miss,4256,2314,11215,13529,57,1
flush,hit,4256,255,560,815,0,1
flush,miss,4257,2304,12423,14727,64,1
flush,hit,4257,259,564,823,0,1
flush,miss,4258,2153,10338,12491,52,1
flush,hit,4258,254,558,812,0,1
flush,miss,4259,2500,10624,13124,54,1
flush,hit,4259,257,562,819,0,1
flush,miss,4260,2333,9636,11969,48,1
flush,hit,4260,258,559,817,0,1
flush,miss,4261,2698,11096,13794,56,1
flush,hit,4261,283,681,964,0,1
flush,miss,4262,2307,10995,13302,56,1
flush,hit,4262,255,547,802,0,1
flush,miss,4263,2334,10374,12708,52,1
flush,hit,4263,256,554,810,0,1
flush,miss,4264,2337,10074,12411,51,1
flush,hit,4264,256,546,802,0,1
flush,miss,4265,2473,10709,13182,54,1
flush,hit,4265,250,545,795,0,1
flush,miss,4266,2333,10122,12455,51,1
flush,hit,4266,258,541,799,0,1
flush,miss,4267,2437,10989,13426,56,1
flush,hit,4267,255,550,805,0,1
flush,miss,4268,2275,12519,14794,65,1
flush,hit,4268,258,541,799,0,1
flush,miss,4269,2505,10662,13167,54,1
flush,hit,4269,254,556,810,0,1
flush,miss,4270,2317,10592,12909,54,1
flush,hit,4270,257,550,807,0,1
flush,miss,4271,2508,9676,12184,48,1
flush,hit,4271,252,555,807,0,1
flush,miss,4272,2336,9622,11958,48,1
flush,hit,4272,253,547,800,0,1
flush,miss,4273,2479,12369,14848,64,1
flush,hit,4273,258,557,815,0,1
flush,miss,4274,2174,12301,14475,64,1
flush,hit,4274,259,546,805,0,1
flush,miss,4275,2483,11056,13539,56,1
flush,hit,4275,256,553,809,0,1
flush,miss,4276,2325,10466,12791,53,1
flush,hit,4276,258,556,814,0,1
flush,miss,4277,2456,10467,12923,53,1
flush,hit,4277,256,554,810,0,1
flush,miss,4278,2318,10259,12577,52,1
flush,hit,4278,254,563,817,0,1
flush,miss,4279,2322,12346,14668,64,1
flush,hit,4279,259,554,813,0,1
flush,miss,4280,2166,10117,12283,51,1
flush,hit,4280,304,728,1032,0,1
flush,miss,4281,2493,11339,13832,58,1
flush,hit,4281,277,595,872,0,1
flush,miss,4282,2380,11156,13536,57,1
flush,hit,4282,257,571,828,0,1
flush,miss,4283,2461,11228,13689,57,1
flush,hit,4283,257,574,831,0,1
flush,miss,4284,2286,11078,13364,56,1
flush,hit,4284,268,576,844,0,1
flush,miss,4285,2362,10352,12714,52,1
flush,hit,4285,255,582,837,0,1
flush,miss,4286,2381,10024,12405,50,1
flush,hit,4286,258,571,829,0,1
flush,miss,4287,2464,10798,13262,55,1
flush,hit,4287,255,578,833,0,1
flush,miss,4288,2299,11128,13427,57,1
flush,hit,4288,262,585,847,0,1
flush,miss,4289,2506,9844,12350,49,1
flush,hit,4289,255,593,848,0,1
flush,miss,4290,2327,12205,14532,63,1
flush,hit,4290,256,572,828,0,1
flush,miss,4291,2503,9815,12318,49,1
flush,hit,4291,263,582,845,0,1
flush,miss,4292,2337,9788,12125,49,1
flush,hit,4292,258,575,833,0,1
flush,miss,4293,2485,11228,13713,57,1
flush,hit,4293,258,578,836,0,1
flush,miss,4294,2319,11129,13448,57,1
flush,hit,4294,267,604,871,0,1
flush,miss,4295,2457,13421,15878,70,1
flush,hit,4295,260,556,816,0,1
flush,miss,4296,2129,12504,14633,65,1
flush,hit,4296,255,557,812,0,1
flush,miss,4297,2516,9605,12121,48,1
flush,hit,4297,254,558,812,0,1
flush,miss,4298,2332,10663,12995,54,1
flush,hit,4298,257,550,807,0,1
flush,miss,4299,2523,11248,13771,57,1
flush,hit,4299,261,560,821,0,1
flush,miss,4300,2307,11223,13530,50,1
flush,hit,4300,263,1429,1692,0,1
flush,miss,4301,2325,12312,14637,64,1
flush,hit,4301,262,565,827,0,1
flush,miss,4302,2181,10672,12853,54,1
flush,hit,4302,256,552,808,0,1
flush,miss,4303,2512,10666,13178,54,1
flush,hit,4303,265,559,824,0,1
flush,miss,4304,2297,10279,12576,52,1
flush,hit,4304,263,551,814,0,1
flush,miss,4305,2506,11224,13730,57,1
flush,hit,4305,250,560,810,0,1
flush,miss,4306,2331,11016,13347,56,1
flush,hit,4306,255,554,809,0,1
flush,miss,4307,2335,10121,12456,51,1
flush,hit,4307,254,562,816,0,1
flush,miss,4308,2304,10154,12458,51,1
flush,hit,4308,259,561,820,0,1
flush,miss,4309,2469,10652,13121,54,1
flush,hit,4309,250,560,810,0,1
flush,miss,4310,2234,11357,13591,58,1
flush,hit,4310,267,549,816,0,1
flush,miss,4311,2532,11203,13735,57,1
flush,hit,4311,248,561,809,0,1
flush,miss,4312,2330,12513,14843,65,1
flush,hit,4312,257,552,809,0,1
flush,miss,4313,2470,14245,16715,50,1
flush,hit,4313,250,560,810,0,1
flush,miss,4314,2630,11158,13788,57,1
flush,hit,4314,267,560,827,0,1
flush,miss,4315,2543,11390,13933,58,1
flush,hit,4315,257,564,821,0,1
flush,miss,4316,2283,10796,13079,55,1
flush,hit,4316,253,575,828,0,1
flush,miss,4317,2470,13383,15853,70,1
flush,hit,4317,258,573,831,0,1
flush,miss,4318,2167,12329,14496,64,1
flush,hit,4318,257,559,816,0,1
flush,miss,4319,2547,11010,13557,56,1
flush,hit,4319,256,570,826,0,1
flush,miss,4320,2355,10999,13354,56,1
flush,hit,4320,253,558,811,0,1
flush,miss,4321,2488,11010,13498,56,1
flush,hit,4321,255,565,820,0,1
flush,miss,4322,2337,10839,13176,55,1
flush,hit,4322,254,575,829,0,1
flush,miss,4323,2323,12165,14488,63,1
flush,hit,4323,253,580,833,0,1
flush,miss,4324,2179,9485,11664,47,1
flush,hit,4324,256,566,822,0,1
flush,miss,4325,2465,10886,13351,55,1
flush,hit,4325,252,578,830,0,1
flush,miss,4326,2291,10842,13133,55,1
flush,hit,4326,257,571,828,0,1
flush,miss,4327,2577,11051,13628,56,1
flush,hit,4327,284,621,905,0,1
flush,miss,4328,2258,10775,13033,55,1
flush,hit,4328,249,549,798,0,1
flush,miss,4329,2330,10371,12701,52,1
flush,hit,4329,250,579,829,0,1
flush,miss,4330,2322,10282,12604,52,1
flush,hit,4330,255,549,804,0,1
flush,miss,4331,2476,10990,13466,56,1
flush,hit,4331,261,569,830,0,1
flush,miss,4332,2310,10857,13167,55,1
flush,hit,4332,262,547,809,0,1
flush,miss,4333,2480,10854,13334,55,1
flush,hit,4333,249,553,802,0,1
flush,miss,4334,2323,13163,15486,69,1
flush,hit,4334,255,543,798,0,1
flush,miss,4335,2479,10688,13167,54,1
flush,hit,4335,255,568,823,0,1
flush,miss,4336,2349,10331,12680,52,1
flush,hit,4336,252,553,805,0,1
flush,miss,4337,2471,11040,13511,56,1
flush,hit,4337,252,557,809,0,1
flush,miss,4338,2315,11052,13367,56,1
flush,hit,4338,258,545,803,0,1
flush,miss,4339,2485,12886,15371,67,1
flush,hit,4339,249,553,802,0,1
flush,miss,4340,2186,11799,13985,61,1
flush,hit,4340,255,544,799,0,1
flush,miss,4341,2482,10281,12763,52,1
flush,hit,4341,314,560,874,0,1
flush,miss,4342,2328,10505,12833,53,1
flush,hit,4342,253,549,802,0,1
flush,miss,4343,2515,10934,13449,56,1
flush,hit,4343,256,560,816,0,1
flush,miss,4344,2338,10834,13172,55,1
flush,hit,4344,256,538,794,0,1
flush,miss,4345,2377,11990,14367,62,1
flush,hit,4345,252,554,806,0,1
flush,miss,4346,2221,14025,16246,50,1
flush,hit,4346,264,571,835,0,1
flush,miss,4347,2441,11253,13694,57,1
flush,hit,4347,262,590,852,0,1
flush,miss,4348,2319,11120,13439,56,1
flush,hit,4348,253,579,832,0,1
flush,miss,4349,2548,10828,13376,55,1
flush,hit,4349,261,592,853,0,1
flush,miss,4350,2307,10782,13089,55,1
flush,hit,4350,262,555,817,0,1
flush,miss,4351,2335,9854,12189,49,1
flush,hit,4351,254,568,822,0,1
flush,miss,4352,2322,10480,12802,53,1
flush,hit,4352,255,560,815,0,1
flush,miss,4353,2522,11046,13568,56,1
flush,hit,4353,260,565,825,0,1
flush,miss,4354,2313,11103,13416,57,1
flush,hit,4354,259,557,816,0,1
flush,miss,4355,2504,10876,13380,55,1
flush,hit,4355,252,585,837,0,1
flush,miss,4356,2344,13391,15735,70,1
flush,hit,4356,261,558,819,0,1
flush,miss,4357,2459,10840,13299,55,1
flush,hit,4357,250,566,816,0,1
flush,miss,4358,2964,12027,14991,37,1
flush,hit,4358,272,611,883,0,1
flush,miss,4359,2519,12551,15070,35,1
flush,hit,4359,263,573,836,0,1
flush,miss,4360,2482,10976,13458,56,1
flush,hit,4360,265,549,814,0,1
flush,miss,4361,2511,13045,15556,68,1
flush,hit,4361,257,553,810,0,1
flush,miss,4362,2178,12820,14998,67,1
flush,hit,4362,261,551,812,0,1
flush,miss,4363,2550,9640,12190,48,1
flush,hit,4363,252,563,815,0,1
flush,miss,4364,2338,10397,12735,53,1
flush,hit,4364,255,554,809,0,1
flush,miss,4365,2508,11082,13590,56,1
flush,hit,4365,249,548,797,0,1
flush,miss,4366,2345,10928,13273,56,1
flush,hit,4366,253,543,796,0,1
flush,miss,4367,2286,12103,14389,62,1
flush,hit,4367,251,543,794,0,1
flush,miss,4368,2171,10486,12657,53,1
flush,hit,4368,253,554,807,0,1
flush,miss,4369,2500,10331,12831,52,1
flush,hit,4369,248,544,792,0,1
flush,miss,4370,2363,11057,13420,56,1
flush,hit,4370,254,543,797,0,1
flush,miss,4371,2493,11034,13527,56,1
flush,hit,4371,255,551,806,0,1
flush,miss,4372,2330,10663,12993,54,1
flush,hit,4372,263,546,809,0,1
flush,miss,4373,2371,10339,12710,52,1
flush,hit,4373,259,548,807,0,1
flush,miss,4374,2337,10302,12639,52,1
flush,hit,4374,253,541,794,0,1
flush,miss,4375,2563,11071,13634,56,1
flush,hit,4375,253,565,818,0,1
flush,miss,4376,2309,10987,13296,56,1
flush,hit,4376,258,536,794,0,1
flush,miss,4377,2512,10880,13392,55,1
flush,hit,4377,251,550,801,0,1
flush,miss,4378,2343,11963,14306,62,1
flush,hit,4378,358,720,1078,0,1
flush,miss,4379,2518,11592,14110,59,1
flush,hit,4379,256,594,850,0,1
flush,miss,4380,2367,11517,13884,59,1
flush,hit,4380,266,562,828,0,1
flush,miss,4381,2491,11156,13647,57,1
flush,hit,4381,263,574,837,0,1
flush,miss,4382,2369,10836,13205,55,1
flush,hit,4382,264,567,831,0,1
flush,miss,4383,2554,13529,16083,71,1
flush,hit,4383,255,573,828,0,1
flush,miss,4384,2200,12100,14300,63,1
flush,hit,4384,259,562,821,0,1
flush,miss,4385,2495,9922,12417,49,1
flush,hit,4385,260,570,830,0,1
flush,miss,4386,2380,10270,12650,52,1
flush,hit,4386,258,566,824,0,1
flush,miss,4387,2531,10838,13369,55,1
flush,hit,4387,262,569,831,0,1
flush,miss,4388,2345,10799,13144,55,1
flush,hit,4388,258,564,822,0,1
flush,miss,4389,2319,12254,14573,63,1
flush,hit,4389,261,582,843,0,1
flush,miss,4390,2212,9932,12144,50,1
flush,hit,4390,261,566,827,0,1
flush,miss,4391,2438,11025,13463,56,1
flush,hit,4391,257,569,826,0,1
flush,miss,4392,2316,15242,17558,55,1
flush,hit,4392,267,554,821,0,1
flush,miss,4393,2490,11058,13548,56,1
flush,hit,4393,265,549,814,0,1
flush,miss,4394,2360,10716,13076,54,1
flush,hit,4394,267,553,820,0,1
flush,miss,4395,2347,10035,12382,50,1
flush,hit,4395,261,561,822,0,1
flush,miss,4396,2366,10721,13087,54,1
flush,hit,4396,262,550,812,0,1
flush,miss,4397,2495,10985,13480,56,1
flush,hit,4397,260,543,803,0,1
flush,miss,4398,2352,11022,13374,56,1
flush,hit,4398,255,542,797,0,1
flush,miss,4399,2480,10849,13329,55,1
flush,hit,4399,261,546,807,0,1
flush,miss,4400,2339,12730,15069,66,1
flush,hit,4400,257,543,800,0,1
flush,miss,4401,2481,20420,22901,111,1
flush,hit,4401,254,547,801,0,1
flush,miss,4402,3991,10796,14787,55,1
flush,hit,4402,259,583,842,0,1
flush,miss,4403,2464,11072,13536,56,1
flush,hit,4403,263,563,826,0,1
flush,miss,4404,2402,10847,13249,55,1
flush,hit,4404,260,543,803,0,1
flush,miss,4405,2523,11898,14421,61,1
flush,hit,4405,256,552,808,0,1
flush,miss,4406,2208,11842,14050,61,1
flush,hit,4406,260,537,797,0,1
flush,miss,4407,2508,10852,13360,55,1
flush,hit,4407,254,548,802,0,1
flush,miss,4408,2383,10367,12750,52,1
flush,hit,4408,256,544,800,0,1
flush,miss,4409,2472,11092,13564,56,1
flush,hit,4409,254,555,809,0,1
flush,miss,4410,2346,10988,13334,56,1
flush,hit,4410,436,1059,1495,0,1
flush,miss,4411,2454,13279,15733,69,1
flush,hit,4411,273,602,875,0,1
flush,miss,4412,2200,11448,13648,58,1
flush,hit,4412,262,557,819,0,1
flush,miss,4413,2524,11028,13552,56,1
flush,hit,4413,253,553,806,0,1
flush,miss,4414,2333,11034,13367,56,1
flush,hit,4414,257,567,824,0,1
flush,miss,4415,2505,11001,13506,56,1
flush,hit,4415,254,553,807,0,1
flush,miss,4416,2353,10890,13243,55,1
flush,hit,4416,256,549,805,0,1
flush,miss,4417,2343,9869,12212,49,1
flush,hit,4417,252,552,804,0,1
flush,miss,4418,2344,9829,12173,49,1
flush,hit,4418,251,548,799,0,1
flush,miss,4419,2460,10980,13440,56,1
flush,hit,4419,256,554,810,0,1
flush,miss,4420,2373,11146,13519,57,1
flush,hit,4420,250,548,798,0,1
flush,miss,4421,2494,10707,13201,54,1
flush,hit,4421,253,553,806,0,1
flush,miss,4422,2337,13012,15349,68,1
flush,hit,4422,251,548,799,0,1
flush,miss,4423,2487,10366,12853,52,1
flush,hit,4423,251,555,806,0,1
flush,miss,4424,2300,12891,15191,41,1
flush,hit,4424,270,556,826,0,1
flush,miss,4425,2506,10917,13423,55,1
flush,hit,4425,262,543,805,0,1
flush,miss,4426,2341,10993,13334,56,1
flush,hit,4426,253,544,797,0,1
flush,miss,4427,2509,13386,15895,70,1
flush,hit,4427,250,538,788,0,1
flush,miss,4428,2202,12640,14842,66,1
flush,hit,4428,253,539,792,0,1
flush,miss,4429,2523,9652,12175,48,1
flush,hit,4429,251,544,795,0,1
flush,miss,4430,2327,9613,11940,48,1
flush,hit,4430,260,538,798,0,1
flush,miss,4431,2447,10839,13286,55,1
flush,hit,4431,250,535,785,0,1
flush,miss,4432,2317,10795,13112,55,1
flush,hit,4432,254,532,786,0,1
flush,miss,4433,2355,11931,14286,61,1
flush,hit,4433,250,553,803,0,1
flush,miss,4434,2161,10835,12996,55,1
flush,hit,4434,252,542,794,0,1
flush,miss,4435,2504,10870,13374,55,1
flush,hit,4435,251,555,806,0,1
flush,miss,4436,2343,10807,13150,55,1
flush,hit,4436,253,534,787,0,1
flush,miss,4437,2473,10817,13290,55,1
flush,hit,4437,249,557,806,0,1
flush,miss,4438,2328,10642,12970,54,1
flush,hit,4438,254,544,798,0,1
flush,miss,4439,2380,10280,12660,52,1
flush,hit,4439,253,573,826,0,1
flush,miss,4440,2370,10331,12701,52,1
flush,hit,4440,254,537,791,0,1
flush,miss,4441,2502,10851,13353,55,1
flush,hit,4441,252,540,792,0,1
flush,miss,4442,2395,10963,13358,56,1
flush,hit,4442,251,532,783,0,1
flush,miss,4443,2903,11350,14253,57,1
flush,hit,4443,5337,736,6073,0,1
flush,miss,4444,2376,13399,15775,70,1
flush,hit,4444,253,552,805,0,1
flush,miss,4445,2483,10686,13169,54,1
flush,hit,4445,260,549,809,0,1
flush,miss,4446,2279,11525,13804,59,1
flush,hit,4446,269,545,814,0,1
flush,miss,4447,2518,11226,13744,57,1
flush,hit,4447,263,558,821,0,1
flush,miss,4448,2338,10953,13291,56,1
flush,hit,4448,262,541,803,0,1
flush,miss,4449,2473,13386,15859,70,1
flush,hit,4449,264,550,814,0,1
flush,miss,4450,2156,12995,15151,68,1
flush,hit,4450,257,548,805,0,1
flush,miss,4451,2499,11081,13580,56,1
flush,hit,4451,258,548,806,0,1
flush,miss,4452,2330,10974,13304,56,1
flush,hit,4452,253,543,796,0,1
flush,miss,4453,2484,10829,13313,55,1
flush,hit,4453,250,547,797,0,1
flush,miss,4454,2367,10972,13339,56,1
flush,hit,4454,347,542,889,0,1
flush,miss,4455,2341,12313,14654,64,1
flush,hit,4455,245,568,813,0,1
flush,miss,4456,2151,10963,13114,55,1
flush,hit,4456,306,770,1076,0,1
flush,miss,4457,2574,11128,13702,56,1
flush,hit,4457,258,561,819,0,1
flush,miss,4458,2373,11204,13577,57,1
flush,hit,4458,264,544,808,0,1
flush,miss,4459,2489,10885,13374,55,1
flush,hit,4459,255,543,798,0,1
flush,miss,4460,2316,10937,13253,56,1
flush,hit,4460,257,540,797,0,1
flush,miss,4461,2317,11224,13541,57,1
flush,hit,4461,246,543,789,0,1
flush,miss,4462,2391,10706,13097,54,1
flush,hit,4462,250,530,780,0,1
flush,miss,4463,2440,10813,13253,56,1
flush,hit,4463,243,529,772,0,1
flush,miss,4464,2267,10747,13014,56,1
flush,hit,4464,250,523,773,0,1
flush,miss,4465,2435,10580,13015,55,1
flush,hit,4465,244,526,770,0,1
flush,miss,4466,2263,11615,13878,61,1
flush,hit,4466,248,527,775,0,1
flush,miss,4467,2430,20879,23309,117,1
flush,hit,4467,247,531,778,0,1
flush,miss,4468,3875,11060,14935,58,1
flush,hit,4468,248,535,783,0,1
flush,miss,4469,2426,10639,13065,55,1
flush,hit,4469,242,534,776,0,1
flush,miss,4470,2314,10781,13095,56,1
flush,hit,4470,259,531,790,0,1
flush,miss,4471,2437,11717,14154,62,1
flush,hit,4471,246,535,781,0,1
flush,miss,4472,2160,11668,13828,61,1
flush,hit,4472,242,525,767,0,1
flush,miss,4473,2427,10786,13213,56,1
flush,hit,4473,248,537,785,0,1
flush,miss,4474,2306,10076,12382,52,1
flush,hit,4474,247,525,772,0,1
flush,miss,4475,2907,11251,14158,57,1
flush,hit,4475,317,684,1001,0,1
flush,miss,4476,2350,11353,13703,58,1
flush,hit,4476,252,558,810,0,1
flush,miss,4477,9118,12252,21370,65,1
flush,hit,4477,251,607,858,0,1
flush,miss,4478,2149,11061,13210,58,1
flush,hit,4478,250,537,787,0,1
flush,miss,4479,2450,10087,12537,52,1
flush,hit,4479,249,552,801,0,1
flush,miss,4480,2363,9411,11774,48,1
flush,hit,4480,252,546,798,0,1
flush,miss,4481,2412,10299,12711,53,1
flush,hit,4481,249,546,795,0,1
flush,miss,4482,2305,10847,13152,57,1
flush,hit,4482,252,544,796,0,1
flush,miss,4483,2259,10461,12720,54,1
flush,hit,4483,252,552,804,0,1
flush,miss,4484,2281,9562,11843,49,1
flush,hit,4484,253,536,789,0,1
flush,miss,4485,2437,10418,12855,54,1
flush,hit,4485,245,545,790,0,1
flush,miss,4486,2265,11217,13482,59,1
flush,hit,4486,259,547,806,0,1
flush,miss,4487,2457,9429,11886,48,1
flush,hit,4487,252,544,796,0,1
flush,miss,4488,2266,11755,14021,62,1
flush,hit,4488,253,598,851,0,1
flush,miss,4489,2394,11109,13503,58,1
flush,hit,4489,248,553,801,0,1
flush,miss,4490,2279,10076,12355,52,1
flush,hit,4490,247,529,776,0,1
flush,miss,4491,2411,9615,12026,49,1
flush,hit,4491,255,549,804,0,1
flush,miss,4492,2310,9403,11713,48,1
flush,hit,4492,249,531,780,0,1
flush,miss,4493,2396,12938,15334,69,1
flush,hit,4493,248,531,779,0,1
flush,miss,4494,2114,11967,14081,63,1
flush,hit,4494,250,533,783,0,1
flush,miss,4495,2431,10445,12876,54,1
flush,hit,4495,243,533,776,0,1
flush,miss,4496,2297,10446,12743,54,1
flush,hit,4496,265,528,793,0,1
flush,miss,4497,2376,10118,12494,52,1
flush,hit,4497,243,538,781,0,1
flush,miss,4498,2277,9463,11740,48,1
flush,hit,4498,243,523,766,0,1
flush,miss,4499,2229,11487,13716,60,1
flush,hit,4499,246,528,774,0,1
flush,miss,4500,2117,10732,12849,56,1
flush,hit,4500,255,525,780,0,1
flush,miss,4501,2403,9931,12334,51,1
flush,hit,4501,250,527,777,0,1
flush,miss,4502,2261,9380,11641,48,1
flush,hit,4502,245,525,770,0,1
flush,miss,4503,2359,11006,13365,57,1
flush,hit,4503,243,540,783,0,1
flush,miss,4504,2288,10895,13183,57,1
flush,hit,4504,244,522,766,0,1
flush,miss,4505,2297,11084,13381,52,1
flush,hit,4505,242,1664,1906,0,1
flush,miss,4506,2310,11120,13430,58,1
flush,hit,4506,254,537,791,0,1
flush,miss,4507,2400,9410,11810,48,1
flush,hit,4507,257,531,788,0,1
flush,miss,4508,2331,9615,11946,49,1
flush,hit,4508,333,788,1121,0,1
flush,miss,4509,2443,11281,13724,57,1
flush,hit,4509,259,575,834,0,1
flush,miss,4510,2378,13531,15909,71,1
flush,hit,4510,253,543,796,0,1
flush,miss,4511,2426,11054,13480,57,1
flush,hit,4511,266,562,828,0,1
flush,miss,4512,2269,11277,13546,59,1
flush,hit,4512,248,535,783,0,1
flush,miss,4513,2416,11170,13586,58,1
flush,hit,4513,245,544,789,0,1
flush,miss,4514,2290,10744,13034,56,1
flush,hit,4514,249,542,791,0,1
flush,miss,4515,2415,11504,13919,60,1
flush,hit,4515,251,543,794,0,1
flush,miss,4516,2117,12614,14731,67,1
flush,hit,4516,250,538,788,0,1
flush,miss,4517,2386,10187,12573,52,1
flush,hit,4517,253,546,799,0,1
flush,miss,4518,2280,10142,12422,52,1
flush,hit,4518,246,539,785,0,1
flush,miss,4519,2403,10747,13150,56,1
flush,hit,4519,246,542,788,0,1
flush,miss,4520,2296,10622,12918,55,1
flush,hit,4520,248,534,782,0,1
flush,miss,4521,2255,12057,14312,42,1
flush,hit,4521,253,553,806,0,1
flush,miss,4522,2266,9650,11916,49,1
flush,hit,4522,253,517,770,0,1
flush,miss,4523,2375,10126,12501,52,1
flush,hit,4523,252,528,780,0,1
flush,miss,4524,2251,10926,13177,57,1
flush,hit,4524,254,525,779,0,1
flush,miss,4525,2403,10819,13222,56,1
flush,hit,4525,246,531,777,0,1
flush,miss,4526,2270,10578,12848,55,1
flush,hit,4526,245,521,766,0,1
flush,miss,4527,2277,10128,12405,52,1
flush,hit,4527,245,527,772,0,1
flush,miss,4528,2276,10066,12342,52,1
flush,hit,4528,258,520,778,0,1
flush,miss,4529,2443,10806,13249,56,1
flush,hit,4529,248,529,777,0,1
flush,miss,4530,2315,10736,13051,56,1
flush,hit,4530,248,522,770,0,1
flush,miss,4531,2434,10629,13063,55,1
flush,hit,4531,250,527,777,0,1
flush,miss,4532,2350,11483,13833,60,1
flush,hit,4532,249,522,771,0,1
flush,miss,4533,2456,10614,13070,55,1
flush,hit,4533,241,532,773,0,1
flush,miss,4534,2293,10718,13011,56,1
flush,hit,4534,255,537,792,0,1
flush,miss,4535,2444,10680,13124,55,1
flush,hit,4535,243,549,792,0,1
flush,miss,4536,2239,10753,12992,56,1
flush,hit,4536,251,530,781,0,1
flush,miss,4537,2468,11772,14240,62,1
flush,hit,4537,247,534,781,0,1
flush,miss,4538,2157,11576,13733,61,1
flush,hit,4538,245,534,779,0,1
flush,miss,4539,2430,10772,13202,56,1
flush,hit,4539,243,528,771,0,1
flush,miss,4540,2309,10628,12937,55,1
flush,hit,4540,256,542,798,0,1
flush,miss,4541,3017,16202,19219,57,1
flush,hit,4541,338,767,1105,0,1
flush,miss,4542,2396,11349,13745,58,1
flush,hit,4542,254,581,835,0,1
flush,miss,4543,2266,12113,14379,64,1
flush,hit,4543,250,576,826,0,1
flush,miss,4544,2152,9913,12065,51,1
flush,hit,4544,249,542,791,0,1
flush,miss,4545,2422,11404,13826,56,1
flush,hit,4545,247,557,804,0,1
flush,miss,4546,3239,11462,14701,41,1
flush,hit,4546,335,820,1155,0,1
flush,miss,4547,3753,11653,15406,33,1
flush,hit,4547,359,784,1143,0,1
flush,miss,4548,3368,11990,15358,37,1
flush,hit,4548,268,572,840,0,1
flush,miss,4549,2307,10929,13236,57,1
flush,hit,4549,245,546,791,0,1
flush,miss,4550,2251,11150,13401,58,1
flush,hit,4550,264,542,806,0,1
flush,miss,4551,2482,10801,13283,56,1
flush,hit,4551,251,549,800,0,1
flush,miss,4552,2295,11045,13340,58,1
flush,hit,4552,249,536,785,0,1
flush,miss,4553,2442,10588,13030,55,1
flush,hit,4553,247,546,793,0,1
flush,miss,4554,6332,12956,19288,68,1
flush,hit,4554,250,548,798,0,1
flush,miss,4555,2460,11084,13544,58,1
flush,hit,4555,266,539,805,0,1
flush,miss,4556,2308,10965,13273,57,1
flush,hit,4556,251,530,781,0,1
flush,miss,4557,2417,10721,13138,56,1
flush,hit,4557,261,534,795,0,1
flush,miss,4558,2268,10783,13051,56,1
flush,hit,4558,246,524,770,0,1
flush,miss,4559,2426,12879,15305,68,1
flush,hit,4559,246,540,786,0,1
flush,miss,4560,2093,11572,13665,61,1
flush,hit,4560,247,529,776,0,1
flush,miss,4561,2401,10118,12519,52,1
flush,hit,4561,247,530,777,0,1
flush,miss,4562,2263,10263,12526,53,1
flush,hit,4562,247,523,770,0,1
flush,miss,4563,2438,10677,13115,55,1
flush,hit,4563,246,532,778,0,1
flush,miss,4564,2267,10731,12998,56,1
flush,hit,4564,247,521,768,0,1
flush,miss,4565,2363,11694,14057,61,1
flush,hit,4565,246,542,788,0,1
flush,miss,4566,2121,10758,12879,56,1
flush,hit,4566,248,526,774,0,1
flush,miss,4567,2449,10745,13194,56,1
flush,hit,4567,244,548,792,0,1
flush,miss,4568,2305,10830,13135,56,1
flush,hit,4568,247,533,780,0,1
flush,miss,4569,2427,10723,13150,56,1
flush,hit,4569,249,535,784,0,1
flush,miss,4570,2267,10784,13051,56,1
flush,hit,4570,247,541,788,0,1
flush,miss,4571,2247,10801,13048,56,1
flush,hit,4571,260,536,796,0,1
flush,miss,4572,2272,10652,12924,55,1
flush,hit,4572,258,533,791,0,1
flush,miss,4573,2599,16360,18959,87,1
flush,hit,4573,280,604,884,0,1
flush,miss,4574,2326,11524,13850,59,1
flush,hit,4574,263,557,820,0,1
flush,miss,4575,2417,10614,13031,55,1
flush,hit,4575,248,557,805,0,1
flush,miss,4576,2301,13061,15362,70,1
flush,hit,4576,247,544,791,0,1
flush,miss,4577,2436,9681,12117,49,1
flush,hit,4577,247,552,799,0,1
flush,miss,4578,2305,10424,12729,54,1
flush,hit,4578,249,543,792,0,1
flush,miss,4579,2444,10919,13363,57,1
flush,hit,4579,255,547,802,0,1
flush,miss,4580,2261,10590,12851,55,1
flush,hit,4580,249,537,786,0,1
flush,miss,4581,2447,12954,15401,69,1
flush,hit,4581,261,540,801,0,1
flush,miss,4582,2114,12085,14199,64,1
flush,hit,4582,251,549,800,0,1
flush,miss,4583,2407,10804,13211,56,1
flush,hit,4583,245,555,800,0,1
flush,miss,4584,2306,10715,13021,56,1
flush,hit,4584,256,535,791,0,1
flush,miss,4585,2453,10669,13122,55,1
flush,hit,4585,248,553,801,0,1
flush,miss,4586,2296,10575,12871,55,1
flush,hit,4586,283,692,975,0,1
flush,miss,4587,2372,12619,14991,67,1
flush,hit,4587,249,569,818,0,1
flush,miss,4588,2161,10718,12879,56,1
flush,hit,4588,253,543,796,0,1
flush,miss,4589,2557,15036,17593,80,1
flush,hit,4589,248,543,791,0,1
flush,miss,4590,2315,10280,12595,52,1
flush,hit,4590,269,545,814,0,1
flush,miss,4591,2467,10892,13359,55,1
flush,hit,4591,264,551,815,0,1
flush,miss,4592,2327,11090,13417,56,1
flush,hit,4592,253,553,806,0,1
flush,miss,4593,2370,11381,13751,56,1
flush,hit,4593,312,674,986,0,1
flush,miss,4594,2356,11787,14143,60,1
flush,hit,4594,399,1052,1451,0,1
flush,miss,4595,3400,15012,18412,78,1
flush,hit,4595,507,874,1381,0,1
flush,miss,4596,2573,14474,17047,74,1
flush,hit,4596,258,641,899,0,1
flush,miss,4597,2640,12693,15333,61,1
flush,hit,4597,565,561,1126,0,1
flush,miss,4598,2749,12900,15649,66,1
flush,hit,4598,255,630,885,0,1
flush,miss,4599,3173,46322,49495,254,1
flush,hit,4599,260,696,956,0,1
flush,miss,4600,3333,24598,27931,105,1
flush,hit,4600,676,2045,2721,0,1
flush,miss,4601,3908,79990,83898,452,1
flush,hit,4601,451,1419,1870,0,1
flush,miss,4602,2602,13913,16515,73,1
flush,hit,4602,272,585,857,0,1
flush,miss,4603,2490,12927,15417,67,1
flush,hit,4603,270,570,840,0,1
flush,miss,4604,2315,11397,13712,58,1
flush,hit,4604,273,562,835,0,1
flush,miss,4605,2669,18570,21239,66,1
flush,hit,4605,306,640,946,0,1
flush,miss,4606,2753,47406,50159,269,1
flush,hit,4606,285,568,853,0,1
flush,miss,4607,2560,11224,13784,52,1
flush,hit,4607,263,2461,2724,0,1
flush,miss,4608,2358,11695,14053,60,1
flush,hit,4608,259,544,803,0,1
flush,miss,4609,2472,10988,13460,56,1
flush,hit,4609,257,538,795,0,1
flush,miss,4610,2340,11573,13913,59,1
flush,hit,4610,256,542,798,0,1
flush,miss,4611,3016,48173,51189,273,1
flush,hit,4611,355,857,1212,0,1
flush,miss,4612,2359,11157,13516,57,1
flush,hit,4612,260,566,826,0,1
flush,miss,4613,2582,11280,13862,57,1
flush,hit,4613,261,567,828,0,1
flush,miss,4614,2344,11002,13346,56,1
flush,hit,4614,262,544,806,0,1
flush,miss,4615,2515,11729,14244,60,1
flush,hit,4615,263,573,836,0,1
flush,miss,4616,2360,11343,13703,58,1
flush,hit,4616,338,840,1178,0,1
flush,miss,4617,2334,10989,13323,56,1
flush,hit,4617,263,595,858,0,1
flush,miss,4618,2480,11182,13662,57,1
flush,hit,4618,257,522,779,0,1
flush,miss,4619,2472,16788,19260,68,1
flush,hit,4619,263,567,830,0,1
flush,miss,4620,2539,14747,17286,78,1
flush,hit,4620,272,566,838,0,1
flush,miss,4621,2529,11714,14243,60,1
flush,hit,4621,266,576,842,0,1
flush,miss,4622,2375,16038,18413,50,1
flush,hit,4622,292,675,967,0,1
flush,miss,4623,2547,11802,14349,60,1
flush,hit,4623,276,583,859,0,1
flush,miss,4624,2388,11475,13863,59,1
flush,hit,4624,272,553,825,0,1
flush,miss,4625,2506,15478,17984,82,1
flush,hit,4625,268,560,828,0,1
flush,miss,4626,2334,12087,14421,62,1
flush,hit,4626,268,558,826,0,1
flush,miss,4627,2554,15111,17665,48,1
flush,hit,4627,270,570,840,0,1
flush,miss,4628,2590,50135,52725,287,1
flush,hit,4628,279,609,888,0,1
flush,miss,4629,2497,11478,13975,34,1
flush,hit,4629,264,590,854,0,1
flush,miss,4630,2579,11718,14297,59,1
flush,hit,4630,264,548,812,0,1
flush,miss,4631,2542,13446,15988,70,1
flush,hit,4631,263,651,914,0,1
flush,miss,4632,2417,10985,13402,56,1
flush,hit,4632,265,546,811,0,1
flush,miss,4633,3572,21364,24936,115,1
flush,hit,4633,337,1066,1403,0,1
flush,miss,4634,2400,12499,14899,65,1
flush,hit,4634,270,556,826,0,1
flush,miss,4635,3563,21775,25338,75,1
flush,hit,4635,259,696,955,0,1
flush,miss,4636,4367,14439,18806,40,1
flush,hit,4636,301,907,1208,0,1
flush,miss,4637,3202,22343,25545,122,1
flush,hit,4637,268,639,907,0,1
flush,miss,4638,2475,12754,15229,66,1
flush,hit,4638,474,1279,1753,0,1
flush,miss,4639,3280,18304,21584,75,1
flush,hit,4639,555,885,1440,0,1
flush,miss,4640,2716,17115,19831,91,1
flush,hit,4640,329,601,930,0,1
flush,miss,4641,2515,12606,15121,65,1
flush,hit,4641,264,576,840,0,1
flush,miss,4642,2418,12787,15205,65,1
flush,hit,4642,257,552,809,0,1
flush,miss,4643,2547,12491,15038,65,1
flush,hit,4643,262,545,807,0,1
flush,miss,4644,2411,13964,16375,46,1
flush,hit,4644,355,890,1245,0,1
flush,miss,4645,2561,11562,14123,59,1
flush,hit,4645,272,632,904,0,1
flush,miss,4646,2352,11255,13607,58,1
flush,hit,4646,272,591,863,0,1
flush,miss,4647,2562,11470,14032,59,1
flush,hit,4647,267,597,864,0,1
flush,miss,4648,2541,11020,13561,56,1
flush,hit,4648,265,606,871,0,1
flush,miss,4649,3375,18117,21492,52,1
flush,hit,4649,268,1035,1303,0,1
flush,miss,4650,3877,11389,15266,57,1
flush,hit,4650,533,642,1175,0,1
flush,miss,4651,2602,14384,16986,69,1
flush,hit,4651,270,601,871,0,1
flush,miss,4652,2524,12987,15511,68,1
flush,hit,4652,261,564,825,0,1
flush,miss,4653,3401,12905,16306,66,1
flush,hit,4653,262,575,837,0,1
flush,miss,4654,2453,14787,17240,77,1
flush,hit,4654,270,574,844,0,1
flush,miss,4655,3334,15360,18694,39,1
flush,hit,4655,387,916,1303,0,1
flush,miss,4656,2855,13374,16229,67,1
flush,hit,4656,265,892,1157,0,1
flush,miss,4657,2699,12041,14740,62,1
flush,hit,4657,271,567,838,0,1
flush,miss,4658,2354,13454,15808,71,1
flush,hit,4658,267,552,819,0,1
flush,miss,4659,2617,13584,16201,71,1
flush,hit,4659,268,631,899,0,1
flush,miss,4660,2492,17921,20413,97,1
flush,hit,4660,348,896,1244,0,1
flush,miss,4661,2966,15414,18380,77,1
flush,hit,4661,275,857,1132,0,1
flush,miss,4662,3032,12407,15439,63,1
flush,hit,4662,258,557,815,0,1
flush,miss,4663,2561,14115,16676,73,1
flush,hit,4663,262,546,808,0,1
flush,miss,4664,2391,12903,15294,63,1
flush,hit,4664,264,554,818,0,1
flush,miss,4665,2620,18327,20947,99,1
flush,hit,4665,263,1215,1478,0,1
flush,miss,4666,2227,19399,21626,63,1
flush,hit,4666,285,606,891,0,1
flush,miss,4667,3167,12012,15179,60,1
flush,hit,4667,267,574,841,0,1
flush,miss,4668,2646,12367,15013,64,1
flush,hit,4668,263,905,1168,0,1
flush,miss,4669,2643,13889,16532,66,1
flush,hit,4669,260,552,812,0,1
flush,miss,4670,2430,13539,15969,71,1
flush,hit,4670,259,548,807,0,1
flush,miss,4671,3914,18270,22184,65,1
flush,hit,4671,320,765,1085,0,1
flush,miss,4672,2699,12450,15149,63,1
flush,hit,4672,260,588,848,0,1
flush,miss,4673,2503,11247,13750,57,1
flush,hit,4673,270,568,838,0,1
flush,miss,4674,2385,11528,13913,57,1
flush,hit,4674,269,583,852,0,1
flush,miss,4675,2509,16044,18553,81,1
flush,hit,4675,273,568,841,0,1
flush,miss,4676,2420,11678,14098,60,1
flush,hit,4676,266,567,833,0,1
flush,miss,4677,3459,12196,15655,60,1
flush,hit,4677,362,847,1209,0,1
flush,miss,4678,2994,14016,17010,72,1
flush,hit,4678,267,586,853,0,1
flush,miss,4679,2868,13096,15964,68,1
flush,hit,4679,279,585,864,0,1
flush,miss,4680,2736,11994,14730,62,1
flush,hit,4680,283,573,856,0,1
flush,miss,4681,3509,12664,16173,65,1
flush,hit,4681,267,574,841,0,1
flush,miss,4682,2376,11278,13654,57,1
flush,hit,4682,367,980,1347,0,1
flush,miss,4683,2652,12528,15180,61,1
flush,hit,4683,272,617,889,0,1
flush,miss,4684,2554,13656,16210,72,1
flush,hit,4684,262,560,822,0,1
flush,miss,4685,2566,12026,14592,62,1
flush,hit,4685,261,563,824,0,1
flush,miss,4686,2375,12376,14751,64,1
flush,hit,4686,263,554,817,0,1
flush,miss,4687,2527,12461,14988,65,1
flush,hit,4687,261,550,811,0,1
flush,miss,4688,2545,14773,17318,49,1
flush,hit,4688,700,596,1296,0,1
flush,miss,4689,2525,15609,18134,83,1
flush,hit,4689,256,564,820,0,1
flush,miss,4690,2468,11958,14426,60,1
flush,hit,4690,253,560,813,0,1
flush,miss,4691,2576,13509,16085,71,1
flush,hit,4691,253,551,804,0,1
flush,miss,4692,3923,12593,16516,65,1
flush,hit,4692,256,549,805,0,1
flush,miss,4693,2541,13651,16192,44,1
flush,hit,4693,256,555,811,0,1
flush,miss,4694,2795,11661,14456,60,1
flush,hit,4694,265,563,828,0,1
flush,miss,4695,2550,11220,13770,57,1
flush,hit,4695,315,730,1045,0,1
flush,miss,4696,2408,12222,14630,58,1
flush,hit,4696,263,549,812,0,1
flush,miss,4697,2565,13205,15770,69,1
flush,hit,4697,258,619,877,0,1
flush,miss,4698,2585,11803,14388,61,1
flush,hit,4698,255,713,968,0,1
flush,miss,4699,2896,16869,19765,59,1
flush,hit,4699,344,809,1153,0,1
flush,miss,4700,4232,14600,18832,72,1
flush,hit,4700,276,603,879,0,1
flush,miss,4701,2498,14301,16799,70,1
flush,hit,4701,269,583,852,0,1
flush,miss,4702,2948,13486,16434,71,1
flush,hit,4702,270,573,843,0,1
flush,miss,4703,2850,12223,15073,63,1
flush,hit,4703,273,643,916,0,1
flush,miss,4704,2669,12145,14814,63,1
flush,hit,4704,367,874,1241,0,1
flush,miss,4705,2885,14293,17178,71,1
flush,hit,4705,278,633,911,0,1
flush,miss,4706,3164,15618,18782,74,1
flush,hit,4706,270,581,851,0,1
flush,miss,4707,2595,13945,16540,71,1
flush,hit,4707,723,595,1318,0,1
flush,miss,4708,2643,14667,17310,72,1
flush,hit,4708,268,1440,1708,0,1
flush,miss,4709,4463,24739,29202,137,1
flush,hit,4709,263,1043,1306,0,1
flush,miss,4710,2599,34941,37540,1,1
flush,hit,4710,293,2362,2655,0,1
flush,miss,4711,3262,14866,18128,77,1
flush,hit,4711,280,593,873,0,1
flush,miss,4712,2414,13921,16335,64,1
flush,hit,4712,268,548,816,0,1
flush,miss,4713,3465,11246,14711,57,1
flush,hit,4713,267,565,832,0,1
flush,miss,4714,2707,13450,16157,69,1
flush,hit,4714,474,540,1014,0,1
flush,miss,4715,2421,21663,24084,70,1
flush,hit,4715,524,1314,1838,0,1
flush,miss,4716,3754,20023,23777,93,1
flush,hit,4716,266,556,822,0,1
flush,miss,4717,2894,17750,20644,79,1
flush,hit,4717,260,556,816,0,1
flush,miss,4718,2721,13403,16124,65,1
flush,hit,4718,260,895,1155,0,1
flush,miss,4719,3162,14977,18139,77,1
flush,hit,4719,267,552,819,0,1
flush,miss,4720,4824,13698,18522,72,1
flush,hit,4720,270,537,807,0,1
flush,miss,4721,4014,14107,18121,72,1
flush,hit,4721,1222,832,2054,0,1
flush,miss,4722,4345,14940,19285,77,1
flush,hit,4722,327,4639,4966,0,1
flush,miss,4723,2702,16778,19480,82,1
flush,hit,4723,280,1974,2254,0,1
flush,miss,4724,2390,16749,19139,87,1
flush,hit,4724,267,559,826,0,1
flush,miss,4725,2530,13596,16126,71,1
flush,hit,4725,269,563,832,0,1
flush,miss,4726,2939,25301,28240,140,1
flush,hit,4726,350,861,1211,0,1
flush,miss,4727,2623,16686,19309,80,1
flush,hit,4727,268,619,887,0,1
flush,miss,4728,2460,13137,15597,63,1
flush,hit,4728,265,1594,1859,0,1
flush,miss,4729,3279,14140,17419,73,1
flush,hit,4729,270,984,1254,0,1
flush,miss,4730,2685,15607,18292,81,1
flush,hit,4730,264,561,825,0,1
flush,miss,4731,2810,23891,26701,122,1
flush,hit,4731,1080,566,1646,0,1
flush,miss,4732,2837,29090,31927,55,1
flush,hit,4732,257,607,864,0,1
flush,miss,4733,3974,16129,20103,81,1
flush,hit,4733,264,1345,1609,0,1
flush,miss,4734,3618,16191,19809,82,1
flush,hit,4734,847,546,1393,0,1
flush,miss,4735,3363,16586,19949,89,1
flush,hit,4735,897,564,1461,0,1
flush,miss,4736,3499,15076,18575,80,1
flush,hit,4736,266,547,813,0,1
flush,miss,4737,2378,16741,19119,58,1
flush,hit,4737,257,556,813,0,1
flush,miss,4738,2566,16247,18813,73,1
flush,hit,4738,267,630,897,0,1
flush,miss,4739,2656,14250,16906,66,1
flush,hit,4739,255,555,810,0,1
flush,miss,4740,7183,15156,22339,68,1
flush,hit,4740,257,997,1254,0,1
flush,miss,4741,2901,13776,16677,72,1
flush,hit,4741,258,551,809,0,1
flush,miss,4742,3001,12631,15632,65,1
flush,hit,4742,270,1166,1436,0,1
flush,miss,4743,2923,11189,14112,56,1
flush,hit,4743,329,799,1128,0,1
flush,miss,4744,2442,12268,14710,56,1
flush,hit,4744,256,569,825,0,1
flush,miss,4745,2815,13060,15875,65,1
flush,hit,4745,258,583,841,0,1
flush,miss,4746,2647,16577,19224,53,1
flush,hit,4746,277,606,883,0,1
flush,miss,4747,2512,14389,16901,72,1
flush,hit,4747,268,580,848,0,1
flush,miss,4748,2450,12654,15104,66,1
flush,hit,4748,339,827,1166,0,1
flush,miss,4749,2672,12076,14748,62,1
flush,hit,4749,268,631,899,0,1
flush,miss,4750,2390,12336,14726,61,1
flush,hit,4750,274,566,840,0,1
flush,miss,4751,2643,11514,14157,59,1
flush,hit,4751,271,588,859,0,1
flush,miss,4752,2871,11634,14505,60,1
flush,hit,4752,268,548,816,0,1
flush,miss,4753,2845,13536,16381,71,1
flush,hit,4753,270,572,842,0,1
flush,miss,4754,2336,17121,19457,56,1
flush,hit,4754,271,620,891,0,1
flush,miss,4755,2569,12675,15244,65,1
flush,hit,4755,453,584,1037,0,1
flush,miss,4756,2821,13439,16260,71,1
flush,hit,4756,270,566,836,0,1
flush,miss,4757,2547,13108,15655,68,1
flush,hit,4757,258,571,829,0,1
flush,miss,4758,2420,12060,14480,26,1
flush,hit,4758,267,568,835,0,1
flush,miss,4759,4495,19433,23928,74,1
flush,hit,4759,263,574,837,0,1
flush,miss,4760,3045,12248,15293,63,1
flush,hit,4760,277,580,857,0,1
flush,miss,4761,2647,11715,14362,60,1
flush,hit,4761,263,575,838,0,1
flush,miss,4762,2560,11829,14389,60,1
flush,hit,4762,267,542,809,0,1
flush,miss,4763,2583,12476,15059,64,1
flush,hit,4763,261,548,809,0,1
flush,miss,4764,2370,12494,14864,65,1
flush,hit,4764,270,547,817,0,1
flush,miss,4765,3334,12351,15685,63,1
flush,hit,4765,319,884,1203,0,1
flush,miss,4766,2384,11938,14322,61,1
flush,hit,4766,257,557,814,0,1
flush,miss,4767,2564,11550,14114,59,1
flush,hit,4767,263,563,826,0,1
flush,miss,4768,2435,11498,13933,59,1
flush,hit,4768,269,559,828,0,1
flush,miss,4769,2741,12065,14806,62,1
flush,hit,4769,258,552,810,0,1
flush,miss,4770,2352,13064,15416,68,1
flush,hit,4770,645,954,1599,0,1
flush,miss,4771,2584,11223,13807,57,1
flush,hit,4771,266,611,877,0,1
flush,miss,4772,2393,11007,13400,56,1
flush,hit,4772,265,538,803,0,1
flush,miss,4773,2576,10837,13413,55,1
flush,hit,4773,259,555,814,0,1
flush,miss,4774,2444,10972,13416,56,1
flush,hit,4774,275,540,815,0,1
flush,miss,4775,2758,12148,14906,63,1
flush,hit,4775,272,638,910,0,1
flush,miss,4776,2357,15447,17804,51,1
flush,hit,4776,278,603,881,0,1
flush,miss,4777,2536,11409,13945,58,1
flush,hit,4777,263,564,827,0,1
flush,miss,4778,2323,11115,13438,57,1
flush,hit,4778,266,542,808,0,1
flush,miss,4779,2541,11542,14083,59,1
flush,hit,4779,262,556,818,0,1
flush,miss,4780,2366,11714,14080,60,1
flush,hit,4780,272,546,818,0,1
flush,miss,4781,2537,12966,15503,42,1
flush,hit,4781,257,556,813,0,1
flush,miss,4782,2612,11138,13750,55,1
flush,hit,4782,269,582,851,0,1
flush,miss,4783,2558,10930,13488,55,1
flush,hit,4783,371,571,942,0,1
flush,miss,4784,2336,10985,13321,56,1
flush,hit,4784,260,561,821,0,1
flush,miss,4785,2544,11570,14114,59,1
flush,hit,4785,258,568,826,0,1
flush,miss,4786,2356,11011,13367,56,1
flush,hit,4786,261,552,813,0,1
flush,miss,4787,2896,10918,13814,55,1
flush,hit,4787,349,835,1184,0,1
flush,miss,4788,2393,11073,13466,28,1
flush,hit,4788,259,585,844,0,1
flush,miss,4789,2550,11079,13629,56,1
flush,hit,4789,270,569,839,0,1
flush,miss,4790,2334,11059,13393,56,1
flush,hit,4790,271,553,824,0,1
flush,miss,4791,2532,10864,13396,55,1
flush,hit,4791,277,565,842,0,1
flush,miss,4792,2404,11144,13548,57,1
flush,hit,4792,331,828,1159,0,1
flush,miss,4793,2544,11021,13565,56,1
flush,hit,4793,271,603,874,0,1
flush,miss,4794,2363,11028,13391,56,1
flush,hit,4794,259,545,804,0,1
flush,miss,4795,2568,10896,13464,55,1
flush,hit,4795,263,547,810,0,1
flush,miss,4796,2412,11131,13543,57,1
flush,hit,4796,260,540,800,0,1
flush,miss,4797,2501,11208,13709,57,1
flush,hit,4797,274,558,832,0,1
flush,miss,4798,2369,12906,15275,42,1
flush,hit,4798,266,563,829,0,1
flush,miss,4799,2520,10899,13419,55,1
flush,hit,4799,262,561,823,0,1
flush,miss,4800,2405,10838,13243,55,1
flush,hit,4800,262,551,813,0,1
flush,miss,4801,2548,11585,14133,59,1
flush,hit,4801,257,555,812,0,1
flush,miss,4802,2384,11126,13510,57,1
flush,hit,4802,277,552,829,0,1
flush,miss,4803,2528,12983,15511,42,1
flush,hit,4803,257,554,811,0,1
flush,miss,4804,2524,11064,13588,56,1
flush,hit,4804,258,560,818,0,1
flush,miss,4805,2508,11002,13510,56,1
flush,hit,4805,259,572,831,0,1
flush,miss,4806,2349,10801,13150,55,1
flush,hit,4806,341,707,1048,0,1
flush,miss,4807,2628,11449,14077,58,1
flush,hit,4807,276,599,875,0,1
flush,miss,4808,2319,11172,13491,57,1
flush,hit,4808,261,582,843,0,1
flush,miss,4809,2911,11329,14240,57,1
flush,hit,4809,340,840,1180,0,1
flush,miss,4810,2379,11270,13649,58,1
flush,hit,4810,258,569,827,0,1
flush,miss,4811,2559,10984,13543,55,1
flush,hit,4811,271,564,835,0,1
flush,miss,4812,2423,11025,13448,48,1
flush,hit,4812,261,1731,1992,0,1
flush,miss,4813,2534,10878,13412,55,1
flush,hit,4813,271,597,868,0,1
flush,miss,4814,2404,11704,14108,60,1
flush,hit,4814,350,847,1197,0,1
flush,miss,4815,2563,11054,13617,56,1
flush,hit,4815,270,597,867,0,1
flush,miss,4816,2384,11095,13479,57,1
flush,hit,4816,266,547,813,0,1
flush,miss,4817,2501,11069,13570,56,1
flush,hit,4817,270,571,841,0,1
flush,miss,4818,2346,11025,13371,56,1
flush,hit,4818,256,552,808,0,1
flush,miss,4819,2539,11969,14508,35,1
flush,hit,4819,263,553,816,0,1
flush,miss,4820,2464,15911,18375,51,1
flush,hit,4820,274,591,865,0,1
flush,miss,4821,2536,11572,14108,59,1
flush,hit,4821,267,589,856,0,1
flush,miss,4822,2330,11359,13689,58,1
flush,hit,4822,264,531,795,0,1
flush,miss,4823,2640,10914,13554,55,1
flush,hit,4823,261,543,804,0,1
flush,miss,4824,2439,11136,13575,57,1
flush,hit,4824,266,624,890,0,1
flush,miss,4825,2557,15025,17582,48,1
flush,hit,4825,257,544,801,0,1
flush,miss,4826,2702,11302,14004,57,1
flush,hit,4826,260,569,829,0,1
flush,miss,4827,2471,11180,13651,57,1
flush,hit,4827,266,563,829,0,1
flush,miss,4828,2384,10986,13370,56,1
flush,hit,4828,269,529,798,0,1
flush,miss,4829,2534,11564,14098,59,1
flush,hit,4829,268,560,828,0,1
flush,miss,4830,2370,11075,13445,56,1
flush,hit,4830,262,541,803,0,1
flush,miss,4831,2929,11111,14040,56,1
flush,hit,4831,370,852,1222,0,1
flush,miss,4832,2379,11037,13416,56,1
flush,hit,4832,258,535,793,0,1
flush,miss,4833,2585,11043,13628,56,1
flush,hit,4833,264,545,809,0,1
flush,miss,4834,2378,10811,13189,55,1
flush,hit,4834,263,550,813,0,1
flush,miss,4835,2512,11216,13728,57,1
flush,hit,4835,262,547,809,0,1
flush,miss,4836,2498,11917,14415,61,1
flush,hit,4836,328,832,1160,0,1
flush,miss,4837,2540,14198,16738,52,1
flush,hit,4837,271,601,872,0,1
flush,miss,4838,2656,12200,14856,63,1
flush,hit,4838,262,580,842,0,1
flush,miss,4839,2600,11018,13618,56,1
flush,hit,4839,259,586,845,0,1
flush,miss,4840,2376,11355,13731,58,1
flush,hit,4840,259,569,828,0,1
flush,miss,4841,2536,11677,14213,60,1
flush,hit,4841,267,573,840,0,1
flush,miss,4842,2389,13395,15784,44,1
flush,hit,4842,271,589,860,0,1
flush,miss,4843,2586,11108,13694,56,1
flush,hit,4843,266,584,850,0,1
flush,miss,4844,2362,11152,13514,57,1
flush,hit,4844,268,569,837,0,1
flush,miss,4845,2526,11515,14041,59,1
flush,hit,4845,263,568,831,0,1
flush,miss,4846,2369,10917,13286,56,1
flush,hit,4846,257,560,817,0,1
flush,miss,4847,2552,13511,16063,42,1
flush,hit,4847,272,569,841,0,1
flush,miss,4848,2600,11211,13811,57,1
flush,hit,4848,264,580,844,0,1
flush,miss,4849,2588,10992,13580,56,1
flush,hit,4849,261,571,832,0,1
flush,miss,4850,2362,10980,13342,56,1
flush,hit,4850,264,563,827,0,1
flush,miss,4851,2818,11075,13893,56,1
flush,hit,4851,303,741,1044,0,1
flush,miss,4852,2420,11119,13539,57,1
flush,hit,4852,270,554,824,0,1
flush,miss,4853,2975,10922,13897,55,1
flush,hit,4853,343,834,1177,0,1
flush,miss,4854,2438,11239,13677,57,1
flush,hit,4854,252,569,821,0,1
flush,miss,4855,2583,11049,13632,56,1
flush,hit,4855,264,543,807,0,1
flush,miss,4856,2370,10801,13171,55,1
flush,hit,4856,263,534,797,0,1
flush,miss,4857,2573,11073,13646,56,1
flush,hit,4857,261,549,810,0,1
flush,miss,4858,2353,11167,13520,57,1
flush,hit,4858,330,796,1126,0,1
flush,miss,4859,2611,11076,13687,56,1
flush,hit,4859,268,614,882,0,1
flush,miss,4860,2375,10950,13325,56,1
flush,hit,4860,272,556,828,0,1
flush,miss,4861,2563,10956,13519,55,1
flush,hit,4861,257,565,822,0,1
flush,miss,4862,2358,11137,13495,57,1
flush,hit,4862,262,549,811,0,1
flush,miss,4863,2536,11041,13577,56,1
flush,hit,4863,265,561,826,0,1
flush,miss,4864,2336,15187,17523,49,1
flush,hit,4864,268,616,884,0,1
flush,miss,4865,2539,10943,13482,55,1
flush,hit,4865,266,578,844,0,1
flush,miss,4866,2416,11008,13424,56,1
flush,hit,4866,261,551,812,0,1
flush,miss,4867,2581,11217,13798,57,1
flush,hit,4867,269,558,827,0,1
flush,miss,4868,2392,10982,13374,56,1
flush,hit,4868,263,549,812,0,1
flush,miss,4869,2704,16302,19006,52,1
flush,hit,4869,283,635,918,0,1
flush,miss,4870,2535,11269,13804,57,1
flush,hit,4870,276,603,879,0,1
flush,miss,4871,2495,11423,13918,58,1
flush,hit,4871,269,598,867,0,1
flush,miss,4872,2409,11230,13639,57,1
flush,hit,4872,264,560,824,0,1
flush,miss,4873,2615,11671,14286,60,1
flush,hit,4873,260,569,829,0,1
flush,miss,4874,2412,10756,13168,55,1
flush,hit,4874,264,563,827,0,1
flush,miss,4875,2909,10981,13890,55,1
flush,hit,4875,355,836,1191,0,1
flush,miss,4876,2348,10983,13331,56,1
flush,hit,4876,256,594,850,0,1
flush,miss,4877,2557,10815,13372,55,1
flush,hit,4877,262,573,835,0,1
flush,miss,4878,2287,10770,13057,55,1
flush,hit,4878,264,571,835,0,1
flush,miss,4879,2573,10880,13453,55,1
flush,hit,4879,278,589,867,0,1
flush,miss,4880,2366,11320,13686,58,1
flush,hit,4880,317,823,1140,0,1
flush,miss,4881,2606,11048,13654,56,1
flush,hit,4881,264,613,877,0,1
flush,miss,4882,2333,16282,18615,57,1
flush,hit,4882,262,569,831,0,1
flush,miss,4883,2595,10877,13472,55,1
flush,hit,4883,267,557,824,0,1
flush,miss,4884,2419,11037,13456,56,1
flush,hit,4884,260,542,802,0,1
flush,miss,4885,2556,11397,13953,58,1
flush,hit,4885,265,547,812,0,1
flush,miss,4886,2381,13337,15718,42,1
flush,hit,4886,260,588,848,0,1
flush,miss,4887,2525,11610,14135,59,1
flush,hit,4887,264,578,842,0,1
flush,miss,4888,2399,11015,13414,56,1
flush,hit,4888,262,550,812,0,1
flush,miss,4889,2585,11068,13653,56,1
flush,hit,4889,255,549,804,0,1
flush,miss,4890,2388,11157,13545,57,1
flush,hit,4890,259,537,796,0,1
flush,miss,4891,2535,12902,15437,42,1
flush,hit,4891,258,555,813,0,1
flush,miss,4892,2552,11058,13610,56,1
flush,hit,4892,269,563,832,0,1
flush,miss,4893,2544,11071,13615,56,1
flush,hit,4893,256,569,825,0,1
flush,miss,4894,2390,10995,13385,56,1
flush,hit,4894,263,552,815,0,1
flush,miss,4895,2560,11349,13909,58,1
flush,hit,4895,258,545,803,0,1
flush,miss,4896,2372,10987,13359,56,1
flush,hit,4896,260,543,803,0,1
flush,miss,4897,2867,10973,13840,55,1
flush,hit,4897,325,834,1159,0,1
flush,miss,4898,2460,11014,13474,56,1
flush,hit,4898,260,566,826,0,1
flush,miss,4899,2582,10984,13566,56,1
flush,hit,4899,264,571,835,0,1
flush,miss,4900,2378,10908,13286,55,1
flush,hit,4900,350,710,1060,0,1
flush,miss,4901,2636,11248,13884,57,1
flush,hit,4901,272,585,857,0,1
flush,miss,4902,2627,11520,14147,59,1
flush,hit,4902,332,822,1154,0,1
flush,miss,4903,2576,11390,13966,58,1
flush,hit,4903,268,601,869,0,1
flush,miss,4904,2318,11311,13629,58,1
flush,hit,4904,260,561,821,0,1
flush,miss,4905,2557,11094,13651,56,1
flush,hit,4905,262,571,833,0,1
flush,miss,4906,2326,11315,13641,58,1
flush,hit,4906,257,562,819,0,1
flush,miss,4907,2579,11037,13616,56,1
flush,hit,4907,268,565,833,0,1
flush,miss,4908,2388,15302,17690,55,1
flush,hit,4908,282,622,904,0,1
flush,miss,4909,2554,11068,13622,56,1
flush,hit,4909,263,605,868,0,1
flush,miss,4910,2394,11021,13415,56,1
flush,hit,4910,267,567,834,0,1
flush,miss,4911,2528,11355,13883,58,1
flush,hit,4911,263,559,822,0,1
flush,miss,4912,2367,10934,13301,56,1
flush,hit,4912,270,580,850,0,1
flush,miss,4913,2529,16018,18547,40,1
flush,hit,4913,261,566,827,0,1
flush,miss,4914,2854,10868,13722,55,1
flush,hit,4914,263,611,874,0,1
flush,miss,4915,2562,11029,13591,56,1
flush,hit,4915,284,590,874,0,1
flush,miss,4916,2411,10976,13387,56,1
flush,hit,4916,261,539,800,0,1
flush,miss,4917,2534,11372,13906,58,1
flush,hit,4917,270,556,826,0,1
flush,miss,4918,2375,10946,13321,56,1
flush,hit,4918,262,559,821,0,1
flush,miss,4919,2943,11132,14075,56,1
flush,hit,4919,336,843,1179,0,1
flush,miss,4920,2380,11012,13392,56,1
flush,hit,4920,271,571,842,0,1
flush,miss,4921,2522,10857,13379,55,1
flush,hit,4921,257,557,814,0,1
flush,miss,4922,2444,10847,13291,55,1
flush,hit,4922,259,555,814,0,1
flush,miss,4923,2511,10908,13419,55,1
flush,hit,4923,262,548,810,0,1
flush,miss,4924,2359,11161,13520,57,1
flush,hit,4924,355,830,1185,0,1
flush,miss,4925,2548,11042,13590,56,1
flush,hit,4925,264,609,873,0,1
flush,miss,4926,2367,11018,13385,56,1
flush,hit,4926,262,543,805,0,1
flush,miss,4927,2565,10881,13446,55,1
flush,hit,4927,265,564,829,0,1
flush,miss,4928,2346,11343,13689,58,1
flush,hit,4928,259,540,799,0,1
flush,miss,4929,2528,11165,13693,57,1
flush,hit,4929,259,569,828,0,1
flush,miss,4930,2377,15136,17513,48,1
flush,hit,4930,273,597,870,0,1
flush,miss,4931,2518,11043,13561,56,1
flush,hit,4931,268,571,839,0,1
flush,miss,4932,6294,11593,17887,59,1
flush,hit,4932,269,567,836,0,1
flush,miss,4933,2565,11052,13617,56,1
flush,hit,4933,258,572,830,0,1
flush,miss,4934,2346,11547,13893,59,1
flush,hit,4934,262,570,832,0,1
flush,miss,4935,2538,15684,18222,58,1
flush,hit,4935,261,560,821,0,1
flush,miss,4936,2645,10997,13642,56,1
flush,hit,4936,270,586,856,0,1
flush,miss,4937,2597,11235,13832,57,1
flush,hit,4937,263,573,836,0,1
flush,miss,4938,2395,11024,13419,56,1
flush,hit,4938,269,574,843,0,1
flush,miss,4939,2499,11309,13808,58,1
flush,hit,4939,263,579,842,0,1
flush,miss,4940,2329,10940,13269,56,1
flush,hit,4940,262,570,832,0,1
flush,miss,4941,2797,11405,14202,58,1
flush,hit,4941,335,776,1111,0,1
flush,miss,4942,2419,11294,13713,58,1
flush,hit,4942,253,582,835,0,1
flush,miss,4943,3030,44982,48012,255,1
flush,hit,4943,272,581,853,0,1
flush,miss,4944,7048,15644,22692,81,1
flush,hit,4944,278,619,897,0,1
flush,miss,4945,2686,12167,14853,44,1
flush,hit,4945,266,726,992,0,1
flush,miss,4946,3219,11737,14956,42,1
flush,hit,4946,381,848,1229,0,1
flush,miss,4947,2552,11741,14293,60,1
flush,hit,4947,262,619,881,0,1
flush,miss,4948,2463,11381,13844,58,1
flush,hit,4948,258,534,792,0,1
flush,miss,4949,2541,11046,13587,56,1
flush,hit,4949,259,552,811,0,1
flush,miss,4950,2381,11119,13500,57,1
flush,hit,4950,263,536,799,0,1
flush,miss,4951,2533,11533,14066,59,1
flush,hit,4951,262,565,827,0,1
flush,miss,4952,2410,13178,15588,43,1
flush,hit,4952,262,603,865,0,1
flush,miss,4953,2547,11545,14092,59,1
flush,hit,4953,262,587,849,0,1
flush,miss,4954,2362,11334,13696,58,1
flush,hit,4954,257,542,799,0,1
flush,miss,4955,2532,11244,13776,57,1
flush,hit,4955,259,548,807,0,1
flush,miss,4956,2378,11329,13707,57,1
flush,hit,4956,258,555,813,0,1
flush,miss,4957,2517,12885,15402,42,1
flush,hit,4957,261,556,817,0,1
flush,miss,4958,2488,11027,13515,56,1
flush,hit,4958,270,587,857,0,1
flush,miss,4959,2531,11257,13788,57,1
flush,hit,4959,258,553,811,0,1
flush,miss,4960,2420,11022,13442,56,1
flush,hit,4960,260,550,810,0,1
flush,miss,4961,2567,16057,18624,43,1
flush,hit,4961,256,570,826,0,1
flush,miss,4962,2640,12928,15568,67,1
flush,hit,4962,267,584,851,0,1
flush,miss,4963,2935,11798,14733,60,1
flush,hit,4963,341,825,1166,0,1
flush,miss,4964,2352,11225,13577,57,1
flush,hit,4964,257,590,847,0,1
flush,miss,4965,2579,11070,13649,56,1
flush,hit,4965,261,597,858,0,1
flush,miss,4966,2352,11036,13388,56,1
flush,hit,4966,262,561,823,0,1
flush,miss,4967,2573,11249,13822,57,1
flush,hit,4967,262,572,834,0,1
flush,miss,4968,2404,11215,13619,57,1
flush,hit,4968,343,801,1144,0,1
flush,miss,4969,2620,11259,13879,57,1
flush,hit,4969,271,595,866,0,1
flush,miss,4970,2379,11377,13756,58,1
flush,hit,4970,258,559,817,0,1
flush,miss,4971,2552,11002,13554,56,1
flush,hit,4971,271,584,855,0,1
flush,miss,4972,2354,11540,13894,59,1
flush,hit,4972,257,556,813,0,1
flush,miss,4973,2559,11184,13743,57,1
flush,hit,4973,257,578,835,0,1
flush,miss,4974,2385,14018,16403,46,1
flush,hit,4974,343,797,1140,0,1
flush,miss,4975,2546,11268,13814,57,1
flush,hit,4975,264,612,876,0,1
flush,miss,4976,2356,11218,13574,57,1
flush,hit,4976,255,547,802,0,1
flush,miss,4977,2600,11540,14140,59,1
flush,hit,4977,264,570,834,0,1
flush,miss,4978,2390,11683,14073,60,1
flush,hit,4978,253,569,822,0,1
flush,miss,4979,2530,13920,16450,45,1
flush,hit,4979,265,580,845,0,1
flush,miss,4980,2523,11067,13590,56,1
flush,hit,4980,269,581,850,0,1
flush,miss,4981,2568,11217,13785,57,1
flush,hit,4981,256,572,828,0,1
flush,miss,4982,2416,11422,13838,58,1
flush,hit,4982,255,541,796,0,1
flush,miss,4983,2581,11514,14095,59,1
flush,hit,4983,257,544,801,0,1
flush,miss,4984,2378,11007,13385,56,1
flush,hit,4984,258,537,795,0,1
flush,miss,4985,2837,11050,13887,56,1
flush,hit,4985,346,800,1146,0,1
flush,miss,4986,2361,11000,13361,56,1
flush,hit,4986,258,548,806,0,1
flush,miss,4987,2559,11228,13787,57,1
flush,hit,4987,263,550,813,0,1
flush,miss,4988,2383,11027,13410,56,1
flush,hit,4988,254,543,797,0,1
flush,miss,4989,2560,11048,13608,56,1
flush,hit,4989,264,566,830,0,1
flush,miss,4990,2361,11187,13548,57,1
flush,hit,4990,347,796,1143,0,1
flush,miss,4991,2562,11214,13776,57,1
flush,hit,4991,266,593,859,0,1
flush,miss,4992,2363,11221,13584,57,1
flush,hit,4992,4331,1010,5341,0,1
flush,miss,4993,2651,11382,14033,58,1
flush,hit,4993,308,620,928,0,1
flush,miss,4994,2364,11584,13948,59,1
flush,hit,4994,265,558,823,0,1
flush,miss,4995,2556,11726,14282,60,1
flush,hit,4995,262,568,830,0,1
flush,miss,4996,2402,13716,16118,44,1
flush,hit,4996,277,611,888,0,1
flush,miss,4997,2547,11514,14061,59,1
flush,hit,4997,267,584,851,0,1
flush,miss,4998,2355,11374,13729,58,1
flush,hit,4998,258,570,828,0,1
flush,miss,4999,2558,11165,13723,57,1
flush,hit,4999,261,564,825,0,1
flush,miss,5000,2382,10991,13373,56,1
flush,hit,5000,256,552,808,0,1
flush,miss,5001,2601,13161,15762,43,1
flush,hit,5001,258,566,824,0,1
flush,miss,5002,2491,11391,13882,58,1
flush,hit,5002,266,568,834,0,1
flush,miss,5003,2541,11022,13563,56,1
flush,hit,5003,259,569,828,0,1
flush,miss,5004,2360,10993,13353,56,1
flush,hit,5004,257,571,828,0,1
flush,miss,5005,2568,11032,13600,56,1
flush,hit,5005,253,571,824,0,1
flush,miss,5006,7405,10954,18359,55,1
flush,hit,5006,263,548,811,0,1
flush,miss,5007,2782,11124,13906,56,1
flush,hit,5007,322,794,1116,0,1
flush,miss,5008,2414,11053,13467,56,1
flush,hit,5008,259,559,818,0,1
flush,miss,5009,2596,10990,13586,56,1
flush,hit,5009,260,570,830,0,1
flush,miss,5010,2392,11025,13417,56,1
flush,hit,5010,274,561,835,0,1
flush,miss,5011,2570,11101,13671,56,1
flush,hit,5011,263,565,828,0,1
flush,miss,5012,2384,11498,13882,59,1
flush,hit,5012,315,793,1108,0,1
flush,miss,5013,2544,11099,13643,56,1
flush,hit,5013,264,599,863,0,1
flush,miss,5014,2399,11383,13782,58,1
flush,hit,5014,255,553,808,0,1
flush,miss,5015,2597,10873,13470,55,1
flush,hit,5015,265,558,823,0,1
flush,miss,5016,2419,10818,13237,55,1
flush,hit,5016,259,544,803,0,1
flush,miss,5017,2661,11473,14134,52,1
flush,hit,5017,263,1955,2218,0,1
flush,miss,5018,2364,13185,15549,43,1
flush,hit,5018,269,576,845,0,1
flush,miss,5019,2593,11422,14015,58,1
flush,hit,5019,265,581,846,0,1
flush,miss,5020,2358,10998,13356,56,1
flush,hit,5020,261,562,823,0,1
flush,miss,5021,2609,11032,13641,56,1
flush,hit,5021,275,568,843,0,1
flush,miss,5022,2375,10951,13326,56,1
flush,hit,5022,260,554,814,0,1
flush,miss,5023,2606,12837,15443,42,1
flush,hit,5023,263,560,823,0,1
flush,miss,5024,2460,13926,16386,50,1
flush,hit,5024,280,597,877,0,1
flush,miss,5025,2518,11809,14327,60,1
flush,hit,5025,276,590,866,0,1
flush,miss,5026,2333,11115,13448,57,1
flush,hit,5026,265,569,834,0,1
flush,miss,5027,2563,11569,14132,59,1
flush,hit,5027,265,584,849,0,1
flush,miss,5028,2332,11006,13338,56,1
flush,hit,5028,261,559,820,0,1
flush,miss,5029,2831,11283,14114,57,1
flush,hit,5029,344,860,1204,0,1
flush,miss,5030,2384,11041,13425,56,1
flush,hit,5030,265,581,846,0,1
flush,miss,5031,2540,10896,13436,55,1
flush,hit,5031,263,584,847,0,1
flush,miss,5032,2365,11021,13386,56,1
flush,hit,5032,258,558,816,0,1
flush,miss,5033,2551,10906,13457,55,1
flush,hit,5033,269,587,856,0,1
flush,miss,5034,2346,11154,13500,57,1
flush,hit,5034,311,790,1101,0,1
flush,miss,5035,2586,11220,13806,57,1
flush,hit,5035,266,608,874,0,1
flush,miss,5036,2338,10987,13325,56,1
flush,hit,5036,264,563,827,0,1
flush,miss,5037,2863,11044,13907,55,1
flush,hit,5037,266,567,833,0,1
flush,miss,5038,2408,11286,13694,58,1
flush,hit,5038,270,567,837,0,1
flush,miss,5039,2528,11570,14098,59,1
flush,hit,5039,271,554,825,0,1
flush,miss,5040,2502,13242,15744,43,1
flush,hit,5040,265,592,857,0,1
flush,miss,5041,7122,13481,20603,17,1
flush,hit,5041,374,822,1196,0,1
flush,miss,5042,6613,11340,17953,32,1
flush,hit,5042,416,961,1377,0,1
flush,miss,5043,3812,12166,15978,37,1
flush,hit,5043,421,1058,1479,0,1
flush,miss,5044,3699,11954,15653,32,1
flush,hit,5044,402,800,1202,0,1
flush,miss,5045,5417,14049,19466,43,1
flush,hit,5045,432,905,1337,0,1
flush,miss,5046,4118,11697,15815,36,1
flush,hit,5046,470,1340,1810,0,1
flush,miss,5047,4754,12028,16782,35,1
flush,hit,5047,481,1141,1622,0,1
flush,miss,5048,3928,11962,15890,38,1
flush,hit,5048,477,1106,1583,0,1
flush,miss,5049,4148,12506,16654,35,1
flush,hit,5049,433,987,1420,0,1
flush,miss,5050,4097,13874,17971,44,1
flush,hit,5050,330,960,1290,0,1
flush,miss,5051,2579,11620,14199,59,1
flush,hit,5051,269,609,878,0,1
flush,miss,5052,2386,11216,13602,57,1
flush,hit,5052,297,724,1021,0,1
flush,miss,5053,2624,11495,14119,58,1
flush,hit,5053,258,610,868,0,1
flush,miss,5054,2461,11189,13650,57,1
flush,hit,5054,259,565,824,0,1
flush,miss,5055,2562,11048,13610,56,1
flush,hit,5055,259,585,844,0,1
flush,miss,5056,2403,11599,14002,59,1
flush,hit,5056,260,563,823,0,1
flush,miss,5057,2567,11049,13616,56,1
flush,hit,5057,266,589,855,0,1
flush,miss,5058,2427,11574,14001,59,1
flush,hit,5058,263,564,827,0,1
flush,miss,5059,2583,10908,13491,55,1
flush,hit,5059,261,569,830,0,1
flush,miss,5060,2368,11424,13792,58,1
flush,hit,5060,263,559,822,0,1
flush,miss,5061,2583,12032,14615,62,1
flush,hit,5061,260,577,837,0,1
flush,miss,5062,2420,14848,17268,62,1
flush,hit,5062,471,1081,1552,0,1
flush,miss,5063,4429,13937,18366,71,1
flush,hit,5063,512,1172,1684,0,1
flush,miss,5064,2457,14500,16957,76,1
flush,hit,5064,587,1333,1920,0,1
flush,miss,5065,3748,12726,16474,64,1
flush,hit,5065,530,1052,1582,0,1
flush,miss,5066,2429,11333,13762,58,1
flush,hit,5066,258,565,823,0,1
flush,miss,5067,2587,11836,14423,60,1
flush,hit,5067,265,587,852,0,1
flush,miss,5068,2370,11217,13587,57,1
flush,hit,5068,263,552,815,0,1
flush,miss,5069,2475,11237,13712,57,1
flush,hit,5069,255,562,817,0,1
flush,miss,5070,2375,11165,13540,57,1
flush,hit,5070,257,542,799,0,1
flush,miss,5071,2501,11236,13737,57,1
flush,hit,5071,257,554,811,0,1
flush,miss,5072,2313,11175,13488,57,1
flush,hit,5072,261,549,810,0,1
flush,miss,5073,2497,11073,13570,56,1
flush,hit,5073,259,562,821,0,1
flush,miss,5074,2363,11053,13416,56,1
flush,hit,5074,261,533,794,0,1
flush,miss,5075,2476,11198,13674,57,1
flush,hit,5075,262,553,815,0,1
flush,miss,5076,2337,11029,13366,56,1
flush,hit,5076,261,531,792,0,1
flush,miss,5077,2503,11087,13590,56,1
flush,hit,5077,258,540,798,0,1
flush,miss,5078,2353,11024,13377,56,1
flush,hit,5078,263,554,817,0,1
flush,miss,5079,2620,11287,13907,57,1
flush,hit,5079,261,566,827,0,1
flush,miss,5080,2304,11715,14019,60,1
flush,hit,5080,262,540,802,0,1
flush,miss,5081,2536,11079,13615,56,1
flush,hit,5081,262,530,792,0,1
flush,miss,5082,2357,11000,13357,56,1
flush,hit,5082,258,539,797,0,1
flush,miss,5083,2976,12293,15269,63,1
flush,hit,5083,342,687,1029,0,1
flush,miss,5084,2433,11877,14310,61,1
flush,hit,5084,267,546,813,0,1
flush,miss,5085,2497,11560,14057,59,1
flush,hit,5085,256,566,822,0,1
flush,miss,5086,2339,11511,13850,59,1
flush,hit,5086,258,539,797,0,1
flush,miss,5087,2554,11742,14296,60,1
flush,hit,5087,279,547,826,0,1
flush,miss,5088,2349,11475,13824,59,1
flush,hit,5088,262,549,811,0,1
flush,miss,5089,2572,11052,13624,56,1
flush,hit,5089,258,542,800,0,1
flush,miss,5090,2358,11199,13557,57,1
flush,hit,5090,262,542,804,0,1
flush,miss,5091,2503,10895,13398,55,1
flush,hit,5091,257,542,799,0,1
flush,miss,5092,2398,10982,13380,56,1
flush,hit,5092,256,540,796,0,1
flush,miss,5093,2515,11562,14077,59,1
flush,hit,5093,244,561,805,0,1
flush,miss,5094,2367,11004,13371,56,1
flush,hit,5094,260,538,798,0,1
flush,miss,5095,2463,11056,13519,56,1
flush,hit,5095,259,558,817,0,1
flush,miss,5096,2371,10955,13326,56,1
flush,hit,5096,281,694,975,0,1
flush,miss,5097,2509,11071,13580,56,1
flush,hit,5097,266,546,812,0,1
flush,miss,5098,2303,11053,13356,56,1
flush,hit,5098,258,528,786,0,1
flush,miss,5099,2492,10991,13483,56,1
flush,hit,5099,256,522,778,0,1
flush,miss,5100,2352,11557,13909,59,1
flush,hit,5100,257,518,775,0,1
flush,miss,5101,2514,11041,13555,56,1
flush,hit,5101,247,527,774,0,1
flush,miss,5102,2346,11152,13498,57,1
flush,hit,5102,260,526,786,0,1
flush,miss,5103,2550,11014,13564,56,1
flush,hit,5103,259,517,776,0,1
flush,miss,5104,2359,11362,13721,58,1
flush,hit,5104,257,510,767,0,1
flush,miss,5105,2481,11523,14004,59,1
flush,hit,5105,258,550,808,0,1
flush,miss,5106,2353,11314,13667,58,1
flush,hit,5106,257,516,773,0,1
flush,miss,5107,2462,11030,13492,56,1
flush,hit,5107,258,535,793,0,1
flush,miss,5108,2420,11082,13502,57,1
flush,hit,5108,259,531,790,0,1
flush,miss,5109,2485,11239,13724,57,1
flush,hit,5109,259,551,810,0,1
flush,miss,5110,2378,11328,13706,58,1
flush,hit,5110,257,526,783,0,1
flush,miss,5111,2542,11020,13562,56,1
flush,hit,5111,255,549,804,0,1
flush,miss,5112,2393,10943,13336,56,1
flush,hit,5112,260,519,779,0,1
flush,miss,5113,2496,11073,13569,56,1
flush,hit,5113,255,512,767,0,1
flush,miss,5114,2417,10940,13357,56,1
flush,hit,5114,259,518,777,0,1
flush,miss,5115,2984,11855,14839,60,1
flush,hit,5115,358,766,1124,0,1
flush,miss,5116,2370,11155,13525,57,1
flush,hit,5116,270,568,838,0,1
flush,miss,5117,2458,11678,14136,60,1
flush,hit,5117,266,560,826,0,1
flush,miss,5118,2393,10898,13291,56,1
flush,hit,5118,280,548,828,0,1
flush,miss,5119,2608,11292,13900,52,1
flush,hit,5119,259,2233,2492,0,1
flush,miss,5120,2319,11006,13325,56,1
flush,hit,5120,266,552,818,0,1
flush,miss,5121,2532,11063,13595,56,1
flush,hit,5121,258,559,817,0,1
flush,miss,5122,2355,11175,13530,57,1
flush,hit,5122,260,543,803,0,1
flush,miss,5123,2503,11728,14231,60,1
flush,hit,5123,262,563,825,0,1
flush,miss,5124,2387,13899,16286,73,1
flush,hit,5124,260,528,788,0,1
flush,miss,5125,2556,12589,15145,65,1
flush,hit,5125,255,551,806,0,1
flush,miss,5126,2389,14000,16389,72,1
flush,hit,5126,260,519,779,0,1
flush,miss,5127,2548,13183,15731,68,1
flush,hit,5127,258,557,815,0,1
flush,miss,5128,7068,11497,18565,58,1
flush,hit,5128,284,534,818,0,1
flush,miss,5129,2536,17007,19543,91,1
flush,hit,5129,260,554,814,0,1
flush,miss,5130,2509,14351,16860,76,1
flush,hit,5130,260,541,801,0,1
flush,miss,5131,2568,14706,17274,77,1
flush,hit,5131,260,531,791,0,1
flush,miss,5132,2501,14469,16970,76,1
flush,hit,5132,261,528,789,0,1
flush,miss,5133,2521,15149,17670,80,1
flush,hit,5133,261,585,846,0,1
flush,miss,5134,2504,13884,16388,73,1
flush,hit,5134,319,521,840,0,1
flush,miss,5135,2559,13548,16107,47,1
flush,hit,5135,262,520,782,0,1
flush,miss,5136,3993,11505,15498,51,1
flush,hit,5136,268,563,831,0,1
flush,miss,5137,2532,11249,13781,57,1
flush,hit,5137,266,534,800,0,1
flush,miss,5138,2388,11335,13723,58,1
flush,hit,5138,258,508,766,0,1
flush,miss,5139,2488,11188,13676,57,1
flush,hit,5139,256,525,781,0,1
flush,miss,5140,2351,11025,13376,56,1
flush,hit,5140,261,501,762,0,1
flush,miss,5141,2510,11075,13585,56,1
flush,hit,5141,257,518,775,0,1
flush,miss,5142,2363,10895,13258,55,1
flush,hit,5142,259,517,776,0,1
flush,miss,5143,2516,10987,13503,56,1
flush,hit,5143,257,540,797,0,1
flush,miss,5144,2358,11246,13604,57,1
flush,hit,5144,287,699,986,0,1
flush,miss,5145,2555,11332,13887,57,1
flush,hit,5145,271,563,834,0,1
flush,miss,5146,2416,11545,13961,59,1
flush,hit,5146,261,537,798,0,1
flush,miss,5147,2547,11004,13551,56,1
flush,hit,5147,258,542,800,0,1
flush,miss,5148,2392,11419,13811,58,1
flush,hit,5148,265,529,794,0,1
flush,miss,5149,2525,11538,14063,59,1
flush,hit,5149,251,555,806,0,1
flush,miss,5150,2438,11514,13952,59,1
flush,hit,5150,263,529,792,0,1
flush,miss,5151,2524,11708,14232,60,1
flush,hit,5151,261,546,807,0,1
flush,miss,5152,2520,16488,19008,88,1
flush,hit,5152,264,538,802,0,1
flush,miss,5153,2532,11981,14513,62,1
flush,hit,5153,260,534,794,0,1
flush,miss,5154,2412,11554,13966,59,1
flush,hit,5154,265,530,795,0,1
flush,miss,5155,2494,11198,13692,57,1
flush,hit,5155,265,532,797,0,1
flush,miss,5156,2412,11156,13568,57,1
flush,hit,5156,263,538,801,0,1
flush,miss,5157,2495,15651,18146,56,1
flush,hit,5157,263,540,803,0,1
flush,miss,5158,2610,11076,13686,56,1
flush,hit,5158,287,521,808,0,1
flush,miss,5159,2510,11434,13944,58,1
flush,hit,5159,265,544,809,0,1
flush,miss,5160,2354,10992,13346,56,1
flush,hit,5160,271,528,799,0,1
flush,miss,5161,2499,11022,13521,56,1
flush,hit,5161,261,558,819,0,1
flush,miss,5162,2399,11024,13423,56,1
flush,hit,5162,262,522,784,0,1
flush,miss,5163,2470,10932,13402,55,1
flush,hit,5163,254,540,794,0,1
flush,miss,5164,2382,11037,13419,56,1
flush,hit,5164,256,510,766,0,1
flush,miss,5165,2490,11025,13515,56,1
flush,hit,5165,270,530,800,0,1
flush,miss,5166,2358,11507,13865,59,1
flush,hit,5166,269,508,777,0,1
flush,miss,5167,2526,11187,13713,57,1
flush,hit,5167,257,518,775,0,1
flush,miss,5168,2387,11027,13414,56,1
flush,hit,5168,267,503,770,0,1
flush,miss,5169,2495,11017,13512,56,1
flush,hit,5169,275,519,794,0,1
flush,miss,5170,2381,11548,13929,59,1
flush,hit,5170,266,500,766,0,1
flush,miss,5171,2475,11541,14016,59,1
flush,hit,5171,259,508,767,0,1
flush,miss,5172,2376,21249,23625,116,1
flush,hit,5172,267,505,772,0,1
flush,miss,5173,2426,11075,13501,56,1
flush,hit,5173,258,532,790,0,1
flush,miss,5174,2323,10975,13298,56,1
flush,hit,5174,267,518,785,0,1
flush,miss,5175,2516,11347,13863,58,1
flush,hit,5175,264,545,809,0,1
flush,miss,5176,2361,15139,17500,58,1
flush,hit,5176,279,577,856,0,1
flush,miss,5177,2499,11731,14230,60,1
flush,hit,5177,272,556,828,0,1
flush,miss,5178,2399,11736,14135,60,1
flush,hit,5178,267,546,813,0,1
flush,miss,5179,2548,11396,13944,58,1
flush,hit,5179,265,547,812,0,1
flush,miss,5180,2364,10999,13363,56,1
flush,hit,5180,270,537,807,0,1
flush,miss,5181,2508,11215,13723,57,1
flush,hit,5181,266,545,811,0,1
flush,miss,5182,2361,10971,13332,56,1
flush,hit,5182,269,533,802,0,1
flush,miss,5183,2497,11051,13548,56,1
flush,hit,5183,260,564,824,0,1
flush,miss,5184,2351,11078,13429,56,1
flush,hit,5184,267,539,806,0,1
flush,miss,5185,2526,10998,13524,56,1
flush,hit,5185,266,550,816,0,1
flush,miss,5186,2353,10953,13306,56,1
flush,hit,5186,267,531,798,0,1
flush,miss,5187,2496,10840,13336,55,1
flush,hit,5187,269,545,814,0,1
flush,miss,5188,2326,11109,13435,56,1
flush,hit,5188,267,542,809,0,1
flush,miss,5189,2526,11229,13755,31,1
flush,hit,5189,271,557,828,0,1
flush,miss,5190,2525,11326,13851,58,1
flush,hit,5190,272,524,796,0,1
flush,miss,5191,2554,10894,13448,55,1
flush,hit,5191,268,525,793,0,1
flush,miss,5192,2332,11324,13656,58,1
flush,hit,5192,268,551,819,0,1
flush,miss,5193,2512,11134,13646,56,1
flush,hit,5193,258,533,791,0,1
flush,miss,5194,2391,11003,13394,56,1
flush,hit,5194,258,528,786,0,1
flush,miss,5195,2501,11388,13889,58,1
flush,hit,5195,266,537,803,0,1
flush,miss,5196,2336,11003,13339,56,1
flush,hit,5196,268,526,794,0,1
flush,miss,5197,2483,11436,13919,58,1
flush,hit,5197,259,524,783,0,1
flush,miss,5198,2350,11200,13550,57,1
flush,hit,5198,262,524,786,0,1
flush,miss,5199,2525,11260,13785,57,1
flush,hit,5199,269,532,801,0,1
flush,miss,5200,2315,11193,13508,57,1
flush,hit,5200,254,533,787,0,1
flush,miss,5201,2504,11144,13648,57,1
flush,hit,5201,264,532,796,0,1
flush,miss,5202,2366,11198,13564,57,1
flush,hit,5202,266,517,783,0,1
flush,miss,5203,2507,11174,13681,57,1
flush,hit,5203,263,523,786,0,1
flush,miss,5204,2322,10995,13317,56,1
flush,hit,5204,266,528,794,0,1
flush,miss,5205,2509,11184,13693,57,1
flush,hit,5205,259,531,790,0,1
flush,miss,5206,2323,11223,13546,57,1
flush,hit,5206,257,526,783,0,1
flush,miss,5207,2521,11034,13555,56,1
flush,hit,5207,270,535,805,0,1
flush,miss,5208,2381,10852,13233,55,1
flush,hit,5208,329,682,1011,0,1
flush,miss,5209,2597,10879,13476,55,1
flush,hit,5209,270,553,823,0,1
flush,miss,5210,2347,11138,13485,57,1
flush,hit,5210,258,534,792,0,1
flush,miss,5211,2510,11261,13771,57,1
flush,hit,5211,268,536,804,0,1
flush,miss,5212,2397,11250,13647,57,1
flush,hit,5212,263,534,797,0,1
flush,miss,5213,2483,10897,13380,55,1
flush,hit,5213,270,549,819,0,1
flush,miss,5214,2356,11634,13990,60,1
flush,hit,5214,261,530,791,0,1
flush,miss,5215,2527,11586,14113,59,1
flush,hit,5215,269,534,803,0,1
flush,miss,5216,2382,11473,13855,59,1
flush,hit,5216,258,533,791,0,1
flush,miss,5217,2514,11246,13760,57,1
flush,hit,5217,259,555,814,0,1
flush,miss,5218,2364,11150,13514,57,1
flush,hit,5218,260,529,789,0,1
flush,miss,5219,2526,11458,13984,58,1
flush,hit,5219,255,533,788,0,1
flush,miss,5220,2381,11349,13730,58,1
flush,hit,5220,264,544,808,0,1
flush,miss,5221,2528,11757,14285,59,1
flush,hit,5221,260,556,816,0,1
flush,miss,5222,2323,11362,13685,22,1
flush,hit,5222,269,1435,1704,0,1
flush,miss,5223,2511,11204,13715,57,1
flush,hit,5223,282,522,804,0,1
flush,miss,5224,2349,10946,13295,56,1
flush,hit,5224,262,520,782,0,1
flush,miss,5225,2423,11399,13822,58,1
flush,hit,5225,261,527,788,0,1
flush,miss,5226,2327,10974,13301,56,1
flush,hit,5226,259,519,778,0,1
flush,miss,5227,2491,11251,13742,57,1
flush,hit,5227,263,548,811,0,1
flush,miss,5228,2312,11157,13469,57,1
flush,hit,5228,262,534,796,0,1
flush,miss,5229,2476,11004,13480,56,1
flush,hit,5229,264,544,808,0,1
flush,miss,5230,2327,10955,13282,56,1
flush,hit,5230,256,514,770,0,1
flush,miss,5231,2453,10882,13335,55,1
flush,hit,5231,253,514,767,0,1
flush,miss,5232,2381,11497,13878,59,1
flush,hit,5232,261,517,778,0,1
flush,miss,5233,2476,11206,13682,57,1
flush,hit,5233,259,524,783,0,1
flush,miss,5234,2355,11205,13560,57,1
flush,hit,5234,264,514,778,0,1
flush,miss,5235,2424,11224,13648,57,1
flush,hit,5235,263,542,805,0,1
flush,miss,5236,2315,10994,13309,56,1
flush,hit,5236,272,507,779,0,1
flush,miss,5237,2504,11783,14287,60,1
flush,hit,5237,264,525,789,0,1
flush,miss,5238,2388,11485,13873,59,1
flush,hit,5238,256,514,770,0,1
flush,miss,5239,2494,11418,13912,58,1
flush,hit,5239,266,529,795,0,1
flush,miss,5240,2344,10982,13326,56,1
flush,hit,5240,261,5392,5653,0,1
flush,miss,5241,2661,11790,14451,60,1
flush,hit,5241,323,614,937,0,1
flush,miss,5242,2357,11699,14056,60,1
flush,hit,5242,269,545,814,0,1
flush,miss,5243,2548,11758,14306,60,1
flush,hit,5243,262,541,803,0,1
flush,miss,5244,2340,11526,13866,59,1
flush,hit,5244,267,518,785,0,1
flush,miss,5245,2494,11345,13839,58,1
flush,hit,5245,265,522,787,0,1
flush,miss,5246,2375,11483,13858,59,1
flush,hit,5246,265,517,782,0,1
flush,miss,5247,2522,11177,13699,57,1
flush,hit,5247,263,540,803,0,1
flush,miss,5248,2332,10968,13300,56,1
flush,hit,5248,259,516,775,0,1
flush,miss,5249,2453,10987,13440,56,1
flush,hit,5249,260,548,808,0,1
flush,miss,5250,2344,10996,13340,56,1
flush,hit,5250,269,522,791,0,1
flush,miss,5251,2522,10915,13437,55,1
flush,hit,5251,265,572,837,0,1
flush,miss,5252,2376,11045,13421,56,1
flush,hit,5252,262,512,774,0,1
flush,miss,5253,2557,11016,13573,56,1
flush,hit,5253,275,518,793,0,1
flush,miss,5254,2345,11330,13675,30,1
flush,hit,5254,273,538,811,0,1
flush,miss,5255,2524,11053,13577,56,1
flush,hit,5255,261,523,784,0,1
flush,miss,5256,2362,11002,13364,56,1
flush,hit,5256,270,515,785,0,1
flush,miss,5257,2493,11027,13520,56,1
flush,hit,5257,258,536,794,0,1
flush,miss,5258,2364,11319,13683,58,1
flush,hit,5258,257,517,774,0,1
flush,miss,5259,2528,11047,13575,56,1
flush,hit,5259,258,533,791,0,1
flush,miss,5260,2360,11532,13892,59,1
flush,hit,5260,268,512,780,0,1
flush,miss,5261,2484,11219,13703,57,1
flush,hit,5261,261,512,773,0,1
flush,miss,5262,2341,10893,13234,55,1
flush,hit,5262,262,510,772,0,1
flush,miss,5263,2512,11461,13973,59,1
flush,hit,5263,253,538,791,0,1
flush,miss,5264,2408,11196,13604,57,1
flush,hit,5264,262,531,793,0,1
flush,miss,5265,2512,11602,14114,59,1
flush,hit,5265,260,543,803,0,1
flush,miss,5266,2338,10969,13307,56,1
flush,hit,5266,263,530,793,0,1
flush,miss,5267,2499,11012,13511,56,1
flush,hit,5267,258,541,799,0,1
flush,miss,5268,2394,10936,13330,56,1
flush,hit,5268,261,530,791,0,1
flush,miss,5269,2511,11006,13517,56,1
flush,hit,5269,256,541,797,0,1
flush,miss,5270,2367,10808,13175,55,1
flush,hit,5270,260,526,786,0,1
flush,miss,5271,2489,10994,13483,56,1
flush,hit,5271,258,545,803,0,1
flush,miss,5272,2354,11037,13391,56,1
flush,hit,5272,260,525,785,0,1
flush,miss,5273,2927,12096,15023,62,1
flush,hit,5273,327,720,1047,0,1
flush,miss,5274,2384,11007,13391,56,1
flush,hit,5274,260,549,809,0,1
flush,miss,5275,2473,11547,14020,59,1
flush,hit,5275,259,559,818,0,1
flush,miss,5276,2342,12003,14345,62,1
flush,hit,5276,270,549,819,0,1
flush,miss,5277,2494,11168,13662,57,1
flush,hit,5277,257,555,812,0,1
flush,miss,5278,2331,11550,13881,59,1
flush,hit,5278,258,543,801,0,1
flush,miss,5279,2521,11040,13561,56,1
flush,hit,5279,259,566,825,0,1
flush,miss,5280,2334,11197,13531,57,1
flush,hit,5280,264,544,808,0,1
flush,miss,5281,2536,11563,14099,59,1
flush,hit,5281,258,550,808,0,1
flush,miss,5282,2349,11112,13461,57,1
flush,hit,5282,255,547,802,0,1
flush,miss,5283,2491,11343,13834,58,1
flush,hit,5283,265,570,835,0,1
flush,miss,5284,2292,11155,13447,57,1
flush,hit,5284,256,543,799,0,1
flush,miss,5285,2520,10998,13518,56,1
flush,hit,5285,256,554,810,0,1
flush,miss,5286,2329,11498,13827,59,1
flush,hit,5286,283,633,916,0,1
flush,miss,5287,2558,11205,13763,57,1
flush,hit,5287,255,559,814,0,1
flush,miss,5288,2347,10976,13323,56,1
flush,hit,5288,260,534,794,0,1
flush,miss,5289,2511,11019,13530,56,1
flush,hit,5289,257,548,805,0,1
flush,miss,5290,2367,10874,13241,55,1
flush,hit,5290,260,514,774,0,1
flush,miss,5291,2514,11256,13770,57,1
flush,hit,5291,254,528,782,0,1
flush,miss,5292,2360,10858,13218,55,1
flush,hit,5292,260,513,773,0,1
flush,miss,5293,2405,11198,13603,57,1
flush,hit,5293,257,550,807,0,1
flush,miss,5294,2324,11204,13528,57,1
flush,hit,5294,255,510,765,0,1
flush,miss,5295,2514,10924,13438,55,1
flush,hit,5295,259,554,813,0,1
flush,miss,5296,2379,11207,13586,57,1
flush,hit,5296,266,515,781,0,1
flush,miss,5297,2516,10973,13489,56,1
flush,hit,5297,263,546,809,0,1
flush,miss,5298,2357,11527,13884,59,1
flush,hit,5298,262,509,771,0,1
flush,miss,5299,2489,11196,13685,57,1
flush,hit,5299,255,543,798,0,1
flush,miss,5300,2350,11253,13603,58,1
flush,hit,5300,256,510,766,0,1
flush,miss,5301,2502,11059,13561,56,1
flush,hit,5301,262,549,811,0,1
flush,miss,5302,2311,11009,13320,56,1
flush,hit,5302,263,530,793,0,1
flush,miss,5303,2567,11184,13751,57,1
flush,hit,5303,259,546,805,0,1
flush,miss,5304,2443,11155,13598,57,1
flush,hit,5304,257,531,788,0,1
flush,miss,5305,3014,14002,17016,72,1
flush,hit,5305,256,548,804,0,1
flush,miss,5306,2337,11502,13839,59,1
flush,hit,5306,268,577,845,0,1
flush,miss,5307,2498,11492,13990,59,1
flush,hit,5307,263,552,815,0,1
flush,miss,5308,2350,11619,13969,59,1
flush,hit,5308,258,541,799,0,1
flush,miss,5309,2499,11729,14228,60,1
flush,hit,5309,264,566,830,0,1
flush,miss,5310,2359,11184,13543,57,1
flush,hit,5310,258,544,802,0,1
flush,miss,5311,2551,10976,13527,56,1
flush,hit,5311,267,564,831,0,1
flush,miss,5312,2348,11509,13857,59,1
flush,hit,5312,265,546,811,0,1
flush,miss,5313,2562,11197,13759,57,1
flush,hit,5313,261,593,854,0,1
flush,miss,5314,2330,10952,13282,56,1
flush,hit,5314,261,548,809,0,1
flush,miss,5315,2524,11067,13591,56,1
flush,hit,5315,265,564,829,0,1
flush,miss,5316,2289,11115,13404,57,1
flush,hit,5316,262,534,796,0,1
flush,miss,5317,2503,10915,13418,55,1
flush,hit,5317,271,564,835,0,1
flush,miss,5318,2387,10830,13217,55,1
flush,hit,5318,278,619,897,0,1
flush,miss,5319,2557,11185,13742,57,1
flush,hit,5319,256,562,818,0,1
flush,miss,5320,2387,10982,13369,56,1
flush,hit,5320,256,521,777,0,1
flush,miss,5321,2529,11351,13880,58,1
flush,hit,5321,258,546,804,0,1
flush,miss,5322,2362,11306,13668,58,1
flush,hit,5322,259,537,796,0,1
flush,miss,5323,2521,11118,13639,56,1
flush,hit,5323,264,539,803,0,1
flush,miss,5324,2323,11543,13866,52,1
flush,hit,5324,263,1415,1678,0,1
flush,miss,5325,2566,11611,14177,59,1
flush,hit,5325,257,557,814,0,1
flush,miss,5326,2329,11511,13840,59,1
flush,hit,5326,262,533,795,0,1
flush,miss,5327,2482,11382,13864,58,1
flush,hit,5327,265,540,805,0,1
flush,miss,5328,2371,11158,13529,57,1
flush,hit,5328,256,530,786,0,1
flush,miss,5329,2534,11343,13877,58,1
flush,hit,5329,257,549,806,0,1
flush,miss,5330,2335,11091,13426,57,1
flush,hit,5330,258,527,785,0,1
flush,miss,5331,2502,11496,13998,59,1
flush,hit,5331,254,540,794,0,1
flush,miss,5332,2344,11018,13362,56,1
flush,hit,5332,260,526,786,0,1
flush,miss,5333,2506,11020,13526,56,1
flush,hit,5333,256,547,803,0,1
flush,miss,5334,2368,10950,13318,56,1
flush,hit,5334,265,534,799,0,1
flush,miss,5335,2548,11154,13702,57,1
flush,hit,5335,254,542,796,0,1
flush,miss,5336,2393,11002,13395,56,1
flush,hit,5336,256,528,784,0,1
flush,miss,5337,2531,16164,18695,59,1
flush,hit,5337,258,547,805,0,1
flush,miss,5338,2649,11034,13683,56,1
flush,hit,5338,261,557,818,0,1
flush,miss,5339,2548,11333,13881,58,1
flush,hit,5339,264,559,823,0,1
flush,miss,5340,2449,11241,13690,57,1
flush,hit,5340,264,548,812,0,1
flush,miss,5341,2487,10873,13360,55,1
flush,hit,5341,271,578,849,0,1
flush,miss,5342,2320,11699,14019,60,1
flush,hit,5342,257,554,811,0,1
flush,miss,5343,2509,11173,13682,57,1
flush,hit,5343,266,562,828,0,1
flush,miss,5344,2356,11036,13392,56,1
flush,hit,5344,263,548,811,0,1
flush,miss,5345,2518,11072,13590,56,1
flush,hit,5345,267,561,828,0,1
flush,miss,5346,2385,11207,13592,57,1
flush,hit,5346,267,550,817,0,1
flush,miss,5347,2525,11556,14081,59,1
flush,hit,5347,263,571,834,0,1
flush,miss,5348,2318,11350,13668,58,1
flush,hit,5348,266,551,817,0,1
flush,miss,5349,2517,11090,13607,56,1
flush,hit,5349,261,559,820,0,1
flush,miss,5350,2368,11203,13571,57,1
flush,hit,5350,261,551,812,0,1
flush,miss,5351,2666,11082,13748,56,1
flush,hit,5351,278,624,902,0,1
flush,miss,5352,2332,11345,13677,58,1
flush,hit,5352,266,525,791,0,1
flush,miss,5353,2491,11403,13894,58,1
flush,hit,5353,264,564,828,0,1
flush,miss,5354,2369,11165,13534,57,1
flush,hit,5354,266,534,800,0,1
flush,miss,5355,2512,11223,13735,57,1
flush,hit,5355,250,555,805,0,1
flush,miss,5356,2339,11173,13512,57,1
flush,hit,5356,417,776,1193,0,1
flush,miss,5357,3096,11482,14578,58,1
flush,hit,5357,354,858,1212,0,1
flush,miss,5358,2377,10982,13359,56,1
flush,hit,5358,256,533,789,0,1
flush,miss,5359,4087,11220,15307,57,1
flush,hit,5359,267,527,794,0,1
flush,miss,5360,2373,10984,13357,56,1
flush,hit,5360,271,515,786,0,1
flush,miss,5361,2488,11137,13625,56,1
flush,hit,5361,276,531,807,0,1
flush,miss,5362,2356,10994,13350,56,1
flush,hit,5362,270,513,783,0,1
flush,miss,5363,2477,11101,13578,56,1
flush,hit,5363,266,519,785,0,1
flush,miss,5364,2329,11168,13497,57,1
flush,hit,5364,270,518,788,0,1
flush,miss,5365,2485,11346,13831,58,1
flush,hit,5365,257,544,801,0,1
flush,miss,5366,2395,11105,13500,57,1
flush,hit,5366,263,518,781,0,1
flush,miss,5367,2529,11036,13565,56,1
flush,hit,5367,259,539,798,0,1
flush,miss,5368,2392,11329,13721,58,1
flush,hit,5368,260,535,795,0,1
flush,miss,5369,3543,13334,16877,68,1
flush,hit,5369,371,1056,1427,0,1
flush,miss,5370,2407,11824,14231,61,1
flush,hit,5370,257,588,845,0,1
flush,miss,5371,2526,11588,14114,59,1
flush,hit,5371,267,562,829,0,1
flush,miss,5372,2285,11368,13653,58,1
flush,hit,5372,266,585,851,0,1
flush,miss,5373,2495,10375,12870,52,1
flush,hit,5373,270,582,852,0,1
flush,miss,5374,2362,11394,13756,58,1
flush,hit,5374,258,562,820,0,1
flush,miss,5375,2517,11215,13732,57,1
flush,hit,5375,262,579,841,0,1
flush,miss,5376,2343,11020,13363,56,1
flush,hit,5376,255,560,815,0,1
flush,miss,5377,2515,11228,13743,57,1
flush,hit,5377,268,614,882,0,1
flush,miss,5378,2360,10997,13357,56,1
flush,hit,5378,261,577,838,0,1
flush,miss,5379,2561,11192,13753,57,1
flush,hit,5379,258,570,828,0,1
flush,miss,5380,2348,11282,13630,58,1
flush,hit,5380,257,565,822,0,1
flush,miss,5381,2415,11375,13790,58,1
flush,hit,5381,264,579,843,0,1
flush,miss,5382,2320,11730,14050,32,1
flush,hit,5382,257,548,805,0,1
flush,miss,5383,2498,11221,13719,57,1
flush,hit,5383,270,560,830,0,1
flush,miss,5384,2378,10970,13348,56,1
flush,hit,5384,266,549,815,0,1
flush,miss,5385,2494,11094,13588,56,1
flush,hit,5385,268,567,835,0,1
flush,miss,5386,2432,11470,13902,59,1
flush,hit,5386,255,543,798,0,1
flush,miss,5387,2507,11219,13726,57,1
flush,hit,5387,267,549,816,0,1
flush,miss,5388,2366,11004,13370,56,1
flush,hit,5388,262,536,798,0,1
flush,miss,5389,2509,11117,13626,56,1
flush,hit,5389,262,548,810,0,1
flush,miss,5390,2367,11033,13400,56,1
flush,hit,5390,257,533,790,0,1
flush,miss,5391,2481,11403,13884,58,1
flush,hit,5391,257,545,802,0,1
flush,miss,5392,2390,11222,13612,57,1
flush,hit,5392,265,550,815,0,1
flush,miss,5393,2527,11083,13610,57,1
flush,hit,5393,258,546,804,0,1
flush,miss,5394,2340,10958,13298,56,1
flush,hit,5394,262,531,793,0,1
flush,miss,5395,2521,10953,13474,56,1
flush,hit,5395,265,534,799,0,1
flush,miss,5396,2367,11464,13831,59,1
flush,hit,5396,265,533,798,0,1
flush,miss,5397,2510,10965,13475,56,1
flush,hit,5397,259,530,789,0,1
flush,miss,5398,2363,11137,13500,57,1
flush,hit,5398,260,540,800,0,1
flush,miss,5399,2509,11018,13527,56,1
flush,hit,5399,273,552,825,0,1
flush,miss,5400,2353,10986,13339,56,1
flush,hit,5400,259,542,801,0,1
flush,miss,5401,2819,12053,14872,62,1
flush,hit,5401,312,733,1045,0,1
flush,miss,5402,2466,11363,13829,58,1
flush,hit,5402,263,572,835,0,1
flush,miss,5403,2469,11169,13638,57,1
flush,hit,5403,260,568,828,0,1
flush,miss,5404,2345,11366,13711,58,1
flush,hit,5404,271,569,840,0,1
flush,miss,5405,2496,11627,14123,60,1
flush,hit,5405,266,570,836,0,1
flush,miss,5406,2367,10997,13364,56,1
flush,hit,5406,263,561,824,0,1
flush,miss,5407,2470,11026,13496,56,1
flush,hit,5407,265,574,839,0,1
flush,miss,5408,2330,11117,13447,57,1
flush,hit,5408,259,562,821,0,1
flush,miss,5409,2458,11185,13643,57,1
flush,hit,5409,262,567,829,0,1
flush,miss,5410,2345,10944,13289,56,1
flush,hit,5410,265,565,830,0,1
flush,miss,5411,2486,10859,13345,55,1
flush,hit,5411,272,572,844,0,1
flush,miss,5412,2324,11191,13515,57,1
flush,hit,5412,266,555,821,0,1
flush,miss,5413,2459,11373,13832,58,1
flush,hit,5413,261,565,826,0,1
flush,miss,5414,2321,11473,13794,59,1
flush,hit,5414,280,734,1014,0,1
flush,miss,5415,2601,11591,14192,59,1
flush,hit,5415,266,577,843,0,1
flush,miss,5416,2353,11126,13479,57,1
flush,hit,5416,265,541,806,0,1
flush,miss,5417,2483,11627,14110,59,1
flush,hit,5417,270,556,826,0,1
flush,miss,5418,2341,10789,13130,55,1
flush,hit,5418,274,539,813,0,1
flush,miss,5419,2518,11520,14038,59,1
flush,hit,5419,263,534,797,0,1
flush,miss,5420,2314,11145,13459,57,1
flush,hit,5420,263,536,799,0,1
flush,miss,5421,2505,11061,13566,56,1
flush,hit,5421,262,545,807,0,1
flush,miss,5422,2339,10995,13334,56,1
flush,hit,5422,261,531,792,0,1
flush,miss,5423,2487,11191,13678,57,1
flush,hit,5423,261,535,796,0,1
flush,miss,5424,2345,11015,13360,56,1
flush,hit,5424,270,528,798,0,1
flush,miss,5425,2484,10982,13466,56,1
flush,hit,5425,260,537,797,0,1
flush,miss,5426,2353,11014,13367,56,1
flush,hit,5426,271,539,810,0,1
flush,miss,5427,2509,11057,13566,56,1
flush,hit,5427,260,539,799,0,1
flush,miss,5428,2370,10893,13263,55,1
flush,hit,5428,262,522,784,0,1
flush,miss,5429,2510,11040,13550,56,1
flush,hit,5429,269,527,796,0,1
flush,miss,5430,2347,11198,13545,57,1
flush,hit,5430,262,520,782,0,1
flush,miss,5431,2516,11273,13789,57,1
flush,hit,5431,258,548,806,0,1
flush,miss,5432,2360,11084,13444,56,1
flush,hit,5432,260,520,780,0,1
flush,miss,5433,2924,12469,15393,64,1
flush,hit,5433,323,722,1045,0,1
flush,miss,5434,2331,11767,14098,60,1
flush,hit,5434,260,548,808,0,1
flush,miss,5435,2460,11565,14025,59,1
flush,hit,5435,260,553,813,0,1
flush,miss,5436,2289,11602,13891,59,1
flush,hit,5436,264,531,795,0,1
flush,miss,5437,2562,11570,14132,59,1
flush,hit,5437,258,543,801,0,1
flush,miss,5438,2296,11030,13326,56,1
flush,hit,5438,261,532,793,0,1
flush,miss,5439,2485,11012,13497,56,1
flush,hit,5439,259,561,820,0,1
flush,miss,5440,2323,11392,13715,58,1
flush,hit,5440,263,528,791,0,1
flush,miss,5441,2493,11658,14151,60,1
flush,hit,5441,262,534,796,0,1
flush,miss,5442,2368,11015,13383,56,1
flush,hit,5442,270,531,801,0,1
flush,miss,5443,2472,11028,13500,56,1
flush,hit,5443,264,540,804,0,1
flush,miss,5444,2308,11023,13331,56,1
flush,hit,5444,259,539,798,0,1
flush,miss,5445,2409,11404,13813,58,1
flush,hit,5445,265,542,807,0,1
flush,miss,5446,2347,11002,13349,56,1
flush,hit,5446,300,599,899,0,1
flush,miss,5447,2468,11137,13605,56,1
flush,hit,5447,266,523,789,0,1
flush,miss,5448,2321,11227,13548,57,1
flush,hit,5448,262,512,774,0,1
flush,miss,5449,2461,11291,13752,57,1
flush,hit,5449,264,545,809,0,1
flush,miss,5450,2310,11011,13321,56,1
flush,hit,5450,258,524,782,0,1
flush,miss,5451,2467,11108,13575,56,1
flush,hit,5451,254,539,793,0,1
flush,miss,5452,2323,11348,13671,58,1
flush,hit,5452,262,515,777,0,1
flush,miss,5453,2493,11091,13584,56,1
flush,hit,5453,258,542,800,0,1
flush,miss,5454,2331,11353,13684,58,1
flush,hit,5454,261,520,781,0,1
flush,miss,5455,2477,11106,13583,56,1
flush,hit,5455,256,517,773,0,1
flush,miss,5456,2329,11307,13636,57,1
flush,hit,5456,272,511,783,0,1
flush,miss,5457,2440,11347,13787,58,1
flush,hit,5457,256,535,791,0,1
flush,miss,5458,2297,11481,13778,59,1
flush,hit,5458,262,506,768,0,1
flush,miss,5459,2449,11354,13803,58,1
flush,hit,5459,260,515,775,0,1
flush,miss,5460,2310,11195,13505,57,1
flush,hit,5460,261,517,778,0,1
flush,miss,5461,2468,11049,13517,56,1
flush,hit,5461,255,544,799,0,1
flush,miss,5462,2324,11371,13695,58,1
flush,hit,5462,258,517,775,0,1
flush,miss,5463,2499,20621,23120,112,1
flush,hit,5463,259,534,793,0,1
flush,miss,5464,3969,11548,15517,59,1
flush,hit,5464,270,519,789,0,1
flush,miss,5465,2722,11976,14698,61,1
flush,hit,5465,327,711,1038,0,1
flush,miss,5466,2483,11153,13636,57,1
flush,hit,5466,273,542,815,0,1
flush,miss,5467,2453,11558,14011,59,1
flush,hit,5467,258,561,819,0,1
flush,miss,5468,2344,11074,13418,56,1
flush,hit,5468,260,537,797,0,1
flush,miss,5469,2477,11045,13522,56,1
flush,hit,5469,268,541,809,0,1
flush,miss,5470,2344,11230,13574,57,1
flush,hit,5470,256,529,785,0,1
flush,miss,5471,2477,11066,13543,56,1
flush,hit,5471,260,530,790,0,1
flush,miss,5472,2339,11056,13395,56,1
flush,hit,5472,263,535,798,0,1
flush,miss,5473,2484,11056,13540,56,1
flush,hit,5473,258,539,797,0,1
flush,miss,5474,2418,11177,13595,57,1
flush,hit,5474,269,537,806,0,1
flush,miss,5475,2464,11062,13526,56,1
flush,hit,5475,255,544,799,0,1
flush,miss,5476,2444,11014,13458,56,1
flush,hit,5476,257,529,786,0,1
flush,miss,5477,2471,10905,13376,55,1
flush,hit,5477,258,531,789,0,1
flush,miss,5478,2363,11447,13810,58,1
flush,hit,5478,289,589,878,0,1
flush,miss,5479,2464,11243,13707,57,1
flush,hit,5479,257,524,781,0,1
flush,miss,5480,2331,11550,13881,59,1
flush,hit,5480,266,518,784,0,1
flush,miss,5481,2501,11190,13691,57,1
flush,hit,5481,267,544,811,0,1
flush,miss,5482,2381,11162,13543,57,1
flush,hit,5482,260,526,786,0,1
flush,miss,5483,2483,11428,13911,58,1
flush,hit,5483,263,528,791,0,1
flush,miss,5484,2313,11149,13462,57,1
flush,hit,5484,263,523,786,0,1
flush,miss,5485,2433,11459,13892,58,1
flush,hit,5485,258,542,800,0,1
flush,miss,5486,2306,11019,13325,56,1
flush,hit,5486,259,519,778,0,1
flush,miss,5487,2451,11248,13699,57,1
flush,hit,5487,258,539,797,0,1
flush,miss,5488,2333,10869,13202,55,1
flush,hit,5488,271,532,803,0,1
flush,miss,5489,2492,11251,13743,57,1
flush,hit,5489,257,535,792,0,1
flush,miss,5490,2374,10993,13367,56,1
flush,hit,5490,259,535,794,0,1
flush,miss,5491,2485,11068,13553,56,1
flush,hit,5491,257,553,810,0,1
flush,miss,5492,2334,10839,13173,55,1
flush,hit,5492,266,540,806,0,1
flush,miss,5493,2485,11089,13574,56,1
flush,hit,5493,265,551,816,0,1
flush,miss,5494,2392,10874,13266,55,1
flush,hit,5494,263,545,808,0,1
flush,miss,5495,2488,10931,13419,55,1
flush,hit,5495,259,545,804,0,1
flush,miss,5496,2320,11354,13674,58,1
flush,hit,5496,263,541,804,0,1
flush,miss,5497,3135,13030,16165,67,1
flush,hit,5497,332,791,1123,0,1
flush,miss,5498,2368,11696,14064,60,1
flush,hit,5498,263,571,834,0,1
flush,miss,5499,2490,10913,13403,55,1
flush,hit,5499,257,570,827,0,1
flush,miss,5500,2376,11207,13583,57,1
flush,hit,5500,256,534,790,0,1
flush,miss,5501,2500,11776,14276,60,1
flush,hit,5501,267,541,808,0,1
flush,miss,5502,2350,11628,13978,60,1
flush,hit,5502,259,527,786,0,1
flush,miss,5503,2534,11279,13813,57,1
flush,hit,5503,254,541,795,0,1
flush,miss,5504,2359,11211,13570,57,1
flush,hit,5504,256,522,778,0,1
flush,miss,5505,2476,11070,13546,56,1
flush,hit,5505,253,525,778,0,1
flush,miss,5506,2336,11319,13655,58,1
flush,hit,5506,255,530,785,0,1
flush,miss,5507,2482,11596,14078,59,1
flush,hit,5507,252,525,777,0,1
flush,miss,5508,2354,11017,13371,56,1
flush,hit,5508,258,536,794,0,1
flush,miss,5509,2450,11112,13562,56,1
flush,hit,5509,264,560,824,0,1
flush,miss,5510,2370,10997,13367,56,1
flush,hit,5510,296,616,912,0,1
flush,miss,5511,2523,11434,13957,58,1
flush,hit,5511,272,552,824,0,1
flush,miss,5512,2359,11385,13744,58,1
flush,hit,5512,259,522,781,0,1
flush,miss,5513,2509,11183,13692,57,1
flush,hit,5513,265,526,791,0,1
flush,miss,5514,2376,10985,13361,56,1
flush,hit,5514,267,525,792,0,1
flush,miss,5515,2470,11236,13706,57,1
flush,hit,5515,259,516,775,0,1
flush,miss,5516,2354,10818,13172,55,1
flush,hit,5516,258,513,771,0,1
flush,miss,5517,2494,11025,13519,56,1
flush,hit,5517,256,519,775,0,1
flush,miss,5518,2332,11041,13373,56,1
flush,hit,5518,259,527,786,0,1
flush,miss,5519,2487,11225,13712,57,1
flush,hit,5519,255,527,782,0,1
flush,miss,5520,2442,11177,13619,57,1
flush,hit,5520,264,520,784,0,1
flush,miss,5521,2504,10879,13383,55,1
flush,hit,5521,257,524,781,0,1
flush,miss,5522,2341,11250,13591,57,1
flush,hit,5522,266,516,782,0,1
flush,miss,5523,2472,11069,13541,56,1
flush,hit,5523,257,522,779,0,1
flush,miss,5524,2370,11682,14052,60,1
flush,hit,5524,265,521,786,0,1
flush,miss,5525,2521,11393,13914,58,1
flush,hit,5525,256,542,798,0,1
flush,miss,5526,2339,11000,13339,56,1
flush,hit,5526,258,517,775,0,1
flush,miss,5527,2527,11440,13967,58,1
flush,hit,5527,253,541,794,0,1
flush,miss,5528,2394,11169,13563,57,1
flush,hit,5528,260,511,771,0,1
flush,miss,5529,3880,11910,15790,54,1
flush,hit,5529,255,1745,2000,0,1
flush,miss,5530,2367,11240,13607,57,1
flush,hit,5530,266,564,830,0,1
flush,miss,5531,2492,11320,13812,57,1
flush,hit,5531,261,548,809,0,1
flush,miss,5532,2374,11166,13540,57,1
flush,hit,5532,262,549,811,0,1
flush,miss,5533,2520,11259,13779,57,1
flush,hit,5533,262,558,820,0,1
flush,miss,5534,2329,10994,13323,56,1
flush,hit,5534,262,524,786,0,1
flush,miss,5535,2504,11119,13623,56,1
flush,hit,5535,268,557,825,0,1
flush,miss,5536,2377,11051,13428,56,1
flush,hit,5536,261,533,794,0,1
flush,miss,5537,2497,11276,13773,57,1
flush,hit,5537,262,554,816,0,1
flush,miss,5538,2340,10871,13211,55,1
flush,hit,5538,260,529,789,0,1
flush,miss,5539,2492,11056,13548,56,1
flush,hit,5539,262,550,812,0,1
flush,miss,5540,2328,11517,13845,59,1
flush,hit,5540,262,527,789,0,1
flush,miss,5541,2447,11271,13718,57,1
flush,hit,5541,259,527,786,0,1
flush,miss,5542,2332,11053,13385,56,1
flush,hit,5542,260,6124,6384,0,1
flush,miss,5543,2530,11018,13548,56,1
flush,hit,5543,277,613,890,0,1
flush,miss,5544,2384,11212,13596,57,1
flush,hit,5544,261,514,775,0,1
flush,miss,5545,2487,11516,14003,59,1
flush,hit,5545,260,528,788,0,1
flush,miss,5546,2334,10978,13312,56,1
flush,hit,5546,259,514,773,0,1
flush,miss,5547,2536,11239,13775,57,1
flush,hit,5547,251,540,791,0,1
flush,miss,5548,2321,11062,13383,56,1
flush,hit,5548,262,504,766,0,1
flush,miss,5549,2524,11120,13644,57,1
flush,hit,5549,254,537,791,0,1
flush,miss,5550,2350,11092,13442,56,1
flush,hit,5550,255,499,754,0,1
flush,miss,5551,2483,11064,13547,56,1
flush,hit,5551,254,531,785,0,1
flush,miss,5552,2357,11260,13617,57,1
flush,hit,5552,254,501,755,0,1
flush,miss,5553,2501,11077,13578,56,1
flush,hit,5553,251,513,764,0,1
flush,miss,5554,2337,11033,13370,56,1
flush,hit,5554,255,500,755,0,1
flush,miss,5555,2528,11357,13885,58,1
flush,hit,5555,250,533,783,0,1
flush,miss,5556,2335,11030,13365,56,1
flush,hit,5556,256,502,758,0,1
flush,miss,5557,2508,11016,13524,56,1
flush,hit,5557,253,532,785,0,1
flush,miss,5558,2345,11136,13481,57,1
flush,hit,5558,254,503,757,0,1
flush,miss,5559,2540,11081,13621,56,1
flush,hit,5559,253,527,780,0,1
flush,miss,5560,2331,11031,13362,56,1
flush,hit,5560,255,500,755,0,1
flush,miss,5561,2500,17333,19833,67,1
flush,hit,5561,252,532,784,0,1
flush,miss,5562,2698,12010,14708,62,1
flush,hit,5562,265,560,825,0,1
flush,miss,5563,2559,11234,13793,57,1
flush,hit,5563,264,563,827,0,1
flush,miss,5564,2308,11074,13382,56,1
flush,hit,5564,257,530,787,0,1
flush,miss,5565,2474,10875,13349,55,1
flush,hit,5565,260,555,815,0,1
flush,miss,5566,2299,11508,13807,59,1
flush,hit,5566,259,530,789,0,1
flush,miss,5567,2524,14902,17426,74,1
flush,hit,5567,260,573,833,0,1
flush,miss,5568,3001,11818,14819,58,1
flush,hit,5568,258,610,868,0,1
flush,miss,5569,2557,14473,17030,70,1
flush,hit,5569,260,623,883,0,1
flush,miss,5570,2656,13971,16627,69,1
flush,hit,5570,260,534,794,0,1
flush,miss,5571,2671,15041,17712,79,1
flush,hit,5571,267,557,824,0,1
flush,miss,5572,2424,12969,15393,65,1
flush,hit,5572,261,1114,1375,0,1
flush,miss,5573,2316,12931,15247,37,1
flush,hit,5573,695,558,1253,0,1
flush,miss,5574,2527,12608,15135,65,1
flush,hit,5574,264,1003,1267,0,1
flush,miss,5575,3391,12238,15629,63,1
flush,hit,5575,296,525,821,0,1
flush,miss,5576,2612,12052,14664,62,1
flush,hit,5576,261,521,782,0,1
flush,miss,5577,2811,12954,15765,67,1
flush,hit,5577,259,526,785,0,1
flush,miss,5578,3529,13226,16755,69,1
flush,hit,5578,258,520,778,0,1
flush,miss,5579,2893,15153,18046,80,1
flush,hit,5579,264,520,784,0,1
flush,miss,5580,2371,12750,15121,66,1
flush,hit,5580,259,505,764,0,1
flush,miss,5581,2629,13468,16097,70,1
flush,hit,5581,600,519,1119,0,1
flush,miss,5582,2412,11491,13903,59,1
flush,hit,5582,257,512,769,0,1
flush,miss,5583,2662,13445,16107,70,1
flush,hit,5583,256,519,775,0,1
flush,miss,5584,2392,15961,18353,85,1
flush,hit,5584,255,507,762,0,1
flush,miss,5585,2520,12414,14934,64,1
flush,hit,5585,256,511,767,0,1
flush,miss,5586,2634,12464,15098,61,1
flush,hit,5586,258,629,887,0,1
flush,miss,5587,2782,11370,14152,58,1
flush,hit,5587,255,525,780,0,1
flush,miss,5588,2474,14163,16637,71,1
flush,hit,5588,269,514,783,0,1
flush,miss,5589,2705,16742,19447,89,1
flush,hit,5589,256,518,774,0,1
flush,miss,5590,2229,14358,16587,41,1
flush,hit,5590,268,559,827,0,1
flush,miss,5591,2479,12087,14566,61,1
flush,hit,5591,262,560,822,0,1
flush,miss,5592,2544,11854,14398,61,1
flush,hit,5592,258,538,796,0,1
flush,miss,5593,2526,12399,14925,64,1
flush,hit,5593,260,533,793,0,1
flush,miss,5594,2382,16364,18746,88,1
flush,hit,5594,258,522,780,0,1
flush,miss,5595,2614,19474,22088,105,1
flush,hit,5595,258,533,791,0,1
flush,miss,5596,2603,14612,17215,77,1
flush,hit,5596,265,518,783,0,1
flush,miss,5597,3766,17282,21048,93,1
flush,hit,5597,260,545,805,0,1
flush,miss,5598,2208,15189,17397,78,1
flush,hit,5598,258,525,783,0,1
flush,miss,5599,3452,20101,23553,109,1
flush,hit,5599,260,524,784,0,1
flush,miss,5600,2512,14009,16521,73,1
flush,hit,5600,282,648,930,0,1
flush,miss,5601,2733,15346,18079,81,1
flush,hit,5601,261,524,785,0,1
flush,miss,5602,4038,17442,21480,94,1
flush,hit,5602,266,512,778,0,1
flush,miss,5603,4115,18740,22855,98,1
flush,hit,5603,257,532,789,0,1
flush,miss,5604,2317,14658,16975,77,1
flush,hit,5604,258,517,775,0,1
flush,miss,5605,3554,16755,20309,88,1
flush,hit,5605,253,509,762,0,1
flush,miss,5606,4170,16381,20551,87,1
flush,hit,5606,254,510,764,0,1
flush,miss,5607,3454,17762,21216,95,1
flush,hit,5607,257,508,765,0,1
flush,miss,5608,2533,13733,16266,72,1
flush,hit,5608,256,501,757,0,1
flush,miss,5609,3897,16226,20123,86,1
flush,hit,5609,260,518,778,0,1
flush,miss,5610,2451,15784,18235,83,1
flush,hit,5610,267,505,772,0,1
flush,miss,5611,3281,15296,18577,80,1
flush,hit,5611,252,505,757,0,1
flush,miss,5612,2371,14801,17172,78,1
flush,hit,5612,252,499,751,0,1
flush,miss,5613,2529,15639,18168,83,1
flush,hit,5613,256,1321,1577,0,1
flush,miss,5614,2421,16473,18894,88,1
flush,hit,5614,299,773,1072,0,1
flush,miss,5615,2578,20103,22681,109,1
flush,hit,5615,266,605,871,0,1
flush,miss,5616,2391,17618,20009,95,1
flush,hit,5616,258,539,797,0,1
flush,miss,5617,2600,19282,21882,104,1
flush,hit,5617,257,571,828,0,1
flush,miss,5618,3421,14934,18355,79,1
flush,hit,5618,254,526,780,0,1
flush,miss,5619,2561,10696,13257,54,1
flush,hit,5619,263,561,824,0,1
flush,miss,5620,2374,11042,13416,56,1
flush,hit,5620,259,533,792,0,1
flush,miss,5621,2523,11791,14314,60,1
flush,hit,5621,262,558,820,0,1
flush,miss,5622,2403,11020,13423,56,1
flush,hit,5622,254,539,793,0,1
flush,miss,5623,2563,11033,13596,56,1
flush,hit,5623,256,562,818,0,1
flush,miss,5624,2345,11076,13421,56,1
flush,hit,5624,255,539,794,0,1
flush,miss,5625,2536,11074,13610,56,1
flush,hit,5625,255,531,786,0,1
flush,miss,5626,2348,11054,13402,34,1
flush,hit,5626,260,517,777,0,1
flush,miss,5627,2481,10872,13353,55,1
flush,hit,5627,262,549,811,0,1
flush,miss,5628,2390,11410,13800,58,1
flush,hit,5628,261,516,777,0,1
flush,miss,5629,2536,11056,13592,56,1
flush,hit,5629,264,532,796,0,1
flush,miss,5630,2407,11421,13828,58,1
flush,hit,5630,259,535,794,0,1
flush,miss,5631,2601,10934,13535,49,1
flush,hit,5631,254,1797,2051,0,1
flush,miss,5632,2366,11298,13664,58,1
flush,hit,5632,258,518,776,0,1
flush,miss,5633,2518,11251,13769,57,1
flush,hit,5633,254,523,777,0,1
flush,miss,5634,2372,11019,13391,56,1
flush,hit,5634,254,540,794,0,1
flush,miss,5635,2535,11471,14006,58,1
flush,hit,5635,254,541,795,0,1
flush,miss,5636,2356,11020,13376,56,1
flush,hit,5636,255,528,783,0,1
flush,miss,5637,2551,11007,13558,56,1
flush,hit,5637,255,534,789,0,1
flush,miss,5638,2355,11213,13568,57,1
flush,hit,5638,255,526,781,0,1
flush,miss,5639,2509,11035,13544,56,1
flush,hit,5639,259,532,791,0,1
flush,miss,5640,2312,11197,13509,57,1
flush,hit,5640,257,525,782,0,1
flush,miss,5641,2480,10850,13330,55,1
flush,hit,5641,261,533,794,0,1
flush,miss,5642,2318,11054,13372,56,1
flush,hit,5642,254,540,794,0,1
flush,miss,5643,5240,34880,40120,196,1
flush,hit,5643,252,537,789,0,1
flush,miss,5644,2183,35732,37915,173,1
flush,hit,5644,267,577,844,0,1
flush,miss,5645,2376,26050,28426,144,1
flush,hit,5645,262,553,815,0,1
flush,miss,5646,2111,13401,15512,70,1
flush,hit,5646,268,554,822,0,1
flush,miss,5647,2529,16664,19193,89,1
flush,hit,5647,260,556,816,0,1
flush,miss,5648,2456,14798,17254,78,1
flush,hit,5648,262,556,818,0,1
flush,miss,5649,2473,14024,16497,73,1
flush,hit,5649,259,561,820,0,1
flush,miss,5650,3214,16492,19706,88,1
flush,hit,5650,266,546,812,0,1
flush,miss,5651,2516,14017,16533,73,1
flush,hit,5651,260,560,820,0,1
flush,miss,5652,2474,14407,16881,76,1
flush,hit,5652,261,553,814,0,1
flush,miss,5653,2529,13402,15931,70,1
flush,hit,5653,265,569,834,0,1
flush,miss,5654,2451,14790,17241,55,1
flush,hit,5654,254,537,791,0,1
flush,miss,5655,2521,14879,17400,78,1
flush,hit,5655,261,548,809,0,1
flush,miss,5656,2482,17285,19767,93,1
flush,hit,5656,257,538,795,0,1
flush,miss,5657,2487,15161,17648,79,1
flush,hit,5657,267,544,811,0,1
flush,miss,5658,2432,17883,20315,96,1
flush,hit,5658,265,541,806,0,1
flush,miss,5659,4975,21184,26159,115,1
flush,hit,5659,260,543,803,0,1
flush,miss,5660,2398,13837,16235,72,1
flush,hit,5660,268,531,799,0,1
flush,miss,5661,2480,10523,13003,53,1
flush,hit,5661,262,534,796,0,1
flush,miss,5662,2336,11328,13664,58,1
flush,hit,5662,266,522,788,0,1
flush,miss,5663,2478,11058,13536,56,1
flush,hit,5663,259,541,800,0,1
flush,miss,5664,2329,11217,13546,57,1
flush,hit,5664,256,525,781,0,1
flush,miss,5665,2481,11602,14083,59,1
flush,hit,5665,254,543,797,0,1
flush,miss,5666,2377,11173,13550,57,1
flush,hit,5666,265,529,794,0,1
flush,miss,5667,2492,11378,13870,58,1
flush,hit,5667,254,537,791,0,1
flush,miss,5668,2307,11198,13505,57,1
flush,hit,5668,267,533,800,0,1
flush,miss,5669,2480,11036,13516,56,1
flush,hit,5669,261,536,797,0,1
flush,miss,5670,2317,10953,13270,56,1
flush,hit,5670,337,742,1079,0,1
flush,miss,5671,2537,11318,13855,57,1
flush,hit,5671,270,586,856,0,1
flush,miss,5672,2300,11673,13973,60,1
flush,hit,5672,261,552,813,0,1
flush,miss,5673,2519,11253,13772,57,1
flush,hit,5673,265,572,837,0,1
flush,miss,5674,2304,11363,13667,58,1
flush,hit,5674,258,547,805,0,1
flush,miss,5675,2500,11175,13675,56,1
flush,hit,5675,262,561,823,0,1
flush,miss,5676,2318,11539,13857,59,1
flush,hit,5676,255,550,805,0,1
flush,miss,5677,2521,11554,14075,59,1
flush,hit,5677,262,567,829,0,1
flush,miss,5678,2323,11620,13943,60,1
flush,hit,5678,258,567,825,0,1
flush,miss,5679,2525,11369,13894,58,1
flush,hit,5679,256,565,821,0,1
flush,miss,5680,2300,10984,13284,56,1
flush,hit,5680,260,552,812,0,1
flush,miss,5681,2493,11087,13580,56,1
flush,hit,5681,256,561,817,0,1
flush,miss,5682,2323,11071,13394,56,1
flush,hit,5682,260,551,811,0,1
flush,miss,5683,2465,22550,25015,102,1
flush,hit,5683,262,559,821,0,1
flush,miss,5684,4577,10507,15084,53,1
flush,hit,5684,260,522,782,0,1
flush,miss,5685,2476,11439,13915,58,1
flush,hit,5685,269,546,815,0,1
flush,miss,5686,2327,11226,13553,57,1
flush,hit,5686,269,542,811,0,1
flush,miss,5687,2487,11280,13767,57,1
flush,hit,5687,276,553,829,0,1
flush,miss,5688,2320,11030,13350,56,1
flush,hit,5688,257,551,808,0,1
flush,miss,5689,2464,11171,13635,56,1
flush,hit,5689,257,539,796,0,1
flush,miss,5690,2334,11140,13474,57,1
flush,hit,5690,258,532,790,0,1
flush,miss,5691,2499,11076,13575,56,1
flush,hit,5691,258,531,789,0,1
flush,miss,5692,2330,11282,13612,57,1
flush,hit,5692,258,534,792,0,1
flush,miss,5693,2504,11260,13764,57,1
flush,hit,5693,267,540,807,0,1
flush,miss,5694,2411,11228,13639,57,1
flush,hit,5694,267,529,796,0,1
flush,miss,5695,2465,11232,13697,57,1
flush,hit,5695,266,544,810,0,1
flush,miss,5696,2318,11335,13653,58,1
flush,hit,5696,262,530,792,0,1
flush,miss,5697,2483,11061,13544,56,1
flush,hit,5697,270,540,810,0,1
flush,miss,5698,2373,11188,13561,57,1
flush,hit,5698,262,532,794,0,1
flush,miss,5699,2515,11986,14501,61,1
flush,hit,5699,258,542,800,0,1
flush,miss,5700,2442,12435,14877,64,1
flush,hit,5700,263,529,792,0,1
flush,miss,5701,2468,10706,13174,54,1
flush,hit,5701,266,540,806,0,1
flush,miss,5702,2393,10552,12945,53,1
flush,hit,5702,282,639,921,0,1
flush,miss,5703,2500,11518,14018,59,1
flush,hit,5703,263,566,829,0,1
flush,miss,5704,2373,11877,14250,61,1
flush,hit,5704,254,542,796,0,1
flush,miss,5705,2500,11708,14208,60,1
flush,hit,5705,254,548,802,0,1
flush,miss,5706,2373,11213,13586,57,1
flush,hit,5706,257,551,808,0,1
flush,miss,5707,2500,10893,13393,55,1
flush,hit,5707,265,565,830,0,1
flush,miss,5708,2350,11088,13438,56,1
flush,hit,5708,257,538,795,0,1
flush,miss,5709,2475,11407,13882,58,1
flush,hit,5709,255,540,795,0,1
flush,miss,5710,2338,11419,13757,58,1
flush,hit,5710,263,534,797,0,1
flush,miss,5711,2512,11261,13773,57,1
flush,hit,5711,255,533,788,0,1
flush,miss,5712,2362,11036,13398,56,1
flush,hit,5712,255,537,792,0,1
flush,miss,5713,2512,11029,13541,56,1
flush,hit,5713,257,553,810,0,1
flush,miss,5714,2335,10969,13304,56,1
flush,hit,5714,260,545,805,0,1
flush,miss,5715,2519,15058,17577,55,1
flush,hit,5715,259,556,815,0,1
flush,miss,5716,2542,11355,13897,58,1
flush,hit,5716,264,526,790,0,1
flush,miss,5717,2573,11070,13643,56,1
flush,hit,5717,253,534,787,0,1
flush,miss,5718,2349,11355,13704,58,1
flush,hit,5718,253,524,777,0,1
flush,miss,5719,2598,11057,13655,56,1
flush,hit,5719,255,549,804,0,1
flush,miss,5720,2422,11369,13791,58,1
flush,hit,5720,256,534,790,0,1
flush,miss,5721,2520,11378,13898,58,1
flush,hit,5721,263,541,804,0,1
flush,miss,5722,2344,11492,13836,59,1
flush,hit,5722,255,525,780,0,1
flush,miss,5723,2553,11602,14155,59,1
flush,hit,5723,255,532,787,0,1
flush,miss,5724,2375,10996,13371,56,1
flush,hit,5724,257,522,779,0,1
flush,miss,5725,2448,11534,13982,59,1
flush,hit,5725,252,530,782,0,1
flush,miss,5726,2356,11322,13678,58,1
flush,hit,5726,265,517,782,0,1
flush,miss,5727,2528,11039,13567,56,1
flush,hit,5727,252,535,787,0,1
flush,miss,5728,2350,11081,13431,57,1
flush,hit,5728,264,524,788,0,1
flush,miss,5729,2479,11093,13572,56,1
flush,hit,5729,261,536,797,0,1
flush,miss,5730,2415,11074,13489,56,1
flush,hit,5730,262,528,790,0,1
flush,miss,5731,2475,11462,13937,58,1
flush,hit,5731,255,535,790,0,1
flush,miss,5732,2429,11015,13444,56,1
flush,hit,5732,256,526,782,0,1
flush,miss,5733,2487,11390,13877,57,1
flush,hit,5733,254,535,789,0,1
flush,miss,5734,2395,11056,13451,49,1
flush,hit,5734,265,1570,1835,0,1
flush,miss,5735,2605,11290,13895,57,1
flush,hit,5735,254,567,821,0,1
flush,miss,5736,2365,10875,13240,55,1
flush,hit,5736,268,554,822,0,1
flush,miss,5737,2545,11067,13612,56,1
flush,hit,5737,259,552,811,0,1
flush,miss,5738,2339,11031,13370,56,1
flush,hit,5738,254,548,802,0,1
flush,miss,5739,2508,11260,13768,57,1
flush,hit,5739,263,556,819,0,1
flush,miss,5740,2399,11381,13780,58,1
flush,hit,5740,264,545,809,0,1
flush,miss,5741,2503,10994,13497,56,1
flush,hit,5741,255,552,807,0,1
flush,miss,5742,2376,11215,13591,57,1
flush,hit,5742,257,547,804,0,1
flush,miss,5743,2528,11080,13608,56,1
flush,hit,5743,254,556,810,0,1
flush,miss,5744,2351,11381,13732,58,1
flush,hit,5744,253,547,800,0,1
flush,miss,5745,2513,11223,13736,57,1
flush,hit,5745,256,557,813,0,1
flush,miss,5746,2404,11021,13425,56,1
flush,hit,5746,251,546,797,0,1
flush,miss,5747,2541,11231,13772,57,1
flush,hit,5747,256,575,831,0,1
flush,miss,5748,7314,11132,18446,56,1
flush,hit,5748,252,558,810,0,1
flush,miss,5749,2502,11556,14058,59,1
flush,hit,5749,266,540,806,0,1
flush,miss,5750,2405,11007,13412,56,1
flush,hit,5750,264,526,790,0,1
flush,miss,5751,2567,11038,13605,56,1
flush,hit,5751,257,549,806,0,1
flush,miss,5752,2402,10988,13390,56,1
flush,hit,5752,255,527,782,0,1
flush,miss,5753,2516,10899,13415,55,1
flush,hit,5753,258,536,794,0,1
flush,miss,5754,2366,10830,13196,55,1
flush,hit,5754,254,523,777,0,1
flush,miss,5755,2500,11007,13507,56,1
flush,hit,5755,260,549,809,0,1
flush,miss,5756,2404,11065,13469,56,1
flush,hit,5756,255,525,780,0,1
flush,miss,5757,2505,11012,13517,56,1
flush,hit,5757,262,539,801,0,1
flush,miss,5758,2363,10976,13339,56,1
flush,hit,5758,255,522,777,0,1
flush,miss,5759,2517,11022,13539,56,1
flush,hit,5759,256,551,807,0,1
flush,miss,5760,2379,11481,13860,59,1
flush,hit,5760,256,529,785,0,1
flush,miss,5761,2464,11046,13510,56,1
flush,hit,5761,254,549,803,0,1
flush,miss,5762,2402,11239,13641,57,1
flush,hit,5762,266,535,801,0,1
flush,miss,5763,2510,10897,13407,55,1
flush,hit,5763,263,543,806,0,1
flush,miss,5764,2388,11039,13427,56,1
flush,hit,5764,252,529,781,0,1
flush,miss,5765,2499,11343,13842,58,1
flush,hit,5765,257,550,807,0,1
flush,miss,5766,2345,11097,13442,56,1
flush,hit,5766,277,629,906,0,1
flush,miss,5767,2516,11626,14142,59,1
flush,hit,5767,257,569,826,0,1
flush,miss,5768,2351,11302,13653,58,1
flush,hit,5768,254,542,796,0,1
flush,miss,5769,2558,11635,14193,59,1
flush,hit,5769,258,551,809,0,1
flush,miss,5770,2360,11339,13699,58,1
flush,hit,5770,256,544,800,0,1
flush,miss,5771,2499,11546,14045,59,1
flush,hit,5771,265,546,811,0,1
flush,miss,5772,2372,11230,13602,57,1
flush,hit,5772,254,539,793,0,1
flush,miss,5773,2494,11013,13507,56,1
flush,hit,5773,258,550,808,0,1
flush,miss,5774,2384,11048,13432,56,1
flush,hit,5774,254,541,795,0,1
flush,miss,5775,2531,11212,13743,57,1
flush,hit,5775,260,554,814,0,1
flush,miss,5776,2354,10897,13251,55,1
flush,hit,5776,254,536,790,0,1
flush,miss,5777,2517,11045,13562,56,1
flush,hit,5777,257,552,809,0,1
flush,miss,5778,2384,11010,13394,56,1
flush,hit,5778,258,537,795,0,1
flush,miss,5779,2527,11101,13628,56,1
flush,hit,5779,260,552,812,0,1
flush,miss,5780,2375,14719,17094,55,1
flush,hit,5780,261,542,803,0,1
flush,miss,5781,2481,10810,13291,54,1
flush,hit,5781,265,535,800,0,1
flush,miss,5782,2383,11243,13626,57,1
flush,hit,5782,260,516,776,0,1
flush,miss,5783,2518,11095,13613,56,1
flush,hit,5783,259,528,787,0,1
flush,miss,5784,2428,11208,13636,57,1
flush,hit,5784,262,514,776,0,1
flush,miss,5785,2479,10798,13277,54,1
flush,hit,5785,259,537,796,0,1
flush,miss,5786,2394,11200,13594,57,1
flush,hit,5786,256,516,772,0,1
flush,miss,5787,2555,10899,13454,55,1
flush,hit,5787,259,539,798,0,1
flush,miss,5788,2345,11275,13620,57,1
flush,hit,5788,257,517,774,0,1
flush,miss,5789,2502,11224,13726,57,1
flush,hit,5789,258,512,770,0,1
flush,miss,5790,2365,10958,13323,56,1
flush,hit,5790,253,519,772,0,1
flush,miss,5791,2526,11384,13910,58,1
flush,hit,5791,256,547,803,0,1
flush,miss,5792,2355,11286,13641,58,1
flush,hit,5792,267,514,781,0,1
flush,miss,5793,2491,11095,13586,56,1
flush,hit,5793,254,511,765,0,1
flush,miss,5794,2368,11064,13432,56,1
flush,hit,5794,255,519,774,0,1
flush,miss,5795,2496,11106,13602,56,1
flush,hit,5795,256,513,769,0,1
flush,miss,5796,2407,11016,13423,56,1
flush,hit,5796,258,518,776,0,1
flush,miss,5797,2508,11520,14028,59,1
flush,hit,5797,258,516,774,0,1
flush,miss,5798,2396,10846,13242,55,1
flush,hit,5798,258,517,775,0,1
flush,miss,5799,2698,11901,14599,61,1
flush,hit,5799,268,619,887,0,1
flush,miss,5800,2367,10737,13104,54,1
flush,hit,5800,255,535,790,0,1
flush,miss,5801,2566,10604,13170,53,1
flush,hit,5801,255,537,792,0,1
flush,miss,5802,2350,11111,13461,56,1
flush,hit,5802,249,533,782,0,1
flush,miss,5803,2501,11082,13583,56,1
flush,hit,5803,262,526,788,0,1
flush,miss,5804,2336,11540,13876,59,1
flush,hit,5804,252,530,782,0,1
flush,miss,5805,2524,11092,13616,56,1
flush,hit,5805,258,533,791,0,1
flush,miss,5806,2348,10997,13345,56,1
flush,hit,5806,250,526,776,0,1
flush,miss,5807,2505,11000,13505,56,1
flush,hit,5807,256,538,794,0,1
flush,miss,5808,2326,11147,13473,57,1
flush,hit,5808,264,532,796,0,1
flush,miss,5809,2523,11348,13871,58,1
flush,hit,5809,254,549,803,0,1
flush,miss,5810,2326,10991,13317,56,1
flush,hit,5810,256,532,788,0,1
flush,miss,5811,2537,11060,13597,56,1
flush,hit,5811,258,527,785,0,1
flush,miss,5812,2279,11031,13310,56,1
flush,hit,5812,281,640,921,0,1
flush,miss,5813,2534,11218,13752,57,1
flush,hit,5813,255,531,786,0,1
flush,miss,5814,2363,11154,13517,57,1
flush,hit,5814,260,512,772,0,1
flush,miss,5815,2527,11250,13777,57,1
flush,hit,5815,256,513,769,0,1
flush,miss,5816,2404,10998,13402,56,1
flush,hit,5816,260,521,781,0,1
flush,miss,5817,2517,11121,13638,56,1
flush,hit,5817,258,512,770,0,1
flush,miss,5818,2440,11037,13477,56,1
flush,hit,5818,254,513,767,0,1
flush,miss,5819,2486,11560,14046,59,1
flush,hit,5819,255,521,776,0,1
flush,miss,5820,2326,11077,13403,56,1
flush,hit,5820,268,537,805,0,1
flush,miss,5821,2494,11065,13559,56,1
flush,hit,5821,253,546,799,0,1
flush,miss,5822,2359,11265,13624,57,1
flush,hit,5822,255,527,782,0,1
flush,miss,5823,2494,11070,13564,56,1
flush,hit,5823,264,535,799,0,1
flush,miss,5824,2341,10955,13296,56,1
flush,hit,5824,254,535,789,0,1
flush,miss,5825,2503,10979,13482,56,1
flush,hit,5825,255,539,794,0,1
flush,miss,5826,2371,11521,13892,59,1
flush,hit,5826,255,535,790,0,1
flush,miss,5827,2519,11218,13737,57,1
flush,hit,5827,255,537,792,0,1
flush,miss,5828,2338,10986,13324,56,1
flush,hit,5828,254,530,784,0,1
flush,miss,5829,2497,10864,13361,55,1
flush,hit,5829,256,546,802,0,1
flush,miss,5830,2349,11339,13688,58,1
flush,hit,5830,254,532,786,0,1
flush,miss,5831,2545,16289,18834,70,1
flush,hit,5831,260,539,799,0,1
flush,miss,5832,2450,11881,14331,61,1
flush,hit,5832,263,546,809,0,1
flush,miss,5833,2573,11573,14146,59,1
flush,hit,5833,262,546,808,0,1
flush,miss,5834,2346,11237,13583,57,1
flush,hit,5834,259,542,801,0,1
flush,miss,5835,2552,11563,14115,59,1
flush,hit,5835,261,551,812,0,1
flush,miss,5836,2365,11535,13900,52,1
flush,hit,5836,262,1492,1754,0,1
flush,miss,5837,2543,11096,13639,56,1
flush,hit,5837,261,540,801,0,1
flush,miss,5838,2328,11267,13595,57,1
flush,hit,5838,263,524,787,0,1
flush,miss,5839,2453,11142,13595,56,1
flush,hit,5839,261,562,823,0,1
flush,miss,5840,2364,10939,13303,56,1
flush,hit,5840,262,534,796,0,1
flush,miss,5841,2593,11413,14006,58,1
flush,hit,5841,257,558,815,0,1
flush,miss,5842,2355,10964,13319,56,1
flush,hit,5842,255,531,786,0,1
flush,miss,5843,2524,11258,13782,57,1
flush,hit,5843,254,540,794,0,1
flush,miss,5844,2426,11031,13457,56,1
flush,hit,5844,255,534,789,0,1
flush,miss,5845,2486,10905,13391,55,1
flush,hit,5845,276,593,869,0,1
flush,miss,5846,2312,11055,13367,56,1
flush,hit,5846,257,519,776,0,1
flush,miss,5847,2531,11243,13774,57,1
flush,hit,5847,262,543,805,0,1
flush,miss,5848,2390,11334,13724,58,1
flush,hit,5848,255,521,776,0,1
flush,miss,5849,2523,11222,13745,57,1
flush,hit,5849,257,543,800,0,1
flush,miss,5850,2407,11279,13686,58,1
flush,hit,5850,252,517,769,0,1
flush,miss,5851,2512,10949,13461,55,1
flush,hit,5851,254,522,776,0,1
flush,miss,5852,2390,11030,13420,56,1
flush,hit,5852,254,520,774,0,1
flush,miss,5853,2483,11439,13922,58,1
flush,hit,5853,253,540,793,0,1
flush,miss,5854,2383,11198,13581,57,1
flush,hit,5854,254,516,770,0,1
flush,miss,5855,2459,11389,13848,58,1
flush,hit,5855,256,543,799,0,1
flush,miss,5856,2386,11227,13613,57,1
flush,hit,5856,254,518,772,0,1
flush,miss,5857,2491,11031,13522,56,1
flush,hit,5857,254,542,796,0,1
flush,miss,5858,2372,11075,13447,56,1
flush,hit,5858,263,507,770,0,1
flush,miss,5859,2450,11253,13703,57,1
flush,hit,5859,256,520,776,0,1
flush,miss,5860,2368,11026,13394,56,1
flush,hit,5860,253,519,772,0,1
flush,miss,5861,2481,11073,13554,56,1
flush,hit,5861,252,516,768,0,1
flush,miss,5862,2409,11219,13628,57,1
flush,hit,5862,252,535,787,0,1
flush,miss,5863,2503,14550,17053,56,1
flush,hit,5863,257,544,801,0,1
flush,miss,5864,2425,14184,16609,74,1
flush,hit,5864,252,544,796,0,1
flush,miss,5865,2524,11241,13765,57,1
flush,hit,5865,255,563,818,0,1
flush,miss,5866,2370,11379,13749,58,1
flush,hit,5866,265,542,807,0,1
flush,miss,5867,2434,11076,13510,56,1
flush,hit,5867,257,552,809,0,1
flush,miss,5868,2329,11056,13385,56,1
flush,hit,5868,258,541,799,0,1
flush,miss,5869,2504,11135,13639,56,1
flush,hit,5869,256,556,812,0,1
flush,miss,5870,2336,11573,13909,59,1
flush,hit,5870,252,550,802,0,1
flush,miss,5871,2515,11023,13538,56,1
flush,hit,5871,255,560,815,0,1
flush,miss,5872,2395,10973,13368,56,1
flush,hit,5872,253,552,805,0,1
flush,miss,5873,2520,11086,13606,56,1
flush,hit,5873,254,559,813,0,1
flush,miss,5874,2328,11479,13807,59,1
flush,hit,5874,255,552,807,0,1
flush,miss,5875,2511,11245,13756,57,1
flush,hit,5875,256,561,817,0,1
flush,miss,5876,2349,11210,13559,57,1
flush,hit,5876,255,551,806,0,1
flush,miss,5877,2629,11051,13680,56,1
flush,hit,5877,272,615,887,0,1
flush,miss,5878,2344,11097,13441,57,1
flush,hit,5878,258,528,786,0,1
flush,miss,5879,2520,11427,13947,58,1
flush,hit,5879,254,536,790,0,1
flush,miss,5880,2423,11213,13636,57,1
flush,hit,5880,263,528,791,0,1
flush,miss,5881,2422,11189,13611,57,1
flush,hit,5881,255,534,789,0,1
flush,miss,5882,2405,11026,13431,56,1
flush,hit,5882,253,529,782,0,1
flush,miss,5883,2493,11104,13597,56,1
flush,hit,5883,252,531,783,0,1
flush,miss,5884,2478,11104,13582,56,1
flush,hit,5884,259,536,795,0,1
flush,miss,5885,2425,11517,13942,59,1
flush,hit,5885,262,552,814,0,1
flush,miss,5886,2358,10912,13270,55,1
flush,hit,5886,255,527,782,0,1
flush,miss,5887,2517,11017,13534,56,1
flush,hit,5887,257,543,800,0,1
flush,miss,5888,2380,11064,13444,56,1
flush,hit,5888,253,527,780,0,1
flush,miss,5889,2489,10968,13457,56,1
flush,hit,5889,256,537,793,0,1
flush,miss,5890,2351,11015,13366,56,1
flush,hit,5890,257,535,792,0,1
flush,miss,5891,2482,11027,13509,56,1
flush,hit,5891,259,544,803,0,1
flush,miss,5892,2399,11039,13438,56,1
flush,hit,5892,257,532,789,0,1
flush,miss,5893,2528,11042,13570,56,1
flush,hit,5893,267,540,807,0,1
flush,miss,5894,2389,11306,13695,58,1
flush,hit,5894,260,530,790,0,1
flush,miss,5895,2506,10881,13387,55,1
flush,hit,5895,258,548,806,0,1
flush,miss,5896,2349,13980,16329,56,1
flush,hit,5896,261,542,803,0,1
flush,miss,5897,2532,11793,14325,60,1
flush,hit,5897,256,549,805,0,1
flush,miss,5898,2355,11479,13834,59,1
flush,hit,5898,253,544,797,0,1
flush,miss,5899,2513,11384,13897,58,1
flush,hit,5899,256,552,808,0,1
flush,miss,5900,2370,11241,13611,57,1
flush,hit,5900,261,541,802,0,1
flush,miss,5901,2506,11043,13549,56,1
flush,hit,5901,257,550,807,0,1
flush,miss,5902,2381,11374,13755,58,1
flush,hit,5902,255,535,790,0,1
flush,miss,5903,2449,11059,13508,56,1
flush,hit,5903,254,557,811,0,1
flush,miss,5904,2364,11009,13373,56,1
flush,hit,5904,260,552,812,0,1
flush,miss,5905,2499,11136,13635,56,1
flush,hit,5905,265,560,825,0,1
flush,miss,5906,2375,10881,13256,55,1
flush,hit,5906,256,543,799,0,1
flush,miss,5907,2504,10928,13432,55,1
flush,hit,5907,256,544,800,0,1
flush,miss,5908,2380,11011,13391,56,1
flush,hit,5908,253,543,796,0,1
flush,miss,5909,2711,11052,13763,56,1
flush,hit,5909,275,583,858,0,1
flush,miss,5910,2377,11061,13438,56,1
flush,hit,5910,256,530,786,0,1
flush,miss,5911,2560,11063,13623,56,1
flush,hit,5911,258,548,806,0,1
flush,miss,5912,2396,10832,13228,55,1
flush,hit,5912,257,517,774,0,1
flush,miss,5913,2566,11029,13595,56,1
flush,hit,5913,253,541,794,0,1
flush,miss,5914,2413,11518,13931,59,1
flush,hit,5914,264,508,772,0,1
flush,miss,5915,2552,11213,13765,57,1
flush,hit,5915,256,531,787,0,1
flush,miss,5916,2431,10919,13350,55,1
flush,hit,5916,266,517,783,0,1
flush,miss,5917,2537,10371,12908,52,1
flush,hit,5917,254,511,765,0,1
flush,miss,5918,2410,10315,12725,52,1
flush,hit,5918,253,508,761,0,1
flush,miss,5919,2493,11365,13858,58,1
flush,hit,5919,253,517,770,0,1
flush,miss,5920,2399,10965,13364,56,1
flush,hit,5920,257,516,773,0,1
flush,miss,5921,2538,10849,13387,55,1
flush,hit,5921,256,548,804,0,1
flush,miss,5922,2439,10992,13431,56,1
flush,hit,5922,264,510,774,0,1
flush,miss,5923,2526,11034,13560,56,1
flush,hit,5923,257,532,789,0,1
flush,miss,5924,2363,11407,13770,58,1
flush,hit,5924,254,514,768,0,1
flush,miss,5925,2513,11110,13623,56,1
flush,hit,5925,258,538,796,0,1
flush,miss,5926,2333,10996,13329,56,1
flush,hit,5926,272,508,780,0,1
flush,miss,5927,2511,11110,13621,56,1
flush,hit,5927,261,510,771,0,1
flush,miss,5928,2380,13826,16206,55,1
flush,hit,5928,286,521,807,0,1
flush,miss,5929,2499,11760,14259,60,1
flush,hit,5929,266,528,794,0,1
flush,miss,5930,2348,11293,13641,57,1
flush,hit,5930,262,522,784,0,1
flush,miss,5931,2459,11159,13618,57,1
flush,hit,5931,254,546,800,0,1
flush,miss,5932,2318,11086,13404,56,1
flush,hit,5932,262,516,778,0,1
flush,miss,5933,2497,11038,13535,56,1
flush,hit,5933,263,552,815,0,1
flush,miss,5934,2358,10846,13204,55,1
flush,hit,5934,254,518,772,0,1
flush,miss,5935,2535,11033,13568,56,1
flush,hit,5935,253,545,798,0,1
flush,miss,5936,2365,11233,13598,57,1
flush,hit,5936,257,655,912,0,1
flush,miss,5937,2835,13245,16080,62,1
flush,hit,5937,253,1248,1501,0,1
flush,miss,5938,2625,12677,15302,63,1
flush,hit,5938,796,545,1341,0,1
flush,miss,5939,2531,12173,14704,61,1
flush,hit,5939,270,561,831,0,1
flush,miss,5940,2388,13273,15661,67,1
flush,hit,5940,279,1133,1412,0,1
flush,miss,5941,3163,17972,21135,91,1
flush,hit,5941,274,841,1115,0,1
flush,miss,5942,3615,13043,16658,68,1
flush,hit,5942,257,1524,1781,0,1
flush,miss,5943,2667,13370,16037,67,1
flush,hit,5943,257,725,982,0,1
flush,miss,5944,2671,13045,15716,63,1
flush,hit,5944,254,777,1031,0,1
flush,miss,5945,3184,13931,17115,73,1
flush,hit,5945,255,546,801,0,1
flush,miss,5946,2336,12453,14789,64,1
flush,hit,5946,261,532,793,0,1
flush,miss,5947,2783,11615,14398,58,1
flush,hit,5947,255,548,803,0,1
flush,miss,5948,2371,13697,16068,71,1
flush,hit,5948,254,545,799,0,1
flush,miss,5949,2648,11635,14283,58,1
flush,hit,5949,255,542,797,0,1
flush,miss,5950,2924,11826,14750,60,1
flush,hit,5950,254,728,982,0,1
flush,miss,5951,2518,12188,14706,63,1
flush,hit,5951,260,535,795,0,1
flush,miss,5952,2434,11529,13963,59,1
flush,hit,5952,255,530,785,0,1
flush,miss,5953,2611,11681,14292,60,1
flush,hit,5953,256,545,801,0,1
flush,miss,5954,2551,11320,13871,58,1
flush,hit,5954,256,536,792,0,1
flush,miss,5955,2581,11719,14300,60,1
flush,hit,5955,258,543,801,0,1
flush,miss,5956,2388,11829,14217,60,1
flush,hit,5956,256,533,789,0,1
flush,miss,5957,3070,13215,16285,68,1
flush,hit,5957,284,1325,1609,0,1
flush,miss,5958,2393,19579,21972,107,1
flush,hit,5958,312,546,858,0,1
flush,miss,5959,2624,13104,15728,64,1
flush,hit,5959,256,567,823,0,1
flush,miss,5960,2825,12550,15375,65,1
flush,hit,5960,256,547,803,0,1
flush,miss,5961,2492,11217,13709,57,1
flush,hit,5961,255,569,824,0,1
flush,miss,5962,2376,13658,16034,72,1
flush,hit,5962,431,1026,1457,0,1
flush,miss,5963,2555,23153,25708,128,1
flush,hit,5963,254,560,814,0,1
flush,miss,5964,2508,13970,16478,74,1
flush,hit,5964,254,550,804,0,1
flush,miss,5965,3923,17142,21065,92,1
flush,hit,5965,252,573,825,0,1
flush,miss,5966,2515,14544,17059,77,1
flush,hit,5966,256,542,798,0,1
flush,miss,5967,2595,19492,22087,80,1
flush,hit,5967,272,893,1165,0,1
flush,miss,5968,2444,17123,19567,92,1
flush,hit,5968,267,506,773,0,1
flush,miss,5969,2522,32885,35407,117,1
flush,hit,5969,252,529,781,0,1
flush,miss,5970,4315,18690,23005,101,1
flush,hit,5970,506,1216,1722,0,1
flush,miss,5971,2923,20678,23601,104,1
flush,hit,5971,728,921,1649,0,1
flush,miss,5972,2964,17785,20749,96,1
flush,hit,5972,253,521,774,0,1
flush,miss,5973,2559,28250,30809,151,1
flush,hit,5973,252,562,814,0,1
flush,miss,5974,3470,17154,20624,92,1
flush,hit,5974,257,510,767,0,1
flush,miss,5975,3387,17419,20806,87,1
flush,hit,5975,597,781,1378,0,1
flush,miss,5976,3825,18040,21865,96,1
flush,hit,5976,255,594,849,0,1
flush,miss,5977,2559,14872,17431,79,1
flush,hit,5977,506,571,1077,0,1
flush,miss,5978,2296,13995,16291,74,1
flush,hit,5978,255,529,784,0,1
flush,miss,5979,2697,20698,23395,78,1
flush,hit,5979,262,584,846,0,1
flush,miss,5980,3698,18838,22536,102,1
flush,hit,5980,334,849,1183,0,1
flush,miss,5981,4082,20635,24717,111,1
flush,hit,5981,260,620,880,0,1
flush,miss,5982,2540,15617,18157,83,1
flush,hit,5982,256,556,812,0,1
flush,miss,5983,2975,16173,19148,86,1
flush,hit,5983,256,570,826,0,1
flush,miss,5984,2598,17432,20030,94,1
flush,hit,5984,256,550,806,0,1
flush,miss,5985,2797,20493,23290,111,1
flush,hit,5985,257,565,822,0,1
flush,miss,5986,3951,18905,22856,72,1
flush,hit,5986,264,591,855,0,1
flush,miss,5987,3616,18827,22443,101,1
flush,hit,5987,262,561,823,0,1
flush,miss,5988,2953,16560,19513,89,1
flush,hit,5988,281,675,956,0,1
flush,miss,5989,3170,20920,24090,114,1
flush,hit,5989,255,558,813,0,1
flush,miss,5990,2444,17777,20221,96,1
flush,hit,5990,256,511,767,0,1
flush,miss,5991,2569,16852,19421,63,1
flush,hit,5991,250,1069,1319,0,1
flush,miss,5992,2571,15556,18127,82,1
flush,hit,5992,262,762,1024,0,1
flush,miss,5993,2509,13658,16167,71,1
flush,hit,5993,252,544,796,0,1
flush,miss,5994,2488,14267,16755,75,1
flush,hit,5994,262,536,798,0,1
flush,miss,5995,2546,14343,16889,75,1
flush,hit,5995,253,524,777,0,1
flush,miss,5996,3053,16618,19671,89,1
flush,hit,5996,262,527,789,0,1
flush,miss,5997,2827,14094,16921,74,1
flush,hit,5997,330,787,1117,0,1
flush,miss,5998,2555,13982,16537,73,1
flush,hit,5998,251,557,808,0,1
flush,miss,5999,2510,13714,16224,72,1
flush,hit,5999,254,559,813,0,1
flush,miss,6000,2455,14541,16996,77,1
flush,hit,6000,261,601,862,0,1
flush,miss,6001,2559,15126,17685,80,1
flush,hit,6001,256,546,802,0,1
flush,miss,6002,2351,15425,17776,82,1
flush,hit,6002,377,978,1355,0,1
flush,miss,6003,2478,19205,21683,104,1
flush,hit,6003,278,660,938,0,1
flush,miss,6004,2429,15666,18095,83,1
flush,hit,6004,264,547,811,0,1
flush,miss,6005,2524,11139,13663,57,1
flush,hit,6005,254,544,798,0,1
flush,miss,6006,2411,11653,14064,60,1
flush,hit,6006,257,539,796,0,1
flush,miss,6007,2533,11913,14446,61,1
flush,hit,6007,262,570,832,0,1
flush,miss,6008,2383,14015,16398,45,1
flush,hit,6008,273,597,870,0,1
flush,miss,6009,2513,14447,16960,76,1
flush,hit,6009,258,571,829,0,1
flush,miss,6010,2194,15681,17875,84,1
flush,hit,6010,252,552,804,0,1
flush,miss,6011,2536,11425,13961,58,1
flush,hit,6011,252,542,794,0,1
flush,miss,6012,2397,11395,13792,58,1
flush,hit,6012,254,535,789,0,1
flush,miss,6013,2568,13085,15653,43,1
flush,hit,6013,257,551,808,0,1
flush,miss,6014,2454,10993,13447,56,1
flush,hit,6014,292,648,940,0,1
flush,miss,6015,2492,11735,14227,60,1
flush,hit,6015,259,584,843,0,1
flush,miss,6016,2366,10971,13337,56,1
flush,hit,6016,265,549,814,0,1
flush,miss,6017,2465,11268,13733,57,1
flush,hit,6017,252,541,793,0,1
flush,miss,6018,2315,11173,13488,57,1
flush,hit,6018,256,535,791,0,1
flush,miss,6019,2867,10942,13809,55,1
flush,hit,6019,342,805,1147,0,1
flush,miss,6020,2457,10971,13428,56,1
flush,hit,6020,253,587,840,0,1
flush,miss,6021,2531,11020,13551,56,1
flush,hit,6021,260,592,852,0,1
flush,miss,6022,2336,10872,13208,55,1
flush,hit,6022,265,557,822,0,1
flush,miss,6023,2545,11026,13571,56,1
flush,hit,6023,255,558,813,0,1
flush,miss,6024,2387,11213,13600,57,1
flush,hit,6024,318,827,1145,0,1
flush,miss,6025,2532,11006,13538,56,1
flush,hit,6025,258,614,872,0,1
flush,miss,6026,2365,11187,13552,57,1
flush,hit,6026,256,561,817,0,1
flush,miss,6027,2516,10859,13375,55,1
flush,hit,6027,262,562,824,0,1
flush,miss,6028,2370,10944,13314,56,1
flush,hit,6028,256,574,830,0,1
flush,miss,6029,2504,11320,13824,58,1
flush,hit,6029,254,561,815,0,1
flush,miss,6030,2412,13337,15749,44,1
flush,hit,6030,251,604,855,0,1
flush,miss,6031,2477,10975,13452,56,1
flush,hit,6031,270,593,863,0,1
flush,miss,6032,2357,11659,14016,60,1
flush,hit,6032,252,564,816,0,1
flush,miss,6033,2897,13089,15986,68,1
flush,hit,6033,320,755,1075,0,1
flush,miss,6034,2392,11400,13792,58,1
flush,hit,6034,257,566,823,0,1
flush,miss,6035,2503,13294,15797,48,1
flush,hit,6035,254,572,826,0,1
flush,miss,6036,2508,12424,14932,64,1
flush,hit,6036,261,588,849,0,1
flush,miss,6037,2522,12382,14904,64,1
flush,hit,6037,259,570,829,0,1
flush,miss,6038,2331,11214,13545,57,1
flush,hit,6038,258,564,822,0,1
flush,miss,6039,2534,11348,13882,58,1
flush,hit,6039,258,581,839,0,1
flush,miss,6040,2351,10970,13321,56,1
flush,hit,6040,262,565,827,0,1
flush,miss,6041,2863,12402,15265,59,1
flush,hit,6041,331,2293,2624,0,1
flush,miss,6042,2383,11022,13405,56,1
flush,hit,6042,251,587,838,0,1
flush,miss,6043,2537,11185,13722,57,1
flush,hit,6043,258,580,838,0,1
flush,miss,6044,2348,11207,13555,57,1
flush,hit,6044,261,555,816,0,1
flush,miss,6045,2552,11146,13698,57,1
flush,hit,6045,252,567,819,0,1
flush,miss,6046,2386,11491,13877,36,1
flush,hit,6046,324,817,1141,0,1
flush,miss,6047,2604,11279,13883,57,1
flush,hit,6047,260,627,887,0,1
flush,miss,6048,2413,11520,13933,59,1
flush,hit,6048,261,574,835,0,1
flush,miss,6049,2528,10992,13520,55,1
flush,hit,6049,261,561,822,0,1
flush,miss,6050,2385,10983,13368,56,1
flush,hit,6050,354,956,1310,0,1
flush,miss,6051,3644,12089,15733,41,1
flush,hit,6051,377,773,1150,0,1
flush,miss,6052,3607,31268,34875,119,1
flush,hit,6052,664,1347,2011,0,1
flush,miss,6053,5460,12477,17937,38,1
flush,hit,6053,501,1282,1783,0,1
flush,miss,6054,3882,11671,15553,36,1
flush,hit,6054,472,1032,1504,0,1
flush,miss,6055,3585,13894,17479,38,1
flush,hit,6055,447,980,1427,0,1
flush,miss,6056,3321,12091,15412,37,1
flush,hit,6056,503,1225,1728,0,1
flush,miss,6057,5038,11901,16939,32,1
flush,hit,6057,523,1351,1874,0,1
flush,miss,6058,4004,12112,16116,36,1
flush,hit,6058,715,1703,2418,0,1
flush,miss,6059,4774,14692,19466,45,1
flush,hit,6059,540,1347,1887,0,1
flush,miss,6060,4077,12308,16385,47,1
flush,hit,6060,322,776,1098,0,1
flush,miss,6061,2566,11360,13926,58,1
flush,hit,6061,264,591,855,0,1
flush,miss,6062,2345,11362,13707,58,1
flush,hit,6062,253,528,781,0,1
flush,miss,6063,2548,11461,14009,59,1
flush,hit,6063,253,556,809,0,1
flush,miss,6064,2351,11316,13667,58,1
flush,hit,6064,259,541,800,0,1
flush,miss,6065,2525,11238,13763,57,1
flush,hit,6065,255,556,811,0,1
flush,miss,6066,2324,11006,13330,56,1
flush,hit,6066,251,528,779,0,1
flush,miss,6067,2527,10896,13423,55,1
flush,hit,6067,255,553,808,0,1
flush,miss,6068,2370,11545,13915,59,1
flush,hit,6068,252,529,781,0,1
flush,miss,6069,2537,11302,13839,57,1
flush,hit,6069,253,555,808,0,1
flush,miss,6070,2376,11027,13403,56,1
flush,hit,6070,249,532,781,0,1
flush,miss,6071,2488,12262,14750,63,1
flush,hit,6071,258,533,791,0,1
flush,miss,6072,2328,15368,17696,44,1
flush,hit,6072,485,1174,1659,0,1
flush,miss,6073,7646,14246,21892,73,1
flush,hit,6073,331,866,1197,0,1
flush,miss,6074,2489,14182,16671,74,1
flush,hit,6074,270,563,833,0,1
flush,miss,6075,4707,12054,16761,35,1
flush,hit,6075,523,1187,1710,0,1
flush,miss,6076,4335,13393,17728,68,1
flush,hit,6076,261,561,822,0,1
flush,miss,6077,2517,11603,14120,59,1
flush,hit,6077,262,558,820,0,1
flush,miss,6078,2358,11392,13750,58,1
flush,hit,6078,263,537,800,0,1
flush,miss,6079,2550,11377,13927,58,1
flush,hit,6079,254,556,810,0,1
flush,miss,6080,2316,11331,13647,58,1
flush,hit,6080,255,545,800,0,1
flush,miss,6081,2535,11226,13761,57,1
flush,hit,6081,263,541,804,0,1
flush,miss,6082,2341,11187,13528,57,1
flush,hit,6082,257,525,782,0,1
flush,miss,6083,2479,11009,13488,56,1
flush,hit,6083,256,531,787,0,1
flush,miss,6084,2349,11035,13384,56,1
flush,hit,6084,257,545,802,0,1
flush,miss,6085,2540,11244,13784,57,1
flush,hit,6085,262,558,820,0,1
flush,miss,6086,2360,11182,13542,57,1
flush,hit,6086,254,530,784,0,1
flush,miss,6087,2498,11197,13695,57,1
flush,hit,6087,256,532,788,0,1
flush,miss,6088,2349,11014,13363,56,1
flush,hit,6088,255,525,780,0,1
flush,miss,6089,2507,11080,13587,56,1
flush,hit,6089,256,525,781,0,1
flush,miss,6090,2369,11141,13510,57,1
flush,hit,6090,269,525,794,0,1
flush,miss,6091,3155,13810,16965,72,1
flush,hit,6091,361,825,1186,0,1
flush,miss,6092,2401,11490,13891,59,1
flush,hit,6092,270,564,834,0,1
flush,miss,6093,2473,11402,13875,58,1
flush,hit,6093,253,555,808,0,1
flush,miss,6094,2365,11498,13863,59,1
flush,hit,6094,249,555,804,0,1
flush,miss,6095,2559,11764,14323,60,1
flush,hit,6095,253,558,811,0,1
flush,miss,6096,2346,11341,13687,58,1
flush,hit,6096,253,544,797,0,1
flush,miss,6097,2561,11518,14079,59,1
flush,hit,6097,254,582,836,0,1
flush,miss,6098,2372,11153,13525,57,1
flush,hit,6098,257,549,806,0,1
flush,miss,6099,2495,11372,13867,58,1
flush,hit,6099,255,556,811,0,1
flush,miss,6100,2392,11157,13549,57,1
flush,hit,6100,257,538,795,0,1
flush,miss,6101,2509,20076,22585,109,1
flush,hit,6101,257,542,799,0,1
flush,miss,6102,3931,11310,15241,58,1
flush,hit,6102,255,542,797,0,1
flush,miss,6103,2535,11092,13627,56,1
flush,hit,6103,255,569,824,0,1
flush,miss,6104,2406,12718,15124,34,1
flush,hit,6104,269,537,806,0,1
flush,miss,6105,2507,11206,13713,57,1
flush,hit,6105,257,540,797,0,1
flush,miss,6106,2358,10970,13328,56,1
flush,hit,6106,266,537,803,0,1
flush,miss,6107,2499,11435,13934,58,1
flush,hit,6107,260,548,808,0,1
flush,miss,6108,2361,11032,13393,56,1
flush,hit,6108,269,524,793,0,1
flush,miss,6109,2478,11020,13498,56,1
flush,hit,6109,253,543,796,0,1
flush,miss,6110,2334,11018,13352,56,1
flush,hit,6110,263,525,788,0,1
flush,miss,6111,2506,11261,13767,57,1
flush,hit,6111,253,528,781,0,1
flush,miss,6112,2352,11309,13661,58,1
flush,hit,6112,256,523,779,0,1
flush,miss,6113,2485,11062,13547,56,1
flush,hit,6113,258,520,778,0,1
flush,miss,6114,2361,11352,13713,58,1
flush,hit,6114,257,515,772,0,1
flush,miss,6115,2489,11008,13497,56,1
flush,hit,6115,265,525,790,0,1
flush,miss,6116,2386,11035,13421,56,1
flush,hit,6116,258,529,787,0,1
flush,miss,6117,2478,11526,14004,59,1
flush,hit,6117,254,516,770,0,1
flush,miss,6118,2367,11204,13571,57,1
flush,hit,6118,257,527,784,0,1
flush,miss,6119,2446,11335,13781,58,1
flush,hit,6119,258,522,780,0,1
flush,miss,6120,2365,24265,26630,134,1
flush,hit,6120,260,511,771,0,1
flush,miss,6121,2470,10527,12997,53,1
flush,hit,6121,254,516,770,0,1
flush,miss,6122,2353,10328,12681,52,1
flush,hit,6122,312,724,1036,0,1
flush,miss,6123,4112,11433,15545,58,1
flush,hit,6123,265,587,852,0,1
flush,miss,6124,2409,11362,13771,58,1
flush,hit,6124,255,547,802,0,1
flush,miss,6125,2485,11390,13875,58,1
flush,hit,6125,260,579,839,0,1
flush,miss,6126,2380,11178,13558,57,1
flush,hit,6126,257,563,820,0,1
flush,miss,6127,2517,11231,13748,57,1
flush,hit,6127,255,582,837,0,1
flush,miss,6128,2377,10969,13346,56,1
flush,hit,6128,257,550,807,0,1
flush,miss,6129,2523,11261,13784,57,1
flush,hit,6129,260,573,833,0,1
flush,miss,6130,2410,11035,13445,56,1
flush,hit,6130,255,559,814,0,1
flush,miss,6131,2540,11055,13595,56,1
flush,hit,6131,262,571,833,0,1
flush,miss,6132,2415,10813,13228,55,1
flush,hit,6132,256,563,819,0,1
flush,miss,6133,2513,10963,13476,56,1
flush,hit,6133,255,544,799,0,1
flush,miss,6134,2403,11190,13593,57,1
flush,hit,6134,258,550,808,0,1
flush,miss,6135,2537,13264,15801,43,1
flush,hit,6135,255,559,814,0,1
flush,miss,6136,2459,11067,13526,56,1
flush,hit,6136,261,529,790,0,1
flush,miss,6137,2481,10851,13332,55,1
flush,hit,6137,261,520,781,0,1
flush,miss,6138,2393,11303,13696,58,1
flush,hit,6138,262,523,785,0,1
flush,miss,6139,2503,11052,13555,56,1
flush,hit,6139,259,538,797,0,1
flush,miss,6140,2396,11213,13609,57,1
flush,hit,6140,262,527,789,0,1
flush,miss,6141,2516,13890,16406,73,1
flush,hit,6141,266,557,823,0,1
flush,miss,6142,2397,16507,18904,88,1
flush,hit,6142,264,521,785,0,1
flush,miss,6143,2675,14478,17153,71,1
flush,hit,6143,266,2186,2452,0,1
flush,miss,6144,2482,11970,14452,62,1
flush,hit,6144,268,560,828,0,1
flush,miss,6145,2500,15984,18484,85,1
flush,hit,6145,257,545,802,0,1
flush,miss,6146,2412,13046,15458,68,1
flush,hit,6146,254,589,843,0,1
flush,miss,6147,2553,13804,16357,73,1
flush,hit,6147,258,544,802,0,1
flush,miss,6148,3224,16246,19470,87,1
flush,hit,6148,356,834,1190,0,1
flush,miss,6149,2559,16725,19284,89,1
flush,hit,6149,262,558,820,0,1
flush,miss,6150,2443,19485,21928,106,1
flush,hit,6150,313,904,1217,0,1
flush,miss,6151,2550,18529,21079,99,1
flush,hit,6151,257,670,927,0,1
flush,miss,6152,2650,13432,16082,70,1
flush,hit,6152,443,983,1426,0,1
flush,miss,6153,2728,15012,17740,79,1
flush,hit,6153,306,760,1066,0,1
flush,miss,6154,2402,12031,14433,62,1
flush,hit,6154,263,524,787,0,1
flush,miss,6155,2481,13409,15890,70,1
flush,hit,6155,253,533,786,0,1
flush,miss,6156,2303,11718,14021,60,1
flush,hit,6156,250,520,770,0,1
flush,miss,6157,2479,15214,17693,81,1
flush,hit,6157,262,543,805,0,1
flush,miss,6158,2410,13740,16150,72,1
flush,hit,6158,256,526,782,0,1
flush,miss,6159,2482,47885,50367,274,1
flush,hit,6159,254,530,784,0,1
flush,miss,6160,2284,11473,13757,59,1
flush,hit,6160,262,531,793,0,1
flush,miss,6161,2827,11814,14641,60,1
flush,hit,6161,283,692,975,0,1
flush,miss,6162,2364,11570,13934,59,1
flush,hit,6162,261,531,792,0,1
flush,miss,6163,2509,11794,14303,60,1
flush,hit,6163,253,546,799,0,1
flush,miss,6164,2308,11463,13771,59,1
flush,hit,6164,265,521,786,0,1
flush,miss,6165,2432,13554,15986,71,1
flush,hit,6165,251,539,790,0,1
flush,miss,6166,2331,13846,16177,73,1
flush,hit,6166,265,517,782,0,1
flush,miss,6167,2489,11558,14047,59,1
flush,hit,6167,253,553,806,0,1
flush,miss,6168,2357,11670,14027,60,1
flush,hit,6168,252,523,775,0,1
flush,miss,6169,2477,11997,14474,61,1
flush,hit,6169,256,591,847,0,1
flush,miss,6170,2338,11302,13640,58,1
flush,hit,6170,262,517,779,0,1
flush,miss,6171,2477,11370,13847,58,1
flush,hit,6171,253,538,791,0,1
flush,miss,6172,2325,11360,13685,58,1
flush,hit,6172,258,519,777,0,1
flush,miss,6173,2512,10717,13229,54,1
flush,hit,6173,251,523,774,0,1
flush,miss,6174,2365,11353,13718,58,1
flush,hit,6174,254,521,775,0,1
flush,miss,6175,2502,11181,13683,57,1
flush,hit,6175,255,545,800,0,1
flush,miss,6176,2308,50121,52429,257,1
flush,hit,6176,282,542,824,0,1
flush,miss,6177,2459,11139,13598,57,1
flush,hit,6177,258,546,804,0,1
flush,miss,6178,2364,11761,14125,61,1
flush,hit,6178,264,540,804,0,1
flush,miss,6179,2500,10382,12882,52,1
flush,hit,6179,259,556,815,0,1
flush,miss,6180,2325,11473,13798,59,1
flush,hit,6180,259,539,798,0,1
flush,miss,6181,2528,47408,49936,270,1
flush,hit,6181,263,545,808,0,1
flush,miss,6182,2276,11340,13616,58,1
flush,hit,6182,260,539,799,0,1
flush,miss,6183,2436,11428,13864,58,1
flush,hit,6183,261,545,806,0,1
flush,miss,6184,2334,10747,13081,55,1
flush,hit,6184,254,539,793,0,1
flush,miss,6185,2499,11408,13907,58,1
flush,hit,6185,259,553,812,0,1
flush,miss,6186,2350,11407,13757,58,1
flush,hit,6186,266,539,805,0,1
flush,miss,6187,2491,11422,13913,58,1
flush,hit,6187,254,564,818,0,1
flush,miss,6188,2375,11151,13526,27,1
flush,hit,6188,261,530,791,0,1
flush,miss,6189,2502,11365,13867,58,1
flush,hit,6189,259,521,780,0,1
flush,miss,6190,2380,11188,13568,57,1
flush,hit,6190,269,526,795,0,1
flush,miss,6191,2447,11073,13520,56,1
flush,hit,6191,260,536,796,0,1
flush,miss,6192,2349,10949,13298,56,1
flush,hit,6192,256,521,777,0,1
flush,miss,6193,2479,11225,13704,57,1
flush,hit,6193,252,547,799,0,1
flush,miss,6194,2385,11024,13409,56,1
flush,hit,6194,257,521,778,0,1
flush,miss,6195,2468,11016,13484,56,1
flush,hit,6195,253,531,784,0,1
flush,miss,6196,2317,11198,13515,57,1
flush,hit,6196,258,525,783,0,1
flush,miss,6197,2495,11188,13683,57,1
flush,hit,6197,252,525,777,0,1
flush,miss,6198,2340,11132,13472,57,1
flush,hit,6198,256,517,773,0,1
flush,miss,6199,2466,11092,13558,56,1
flush,hit,6199,252,551,803,0,1
flush,miss,6200,2379,11211,13590,57,1
flush,hit,6200,256,516,772,0,1
flush,miss,6201,2475,11069,13544,56,1
flush,hit,6201,264,537,801,0,1
flush,miss,6202,2342,11001,13343,56,1
flush,hit,6202,256,512,768,0,1
flush,miss,6203,2520,11234,13754,57,1
flush,hit,6203,257,542,799,0,1
flush,miss,6204,2376,11018,13394,56,1
flush,hit,6204,255,519,774,0,1
flush,miss,6205,2473,11085,13558,56,1
flush,hit,6205,255,538,793,0,1
flush,miss,6206,2333,11018,13351,56,1
flush,hit,6206,266,519,785,0,1
flush,miss,6207,2999,11621,14620,59,1
flush,hit,6207,308,746,1054,0,1
flush,miss,6208,2393,11296,13689,58,1
flush,hit,6208,254,556,810,0,1
flush,miss,6209,2246,11531,13777,59,1
flush,hit,6209,253,579,832,0,1
flush,miss,6210,2363,11311,13674,58,1
flush,hit,6210,264,553,817,0,1
flush,miss,6211,2501,10696,13197,54,1
flush,hit,6211,253,576,829,0,1
flush,miss,6212,2357,11426,13783,59,1
flush,hit,6212,258,543,801,0,1
flush,miss,6213,2504,11230,13734,57,1
flush,hit,6213,324,559,883,0,1
flush,miss,6214,2352,11130,13482,57,1
flush,hit,6214,254,550,804,0,1
flush,miss,6215,2482,11414,13896,58,1
flush,hit,6215,253,575,828,0,1
flush,miss,6216,2320,11187,13507,57,1
flush,hit,6216,258,545,803,0,1
flush,miss,6217,2491,11463,13954,58,1
flush,hit,6217,252,567,819,0,1
flush,miss,6218,2382,13538,15920,49,1
flush,hit,6218,260,544,804,0,1
flush,miss,6219,2490,11563,14053,59,1
flush,hit,6219,254,543,797,0,1
flush,miss,6220,2354,11504,13858,59,1
flush,hit,6220,261,532,793,0,1
flush,miss,6221,2457,11068,13525,56,1
flush,hit,6221,247,538,785,0,1
flush,miss,6222,2348,11540,13888,59,1
flush,hit,6222,250,531,781,0,1
flush,miss,6223,2505,10985,13490,56,1
flush,hit,6223,248,528,776,0,1
flush,miss,6224,2359,11473,13832,59,1
flush,hit,6224,261,530,791,0,1
flush,miss,6225,2461,11272,13733,57,1
flush,hit,6225,249,535,784,0,1
flush,miss,6226,2350,11569,13919,59,1
flush,hit,6226,248,543,791,0,1
flush,miss,6227,2485,11303,13788,58,1
flush,hit,6227,247,544,791,0,1
flush,miss,6228,2301,10972,13273,56,1
flush,hit,6228,252,536,788,0,1
flush,miss,6229,2472,11360,13832,58,1
flush,hit,6229,251,536,787,0,1
flush,miss,6230,2363,11148,13511,57,1
flush,hit,6230,251,521,772,0,1
flush,miss,6231,2546,11040,13586,56,1
flush,hit,6231,249,543,792,0,1
flush,miss,6232,2366,11006,13372,56,1
flush,hit,6232,248,538,786,0,1
flush,miss,6233,2468,10985,13453,56,1
flush,hit,6233,248,549,797,0,1
flush,miss,6234,2372,11207,13579,57,1
flush,hit,6234,250,528,778,0,1
flush,miss,6235,2415,11162,13577,57,1
flush,hit,6235,250,596,846,0,1
flush,miss,6236,2368,11071,13439,56,1
flush,hit,6236,256,519,775,0,1
flush,miss,6237,2921,11589,14510,59,1
flush,hit,6237,302,694,996,0,1
flush,miss,6238,2381,11144,13525,56,1
flush,hit,6238,254,537,791,0,1
flush,miss,6239,2462,11376,13838,58,1
flush,hit,6239,259,570,829,0,1
flush,miss,6240,2324,11498,13822,59,1
flush,hit,6240,257,536,793,0,1
flush,miss,6241,2570,11014,13584,56,1
flush,hit,6241,255,568,823,0,1
flush,miss,6242,2388,48499,50887,277,1
flush,hit,6242,262,540,802,0,1
flush,miss,6243,2486,11128,13614,57,1
flush,hit,6243,268,557,825,0,1
flush,miss,6244,2339,11203,13542,57,1
flush,hit,6244,253,532,785,0,1
flush,miss,6245,2532,11515,14047,59,1
flush,hit,6245,266,554,820,0,1
flush,miss,6246,2352,11159,13511,48,1
flush,hit,6246,254,1432,1686,0,1
flush,miss,6247,2512,48683,51195,278,1
flush,hit,6247,267,546,813,0,1
flush,miss,6248,2320,11543,13863,37,1
flush,hit,6248,253,534,787,0,1
flush,miss,6249,2534,11177,13711,57,1
flush,hit,6249,258,537,795,0,1
flush,miss,6250,2380,11155,13535,57,1
flush,hit,6250,257,523,780,0,1
flush,miss,6251,2510,11007,13517,56,1
flush,hit,6251,255,521,776,0,1
flush,miss,6252,2347,10988,13335,56,1
flush,hit,6252,256,517,773,0,1
flush,miss,6253,2472,11357,13829,58,1
flush,hit,6253,257,525,782,0,1
flush,miss,6254,2348,11195,13543,57,1
flush,hit,6254,254,517,771,0,1
flush,miss,6255,2496,11103,13599,56,1
flush,hit,6255,256,534,790,0,1
flush,miss,6256,2390,10977,13367,56,1
flush,hit,6256,264,514,778,0,1
flush,miss,6257,2477,11192,13669,57,1
flush,hit,6257,251,533,784,0,1
flush,miss,6258,2355,10992,13347,56,1
flush,hit,6258,253,518,771,0,1
flush,miss,6259,2485,11276,13761,56,1
flush,hit,6259,260,528,788,0,1
flush,miss,6260,2351,10940,13291,56,1
flush,hit,6260,255,521,776,0,1
flush,miss,6261,2530,11110,13640,56,1
flush,hit,6261,258,518,776,0,1
flush,miss,6262,2351,10993,13344,56,1
flush,hit,6262,256,516,772,0,1
flush,miss,6263,2509,11092,13601,56,1
flush,hit,6263,251,522,773,0,1
flush,miss,6264,2368,11180,13548,57,1
flush,hit,6264,262,521,783,0,1
flush,miss,6265,2443,10873,13316,55,1
flush,hit,6265,251,525,776,0,1
flush,miss,6266,2332,11195,13527,57,1
flush,hit,6266,253,523,776,0,1
flush,miss,6267,2887,11398,14285,58,1
flush,hit,6267,301,656,957,0,1
flush,miss,6268,2410,11546,13956,59,1
flush,hit,6268,253,532,785,0,1
flush,miss,6269,2493,11151,13644,57,1
flush,hit,6269,261,547,808,0,1
flush,miss,6270,2440,11348,13788,58,1
flush,hit,6270,253,532,785,0,1
flush,miss,6271,2528,11469,13997,59,1
flush,hit,6271,263,570,833,0,1
flush,miss,6272,2381,11528,13909,59,1
flush,hit,6272,254,534,788,0,1
flush,miss,6273,2478,11325,13803,58,1
flush,hit,6273,255,540,795,0,1
flush,miss,6274,2423,11012,13435,56,1
flush,hit,6274,265,543,808,0,1
flush,miss,6275,2510,11389,13899,58,1
flush,hit,6275,254,547,801,0,1
flush,miss,6276,2376,11045,13421,56,1
flush,hit,6276,262,557,819,0,1
flush,miss,6277,2506,11243,13749,57,1
flush,hit,6277,258,560,818,0,1
flush,miss,6278,2378,11012,13390,56,1
flush,hit,6278,252,543,795,0,1
flush,miss,6279,2549,11036,13585,56,1
flush,hit,6279,254,541,795,0,1
flush,miss,6280,2396,10817,13213,55,1
flush,hit,6280,281,680,961,0,1
flush,miss,6281,2525,11189,13714,57,1
flush,hit,6281,254,569,823,0,1
flush,miss,6282,2375,10971,13346,56,1
flush,hit,6282,257,523,780,0,1
flush,miss,6283,2486,11064,13550,56,1
flush,hit,6283,258,544,802,0,1
flush,miss,6284,2387,11117,13504,57,1
flush,hit,6284,253,523,776,0,1
flush,miss,6285,2502,11229,13731,57,1
flush,hit,6285,252,524,776,0,1
flush,miss,6286,2416,10993,13409,56,1
flush,hit,6286,255,521,776,0,1
flush,miss,6287,2526,11034,13560,56,1
flush,hit,6287,250,545,795,0,1
flush,miss,6288,2388,11488,13876,59,1
flush,hit,6288,263,521,784,0,1
flush,miss,6289,2505,10921,13426,55,1
flush,hit,6289,251,523,774,0,1
flush,miss,6290,2381,11140,13521,57,1
flush,hit,6290,253,527,780,0,1
flush,miss,6291,2528,10996,13524,56,1
flush,hit,6291,252,548,800,0,1
flush,miss,6292,2383,11024,13407,56,1
flush,hit,6292,254,531,785,0,1
flush,miss,6293,2488,11286,13774,58,1
flush,hit,6293,250,528,778,0,1
flush,miss,6294,2382,11035,13417,56,1
flush,hit,6294,252,527,779,0,1
flush,miss,6295,2491,11378,13869,58,1
flush,hit,6295,265,540,805,0,1
flush,miss,6296,2346,10997,13343,56,1
flush,hit,6296,257,523,780,0,1
flush,miss,6297,2484,10998,13482,56,1
flush,hit,6297,254,541,795,0,1
flush,miss,6298,2372,10759,13131,55,1
flush,hit,6298,258,522,780,0,1
flush,miss,6299,4520,11970,16490,61,1
flush,hit,6299,330,730,1060,0,1
flush,miss,6300,2369,11729,14098,60,1
flush,hit,6300,258,552,810,0,1
flush,miss,6301,2492,11051,13543,56,1
flush,hit,6301,255,560,815,0,1
flush,miss,6302,2381,10983,13364,56,1
flush,hit,6302,258,550,808,0,1
flush,miss,6303,2476,11189,13665,57,1
flush,hit,6303,264,565,829,0,1
flush,miss,6304,2331,11122,13453,56,1
flush,hit,6304,254,549,803,0,1
flush,miss,6305,2495,11011,13506,56,1
flush,hit,6305,258,557,815,0,1
flush,miss,6306,2355,11331,13686,58,1
flush,hit,6306,253,551,804,0,1
flush,miss,6307,2511,11196,13707,57,1
flush,hit,6307,256,572,828,0,1
flush,miss,6308,2350,11015,13365,56,1
flush,hit,6308,255,550,805,0,1
flush,miss,6309,2482,11080,13562,56,1
flush,hit,6309,253,575,828,0,1
flush,miss,6310,2380,10980,13360,56,1
flush,hit,6310,252,539,791,0,1
flush,miss,6311,2512,11018,13530,56,1
flush,hit,6311,256,554,810,0,1
flush,miss,6312,2351,10804,13155,55,1
flush,hit,6312,275,609,884,0,1
flush,miss,6313,2521,11080,13601,56,1
flush,hit,6313,257,536,793,0,1
flush,miss,6314,2382,11355,13737,58,1
flush,hit,6314,261,522,783,0,1
flush,miss,6315,2521,11336,13857,58,1
flush,hit,6315,251,541,792,0,1
flush,miss,6316,2354,10979,13333,56,1
flush,hit,6316,266,525,791,0,1
flush,miss,6317,2518,11241,13759,57,1
flush,hit,6317,260,535,795,0,1
flush,miss,6318,2391,10914,13305,56,1
flush,hit,6318,254,533,787,0,1
flush,miss,6319,2480,11246,13726,57,1
flush,hit,6319,252,536,788,0,1
flush,miss,6320,2368,10803,13171,55,1
flush,hit,6320,256,527,783,0,1
flush,miss,6321,2473,11243,13716,57,1
flush,hit,6321,258,528,786,0,1
flush,miss,6322,2299,10835,13134,55,1
flush,hit,6322,262,527,789,0,1
flush,miss,6323,2490,10841,13331,55,1
flush,hit,6323,250,534,784,0,1
flush,miss,6324,2380,11137,13517,57,1
flush,hit,6324,261,531,792,0,1
flush,miss,6325,2453,11017,13470,56,1
flush,hit,6325,263,541,804,0,1
flush,miss,6326,2407,10791,13198,55,1
flush,hit,6326,255,537,792,0,1
flush,miss,6327,2509,11239,13748,57,1
flush,hit,6327,253,531,784,0,1
flush,miss,6328,2375,10815,13190,55,1
flush,hit,6328,254,527,781,0,1
flush,miss,6329,2514,11042,13556,56,1
flush,hit,6329,250,534,784,0,1
flush,miss,6330,2379,11166,13545,57,1
flush,hit,6330,256,527,783,0,1
flush,miss,6331,3102,11290,14392,56,1
flush,hit,6331,254,4817,5071,0,1
flush,miss,6332,2377,11575,13952,59,1
flush,hit,6332,268,552,820,0,1
flush,miss,6333,2474,11185,13659,57,1
flush,hit,6333,262,550,812,0,1
flush,miss,6334,2369,11455,13824,59,1
flush,hit,6334,262,541,803,0,1
flush,miss,6335,2508,11412,13920,58,1
flush,hit,6335,262,546,808,0,1
flush,miss,6336,2374,11527,13901,59,1
flush,hit,6336,252,543,795,0,1
flush,miss,6337,2488,11418,13906,58,1
flush,hit,6337,254,541,795,0,1
flush,miss,6338,2437,11022,13459,56,1
flush,hit,6338,255,553,808,0,1
flush,miss,6339,2516,11209,13725,57,1
flush,hit,6339,246,545,791,0,1
flush,miss,6340,2361,11057,13418,56,1
flush,hit,6340,261,544,805,0,1
flush,miss,6341,2504,11211,13715,57,1
flush,hit,6341,248,551,799,0,1
flush,miss,6342,2371,11157,13528,57,1
flush,hit,6342,262,544,806,0,1
flush,miss,6343,2486,11186,13672,57,1
flush,hit,6343,256,559,815,0,1
flush,miss,6344,2352,11200,13552,57,1
flush,hit,6344,273,710,983,0,1
flush,miss,6345,2528,10883,13411,55,1
flush,hit,6345,266,654,920,0,1
flush,miss,6346,2386,11006,13392,56,1
flush,hit,6346,256,528,784,0,1
flush,miss,6347,2500,11274,13774,57,1
flush,hit,6347,256,538,794,0,1
flush,miss,6348,2420,11056,13476,48,1
flush,hit,6348,265,1409,1674,0,1
flush,miss,6349,2483,10970,13453,56,1
flush,hit,6349,257,534,791,0,1
flush,miss,6350,2409,11003,13412,56,1
flush,hit,6350,258,529,787,0,1
flush,miss,6351,4379,10817,15196,53,1
flush,hit,6351,413,923,1336,0,1
flush,miss,6352,2482,11070,13552,56,1
flush,hit,6352,263,539,802,0,1
flush,miss,6353,2454,10974,13428,55,1
flush,hit,6353,258,534,792,0,1
flush,miss,6354,2321,11044,13365,56,1
flush,hit,6354,256,524,780,0,1
flush,miss,6355,2529,10854,13383,55,1
flush,hit,6355,260,527,787,0,1
flush,miss,6356,2339,11349,13688,58,1
flush,hit,6356,267,518,785,0,1
flush,miss,6357,2488,10936,13424,56,1
flush,hit,6357,258,514,772,0,1
flush,miss,6358,2332,11127,13459,57,1
flush,hit,6358,266,519,785,0,1
flush,miss,6359,2501,11016,13517,56,1
flush,hit,6359,253,519,772,0,1
flush,miss,6360,2397,11143,13540,57,1
flush,hit,6360,258,516,774,0,1
flush,miss,6361,2516,11443,13959,58,1
flush,hit,6361,255,521,776,0,1
flush,miss,6362,2339,10962,13301,56,1
flush,hit,6362,258,512,770,0,1
flush,miss,6363,2947,11860,14807,60,1
flush,hit,6363,316,720,1036,0,1
flush,miss,6364,2381,11220,13601,57,1
flush,hit,6364,260,578,838,0,1
flush,miss,6365,2538,11185,13723,57,1
flush,hit,6365,267,558,825,0,1
flush,miss,6366,2356,11508,13864,59,1
flush,hit,6366,259,531,790,0,1
flush,miss,6367,2503,10911,13414,55,1
flush,hit,6367,263,557,820,0,1
flush,miss,6368,2371,11119,13490,57,1
flush,hit,6368,270,533,803,0,1
flush,miss,6369,2519,11190,13709,57,1
flush,hit,6369,255,557,812,0,1
flush,miss,6370,2408,11188,13596,57,1
flush,hit,6370,262,541,803,0,1
flush,miss,6371,2543,11229,13772,57,1
flush,hit,6371,254,569,823,0,1
flush,miss,6372,2386,11244,13630,58,1
flush,hit,6372,264,538,802,0,1
flush,miss,6373,2484,11114,13598,56,1
flush,hit,6373,269,546,815,0,1
flush,miss,6374,2366,11102,13468,57,1
flush,hit,6374,263,534,797,0,1
flush,miss,6375,2490,10884,13374,55,1
flush,hit,6375,259,556,815,0,1
flush,miss,6376,2352,11364,13716,58,1
flush,hit,6376,275,624,899,0,1
flush,miss,6377,10102,15124,25226,55,1
flush,hit,6377,258,525,783,0,1
flush,miss,6378,2586,11096,13682,56,1
flush,hit,6378,256,529,785,0,1
flush,miss,6379,2505,11863,14368,61,1
flush,hit,6379,267,559,826,0,1
flush,miss,6380,2401,11383,13784,58,1
flush,hit,6380,272,531,803,0,1
flush,miss,6381,2459,11695,14154,60,1
flush,hit,6381,260,536,796,0,1
flush,miss,6382,2361,11136,13497,57,1
flush,hit,6382,254,527,781,0,1
flush,miss,6383,2477,11415,13892,58,1
flush,hit,6383,257,545,802,0,1
flush,miss,6384,2325,11007,13332,56,1
flush,hit,6384,261,530,791,0,1
flush,miss,6385,2466,11112,13578,56,1
flush,hit,6385,256,525,781,0,1
flush,miss,6386,2409,11036,13445,56,1
flush,hit,6386,310,607,917,0,1
flush,miss,6387,2534,11501,14035,58,1
flush,hit,6387,301,686,987,0,1
flush,miss,6388,2476,11400,13876,57,1
flush,hit,6388,266,580,846,0,1
flush,miss,6389,2490,11371,13861,58,1
flush,hit,6389,261,646,907,0,1
flush,miss,6390,2393,11204,13597,57,1
flush,hit,6390,257,539,796,0,1
flush,miss,6391,2517,10985,13502,56,1
flush,hit,6391,257,569,826,0,1
flush,miss,6392,2396,10846,13242,55,1
flush,hit,6392,276,540,816,0,1
flush,miss,6393,2477,11215,13692,57,1
flush,hit,6393,255,553,808,0,1
flush,miss,6394,2385,11020,13405,56,1
flush,hit,6394,269,529,798,0,1
flush,miss,6395,2978,11200,14178,57,1
flush,hit,6395,318,745,1063,0,1
flush,miss,6396,2391,11194,13585,57,1
flush,hit,6396,261,561,822,0,1
flush,miss,6397,2466,11061,13527,56,1
flush,hit,6397,278,569,847,0,1
flush,miss,6398,2369,11463,13832,59,1
flush,hit,6398,261,532,793,0,1
flush,miss,6399,2470,11586,14056,59,1
flush,hit,6399,256,554,810,0,1
flush,miss,6400,2401,11314,13715,58,1
flush,hit,6400,254,532,786,0,1
flush,miss,6401,2504,11377,13881,58,1
flush,hit,6401,268,552,820,0,1
flush,miss,6402,2401,11351,13752,58,1
flush,hit,6402,269,547,816,0,1
flush,miss,6403,2508,10996,13504,56,1
flush,hit,6403,255,557,812,0,1
flush,miss,6404,2371,11207,13578,57,1
flush,hit,6404,264,538,802,0,1
flush,miss,6405,2449,11434,13883,58,1
flush,hit,6405,263,569,832,0,1
flush,miss,6406,2329,11050,13379,56,1
flush,hit,6406,266,539,805,0,1
flush,miss,6407,2531,11352,13883,58,1
flush,hit,6407,261,562,823,0,1
flush,miss,6408,2355,11169,13524,57,1
flush,hit,6408,280,662,942,0,1
flush,miss,6409,2484,11216,13700,57,1
flush,hit,6409,273,542,815,0,1
flush,miss,6410,2374,10987,13361,56,1
flush,hit,6410,285,519,804,0,1
flush,miss,6411,2449,11029,13478,56,1
flush,hit,6411,265,581,846,0,1
flush,miss,6412,2361,10989,13350,56,1
flush,hit,6412,265,517,782,0,1
flush,miss,6413,2497,10708,13205,54,1
flush,hit,6413,258,547,805,0,1
flush,miss,6414,2353,10853,13206,55,1
flush,hit,6414,258,524,782,0,1
flush,miss,6415,2468,10944,13412,55,1
flush,hit,6415,265,533,798,0,1
flush,miss,6416,2304,10966,13270,56,1
flush,hit,6416,265,520,785,0,1
flush,miss,6417,2508,10946,13454,55,1
flush,hit,6417,261,534,795,0,1
flush,miss,6418,2330,10998,13328,56,1
flush,hit,6418,261,524,785,0,1
flush,miss,6419,2466,10921,13387,55,1
flush,hit,6419,258,541,799,0,1
flush,miss,6420,2386,10966,13352,56,1
flush,hit,6420,266,525,791,0,1
flush,miss,6421,2475,11024,13499,56,1
flush,hit,6421,259,548,807,0,1
flush,miss,6422,2335,10823,13158,55,1
flush,hit,6422,258,534,792,0,1
flush,miss,6423,2518,11052,13570,56,1
flush,hit,6423,254,565,819,0,1
flush,miss,6424,2358,11191,13549,57,1
flush,hit,6424,254,528,782,0,1
flush,miss,6425,2480,10987,13467,56,1
flush,hit,6425,252,530,782,0,1
flush,miss,6426,2371,11511,13882,59,1
flush,hit,6426,260,530,790,0,1
flush,miss,6427,3029,12052,15081,61,1
flush,hit,6427,343,748,1091,0,1
flush,miss,6428,2371,11409,13780,58,1
flush,hit,6428,273,547,820,0,1
flush,miss,6429,2478,11580,14058,59,1
flush,hit,6429,266,550,816,0,1
flush,miss,6430,2364,11370,13734,58,1
flush,hit,6430,258,541,799,0,1
flush,miss,6431,2468,11742,14210,60,1
flush,hit,6431,254,561,815,0,1
flush,miss,6432,2344,10817,13161,55,1
flush,hit,6432,256,544,800,0,1
flush,miss,6433,2512,11352,13864,58,1
flush,hit,6433,254,549,803,0,1
flush,miss,6434,2317,11035,13352,56,1
flush,hit,6434,266,538,804,0,1
flush,miss,6435,2520,11014,13534,56,1
flush,hit,6435,257,557,814,0,1
flush,miss,6436,2376,10803,13179,55,1
flush,hit,6436,262,537,799,0,1
flush,miss,6437,2520,11343,13863,58,1
flush,hit,6437,262,573,835,0,1
flush,miss,6438,2353,11209,13562,57,1
flush,hit,6438,257,557,814,0,1
flush,miss,6439,2487,11017,13504,56,1
flush,hit,6439,258,548,806,0,1
flush,miss,6440,2356,11248,13604,57,1
flush,hit,6440,297,638,935,0,1
flush,miss,6441,2498,10894,13392,55,1
flush,hit,6441,263,561,824,0,1
flush,miss,6442,2378,20561,22939,112,1
flush,hit,6442,264,526,790,0,1
flush,miss,6443,2469,10999,13468,56,1
flush,hit,6443,261,534,795,0,1
flush,miss,6444,2342,11356,13698,58,1
flush,hit,6444,258,528,786,0,1
flush,miss,6445,2460,10996,13456,56,1
flush,hit,6445,256,537,793,0,1
flush,miss,6446,2431,11399,13830,58,1
flush,hit,6446,259,535,794,0,1
flush,miss,6447,2468,11333,13801,58,1
flush,hit,6447,266,536,802,0,1
flush,miss,6448,2379,11203,13582,57,1
flush,hit,6448,258,520,778,0,1
flush,miss,6449,2509,11192,13701,57,1
flush,hit,6449,258,544,802,0,1
flush,miss,6450,2288,11000,13288,56,1
flush,hit,6450,253,539,792,0,1
flush,miss,6451,2456,11056,13512,56,1
flush,hit,6451,260,541,801,0,1
flush,miss,6452,2353,11073,13426,56,1
flush,hit,6452,266,530,796,0,1
flush,miss,6453,2517,11226,13743,57,1
flush,hit,6453,260,535,795,0,1
flush,miss,6454,2378,10998,13376,56,1
flush,hit,6454,261,548,809,0,1
flush,miss,6455,2494,10899,13393,55,1
flush,hit,6455,262,557,819,0,1
flush,miss,6456,2463,10957,13420,56,1
flush,hit,6456,257,537,794,0,1
flush,miss,6457,2509,10917,13426,55,1
flush,hit,6457,272,553,825,0,1
flush,miss,6458,2337,10988,13325,56,1
flush,hit,6458,263,536,799,0,1
flush,miss,6459,2525,11607,14132,59,1
flush,hit,6459,287,629,916,0,1
flush,miss,6460,2359,11376,13735,58,1
flush,hit,6460,262,575,837,0,1
flush,miss,6461,2537,11221,13758,57,1
flush,hit,6461,262,568,830,0,1
flush,miss,6462,2355,10952,13307,56,1
flush,hit,6462,262,562,824,0,1
flush,miss,6463,2517,10867,13384,55,1
flush,hit,6463,252,579,831,0,1
flush,miss,6464,2366,11512,13878,59,1
flush,hit,6464,264,565,829,0,1
flush,miss,6465,2506,11059,13565,56,1
flush,hit,6465,256,574,830,0,1
flush,miss,6466,2377,11023,13400,56,1
flush,hit,6466,266,562,828,0,1
flush,miss,6467,2833,13742,16575,71,1
flush,hit,6467,334,643,977,0,1
flush,miss,6468,2326,11629,13955,60,1
flush,hit,6468,260,560,820,0,1
flush,miss,6469,2487,11203,13690,57,1
flush,hit,6469,257,566,823,0,1
flush,miss,6470,2434,11476,13910,59,1
flush,hit,6470,258,565,823,0,1
flush,miss,6471,2510,11046,13556,56,1
flush,hit,6471,261,565,826,0,1
flush,miss,6472,2355,10942,13297,56,1
flush,hit,6472,276,640,916,0,1
flush,miss,6473,2505,11400,13905,58,1
flush,hit,6473,254,597,851,0,1
flush,miss,6474,2379,11158,13537,57,1
flush,hit,6474,265,552,817,0,1
flush,miss,6475,2515,11539,14054,59,1
flush,hit,6475,256,561,817,0,1
flush,miss,6476,2383,11020,13403,56,1
flush,hit,6476,255,550,805,0,1
flush,miss,6477,2484,10837,13321,55,1
flush,hit,6477,257,549,806,0,1
flush,miss,6478,2374,11008,13382,56,1
flush,hit,6478,261,538,799,0,1
flush,miss,6479,2492,10845,13337,55,1
flush,hit,6479,267,563,830,0,1
flush,miss,6480,2340,10826,13166,55,1
flush,hit,6480,266,549,815,0,1
flush,miss,6481,2500,11039,13539,56,1
flush,hit,6481,254,546,800,0,1
flush,miss,6482,2351,11024,13375,56,1
flush,hit,6482,254,564,818,0,1
flush,miss,6483,2551,11050,13601,56,1
flush,hit,6483,259,556,815,0,1
flush,miss,6484,2390,11230,13620,57,1
flush,hit,6484,261,547,808,0,1
flush,miss,6485,2504,10924,13428,55,1
flush,hit,6485,257,554,811,0,1
flush,miss,6486,2370,11002,13372,56,1
flush,hit,6486,256,551,807,0,1
flush,miss,6487,2530,11023,13553,56,1
flush,hit,6487,257,551,808,0,1
flush,miss,6488,2378,10802,13180,55,1
flush,hit,6488,258,541,799,0,1
flush,miss,6489,2510,10897,13407,55,1
flush,hit,6489,257,541,798,0,1
flush,miss,6490,2365,11158,13523,57,1
flush,hit,6490,254,546,800,0,1
flush,miss,6491,2484,15373,17857,62,1
flush,hit,6491,255,540,795,0,1
flush,miss,6492,2507,11743,14250,60,1
flush,hit,6492,267,565,832,0,1
flush,miss,6493,2535,11545,14080,59,1
flush,hit,6493,266,570,836,0,1
flush,miss,6494,2395,11178,13573,57,1
flush,hit,6494,264,561,825,0,1
flush,miss,6495,2504,11739,14243,60,1
flush,hit,6495,260,569,829,0,1
flush,miss,6496,2316,10984,13300,56,1
flush,hit,6496,263,561,824,0,1
flush,miss,6497,2520,11494,14014,59,1
flush,hit,6497,268,570,838,0,1
flush,miss,6498,2349,11207,13556,57,1
flush,hit,6498,268,561,829,0,1
flush,miss,6499,2484,11033,13517,56,1
flush,hit,6499,264,581,845,0,1
flush,miss,6500,2353,10966,13319,56,1
flush,hit,6500,268,556,824,0,1
flush,miss,6501,2506,11012,13518,56,1
flush,hit,6501,260,575,835,0,1
flush,miss,6502,2346,10840,13186,55,1
flush,hit,6502,258,543,801,0,1
flush,miss,6503,2480,11057,13537,56,1
flush,hit,6503,272,555,827,0,1
flush,miss,6504,2355,10875,13230,55,1
flush,hit,6504,262,545,807,0,1
flush,miss,6505,2745,11067,13812,56,1
flush,hit,6505,303,685,988,0,1
flush,miss,6506,2380,10793,13173,55,1
flush,hit,6506,256,543,799,0,1
flush,miss,6507,2473,10878,13351,55,1
flush,hit,6507,265,545,810,0,1
flush,miss,6508,2335,11669,14004,60,1
flush,hit,6508,260,534,794,0,1
flush,miss,6509,2546,10856,13402,55,1
flush,hit,6509,283,547,830,0,1
flush,miss,6510,2395,11185,13580,57,1
flush,hit,6510,270,536,806,0,1
flush,miss,6511,2531,10845,13376,55,1
flush,hit,6511,259,545,804,0,1
flush,miss,6512,2349,11490,13839,59,1
flush,hit,6512,261,528,789,0,1
flush,miss,6513,2497,11495,13992,59,1
flush,hit,6513,263,526,789,0,1
flush,miss,6514,2313,20523,22836,112,1
flush,hit,6514,262,533,795,0,1
flush,miss,6515,2553,11210,13763,57,1
flush,hit,6515,266,551,817,0,1
flush,miss,6516,2292,11001,13293,56,1
flush,hit,6516,257,547,804,0,1
flush,miss,6517,2481,11080,13561,56,1
flush,hit,6517,267,546,813,0,1
flush,miss,6518,2343,10873,13216,55,1
flush,hit,6518,258,536,794,0,1
flush,miss,6519,4111,11907,16018,61,1
flush,hit,6519,264,554,818,0,1
flush,miss,6520,2383,11110,13493,56,1
flush,hit,6520,259,542,801,0,1
flush,miss,6521,2554,11020,13574,56,1
flush,hit,6521,259,537,796,0,1
flush,miss,6522,2369,11014,13383,56,1
flush,hit,6522,257,539,796,0,1
flush,miss,6523,2576,11760,14336,60,1
flush,hit,6523,286,657,943,0,1
flush,miss,6524,2372,11242,13614,57,1
flush,hit,6524,267,571,838,0,1
flush,miss,6525,2613,11165,13778,57,1
flush,hit,6525,271,585,856,0,1
flush,miss,6526,2358,11173,13531,57,1
flush,hit,6526,265,561,826,0,1
flush,miss,6527,2485,11024,13509,56,1
flush,hit,6527,273,577,850,0,1
flush,miss,6528,2318,11007,13325,56,1
flush,hit,6528,260,565,825,0,1
flush,miss,6529,2534,10967,13501,56,1
flush,hit,6529,261,571,832,0,1
flush,miss,6530,2357,11018,13375,56,1
flush,hit,6530,267,573,840,0,1
flush,miss,6531,2525,11334,13859,58,1
flush,hit,6531,274,568,842,0,1
flush,miss,6532,2401,10822,13223,55,1
flush,hit,6532,259,573,832,0,1
flush,miss,6533,2537,10912,13449,55,1
flush,hit,6533,269,565,834,0,1
flush,miss,6534,2393,11559,13952,59,1
flush,hit,6534,261,572,833,0,1
flush,miss,6535,2511,11178,13689,57,1
flush,hit,6535,267,566,833,0,1
flush,miss,6536,2348,11194,13542,57,1
flush,hit,6536,262,610,872,0,1
flush,miss,6537,2460,11123,13583,56,1
flush,hit,6537,264,571,835,0,1
flush,miss,6538,2330,10960,13290,56,1
flush,hit,6538,262,553,815,0,1
flush,miss,6539,2515,11386,13901,58,1
flush,hit,6539,263,549,812,0,1
flush,miss,6540,2333,10984,13317,56,1
flush,hit,6540,259,553,812,0,1
flush,miss,6541,2509,11091,13600,56,1
flush,hit,6541,272,542,814,0,1
flush,miss,6542,2390,11211,13601,57,1
flush,hit,6542,260,550,810,0,1
flush,miss,6543,2467,11180,13647,57,1
flush,hit,6543,268,549,817,0,1
flush,miss,6544,2378,11012,13390,56,1
flush,hit,6544,257,547,804,0,1
flush,miss,6545,2511,10839,13350,55,1
flush,hit,6545,263,544,807,0,1
flush,miss,6546,2338,10817,13155,55,1
flush,hit,6546,259,539,798,0,1
flush,miss,6547,2502,10971,13473,56,1
flush,hit,6547,266,550,816,0,1
flush,miss,6548,2370,11199,13569,57,1
flush,hit,6548,260,551,811,0,1
flush,miss,6549,2521,11035,13556,56,1
flush,hit,6549,264,570,834,0,1
flush,miss,6550,2316,10849,13165,55,1
flush,hit,6550,259,550,809,0,1
flush,miss,6551,2570,11132,13702,57,1
flush,hit,6551,259,577,836,0,1
flush,miss,6552,2343,11044,13387,56,1
flush,hit,6552,259,528,787,0,1
flush,miss,6553,2573,11198,13771,52,1
flush,hit,6553,260,1640,1900,0,1
flush,miss,6554,2350,11285,13635,58,1
flush,hit,6554,265,554,819,0,1
flush,miss,6555,2487,14818,17305,60,1
flush,hit,6555,259,556,815,0,1
flush,miss,6556,2410,11678,14088,60,1
flush,hit,6556,273,564,837,0,1
flush,miss,6557,2560,11672,14232,60,1
flush,hit,6557,272,580,852,0,1
flush,miss,6558,2347,11844,14191,61,1
flush,hit,6558,262,539,801,0,1
flush,miss,6559,2522,11362,13884,58,1
flush,hit,6559,267,560,827,0,1
flush,miss,6560,2366,10971,13337,56,1
flush,hit,6560,270,540,810,0,1
flush,miss,6561,2586,11164,13750,57,1
flush,hit,6561,267,570,837,0,1
flush,miss,6562,2351,11098,13449,57,1
flush,hit,6562,268,546,814,0,1
flush,miss,6563,2517,11555,14072,59,1
flush,hit,6563,271,563,834,0,1
flush,miss,6564,2350,11220,13570,57,1
flush,hit,6564,263,540,803,0,1
flush,miss,6565,2499,11030,13529,56,1
flush,hit,6565,274,562,836,0,1
flush,miss,6566,2347,10975,13322,56,1
flush,hit,6566,264,536,800,0,1
flush,miss,6567,2495,11223,13718,57,1
flush,hit,6567,271,558,829,0,1
flush,miss,6568,2413,10987,13400,56,1
flush,hit,6568,263,545,808,0,1
flush,miss,6569,2711,11089,13800,56,1
flush,hit,6569,302,715,1017,0,1
flush,miss,6570,2358,11011,13369,56,1
flush,hit,6570,257,533,790,0,1
flush,miss,6571,2517,11049,13566,56,1
flush,hit,6571,265,533,798,0,1
flush,miss,6572,2377,10875,13252,55,1
flush,hit,6572,269,531,800,0,1
flush,miss,6573,2484,11015,13499,56,1
flush,hit,6573,265,546,811,0,1
flush,miss,6574,2384,20385,22769,111,1
flush,hit,6574,260,529,789,0,1
flush,miss,6575,2525,11044,13569,56,1
flush,hit,6575,266,549,815,0,1
flush,miss,6576,2367,11014,13381,56,1
flush,hit,6576,267,519,786,0,1
flush,miss,6577,2485,10864,13349,55,1
flush,hit,6577,263,549,812,0,1
flush,miss,6578,2348,11006,13354,56,1
flush,hit,6578,260,546,806,0,1
flush,miss,6579,2495,11381,13876,58,1
flush,hit,6579,264,560,824,0,1
flush,miss,6580,2334,11334,13668,58,1
flush,hit,6580,260,521,781,0,1
flush,miss,6581,2527,11066,13593,56,1
flush,hit,6581,266,552,818,0,1
flush,miss,6582,2373,10982,13355,56,1
flush,hit,6582,274,527,801,0,1
flush,miss,6583,2498,11113,13611,56,1
flush,hit,6583,266,543,809,0,1
flush,miss,6584,2377,10874,13251,55,1
flush,hit,6584,260,527,787,0,1
flush,miss,6585,2500,11508,14008,59,1
flush,hit,6585,261,557,818,0,1
flush,miss,6586,2363,10976,13339,56,1
flush,hit,6586,259,525,784,0,1
flush,miss,6587,2641,11156,13797,56,1
flush,hit,6587,264,3955,4219,0,1
flush,miss,6588,2389,11128,13517,57,1
flush,hit,6588,267,567,834,0,1
flush,miss,6589,2516,11189,13705,57,1
flush,hit,6589,265,559,824,0,1
flush,miss,6590,2429,10957,13386,56,1
flush,hit,6590,260,550,810,0,1
flush,miss,6591,2435,10998,13433,56,1
flush,hit,6591,264,571,835,0,1
flush,miss,6592,2380,11388,13768,58,1
flush,hit,6592,271,555,826,0,1
flush,miss,6593,2533,11186,13719,57,1
flush,hit,6593,268,575,843,0,1
flush,miss,6594,2388,10836,13224,55,1
flush,hit,6594,263,545,808,0,1
flush,miss,6595,2478,10854,13332,55,1
flush,hit,6595,262,563,825,0,1
flush,miss,6596,2367,11037,13404,56,1
flush,hit,6596,263,549,812,0,1
flush,miss,6597,2489,11358,13847,58,1
flush,hit,6597,265,547,812,0,1
flush,miss,6598,2346,11358,13704,58,1
flush,hit,6598,271,544,815,0,1
flush,miss,6599,2497,10813,13310,55,1
flush,hit,6599,272,553,825,0,1
flush,miss,6600,2346,11363,13709,58,1
flush,hit,6600,259,543,802,0,1
flush,miss,6601,2515,11197,13712,57,1
flush,hit,6601,276,627,903,0,1
flush,miss,6602,2386,11224,13610,57,1
flush,hit,6602,270,519,789,0,1
flush,miss,6603,2537,11338,13875,58,1
flush,hit,6603,268,528,796,0,1
flush,miss,6604,2362,10994,13356,56,1
flush,hit,6604,260,520,780,0,1
flush,miss,6605,2473,11218,13691,57,1
flush,hit,6605,262,534,796,0,1
flush,miss,6606,2341,10909,13250,56,1
flush,hit,6606,269,516,785,0,1
flush,miss,6607,2491,11365,13856,58,1
flush,hit,6607,263,532,795,0,1
flush,miss,6608,2356,10967,13323,56,1
flush,hit,6608,259,515,774,0,1
flush,miss,6609,2492,11091,13583,56,1
flush,hit,6609,261,523,784,0,1
flush,miss,6610,2346,10974,13320,56,1
flush,hit,6610,259,529,788,0,1
flush,miss,6611,2486,10839,13325,55,1
flush,hit,6611,263,536,799,0,1
flush,miss,6612,2334,10810,13144,55,1
flush,hit,6612,260,525,785,0,1
flush,miss,6613,2441,11046,13487,56,1
flush,hit,6613,258,544,802,0,1
flush,miss,6614,2361,11135,13496,57,1
flush,hit,6614,260,526,786,0,1
flush,miss,6615,2520,11053,13573,56,1
flush,hit,6615,261,529,790,0,1
flush,miss,6616,2381,10803,13184,55,1
flush,hit,6616,258,514,772,0,1
flush,miss,6617,2520,10996,13516,56,1
flush,hit,6617,259,535,794,0,1
flush,miss,6618,2432,20334,22766,111,1
flush,hit,6618,258,514,772,0,1
flush,miss,6619,5862,11736,17598,59,1
flush,hit,6619,263,535,798,0,1
flush,miss,6620,2388,11344,13732,58,1
flush,hit,6620,262,530,792,0,1
flush,miss,6621,2504,11021,13525,56,1
flush,hit,6621,268,538,806,0,1
flush,miss,6622,2400,11457,13857,59,1
flush,hit,6622,263,534,797,0,1
flush,miss,6623,2520,11500,14020,59,1
flush,hit,6623,266,562,828,0,1
flush,miss,6624,2362,11439,13801,59,1
flush,hit,6624,263,545,808,0,1
flush,miss,6625,2515,11126,13641,56,1
flush,hit,6625,268,539,807,0,1
flush,miss,6626,2386,10929,13315,56,1
flush,hit,6626,267,536,803,0,1
flush,miss,6627,2497,11385,13882,58,1
flush,hit,6627,273,554,827,0,1
flush,miss,6628,2339,10991,13330,56,1
flush,hit,6628,266,535,801,0,1
flush,miss,6629,2528,11577,14105,59,1
flush,hit,6629,273,545,818,0,1
flush,miss,6630,2362,11133,13495,57,1
flush,hit,6630,263,545,808,0,1
flush,miss,6631,2500,11014,13514,56,1
flush,hit,6631,265,562,827,0,1
flush,miss,6632,2383,10993,13376,56,1
flush,hit,6632,262,548,810,0,1
flush,miss,6633,2646,11202,13848,57,1
flush,hit,6633,278,612,890,0,1
flush,miss,6634,2365,10856,13221,55,1
flush,hit,6634,273,522,795,0,1
flush,miss,6635,2509,11235,13744,57,1
flush,hit,6635,269,542,811,0,1
flush,miss,6636,2359,10934,13293,56,1
flush,hit,6636,257,532,789,0,1
flush,miss,6637,2513,10975,13488,56,1
flush,hit,6637,263,545,808,0,1
flush,miss,6638,2364,10855,13219,55,1
flush,hit,6638,261,545,806,0,1
flush,miss,6639,2497,10873,13370,55,1
flush,hit,6639,263,538,801,0,1
flush,miss,6640,2344,10997,13341,56,1
flush,hit,6640,263,535,798,0,1
flush,miss,6641,2484,11117,13601,56,1
flush,hit,6641,260,539,799,0,1
flush,miss,6642,2355,10948,13303,56,1
flush,hit,6642,264,536,800,0,1
flush,miss,6643,2490,10917,13407,55,1
flush,hit,6643,270,537,807,0,1
flush,miss,6644,2343,11052,13395,56,1
flush,hit,6644,259,528,787,0,1
flush,miss,6645,2468,11077,13545,56,1
flush,hit,6645,265,537,802,0,1
flush,miss,6646,2347,10977,13324,56,1
flush,hit,6646,261,531,792,0,1
flush,miss,6647,2475,11025,13500,56,1
flush,hit,6647,261,535,796,0,1
flush,miss,6648,2306,11026,13332,56,1
flush,hit,6648,261,532,793,0,1
flush,miss,6649,2479,11035,13514,56,1
flush,hit,6649,262,536,798,0,1
flush,miss,6650,2384,10711,13095,54,1
flush,hit,6650,259,529,788,0,1
flush,miss,6651,2504,11108,13612,56,1
flush,hit,6651,270,538,808,0,1
flush,miss,6652,2367,10876,13243,37,1
flush,hit,6652,268,545,813,0,1
flush,miss,6653,2503,10969,13472,56,1
flush,hit,6653,264,572,836,0,1
flush,miss,6654,2397,11232,13629,57,1
flush,hit,6654,262,543,805,0,1
flush,miss,6655,2540,11182,13722,52,1
flush,hit,6655,268,1761,2029,0,1
flush,miss,6656,2399,10852,13251,55,1
flush,hit,6656,265,554,819,0,1
flush,miss,6657,2447,11228,13675,57,1
flush,hit,6657,267,555,822,0,1
flush,miss,6658,2304,11194,13498,57,1
flush,hit,6658,263,548,811,0,1
flush,miss,6659,2544,11022,13566,56,1
flush,hit,6659,268,553,821,0,1
flush,miss,6660,2382,11073,13455,56,1
flush,hit,6660,266,551,817,0,1
flush,miss,6661,2556,14723,17279,77,1
flush,hit,6661,270,561,831,0,1
flush,miss,6662,2484,17126,19610,92,1
flush,hit,6662,269,561,830,0,1
flush,miss,6663,2748,15559,18307,83,1
flush,hit,6663,268,563,831,0,1
flush,miss,6664,2370,14844,17214,78,1
flush,hit,6664,280,611,891,0,1
flush,miss,6665,2504,14105,16609,74,1
flush,hit,6665,259,543,802,0,1
flush,miss,6666,2433,15390,17823,82,1
flush,hit,6666,260,547,807,0,1
flush,miss,6667,2538,15072,17610,80,1
flush,hit,6667,260,551,811,0,1
flush,miss,6668,2379,14740,17119,78,1
flush,hit,6668,257,547,804,0,1
flush,miss,6669,2517,14696,17213,77,1
flush,hit,6669,259,549,808,0,1
flush,miss,6670,2420,13526,15946,71,1
flush,hit,6670,259,541,800,0,1
flush,miss,6671,2499,16938,19437,91,1
flush,hit,6671,260,561,821,0,1
flush,miss,6672,2517,13892,16409,73,1
flush,hit,6672,265,610,875,0,1
flush,miss,6673,2485,15428,17913,82,1
flush,hit,6673,259,553,812,0,1
flush,miss,6674,2359,14410,16769,76,1
flush,hit,6674,270,588,858,0,1
flush,miss,6675,2490,14158,16648,74,1
flush,hit,6675,261,552,813,0,1
flush,miss,6676,2363,11331,13694,58,1
flush,hit,6676,266,545,811,0,1
flush,miss,6677,2494,10362,12856,52,1
flush,hit,6677,268,555,823,0,1
flush,miss,6678,2352,10992,13344,56,1
flush,hit,6678,259,555,814,0,1
flush,miss,6679,2522,11016,13538,56,1
flush,hit,6679,259,557,816,0,1
flush,miss,6680,2383,11012,13395,56,1
flush,hit,6680,261,549,810,0,1
flush,miss,6681,2636,11326,13962,57,1
flush,hit,6681,296,706,1002,0,1
flush,miss,6682,2384,10479,12863,53,1
flush,hit,6682,258,556,814,0,1
flush,miss,6683,2527,11013,13540,56,1
flush,hit,6683,258,563,821,0,1
flush,miss,6684,2363,11352,13715,58,1
flush,hit,6684,261,561,822,0,1
flush,miss,6685,2514,11158,13672,57,1
flush,hit,6685,260,565,825,0,1
flush,miss,6686,2344,11591,13935,59,1
flush,hit,6686,269,555,824,0,1
flush,miss,6687,2482,10923,13405,55,1
flush,hit,6687,270,557,827,0,1
flush,miss,6688,2362,11512,13874,59,1
flush,hit,6688,265,561,826,0,1
flush,miss,6689,2496,11342,13838,58,1
flush,hit,6689,262,564,826,0,1
flush,miss,6690,2373,11165,13538,57,1
flush,hit,6690,259,557,816,0,1
flush,miss,6691,2493,11557,14050,59,1
flush,hit,6691,273,567,840,0,1
flush,miss,6692,2429,11209,13638,57,1
flush,hit,6692,258,558,816,0,1
flush,miss,6693,2516,11375,13891,58,1
flush,hit,6693,261,568,829,0,1
flush,miss,6694,2353,11182,13535,57,1
flush,hit,6694,291,657,948,0,1
flush,miss,6695,2545,11231,13776,57,1
flush,hit,6695,276,566,842,0,1
flush,miss,6696,2407,11240,13647,57,1
flush,hit,6696,258,553,811,0,1
flush,miss,6697,2506,11013,13519,56,1
flush,hit,6697,261,563,824,0,1
flush,miss,6698,2379,11142,13521,57,1
flush,hit,6698,268,552,820,0,1
flush,miss,6699,2480,11182,13662,57,1
flush,hit,6699,268,554,822,0,1
flush,miss,6700,2374,10834,13208,55,1
flush,hit,6700,260,555,815,0,1
flush,miss,6701,2519,11076,13595,56,1
flush,hit,6701,262,553,815,0,1
flush,miss,6702,2338,10874,13212,55,1
flush,hit,6702,267,550,817,0,1
flush,miss,6703,2521,11081,13602,56,1
flush,hit,6703,261,554,815,0,1
flush,miss,6704,2370,10960,13330,56,1
flush,hit,6704,258,553,811,0,1
flush,miss,6705,2476,10878,13354,55,1
flush,hit,6705,261,554,815,0,1
flush,miss,6706,2343,10963,13306,56,1
flush,hit,6706,268,553,821,0,1
flush,miss,6707,2534,11037,13571,56,1
flush,hit,6707,257,554,811,0,1
flush,miss,6708,2374,11453,13827,59,1
flush,hit,6708,265,552,817,0,1
flush,miss,6709,2473,12194,14667,63,1
flush,hit,6709,266,553,819,0,1
flush,miss,6710,2328,14913,17241,79,1
flush,hit,6710,260,560,820,0,1
flush,miss,6711,2518,11048,13566,56,1
flush,hit,6711,259,562,821,0,1
flush,miss,6712,2400,10525,12925,53,1
flush,hit,6712,259,547,806,0,1
flush,miss,6713,6400,11989,18389,61,1
flush,hit,6713,261,553,814,0,1
flush,miss,6714,2385,11158,13543,57,1
flush,hit,6714,263,561,824,0,1
flush,miss,6715,2563,11509,14072,59,1
flush,hit,6715,273,571,844,0,1
flush,miss,6716,2415,11255,13670,57,1
flush,hit,6716,261,571,832,0,1
flush,miss,6717,2457,11943,14400,61,1
flush,hit,6717,268,565,833,0,1
flush,miss,6718,2357,11508,13865,59,1
flush,hit,6718,264,556,820,0,1
flush,miss,6719,2474,11123,13597,57,1
flush,hit,6719,265,573,838,0,1
flush,miss,6720,2393,10982,13375,56,1
flush,hit,6720,262,549,811,0,1
flush,miss,6721,2480,11214,13694,57,1
flush,hit,6721,266,559,825,0,1
flush,miss,6722,2435,11011,13446,56,1
flush,hit,6722,268,554,822,0,1
flush,miss,6723,2491,10996,13487,56,1
flush,hit,6723,266,556,822,0,1
flush,miss,6724,2333,11399,13732,58,1
flush,hit,6724,263,556,819,0,1
flush,miss,6725,2489,11217,13706,57,1
flush,hit,6725,259,558,817,0,1
flush,miss,6726,2379,10885,13264,55,1
flush,hit,6726,268,614,882,0,1
flush,miss,6727,2521,10982,13503,56,1
flush,hit,6727,264,576,840,0,1
flush,miss,6728,2387,20405,22792,111,1
flush,hit,6728,270,559,829,0,1
flush,miss,6729,2501,10958,13459,56,1
flush,hit,6729,264,548,812,0,1
flush,miss,6730,2385,10974,13359,56,1
flush,hit,6730,269,547,816,0,1
flush,miss,6731,2486,11225,13711,57,1
flush,hit,6731,259,546,805,0,1
flush,miss,6732,2363,11333,13696,58,1
flush,hit,6732,258,540,798,0,1
flush,miss,6733,2515,11345,13860,58,1
flush,hit,6733,260,551,811,0,1
flush,miss,6734,2409,11526,13935,59,1
flush,hit,6734,259,531,790,0,1
flush,miss,6735,2470,11191,13661,57,1
flush,hit,6735,262,546,808,0,1
flush,miss,6736,2345,11069,13414,56,1
flush,hit,6736,256,522,778,0,1
flush,miss,6737,2497,11024,13521,56,1
flush,hit,6737,262,542,804,0,1
flush,miss,6738,2391,11043,13434,56,1
flush,hit,6738,257,528,785,0,1
flush,miss,6739,2503,20859,23362,114,1
flush,hit,6739,261,556,817,0,1
flush,miss,6740,3960,11307,15267,58,1
flush,hit,6740,268,528,796,0,1
flush,miss,6741,2523,11143,13666,57,1
flush,hit,6741,260,543,803,0,1
flush,miss,6742,2416,11153,13569,57,1
flush,hit,6742,259,538,797,0,1
flush,miss,6743,2491,11037,13528,56,1
flush,hit,6743,265,539,804,0,1
flush,miss,6744,2355,10984,13339,56,1
flush,hit,6744,259,528,787,0,1
flush,miss,6745,2573,11864,14437,61,1
flush,hit,6745,306,648,954,0,1
flush,miss,6746,2403,11491,13894,59,1
flush,hit,6746,266,555,821,0,1
flush,miss,6747,2505,11222,13727,57,1
flush,hit,6747,264,546,810,0,1
flush,miss,6748,2402,11039,13441,56,1
flush,hit,6748,266,548,814,0,1
flush,miss,6749,2484,11161,13645,57,1
flush,hit,6749,263,552,815,0,1
flush,miss,6750,2359,11353,13712,58,1
flush,hit,6750,264,545,809,0,1
flush,miss,6751,2531,11379,13910,58,1
flush,hit,6751,263,555,818,0,1
flush,miss,6752,2421,11363,13784,58,1
flush,hit,6752,264,551,815,0,1
flush,miss,6753,2475,11002,13477,56,1
flush,hit,6753,268,564,832,0,1
flush,miss,6754,2351,11485,13836,59,1
flush,hit,6754,263,539,802,0,1
flush,miss,6755,2508,11152,13660,57,1
flush,hit,6755,270,552,822,0,1
flush,miss,6756,2388,11176,13564,57,1
flush,hit,6756,269,544,813,0,1
flush,miss,6757,2494,11415,13909,58,1
flush,hit,6757,265,552,817,0,1
flush,miss,6758,2346,12900,15246,40,1
flush,hit,6758,280,1473,1753,0,1
flush,miss,6759,2521,11412,13933,58,1
flush,hit,6759,270,561,831,0,1
flush,miss,6760,2372,11358,13730,58,1
flush,hit,6760,265,535,800,0,1
flush,miss,6761,2537,11282,13819,57,1
flush,hit,6761,266,555,821,0,1
flush,miss,6762,2408,10982,13390,56,1
flush,hit,6762,268,539,807,0,1
flush,miss,6763,2504,11181,13685,57,1
flush,hit,6763,271,541,812,0,1
flush,miss,6764,2414,11008,13422,56,1
flush,hit,6764,261,525,786,0,1
flush,miss,6765,2523,11026,13549,56,1
flush,hit,6765,258,541,799,0,1
flush,miss,6766,2369,10938,13307,56,1
flush,hit,6766,256,522,778,0,1
flush,miss,6767,2490,11122,13612,56,1
flush,hit,6767,260,545,805,0,1
flush,miss,6768,2353,11036,13389,56,1
flush,hit,6768,264,531,795,0,1
flush,miss,6769,2510,10883,13393,55,1
flush,hit,6769,258,555,813,0,1
flush,miss,6770,2342,11018,13360,56,1
flush,hit,6770,269,538,807,0,1
flush,miss,6771,2483,11045,13528,56,1
flush,hit,6771,263,545,808,0,1
flush,miss,6772,2351,21030,23381,115,1
flush,hit,6772,258,530,788,0,1
flush,miss,6773,2491,11249,13740,57,1
flush,hit,6773,258,550,808,0,1
flush,miss,6774,2361,11138,13499,57,1
flush,hit,6774,273,538,811,0,1
flush,miss,6775,2520,10931,13451,55,1
flush,hit,6775,259,561,820,0,1
flush,miss,6776,2402,11016,13418,56,1
flush,hit,6776,275,654,929,0,1
flush,miss,6777,2567,11880,14447,61,1
flush,hit,6777,261,571,832,0,1
flush,miss,6778,2443,11331,13774,58,1
flush,hit,6778,266,566,832,0,1
flush,miss,6779,2527,11578,14105,59,1
flush,hit,6779,258,571,829,0,1
flush,miss,6780,2408,11057,13465,56,1
flush,hit,6780,266,550,816,0,1
flush,miss,6781,2530,11701,14231,60,1
flush,hit,6781,263,573,836,0,1
flush,miss,6782,2367,11155,13522,57,1
flush,hit,6782,258,562,820,0,1
flush,miss,6783,2485,11643,14128,59,1
flush,hit,6783,270,564,834,0,1
flush,miss,6784,2398,11148,13546,57,1
flush,hit,6784,253,694,947,0,1
flush,miss,6785,4035,13837,17872,71,1
flush,hit,6785,2345,1450,3795,0,1
flush,miss,6786,3080,13258,16338,61,1
flush,hit,6786,323,762,1085,0,1
flush,miss,6787,3053,12686,15739,64,1
flush,hit,6787,265,823,1088,0,1
flush,miss,6788,2694,13327,16021,69,1
flush,hit,6788,266,687,953,0,1
flush,miss,6789,3186,14679,17865,74,1
flush,hit,6789,1513,746,2259,0,1
flush,miss,6790,2415,14000,16415,72,1
flush,hit,6790,402,3342,3744,0,1
flush,miss,6791,3894,11485,15379,56,1
flush,hit,6791,299,828,1127,0,1
flush,miss,6792,3421,11490,14911,57,1
flush,hit,6792,256,922,1178,0,1
flush,miss,6793,2708,11871,14579,61,1
flush,hit,6793,934,914,1848,0,1
flush,miss,6794,2519,17678,20197,93,1
flush,hit,6794,320,1241,1561,0,1
flush,miss,6795,3125,11525,14650,59,1
flush,hit,6795,627,742,1369,0,1
flush,miss,6796,3256,12693,15949,63,1
flush,hit,6796,258,536,794,0,1
flush,miss,6797,2655,12379,15034,60,1
flush,hit,6797,262,548,810,0,1
flush,miss,6798,2365,12500,14865,63,1
flush,hit,6798,260,662,922,0,1
flush,miss,6799,2719,17959,20678,97,1
flush,hit,6799,262,554,816,0,1
flush,miss,6800,2383,12830,15213,63,1
flush,hit,6800,260,542,802,0,1
flush,miss,6801,2679,13166,15845,64,1
flush,hit,6801,258,1154,1412,0,1
flush,miss,6802,2363,14516,16879,73,1
flush,hit,6802,356,539,895,0,1
flush,miss,6803,2828,13649,16477,69,1
flush,hit,6803,259,784,1043,0,1
flush,miss,6804,2383,11530,13913,59,1
flush,hit,6804,283,1401,1684,0,1
flush,miss,6805,2631,13755,16386,67,1
flush,hit,6805,256,581,837,0,1
flush,miss,6806,2456,12095,14551,62,1
flush,hit,6806,258,671,929,0,1
flush,miss,6807,2710,11821,14531,60,1
flush,hit,6807,937,568,1505,0,1
flush,miss,6808,2548,12212,14760,58,1
flush,hit,6808,259,565,824,0,1
flush,miss,6809,2500,13280,15780,69,1
flush,hit,6809,257,565,822,0,1
flush,miss,6810,2372,14838,17210,77,1
flush,hit,6810,267,560,827,0,1
flush,miss,6811,2592,17943,20535,97,1
flush,hit,6811,260,567,827,0,1
flush,miss,6812,2198,19831,22029,103,1
flush,hit,6812,269,1261,1530,0,1
flush,miss,6813,2625,15678,18303,83,1
flush,hit,6813,259,569,828,0,1
flush,miss,6814,2330,14349,16679,76,1
flush,hit,6814,262,560,822,0,1
flush,miss,6815,3239,18482,21721,99,1
flush,hit,6815,269,987,1256,0,1
flush,miss,6816,2408,17037,19445,91,1
flush,hit,6816,262,562,824,0,1
flush,miss,6817,3593,18834,22427,102,1
flush,hit,6817,266,550,816,0,1
flush,miss,6818,2375,14898,17273,79,1
flush,hit,6818,262,546,808,0,1
flush,miss,6819,3911,16834,20745,90,1
flush,hit,6819,267,549,816,0,1
flush,miss,6820,2333,14499,16832,77,1
flush,hit,6820,269,536,805,0,1
flush,miss,6821,2800,16973,19773,91,1
flush,hit,6821,259,547,806,0,1
flush,miss,6822,2199,13899,16098,73,1
flush,hit,6822,261,535,796,0,1
flush,miss,6823,3926,18279,22205,99,1
flush,hit,6823,261,549,810,0,1
flush,miss,6824,2332,15953,18285,85,1
flush,hit,6824,259,540,799,0,1
flush,miss,6825,2687,17596,20283,95,1
flush,hit,6825,265,557,822,0,1
flush,miss,6826,2353,15974,18327,84,1
flush,hit,6826,264,539,803,0,1
flush,miss,6827,2513,14914,17427,79,1
flush,hit,6827,264,614,878,0,1
flush,miss,6828,2166,11493,13659,59,1
flush,hit,6828,262,539,801,0,1
flush,miss,6829,2919,17416,20335,93,1
flush,hit,6829,280,627,907,0,1
flush,miss,6830,3161,16400,19561,87,1
flush,hit,6830,262,563,825,0,1
flush,miss,6831,2598,17092,19690,89,1
flush,hit,6831,267,565,832,0,1
flush,miss,6832,3790,16826,20616,90,1
flush,hit,6832,258,552,810,0,1
flush,miss,6833,2482,15063,17545,79,1
flush,hit,6833,265,571,836,0,1
flush,miss,6834,2363,11651,14014,60,1
flush,hit,6834,270,1221,1491,0,1
flush,miss,6835,2500,13144,15644,61,1
flush,hit,6835,261,1797,2058,0,1
flush,miss,6836,3184,10949,14133,56,1
flush,hit,6836,269,552,821,0,1
flush,miss,6837,3331,12714,16045,62,1
flush,hit,6837,557,573,1130,0,1
flush,miss,6838,2758,23883,26641,132,1
flush,hit,6838,262,549,811,0,1
flush,miss,6839,3272,13438,16710,70,1
flush,hit,6839,288,637,925,0,1
flush,miss,6840,3161,15281,18442,81,1
flush,hit,6840,271,1095,1366,0,1
flush,miss,6841,2837,12064,14901,60,1
flush,hit,6841,284,539,823,0,1
flush,miss,6842,3196,11880,15076,61,1
flush,hit,6842,259,533,792,0,1
flush,miss,6843,2470,18345,20815,98,1
flush,hit,6843,262,536,798,0,1
flush,miss,6844,2219,13970,16189,72,1
flush,hit,6844,258,536,794,0,1
flush,miss,6845,2807,12156,14963,61,1
flush,hit,6845,259,1531,1790,0,1
flush,miss,6846,2502,12431,14933,64,1
flush,hit,6846,260,526,786,0,1
flush,miss,6847,3126,16216,19342,87,1
flush,hit,6847,258,542,800,0,1
flush,miss,6848,3155,13913,17068,73,1
flush,hit,6848,262,532,794,0,1
flush,miss,6849,2542,14211,16753,71,1
flush,hit,6849,261,553,814,0,1
flush,miss,6850,2724,14026,16750,71,1
flush,hit,6850,259,526,785,0,1
flush,miss,6851,3875,14829,18704,72,1
flush,hit,6851,262,541,803,0,1
flush,miss,6852,2381,12408,14789,64,1
flush,hit,6852,269,525,794,0,1
flush,miss,6853,3230,13579,16809,65,1
flush,hit,6853,262,538,800,0,1
flush,miss,6854,3093,11379,14472,58,1
flush,hit,6854,275,591,866,0,1
flush,miss,6855,2516,12236,14752,63,1
flush,hit,6855,371,1382,1753,0,1
flush,miss,6856,2399,12416,14815,63,1
flush,hit,6856,263,1311,1574,0,1
flush,miss,6857,2701,13436,16137,67,1
flush,hit,6857,270,553,823,0,1
flush,miss,6858,2540,12015,14555,62,1
flush,hit,6858,257,546,803,0,1
flush,miss,6859,2672,13970,16642,73,1
flush,hit,6859,266,550,816,0,1
flush,miss,6860,2874,24242,27116,99,1
flush,hit,6860,262,3197,3459,0,1
flush,miss,6861,2549,12548,15097,65,1
flush,hit,6861,259,551,810,0,1
flush,miss,6862,2979,15481,18460,81,1
flush,hit,6862,258,552,810,0,1
flush,miss,6863,3444,13418,16862,70,1
flush,hit,6863,264,566,830,0,1
flush,miss,6864,2654,11539,14193,59,1
flush,hit,6864,263,992,1255,0,1
flush,miss,6865,2982,22547,25529,119,1
flush,hit,6865,259,845,1104,0,1
flush,miss,6866,2732,11870,14602,61,1
flush,hit,6866,267,540,807,0,1
flush,miss,6867,3780,12803,16583,66,1
flush,hit,6867,270,560,830,0,1
flush,miss,6868,2512,12934,15446,66,1
flush,hit,6868,264,772,1036,0,1
flush,miss,6869,2506,14398,16904,73,1
flush,hit,6869,266,545,811,0,1
flush,miss,6870,2391,12762,15153,60,1
flush,hit,6870,259,1094,1353,0,1
flush,miss,6871,2322,13722,16044,72,1
flush,hit,6871,257,539,796,0,1
flush,miss,6872,2314,11203,13517,57,1
flush,hit,6872,270,516,786,0,1
flush,miss,6873,2851,16165,19016,86,1
flush,hit,6873,258,856,1114,0,1
flush,miss,6874,2489,16075,18564,86,1
flush,hit,6874,259,518,777,0,1
flush,miss,6875,2587,19502,22089,106,1
flush,hit,6875,256,1019,1275,0,1
flush,miss,6876,2892,23947,26839,132,1
flush,hit,6876,259,510,769,0,1
flush,miss,6877,3079,19423,22502,103,1
flush,hit,6877,265,725,990,0,1
flush,miss,6878,2189,17209,19398,93,1
flush,hit,6878,263,523,786,0,1
flush,miss,6879,2667,20981,23648,76,1
flush,hit,6879,257,540,797,0,1
flush,miss,6880,4123,17773,21896,96,1
flush,hit,6880,273,568,841,0,1
flush,miss,6881,3858,17003,20861,91,1
flush,hit,6881,265,559,824,0,1
flush,miss,6882,2576,16350,18926,88,1
flush,hit,6882,266,531,797,0,1
flush,miss,6883,2821,15644,18465,83,1
flush,hit,6883,270,555,825,0,1
flush,miss,6884,2401,15379,17780,82,1
flush,hit,6884,257,541,798,0,1
flush,miss,6885,3052,14011,17063,73,1
flush,hit,6885,261,551,812,0,1
flush,miss,6886,2145,14222,16367,75,1
flush,hit,6886,272,532,804,0,1
flush,miss,6887,2543,17267,19810,93,1
flush,hit,6887,273,564,837,0,1
flush,miss,6888,3140,19482,22622,106,1
flush,hit,6888,259,538,797,0,1
flush,miss,6889,3292,15071,18363,80,1
flush,hit,6889,386,596,982,0,1
flush,miss,6890,2465,21018,23483,114,1
flush,hit,6890,272,513,785,0,1
flush,miss,6891,2506,16482,18988,88,1
flush,hit,6891,258,806,1064,0,1
flush,miss,6892,2508,13347,15855,70,1
flush,hit,6892,269,529,798,0,1
flush,miss,6893,2518,18789,21307,102,1
flush,hit,6893,264,525,789,0,1
flush,miss,6894,2183,16228,18411,87,1
flush,hit,6894,258,505,763,0,1
flush,miss,6895,3775,17307,21082,89,1
flush,hit,6895,262,525,787,0,1
flush,miss,6896,2547,15739,18286,84,1
flush,hit,6896,263,798,1061,0,1
flush,miss,6897,2488,15478,17966,81,1
flush,hit,6897,264,528,792,0,1
flush,miss,6898,2301,12134,14435,62,1
flush,hit,6898,257,517,774,0,1
flush,miss,6899,2735,14911,17646,79,1
flush,hit,6899,260,764,1024,0,1
flush,miss,6900,2319,13904,16223,73,1
flush,hit,6900,263,515,778,0,1
flush,miss,6901,2862,18279,21141,96,1
flush,hit,6901,262,528,790,0,1
flush,miss,6902,2562,15065,17627,78,1
flush,hit,6902,256,509,765,0,1
flush,miss,6903,6424,14502,20926,74,1
flush,hit,6903,262,549,811,0,1
flush,miss,6904,2666,19234,21900,103,1
flush,hit,6904,666,858,1524,0,1
flush,miss,6905,2510,14776,17286,78,1
flush,hit,6905,264,568,832,0,1
flush,miss,6906,2439,17285,19724,92,1
flush,hit,6906,266,543,809,0,1
flush,miss,6907,2485,13914,16399,73,1
flush,hit,6907,263,538,801,0,1
flush,miss,6908,2396,15769,18165,84,1
flush,hit,6908,265,541,806,0,1
flush,miss,6909,2473,17080,19553,92,1
flush,hit,6909,272,545,817,0,1
flush,miss,6910,2495,15375,17870,81,1
flush,hit,6910,268,527,795,0,1
flush,miss,6911,2524,16846,19370,90,1
flush,hit,6911,286,564,850,0,1
flush,miss,6912,2336,13116,15452,68,1
flush,hit,6912,271,545,816,0,1
flush,miss,6913,2483,16616,19099,89,1
flush,hit,6913,272,557,829,0,1
flush,miss,6914,2443,13877,16320,46,1
flush,hit,6914,271,605,876,0,1
flush,miss,6915,2494,15171,17665,80,1
flush,hit,6915,262,539,801,0,1
flush,miss,6916,2366,14703,17069,78,1
flush,hit,6916,265,588,853,0,1
flush,miss,6917,2706,12883,15589,66,1
flush,hit,6917,269,612,881,0,1
flush,miss,6918,2270,20065,22335,109,1
flush,hit,6918,272,522,794,0,1
flush,miss,6919,2474,11202,13676,57,1
flush,hit,6919,258,528,786,0,1
flush,miss,6920,2366,11142,13508,57,1
flush,hit,6920,258,522,780,0,1
flush,miss,6921,2497,11206,13703,57,1
flush,hit,6921,261,537,798,0,1
flush,miss,6922,2414,10961,13375,56,1
flush,hit,6922,256,528,784,0,1
flush,miss,6923,2476,11010,13486,56,1
flush,hit,6923,259,528,787,0,1
flush,miss,6924,2358,10915,13273,56,1
flush,hit,6924,256,522,778,0,1
flush,miss,6925,2497,11022,13519,56,1
flush,hit,6925,258,529,787,0,1
flush,miss,6926,2360,15940,18300,85,1
flush,hit,6926,257,516,773,0,1
flush,miss,6927,2506,11145,13651,57,1
flush,hit,6927,263,527,790,0,1
flush,miss,6928,2389,10526,12915,53,1
flush,hit,6928,263,526,789,0,1
flush,miss,6929,2491,10916,13407,55,1
flush,hit,6929,259,528,787,0,1
flush,miss,6930,2380,10973,13353,56,1
flush,hit,6930,259,523,782,0,1
flush,miss,6931,2734,11891,14625,60,1
flush,hit,6931,283,634,917,0,1
flush,miss,6932,2369,11780,14149,60,1
flush,hit,6932,272,549,821,0,1
flush,miss,6933,2496,11623,14119,59,1
flush,hit,6933,264,560,824,0,1
flush,miss,6934,2404,10975,13379,56,1
flush,hit,6934,268,548,816,0,1
flush,miss,6935,2533,11541,14074,59,1
flush,hit,6935,265,550,815,0,1
flush,miss,6936,2421,11157,13578,57,1
flush,hit,6936,273,538,811,0,1
flush,miss,6937,2477,11612,14089,59,1
flush,hit,6937,267,552,819,0,1
flush,miss,6938,2404,10973,13377,56,1
flush,hit,6938,264,544,808,0,1
flush,miss,6939,2417,11071,13488,56,1
flush,hit,6939,265,545,810,0,1
flush,miss,6940,2353,10873,13226,55,1
flush,hit,6940,265,546,811,0,1
flush,miss,6941,2468,11074,13542,56,1
flush,hit,6941,261,553,814,0,1
flush,miss,6942,2364,10837,13201,55,1
flush,hit,6942,263,531,794,0,1
flush,miss,6943,2461,11005,13466,56,1
flush,hit,6943,265,545,810,0,1
flush,miss,6944,2395,11056,13451,56,1
flush,hit,6944,272,654,926,0,1
flush,miss,6945,2543,11000,13543,56,1
flush,hit,6945,272,537,809,0,1
flush,miss,6946,2400,10647,13047,54,1
flush,hit,6946,264,520,784,0,1
flush,miss,6947,2549,11060,13609,56,1
flush,hit,6947,265,524,789,0,1
flush,miss,6948,2411,11030,13441,56,1
flush,hit,6948,274,519,793,0,1
flush,miss,6949,2508,11021,13529,56,1
flush,hit,6949,267,554,821,0,1
flush,miss,6950,2366,11235,13601,57,1
flush,hit,6950,264,517,781,0,1
flush,miss,6951,2472,11016,13488,56,1
flush,hit,6951,265,533,798,0,1
flush,miss,6952,2397,11323,13720,58,1
flush,hit,6952,269,520,789,0,1
flush,miss,6953,2474,11190,13664,57,1
flush,hit,6953,263,529,792,0,1
flush,miss,6954,2383,22795,25178,74,1
flush,hit,6954,267,575,842,0,1
flush,miss,6955,2756,11917,14673,59,1
flush,hit,6955,259,610,869,0,1
flush,miss,6956,2403,11327,13730,57,1
flush,hit,6956,260,594,854,0,1
flush,miss,6957,2519,11231,13750,57,1
flush,hit,6957,259,528,787,0,1
flush,miss,6958,2494,12533,15027,46,1
flush,hit,6958,342,799,1141,0,1
flush,miss,6959,2539,15046,17585,48,1
flush,hit,6959,273,575,848,0,1
flush,miss,6960,2546,11337,13883,58,1
flush,hit,6960,267,570,837,0,1
flush,miss,6961,2550,11086,13636,56,1
flush,hit,6961,264,558,822,0,1
flush,miss,6962,2378,11009,13387,56,1
flush,hit,6962,342,728,1070,0,1
flush,miss,6963,2518,11440,13958,58,1
flush,hit,6963,269,662,931,0,1
flush,miss,6964,2416,11523,13939,59,1
flush,hit,6964,263,533,796,0,1
flush,miss,6965,2997,11271,14268,57,1
flush,hit,6965,364,837,1201,0,1
flush,miss,6966,2398,11043,13441,56,1
flush,hit,6966,258,548,806,0,1
flush,miss,6967,2561,11397,13958,58,1
flush,hit,6967,257,546,803,0,1
flush,miss,6968,2407,10990,13397,56,1
flush,hit,6968,266,581,847,0,1
flush,miss,6969,2587,11159,13746,56,1
flush,hit,6969,262,548,810,0,1
flush,miss,6970,2319,11602,13921,59,1
flush,hit,6970,337,795,1132,0,1
flush,miss,6971,2580,11083,13663,56,1
flush,hit,6971,274,602,876,0,1
flush,miss,6972,2353,11243,13596,57,1
flush,hit,6972,268,554,822,0,1
flush,miss,6973,2587,17498,20085,94,1
flush,hit,6973,264,554,818,0,1
flush,miss,6974,2409,12869,15278,67,1
flush,hit,6974,263,534,797,0,1
flush,miss,6975,2708,10879,13587,55,1
flush,hit,6975,294,618,912,0,1
flush,miss,6976,2416,13477,15893,44,1
flush,hit,6976,254,587,841,0,1
flush,miss,6977,2525,11222,13747,57,1
flush,hit,6977,260,536,796,0,1
flush,miss,6978,2387,11188,13575,57,1
flush,hit,6978,268,524,792,0,1
flush,miss,6979,2577,11327,13904,58,1
flush,hit,6979,321,531,852,0,1
flush,miss,6980,2381,11141,13522,57,1
flush,hit,6980,256,525,781,0,1
flush,miss,6981,4074,12971,17045,47,1
flush,hit,6981,255,547,802,0,1
flush,miss,6982,2565,11036,13601,56,1
flush,hit,6982,257,556,813,0,1
flush,miss,6983,2515,10978,13493,56,1
flush,hit,6983,259,541,800,0,1
flush,miss,6984,2340,11009,13349,56,1
flush,hit,6984,255,505,760,0,1
flush,miss,6985,2526,11029,13555,56,1
flush,hit,6985,259,536,795,0,1
flush,miss,6986,2390,10980,13370,56,1
flush,hit,6986,259,517,776,0,1
flush,miss,6987,2822,11052,13874,56,1
flush,hit,6987,317,812,1129,0,1
flush,miss,6988,2350,11076,13426,56,1
flush,hit,6988,254,540,794,0,1
flush,miss,6989,2515,10901,13416,55,1
flush,hit,6989,253,528,781,0,1
flush,miss,6990,2378,11064,13442,56,1
flush,hit,6990,258,541,799,0,1
flush,miss,6991,2512,11018,13530,56,1
flush,hit,6991,263,537,800,0,1
flush,miss,6992,2354,20820,23174,113,1
flush,hit,6992,342,745,1087,0,1
flush,miss,6993,2909,12509,15418,64,1
flush,hit,6993,355,732,1087,0,1
flush,miss,6994,2416,11340,13756,58,1
flush,hit,6994,259,544,803,0,1
flush,miss,6995,2478,11022,13500,56,1
flush,hit,6995,259,557,816,0,1
flush,miss,6996,2374,11622,13996,60,1
flush,hit,6996,269,538,807,0,1
flush,miss,6997,2519,11609,14128,59,1
flush,hit,6997,264,545,809,0,1
flush,miss,6998,2373,13822,16195,50,1
flush,hit,6998,274,603,877,0,1
flush,miss,6999,2526,11390,13916,58,1
flush,hit,6999,273,573,846,0,1
flush,miss,7000,2437,11121,13558,57,1
flush,hit,7000,262,534,796,0,1
flush,miss,7001,2517,11594,14111,59,1
flush,hit,7001,271,566,837,0,1
flush,miss,7002,2425,11316,13741,58,1
flush,hit,7002,261,530,791,0,1
flush,miss,7003,2520,13460,15980,49,1
flush,hit,7003,255,572,827,0,1
flush,miss,7004,2545,11098,13643,56,1
flush,hit,7004,267,591,858,0,1
flush,miss,7005,2522,11168,13690,57,1
flush,hit,7005,268,540,808,0,1
flush,miss,7006,2364,11079,13443,32,1
flush,hit,7006,262,530,792,0,1
flush,miss,7007,2529,11394,13923,58,1
flush,hit,7007,267,528,795,0,1
flush,miss,7008,2376,11001,13377,56,1
flush,hit,7008,255,519,774,0,1
flush,miss,7009,2802,11092,13894,56,1
flush,hit,7009,347,800,1147,0,1
flush,miss,7010,2370,11173,13543,57,1
flush,hit,7010,257,539,796,0,1
flush,miss,7011,2503,11175,13678,57,1
flush,hit,7011,268,527,795,0,1
flush,miss,7012,2431,10811,13242,55,1
flush,hit,7012,250,523,773,0,1
flush,miss,7013,2536,11047,13583,56,1
flush,hit,7013,267,528,795,0,1
flush,miss,7014,2368,11322,13690,58,1
flush,hit,7014,324,805,1129,0,1
flush,miss,7015,2544,11413,13957,58,1
flush,hit,7015,270,578,848,0,1
flush,miss,7016,2382,11477,13859,59,1
flush,hit,7016,257,531,788,0,1
flush,miss,7017,2549,11203,13752,57,1
flush,hit,7017,259,535,794,0,1
flush,miss,7018,2352,11094,13446,56,1
flush,hit,7018,253,534,787,0,1
flush,miss,7019,2537,11136,13673,57,1
flush,hit,7019,267,532,799,0,1
flush,miss,7020,2441,13058,15499,43,1
flush,hit,7020,276,604,880,0,1
flush,miss,7021,2496,11163,13659,57,1
flush,hit,7021,258,560,818,0,1
flush,miss,7022,2375,11056,13431,56,1
flush,hit,7022,251,524,775,0,1
flush,miss,7023,2514,11019,13533,56,1
flush,hit,7023,263,536,799,0,1
flush,miss,7024,2357,11040,13397,56,1
flush,hit,7024,306,706,1012,0,1
flush,miss,7025,2564,13481,16045,44,1
flush,hit,7025,274,564,838,0,1
flush,miss,7026,2547,11745,14292,60,1
flush,hit,7026,273,586,859,0,1
flush,miss,7027,2561,10883,13444,55,1
flush,hit,7027,266,539,805,0,1
flush,miss,7028,2375,11893,14268,61,1
flush,hit,7028,266,532,798,0,1
flush,miss,7029,2524,11365,13889,58,1
flush,hit,7029,252,532,784,0,1
flush,miss,7030,2356,11353,13709,58,1
flush,hit,7030,260,547,807,0,1
flush,miss,7031,2814,11111,13925,56,1
flush,hit,7031,350,810,1160,0,1
flush,miss,7032,2428,11349,13777,58,1
flush,hit,7032,253,559,812,0,1
flush,miss,7033,2454,11502,13956,59,1
flush,hit,7033,259,572,831,0,1
flush,miss,7034,2366,11097,13463,56,1
flush,hit,7034,257,545,802,0,1
flush,miss,7035,2503,11369,13872,58,1
flush,hit,7035,259,565,824,0,1
flush,miss,7036,2362,11608,13970,59,1
flush,hit,7036,331,788,1119,0,1
flush,miss,7037,2567,11297,13864,34,1
flush,hit,7037,272,602,874,0,1
flush,miss,7038,2477,11029,13506,56,1
flush,hit,7038,256,535,791,0,1
flush,miss,7039,2520,10981,13501,56,1
flush,hit,7039,275,542,817,0,1
flush,miss,7040,2386,11345,13731,58,1
flush,hit,7040,279,535,814,0,1
flush,miss,7041,2533,11383,13916,58,1
flush,hit,7041,270,541,811,0,1
flush,miss,7042,2375,13215,15590,43,1
flush,hit,7042,267,560,827,0,1
flush,miss,7043,2491,11240,13731,57,1
flush,hit,7043,252,532,784,0,1
flush,miss,7044,2353,11042,13395,56,1
flush,hit,7044,251,518,769,0,1
flush,miss,7045,2520,11548,14068,59,1
flush,hit,7045,251,518,769,0,1
flush,miss,7046,2363,10773,13136,55,1
flush,hit,7046,262,509,771,0,1
flush,miss,7047,2510,12809,15319,42,1
flush,hit,7047,255,533,788,0,1
flush,miss,7048,2519,11064,13583,56,1
flush,hit,7048,259,573,832,0,1
flush,miss,7049,2537,11162,13699,57,1
flush,hit,7049,257,535,792,0,1
flush,miss,7050,2353,10931,13284,56,1
flush,hit,7050,265,526,791,0,1
flush,miss,7051,2528,11014,13542,56,1
flush,hit,7051,258,520,778,0,1
flush,miss,7052,2388,11064,13452,57,1
flush,hit,7052,256,523,779,0,1
flush,miss,7053,3352,12028,15380,56,1
flush,hit,7053,387,862,1249,0,1
flush,miss,7054,2665,11936,14601,57,1
flush,hit,7054,266,608,874,0,1
flush,miss,7055,7105,14306,21411,67,1
flush,hit,7055,256,534,790,0,1
flush,miss,7056,2798,11210,14008,57,1
flush,hit,7056,812,576,1388,0,1
flush,miss,7057,2720,11875,14595,59,1
flush,hit,7057,318,566,884,0,1
flush,miss,7058,2545,11815,14360,60,1
flush,hit,7058,346,994,1340,0,1
flush,miss,7059,2643,11774,14417,60,1
flush,hit,7059,271,759,1030,0,1
flush,miss,7060,2375,11911,14286,61,1
flush,hit,7060,258,536,794,0,1
flush,miss,7061,2524,11031,13555,56,1
flush,hit,7061,252,561,813,0,1
flush,miss,7062,2361,13712,16073,72,1
flush,hit,7062,253,537,790,0,1
flush,miss,7063,2541,11158,13699,57,1
flush,hit,7063,260,568,828,0,1
flush,miss,7064,2363,15515,17878,49,1
flush,hit,7064,279,639,918,0,1
flush,miss,7065,2544,11378,13922,53,1
flush,hit,7065,259,1863,2122,0,1
flush,miss,7066,2482,11350,13832,58,1
flush,hit,7066,263,548,811,0,1
flush,miss,7067,2491,12279,14770,34,1
flush,hit,7067,258,579,837,0,1
flush,miss,7068,2473,11264,13737,57,1
flush,hit,7068,253,527,780,0,1
flush,miss,7069,2517,16619,19136,51,1
flush,hit,7069,263,519,782,0,1
flush,miss,7070,2635,11002,13637,56,1
flush,hit,7070,262,570,832,0,1
flush,miss,7071,2564,11066,13630,56,1
flush,hit,7071,268,531,799,0,1
flush,miss,7072,2378,10945,13323,56,1
flush,hit,7072,256,515,771,0,1
flush,miss,7073,2386,11179,13565,57,1
flush,hit,7073,251,540,791,0,1
flush,miss,7074,2297,11694,13991,60,1
flush,hit,7074,256,515,771,0,1
flush,miss,7075,3030,13198,16228,68,1
flush,hit,7075,323,830,1153,0,1
flush,miss,7076,2354,13253,15607,69,1
flush,hit,7076,258,541,799,0,1
flush,miss,7077,2495,10320,12815,52,1
flush,hit,7077,258,564,822,0,1
flush,miss,7078,2420,10489,12909,53,1
flush,hit,7078,259,515,774,0,1
flush,miss,7079,2545,11241,13786,57,1
flush,hit,7079,261,543,804,0,1
flush,miss,7080,2366,11179,13545,57,1
flush,hit,7080,352,806,1158,0,1
flush,miss,7081,2553,11121,13674,56,1
flush,hit,7081,283,606,889,0,1
flush,miss,7082,2388,11154,13542,57,1
flush,hit,7082,261,531,792,0,1
flush,miss,7083,2536,11401,13937,58,1
flush,hit,7083,264,553,817,0,1
flush,miss,7084,2357,11151,13508,57,1
flush,hit,7084,260,531,791,0,1
flush,miss,7085,2528,16733,19261,69,1
flush,hit,7085,260,557,817,0,1
flush,miss,7086,2425,15441,17866,51,1
flush,hit,7086,263,617,880,0,1
flush,miss,7087,2490,11784,14274,60,1
flush,hit,7087,264,566,830,0,1
flush,miss,7088,2391,10986,13377,56,1
flush,hit,7088,262,535,797,0,1
flush,miss,7089,2559,11586,14145,59,1
flush,hit,7089,261,536,797,0,1
flush,miss,7090,2348,11214,13562,57,1
flush,hit,7090,261,536,797,0,1
flush,miss,7091,2524,12985,15509,42,1
flush,hit,7091,258,540,798,0,1
flush,miss,7092,2502,11151,13653,57,1
flush,hit,7092,268,599,867,0,1
flush,miss,7093,2540,11111,13651,56,1
flush,hit,7093,258,553,811,0,1
flush,miss,7094,2356,11495,13851,59,1
flush,hit,7094,258,563,821,0,1
flush,miss,7095,2583,11266,13849,57,1
flush,hit,7095,259,543,802,0,1
flush,miss,7096,2347,11022,13369,56,1
flush,hit,7096,262,549,811,0,1
flush,miss,7097,2843,11165,14008,56,1
flush,hit,7097,326,792,1118,0,1
flush,miss,7098,2422,11178,13600,57,1
flush,hit,7098,287,681,968,0,1
flush,miss,7099,2554,11119,13673,56,1
flush,hit,7099,265,565,830,0,1
flush,miss,7100,2414,11025,13439,56,1
flush,hit,7100,255,529,784,0,1
flush,miss,7101,2461,11090,13551,56,1
flush,hit,7101,264,572,836,0,1
flush,miss,7102,2378,20418,22796,111,1
flush,hit,7102,326,791,1117,0,1
flush,miss,7103,2610,11194,13804,57,1
flush,hit,7103,250,609,859,0,1
flush,miss,7104,2329,11550,13879,59,1
flush,hit,7104,253,544,797,0,1
flush,miss,7105,2524,11081,13605,56,1
flush,hit,7105,256,543,799,0,1
flush,miss,7106,2331,11726,14057,60,1
flush,hit,7106,259,542,801,0,1
flush,miss,7107,2509,11514,14023,59,1
flush,hit,7107,257,550,807,0,1
flush,miss,7108,2339,16325,18664,58,1
flush,hit,7108,254,613,867,0,1
flush,miss,7109,2530,11567,14097,59,1
flush,hit,7109,260,545,805,0,1
flush,miss,7110,2390,10965,13355,56,1
flush,hit,7110,261,523,784,0,1
flush,miss,7111,2505,11013,13518,56,1
flush,hit,7111,253,534,787,0,1
flush,miss,7112,2367,11195,13562,57,1
flush,hit,7112,254,529,783,0,1
flush,miss,7113,2552,15658,18210,56,1
flush,hit,7113,258,551,809,0,1
flush,miss,7114,2589,11056,13645,56,1
flush,hit,7114,264,591,855,0,1
flush,miss,7115,2576,11005,13581,56,1
flush,hit,7115,257,564,821,0,1
flush,miss,7116,2378,11017,13395,56,1
flush,hit,7116,325,619,944,0,1
flush,miss,7117,2488,11192,13680,57,1
flush,hit,7117,258,558,816,0,1
flush,miss,7118,2332,11381,13713,58,1
flush,hit,7118,261,540,801,0,1
flush,miss,7119,2883,11650,14533,59,1
flush,hit,7119,330,811,1141,0,1
flush,miss,7120,2348,11345,13693,58,1
flush,hit,7120,255,558,813,0,1
flush,miss,7121,2497,11546,14043,59,1
flush,hit,7121,266,560,826,0,1
flush,miss,7122,2360,11011,13371,56,1
flush,hit,7122,260,563,823,0,1
flush,miss,7123,2584,11389,13973,58,1
flush,hit,7123,257,585,842,0,1
flush,miss,7124,2358,11183,13541,57,1
flush,hit,7124,348,817,1165,0,1
flush,miss,7125,2556,11433,13989,58,1
flush,hit,7125,268,663,931,0,1
flush,miss,7126,2347,11159,13506,57,1
flush,hit,7126,259,550,809,0,1
flush,miss,7127,2523,10907,13430,55,1
flush,hit,7127,259,578,837,0,1
flush,miss,7128,2377,11472,13849,59,1
flush,hit,7128,270,552,822,0,1
flush,miss,7129,2570,11043,13613,56,1
flush,hit,7129,275,618,893,0,1
flush,miss,7130,2445,13510,15955,43,1
flush,hit,7130,269,579,848,0,1
flush,miss,7131,2519,11122,13641,56,1
flush,hit,7131,273,572,845,0,1
flush,miss,7132,2445,11293,13738,57,1
flush,hit,7132,262,540,802,0,1
flush,miss,7133,2546,11589,14135,59,1
flush,hit,7133,264,559,823,0,1
flush,miss,7134,2383,10965,13348,56,1
flush,hit,7134,254,543,797,0,1
flush,miss,7135,2511,13398,15909,44,1
flush,hit,7135,248,547,795,0,1
flush,miss,7136,2580,11060,13640,56,1
flush,hit,7136,260,570,830,0,1
flush,miss,7137,2542,11111,13653,56,1
flush,hit,7137,258,551,809,0,1
flush,miss,7138,2358,11136,13494,57,1
flush,hit,7138,262,533,795,0,1
flush,miss,7139,2478,10864,13342,55,1
flush,hit,7139,257,541,798,0,1
flush,miss,7140,2352,10819,13171,55,1
flush,hit,7140,253,529,782,0,1
flush,miss,7141,2827,10977,13804,55,1
flush,hit,7141,332,796,1128,0,1
flush,miss,7142,2380,11022,13402,56,1
flush,hit,7142,254,563,817,0,1
flush,miss,7143,2464,11005,13469,56,1
flush,hit,7143,258,562,820,0,1
flush,miss,7144,2370,10838,13208,55,1
flush,hit,7144,267,548,815,0,1
flush,miss,7145,2744,12701,15445,66,1
flush,hit,7145,257,550,807,0,1
flush,miss,7146,2378,14962,17340,79,1
flush,hit,7146,323,793,1116,0,1
flush,miss,7147,3040,14800,17840,78,1
flush,hit,7147,362,751,1113,0,1
flush,miss,7148,2441,14780,17221,78,1
flush,hit,7148,261,565,826,0,1
flush,miss,7149,2500,14059,16559,74,1
flush,hit,7149,264,563,827,0,1
flush,miss,7150,3159,15915,19074,85,1
flush,hit,7150,259,538,797,0,1
flush,miss,7151,2613,17306,19919,93,1
flush,hit,7151,265,558,823,0,1
flush,miss,7152,2532,20476,23008,75,1
flush,hit,7152,278,602,880,0,1
flush,miss,7153,2508,16677,19185,89,1
flush,hit,7153,257,574,831,0,1
flush,miss,7154,3892,14238,18130,75,1
flush,hit,7154,258,554,812,0,1
flush,miss,7155,2582,15448,18030,82,1
flush,hit,7155,259,562,821,0,1
flush,miss,7156,2459,15799,18258,84,1
flush,hit,7156,266,547,813,0,1
flush,miss,7157,2506,18829,21335,54,1
flush,hit,7157,262,564,826,0,1
flush,miss,7158,2861,12064,14925,62,1
flush,hit,7158,260,582,842,0,1
flush,miss,7159,4142,14297,18439,75,1
flush,hit,7159,265,552,817,0,1
flush,miss,7160,2365,11959,14324,62,1
flush,hit,7160,254,533,787,0,1
flush,miss,7161,2498,11423,13921,58,1
flush,hit,7161,259,566,825,0,1
flush,miss,7162,2394,10458,12852,53,1
flush,hit,7162,251,538,789,0,1
flush,miss,7163,2917,11174,14091,56,1
flush,hit,7163,377,810,1187,0,1
flush,miss,7164,2405,11233,13638,57,1
flush,hit,7164,250,572,822,0,1
flush,miss,7165,2576,11098,13674,57,1
flush,hit,7165,262,567,829,0,1
flush,miss,7166,2374,10965,13339,56,1
flush,hit,7166,256,551,807,0,1
flush,miss,7167,2624,10878,13502,50,1
flush,hit,7167,258,1930,2188,0,1
flush,miss,7168,2334,11167,13501,57,1
flush,hit,7168,331,846,1177,0,1
flush,miss,7169,2588,11283,13871,57,1
flush,hit,7169,269,630,899,0,1
flush,miss,7170,2342,11482,13824,59,1
flush,hit,7170,258,557,815,0,1
flush,miss,7171,2519,11052,13571,56,1
flush,hit,7171,258,559,817,0,1
flush,miss,7172,2333,11014,13347,56,1
flush,hit,7172,258,552,810,0,1
flush,miss,7173,2534,11214,13748,57,1
flush,hit,7173,260,550,810,0,1
flush,miss,7174,2383,15606,17989,49,1
flush,hit,7174,263,4614,4877,0,1
flush,miss,7175,2648,11881,14529,61,1
flush,hit,7175,292,623,915,0,1
flush,miss,7176,2354,11723,14077,60,1
flush,hit,7176,258,550,808,0,1
flush,miss,7177,2539,11493,14032,59,1
flush,hit,7177,263,552,815,0,1
flush,miss,7178,2371,11188,13559,57,1
flush,hit,7178,269,559,828,0,1
flush,miss,7179,2536,15452,17988,57,1
flush,hit,7179,261,553,814,0,1
flush,miss,7180,2534,11229,13763,57,1
flush,hit,7180,258,586,844,0,1
flush,miss,7181,2540,11330,13870,58,1
flush,hit,7181,263,580,843,0,1
flush,miss,7182,2355,11225,13580,57,1
flush,hit,7182,253,558,811,0,1
flush,miss,7183,2528,11197,13725,57,1
flush,hit,7183,261,562,823,0,1
flush,miss,7184,2350,10863,13213,55,1
flush,hit,7184,254,557,811,0,1
flush,miss,7185,2863,11405,14268,58,1
flush,hit,7185,320,784,1104,0,1
flush,miss,7186,2370,11266,13636,57,1
flush,hit,7186,262,610,872,0,1
flush,miss,7187,2565,14562,17127,55,1
flush,hit,7187,265,588,853,0,1
flush,miss,7188,2491,11024,13515,56,1
flush,hit,7188,263,555,818,0,1
flush,miss,7189,2515,10815,13330,55,1
flush,hit,7189,266,563,829,0,1
flush,miss,7190,2360,11514,13874,59,1
flush,hit,7190,325,769,1094,0,1
flush,miss,7191,2533,10867,13400,55,1
flush,hit,7191,273,616,889,0,1
flush,miss,7192,2368,10963,13331,56,1
flush,hit,7192,272,551,823,0,1
flush,miss,7193,2566,11671,14237,59,1
flush,hit,7193,260,559,819,0,1
flush,miss,7194,2520,15975,18495,85,1
flush,hit,7194,267,548,815,0,1
flush,miss,7195,2574,11333,13907,58,1
flush,hit,7195,259,562,821,0,1
flush,miss,7196,2374,13041,15415,42,1
flush,hit,7196,262,606,868,0,1
flush,miss,7197,2569,11064,13633,56,1
flush,hit,7197,257,565,822,0,1
flush,miss,7198,2353,11028,13381,56,1
flush,hit,7198,256,542,798,0,1
flush,miss,7199,2541,11023,13564,56,1
flush,hit,7199,253,554,807,0,1
flush,miss,7200,2379,11039,13418,56,1
flush,hit,7200,263,557,820,0,1
flush,miss,7201,2531,13032,15563,47,1
flush,hit,7201,251,560,811,0,1
flush,miss,7202,2516,10862,13378,55,1
flush,hit,7202,261,555,816,0,1
flush,miss,7203,2518,10904,13422,55,1
flush,hit,7203,257,549,806,0,1
flush,miss,7204,2374,10874,13248,55,1
flush,hit,7204,258,549,807,0,1
flush,miss,7205,2564,10894,13458,55,1
flush,hit,7205,254,539,793,0,1
flush,miss,7206,2326,14796,17122,50,1
flush,hit,7206,269,581,850,0,1
flush,miss,7207,2926,11627,14553,59,1
flush,hit,7207,339,822,1161,0,1
flush,miss,7208,2352,11099,13451,56,1
flush,hit,7208,250,576,826,0,1
flush,miss,7209,2560,11231,13791,57,1
flush,hit,7209,266,563,829,0,1
flush,miss,7210,2360,10926,13286,56,1
flush,hit,7210,264,556,820,0,1
flush,miss,7211,2552,10798,13350,55,1
flush,hit,7211,271,557,828,0,1
flush,miss,7212,2342,11018,13360,56,1
flush,hit,7212,334,800,1134,0,1
flush,miss,7213,2614,11647,14261,59,1
flush,hit,7213,267,642,909,0,1
flush,miss,7214,2392,11602,13994,59,1
flush,hit,7214,260,558,818,0,1
flush,miss,7215,2536,10841,13377,55,1
flush,hit,7215,257,570,827,0,1
flush,miss,7216,2339,11600,13939,59,1
flush,hit,7216,266,556,822,0,1
flush,miss,7217,2535,11002,13537,56,1
flush,hit,7217,277,569,846,0,1
flush,miss,7218,2329,15286,17615,49,1
flush,hit,7218,279,626,905,0,1
flush,miss,7219,2883,11424,14307,58,1
flush,hit,7219,312,739,1051,0,1
flush,miss,7220,2326,10882,13208,55,1
flush,hit,7220,262,554,816,0,1
flush,miss,7221,2469,11537,14006,59,1
flush,hit,7221,259,580,839,0,1
flush,miss,7222,2303,11250,13553,58,1
flush,hit,7222,266,562,828,0,1
flush,miss,7223,2588,16448,19036,52,1
flush,hit,7223,266,583,849,0,1
flush,miss,7224,2695,10916,13611,55,1
flush,hit,7224,257,566,823,0,1
flush,miss,7225,2515,11034,13549,56,1
flush,hit,7225,254,566,820,0,1
flush,miss,7226,2431,11056,13487,56,1
flush,hit,7226,258,518,776,0,1
flush,miss,7227,2580,10889,13469,55,1
flush,hit,7227,255,510,765,0,1
flush,miss,7228,2362,11071,13433,56,1
flush,hit,7228,252,528,780,0,1
flush,miss,7229,2889,11064,13953,56,1
flush,hit,7229,339,829,1168,0,1
flush,miss,7230,2399,10865,13264,55,1
flush,hit,7230,257,547,804,0,1
flush,miss,7231,2525,11047,13572,56,1
flush,hit,7231,258,561,819,0,1
flush,miss,7232,2381,10845,13226,55,1
flush,hit,7232,256,525,781,0,1
flush,miss,7233,2523,10918,13441,55,1
flush,hit,7233,255,543,798,0,1
flush,miss,7234,2328,10988,13316,56,1
flush,hit,7234,351,790,1141,0,1
flush,miss,7235,2528,11118,13646,56,1
flush,hit,7235,270,617,887,0,1
flush,miss,7236,2335,11590,13925,59,1
flush,hit,7236,260,543,803,0,1
flush,miss,7237,2650,13817,16467,72,1
flush,hit,7237,257,535,792,0,1
flush,miss,7238,2422,11883,14305,61,1
flush,hit,7238,270,569,839,0,1
flush,miss,7239,2519,11516,14035,59,1
flush,hit,7239,267,588,855,0,1
flush,miss,7240,2309,15795,18104,51,1
flush,hit,7240,279,628,907,0,1
flush,miss,7241,2487,11203,13690,57,1
flush,hit,7241,271,561,832,0,1
flush,miss,7242,2374,11014,13388,56,1
flush,hit,7242,271,560,831,0,1
flush,miss,7243,2540,11494,14034,59,1
flush,hit,7243,258,568,826,0,1
flush,miss,7244,2328,11138,13466,57,1
flush,hit,7244,260,538,798,0,1
flush,miss,7245,2525,13099,15624,48,1
flush,hit,7245,258,571,829,0,1
flush,miss,7246,2608,11089,13697,56,1
flush,hit,7246,271,600,871,0,1
flush,miss,7247,2515,10883,13398,55,1
flush,hit,7247,260,549,809,0,1
flush,miss,7248,2372,11066,13438,56,1
flush,hit,7248,259,538,797,0,1
flush,miss,7249,2521,11148,13669,57,1
flush,hit,7249,258,560,818,0,1
flush,miss,7250,2317,10977,13294,56,1
flush,hit,7250,279,598,877,0,1
flush,miss,7251,2916,11020,13936,55,1
flush,hit,7251,351,867,1218,0,1
flush,miss,7252,2448,11260,13708,57,1
flush,hit,7252,252,572,824,0,1
flush,miss,7253,2549,11075,13624,56,1
flush,hit,7253,257,540,797,0,1
flush,miss,7254,2419,10796,13215,55,1
flush,hit,7254,263,552,815,0,1
flush,miss,7255,2541,11036,13577,56,1
flush,hit,7255,252,554,806,0,1
flush,miss,7256,2343,11346,13689,58,1
flush,hit,7256,318,780,1098,0,1
flush,miss,7257,2588,10859,13447,55,1
flush,hit,7257,266,600,866,0,1
flush,miss,7258,2351,11388,13739,58,1
flush,hit,7258,251,534,785,0,1
flush,miss,7259,2540,10806,13346,55,1
flush,hit,7259,257,557,814,0,1
flush,miss,7260,2352,11201,13553,57,1
flush,hit,7260,257,533,790,0,1
flush,miss,7261,2528,11425,13953,58,1
flush,hit,7261,264,574,838,0,1
flush,miss,7262,2375,13010,15385,42,1
flush,hit,7262,260,585,845,0,1
flush,miss,7263,2485,11369,13854,58,1
flush,hit,7263,259,587,846,0,1
flush,miss,7264,2394,10977,13371,56,1
flush,hit,7264,253,540,793,0,1
flush,miss,7265,2538,11248,13786,57,1
flush,hit,7265,254,540,794,0,1
flush,miss,7266,2383,10971,13354,56,1
flush,hit,7266,267,550,817,0,1
flush,miss,7267,2514,12690,15204,45,1
flush,hit,7267,260,558,818,0,1
flush,miss,7268,2462,11029,13491,56,1
flush,hit,7268,258,554,812,0,1
flush,miss,7269,2990,11834,14824,60,1
flush,hit,7269,316,741,1057,0,1
flush,miss,7270,2374,11905,14279,54,1
flush,hit,7270,256,1419,1675,0,1
flush,miss,7271,2507,11275,13782,57,1
flush,hit,7271,260,552,812,0,1
flush,miss,7272,2290,11117,13407,57,1
flush,hit,7272,259,538,797,0,1
flush,miss,7273,2982,10923,13905,55,1
flush,hit,7273,347,858,1205,0,1
flush,miss,7274,2433,11201,13634,57,1
flush,hit,7274,247,565,812,0,1
flush,miss,7275,2522,11062,13584,56,1
flush,hit,7275,267,563,830,0,1
flush,miss,7276,2379,10820,13199,55,1
flush,hit,7276,259,531,790,0,1
flush,miss,7277,2536,11003,13539,56,1
flush,hit,7277,259,534,793,0,1
flush,miss,7278,2341,11167,13508,57,1
flush,hit,7278,355,811,1166,0,1
flush,miss,7279,2561,11470,14031,58,1
flush,hit,7279,266,601,867,0,1
flush,miss,7280,2353,11571,13924,60,1
flush,hit,7280,264,537,801,0,1
flush,miss,7281,2521,10899,13420,55,1
flush,hit,7281,258,560,818,0,1
flush,miss,7282,7561,11568,19129,59,1
flush,hit,7282,257,540,797,0,1
flush,miss,7283,2519,11061,13580,56,1
flush,hit,7283,264,551,815,0,1
flush,miss,7284,2387,16273,18660,51,1
flush,hit,7284,302,614,916,0,1
flush,miss,7285,2470,11024,13494,56,1
flush,hit,7285,270,549,819,0,1
flush,miss,7286,2367,10953,13320,56,1
flush,hit,7286,263,540,803,0,1
flush,miss,7287,2516,11415,13931,58,1
flush,hit,7287,255,544,799,0,1
flush,miss,7288,2367,11006,13373,56,1
flush,hit,7288,259,546,805,0,1
flush,miss,7289,2513,15115,17628,48,1
flush,hit,7289,254,556,810,0,1
flush,miss,7290,2665,11029,13694,56,1
flush,hit,7290,260,557,817,0,1
flush,miss,7291,2562,11080,13642,56,1
flush,hit,7291,264,561,825,0,1
flush,miss,7292,2365,11218,13583,57,1
flush,hit,7292,259,522,781,0,1
flush,miss,7293,2489,10942,13431,55,1
flush,hit,7293,262,531,793,0,1
flush,miss,7294,2332,10824,13156,55,1
flush,hit,7294,261,528,789,0,1
flush,miss,7295,2851,11048,13899,56,1
flush,hit,7295,333,831,1164,0,1
flush,miss,7296,2387,11063,13450,56,1
flush,hit,7296,271,548,819,0,1
flush,miss,7297,2532,11048,13580,56,1
flush,hit,7297,274,532,806,0,1
flush,miss,7298,2424,10833,13257,55,1
flush,hit,7298,265,526,791,0,1
flush,miss,7299,2524,10898,13422,55,1
flush,hit,7299,263,532,795,0,1
flush,miss,7300,2388,15722,18110,50,1
flush,hit,7300,343,834,1177,0,1
flush,miss,7301,2551,11255,13806,57,1
flush,hit,7301,274,625,899,0,1
flush,miss,7302,2332,11553,13885,59,1
flush,hit,7302,268,548,816,0,1
flush,miss,7303,2531,11058,13589,56,1
flush,hit,7303,261,538,799,0,1
flush,miss,7304,2361,11495,13856,59,1
flush,hit,7304,261,551,812,0,1
flush,miss,7305,2485,11572,14057,59,1
flush,hit,7305,257,570,827,0,1
flush,miss,7306,2337,15070,17407,56,1
flush,hit,7306,280,613,893,0,1
flush,miss,7307,2501,11567,14068,59,1
flush,hit,7307,258,563,821,0,1
flush,miss,7308,2345,10954,13299,56,1
flush,hit,7308,270,531,801,0,1
flush,miss,7309,2522,11334,13856,58,1
flush,hit,7309,257,536,793,0,1
flush,miss,7310,2354,10962,13316,56,1
flush,hit,7310,255,535,790,0,1
flush,miss,7311,2508,13280,15788,42,1
flush,hit,7311,254,539,793,0,1
flush,miss,7312,2651,11034,13685,56,1
flush,hit,7312,269,581,850,0,1
flush,miss,7313,2699,10926,13625,55,1
flush,hit,7313,294,638,932,0,1
flush,miss,7314,2356,11060,13416,56,1
flush,hit,7314,252,541,793,0,1
flush,miss,7315,2520,11068,13588,56,1
flush,hit,7315,267,523,790,0,1
flush,miss,7316,2386,10827,13213,55,1
flush,hit,7316,263,531,794,0,1
flush,miss,7317,2924,10889,13813,55,1
flush,hit,7317,342,819,1161,0,1
flush,miss,7318,2356,11107,13463,56,1
flush,hit,7318,255,542,797,0,1
flush,miss,7319,2542,11048,13590,56,1
flush,hit,7319,260,553,813,0,1
flush,miss,7320,2384,10865,13249,55,1
flush,hit,7320,256,537,793,0,1
flush,miss,7321,2509,10913,13422,55,1
flush,hit,7321,254,536,790,0,1
flush,miss,7322,2304,11412,13716,59,1
flush,hit,7322,332,788,1120,0,1
flush,miss,7323,2561,10956,13517,55,1
flush,hit,7323,264,580,844,0,1
flush,miss,7324,2360,11322,13682,58,1
flush,hit,7324,260,532,792,0,1
flush,miss,7325,2551,10706,13257,54,1
flush,hit,7325,258,533,791,0,1
flush,miss,7326,2328,11223,13551,57,1
flush,hit,7326,263,534,797,0,1
flush,miss,7327,2527,11621,14148,59,1
flush,hit,7327,258,542,800,0,1
flush,miss,7328,2380,15750,18130,50,1
flush,hit,7328,285,599,884,0,1
flush,miss,7329,2543,11383,13926,58,1
flush,hit,7329,253,548,801,0,1
flush,miss,7330,2391,10840,13231,55,1
flush,hit,7330,265,530,795,0,1
flush,miss,7331,5462,13890,19352,72,1
flush,hit,7331,256,552,808,0,1
flush,miss,7332,2475,10147,12622,51,1
flush,hit,7332,258,552,810,0,1
flush,miss,7333,2543,15274,17817,53,1
flush,hit,7333,258,565,823,0,1
flush,miss,7334,2637,11421,14058,58,1
flush,hit,7334,277,603,880,0,1
flush,miss,7335,2641,10989,13630,56,1
flush,hit,7335,263,566,829,0,1
flush,miss,7336,2397,11040,13437,56,1
flush,hit,7336,256,537,793,0,1
flush,miss,7337,2545,11452,13997,58,1
flush,hit,7337,259,542,801,0,1
flush,miss,7338,2366,10906,13272,56,1
flush,hit,7338,257,543,800,0,1
flush,miss,7339,2817,10857,13674,55,1
flush,hit,7339,345,779,1124,0,1
flush,miss,7340,2335,11153,13488,57,1
flush,hit,7340,259,547,806,0,1
flush,miss,7341,2541,11022,13563,56,1
flush,hit,7341,259,550,809,0,1
flush,miss,7342,2363,10845,13208,55,1
flush,hit,7342,269,551,820,0,1
flush,miss,7343,2528,10983,13511,56,1
flush,hit,7343,262,550,812,0,1
flush,miss,7344,2328,11195,13523,57,1
flush,hit,7344,407,951,1358,0,1
flush,miss,7345,2568,11087,13655,56,1
flush,hit,7345,262,590,852,0,1
flush,miss,7346,2390,11078,13468,56,1
flush,hit,7346,261,538,799,0,1
flush,miss,7347,2527,10821,13348,55,1
flush,hit,7347,256,539,795,0,1
flush,miss,7348,2377,11131,13508,57,1
flush,hit,7348,254,528,782,0,1
flush,miss,7349,2509,10958,13467,56,1
flush,hit,7349,258,538,796,0,1
flush,miss,7350,2376,13420,15796,43,1
flush,hit,7350,274,597,871,0,1
flush,miss,7351,2522,11226,13748,57,1
flush,hit,7351,257,556,813,0,1
flush,miss,7352,2403,10852,13255,55,1
flush,hit,7352,256,524,780,0,1
flush,miss,7353,2514,11046,13560,56,1
flush,hit,7353,259,545,804,0,1
flush,miss,7354,2404,10874,13278,55,1
flush,hit,7354,255,530,785,0,1
flush,miss,7355,2491,12701,15192,41,1
flush,hit,7355,255,557,812,0,1
flush,miss,7356,2472,11143,13615,56,1
flush,hit,7356,256,564,820,0,1
flush,miss,7357,2527,10867,13394,55,1
flush,hit,7357,260,532,792,0,1
flush,miss,7358,2388,11052,13440,56,1
flush,hit,7358,250,527,777,0,1
flush,miss,7359,2567,10822,13389,55,1
flush,hit,7359,254,558,812,0,1
flush,miss,7360,2469,10792,13261,55,1
flush,hit,7360,252,524,776,0,1
flush,miss,7361,2883,10904,13787,55,1
flush,hit,7361,341,843,1184,0,1
flush,miss,7362,2377,10998,13375,56,1
flush,hit,7362,272,544,816,0,1
flush,miss,7363,2995,12134,15129,62,1
flush,hit,7363,308,705,1013,0,1
flush,miss,7364,2349,11023,13372,56,1
flush,hit,7364,260,540,800,0,1
flush,miss,7365,2510,11047,13557,56,1
flush,hit,7365,259,553,812,0,1
flush,miss,7366,2365,11525,13890,59,1
flush,hit,7366,349,792,1141,0,1
flush,miss,7367,2617,11240,13857,57,1
flush,hit,7367,265,627,892,0,1
flush,miss,7368,2349,11707,14056,60,1
flush,hit,7368,256,548,804,0,1
flush,miss,7369,2536,10827,13363,55,1
flush,hit,7369,260,548,808,0,1
flush,miss,7370,2311,11512,13823,59,1
flush,hit,7370,264,550,814,0,1
flush,miss,7371,2505,11420,13925,58,1
flush,hit,7371,265,552,817,0,1
flush,miss,7372,2347,15625,17972,49,1
flush,hit,7372,285,1639,1924,0,1
flush,miss,7373,2537,11379,13916,58,1
flush,hit,7373,266,563,829,0,1
flush,miss,7374,2363,11168,13531,57,1
flush,hit,7374,257,536,793,0,1
flush,miss,7375,2547,11538,14085,59,1
flush,hit,7375,257,542,799,0,1
flush,miss,7376,2345,13157,15502,38,1
flush,hit,7376,264,537,801,0,1
flush,miss,7377,2531,15990,18521,50,1
flush,hit,7377,258,528,786,0,1
flush,miss,7378,2662,10910,13572,55,1
flush,hit,7378,266,570,836,0,1
flush,miss,7379,2549,11013,13562,56,1
flush,hit,7379,275,566,841,0,1
flush,miss,7380,2368,10855,13223,55,1
flush,hit,7380,255,517,772,0,1
flush,miss,7381,2517,10821,13338,55,1
flush,hit,7381,253,535,788,0,1
flush,miss,7382,2328,10822,13150,55,1
flush,hit,7382,257,517,774,0,1
flush,miss,7383,2853,11038,13891,56,1
flush,hit,7383,327,805,1132,0,1
flush,miss,7384,2383,11249,13632,57,1
flush,hit,7384,262,551,813,0,1
flush,miss,7385,2643,10845,13488,55,1
flush,hit,7385,258,556,814,0,1
flush,miss,7386,2391,10822,13213,55,1
flush,hit,7386,258,525,783,0,1
flush,miss,7387,2559,10838,13397,55,1
flush,hit,7387,258,533,791,0,1
flush,miss,7388,2364,11365,13729,58,1
flush,hit,7388,350,814,1164,0,1
flush,miss,7389,2609,11000,13609,56,1
flush,hit,7389,268,621,889,0,1
flush,miss,7390,2368,20614,22982,112,1
flush,hit,7390,255,529,784,0,1
flush,miss,7391,2524,11043,13567,56,1
flush,hit,7391,258,555,813,0,1
flush,miss,7392,2351,10954,13305,56,1
flush,hit,7392,269,529,798,0,1
flush,miss,7393,2525,11601,14126,59,1
flush,hit,7393,251,556,807,0,1
flush,miss,7394,2345,37195,39540,44,1
flush,hit,7394,501,1092,1593,0,1
flush,miss,7395,2790,11754,14544,59,1
flush,hit,7395,322,615,937,0,1
flush,miss,7396,2440,11243,13683,57,1
flush,hit,7396,256,553,809,0,1
flush,miss,7397,2570,12037,14607,61,1
flush,hit,7397,280,552,832,0,1
flush,miss,7398,2384,11406,13790,58,1
flush,hit,7398,262,544,806,0,1
flush,miss,7399,3100,11623,14723,58,1
flush,hit,7399,351,915,1266,0,1
flush,miss,7400,2386,11362,13748,58,1
flush,hit,7400,263,582,845,0,1
flush,miss,7401,2539,11356,13895,57,1
flush,hit,7401,258,581,839,0,1
flush,miss,7402,2423,11014,13437,56,1
flush,hit,7402,270,570,840,0,1
flush,miss,7403,2597,11265,13862,57,1
flush,hit,7403,259,582,841,0,1
flush,miss,7404,2411,11137,13548,56,1
flush,hit,7404,332,919,1251,0,1
flush,miss,7405,2669,11490,14159,58,1
flush,hit,7405,278,631,909,0,1
flush,miss,7406,7044,6827,13871,30,1
flush,hit,7406,275,579,854,0,1
flush,miss,7407,2531,11151,13682,56,1
flush,hit,7407,256,554,810,0,1
flush,miss,7408,2359,10894,13253,55,1
flush,hit,7408,271,535,806,0,1
flush,miss,7409,2532,11036,13568,56,1
flush,hit,7409,272,546,818,0,1
flush,miss,7410,2352,15337,17689,55,1
flush,hit,7410,271,635,906,0,1
flush,miss,7411,2524,11318,13842,57,1
flush,hit,7411,262,548,810,0,1
flush,miss,7412,2377,11586,13963,59,1
flush,hit,7412,261,537,798,0,1
flush,miss,7413,2545,10887,13432,55,1
flush,hit,7413,259,557,816,0,1
flush,miss,7414,2326,11415,13741,58,1
flush,hit,7414,258,550,808,0,1
flush,miss,7415,2456,14463,16919,46,1
flush,hit,7415,260,533,793,0,1
flush,miss,7416,2636,11193,13829,57,1
flush,hit,7416,266,572,838,0,1
flush,miss,7417,2832,11390,14222,58,1
flush,hit,7417,261,550,811,0,1
flush,miss,7418,2343,11111,13454,57,1
flush,hit,7418,267,554,821,0,1
flush,miss,7419,2527,11120,13647,56,1
flush,hit,7419,259,547,806,0,1
flush,miss,7420,2449,10947,13396,55,1
flush,hit,7420,263,547,810,0,1
flush,miss,7421,2993,10973,13966,55,1
flush,hit,7421,347,821,1168,0,1
flush,miss,7422,2460,11218,13678,57,1
flush,hit,7422,253,567,820,0,1
flush,miss,7423,3951,11434,15385,58,1
flush,hit,7423,255,567,822,0,1
flush,miss,7424,2379,28398,30777,16,1
flush,hit,7424,309,724,1033,0,1
flush,miss,7425,2564,11329,13893,58,1
flush,hit,7425,258,567,825,0,1
flush,miss,7426,2386,10972,13358,56,1
flush,hit,7426,259,561,820,0,1
flush,miss,7427,3001,11441,14442,58,1
flush,hit,7427,369,844,1213,0,1
flush,miss,7428,2406,11181,13587,57,1
flush,hit,7428,257,568,825,0,1
flush,miss,7429,2491,10935,13426,55,1
flush,hit,7429,258,565,823,0,1
flush,miss,7430,2325,11057,13382,56,1
flush,hit,7430,252,556,808,0,1
flush,miss,7431,2536,10889,13425,55,1
flush,hit,7431,262,569,831,0,1
flush,miss,7432,2334,11561,13895,59,1
flush,hit,7432,333,841,1174,0,1
flush,miss,7433,2574,11403,13977,58,1
flush,hit,7433,283,636,919,0,1
flush,miss,7434,2372,11340,13712,58,1
flush,hit,7434,256,552,808,0,1
flush,miss,7435,2496,11052,13548,56,1
flush,hit,7435,255,556,811,0,1
flush,miss,7436,2341,11302,13643,58,1
flush,hit,7436,271,603,874,0,1
flush,miss,7437,2570,11418,13988,58,1
flush,hit,7437,264,551,815,0,1
flush,miss,7438,2373,15985,18358,50,1
flush,hit,7438,279,608,887,0,1
flush,miss,7439,2498,11068,13566,56,1
flush,hit,7439,258,563,821,0,1
flush,miss,7440,2355,11010,13365,56,1
flush,hit,7440,259,546,805,0,1
flush,miss,7441,2558,10846,13404,55,1
flush,hit,7441,257,546,803,0,1
flush,miss,7442,2389,11121,13510,57,1
flush,hit,7442,258,552,810,0,1
flush,miss,7443,2517,15588,18105,49,1
flush,hit,7443,260,556,816,0,1
flush,miss,7444,2661,11099,13760,56,1
flush,hit,7444,266,561,827,0,1
flush,miss,7445,2512,11264,13776,57,1
flush,hit,7445,254,560,814,0,1
flush,miss,7446,2309,11127,13436,57,1
flush,hit,7446,257,541,798,0,1
flush,miss,7447,2566,11059,13625,56,1
flush,hit,7447,257,554,811,0,1
flush,miss,7448,2363,10811,13174,55,1
flush,hit,7448,257,530,787,0,1
flush,miss,7449,2986,11146,14132,56,1
flush,hit,7449,330,828,1158,0,1
flush,miss,7450,2409,10851,13260,55,1
flush,hit,7450,261,559,820,0,1
flush,miss,7451,2604,11070,13674,56,1
flush,hit,7451,265,560,825,0,1
flush,miss,7452,2437,11012,13449,56,1
flush,hit,7452,263,553,816,0,1
flush,miss,7453,2492,10860,13352,55,1
flush,hit,7453,263,546,809,0,1
flush,miss,7454,2342,11032,13374,56,1
flush,hit,7454,413,919,1332,0,1
flush,miss,7455,2633,11307,13940,57,1
flush,hit,7455,274,648,922,0,1
flush,miss,7456,2386,11519,13905,59,1
flush,hit,7456,260,560,820,0,1
flush,miss,7457,2534,10949,13483,55,1
flush,hit,7457,267,557,824,0,1
flush,miss,7458,2393,11491,13884,59,1
flush,hit,7458,257,560,817,0,1
flush,miss,7459,2533,11595,14128,59,1
flush,hit,7459,265,564,829,0,1
flush,miss,7460,2414,13055,15469,42,1
flush,hit,7460,274,614,888,0,1
flush,miss,7461,2516,11343,13859,58,1
flush,hit,7461,255,574,829,0,1
flush,miss,7462,2348,11020,13368,56,1
flush,hit,7462,264,557,821,0,1
flush,miss,7463,2535,11363,13898,58,1
flush,hit,7463,259,562,821,0,1
flush,miss,7464,2381,11185,13566,57,1
flush,hit,7464,256,553,809,0,1
flush,miss,7465,2573,13032,15605,43,1
flush,hit,7465,254,569,823,0,1
flush,miss,7466,2567,11107,13674,56,1
flush,hit,7466,264,566,830,0,1
flush,miss,7467,2526,15085,17611,49,1
flush,hit,7467,258,557,815,0,1
flush,miss,7468,2578,11036,13614,56,1
flush,hit,7468,257,549,806,0,1
flush,miss,7469,2532,11372,13904,58,1
flush,hit,7469,259,534,793,0,1
flush,miss,7470,2386,11044,13430,56,1
flush,hit,7470,259,531,790,0,1
flush,miss,7471,2859,10962,13821,55,1
flush,hit,7471,346,784,1130,0,1
flush,miss,7472,2446,10883,13329,55,1
flush,hit,7472,264,578,842,0,1
flush,miss,7473,2542,11238,13780,57,1
flush,hit,7473,256,564,820,0,1
flush,miss,7474,2356,11208,13564,57,1
flush,hit,7474,256,559,815,0,1
flush,miss,7475,2527,11105,13632,56,1
flush,hit,7475,260,567,827,0,1
flush,miss,7476,2372,11972,14344,61,1
flush,hit,7476,312,792,1104,0,1
flush,miss,7477,2584,10910,13494,55,1
flush,hit,7477,264,608,872,0,1
flush,miss,7478,2382,11540,13922,59,1
flush,hit,7478,253,568,821,0,1
flush,miss,7479,2561,11032,13593,56,1
flush,hit,7479,260,557,817,0,1
flush,miss,7480,2429,11016,13445,56,1
flush,hit,7480,258,546,804,0,1
flush,miss,7481,2471,11342,13813,58,1
flush,hit,7481,262,547,809,0,1
flush,miss,7482,2383,12761,15144,41,1
flush,hit,7482,259,605,864,0,1
flush,miss,7483,2495,11573,14068,59,1
flush,hit,7483,263,570,833,0,1
flush,miss,7484,2358,11064,13422,56,1
flush,hit,7484,262,545,807,0,1
flush,miss,7485,2523,10863,13386,55,1
flush,hit,7485,252,554,806,0,1
flush,miss,7486,2381,16381,18762,59,1
flush,hit,7486,256,583,839,0,1
flush,miss,7487,2499,16518,19017,59,1
flush,hit,7487,257,555,812,0,1
flush,miss,7488,2572,11769,14341,60,1
flush,hit,7488,269,579,848,0,1
flush,miss,7489,2509,11265,13774,57,1
flush,hit,7489,261,571,832,0,1
flush,miss,7490,2380,11015,13395,56,1
flush,hit,7490,260,563,823,0,1
flush,miss,7491,2554,11018,13572,56,1
flush,hit,7491,258,562,820,0,1
flush,miss,7492,2371,10840,13211,55,1
flush,hit,7492,256,559,815,0,1
flush,miss,7493,2931,11006,13937,56,1
flush,hit,7493,360,851,1211,0,1
flush,miss,7494,2348,11371,13719,58,1
flush,hit,7494,258,577,835,0,1
flush,miss,7495,2554,11047,13601,56,1
flush,hit,7495,255,561,816,0,1
flush,miss,7496,2383,10831,13214,55,1
flush,hit,7496,260,566,826,0,1
flush,miss,7497,2559,10869,13428,55,1
flush,hit,7497,263,575,838,0,1
flush,miss,7498,2368,11136,13504,57,1
flush,hit,7498,348,835,1183,0,1
flush,miss,7499,2725,11049,13774,56,1
flush,hit,7499,295,673,968,0,1
flush,miss,7500,2359,11312,13671,58,1
flush,hit,7500,256,556,812,0,1
flush,miss,7501,2533,10874,13407,55,1
flush,hit,7501,257,561,818,0,1
flush,miss,7502,2358,11143,13501,57,1
flush,hit,7502,262,548,810,0,1
flush,miss,7503,2460,11228,13688,57,1
flush,hit,7503,261,561,822,0,1
flush,miss,7504,2313,16175,18488,51,1
flush,hit,7504,266,625,891,0,1
flush,miss,7505,2489,11041,13530,56,1
flush,hit,7505,255,566,821,0,1
flush,miss,7506,2393,10979,13372,56,1
flush,hit,7506,255,547,802,0,1
flush,miss,7507,2522,11043,13565,56,1
flush,hit,7507,256,549,805,0,1
flush,miss,7508,2335,10845,13180,55,1
flush,hit,7508,258,554,812,0,1
flush,miss,7509,2505,15353,17858,56,1
flush,hit,7509,258,543,801,0,1
flush,miss,7510,2726,11251,13977,57,1
flush,hit,7510,262,560,822,0,1
flush,miss,7511,2573,11105,13678,56,1
flush,hit,7511,254,553,807,0,1
flush,miss,7512,2399,11005,13404,56,1
flush,hit,7512,270,528,798,0,1
flush,miss,7513,2520,11333,13853,58,1
flush,hit,7513,253,548,801,0,1
flush,miss,7514,2383,10875,13258,55,1
flush,hit,7514,256,526,782,0,1
flush,miss,7515,2880,11104,13984,56,1
flush,hit,7515,343,842,1185,0,1
flush,miss,7516,2397,11093,13490,56,1
flush,hit,7516,266,564,830,0,1
flush,miss,7517,2754,11453,14207,58,1
flush,hit,7517,264,3913,4177,0,1
flush,miss,7518,2394,11048,13442,56,1
flush,hit,7518,273,562,835,0,1
flush,miss,7519,2522,10991,13513,56,1
flush,hit,7519,263,568,831,0,1
flush,miss,7520,2340,11700,14040,60,1
flush,hit,7520,337,848,1185,0,1
flush,miss,7521,2539,11252,13791,57,1
flush,hit,7521,264,589,853,0,1
flush,miss,7522,2355,11696,14051,60,1
flush,hit,7522,258,566,824,0,1
flush,miss,7523,2519,11027,13546,56,1
flush,hit,7523,262,570,832,0,1
flush,miss,7524,2354,11528,13882,59,1
flush,hit,7524,259,564,823,0,1
flush,miss,7525,2536,11612,14148,60,1
flush,hit,7525,260,584,844,0,1
flush,miss,7526,2398,13592,15990,49,1
flush,hit,7526,266,599,865,0,1
flush,miss,7527,2553,11549,14102,59,1
flush,hit,7527,264,560,824,0,1
flush,miss,7528,2326,11207,13533,57,1
flush,hit,7528,261,557,818,0,1
flush,miss,7529,2535,11533,14068,59,1
flush,hit,7529,256,576,832,0,1
flush,miss,7530,2368,11027,13395,56,1
flush,hit,7530,273,702,975,0,1
flush,miss,7531,2545,13733,16278,44,1
flush,hit,7531,261,587,848,0,1
flush,miss,7532,2547,11065,13612,56,1
flush,hit,7532,260,566,826,0,1
flush,miss,7533,2516,10994,13510,56,1
flush,hit,7533,258,561,819,0,1
flush,miss,7534,2402,11000,13402,56,1
flush,hit,7534,260,535,795,0,1
flush,miss,7535,2463,11027,13490,56,1
flush,hit,7535,263,544,807,0,1
flush,miss,7536,2337,10870,13207,55,1
flush,hit,7536,255,538,793,0,1
flush,miss,7537,2800,11063,13863,56,1
flush,hit,7537,329,802,1131,0,1
flush,miss,7538,2394,11214,13608,57,1
flush,hit,7538,268,555,823,0,1
flush,miss,7539,2545,11040,13585,56,1
flush,hit,7539,260,559,819,0,1
flush,miss,7540,2388,10891,13279,56,1
flush,hit,7540,254,548,802,0,1
flush,miss,7541,2566,11031,13597,56,1
flush,hit,7541,260,563,823,0,1
flush,miss,7542,2304,11484,13788,59,1
flush,hit,7542,319,801,1120,0,1
flush,miss,7543,2570,11096,13666,56,1
flush,hit,7543,269,589,858,0,1
flush,miss,7544,2404,11222,13626,57,1
flush,hit,7544,257,543,800,0,1
flush,miss,7545,2546,10846,13392,55,1
flush,hit,7545,257,552,809,0,1
flush,miss,7546,2409,11133,13542,57,1
flush,hit,7546,258,545,803,0,1
flush,miss,7547,2576,11052,13628,56,1
flush,hit,7547,263,566,829,0,1
flush,miss,7548,2403,12952,15355,42,1
flush,hit,7548,273,577,850,0,1
flush,miss,7549,3023,12115,15138,62,1
flush,hit,7549,342,735,1077,0,1
flush,miss,7550,2387,11565,13952,59,1
flush,hit,7550,250,564,814,0,1
flush,miss,7551,2512,11554,14066,59,1
flush,hit,7551,254,566,820,0,1
flush,miss,7552,2355,11268,13623,58,1
flush,hit,7552,254,550,804,0,1
flush,miss,7553,2488,16915,19403,60,1
flush,hit,7553,258,589,847,0,1
flush,miss,7554,2667,11464,14131,58,1
flush,hit,7554,261,588,849,0,1
flush,miss,7555,2555,11361,13916,58,1
flush,hit,7555,256,556,812,0,1
flush,miss,7556,2355,11044,13399,56,1
flush,hit,7556,252,564,816,0,1
flush,miss,7557,2528,11203,13731,57,1
flush,hit,7557,256,558,814,0,1
flush,miss,7558,2296,11030,13326,56,1
flush,hit,7558,257,553,810,0,1
flush,miss,7559,2843,11384,14227,58,1
flush,hit,7559,368,845,1213,0,1
flush,miss,7560,2346,11073,13419,56,1
flush,hit,7560,253,571,824,0,1
flush,miss,7561,2530,16052,18582,55,1
flush,hit,7561,266,594,860,0,1
flush,miss,7562,2463,11075,13538,56,1
flush,hit,7562,256,548,804,0,1
flush,miss,7563,2551,11037,13588,56,1
flush,hit,7563,262,556,818,0,1
flush,miss,7564,2332,11414,13746,58,1
flush,hit,7564,336,859,1195,0,1
flush,miss,7565,2547,11015,13562,56,1
flush,hit,7565,261,629,890,0,1
flush,miss,7566,2380,10992,13372,56,1
flush,hit,7566,260,546,806,0,1
flush,miss,7567,2523,10843,13366,55,1
flush,hit,7567,255,553,808,0,1
flush,miss,7568,2352,11193,13545,57,1
flush,hit,7568,257,556,813,0,1
flush,miss,7569,2506,11487,13993,59,1
flush,hit,7569,261,558,819,0,1
flush,miss,7570,2380,15385,17765,49,1
flush,hit,7570,260,600,860,0,1
flush,miss,7571,2521,11210,13731,57,1
flush,hit,7571,258,552,810,0,1
flush,miss,7572,2387,11040,13427,56,1
flush,hit,7572,260,537,797,0,1
flush,miss,7573,2556,11193,13749,57,1
flush,hit,7573,254,554,808,0,1
flush,miss,7574,2355,11032,13387,56,1
flush,hit,7574,252,538,790,0,1
flush,miss,7575,2539,15064,17603,48,1
flush,hit,7575,255,549,804,0,1
flush,miss,7576,2608,11120,13728,56,1
flush,hit,7576,275,582,857,0,1
flush,miss,7577,2641,11101,13742,51,1
flush,hit,7577,255,1907,2162,0,1
flush,miss,7578,2318,11064,13382,56,1
flush,hit,7578,261,548,809,0,1
flush,miss,7579,2512,11013,13525,56,1
flush,hit,7579,255,551,806,0,1
flush,miss,7580,2365,12664,15029,49,1
flush,hit,7580,262,550,812,0,1
flush,miss,7581,2851,11415,14266,58,1
flush,hit,7581,326,856,1182,0,1
flush,miss,7582,2400,11354,13754,58,1
flush,hit,7582,263,581,844,0,1
flush,miss,7583,2549,10976,13525,56,1
flush,hit,7583,270,576,846,0,1
flush,miss,7584,2359,10976,13335,56,1
flush,hit,7584,262,550,812,0,1
flush,miss,7585,2509,10991,13500,56,1
flush,hit,7585,280,580,860,0,1
flush,miss,7586,2354,20697,23051,113,1
flush,hit,7586,325,793,1118,0,1
flush,miss,7587,2546,11396,13942,58,1
flush,hit,7587,270,626,896,0,1
flush,miss,7588,2362,11434,13796,59,1
flush,hit,7588,262,563,825,0,1
flush,miss,7589,2557,11059,13616,56,1
flush,hit,7589,261,571,832,0,1
flush,miss,7590,2395,11366,13761,58,1
flush,hit,7590,261,567,828,0,1
flush,miss,7591,2537,11031,13568,56,1
flush,hit,7591,272,567,839,0,1
flush,miss,7592,2407,12836,15243,41,1
flush,hit,7592,263,4307,4570,0,1
flush,miss,7593,2536,11568,14104,59,1
flush,hit,7593,257,622,879,0,1
flush,miss,7594,2330,11055,13385,56,1
flush,hit,7594,259,539,798,0,1
flush,miss,7595,2519,11370,13889,58,1
flush,hit,7595,257,544,801,0,1
flush,miss,7596,2376,11048,13424,56,1
flush,hit,7596,252,543,795,0,1
flush,miss,7597,2517,13168,15685,42,1
flush,hit,7597,257,551,808,0,1
flush,miss,7598,2519,10874,13393,55,1
flush,hit,7598,271,545,816,0,1
flush,miss,7599,2500,10835,13335,55,1
flush,hit,7599,256,544,800,0,1
flush,miss,7600,2386,11059,13445,56,1
flush,hit,7600,262,626,888,0,1
flush,miss,7601,2617,10825,13442,52,1
flush,hit,7601,291,631,922,0,1
flush,miss,7602,2370,11004,13374,56,1
flush,hit,7602,252,529,781,0,1
flush,miss,7603,2884,10902,13786,55,1
flush,hit,7603,313,778,1091,0,1
flush,miss,7604,2424,11044,13468,56,1
flush,hit,7604,261,554,815,0,1
flush,miss,7605,2513,10851,13364,55,1
flush,hit,7605,261,562,823,0,1
flush,miss,7606,2472,10930,13402,56,1
flush,hit,7606,259,542,801,0,1
flush,miss,7607,2597,10988,13585,56,1
flush,hit,7607,259,551,810,0,1
flush,miss,7608,2416,11052,13468,56,1
flush,hit,7608,325,772,1097,0,1
flush,miss,7609,2598,11001,13599,56,1
flush,hit,7609,261,611,872,0,1
flush,miss,7610,2363,11337,13700,58,1
flush,hit,7610,256,549,805,0,1
flush,miss,7611,3004,14214,17218,73,1
flush,hit,7611,268,4930,5198,0,1
flush,miss,7612,2427,11955,14382,61,1
flush,hit,7612,258,566,824,0,1
flush,miss,7613,2520,11511,14031,59,1
flush,hit,7613,256,554,810,0,1
flush,miss,7614,2401,16411,18812,51,1
flush,hit,7614,262,605,867,0,1
flush,miss,7615,2493,11722,14215,60,1
flush,hit,7615,259,563,822,0,1
flush,miss,7616,2392,10995,13387,56,1
flush,hit,7616,264,549,813,0,1
flush,miss,7617,2509,11323,13832,58,1
flush,hit,7617,257,551,808,0,1
flush,miss,7618,2378,11355,13733,58,1
flush,hit,7618,255,538,793,0,1
flush,miss,7619,2518,15752,18270,56,1
flush,hit,7619,257,555,812,0,1
flush,miss,7620,2576,10869,13445,55,1
flush,hit,7620,258,579,837,0,1
flush,miss,7621,2497,11198,13695,57,1
flush,hit,7621,258,561,819,0,1
flush,miss,7622,2360,11031,13391,56,1
flush,hit,7622,261,542,803,0,1
flush,miss,7623,2543,11222,13765,57,1
flush,hit,7623,257,554,811,0,1
flush,miss,7624,2385,13554,15939,48,1
flush,hit,7624,248,529,777,0,1
flush,miss,7625,2940,11151,14091,56,1
flush,hit,7625,370,859,1229,0,1
flush,miss,7626,2399,10850,13249,55,1
flush,hit,7626,252,569,821,0,1
flush,miss,7627,2506,11043,13549,56,1
flush,hit,7627,258,556,814,0,1
flush,miss,7628,2464,10859,13323,55,1
flush,hit,7628,252,540,792,0,1
flush,miss,7629,2525,10844,13369,55,1
flush,hit,7629,249,547,796,0,1
flush,miss,7630,2327,11583,13910,59,1
flush,hit,7630,318,837,1155,0,1
flush,miss,7631,2588,11041,13629,56,1
flush,hit,7631,260,638,898,0,1
flush,miss,7632,2384,11195,13579,57,1
flush,hit,7632,255,565,820,0,1
flush,miss,7633,2553,10840,13393,55,1
flush,hit,7633,256,562,818,0,1
flush,miss,7634,2342,11173,13515,57,1
flush,hit,7634,258,541,799,0,1
flush,miss,7635,2516,11300,13816,58,1
flush,hit,7635,258,556,814,0,1
flush,miss,7636,2395,15440,17835,48,1
flush,hit,7636,273,630,903,0,1
flush,miss,7637,2509,11008,13517,56,1
flush,hit,7637,259,575,834,0,1
flush,miss,7638,2398,11198,13596,57,1
flush,hit,7638,254,558,812,0,1
flush,miss,7639,2561,11045,13606,56,1
flush,hit,7639,256,563,819,0,1
flush,miss,7640,2379,10972,13351,56,1
flush,hit,7640,247,538,785,0,1
flush,miss,7641,2526,14764,17290,48,1
flush,hit,7641,255,548,803,0,1
flush,miss,7642,2573,10928,13501,55,1
flush,hit,7642,332,725,1057,0,1
flush,miss,7643,2543,11572,14115,59,1
flush,hit,7643,264,566,830,0,1
flush,miss,7644,2324,11367,13691,58,1
flush,hit,7644,262,559,821,0,1
flush,miss,7645,2536,11245,13781,57,1
flush,hit,7645,259,563,822,0,1
flush,miss,7646,2435,11369,13804,58,1
flush,hit,7646,255,556,811,0,1
flush,miss,7647,2852,11408,14260,58,1
flush,hit,7647,327,838,1165,0,1
flush,miss,7648,2392,11406,13798,58,1
flush,hit,7648,268,578,846,0,1
flush,miss,7649,2527,10939,13466,55,1
flush,hit,7649,262,569,831,0,1
flush,miss,7650,2369,10965,13334,56,1
flush,hit,7650,256,547,803,0,1
flush,miss,7651,2588,11107,13695,56,1
flush,hit,7651,259,566,825,0,1
flush,miss,7652,2379,11041,13420,56,1
flush,hit,7652,341,817,1158,0,1
flush,miss,7653,2568,11025,13593,56,1
flush,hit,7653,267,607,874,0,1
flush,miss,7654,2355,10991,13346,56,1
flush,hit,7654,261,562,823,0,1
flush,miss,7655,2754,10913,13667,55,1
flush,hit,7655,306,660,966,0,1
flush,miss,7656,2480,11318,13798,58,1
flush,hit,7656,261,559,820,0,1
flush,miss,7657,2459,11551,14010,59,1
flush,hit,7657,265,552,817,0,1
flush,miss,7658,2380,16745,19125,51,1
flush,hit,7658,273,604,877,0,1
flush,miss,7659,2501,11103,13604,56,1
flush,hit,7659,258,550,808,0,1
flush,miss,7660,2349,11034,13383,56,1
flush,hit,7660,259,551,810,0,1
flush,miss,7661,2483,14925,17408,79,1
flush,hit,7661,264,557,821,0,1
flush,miss,7662,2406,12003,14409,62,1
flush,hit,7662,258,541,799,0,1
flush,miss,7663,2512,15873,18385,57,1
flush,hit,7663,256,550,806,0,1
flush,miss,7664,2584,11052,13636,56,1
flush,hit,7664,258,572,830,0,1
flush,miss,7665,2510,11119,13629,56,1
flush,hit,7665,259,555,814,0,1
flush,miss,7666,2354,11005,13359,56,1
flush,hit,7666,254,540,794,0,1
flush,miss,7667,2536,10835,13371,55,1
flush,hit,7667,255,547,802,0,1
flush,miss,7668,2380,11019,13399,56,1
flush,hit,7668,256,553,809,0,1
flush,miss,7669,2923,11109,14032,56,1
flush,hit,7669,346,844,1190,0,1
flush,miss,7670,2411,11012,13423,56,1
flush,hit,7670,255,565,820,0,1
flush,miss,7671,2576,11088,13664,56,1
flush,hit,7671,256,575,831,0,1
flush,miss,7672,2426,10906,13332,55,1
flush,hit,7672,270,547,817,0,1
flush,miss,7673,2683,12598,15281,65,1
flush,hit,7673,280,613,893,0,1
flush,miss,7674,2360,10606,12966,54,1
flush,hit,7674,355,850,1205,0,1
flush,miss,7675,2565,11395,13960,58,1
flush,hit,7675,265,631,896,0,1
flush,miss,7676,2354,11381,13735,58,1
flush,hit,7676,261,561,822,0,1
flush,miss,7677,2528,11049,13577,56,1
flush,hit,7677,257,578,835,0,1
flush,miss,7678,2358,11299,13657,58,1
flush,hit,7678,259,565,824,0,1
flush,miss,7679,2607,11445,14052,53,1
flush,hit,7679,259,1857,2116,0,1
flush,miss,7680,2306,16182,18488,50,1
flush,hit,7680,293,587,880,0,1
flush,miss,7681,2539,11510,14049,59,1
flush,hit,7681,267,562,829,0,1
flush,miss,7682,2362,10956,13318,56,1
flush,hit,7682,266,544,810,0,1
flush,miss,7683,2565,12050,14615,62,1
flush,hit,7683,261,565,826,0,1
flush,miss,7684,2355,11631,13986,60,1
flush,hit,7684,259,547,806,0,1
flush,miss,7685,2395,18520,20915,39,1
flush,hit,7685,707,560,1267,0,1
flush,miss,7686,2982,17115,20097,92,1
flush,hit,7686,260,982,1242,0,1
flush,miss,7687,2492,12602,15094,65,1
flush,hit,7687,258,560,818,0,1
flush,miss,7688,2514,11537,14051,59,1
flush,hit,7688,261,559,820,0,1
flush,miss,7689,2442,11436,13878,58,1
flush,hit,7689,265,558,823,0,1
flush,miss,7690,2789,12488,15277,64,1
flush,hit,7690,259,537,796,0,1
flush,miss,7691,3190,13119,16309,68,1
flush,hit,7691,334,1131,1465,0,1
flush,miss,7692,2530,11895,14425,61,1
flush,hit,7692,261,664,925,0,1
flush,miss,7693,2545,11246,13791,57,1
flush,hit,7693,262,563,825,0,1
flush,miss,7694,2387,13728,16115,72,1
flush,hit,7694,272,563,835,0,1
flush,miss,7695,2823,12093,14916,61,1
flush,hit,7695,264,563,827,0,1
flush,miss,7696,2355,17638,19993,95,1
flush,hit,7696,307,876,1183,0,1
flush,miss,7697,3228,12541,15769,65,1
flush,hit,7697,498,615,1113,0,1
flush,miss,7698,2661,11146,13807,56,1
flush,hit,7698,263,556,819,0,1
flush,miss,7699,2804,12002,14806,61,1
flush,hit,7699,326,571,897,0,1
flush,miss,7700,2395,11517,13912,59,1
flush,hit,7700,259,848,1107,0,1
flush,miss,7701,2548,22220,24768,94,1
flush,hit,7701,263,559,822,0,1
flush,miss,7702,2831,17099,19930,60,1
flush,hit,7702,264,583,847,0,1
flush,miss,7703,2659,13817,16476,69,1
flush,hit,7703,270,575,845,0,1
flush,miss,7704,2402,12266,14668,63,1
flush,hit,7704,269,566,835,0,1
flush,miss,7705,2615,11827,14442,60,1
flush,hit,7705,257,561,818,0,1
flush,miss,7706,2327,11639,13966,60,1
flush,hit,7706,260,546,806,0,1
flush,miss,7707,2473,15811,18284,56,1
flush,hit,7707,260,564,824,0,1
flush,miss,7708,2674,13385,16059,69,1
flush,hit,7708,288,581,869,0,1
flush,miss,7709,2697,16147,18844,86,1
flush,hit,7709,267,572,839,0,1
flush,miss,7710,4006,16780,20786,90,1
flush,hit,7710,259,561,820,0,1
flush,miss,7711,2797,16615,19412,89,1
flush,hit,7711,259,562,821,0,1
flush,miss,7712,2806,16640,19446,89,1
flush,hit,7712,331,705,1036,0,1
flush,miss,7713,2997,20229,23226,110,1
flush,hit,7713,373,891,1264,0,1
flush,miss,7714,2213,13921,16134,72,1
flush,hit,7714,255,567,822,0,1
flush,miss,7715,2673,16426,19099,88,1
flush,hit,7715,256,563,819,0,1
flush,miss,7716,2682,14070,16752,74,1
flush,hit,7716,260,554,814,0,1
flush,miss,7717,2515,18559,21074,100,1
flush,hit,7717,327,547,874,0,1
flush,miss,7718,2444,17568,20012,95,1
flush,hit,7718,339,794,1133,0,1
flush,miss,7719,3001,16009,19010,85,1
flush,hit,7719,274,666,940,0,1
flush,miss,7720,2186,13904,16090,73,1
flush,hit,7720,268,539,807,0,1
flush,miss,7721,4307,22700,27007,125,1
flush,hit,7721,263,550,813,0,1
flush,miss,7722,2682,15801,18483,84,1
flush,hit,7722,263,544,807,0,1
flush,miss,7723,2683,16740,19423,89,1
flush,hit,7723,260,556,816,0,1
flush,miss,7724,2426,20454,22880,76,1
flush,hit,7724,258,600,858,0,1
flush,miss,7725,2517,23169,25686,105,1
flush,hit,7725,252,556,808,0,1
flush,miss,7726,2422,16509,18931,88,1
flush,hit,7726,266,539,805,0,1
flush,miss,7727,2529,14890,17419,79,1
flush,hit,7727,259,556,815,0,1
flush,miss,7728,2908,15836,18744,84,1
flush,hit,7728,262,542,804,0,1
flush,miss,7729,2549,23876,26425,92,1
flush,hit,7729,269,557,826,0,1
flush,miss,7730,2607,18767,21374,101,1
flush,hit,7730,269,580,849,0,1
flush,miss,7731,2512,16467,18979,88,1
flush,hit,7731,270,574,844,0,1
flush,miss,7732,2335,14486,16821,76,1
flush,hit,7732,262,546,808,0,1
flush,miss,7733,2491,15504,17995,77,1
flush,hit,7733,262,1482,1744,0,1
flush,miss,7734,2674,16058,18732,86,1
flush,hit,7734,258,555,813,0,1
flush,miss,7735,4823,22976,27799,124,1
flush,hit,7735,399,1335,1734,0,1
flush,miss,7736,2468,20664,23132,109,1
flush,hit,7736,264,598,862,0,1
flush,miss,7737,2576,18103,20679,97,1
flush,hit,7737,262,564,826,0,1
flush,miss,7738,2343,18079,20422,98,1
flush,hit,7738,255,553,808,0,1
flush,miss,7739,3902,18841,22743,102,1
flush,hit,7739,264,584,848,0,1
flush,miss,7740,2346,23227,25573,128,1
flush,hit,7740,407,791,1198,0,1
flush,miss,7741,2949,17560,20509,94,1
flush,hit,7741,268,987,1255,0,1
flush,miss,7742,2816,18935,21751,99,1
flush,hit,7742,263,564,827,0,1
flush,miss,7743,2965,15959,18924,85,1
flush,hit,7743,264,572,836,0,1
flush,miss,7744,2752,16695,19447,88,1
flush,hit,7744,261,569,830,0,1
flush,miss,7745,2795,25154,27949,139,1
flush,hit,7745,266,560,826,0,1
flush,miss,7746,2823,20623,23446,83,1
flush,hit,7746,264,618,882,0,1
flush,miss,7747,4255,38785,43040,219,1
flush,hit,7747,328,2080,2408,0,1
flush,miss,7748,2756,21109,23865,116,1
flush,hit,7748,277,561,838,0,1
flush,miss,7749,2789,16621,19410,87,1
flush,hit,7749,258,790,1048,0,1
flush,miss,7750,2391,11443,13834,59,1
flush,hit,7750,252,1476,1728,0,1
flush,miss,7751,2374,16681,19055,59,1
flush,hit,7751,252,566,818,0,1
flush,miss,7752,2774,11568,14342,59,1
flush,hit,7752,270,602,872,0,1
flush,miss,7753,3108,12513,15621,63,1
flush,hit,7753,267,569,836,0,1
flush,miss,7754,2727,14515,17242,69,1
flush,hit,7754,272,578,850,0,1
flush,miss,7755,2521,12188,14709,61,1
flush,hit,7755,261,558,819,0,1
flush,miss,7756,2454,13373,15827,70,1
flush,hit,7756,302,608,910,0,1
flush,miss,7757,2938,13066,16004,66,1
flush,hit,7757,355,1133,1488,0,1
flush,miss,7758,2534,11802,14336,60,1
flush,hit,7758,252,570,822,0,1
flush,miss,7759,2520,13610,16130,71,1
flush,hit,7759,265,579,844,0,1
flush,miss,7760,2360,11035,13395,56,1
flush,hit,7760,257,552,809,0,1
flush,miss,7761,3406,11142,14548,56,1
flush,hit,7761,261,906,1167,0,1
flush,miss,7762,2753,19955,22708,107,1
flush,hit,7762,329,871,1200,0,1
flush,miss,7763,2568,12855,15423,65,1
flush,hit,7763,268,645,913,0,1
flush,miss,7764,2440,12704,15144,66,1
flush,hit,7764,256,682,938,0,1
flush,miss,7765,2614,12352,14966,64,1
flush,hit,7765,258,565,823,0,1
flush,miss,7766,2375,16854,19229,90,1
flush,hit,7766,768,740,1508,0,1
flush,miss,7767,2540,27102,29642,151,1
flush,hit,7767,263,610,873,0,1
flush,miss,7768,3266,27360,30626,122,1
flush,hit,7768,264,632,896,0,1
flush,miss,7769,2532,16958,19490,91,1
flush,hit,7769,265,564,829,0,1
flush,miss,7770,2334,13670,16004,72,1
flush,hit,7770,262,528,790,0,1
flush,miss,7771,3141,25865,29006,140,1
flush,hit,7771,296,963,1259,0,1
flush,miss,7772,2189,14203,16392,75,1
flush,hit,7772,261,557,818,0,1
flush,miss,7773,2545,23578,26123,93,1
flush,hit,7773,253,570,823,0,1
flush,miss,7774,3696,17479,21175,94,1
flush,hit,7774,270,602,872,0,1
flush,miss,7775,3967,18983,22950,103,1
flush,hit,7775,262,587,849,0,1
flush,miss,7776,2292,13062,15354,68,1
flush,hit,7776,257,540,797,0,1
flush,miss,7777,2486,19720,22206,107,1
flush,hit,7777,266,556,822,0,1
flush,miss,7778,2293,13525,15818,71,1
flush,hit,7778,251,533,784,0,1
flush,miss,7779,3111,17569,20680,94,1
flush,hit,7779,336,815,1151,0,1
flush,miss,7780,2344,16524,18868,52,1
flush,hit,7780,269,568,837,0,1
flush,miss,7781,2630,19642,22272,103,1
flush,hit,7781,273,571,844,0,1
flush,miss,7782,2337,14711,17048,62,1
flush,hit,7782,257,2352,2609,0,1
flush,miss,7783,2712,17542,20254,92,1
flush,hit,7783,265,571,836,0,1
flush,miss,7784,2488,14911,17399,79,1
flush,hit,7784,325,1039,1364,0,1
flush,miss,7785,2738,18757,21495,100,1
flush,hit,7785,266,774,1040,0,1
flush,miss,7786,2734,14952,17686,79,1
flush,hit,7786,263,560,823,0,1
flush,miss,7787,3256,19601,22857,106,1
flush,hit,7787,262,563,825,0,1
flush,miss,7788,4268,23795,28063,126,1
flush,hit,7788,268,949,1217,0,1
flush,miss,7789,2573,14372,16945,76,1
flush,hit,7789,320,567,887,0,1
flush,miss,7790,2373,15897,18270,59,1
flush,hit,7790,263,729,992,0,1
flush,miss,7791,2464,17033,19497,91,1
flush,hit,7791,267,649,916,0,1
flush,miss,7792,2550,13559,16109,71,1
flush,hit,7792,262,535,797,0,1
flush,miss,7793,3012,22560,25572,123,1
flush,hit,7793,311,709,1020,0,1
flush,miss,7794,2636,17033,19669,91,1
flush,hit,7794,259,572,831,0,1
flush,miss,7795,2486,19404,21890,69,1
flush,hit,7795,260,592,852,0,1
flush,miss,7796,2499,14433,16932,76,1
flush,hit,7796,266,582,848,0,1
flush,miss,7797,2550,14856,17406,78,1
flush,hit,7797,260,646,906,0,1
flush,miss,7798,2532,14543,17075,77,1
flush,hit,7798,252,553,805,0,1
flush,miss,7799,2539,14484,17023,76,1
flush,hit,7799,252,566,818,0,1
flush,miss,7800,2380,14079,16459,74,1
flush,hit,7800,249,722,971,0,1
flush,miss,7801,3015,21960,24975,119,1
flush,hit,7801,347,835,1182,0,1
flush,miss,7802,2424,25299,27723,140,1
flush,hit,7802,249,580,829,0,1
flush,miss,7803,2782,10790,13572,54,1
flush,hit,7803,289,728,1017,0,1
flush,miss,7804,2402,11264,13666,57,1
flush,hit,7804,268,573,841,0,1
flush,miss,7805,2491,11004,13495,56,1
flush,hit,7805,259,554,813,0,1
flush,miss,7806,2303,11813,14116,61,1
flush,hit,7806,359,802,1161,0,1
flush,miss,7807,2623,11147,13770,57,1
flush,hit,7807,275,623,898,0,1
flush,miss,7808,2374,11486,13860,59,1
flush,hit,7808,256,554,810,0,1
flush,miss,7809,2487,10970,13457,56,1
flush,hit,7809,254,555,809,0,1
flush,miss,7810,2353,11065,13418,56,1
flush,hit,7810,258,552,810,0,1
flush,miss,7811,2485,11391,13876,58,1
flush,hit,7811,258,555,813,0,1
flush,miss,7812,2380,15868,18248,57,1
flush,hit,7812,271,592,863,0,1
flush,miss,7813,2499,12259,14758,63,1
flush,hit,7813,262,583,845,0,1
flush,miss,7814,2192,15584,17776,83,1
flush,hit,7814,256,538,794,0,1
flush,miss,7815,2565,11023,13588,56,1
flush,hit,7815,252,562,814,0,1
flush,miss,7816,2363,10408,12771,52,1
flush,hit,7816,256,542,798,0,1
flush,miss,7817,2501,14993,17494,54,1
flush,hit,7817,252,551,803,0,1
flush,miss,7818,2619,10910,13529,55,1
flush,hit,7818,264,547,811,0,1
flush,miss,7819,2513,11075,13588,56,1
flush,hit,7819,256,546,802,0,1
flush,miss,7820,2379,10996,13375,56,1
flush,hit,7820,260,535,795,0,1
flush,miss,7821,2537,27719,30256,154,1
flush,hit,7821,299,621,920,0,1
flush,miss,7822,2097,9486,11583,47,1
flush,hit,7822,258,624,882,0,1
flush,miss,7823,2895,11772,14667,60,1
flush,hit,7823,343,905,1248,0,1
flush,miss,7824,2329,11688,14017,60,1
flush,hit,7824,260,566,826,0,1
flush,miss,7825,2472,10350,12822,52,1
flush,hit,7825,261,565,826,0,1
flush,miss,7826,2277,10605,12882,54,1
flush,hit,7826,259,552,811,0,1
flush,miss,7827,2358,10396,12754,52,1
flush,hit,7827,259,558,817,0,1
flush,miss,7828,2424,10973,13397,56,1
flush,hit,7828,328,841,1169,0,1
flush,miss,7829,2518,11402,13920,58,1
flush,hit,7829,272,638,910,0,1
flush,miss,7830,2282,11475,13757,59,1
flush,hit,7830,253,562,815,0,1
flush,miss,7831,2532,10202,12734,51,1
flush,hit,7831,257,567,824,0,1
flush,miss,7832,2301,12011,14312,62,1
flush,hit,7832,262,560,822,0,1
flush,miss,7833,2528,10972,13500,25,1
flush,hit,7833,256,558,814,0,1
flush,miss,7834,2415,13145,15560,41,1
flush,hit,7834,271,574,845,0,1
flush,miss,7835,2467,11408,13875,58,1
flush,hit,7835,258,560,818,0,1
flush,miss,7836,2339,11408,13747,58,1
flush,hit,7836,263,549,812,0,1
flush,miss,7837,2495,12731,15226,66,1
flush,hit,7837,262,543,805,0,1
flush,miss,7838,2130,12351,14481,64,1
flush,hit,7838,256,545,801,0,1
flush,miss,7839,2481,13310,15791,42,1
flush,hit,7839,253,548,801,0,1
flush,miss,7840,2555,11373,13928,58,1
flush,hit,7840,271,549,820,0,1
flush,miss,7841,2464,10353,12817,52,1
flush,hit,7841,258,547,805,0,1
flush,miss,7842,2337,11124,13461,57,1
flush,hit,7842,254,540,794,0,1
flush,miss,7843,2345,12449,14794,64,1
flush,hit,7843,260,554,814,0,1
flush,miss,7844,2227,10358,12585,52,1
flush,hit,7844,253,547,800,0,1
flush,miss,7845,2871,10371,13242,52,1
flush,hit,7845,327,774,1101,0,1
flush,miss,7846,2350,10499,12849,53,1
flush,hit,7846,247,561,808,0,1
flush,miss,7847,2523,10341,12864,52,1
flush,hit,7847,251,554,805,0,1
flush,miss,7848,2346,9628,11974,48,1
flush,hit,7848,254,552,806,0,1
flush,miss,7849,2331,10499,12830,53,1
flush,hit,7849,257,566,823,0,1
flush,miss,7850,2405,11039,13444,56,1
flush,hit,7850,302,806,1108,0,1
flush,miss,7851,2519,10363,12882,52,1
flush,hit,7851,258,603,861,0,1
flush,miss,7852,2355,11390,13745,58,1
flush,hit,7852,369,674,1043,0,1
flush,miss,7853,2440,10368,12808,52,1
flush,hit,7853,259,594,853,0,1
flush,miss,7854,2301,13825,16126,73,1
flush,hit,7854,261,570,831,0,1
flush,miss,7855,2551,10520,13071,53,1
flush,hit,7855,265,558,823,0,1
flush,miss,7856,2380,15582,17962,46,1
flush,hit,7856,275,633,908,0,1
flush,miss,7857,2489,11563,14052,59,1
flush,hit,7857,271,579,850,0,1
flush,miss,7858,2308,11147,13455,57,1
flush,hit,7858,259,544,803,0,1
flush,miss,7859,2482,13587,16069,71,1
flush,hit,7859,260,547,807,0,1
flush,miss,7860,2178,12348,14526,64,1
flush,hit,7860,260,550,810,0,1
flush,miss,7861,2566,15237,17803,46,1
flush,hit,7861,259,547,806,0,1
flush,miss,7862,2657,11406,14063,58,1
flush,hit,7862,261,591,852,0,1
flush,miss,7863,2449,11546,13995,59,1
flush,hit,7863,259,559,818,0,1
flush,miss,7864,2382,10297,12679,52,1
flush,hit,7864,260,547,807,0,1
flush,miss,7865,2536,12091,14627,62,1
flush,hit,7865,289,646,935,0,1
flush,miss,7866,2205,11906,14111,61,1
flush,hit,7866,255,535,790,0,1
flush,miss,7867,2930,11322,14252,57,1
flush,hit,7867,367,860,1227,0,1
flush,miss,7868,2317,10225,12542,51,1
flush,hit,7868,266,563,829,0,1
flush,miss,7869,2532,10238,12770,51,1
flush,hit,7869,259,551,810,0,1
flush,miss,7870,2370,9422,11792,47,1
flush,hit,7870,266,543,809,0,1
flush,miss,7871,2366,11239,13605,57,1
flush,hit,7871,259,566,825,0,1
flush,miss,7872,2327,10492,12819,53,1
flush,hit,7872,315,830,1145,0,1
flush,miss,7873,2536,10419,12955,52,1
flush,hit,7873,269,611,880,0,1
flush,miss,7874,2303,11560,13863,59,1
flush,hit,7874,259,566,825,0,1
flush,miss,7875,2522,10108,12630,51,1
flush,hit,7875,260,560,820,0,1
flush,miss,7876,2320,11715,14035,60,1
flush,hit,7876,268,574,842,0,1
flush,miss,7877,2502,11418,13920,58,1
flush,hit,7877,274,563,837,0,1
flush,miss,7878,2333,15650,17983,47,1
flush,hit,7878,273,613,886,0,1
flush,miss,7879,2521,11383,13904,58,1
flush,hit,7879,268,555,823,0,1
flush,miss,7880,2342,10470,12812,53,1
flush,hit,7880,259,538,797,0,1
flush,miss,7881,2461,12535,14996,65,1
flush,hit,7881,262,552,814,0,1
flush,miss,7882,2201,11850,14051,61,1
flush,hit,7882,277,538,815,0,1
flush,miss,7883,2487,18676,21163,48,1
flush,hit,7883,258,544,802,0,1
flush,miss,7884,2822,11725,14547,52,1
flush,hit,7884,263,1548,1811,0,1
flush,miss,7885,2488,10396,12884,52,1
flush,hit,7885,260,565,825,0,1
flush,miss,7886,2331,11173,13504,57,1
flush,hit,7886,267,551,818,0,1
flush,miss,7887,2432,12463,14895,65,1
flush,hit,7887,254,557,811,0,1
flush,miss,7888,2177,10322,12499,52,1
flush,hit,7888,258,551,809,0,1
flush,miss,7889,2910,11419,14329,58,1
flush,hit,7889,317,800,1117,0,1
flush,miss,7890,2333,11363,13696,58,1
flush,hit,7890,250,642,892,0,1
flush,miss,7891,2474,10556,13030,53,1
flush,hit,7891,266,573,839,0,1
flush,miss,7892,2397,10515,12912,53,1
flush,hit,7892,259,556,815,0,1
flush,miss,7893,2366,10344,12710,52,1
flush,hit,7893,261,567,828,0,1
flush,miss,7894,2356,19585,21941,106,1
flush,hit,7894,319,801,1120,0,1
flush,miss,7895,2540,11958,14498,61,1
flush,hit,7895,263,617,880,0,1
flush,miss,7896,2341,14293,16634,52,1
flush,hit,7896,266,576,842,0,1
flush,miss,7897,2508,11569,14077,59,1
flush,hit,7897,266,551,817,0,1
flush,miss,7898,2350,13370,15720,70,1
flush,hit,7898,258,552,810,0,1
flush,miss,7899,2571,10178,12749,51,1
flush,hit,7899,254,570,824,0,1
flush,miss,7900,2377,12410,14787,38,1
flush,hit,7900,286,561,847,0,1
flush,miss,7901,2468,11558,14026,59,1
flush,hit,7901,261,560,821,0,1
flush,miss,7902,2327,10313,12640,52,1
flush,hit,7902,256,553,809,0,1
flush,miss,7903,2475,12678,15153,66,1
flush,hit,7903,257,562,819,0,1
flush,miss,7904,2194,11930,14124,62,1
flush,hit,7904,255,541,796,0,1
flush,miss,7905,3950,13468,17418,48,1
flush,hit,7905,252,539,791,0,1
flush,miss,7906,2560,11183,13743,57,1
flush,hit,7906,262,532,794,0,1
flush,miss,7907,2486,10178,12664,51,1
flush,hit,7907,257,537,794,0,1
flush,miss,7908,2340,10118,12458,51,1
flush,hit,7908,257,525,782,0,1
flush,miss,7909,2358,11894,14252,61,1
flush,hit,7909,256,552,808,0,1
flush,miss,7910,2190,10270,12460,52,1
flush,hit,7910,258,531,789,0,1
flush,miss,7911,2857,10194,13051,51,1
flush,hit,7911,319,825,1144,0,1
flush,miss,7912,2373,11667,14040,60,1
flush,hit,7912,256,559,815,0,1
flush,miss,7913,2533,10152,12685,51,1
flush,hit,7913,259,552,811,0,1
flush,miss,7914,2345,11489,13834,59,1
flush,hit,7914,307,738,1045,0,1
flush,miss,7915,2384,11381,13765,58,1
flush,hit,7915,261,579,840,0,1
flush,miss,7916,2320,11281,13601,58,1
flush,hit,7916,311,862,1173,0,1
flush,miss,7917,2570,11120,13690,56,1
flush,hit,7917,266,610,876,0,1
flush,miss,7918,2341,11326,13667,58,1
flush,hit,7918,258,563,821,0,1
flush,miss,7919,2542,11061,13603,56,1
flush,hit,7919,261,553,814,0,1
flush,miss,7920,2333,12667,15000,66,1
flush,hit,7920,257,549,806,0,1
flush,miss,7921,2541,10053,12594,50,1
flush,hit,7921,260,564,824,0,1
flush,miss,7922,2359,14450,16809,43,1
flush,hit,7922,272,607,879,0,1
flush,miss,7923,2505,11422,13927,58,1
flush,hit,7923,268,569,837,0,1
flush,miss,7924,2324,10102,12426,51,1
flush,hit,7924,258,556,814,0,1
flush,miss,7925,2527,13379,15906,70,1
flush,hit,7925,257,562,819,0,1
flush,miss,7926,2169,12571,14740,65,1
flush,hit,7926,258,556,814,0,1
flush,miss,7927,2545,16917,19462,37,1
flush,hit,7927,254,563,817,0,1
flush,miss,7928,2873,11227,14100,57,1
flush,hit,7928,247,548,795,0,1
flush,miss,7929,2498,11410,13908,58,1
flush,hit,7929,255,560,815,0,1
flush,miss,7930,2345,10179,12524,51,1
flush,hit,7930,252,558,810,0,1
flush,miss,7931,2307,12369,14676,64,1
flush,hit,7931,254,546,800,0,1
flush,miss,7932,2188,10310,12498,52,1
flush,hit,7932,254,549,803,0,1
flush,miss,7933,2940,10218,13158,51,1
flush,hit,7933,320,848,1168,0,1
flush,miss,7934,2342,10291,12633,52,1
flush,hit,7934,255,564,819,0,1
flush,miss,7935,2518,11171,13689,57,1
flush,hit,7935,261,545,806,0,1
flush,miss,7936,2371,9986,12357,50,1
flush,hit,7936,256,535,791,0,1
flush,miss,7937,2345,10253,12598,51,1
flush,hit,7937,256,562,818,0,1
flush,miss,7938,2332,10316,12648,52,1
flush,hit,7938,319,838,1157,0,1
flush,miss,7939,2489,11726,14215,60,1
flush,hit,7939,263,602,865,0,1
flush,miss,7940,2305,11273,13578,58,1
flush,hit,7940,260,568,828,0,1
flush,miss,7941,2650,10582,13232,53,1
flush,hit,7941,263,561,824,0,1
flush,miss,7942,2239,12531,14770,64,1
flush,hit,7942,265,559,824,0,1
flush,miss,7943,2493,11246,13739,57,1
flush,hit,7943,259,678,937,0,1
flush,miss,7944,2370,16102,18472,49,1
flush,hit,7944,261,622,883,0,1
flush,miss,7945,2483,17952,20435,78,1
flush,hit,7945,268,561,829,0,1
flush,miss,7946,2437,11870,14307,61,1
flush,hit,7946,253,548,801,0,1
flush,miss,7947,2516,12021,14537,62,1
flush,hit,7947,259,556,815,0,1
flush,miss,7948,2370,11478,13848,59,1
flush,hit,7948,255,548,803,0,1
flush,miss,7949,2504,15627,18131,58,1
flush,hit,7949,250,549,799,0,1
flush,miss,7950,2504,11371,13875,58,1
flush,hit,7950,269,551,820,0,1
flush,miss,7951,2536,11154,13690,57,1
flush,hit,7951,255,551,806,0,1
flush,miss,7952,2366,10952,13318,56,1
flush,hit,7952,254,543,797,0,1
flush,miss,7953,2466,11166,13632,57,1
flush,hit,7953,259,551,810,0,1
flush,miss,7954,2305,10936,13241,56,1
flush,hit,7954,255,544,799,0,1
flush,miss,7955,2857,11218,14075,57,1
flush,hit,7955,332,815,1147,0,1
flush,miss,7956,2432,11282,13714,58,1
flush,hit,7956,256,548,804,0,1
flush,miss,7957,2503,11224,13727,57,1
flush,hit,7957,266,569,835,0,1
flush,miss,7958,2362,11213,13575,57,1
flush,hit,7958,296,711,1007,0,1
flush,miss,7959,2549,11143,13692,56,1
flush,hit,7959,259,598,857,0,1
flush,miss,7960,2382,11516,13898,59,1
flush,hit,7960,323,817,1140,0,1
flush,miss,7961,2547,11215,13762,57,1
flush,hit,7961,262,597,859,0,1
flush,miss,7962,2358,11194,13552,57,1
flush,hit,7962,256,557,813,0,1
flush,miss,7963,2521,10999,13520,56,1
flush,hit,7963,253,561,814,0,1
flush,miss,7964,2373,11346,13719,58,1
flush,hit,7964,256,542,798,0,1
flush,miss,7965,2520,11631,14151,59,1
flush,hit,7965,248,556,804,0,1
flush,miss,7966,2396,13184,15580,43,1
flush,hit,7966,289,562,851,0,1
flush,miss,7967,2497,11261,13758,57,1
flush,hit,7967,251,565,816,0,1
flush,miss,7968,2353,11006,13359,56,1
flush,hit,7968,250,537,787,0,1
flush,miss,7969,2552,11173,13725,57,1
flush,hit,7969,249,553,802,0,1
flush,miss,7970,2372,10965,13337,56,1
flush,hit,7970,257,527,784,0,1
flush,miss,7971,2552,12955,15507,42,1
flush,hit,7971,256,546,802,0,1
flush,miss,7972,2548,11010,13558,56,1
flush,hit,7972,257,548,805,0,1
flush,miss,7973,2546,11367,13913,58,1
flush,hit,7973,260,562,822,0,1
flush,miss,7974,2350,10810,13160,55,1
flush,hit,7974,258,527,785,0,1
flush,miss,7975,2521,10937,13458,55,1
flush,hit,7975,249,528,777,0,1
flush,miss,7976,2352,10970,13322,56,1
flush,hit,7976,254,535,789,0,1
flush,miss,7977,3104,11783,14887,60,1
flush,hit,7977,379,877,1256,0,1
flush,miss,7978,2427,11141,13568,57,1
flush,hit,7978,257,585,842,0,1
flush,miss,7979,2573,11228,13801,57,1
flush,hit,7979,264,601,865,0,1
flush,miss,7980,2348,11724,14072,60,1
flush,hit,7980,271,578,849,0,1
flush,miss,7981,2512,11244,13756,57,1
flush,hit,7981,273,565,838,0,1
flush,miss,7982,2392,11223,13615,57,1
flush,hit,7982,340,841,1181,0,1
flush,miss,7983,2574,11280,13854,57,1
flush,hit,7983,266,624,890,0,1
flush,miss,7984,2393,11005,13398,56,1
flush,hit,7984,258,577,835,0,1
flush,miss,7985,2523,11065,13588,56,1
flush,hit,7985,257,572,829,0,1
flush,miss,7986,2393,11370,13763,58,1
flush,hit,7986,266,593,859,0,1
flush,miss,7987,2569,11079,13648,56,1
flush,hit,7987,275,591,866,0,1
flush,miss,7988,2401,14152,16553,46,1
flush,hit,7988,268,587,855,0,1
flush,miss,7989,2524,11100,13624,56,1
flush,hit,7989,262,585,847,0,1
flush,miss,7990,2362,10931,13293,25,1
flush,hit,7990,262,555,817,0,1
flush,miss,7991,2580,11400,13980,58,1
flush,hit,7991,259,563,822,0,1
flush,miss,7992,2364,11125,13489,57,1
flush,hit,7992,253,548,801,0,1
flush,miss,7993,2505,13592,16097,44,1
flush,hit,7993,256,569,825,0,1
flush,miss,7994,2494,11039,13533,56,1
flush,hit,7994,268,565,833,0,1
flush,miss,7995,2531,11261,13792,57,1
flush,hit,7995,253,547,800,0,1
flush,miss,7996,2391,11019,13410,56,1
flush,hit,7996,253,533,786,0,1
flush,miss,7997,2508,11059,13567,56,1
flush,hit,7997,253,530,783,0,1
flush,miss,7998,2392,11035,13427,56,1
flush,hit,7998,261,534,795,0,1
flush,miss,7999,2854,11096,13950,56,1
flush,hit,7999,331,816,1147,0,1
flush,miss,8000,2448,11171,13619,57,1
flush,hit,8000,262,556,818,0,1
flush,miss,8001,2526,11153,13679,57,1
flush,hit,8001,255,546,801,0,1
flush,miss,8002,2389,11087,13476,56,1
flush,hit,8002,262,546,808,0,1
flush,miss,8003,2526,10833,13359,55,1
flush,hit,8003,266,555,821,0,1
flush,miss,8004,2353,11387,13740,58,1
flush,hit,8004,332,801,1133,0,1
flush,miss,8005,2536,11027,13563,56,1
flush,hit,8005,271,613,884,0,1
flush,miss,8006,2381,11076,13457,56,1
flush,hit,8006,262,552,814,0,1
flush,miss,8007,2594,10995,13589,56,1
flush,hit,8007,262,554,816,0,1
flush,miss,8008,2436,11149,13585,57,1
flush,hit,8008,327,723,1050,0,1
flush,miss,8009,2592,20737,23329,113,1
flush,hit,8009,269,593,862,0,1
flush,miss,8010,4042,14832,18874,51,1
flush,hit,8010,290,591,881,0,1
flush,miss,8011,2528,11088,13616,56,1
flush,hit,8011,265,587,852,0,1
flush,miss,8012,2407,11321,13728,58,1
flush,hit,8012,250,557,807,0,1
flush,miss,8013,2562,11727,14289,60,1
flush,hit,8013,260,558,818,0,1
flush,miss,8014,2359,11298,13657,58,1
flush,hit,8014,253,573,826,0,1
flush,miss,8015,2497,16029,18526,57,1
flush,hit,8015,249,578,827,0,1
flush,miss,8016,2607,11329,13936,58,1
flush,hit,8016,263,577,840,0,1
flush,miss,8017,2542,11205,13747,57,1
flush,hit,8017,251,571,822,0,1
flush,miss,8018,2383,10976,13359,56,1
flush,hit,8018,256,572,828,0,1
flush,miss,8019,2482,11254,13736,57,1
flush,hit,8019,252,570,822,0,1
flush,miss,8020,2350,11013,13363,56,1
flush,hit,8020,256,554,810,0,1
flush,miss,8021,3067,11133,14200,56,1
flush,hit,8021,374,903,1277,0,1
flush,miss,8022,2439,11147,13586,57,1
flush,hit,8022,253,562,815,0,1
flush,miss,8023,2568,11049,13617,56,1
flush,hit,8023,258,581,839,0,1
flush,miss,8024,2385,10838,13223,55,1
flush,hit,8024,256,547,803,0,1
flush,miss,8025,2485,10951,13436,55,1
flush,hit,8025,254,558,812,0,1
flush,miss,8026,2417,11131,13548,57,1
flush,hit,8026,340,847,1187,0,1
flush,miss,8027,2589,11007,13596,56,1
flush,hit,8027,269,593,862,0,1
flush,miss,8028,2459,10984,13443,56,1
flush,hit,8028,265,552,817,0,1
flush,miss,8029,2524,10924,13448,55,1
flush,hit,8029,264,554,818,0,1
flush,miss,8030,2360,11560,13920,59,1
flush,hit,8030,264,557,821,0,1
flush,miss,8031,2554,11071,13625,56,1
flush,hit,8031,268,572,840,0,1
flush,miss,8032,2379,15299,17678,49,1
flush,hit,8032,267,591,858,0,1
flush,miss,8033,2549,11121,13670,56,1
flush,hit,8033,257,556,813,0,1
flush,miss,8034,2353,10996,13349,56,1
flush,hit,8034,257,527,784,0,1
flush,miss,8035,2537,11042,13579,56,1
flush,hit,8035,252,539,791,0,1
flush,miss,8036,2358,11066,13424,56,1
flush,hit,8036,253,551,804,0,1
flush,miss,8037,2506,14764,17270,48,1
flush,hit,8037,259,538,797,0,1
flush,miss,8038,2613,10814,13427,55,1
flush,hit,8038,262,548,810,0,1
flush,miss,8039,2568,14181,16749,44,1
flush,hit,8039,261,540,801,0,1
flush,miss,8040,2997,11447,14444,57,1
flush,hit,8040,264,1061,1325,0,1
flush,miss,8041,2517,12888,15405,67,1
flush,hit,8041,260,551,811,0,1
flush,miss,8042,2302,10958,13260,56,1
flush,hit,8042,257,555,812,0,1
flush,miss,8043,2844,11970,14814,60,1
flush,hit,8043,340,854,1194,0,1
flush,miss,8044,2677,11216,13893,57,1
flush,hit,8044,259,947,1206,0,1
flush,miss,8045,2718,11480,14198,58,1
flush,hit,8045,262,644,906,0,1
flush,miss,8046,2363,10835,13198,55,1
flush,hit,8046,253,564,817,0,1
flush,miss,8047,2822,11021,13843,56,1
flush,hit,8047,320,566,886,0,1
flush,miss,8048,2399,11790,14189,60,1
flush,hit,8048,330,796,1126,0,1
flush,miss,8049,2608,11229,13837,57,1
flush,hit,8049,259,604,863,0,1
flush,miss,8050,2359,11682,14041,60,1
flush,hit,8050,259,555,814,0,1
flush,miss,8051,2616,10909,13525,55,1
flush,hit,8051,270,557,827,0,1
flush,miss,8052,2452,11501,13953,35,1
flush,hit,8052,270,557,827,0,1
flush,miss,8053,2496,11560,14056,59,1
flush,hit,8053,273,555,828,0,1
flush,miss,8054,2414,14150,16564,49,1
flush,hit,8054,270,601,871,0,1
flush,miss,8055,2541,11844,14385,61,1
flush,hit,8055,265,570,835,0,1
flush,miss,8056,2388,11008,13396,56,1
flush,hit,8056,255,549,804,0,1
flush,miss,8057,2509,11544,14053,59,1
flush,hit,8057,253,565,818,0,1
flush,miss,8058,2383,10973,13356,56,1
flush,hit,8058,253,589,842,0,1
flush,miss,8059,2498,15701,18199,50,1
flush,hit,8059,253,561,814,0,1
flush,miss,8060,2593,12739,15332,66,1
flush,hit,8060,266,588,854,0,1
flush,miss,8061,2551,11504,14055,58,1
flush,hit,8061,259,548,807,0,1
flush,miss,8062,2467,11380,13847,58,1
flush,hit,8062,255,548,803,0,1
flush,miss,8063,2526,11142,13668,57,1
flush,hit,8063,258,539,797,0,1
flush,miss,8064,2350,10801,13151,55,1
flush,hit,8064,273,532,805,0,1
flush,miss,8065,2866,11126,13992,56,1
flush,hit,8065,363,855,1218,0,1
flush,miss,8066,2393,10913,13306,55,1
flush,hit,8066,261,550,811,0,1
flush,miss,8067,2566,10883,13449,55,1
flush,hit,8067,258,549,807,0,1
flush,miss,8068,2392,11012,13404,56,1
flush,hit,8068,266,551,817,0,1
flush,miss,8069,2585,11002,13587,56,1
flush,hit,8069,265,578,843,0,1
flush,miss,8070,2355,11478,13833,59,1
flush,hit,8070,383,899,1282,0,1
flush,miss,8071,2702,11206,13908,57,1
flush,hit,8071,272,603,875,0,1
flush,miss,8072,2409,11956,14365,61,1
flush,hit,8072,258,567,825,0,1
flush,miss,8073,2525,10999,13524,56,1
flush,hit,8073,257,565,822,0,1
flush,miss,8074,2342,11703,14045,60,1
flush,hit,8074,255,550,805,0,1
flush,miss,8075,2521,11503,14024,59,1
flush,hit,8075,256,563,819,0,1
flush,miss,8076,2379,15597,17976,55,1
flush,hit,8076,273,616,889,0,1
flush,miss,8077,2523,11411,13934,58,1
flush,hit,8077,266,572,838,0,1
flush,miss,8078,2398,11019,13417,56,1
flush,hit,8078,262,558,820,0,1
flush,miss,8079,2519,11463,13982,59,1
flush,hit,8079,258,559,817,0,1
flush,miss,8080,2372,11198,13570,57,1
flush,hit,8080,257,545,802,0,1
flush,miss,8081,2519,14747,17266,55,1
flush,hit,8081,252,555,807,0,1
flush,miss,8082,2558,11063,13621,56,1
flush,hit,8082,261,565,826,0,1
flush,miss,8083,2816,11048,13864,56,1
flush,hit,8083,289,661,950,0,1
flush,miss,8084,2367,10875,13242,55,1
flush,hit,8084,249,555,804,0,1
flush,miss,8085,2499,11032,13531,56,1
flush,hit,8085,256,550,806,0,1
flush,miss,8086,2375,10980,13355,56,1
flush,hit,8086,254,534,788,0,1
flush,miss,8087,2864,11137,14001,56,1
flush,hit,8087,340,818,1158,0,1
flush,miss,8088,2416,11217,13633,57,1
flush,hit,8088,256,548,804,0,1
flush,miss,8089,2553,11016,13569,51,1
flush,hit,8089,256,1991,2247,0,1
flush,miss,8090,2398,11022,13420,56,1
flush,hit,8090,267,554,821,0,1
flush,miss,8091,2494,11046,13540,56,1
flush,hit,8091,256,556,812,0,1
flush,miss,8092,2355,11577,13932,59,1
flush,hit,8092,322,838,1160,0,1
flush,miss,8093,2526,11196,13722,57,1
flush,hit,8093,257,608,865,0,1
flush,miss,8094,2464,11049,13513,56,1
flush,hit,8094,259,550,809,0,1
flush,miss,8095,2514,10851,13365,55,1
flush,hit,8095,259,554,813,0,1
flush,miss,8096,2378,11145,13523,57,1
flush,hit,8096,258,549,807,0,1
flush,miss,8097,2495,11713,14208,60,1
flush,hit,8097,258,561,819,0,1
flush,miss,8098,2359,12797,15156,41,1
flush,hit,8098,265,581,846,0,1
flush,miss,8099,2492,11218,13710,57,1
flush,hit,8099,260,553,813,0,1
flush,miss,8100,2397,10800,13197,55,1
flush,hit,8100,253,531,784,0,1
flush,miss,8101,2555,15036,17591,51,1
flush,hit,8101,253,553,806,0,1
flush,miss,8102,2660,11571,14231,59,1
flush,hit,8102,259,564,823,0,1
flush,miss,8103,2509,16150,18659,52,1
flush,hit,8103,260,548,808,0,1
flush,miss,8104,2665,11356,14021,58,1
flush,hit,8104,267,569,836,0,1
flush,miss,8105,2559,11029,13588,56,1
flush,hit,8105,261,554,815,0,1
flush,miss,8106,2303,10866,13169,55,1
flush,hit,8106,257,545,802,0,1
flush,miss,8107,2539,11070,13609,56,1
flush,hit,8107,261,552,813,0,1
flush,miss,8108,2362,11024,13386,56,1
flush,hit,8108,255,546,801,0,1
flush,miss,8109,2872,10954,13826,55,1
flush,hit,8109,349,833,1182,0,1
flush,miss,8110,2356,11222,13578,57,1
flush,hit,8110,254,549,803,0,1
flush,miss,8111,2524,10862,13386,55,1
flush,hit,8111,264,564,828,0,1
flush,miss,8112,2408,11037,13445,56,1
flush,hit,8112,271,565,836,0,1
flush,miss,8113,2554,11070,13624,56,1
flush,hit,8113,253,574,827,0,1
flush,miss,8114,2373,11634,14007,60,1
flush,hit,8114,376,894,1270,0,1
flush,miss,8115,2618,11030,13648,56,1
flush,hit,8115,276,606,882,0,1
flush,miss,8116,2369,11197,13566,57,1
flush,hit,8116,257,541,798,0,1
flush,miss,8117,2574,11049,13623,56,1
flush,hit,8117,258,553,811,0,1
flush,miss,8118,2382,11363,13745,58,1
flush,hit,8118,255,537,792,0,1
flush,miss,8119,2569,11189,13758,57,1
flush,hit,8119,258,550,808,0,1
flush,miss,8120,2372,15359,17731,48,1
flush,hit,8120,258,589,847,0,1
flush,miss,8121,2558,11220,13778,57,1
flush,hit,8121,255,562,817,0,1
flush,miss,8122,2392,10989,13381,56,1
flush,hit,8122,251,528,779,0,1
flush,miss,8123,2516,11161,13677,57,1
flush,hit,8123,250,544,794,0,1
flush,miss,8124,2412,10985,13397,56,1
flush,hit,8124,260,523,783,0,1
flush,miss,8125,2527,15032,17559,48,1
flush,hit,8125,266,551,817,0,1
flush,miss,8126,2621,11044,13665,56,1
flush,hit,8126,262,551,813,0,1
flush,miss,8127,2593,11081,13674,56,1
flush,hit,8127,259,551,810,0,1
flush,miss,8128,2399,11112,13511,57,1
flush,hit,8128,264,534,798,0,1
flush,miss,8129,2546,11060,13606,56,1
flush,hit,8129,254,553,807,0,1
flush,miss,8130,2398,10859,13257,55,1
flush,hit,8130,257,529,786,0,1
flush,miss,8131,2929,11128,14057,56,1
flush,hit,8131,342,871,1213,0,1
flush,miss,8132,2360,10989,13349,56,1
flush,hit,8132,262,547,809,0,1
flush,miss,8133,2700,12311,15011,64,1
flush,hit,8133,279,618,897,0,1
flush,miss,8134,2410,11007,13417,56,1
flush,hit,8134,268,561,829,0,1
flush,miss,8135,2554,11379,13933,58,1
flush,hit,8135,260,577,837,0,1
flush,miss,8136,2353,11616,13969,60,1
flush,hit,8136,327,805,1132,0,1
flush,miss,8137,2627,11381,14008,58,1
flush,hit,8137,266,619,885,0,1
flush,miss,8138,2389,11383,13772,58,1
flush,hit,8138,260,556,816,0,1
flush,miss,8139,2542,10863,13405,55,1
flush,hit,8139,254,568,822,0,1
flush,miss,8140,2386,11264,13650,58,1
flush,hit,8140,259,544,803,0,1
flush,miss,8141,2545,11625,14170,59,1
flush,hit,8141,266,565,831,0,1
flush,miss,8142,2332,14579,16911,56,1
flush,hit,8142,270,572,842,0,1
flush,miss,8143,2561,11589,14150,59,1
flush,hit,8143,270,554,824,0,1
flush,miss,8144,2342,11007,13349,56,1
flush,hit,8144,251,669,920,0,1
flush,miss,8145,2558,11010,13568,55,1
flush,hit,8145,259,568,827,0,1
flush,miss,8146,6179,7445,13624,33,1
flush,hit,8146,266,686,952,0,1
flush,miss,8147,2524,13839,16363,44,1
flush,hit,8147,261,556,817,0,1
flush,miss,8148,2589,10997,13586,56,1
flush,hit,8148,267,536,803,0,1
flush,miss,8149,2524,11420,13944,58,1
flush,hit,8149,382,590,972,0,1
flush,miss,8150,2345,10976,13321,56,1
flush,hit,8150,259,529,788,0,1
flush,miss,8151,2561,10889,13450,55,1
flush,hit,8151,256,539,795,0,1
flush,miss,8152,2367,10994,13361,56,1
flush,hit,8152,258,527,785,0,1
flush,miss,8153,2802,11109,13911,56,1
flush,hit,8153,333,801,1134,0,1
flush,miss,8154,2390,11029,13419,56,1
flush,hit,8154,252,552,804,0,1
flush,miss,8155,2590,11067,13657,56,1
flush,hit,8155,260,542,802,0,1
flush,miss,8156,2408,10860,13268,55,1
flush,hit,8156,260,560,820,0,1
flush,miss,8157,2509,11015,13524,56,1
flush,hit,8157,253,566,819,0,1
flush,miss,8158,2384,11620,14004,60,1
flush,hit,8158,323,755,1078,0,1
flush,miss,8159,2566,11094,13660,56,1
flush,hit,8159,258,611,869,0,1
flush,miss,8160,2410,11126,13536,57,1
flush,hit,8160,258,543,801,0,1
flush,miss,8161,2573,10834,13407,55,1
flush,hit,8161,258,547,805,0,1
flush,miss,8162,2396,10975,13371,56,1
flush,hit,8162,258,538,796,0,1
flush,miss,8163,2617,11569,14186,59,1
flush,hit,8163,257,557,814,0,1
flush,miss,8164,2392,12870,15262,42,1
flush,hit,8164,332,764,1096,0,1
flush,miss,8165,2536,11596,14132,59,1
flush,hit,8165,278,605,883,0,1
flush,miss,8166,2397,10925,13322,56,1
flush,hit,8166,260,568,828,0,1
flush,miss,8167,2549,11747,14296,60,1
flush,hit,8167,269,562,831,0,1
flush,miss,8168,2382,11162,13544,57,1
flush,hit,8168,263,572,835,0,1
flush,miss,8169,2524,16181,18705,51,1
flush,hit,8169,255,555,810,0,1
flush,miss,8170,2628,13493,16121,70,1
flush,hit,8170,270,574,844,0,1
flush,miss,8171,2559,11107,13666,56,1
flush,hit,8171,255,543,798,0,1
flush,miss,8172,2355,10821,13176,55,1
flush,hit,8172,254,540,794,0,1
flush,miss,8173,2533,11215,13748,57,1
flush,hit,8173,261,546,807,0,1
flush,miss,8174,2336,11032,13368,56,1
flush,hit,8174,260,529,789,0,1
flush,miss,8175,2912,10898,13810,55,1
flush,hit,8175,340,810,1150,0,1
flush,miss,8176,2399,11065,13464,56,1
flush,hit,8176,247,571,818,0,1
flush,miss,8177,2795,10891,13686,55,1
flush,hit,8177,265,558,823,0,1
flush,miss,8178,2380,11009,13389,56,1
flush,hit,8178,257,550,807,0,1
flush,miss,8179,2575,10878,13453,55,1
flush,hit,8179,263,551,814,0,1
flush,miss,8180,2404,11643,14047,60,1
flush,hit,8180,324,824,1148,0,1
flush,miss,8181,2576,11031,13607,56,1
flush,hit,8181,263,631,894,0,1
flush,miss,8182,2377,11026,13403,56,1
flush,hit,8182,260,557,817,0,1
flush,miss,8183,2513,10891,13404,55,1
flush,hit,8183,262,544,806,0,1
flush,miss,8184,2350,11275,13625,58,1
flush,hit,8184,262,553,815,0,1
flush,miss,8185,2529,11673,14202,60,1
flush,hit,8185,255,556,811,0,1
flush,miss,8186,2372,15188,17560,49,1
flush,hit,8186,282,612,894,0,1
flush,miss,8187,2591,11381,13972,58,1
flush,hit,8187,255,589,844,0,1
flush,miss,8188,2417,10865,13282,55,1
flush,hit,8188,259,531,790,0,1
flush,miss,8189,2542,11063,13605,56,1
flush,hit,8189,257,541,798,0,1
flush,miss,8190,2352,10761,13113,55,1
flush,hit,8190,258,536,794,0,1
flush,miss,8191,2557,15695,18252,44,1
flush,hit,8191,252,2252,2504,0,1
flush,miss,8192,2676,11050,13726,56,1
flush,hit,8192,261,562,823,0,1
flush,miss,8193,2606,11045,13651,56,1
flush,hit,8193,258,571,829,0,1
flush,miss,8194,2436,10958,13394,56,1
flush,hit,8194,259,542,801,0,1
flush,miss,8195,2553,14529,17082,57,1
flush,hit,8195,260,533,793,0,1
flush,miss,8196,2352,11028,13380,56,1
flush,hit,8196,256,542,798,0,1
flush,miss,8197,2849,11409,14258,58,1
flush,hit,8197,346,817,1163,0,1
flush,miss,8198,2418,11440,13858,58,1
flush,hit,8198,252,558,810,0,1
flush,miss,8199,2562,11155,13717,56,1
flush,hit,8199,257,573,830,0,1
flush,miss,8200,2405,10912,13317,56,1
flush,hit,8200,259,546,805,0,1
flush,miss,8201,2558,10883,13441,55,1
flush,hit,8201,257,578,835,0,1
flush,miss,8202,2372,11449,13821,59,1
flush,hit,8202,320,790,1110,0,1
flush,miss,8203,2555,11253,13808,57,1
flush,hit,8203,271,652,923,0,1
flush,miss,8204,2392,11210,13602,57,1
flush,hit,8204,261,559,820,0,1
flush,miss,8205,2570,10836,13406,55,1
flush,hit,8205,261,565,826,0,1
flush,miss,8206,2426,11009,13435,56,1
flush,hit,8206,260,548,808,0,1
flush,miss,8207,2554,11580,14134,59,1
flush,hit,8207,266,567,833,0,1
flush,miss,8208,2361,12848,15209,42,1
flush,hit,8208,307,664,971,0,1
flush,miss,8209,2586,11421,14007,58,1
flush,hit,8209,252,573,825,0,1
flush,miss,8210,2450,10996,13446,56,1
flush,hit,8210,253,531,784,0,1
flush,miss,8211,2495,11220,13715,57,1
flush,hit,8211,254,536,790,0,1
flush,miss,8212,2340,10817,13157,55,1
flush,hit,8212,255,536,791,0,1
flush,miss,8213,2530,13425,15955,43,1
flush,hit,8213,257,530,787,0,1
flush,miss,8214,2558,10909,13467,55,1
flush,hit,8214,260,565,825,0,1
flush,miss,8215,2507,11049,13556,56,1
flush,hit,8215,319,556,875,0,1
flush,miss,8216,2398,10833,13231,55,1
flush,hit,8216,253,532,785,0,1
flush,miss,8217,2531,10986,13517,55,1
flush,hit,8217,258,543,801,0,1
flush,miss,8218,2353,10833,13186,55,1
flush,hit,8218,255,531,786,0,1
flush,miss,8219,2843,11110,13953,56,1
flush,hit,8219,342,771,1113,0,1
flush,miss,8220,2412,11072,13484,56,1
flush,hit,8220,265,566,831,0,1
flush,miss,8221,2559,11024,13583,56,1
flush,hit,8221,256,554,810,0,1
flush,miss,8222,2355,11006,13361,56,1
flush,hit,8222,259,537,796,0,1
flush,miss,8223,2514,10736,13250,54,1
flush,hit,8223,257,557,814,0,1
flush,miss,8224,2362,11213,13575,57,1
flush,hit,8224,320,782,1102,0,1
flush,miss,8225,2578,11056,13634,56,1
flush,hit,8225,269,587,856,0,1
flush,miss,8226,2438,11218,13656,57,1
flush,hit,8226,257,550,807,0,1
flush,miss,8227,2967,12166,15133,61,1
flush,hit,8227,256,4481,4737,0,1
flush,miss,8228,2378,12006,14384,62,1
flush,hit,8228,259,594,853,0,1
flush,miss,8229,2502,11910,14412,61,1
flush,hit,8229,250,549,799,0,1
flush,miss,8230,2344,16373,18717,59,1
flush,hit,8230,282,614,896,0,1
flush,miss,8231,2515,11460,13975,58,1
flush,hit,8231,266,589,855,0,1
flush,miss,8232,2368,11357,13725,58,1
flush,hit,8232,255,558,813,0,1
flush,miss,8233,2509,11342,13851,58,1
flush,hit,8233,258,562,820,0,1
flush,miss,8234,2399,11152,13551,57,1
flush,hit,8234,254,565,819,0,1
flush,miss,8235,2523,15572,18095,48,1
flush,hit,8235,256,559,815,0,1
flush,miss,8236,2599,11414,14013,58,1
flush,hit,8236,270,576,846,0,1
flush,miss,8237,2533,11046,13579,56,1
flush,hit,8237,265,566,831,0,1
flush,miss,8238,2375,10962,13337,56,1
flush,hit,8238,274,547,821,0,1
flush,miss,8239,2528,11254,13782,57,1
flush,hit,8239,266,551,817,0,1
flush,miss,8240,2407,15260,17667,53,1
flush,hit,8240,260,558,818,0,1
flush,miss,8241,3016,11126,14142,56,1
flush,hit,8241,364,827,1191,0,1
flush,miss,8242,2400,11067,13467,56,1
flush,hit,8242,250,557,807,0,1
flush,miss,8243,2510,11032,13542,56,1
flush,hit,8243,262,554,816,0,1
flush,miss,8244,2379,10800,13179,55,1
flush,hit,8244,263,556,819,0,1
flush,miss,8245,2530,11077,13607,56,1
flush,hit,8245,259,559,818,0,1
flush,miss,8246,2344,11888,14232,61,1
flush,hit,8246,328,833,1161,0,1
flush,miss,8247,2611,11061,13672,56,1
flush,hit,8247,265,609,874,0,1
flush,miss,8248,2400,11153,13553,57,1
flush,hit,8248,263,554,817,0,1
flush,miss,8249,2493,11064,13557,56,1
flush,hit,8249,263,566,829,0,1
flush,miss,8250,2372,11206,13578,57,1
flush,hit,8250,261,555,816,0,1
flush,miss,8251,2501,11530,14031,59,1
flush,hit,8251,256,562,818,0,1
flush,miss,8252,2327,15359,17686,48,1
flush,hit,8252,281,623,904,0,1
flush,miss,8253,2546,11412,13958,58,1
flush,hit,8253,251,573,824,0,1
flush,miss,8254,2397,11148,13545,57,1
flush,hit,8254,256,557,813,0,1
flush,miss,8255,2558,11249,13807,57,1
flush,hit,8255,256,570,826,0,1
flush,miss,8256,2425,11025,13450,56,1
flush,hit,8256,257,546,803,0,1
flush,miss,8257,2516,14719,17235,54,1
flush,hit,8257,254,547,801,0,1
flush,miss,8258,2605,10932,13537,55,1
flush,hit,8258,349,719,1068,0,1
flush,miss,8259,2497,11220,13717,57,1
flush,hit,8259,264,583,847,0,1
flush,miss,8260,2379,11510,13889,59,1
flush,hit,8260,260,547,807,0,1
flush,miss,8261,2511,11195,13706,57,1
flush,hit,8261,257,546,803,0,1
flush,miss,8262,2356,10863,13219,55,1
flush,hit,8262,259,548,807,0,1
flush,miss,8263,2831,11112,13943,56,1
flush,hit,8263,348,805,1153,0,1
flush,miss,8264,2451,11377,13828,58,1
flush,hit,8264,259,576,835,0,1
flush,miss,8265,2578,10975,13553,56,1
flush,hit,8265,257,565,822,0,1
flush,miss,8266,2429,10958,13387,56,1
flush,hit,8266,267,554,821,0,1
flush,miss,8267,2552,10885,13437,55,1
flush,hit,8267,262,569,831,0,1
flush,miss,8268,2401,11318,13719,58,1
flush,hit,8268,346,810,1156,0,1
flush,miss,8269,2555,10977,13532,56,1
flush,hit,8269,265,587,852,0,1
flush,miss,8270,2344,11190,13534,57,1
flush,hit,8270,258,560,818,0,1
flush,miss,8271,2785,11179,13964,56,1
flush,hit,8271,256,5068,5324,0,1
flush,miss,8272,2390,11533,13923,59,1
flush,hit,8272,253,555,808,0,1
flush,miss,8273,2565,11846,14411,61,1
flush,hit,8273,257,565,822,0,1
flush,miss,8274,2367,16301,18668,51,1
flush,hit,8274,260,612,872,0,1
flush,miss,8275,2506,11422,13928,58,1
flush,hit,8275,256,568,824,0,1
flush,miss,8276,2368,11024,13392,56,1
flush,hit,8276,268,552,820,0,1
flush,miss,8277,2535,11376,13911,58,1
flush,hit,8277,253,555,808,0,1
flush,miss,8278,2393,10992,13385,56,1
flush,hit,8278,255,547,802,0,1
flush,miss,8279,2569,15367,17936,49,1
flush,hit,8279,260,564,824,0,1
flush,miss,8280,2698,10901,13599,55,1
flush,hit,8280,257,560,817,0,1
flush,miss,8281,2540,10902,13442,55,1
flush,hit,8281,260,558,818,0,1
flush,miss,8282,2431,10996,13427,56,1
flush,hit,8282,258,536,794,0,1
flush,miss,8283,2537,11100,13637,56,1
flush,hit,8283,259,541,800,0,1
flush,miss,8284,2368,11076,13444,56,1
flush,hit,8284,259,543,802,0,1
flush,miss,8285,2921,11294,14215,57,1
flush,hit,8285,326,805,1131,0,1
flush,miss,8286,2431,11000,13431,56,1
flush,hit,8286,265,557,822,0,1
flush,miss,8287,2522,11066,13588,56,1
flush,hit,8287,267,556,823,0,1
flush,miss,8288,2444,10971,13415,56,1
flush,hit,8288,265,549,814,0,1
flush,miss,8289,2532,15184,17716,63,1
flush,hit,8289,259,546,805,0,1
flush,miss,8290,2369,11898,14267,61,1
flush,hit,8290,373,833,1206,0,1
flush,miss,8291,2553,11084,13637,56,1
flush,hit,8291,273,613,886,0,1
flush,miss,8292,2451,11336,13787,58,1
flush,hit,8292,275,560,835,0,1
flush,miss,8293,2549,11653,14202,59,1
flush,hit,8293,265,565,830,0,1
flush,miss,8294,2397,11979,14376,54,1
flush,hit,8294,256,1389,1645,0,1
flush,miss,8295,2463,11746,14209,60,1
flush,hit,8295,272,571,843,0,1
flush,miss,8296,2328,15913,18241,50,1
flush,hit,8296,277,609,886,0,1
flush,miss,8297,2546,11217,13763,57,1
flush,hit,8297,268,568,836,0,1
flush,miss,8298,2438,10965,13403,56,1
flush,hit,8298,258,561,819,0,1
flush,miss,8299,2569,11549,14118,59,1
flush,hit,8299,258,565,823,0,1
flush,miss,8300,2396,11115,13511,57,1
flush,hit,8300,260,552,812,0,1
flush,miss,8301,2542,15044,17586,55,1
flush,hit,8301,260,564,824,0,1
flush,miss,8302,2596,10896,13492,55,1
flush,hit,8302,283,661,944,0,1
flush,miss,8303,2485,11031,13516,56,1
flush,hit,8303,259,567,826,0,1
flush,miss,8304,2344,11019,13363,56,1
flush,hit,8304,251,549,800,0,1
flush,miss,8305,2521,11132,13653,57,1
flush,hit,8305,251,543,794,0,1
flush,miss,8306,2348,10750,13098,55,1
flush,hit,8306,251,529,780,0,1
flush,miss,8307,2834,11081,13915,56,1
flush,hit,8307,346,792,1138,0,1
flush,miss,8308,2447,11169,13616,57,1
flush,hit,8308,251,556,807,0,1
flush,miss,8309,2499,11024,13523,56,1
flush,hit,8309,256,560,816,0,1
flush,miss,8310,2345,10952,13297,56,1
flush,hit,8310,257,541,798,0,1
flush,miss,8311,2516,11037,13553,56,1
flush,hit,8311,265,564,829,0,1
flush,miss,8312,2409,11339,13748,58,1
flush,hit,8312,329,787,1116,0,1
flush,miss,8313,2593,11097,13690,56,1
flush,hit,8313,260,603,863,0,1
flush,miss,8314,2390,11336,13726,58,1
flush,hit,8314,253,541,794,0,1
flush,miss,8315,2490,11194,13684,57,1
flush,hit,8315,258,555,813,0,1
flush,miss,8316,2385,11228,13613,57,1
flush,hit,8316,255,549,804,0,1
flush,miss,8317,2537,11540,14077,59,1
flush,hit,8317,263,555,818,0,1
flush,miss,8318,2410,13037,15447,43,1
flush,hit,8318,255,581,836,0,1
flush,miss,8319,2534,11241,13775,57,1
flush,hit,8319,259,553,812,0,1
flush,miss,8320,2408,11130,13538,57,1
flush,hit,8320,252,4944,5196,0,1
flush,miss,8321,2575,12633,15208,65,1
flush,hit,8321,391,1250,1641,0,1
flush,miss,8322,2431,11267,13698,58,1
flush,hit,8322,262,556,818,0,1
flush,miss,8323,2517,16248,18765,50,1
flush,hit,8323,259,555,814,0,1
flush,miss,8324,2664,11521,14185,59,1
flush,hit,8324,269,591,860,0,1
flush,miss,8325,2514,11063,13577,56,1
flush,hit,8325,262,565,827,0,1
flush,miss,8326,2382,10977,13359,56,1
flush,hit,8326,263,546,809,0,1
flush,miss,8327,2447,11193,13640,57,1
flush,hit,8327,264,574,838,0,1
flush,miss,8328,2360,11093,13453,56,1
flush,hit,8328,259,557,816,0,1
flush,miss,8329,2835,11229,14064,57,1
flush,hit,8329,362,855,1217,0,1
flush,miss,8330,2355,11254,13609,57,1
flush,hit,8330,251,578,829,0,1
flush,miss,8331,2537,11020,13557,56,1
flush,hit,8331,258,585,843,0,1
flush,miss,8332,2406,10856,13262,55,1
flush,hit,8332,258,580,838,0,1
flush,miss,8333,2556,11483,14039,31,1
flush,hit,8333,256,561,817,0,1
flush,miss,8334,2458,11153,13611,57,1
flush,hit,8334,332,864,1196,0,1
flush,miss,8335,2577,11096,13673,56,1
flush,hit,8335,259,597,856,0,1
flush,miss,8336,2410,11134,13544,57,1
flush,hit,8336,250,550,800,0,1
flush,miss,8337,2506,10912,13418,55,1
flush,hit,8337,257,555,812,0,1
flush,miss,8338,2329,11358,13687,58,1
flush,hit,8338,258,545,803,0,1
flush,miss,8339,2499,11200,13699,57,1
flush,hit,8339,257,553,810,0,1
flush,miss,8340,2345,15744,18089,49,1
flush,hit,8340,290,591,881,0,1
flush,miss,8341,2508,11192,13700,57,1
flush,hit,8341,273,554,827,0,1
flush,miss,8342,2355,11128,13483,57,1
flush,hit,8342,254,537,791,0,1
flush,miss,8343,2566,11056,13622,56,1
flush,hit,8343,252,539,791,0,1
flush,miss,8344,2428,10946,13374,56,1
flush,hit,8344,258,543,801,0,1
flush,miss,8345,2537,15336,17873,54,1
flush,hit,8345,260,537,797,0,1
flush,miss,8346,2625,10985,13610,56,1
flush,hit,8346,266,564,830,0,1
flush,miss,8347,2581,11102,13683,56,1
flush,hit,8347,261,561,822,0,1
flush,miss,8348,2386,11022,13408,56,1
flush,hit,8348,258,552,810,0,1
flush,miss,8349,2534,10880,13414,55,1
flush,hit,8349,256,555,811,0,1
flush,miss,8350,2359,10996,13355,56,1
flush,hit,8350,256,541,797,0,1
flush,miss,8351,2868,10953,13821,55,1
flush,hit,8351,338,794,1132,0,1
flush,miss,8352,5953,10096,16049,49,1
flush,hit,8352,254,593,847,0,1
flush,miss,8353,2543,11636,14179,59,1
flush,hit,8353,267,569,836,0,1
flush,miss,8354,2368,10957,13325,56,1
flush,hit,8354,267,561,828,0,1
flush,miss,8355,2520,11025,13545,56,1
flush,hit,8355,263,570,833,0,1
flush,miss,8356,2381,11908,14289,61,1
flush,hit,8356,329,762,1091,0,1
flush,miss,8357,2582,11265,13847,57,1
flush,hit,8357,263,633,896,0,1
flush,miss,8358,2385,11205,13590,57,1
flush,hit,8358,266,544,810,0,1
flush,miss,8359,2562,10987,13549,56,1
flush,hit,8359,259,557,816,0,1
flush,miss,8360,2386,11432,13818,59,1
flush,hit,8360,257,548,805,0,1
flush,miss,8361,2519,11682,14201,60,1
flush,hit,8361,263,557,820,0,1
flush,miss,8362,2387,13259,15646,42,1
flush,hit,8362,281,600,881,0,1
flush,miss,8363,2570,11231,13801,57,1
flush,hit,8363,272,572,844,0,1
flush,miss,8364,2432,10856,13288,55,1
flush,hit,8364,265,548,813,0,1
flush,miss,8365,2786,11205,13991,57,1
flush,hit,8365,286,678,964,0,1
flush,miss,8366,2357,11241,13598,57,1
flush,hit,8366,252,546,798,0,1
flush,miss,8367,2503,16291,18794,51,1
flush,hit,8367,253,575,828,0,1
flush,miss,8368,2686,10882,13568,55,1
flush,hit,8368,262,558,820,0,1
flush,miss,8369,2559,11315,13874,57,1
flush,hit,8369,258,553,811,0,1
flush,miss,8370,2337,11180,13517,57,1
flush,hit,8370,255,552,807,0,1
flush,miss,8371,2546,10863,13409,55,1
flush,hit,8371,260,540,800,0,1
flush,miss,8372,2368,11043,13411,56,1
flush,hit,8372,256,534,790,0,1
flush,miss,8373,2889,11234,14123,56,1
flush,hit,8373,343,802,1145,0,1
flush,miss,8374,2402,11042,13444,56,1
flush,hit,8374,254,554,808,0,1
flush,miss,8375,2553,11093,13646,56,1
flush,hit,8375,265,553,818,0,1
flush,miss,8376,2386,11011,13397,56,1
flush,hit,8376,261,569,830,0,1
flush,miss,8377,2543,11217,13760,57,1
flush,hit,8377,262,551,813,0,1
flush,miss,8378,2341,11857,14198,61,1
flush,hit,8378,311,824,1135,0,1
flush,miss,8379,2563,11236,13799,57,1
flush,hit,8379,274,592,866,0,1
flush,miss,8380,2388,11373,13761,58,1
flush,hit,8380,263,562,825,0,1
flush,miss,8381,2521,10885,13406,55,1
flush,hit,8381,257,552,809,0,1
flush,miss,8382,2339,11015,13354,56,1
flush,hit,8382,261,550,811,0,1
flush,miss,8383,5170,10650,15820,53,1
flush,hit,8383,258,550,808,0,1
flush,miss,8384,2537,15308,17845,47,1
flush,hit,8384,267,643,910,0,1
flush,miss,8385,2525,11403,13928,58,1
flush,hit,8385,266,590,856,0,1
flush,miss,8386,2408,11052,13460,56,1
flush,hit,8386,259,569,828,0,1
flush,miss,8387,2532,11540,14072,59,1
flush,hit,8387,260,551,811,0,1
flush,miss,8388,2397,11154,13551,57,1
flush,hit,8388,260,569,829,0,1
flush,miss,8389,2528,15255,17783,55,1
flush,hit,8389,260,557,817,0,1
flush,miss,8390,2669,11017,13686,56,1
flush,hit,8390,263,585,848,0,1
flush,miss,8391,2551,10913,13464,55,1
flush,hit,8391,260,575,835,0,1
flush,miss,8392,2383,11013,13396,56,1
flush,hit,8392,259,575,834,0,1
flush,miss,8393,2531,11150,13681,57,1
flush,hit,8393,255,563,818,0,1
flush,miss,8394,2348,11021,13369,56,1
flush,hit,8394,254,550,804,0,1
flush,miss,8395,2892,10975,13867,55,1
flush,hit,8395,346,827,1173,0,1
flush,miss,8396,2438,11104,13542,49,1
flush,hit,8396,266,1874,2140,0,1
flush,miss,8397,2526,10926,13452,55,1
flush,hit,8397,261,587,848,0,1
flush,miss,8398,2384,10778,13162,55,1
flush,hit,8398,264,561,825,0,1
flush,miss,8399,2549,11084,13633,56,1
flush,hit,8399,266,574,840,0,1
flush,miss,8400,2399,11131,13530,57,1
flush,hit,8400,328,796,1124,0,1
flush,miss,8401,2614,11089,13703,56,1
flush,hit,8401,267,624,891,0,1
flush,miss,8402,2395,11272,13667,58,1
flush,hit,8402,263,571,834,0,1
flush,miss,8403,2534,10882,13416,55,1
flush,hit,8403,257,560,817,0,1
flush,miss,8404,2434,11538,13972,59,1
flush,hit,8404,258,550,808,0,1
flush,miss,8405,2533,11415,13948,58,1
flush,hit,8405,265,572,837,0,1
flush,miss,8406,2398,13173,15571,43,1
flush,hit,8406,264,583,847,0,1
flush,miss,8407,2506,11203,13709,57,1
flush,hit,8407,259,556,815,0,1
flush,miss,8408,2374,11153,13527,57,1
flush,hit,8408,256,559,815,0,1
flush,miss,8409,2585,11163,13748,57,1
flush,hit,8409,255,544,799,0,1
flush,miss,8410,2384,10830,13214,55,1
flush,hit,8410,254,542,796,0,1
flush,miss,8411,2498,12617,15115,41,1
flush,hit,8411,253,538,791,0,1
flush,miss,8412,2494,11237,13731,57,1
flush,hit,8412,262,580,842,0,1
flush,miss,8413,2581,11044,13625,56,1
flush,hit,8413,258,538,796,0,1
flush,miss,8414,2373,10952,13325,56,1
flush,hit,8414,262,534,796,0,1
flush,miss,8415,3069,11221,14290,57,1
flush,hit,8415,335,801,1136,0,1
flush,miss,8416,2478,10973,13451,56,1
flush,hit,8416,256,561,817,0,1
flush,miss,8417,2944,11434,14378,58,1
flush,hit,8417,353,849,1202,0,1
flush,miss,8418,2401,11201,13602,57,1
flush,hit,8418,267,583,850,0,1
flush,miss,8419,2527,10964,13491,56,1
flush,hit,8419,266,565,831,0,1
flush,miss,8420,2443,11154,13597,57,1
flush,hit,8420,265,541,806,0,1
flush,miss,8421,2526,11065,13591,56,1
flush,hit,8421,261,580,841,0,1
flush,miss,8422,2374,11640,14014,60,1
flush,hit,8422,354,845,1199,0,1
flush,miss,8423,2550,11234,13784,57,1
flush,hit,8423,276,616,892,0,1
flush,miss,8424,2395,11248,13643,57,1
flush,hit,8424,264,560,824,0,1
flush,miss,8425,2528,10839,13367,55,1
flush,hit,8425,262,554,816,0,1
flush,miss,8426,2388,11490,13878,59,1
flush,hit,8426,257,563,820,0,1
flush,miss,8427,2490,11520,14010,59,1
flush,hit,8427,267,567,834,0,1
flush,miss,8428,2381,16035,18416,33,1
flush,hit,8428,260,600,860,0,1
flush,miss,8429,2566,11234,13800,57,1
flush,hit,8429,262,582,844,0,1
flush,miss,8430,2343,11007,13350,56,1
flush,hit,8430,270,550,820,0,1
flush,miss,8431,2584,11023,13607,56,1
flush,hit,8431,270,560,830,0,1
flush,miss,8432,2387,10781,13168,55,1
flush,hit,8432,256,547,803,0,1
flush,miss,8433,2497,15412,17909,49,1
flush,hit,8433,257,544,801,0,1
flush,miss,8434,2646,11072,13718,56,1
flush,hit,8434,278,563,841,0,1
flush,miss,8435,2542,11119,13661,56,1
flush,hit,8435,258,549,807,0,1
flush,miss,8436,2383,11006,13389,56,1
flush,hit,8436,261,538,799,0,1
flush,miss,8437,2470,11070,13540,56,1
flush,hit,8437,262,546,808,0,1
flush,miss,8438,2369,10958,13327,56,1
flush,hit,8438,256,540,796,0,1
flush,miss,8439,2878,11064,13942,56,1
flush,hit,8439,362,826,1188,0,1
flush,miss,8440,2377,10933,13310,55,1
flush,hit,8440,256,574,830,0,1
flush,miss,8441,2545,11019,13564,56,1
flush,hit,8441,264,582,846,0,1
flush,miss,8442,2407,10968,13375,56,1
flush,hit,8442,261,552,813,0,1
flush,miss,8443,2619,11048,13667,56,1
flush,hit,8443,258,572,830,0,1
flush,miss,8444,2391,11770,14161,60,1
flush,hit,8444,311,826,1137,0,1
flush,miss,8445,2655,11098,13753,56,1
flush,hit,8445,268,597,865,0,1
flush,miss,8446,2375,15068,17443,58,1
flush,hit,8446,259,597,856,0,1
flush,miss,8447,2578,11140,13718,57,1
flush,hit,8447,265,571,836,0,1
flush,miss,8448,2418,11762,14180,60,1
flush,hit,8448,264,557,821,0,1
flush,miss,8449,2470,11748,14218,60,1
flush,hit,8449,263,555,818,0,1
flush,miss,8450,2385,13459,15844,49,1
flush,hit,8450,270,605,875,0,1
flush,miss,8451,2543,11204,13747,57,1
flush,hit,8451,268,576,844,0,1
flush,miss,8452,2361,11158,13519,57,1
flush,hit,8452,260,542,802,0,1
flush,miss,8453,2575,11389,13964,58,1
flush,hit,8453,260,562,822,0,1
flush,miss,8454,2410,11159,13569,57,1
flush,hit,8454,266,554,820,0,1
flush,miss,8455,2565,13043,15608,43,1
flush,hit,8455,257,573,830,0,1
flush,miss,8456,2539,11456,13995,58,1
flush,hit,8456,264,577,841,0,1
flush,miss,8457,2565,11184,13749,57,1
flush,hit,8457,266,565,831,0,1
flush,miss,8458,2376,10883,13259,55,1
flush,hit,8458,255,547,802,0,1
flush,miss,8459,6216,7516,13732,35,1
flush,hit,8459,266,557,823,0,1
flush,miss,8460,2449,10877,13326,55,1
flush,hit,8460,258,543,801,0,1
flush,miss,8461,2859,11010,13869,56,1
flush,hit,8461,348,831,1179,0,1
flush,miss,8462,2370,11056,13426,56,1
flush,hit,8462,264,547,811,0,1
flush,miss,8463,2580,11047,13627,56,1
flush,hit,8463,263,554,817,0,1
flush,miss,8464,2397,10844,13241,55,1
flush,hit,8464,260,564,824,0,1
flush,miss,8465,2520,10972,13492,56,1
flush,hit,8465,258,556,814,0,1
flush,miss,8466,2354,11300,13654,58,1
flush,hit,8466,346,808,1154,0,1
flush,miss,8467,2603,11196,13799,57,1
flush,hit,8467,272,641,913,0,1
flush,miss,8468,2323,11153,13476,57,1
flush,hit,8468,260,547,807,0,1
flush,miss,8469,2528,10912,13440,55,1
flush,hit,8469,265,562,827,0,1
flush,miss,8470,2371,10928,13299,56,1
flush,hit,8470,260,545,805,0,1
flush,miss,8471,2536,11188,13724,57,1
flush,hit,8471,261,554,815,0,1
flush,miss,8472,2337,15433,17770,55,1
flush,hit,8472,258,601,859,0,1
flush,miss,8473,2488,11503,13991,58,1
flush,hit,8473,260,569,829,0,1
flush,miss,8474,2371,11000,13371,56,1
flush,hit,8474,264,562,826,0,1
flush,miss,8475,2562,11047,13609,56,1
flush,hit,8475,255,556,811,0,1
flush,miss,8476,2371,10839,13210,55,1
flush,hit,8476,260,550,810,0,1
flush,miss,8477,2510,15101,17611,48,1
flush,hit,8477,251,559,810,0,1
flush,miss,8478,2675,12116,14791,62,1
flush,hit,8478,261,580,841,0,1
flush,miss,8479,2522,11058,13580,56,1
flush,hit,8479,257,559,816,0,1
flush,miss,8480,2338,11277,13615,58,1
flush,hit,8480,256,549,805,0,1
flush,miss,8481,2491,11213,13704,57,1
flush,hit,8481,254,573,827,0,1
flush,miss,8482,2382,11135,13517,57,1
flush,hit,8482,254,543,797,0,1
flush,miss,8483,2960,11078,14038,56,1
flush,hit,8483,344,822,1166,0,1
flush,miss,8484,2375,11330,13705,58,1
flush,hit,8484,249,593,842,0,1
flush,miss,8485,2581,11229,13810,57,1
flush,hit,8485,258,577,835,0,1
flush,miss,8486,2384,10951,13335,56,1
flush,hit,8486,252,554,806,0,1
flush,miss,8487,2536,11026,13562,56,1
flush,hit,8487,255,566,821,0,1
flush,miss,8488,2339,11678,14017,60,1
flush,hit,8488,327,810,1137,0,1
flush,miss,8489,2591,11082,13673,56,1
flush,hit,8489,273,652,925,0,1
flush,miss,8490,2371,11107,13478,57,1
flush,hit,8490,4623,678,5301,0,1
flush,miss,8491,2529,11000,13529,56,1
flush,hit,8491,277,599,876,0,1
flush,miss,8492,2416,11541,13957,59,1
flush,hit,8492,261,553,814,0,1
flush,miss,8493,2510,11517,14027,59,1
flush,hit,8493,263,573,836,0,1
flush,miss,8494,2338,13360,15698,43,1
flush,hit,8494,266,603,869,0,1
flush,miss,8495,2474,11414,13888,58,1
flush,hit,8495,261,568,829,0,1
flush,miss,8496,2330,11073,13403,56,1
flush,hit,8496,249,545,794,0,1
flush,miss,8497,2533,11404,13937,58,1
flush,hit,8497,253,569,822,0,1
flush,miss,8498,2335,10819,13154,55,1
flush,hit,8498,267,565,832,0,1
flush,miss,8499,2491,13656,16147,50,1
flush,hit,8499,259,559,818,0,1
flush,miss,8500,2544,11002,13546,56,1
flush,hit,8500,262,558,820,0,1
flush,miss,8501,2552,11041,13593,56,1
flush,hit,8501,251,549,800,0,1
flush,miss,8502,2374,10980,13354,56,1
flush,hit,8502,256,538,794,0,1
flush,miss,8503,2520,10903,13423,55,1
flush,hit,8503,260,550,810,0,1
flush,miss,8504,2390,10995,13385,56,1
flush,hit,8504,253,555,808,0,1
flush,miss,8505,2836,11120,13956,56,1
flush,hit,8505,332,791,1123,0,1
flush,miss,8506,2419,11094,13513,56,1
flush,hit,8506,259,559,818,0,1
flush,miss,8507,2550,11238,13788,57,1
flush,hit,8507,256,569,825,0,1
flush,miss,8508,2415,10856,13271,55,1
flush,hit,8508,269,541,810,0,1
flush,miss,8509,2972,11110,14082,56,1
flush,hit,8509,291,674,965,0,1
flush,miss,8510,2403,11805,14208,61,1
flush,hit,8510,325,828,1153,0,1
flush,miss,8511,2579,11510,14089,58,1
flush,hit,8511,258,627,885,0,1
flush,miss,8512,2395,11338,13733,58,1
flush,hit,8512,260,564,824,0,1
flush,miss,8513,2589,10916,13505,55,1
flush,hit,8513,260,561,821,0,1
flush,miss,8514,2398,11512,13910,59,1
flush,hit,8514,263,556,819,0,1
flush,miss,8515,2569,11353,13922,57,1
flush,hit,8515,265,557,822,0,1
flush,miss,8516,2383,15465,17848,48,1
flush,hit,8516,267,587,854,0,1
flush,miss,8517,2484,11210,13694,57,1
flush,hit,8517,263,598,861,0,1
flush,miss,8518,2375,11053,13428,56,1
flush,hit,8518,267,561,828,0,1
flush,miss,8519,2528,11490,14018,59,1
flush,hit,8519,259,556,815,0,1
flush,miss,8520,2353,11157,13510,57,1
flush,hit,8520,257,550,807,0,1
flush,miss,8521,2507,15183,17690,55,1
flush,hit,8521,260,566,826,0,1
flush,miss,8522,2613,10992,13605,27,1
flush,hit,8522,258,577,835,0,1
flush,miss,8523,2478,11246,13724,57,1
flush,hit,8523,255,566,821,0,1
flush,miss,8524,2306,10784,13090,55,1
flush,hit,8524,257,553,810,0,1
flush,miss,8525,2528,11109,13637,56,1
flush,hit,8525,257,548,805,0,1
flush,miss,8526,2334,10987,13321,56,1
flush,hit,8526,265,541,806,0,1
flush,miss,8527,2918,11122,14040,56,1
flush,hit,8527,328,819,1147,0,1
flush,miss,8528,2345,11011,13356,56,1
flush,hit,8528,253,571,824,0,1
flush,miss,8529,2558,11013,13571,56,1
flush,hit,8529,262,575,837,0,1
flush,miss,8530,2379,11008,13387,56,1
flush,hit,8530,258,559,817,0,1
flush,miss,8531,2568,11045,13613,56,1
flush,hit,8531,259,563,822,0,1
flush,miss,8532,2342,11187,13529,57,1
flush,hit,8532,339,837,1176,0,1
flush,miss,8533,2596,11094,13690,56,1
flush,hit,8533,259,608,867,0,1
flush,miss,8534,2351,11030,13381,56,1
flush,hit,8534,255,554,809,0,1
flush,miss,8535,2541,10915,13456,55,1
flush,hit,8535,261,592,853,0,1
flush,miss,8536,2396,10959,13355,56,1
flush,hit,8536,257,548,805,0,1
flush,miss,8537,2499,11385,13884,58,1
flush,hit,8537,258,557,815,0,1
flush,miss,8538,2346,15415,17761,54,1
flush,hit,8538,258,625,883,0,1
flush,miss,8539,2501,11397,13898,58,1
flush,hit,8539,258,567,825,0,1
flush,miss,8540,2361,11155,13516,57,1
flush,hit,8540,280,660,940,0,1
flush,miss,8541,2557,11593,14150,59,1
flush,hit,8541,257,584,841,0,1
flush,miss,8542,2393,11136,13529,57,1
flush,hit,8542,254,558,812,0,1
flush,miss,8543,2587,15294,17881,56,1
flush,hit,8543,258,571,829,0,1
flush,miss,8544,2625,11566,14191,59,1
flush,hit,8544,274,593,867,0,1
flush,miss,8545,2543,11262,13805,57,1
flush,hit,8545,257,569,826,0,1
flush,miss,8546,2381,11008,13389,56,1
flush,hit,8546,260,550,810,0,1
flush,miss,8547,2546,11178,13724,57,1
flush,hit,8547,258,545,803,0,1
flush,miss,8548,2353,11161,13514,57,1
flush,hit,8548,257,557,814,0,1
flush,miss,8549,2854,11143,13997,56,1
flush,hit,8549,337,809,1146,0,1
flush,miss,8550,2382,11418,13800,58,1
flush,hit,8550,254,587,841,0,1
flush,miss,8551,2548,11069,13617,56,1
flush,hit,8551,257,604,861,0,1
flush,miss,8552,2356,10823,13179,55,1
flush,hit,8552,260,566,826,0,1
flush,miss,8553,2541,11265,13806,30,1
flush,hit,8553,257,565,822,0,1
flush,miss,8554,2471,11746,14217,60,1
flush,hit,8554,354,773,1127,0,1
flush,miss,8555,2580,11076,13656,56,1
flush,hit,8555,257,621,878,0,1
flush,miss,8556,2359,11227,13586,57,1
flush,hit,8556,263,553,816,0,1
flush,miss,8557,2513,10947,13460,55,1
flush,hit,8557,258,553,811,0,1
flush,miss,8558,2413,11445,13858,59,1
flush,hit,8558,261,555,816,0,1
flush,miss,8559,2566,11559,14125,59,1
flush,hit,8559,257,563,820,0,1
flush,miss,8560,2447,12907,15354,42,1
flush,hit,8560,272,602,874,0,1
flush,miss,8561,2524,11390,13914,58,1
flush,hit,8561,252,548,800,0,1
flush,miss,8562,2433,11009,13442,56,1
flush,hit,8562,255,534,789,0,1
flush,miss,8563,2536,11145,13681,57,1
flush,hit,8563,251,547,798,0,1
flush,miss,8564,2426,10835,13261,55,1
flush,hit,8564,254,541,795,0,1
flush,miss,8565,2535,13286,15821,44,1
flush,hit,8565,253,545,798,0,1
flush,miss,8566,2513,11022,13535,56,1
flush,hit,8566,258,549,807,0,1
flush,miss,8567,2573,11095,13668,56,1
flush,hit,8567,251,562,813,0,1
flush,miss,8568,2419,11033,13452,56,1
flush,hit,8568,258,542,800,0,1
flush,miss,8569,2520,10997,13517,56,1
flush,hit,8569,254,544,798,0,1
flush,miss,8570,2348,10839,13187,55,1
flush,hit,8570,256,532,788,0,1
flush,miss,8571,2804,11057,13861,56,1
flush,hit,8571,327,786,1113,0,1
flush,miss,8572,2412,13546,15958,44,1
flush,hit,8572,268,592,860,0,1
flush,miss,8573,2551,11294,13845,57,1
flush,hit,8573,266,582,848,0,1
flush,miss,8574,2362,11201,13563,57,1
flush,hit,8574,263,556,819,0,1
flush,miss,8575,2500,10997,13497,56,1
flush,hit,8575,265,572,837,0,1
flush,miss,8576,2389,11495,13884,59,1
flush,hit,8576,350,822,1172,0,1
flush,miss,8577,2565,11219,13784,57,1
flush,hit,8577,265,618,883,0,1
flush,miss,8578,2334,11337,13671,58,1
flush,hit,8578,259,567,826,0,1
flush,miss,8579,2565,10996,13561,56,1
flush,hit,8579,258,568,826,0,1
flush,miss,8580,2395,11351,13746,58,1
flush,hit,8580,258,570,828,0,1
flush,miss,8581,2552,11532,14084,59,1
flush,hit,8581,264,572,836,0,1
flush,miss,8582,2399,15607,18006,49,1
flush,hit,8582,276,613,889,0,1
flush,miss,8583,3183,16058,19241,74,1
flush,hit,8583,331,1642,1973,0,1
flush,miss,8584,3010,15584,18594,79,1
flush,hit,8584,312,3469,3781,0,1
flush,miss,8585,6518,14409,20927,70,1
flush,hit,8585,1013,1664,2677,0,1
flush,miss,8586,2330,11293,13623,57,1
flush,hit,8586,255,906,1161,0,1
flush,miss,8587,2901,17457,20358,63,1
flush,hit,8587,258,552,810,0,1
flush,miss,8588,2905,14937,17842,74,1
flush,hit,8588,254,1171,1425,0,1
flush,miss,8589,3082,12283,15365,60,1
flush,hit,8589,259,772,1031,0,1
flush,miss,8590,3468,12838,16306,59,1
flush,hit,8590,261,541,802,0,1
flush,miss,8591,2685,11973,14658,60,1
flush,hit,8591,255,542,797,0,1
flush,miss,8592,2504,11576,14080,59,1
flush,hit,8592,255,803,1058,0,1
flush,miss,8593,4475,14630,19105,77,1
flush,hit,8593,371,1164,1535,0,1
flush,miss,8594,2423,12513,14936,62,1
flush,hit,8594,278,981,1259,0,1
flush,miss,8595,2535,13985,16520,73,1
flush,hit,8595,261,931,1192,0,1
flush,miss,8596,2733,12361,15094,64,1
flush,hit,8596,263,1101,1364,0,1
flush,miss,8597,2696,13199,15895,65,1
flush,hit,8597,265,564,829,0,1
flush,miss,8598,2682,18862,21544,102,1
flush,hit,8598,341,989,1330,0,1
flush,miss,8599,2794,15113,17907,62,1
flush,hit,8599,285,652,937,0,1
flush,miss,8600,2463,14304,16767,63,1
flush,hit,8600,279,1428,1707,0,1
flush,miss,8601,2583,12331,14914,53,1
flush,hit,8601,265,3092,3357,0,1
flush,miss,8602,2511,12244,14755,63,1
flush,hit,8602,262,580,842,0,1
flush,miss,8603,2825,19585,22410,105,1
flush,hit,8603,265,633,898,0,1
flush,miss,8604,2587,17319,19906,59,1
flush,hit,8604,551,589,1140,0,1
flush,miss,8605,2742,11371,14113,58,1
flush,hit,8605,268,573,841,0,1
flush,miss,8606,2459,11160,13619,57,1
flush,hit,8606,260,555,815,0,1
flush,miss,8607,2535,12218,14753,61,1
flush,hit,8607,262,638,900,0,1
flush,miss,8608,2509,14369,16878,70,1
flush,hit,8608,259,555,814,0,1
flush,miss,8609,2987,15271,18258,55,1
flush,hit,8609,1279,560,1839,0,1
flush,miss,8610,2978,14296,17274,73,1
flush,hit,8610,263,590,853,0,1
flush,miss,8611,2996,12477,15473,63,1
flush,hit,8611,279,649,928,0,1
flush,miss,8612,2363,11671,14034,59,1
flush,hit,8612,256,570,826,0,1
flush,miss,8613,2925,11843,14768,56,1
flush,hit,8613,265,1736,2001,0,1
flush,miss,8614,2334,11825,14159,61,1
flush,hit,8614,265,547,812,0,1
flush,miss,8615,3255,11784,15039,59,1
flush,hit,8615,330,813,1143,0,1
flush,miss,8616,2421,11506,13927,59,1
flush,hit,8616,261,566,827,0,1
flush,miss,8617,2482,12419,14901,64,1
flush,hit,8617,259,597,856,0,1
flush,miss,8618,2359,11364,13723,57,1
flush,hit,8618,258,552,810,0,1
flush,miss,8619,2773,11605,14378,59,1
flush,hit,8619,257,573,830,0,1
flush,miss,8620,2643,11920,14563,61,1
flush,hit,8620,322,768,1090,0,1
flush,miss,8621,2784,11604,14388,59,1
flush,hit,8621,256,638,894,0,1
flush,miss,8622,2351,11563,13914,59,1
flush,hit,8622,258,551,809,0,1
flush,miss,8623,2501,11041,13542,56,1
flush,hit,8623,258,581,839,0,1
flush,miss,8624,2413,11643,14056,60,1
flush,hit,8624,253,548,801,0,1
flush,miss,8625,2535,11235,13770,57,1
flush,hit,8625,252,554,806,0,1
flush,miss,8626,2444,13661,16105,45,1
flush,hit,8626,250,582,832,0,1
flush,miss,8627,2853,11105,13958,56,1
flush,hit,8627,257,584,841,0,1
flush,miss,8628,2378,12086,14464,62,1
flush,hit,8628,481,720,1201,0,1
flush,miss,8629,2561,12894,15455,66,1
flush,hit,8629,262,823,1085,0,1
flush,miss,8630,2508,12004,14512,62,1
flush,hit,8630,256,572,828,0,1
flush,miss,8631,2635,18348,20983,58,1
flush,hit,8631,253,582,835,0,1
flush,miss,8632,2899,11581,14480,59,1
flush,hit,8632,262,585,847,0,1
flush,miss,8633,2626,11202,13828,57,1
flush,hit,8633,258,570,828,0,1
flush,miss,8634,2725,12915,15640,66,1
flush,hit,8634,261,550,811,0,1
flush,miss,8635,2539,12236,14775,61,1
flush,hit,8635,256,575,831,0,1
flush,miss,8636,2348,14120,16468,74,1
flush,hit,8636,258,561,819,0,1
flush,miss,8637,2872,11152,14024,56,1
flush,hit,8637,365,833,1198,0,1
flush,miss,8638,2407,11380,13787,58,1
flush,hit,8638,250,576,826,0,1
flush,miss,8639,2534,11169,13703,57,1
flush,hit,8639,258,577,835,0,1
flush,miss,8640,2422,10842,13264,55,1
flush,hit,8640,269,647,916,0,1
flush,miss,8641,2497,11393,13890,58,1
flush,hit,8641,258,577,835,0,1
flush,miss,8642,2441,11522,13963,59,1
flush,hit,8642,309,828,1137,0,1
flush,miss,8643,2581,11250,13831,57,1
flush,hit,8643,251,611,862,0,1
flush,miss,8644,2387,11269,13656,57,1
flush,hit,8644,256,568,824,0,1
flush,miss,8645,2568,10841,13409,55,1
flush,hit,8645,266,581,847,0,1
flush,miss,8646,2432,11349,13781,58,1
flush,hit,8646,258,554,812,0,1
flush,miss,8647,2544,11435,13979,58,1
flush,hit,8647,267,565,832,0,1
flush,miss,8648,2393,15277,17670,48,1
flush,hit,8648,268,609,877,0,1
flush,miss,8649,2510,11312,13822,58,1
flush,hit,8649,253,566,819,0,1
flush,miss,8650,2405,10844,13249,55,1
flush,hit,8650,254,563,817,0,1
flush,miss,8651,2563,11190,13753,57,1
flush,hit,8651,259,553,812,0,1
flush,miss,8652,2397,11082,13479,56,1
flush,hit,8652,252,545,797,0,1
flush,miss,8653,2548,15561,18109,55,1
flush,hit,8653,253,560,813,0,1
flush,miss,8654,2608,11058,13666,56,1
flush,hit,8654,262,569,831,0,1
flush,miss,8655,2547,11070,13617,56,1
flush,hit,8655,258,556,814,0,1
flush,miss,8656,2366,10833,13199,55,1
flush,hit,8656,263,539,802,0,1
flush,miss,8657,2498,11011,13509,56,1
flush,hit,8657,259,562,821,0,1
flush,miss,8658,2362,10892,13254,55,1
flush,hit,8658,256,554,810,0,1
flush,miss,8659,2867,10939,13806,55,1
flush,hit,8659,369,915,1284,0,1
flush,miss,8660,2363,11409,13772,58,1
flush,hit,8660,267,593,860,0,1
flush,miss,8661,2548,11013,13561,56,1
flush,hit,8661,257,589,846,0,1
flush,miss,8662,2376,11177,13553,57,1
flush,hit,8662,261,556,817,0,1
flush,miss,8663,2575,10359,12934,52,1
flush,hit,8663,262,580,842,0,1
flush,miss,8664,2401,11399,13800,58,1
flush,hit,8664,338,766,1104,0,1
flush,miss,8665,2572,11110,13682,56,1
flush,hit,8665,294,613,907,0,1
flush,miss,8666,2408,10863,13271,55,1
flush,hit,8666,262,564,826,0,1
flush,miss,8667,2577,11133,13710,57,1
flush,hit,8667,260,569,829,0,1
flush,miss,8668,2457,11322,13779,58,1
flush,hit,8668,262,557,819,0,1
flush,miss,8669,2527,11293,13820,57,1
flush,hit,8669,258,567,825,0,1
flush,miss,8670,2435,12992,15427,42,1
flush,hit,8670,272,598,870,0,1
flush,miss,8671,2553,11209,13762,57,1
flush,hit,8671,277,562,839,0,1
flush,miss,8672,2637,11183,13820,56,1
flush,hit,8672,275,553,828,0,1
flush,miss,8673,2597,11561,14158,59,1
flush,hit,8673,263,566,829,0,1
flush,miss,8674,2333,11167,13500,57,1
flush,hit,8674,253,539,792,0,1
flush,miss,8675,2498,13339,15837,44,1
flush,hit,8675,258,540,798,0,1
flush,miss,8676,2575,11004,13579,56,1
flush,hit,8676,265,563,828,0,1
flush,miss,8677,2511,10971,13482,56,1
flush,hit,8677,259,574,833,0,1
flush,miss,8678,2392,10831,13223,55,1
flush,hit,8678,256,531,787,0,1
flush,miss,8679,2472,10809,13281,55,1
flush,hit,8679,259,541,800,0,1
flush,miss,8680,2389,10832,13221,55,1
flush,hit,8680,255,533,788,0,1
flush,miss,8681,2823,10942,13765,55,1
flush,hit,8681,318,790,1108,0,1
flush,miss,8682,2395,10999,13394,56,1
flush,hit,8682,256,557,813,0,1
flush,miss,8683,2590,11053,13643,56,1
flush,hit,8683,258,575,833,0,1
flush,miss,8684,2409,10844,13253,55,1
flush,hit,8684,263,555,818,0,1
flush,miss,8685,2571,10811,13382,55,1
flush,hit,8685,262,570,832,0,1
flush,miss,8686,2407,11504,13911,59,1
flush,hit,8686,323,766,1089,0,1
flush,miss,8687,2558,11104,13662,56,1
flush,hit,8687,279,630,909,0,1
flush,miss,8688,2371,10964,13335,56,1
flush,hit,8688,259,557,816,0,1
flush,miss,8689,2587,10922,13509,55,1
flush,hit,8689,266,559,825,0,1
flush,miss,8690,2408,10991,13399,56,1
flush,hit,8690,313,790,1103,0,1
flush,miss,8691,2543,11546,14089,59,1
flush,hit,8691,274,605,879,0,1
flush,miss,8692,2451,16010,18461,51,1
flush,hit,8692,260,611,871,0,1
flush,miss,8693,2526,11498,14024,59,1
flush,hit,8693,265,570,835,0,1
flush,miss,8694,2391,11051,13442,56,1
flush,hit,8694,266,573,839,0,1
flush,miss,8695,2577,11379,13956,58,1
flush,hit,8695,260,574,834,0,1
flush,miss,8696,2444,11053,13497,56,1
flush,hit,8696,261,547,808,0,1
flush,miss,8697,2551,15620,18171,49,1
flush,hit,8697,262,573,835,0,1
flush,miss,8698,2648,11082,13730,56,1
flush,hit,8698,265,565,830,0,1
flush,miss,8699,2539,10848,13387,55,1
flush,hit,8699,262,560,822,0,1
flush,miss,8700,2370,11031,13401,56,1
flush,hit,8700,269,541,810,0,1
flush,miss,8701,2534,11158,13692,57,1
flush,hit,8701,258,557,815,0,1
flush,miss,8702,2382,10996,13378,56,1
flush,hit,8702,257,566,823,0,1
flush,miss,8703,3189,11197,14386,51,1
flush,hit,8703,393,2169,2562,0,1
flush,miss,8704,2467,11062,13529,56,1
flush,hit,8704,259,574,833,0,1
flush,miss,8705,2532,11251,13783,57,1
flush,hit,8705,260,572,832,0,1
flush,miss,8706,2335,11007,13342,56,1
flush,hit,8706,256,550,806,0,1
flush,miss,8707,2514,10984,13498,56,1
flush,hit,8707,259,576,835,0,1
flush,miss,8708,2365,11062,13427,56,1
flush,hit,8708,340,885,1225,0,1
flush,miss,8709,2589,11119,13708,56,1
flush,hit,8709,271,630,901,0,1
flush,miss,8710,2376,11316,13692,58,1
flush,hit,8710,268,564,832,0,1
flush,miss,8711,2518,10918,13436,55,1
flush,hit,8711,264,564,828,0,1
flush,miss,8712,2369,10807,13176,55,1
flush,hit,8712,265,560,825,0,1
flush,miss,8713,2508,11038,13546,56,1
flush,hit,8713,267,562,829,0,1
flush,miss,8714,2344,15375,17719,49,1
flush,hit,8714,268,589,857,0,1
flush,miss,8715,2517,11418,13935,58,1
flush,hit,8715,267,564,831,0,1
flush,miss,8716,2371,11007,13378,56,1
flush,hit,8716,262,542,804,0,1
flush,miss,8717,2516,11185,13701,57,1
flush,hit,8717,253,552,805,0,1
flush,miss,8718,2375,11004,13379,56,1
flush,hit,8718,255,537,792,0,1
flush,miss,8719,2564,15069,17633,48,1
flush,hit,8719,255,564,819,0,1
flush,miss,8720,2604,11063,13667,56,1
flush,hit,8720,259,566,825,0,1
flush,miss,8721,2524,13083,15607,52,1
flush,hit,8721,258,547,805,0,1
flush,miss,8722,2426,11089,13515,56,1
flush,hit,8722,273,553,826,0,1
flush,miss,8723,2568,10558,13126,53,1
flush,hit,8723,263,554,817,0,1
flush,miss,8724,2351,9664,12015,48,1
flush,hit,8724,256,547,803,0,1
flush,miss,8725,2947,11129,14076,56,1
flush,hit,8725,360,812,1172,0,1
flush,miss,8726,2438,11206,13644,57,1
flush,hit,8726,256,561,817,0,1
flush,miss,8727,2542,11119,13661,56,1
flush,hit,8727,259,557,816,0,1
flush,miss,8728,2370,10846,13216,55,1
flush,hit,8728,253,546,799,0,1
flush,miss,8729,2524,10930,13454,55,1
flush,hit,8729,252,565,817,0,1
flush,miss,8730,2364,11338,13702,58,1
flush,hit,8730,334,778,1112,0,1
flush,miss,8731,2630,11167,13797,57,1
flush,hit,8731,268,613,881,0,1
flush,miss,8732,2374,11056,13430,56,1
flush,hit,8732,261,558,819,0,1
flush,miss,8733,2526,10886,13412,55,1
flush,hit,8733,260,565,825,0,1
flush,miss,8734,2415,11166,13581,57,1
flush,hit,8734,4640,647,5287,0,1
flush,miss,8735,2558,11381,13939,58,1
flush,hit,8735,268,590,858,0,1
flush,miss,8736,2395,13228,15623,43,1
flush,hit,8736,276,578,854,0,1
flush,miss,8737,2488,11462,13950,58,1
flush,hit,8737,259,563,822,0,1
flush,miss,8738,2392,11172,13564,57,1
flush,hit,8738,262,544,806,0,1
flush,miss,8739,2541,11235,13776,57,1
flush,hit,8739,260,542,802,0,1
flush,miss,8740,2337,10789,13126,55,1
flush,hit,8740,252,560,812,0,1
flush,miss,8741,2521,12876,15397,42,1
flush,hit,8741,254,551,805,0,1
flush,miss,8742,2540,10874,13414,55,1
flush,hit,8742,266,566,832,0,1
flush,miss,8743,2502,10928,13430,55,1
flush,hit,8743,259,561,820,0,1
flush,miss,8744,2362,10826,13188,55,1
flush,hit,8744,256,534,790,0,1
flush,miss,8745,2558,10855,13413,55,1
flush,hit,8745,258,553,811,0,1
flush,miss,8746,2381,11095,13476,56,1
flush,hit,8746,258,534,792,0,1
flush,miss,8747,2847,11084,13931,56,1
flush,hit,8747,318,756,1074,0,1
flush,miss,8748,2379,11213,13592,57,1
flush,hit,8748,253,568,821,0,1
flush,miss,8749,2549,11043,13592,56,1
flush,hit,8749,256,562,818,0,1
flush,miss,8750,2386,10836,13222,55,1
flush,hit,8750,256,538,794,0,1
flush,miss,8751,2574,10928,13502,55,1
flush,hit,8751,260,556,816,0,1
flush,miss,8752,2400,11382,13782,58,1
flush,hit,8752,318,770,1088,0,1
flush,miss,8753,2943,11652,14595,59,1
flush,hit,8753,314,753,1067,0,1
flush,miss,8754,2442,11695,14137,60,1
flush,hit,8754,268,566,834,0,1
flush,miss,8755,2511,11105,13616,56,1
flush,hit,8755,258,583,841,0,1
flush,miss,8756,2416,11332,13748,58,1
flush,hit,8756,261,558,819,0,1
flush,miss,8757,2583,11425,14008,58,1
flush,hit,8757,259,584,843,0,1
flush,miss,8758,2371,13133,15504,43,1
flush,hit,8758,269,587,856,0,1
flush,miss,8759,2547,11222,13769,57,1
flush,hit,8759,261,567,828,0,1
flush,miss,8760,2392,11573,13965,59,1
flush,hit,8760,257,569,826,0,1
flush,miss,8761,2517,11398,13915,58,1
flush,hit,8761,257,582,839,0,1
flush,miss,8762,2368,11222,13590,57,1
flush,hit,8762,257,572,829,0,1
flush,miss,8763,2538,12775,15313,42,1
flush,hit,8763,257,561,818,0,1
flush,miss,8764,2498,11438,13936,58,1
flush,hit,8764,263,581,844,0,1
flush,miss,8765,2510,11231,13741,57,1
flush,hit,8765,260,566,826,0,1
flush,miss,8766,2388,10963,13351,56,1
flush,hit,8766,297,711,1008,0,1
flush,miss,8767,2560,11054,13614,56,1
flush,hit,8767,270,583,853,0,1
flush,miss,8768,2335,10845,13180,55,1
flush,hit,8768,258,553,811,0,1
flush,miss,8769,2810,11124,13934,56,1
flush,hit,8769,323,790,1113,0,1
flush,miss,8770,2424,11040,13464,56,1
flush,hit,8770,262,563,825,0,1
flush,miss,8771,2580,11032,13612,56,1
flush,hit,8771,256,560,816,0,1
flush,miss,8772,2334,10837,13171,55,1
flush,hit,8772,260,562,822,0,1
flush,miss,8773,2565,11027,13592,56,1
flush,hit,8773,260,566,826,0,1
flush,miss,8774,2354,11377,13731,58,1
flush,hit,8774,323,768,1091,0,1
flush,miss,8775,2553,11007,13560,56,1
flush,hit,8775,263,612,875,0,1
flush,miss,8776,2371,10941,13312,56,1
flush,hit,8776,259,556,815,0,1
flush,miss,8777,2571,10816,13387,55,1
flush,hit,8777,257,564,821,0,1
flush,miss,8778,2361,11052,13413,56,1
flush,hit,8778,256,554,810,0,1
flush,miss,8779,2544,10873,13417,55,1
flush,hit,8779,257,571,828,0,1
flush,miss,8780,2385,12828,15213,42,1
flush,hit,8780,259,562,821,0,1
flush,miss,8781,2487,11063,13550,56,1
flush,hit,8781,251,570,821,0,1
flush,miss,8782,2390,10816,13206,55,1
flush,hit,8782,255,543,798,0,1
flush,miss,8783,2541,11048,13589,56,1
flush,hit,8783,253,558,811,0,1
flush,miss,8784,2358,10984,13342,56,1
flush,hit,8784,256,540,796,0,1
flush,miss,8785,3067,14093,17160,45,1
flush,hit,8785,310,753,1063,0,1
flush,miss,8786,2575,11546,14121,59,1
flush,hit,8786,259,567,826,0,1
flush,miss,8787,2524,11082,13606,56,1
flush,hit,8787,261,575,836,0,1
flush,miss,8788,2352,10974,13326,56,1
flush,hit,8788,260,542,802,0,1
flush,miss,8789,2503,11401,13904,58,1
flush,hit,8789,260,573,833,0,1
flush,miss,8790,2399,11010,13409,56,1
flush,hit,8790,256,533,789,0,1
flush,miss,8791,2882,10946,13828,55,1
flush,hit,8791,346,839,1185,0,1
flush,miss,8792,2346,11334,13680,58,1
flush,hit,8792,258,586,844,0,1
flush,miss,8793,2503,10863,13366,55,1
flush,hit,8793,264,581,845,0,1
flush,miss,8794,2400,11023,13423,56,1
flush,hit,8794,251,559,810,0,1
flush,miss,8795,2553,11101,13654,56,1
flush,hit,8795,257,574,831,0,1
flush,miss,8796,2348,11404,13752,58,1
flush,hit,8796,344,838,1182,0,1
flush,miss,8797,2578,11185,13763,57,1
flush,hit,8797,264,615,879,0,1
flush,miss,8798,2340,11509,13849,29,1
flush,hit,8798,262,573,835,0,1
flush,miss,8799,2553,10838,13391,55,1
flush,hit,8799,264,566,830,0,1
flush,miss,8800,2358,11286,13644,58,1
flush,hit,8800,270,558,828,0,1
flush,miss,8801,2517,11391,13908,58,1
flush,hit,8801,263,562,825,0,1
flush,miss,8802,2351,16204,18555,57,1
flush,hit,8802,262,611,873,0,1
flush,miss,8803,2500,11494,13994,59,1
flush,hit,8803,262,575,837,0,1
flush,miss,8804,2359,10964,13323,56,1
flush,hit,8804,260,550,810,0,1
flush,miss,8805,2507,11346,13853,58,1
flush,hit,8805,254,553,807,0,1
flush,miss,8806,2369,10993,13362,48,1
flush,hit,8806,266,1360,1626,0,1
flush,miss,8807,2542,15606,18148,56,1
flush,hit,8807,257,569,826,0,1
flush,miss,8808,2676,10967,13643,55,1
flush,hit,8808,265,554,819,0,1
flush,miss,8809,2516,11100,13616,56,1
flush,hit,8809,259,552,811,0,1
flush,miss,8810,2355,10989,13344,56,1
flush,hit,8810,263,524,787,0,1
flush,miss,8811,2516,10835,13351,55,1
flush,hit,8811,259,549,808,0,1
flush,miss,8812,2328,10795,13123,55,1
flush,hit,8812,257,533,790,0,1
flush,miss,8813,2933,11100,14033,56,1
flush,hit,8813,369,818,1187,0,1
flush,miss,8814,2448,11024,13472,56,1
flush,hit,8814,246,563,809,0,1
flush,miss,8815,2533,11267,13800,57,1
flush,hit,8815,257,543,800,0,1
flush,miss,8816,2375,11075,13450,56,1
flush,hit,8816,289,610,899,0,1
flush,miss,8817,2544,11049,13593,56,1
flush,hit,8817,263,576,839,0,1
flush,miss,8818,2352,11458,13810,59,1
flush,hit,8818,367,842,1209,0,1
flush,miss,8819,2571,11202,13773,57,1
flush,hit,8819,294,625,919,0,1
flush,miss,8820,2384,11375,13759,58,1
flush,hit,8820,265,566,831,0,1
flush,miss,8821,2564,10996,13560,56,1
flush,hit,8821,270,560,830,0,1
flush,miss,8822,2388,11206,13594,57,1
flush,hit,8822,257,548,805,0,1
flush,miss,8823,2619,11383,14002,58,1
flush,hit,8823,259,568,827,0,1
flush,miss,8824,2431,13116,15547,43,1
flush,hit,8824,258,576,834,0,1
flush,miss,8825,2513,11089,13602,56,1
flush,hit,8825,260,582,842,0,1
flush,miss,8826,2347,11065,13412,56,1
flush,hit,8826,255,539,794,0,1
flush,miss,8827,2547,11328,13875,58,1
flush,hit,8827,259,554,813,0,1
flush,miss,8828,2370,11208,13578,57,1
flush,hit,8828,257,556,813,0,1
flush,miss,8829,2549,13362,15911,29,1
flush,hit,8829,258,567,825,0,1
flush,miss,8830,2671,11034,13705,56,1
flush,hit,8830,256,557,813,0,1
flush,miss,8831,2550,11089,13639,56,1
flush,hit,8831,261,575,836,0,1
flush,miss,8832,2399,10952,13351,56,1
flush,hit,8832,263,544,807,0,1
flush,miss,8833,2536,10916,13452,55,1
flush,hit,8833,256,561,817,0,1
flush,miss,8834,2409,10797,13206,55,1
flush,hit,8834,257,545,802,0,1
flush,miss,8835,2822,11092,13914,56,1
flush,hit,8835,328,759,1087,0,1
flush,miss,8836,2375,10841,13216,55,1
flush,hit,8836,259,565,824,0,1
flush,miss,8837,2550,11276,13826,57,1
flush,hit,8837,257,577,834,0,1
flush,miss,8838,2335,10995,13330,56,1
flush,hit,8838,258,541,799,0,1
flush,miss,8839,2500,10888,13388,55,1
flush,hit,8839,251,551,802,0,1
flush,miss,8840,2401,11358,13759,58,1
flush,hit,8840,324,773,1097,0,1
flush,miss,8841,2565,11070,13635,56,1
flush,hit,8841,280,589,869,0,1
flush,miss,8842,2364,10990,13354,56,1
flush,hit,8842,267,554,821,0,1
flush,miss,8843,2550,10837,13387,55,1
flush,hit,8843,258,553,811,0,1
flush,miss,8844,2383,10926,13309,56,1
flush,hit,8844,260,552,812,0,1
flush,miss,8845,2546,11334,13880,58,1
flush,hit,8845,256,560,816,0,1
flush,miss,8846,2403,12924,15327,43,1
flush,hit,8846,257,553,810,0,1
flush,miss,8847,2544,10830,13374,55,1
flush,hit,8847,260,541,801,0,1
flush,miss,8848,2385,14437,16822,51,1
flush,hit,8848,256,574,830,0,1
flush,miss,8849,2574,11409,13983,58,1
flush,hit,8849,257,547,804,0,1
flush,miss,8850,2307,11217,13524,57,1
flush,hit,8850,257,552,809,0,1
flush,miss,8851,2617,15954,18571,49,1
flush,hit,8851,273,551,824,0,1
flush,miss,8852,2674,11361,14035,58,1
flush,hit,8852,262,585,847,0,1
flush,miss,8853,2528,10976,13504,56,1
flush,hit,8853,258,552,810,0,1
flush,miss,8854,2354,10945,13299,56,1
flush,hit,8854,258,546,804,0,1
flush,miss,8855,2534,11028,13562,56,1
flush,hit,8855,257,566,823,0,1
flush,miss,8856,2327,10733,13060,54,1
flush,hit,8856,258,555,813,0,1
flush,miss,8857,2906,10961,13867,55,1
flush,hit,8857,364,818,1182,0,1
flush,miss,8858,2352,11174,13526,57,1
flush,hit,8858,248,565,813,0,1
flush,miss,8859,2546,10875,13421,55,1
flush,hit,8859,260,562,822,0,1
flush,miss,8860,2392,10858,13250,55,1
flush,hit,8860,257,558,815,0,1
flush,miss,8861,2604,11061,13665,56,1
flush,hit,8861,266,617,883,0,1
flush,miss,8862,2330,10950,13280,56,1
flush,hit,8862,352,811,1163,0,1
flush,miss,8863,2580,11016,13596,56,1
flush,hit,8863,262,593,855,0,1
flush,miss,8864,2369,11279,13648,58,1
flush,hit,8864,258,564,822,0,1
flush,miss,8865,2503,11093,13596,56,1
flush,hit,8865,256,562,818,0,1
flush,miss,8866,2377,11336,13713,58,1
flush,hit,8866,255,541,796,0,1
flush,miss,8867,2525,11220,13745,57,1
flush,hit,8867,258,562,820,0,1
flush,miss,8868,2379,15509,17888,49,1
flush,hit,8868,263,598,861,0,1
flush,miss,8869,2535,11369,13904,58,1
flush,hit,8869,253,577,830,0,1
flush,miss,8870,2370,11027,13397,56,1
flush,hit,8870,259,559,818,0,1
flush,miss,8871,2555,11029,13584,56,1
flush,hit,8871,254,566,820,0,1
flush,miss,8872,2382,10987,13369,56,1
flush,hit,8872,255,551,806,0,1
flush,miss,8873,2531,15405,17936,48,1
flush,hit,8873,254,555,809,0,1
flush,miss,8874,2589,11115,13704,56,1
flush,hit,8874,259,556,815,0,1
flush,miss,8875,2585,10982,13567,56,1
flush,hit,8875,257,550,807,0,1
flush,miss,8876,2366,10959,13325,56,1
flush,hit,8876,254,554,808,0,1
flush,miss,8877,2499,10847,13346,55,1
flush,hit,8877,255,561,816,0,1
flush,miss,8878,2402,10834,13236,55,1
flush,hit,8878,255,533,788,0,1
flush,miss,8879,2892,14008,16900,52,1
flush,hit,8879,341,809,1150,0,1
flush,miss,8880,2684,11085,13769,56,1
flush,hit,8880,262,584,846,0,1
flush,miss,8881,2485,11267,13752,57,1
flush,hit,8881,264,580,844,0,1
flush,miss,8882,2323,10992,13315,56,1
flush,hit,8882,264,565,829,0,1
flush,miss,8883,2531,10962,13493,56,1
flush,hit,8883,264,562,826,0,1
flush,miss,8884,2379,11594,13973,59,1
flush,hit,8884,324,809,1133,0,1
flush,miss,8885,2665,11267,13932,57,1
flush,hit,8885,256,604,860,0,1
flush,miss,8886,2379,11009,13388,56,1
flush,hit,8886,254,557,811,0,1
flush,miss,8887,2557,10920,13477,55,1
flush,hit,8887,266,558,824,0,1
flush,miss,8888,2474,11354,13828,58,1
flush,hit,8888,261,571,832,0,1
flush,miss,8889,2548,11400,13948,58,1
flush,hit,8889,261,574,835,0,1
flush,miss,8890,2431,13987,16418,43,1
flush,hit,8890,266,584,850,0,1
flush,miss,8891,2557,11233,13790,57,1
flush,hit,8891,260,553,813,0,1
flush,miss,8892,2342,11097,13439,56,1
flush,hit,8892,273,678,951,0,1
flush,miss,8893,2568,11582,14150,59,1
flush,hit,8893,253,569,822,0,1
flush,miss,8894,2299,11165,13464,57,1
flush,hit,8894,252,561,813,0,1
flush,miss,8895,2545,15865,18410,51,1
flush,hit,8895,253,548,801,0,1
flush,miss,8896,2659,10873,13532,55,1
flush,hit,8896,261,621,882,0,1
flush,miss,8897,2532,11041,13573,56,1
flush,hit,8897,260,559,819,0,1
flush,miss,8898,2339,11029,13368,56,1
flush,hit,8898,253,549,802,0,1
flush,miss,8899,2501,10982,13483,56,1
flush,hit,8899,261,552,813,0,1
flush,miss,8900,2369,10861,13230,55,1
flush,hit,8900,254,536,790,0,1
flush,miss,8901,2886,11335,14221,57,1
flush,hit,8901,330,796,1126,0,1
flush,miss,8902,2395,11034,13429,56,1
flush,hit,8902,260,565,825,0,1
flush,miss,8903,2556,10992,13548,56,1
flush,hit,8903,258,573,831,0,1
flush,miss,8904,2431,11017,13448,56,1
flush,hit,8904,252,548,800,0,1
flush,miss,8905,2537,10828,13365,55,1
flush,hit,8905,257,558,815,0,1
flush,miss,8906,2392,11390,13782,58,1
flush,hit,8906,334,803,1137,0,1
flush,miss,8907,2581,10919,13500,55,1
flush,hit,8907,257,591,848,0,1
flush,miss,8908,2361,11190,13551,49,1
flush,hit,8908,258,1517,1775,0,1
flush,miss,8909,2542,10842,13384,55,1
flush,hit,8909,253,564,817,0,1
flush,miss,8910,2344,11197,13541,57,1
flush,hit,8910,251,558,809,0,1
flush,miss,8911,2768,12091,14859,62,1
flush,hit,8911,272,650,922,0,1
flush,miss,8912,2354,16151,18505,51,1
flush,hit,8912,269,637,906,0,1
flush,miss,8913,2497,11636,14133,59,1
flush,hit,8913,255,575,830,0,1
flush,miss,8914,2363,11295,13658,57,1
flush,hit,8914,262,553,815,0,1
flush,miss,8915,2535,11482,14017,59,1
flush,hit,8915,256,561,817,0,1
flush,miss,8916,2346,11232,13578,57,1
flush,hit,8916,251,565,816,0,1
flush,miss,8917,2510,15192,17702,49,1
flush,hit,8917,253,564,817,0,1
flush,miss,8918,2682,11011,13693,56,1
flush,hit,8918,271,579,850,0,1
flush,miss,8919,2537,11050,13587,56,1
flush,hit,8919,255,554,809,0,1
flush,miss,8920,2375,11050,13425,56,1
flush,hit,8920,256,553,809,0,1
flush,miss,8921,2546,11187,13733,57,1
flush,hit,8921,254,572,826,0,1
flush,miss,8922,2329,10984,13313,56,1
flush,hit,8922,253,551,804,0,1
flush,miss,8923,2922,10905,13827,55,1
flush,hit,8923,329,812,1141,0,1
flush,miss,8924,2667,11084,13751,56,1
flush,hit,8924,254,578,832,0,1
flush,miss,8925,2534,10979,13513,56,1
flush,hit,8925,265,563,828,0,1
flush,miss,8926,2380,10794,13174,55,1
flush,hit,8926,272,533,805,0,1
flush,miss,8927,2437,11033,13470,56,1
flush,hit,8927,265,549,814,0,1
flush,miss,8928,2304,10996,13300,56,1
flush,hit,8928,322,791,1113,0,1
flush,miss,8929,2542,11266,13808,57,1
flush,hit,8929,275,606,881,0,1
flush,miss,8930,2375,11295,13670,58,1
flush,hit,8930,260,549,809,0,1
flush,miss,8931,2506,10929,13435,55,1
flush,hit,8931,265,552,817,0,1
flush,miss,8932,2394,11352,13746,58,1
flush,hit,8932,254,548,802,0,1
flush,miss,8933,2552,11052,13604,56,1
flush,hit,8933,260,557,817,0,1
flush,miss,8934,2434,12855,15289,42,1
flush,hit,8934,254,552,806,0,1
flush,miss,8935,2547,11359,13906,58,1
flush,hit,8935,263,558,821,0,1
flush,miss,8936,2349,11048,13397,56,1
flush,hit,8936,251,540,791,0,1
flush,miss,8937,2552,11025,13577,56,1
flush,hit,8937,263,542,805,0,1
flush,miss,8938,2403,11077,13480,56,1
flush,hit,8938,248,537,785,0,1
flush,miss,8939,2550,12739,15289,42,1
flush,hit,8939,261,545,806,0,1
flush,miss,8940,2499,10997,13496,56,1
flush,hit,8940,252,547,799,0,1
flush,miss,8941,2535,11033,13568,56,1
flush,hit,8941,251,541,792,0,1
flush,miss,8942,2398,10805,13203,55,1
flush,hit,8942,323,694,1017,0,1
flush,miss,8943,2557,11086,13643,56,1
flush,hit,8943,258,573,831,0,1
flush,miss,8944,2357,11014,13371,56,1
flush,hit,8944,249,560,809,0,1
flush,miss,8945,2926,11027,13953,56,1
flush,hit,8945,361,842,1203,0,1
flush,miss,8946,2367,11181,13548,57,1
flush,hit,8946,245,564,809,0,1
flush,miss,8947,2553,11122,13675,57,1
flush,hit,8947,272,563,835,0,1
flush,miss,8948,2403,10834,13237,55,1
flush,hit,8948,268,556,824,0,1
flush,miss,8949,2523,10834,13357,55,1
flush,hit,8949,259,564,823,0,1
flush,miss,8950,2350,11170,13520,57,1
flush,hit,8950,336,781,1117,0,1
flush,miss,8951,2577,11237,13814,57,1
flush,hit,8951,261,604,865,0,1
flush,miss,8952,2363,11004,13367,56,1
flush,hit,8952,267,561,828,0,1
flush,miss,8953,2550,13311,15861,62,1
flush,hit,8953,256,572,828,0,1
flush,miss,8954,2361,13048,15409,67,1
flush,hit,8954,258,669,927,0,1
flush,miss,8955,3908,20340,24248,107,1
flush,hit,8955,682,1399,2081,0,1
flush,miss,8956,2252,18475,20727,65,1
flush,hit,8956,381,633,1014,0,1
flush,miss,8957,2647,11591,14238,59,1
flush,hit,8957,278,573,851,0,1
flush,miss,8958,2333,12036,14369,59,1
flush,hit,8958,257,539,796,0,1
flush,miss,8959,2534,12320,14854,63,1
flush,hit,8959,1142,559,1701,0,1
flush,miss,8960,2342,13475,15817,64,1
flush,hit,8960,252,543,795,0,1
flush,miss,8961,2439,17114,19553,55,1
flush,hit,8961,250,546,796,0,1
flush,miss,8962,3058,12392,15450,64,1
flush,hit,8962,257,567,824,0,1
flush,miss,8963,3939,13187,17126,68,1
flush,hit,8963,258,553,811,0,1
flush,miss,8964,2379,12543,14922,62,1
flush,hit,8964,252,544,796,0,1
flush,miss,8965,3052,11570,14622,59,1
flush,hit,8965,255,606,861,0,1
flush,miss,8966,2532,11056,13588,56,1
flush,hit,8966,253,534,787,0,1
flush,miss,8967,3947,13950,17897,72,1
flush,hit,8967,336,825,1161,0,1
flush,miss,8968,2861,13279,16140,68,1
flush,hit,8968,254,560,814,0,1
flush,miss,8969,2628,12023,14651,59,1
flush,hit,8969,257,555,812,0,1
flush,miss,8970,2929,14036,16965,70,1
flush,hit,8970,296,933,1229,0,1
flush,miss,8971,2909,14184,17093,72,1
flush,hit,8971,256,571,827,0,1
flush,miss,8972,2679,21625,24304,114,1
flush,hit,8972,327,809,1136,0,1
flush,miss,8973,2743,11263,14006,57,1
flush,hit,8973,266,1259,1525,0,1
flush,miss,8974,2700,13553,16253,71,1
flush,hit,8974,263,558,821,0,1
flush,miss,8975,4126,13968,18094,67,1
flush,hit,8975,252,571,823,0,1
flush,miss,8976,3241,12797,16038,62,1
flush,hit,8976,266,574,840,0,1
flush,miss,8977,2537,15991,18528,85,1
flush,hit,8977,255,574,829,0,1
flush,miss,8978,2208,15836,18044,56,1
flush,hit,8978,266,601,867,0,1
flush,miss,8979,2982,13506,16488,65,1
flush,hit,8979,259,571,830,0,1
flush,miss,8980,2407,11570,13977,59,1
flush,hit,8980,261,1176,1437,0,1
flush,miss,8981,2692,13289,15981,63,1
flush,hit,8981,249,4428,4677,0,1
flush,miss,8982,2540,12433,14973,64,1
flush,hit,8982,255,568,823,0,1
flush,miss,8983,2735,14638,17373,47,1
flush,hit,8983,252,543,795,0,1
flush,miss,8984,2720,11854,14574,57,1
flush,hit,8984,258,561,819,0,1
flush,miss,8985,2533,11353,13886,57,1
flush,hit,8985,254,548,802,0,1
flush,miss,8986,2551,11033,13584,56,1
flush,hit,8986,315,539,854,0,1
flush,miss,8987,2560,12057,14617,62,1
flush,hit,8987,253,552,805,0,1
flush,miss,8988,2625,12452,15077,62,1
flush,hit,8988,256,528,784,0,1
flush,miss,8989,4388,13262,17650,63,1
flush,hit,8989,311,957,1268,0,1
flush,miss,8990,2875,11582,14457,59,1
flush,hit,8990,256,643,899,0,1
flush,miss,8991,2548,12911,15459,67,1
flush,hit,8991,255,865,1120,0,1
flush,miss,8992,2343,13806,16149,71,1
flush,hit,8992,257,549,806,0,1
flush,miss,8993,3653,11878,15531,61,1
flush,hit,8993,256,567,823,0,1
flush,miss,8994,2309,12467,14776,65,1
flush,hit,8994,336,781,1117,0,1
flush,miss,8995,2576,11409,13985,58,1
flush,hit,8995,258,830,1088,0,1
flush,miss,8996,2689,11115,13804,57,1
flush,hit,8996,257,552,809,0,1
flush,miss,8997,2910,11100,14010,56,1
flush,hit,8997,256,563,819,0,1
flush,miss,8998,2375,16169,18544,58,1
flush,hit,8998,258,595,853,0,1
flush,miss,8999,2894,13089,15983,68,1
flush,hit,8999,257,649,906,0,1
flush,miss,9000,2419,16437,18856,53,1
flush,hit,9000,256,607,863,0,1
flush,miss,9001,2869,11338,14207,58,1
flush,hit,9001,260,563,823,0,1
flush,miss,9002,2367,12418,14785,64,1
flush,hit,9002,267,548,815,0,1
flush,miss,9003,3016,12012,15028,60,1
flush,hit,9003,260,556,816,0,1
flush,miss,9004,2341,12384,14725,64,1
flush,hit,9004,258,537,795,0,1
flush,miss,9005,2604,17343,19947,65,1
flush,hit,9005,260,549,809,0,1
flush,miss,9006,2804,12259,15063,63,1
flush,hit,9006,266,570,836,0,1
flush,miss,9007,2724,11376,14100,55,1
flush,hit,9007,259,556,815,0,1
flush,miss,9008,2630,11564,14194,58,1
flush,hit,9008,260,540,800,0,1
flush,miss,9009,2979,11382,14361,58,1
flush,hit,9009,261,545,806,0,1
flush,miss,9010,2427,16345,18772,60,1
flush,hit,9010,259,582,841,0,1
flush,miss,9011,3201,11564,14765,59,1
flush,hit,9011,330,1161,1491,0,1
flush,miss,9012,2336,11536,13872,58,1
flush,hit,9012,260,559,819,0,1
flush,miss,9013,2725,12034,14759,61,1
flush,hit,9013,256,568,824,0,1
flush,miss,9014,3034,12252,15286,61,1
flush,hit,9014,258,550,808,0,1
flush,miss,9015,2554,11350,13904,58,1
flush,hit,9015,257,548,805,0,1
flush,miss,9016,2404,22511,24915,122,1
flush,hit,9016,317,763,1080,0,1
flush,miss,9017,2552,11128,13680,56,1
flush,hit,9017,275,772,1047,0,1
flush,miss,9018,2356,11156,13512,57,1
flush,hit,9018,258,563,821,0,1
flush,miss,9019,2616,11087,13703,56,1
flush,hit,9019,256,566,822,0,1
flush,miss,9020,2361,10934,13295,56,1
flush,hit,9020,262,544,806,0,1
flush,miss,9021,2517,11566,14083,59,1
flush,hit,9021,258,548,806,0,1
flush,miss,9022,2386,15438,17824,56,1
flush,hit,9022,273,669,942,0,1
flush,miss,9023,2540,10991,13531,55,1
flush,hit,9023,258,579,837,0,1
flush,miss,9024,2349,11054,13403,56,1
flush,hit,9024,250,551,801,0,1
flush,miss,9025,2532,11138,13670,56,1
flush,hit,9025,260,556,816,0,1
flush,miss,9026,2452,10790,13242,55,1
flush,hit,9026,255,551,806,0,1
flush,miss,9027,6009,17860,23869,66,1
flush,hit,9027,254,567,821,0,1
flush,miss,9028,2713,11623,14336,59,1
flush,hit,9028,260,584,844,0,1
flush,miss,9029,2560,10994,13554,56,1
flush,hit,9029,262,574,836,0,1
flush,miss,9030,2292,11040,13332,56,1
flush,hit,9030,253,569,822,0,1
flush,miss,9031,2546,11242,13788,57,1
flush,hit,9031,254,577,831,0,1
flush,miss,9032,2321,10935,13256,56,1
flush,hit,9032,254,559,813,0,1
flush,miss,9033,2991,11282,14273,57,1
flush,hit,9033,348,805,1153,0,1
flush,miss,9034,2351,11190,13541,57,1
flush,hit,9034,258,583,841,0,1
flush,miss,9035,2545,11068,13613,56,1
flush,hit,9035,260,580,840,0,1
flush,miss,9036,2423,11121,13544,56,1
flush,hit,9036,268,558,826,0,1
flush,miss,9037,2553,11096,13649,56,1
flush,hit,9037,251,568,819,0,1
flush,miss,9038,2359,11170,13529,57,1
flush,hit,9038,320,807,1127,0,1
flush,miss,9039,2535,12117,14652,62,1
flush,hit,9039,258,634,892,0,1
flush,miss,9040,2343,14235,16578,46,1
flush,hit,9040,258,575,833,0,1
flush,miss,9041,2522,10932,13454,55,1
flush,hit,9041,263,567,830,0,1
flush,miss,9042,2380,10848,13228,55,1
flush,hit,9042,262,549,811,0,1
flush,miss,9043,2606,11435,14041,58,1
flush,hit,9043,265,568,833,0,1
flush,miss,9044,2389,13731,16120,44,1
flush,hit,9044,252,551,803,0,1
flush,miss,9045,2501,11060,13561,56,1
flush,hit,9045,252,552,804,0,1
flush,miss,9046,2361,10914,13275,55,1
flush,hit,9046,253,534,787,0,1
flush,miss,9047,2612,11128,13740,56,1
flush,hit,9047,252,554,806,0,1
flush,miss,9048,2385,10777,13162,55,1
flush,hit,9048,251,539,790,0,1
flush,miss,9049,2542,12928,15470,42,1
flush,hit,9049,250,556,806,0,1
flush,miss,9050,2543,11681,14224,60,1
flush,hit,9050,254,557,811,0,1
flush,miss,9051,2495,10779,13274,54,1
flush,hit,9051,252,556,808,0,1
flush,miss,9052,2388,11177,13565,57,1
flush,hit,9052,259,548,807,0,1
flush,miss,9053,2556,11036,13592,56,1
flush,hit,9053,257,551,808,0,1
flush,miss,9054,2289,11010,13299,56,1
flush,hit,9054,254,542,796,0,1
flush,miss,9055,2847,11640,14487,59,1
flush,hit,9055,307,809,1116,0,1
flush,miss,9056,2361,11735,14096,60,1
flush,hit,9056,256,561,817,0,1
flush,miss,9057,2533,10985,13518,56,1
flush,hit,9057,253,556,809,0,1
flush,miss,9058,2380,11023,13403,56,1
flush,hit,9058,451,1605,2056,0,1
flush,miss,9059,2591,11175,13766,56,1
flush,hit,9059,273,594,867,0,1
flush,miss,9060,2370,11498,13868,59,1
flush,hit,9060,334,870,1204,0,1
flush,miss,9061,2493,12559,15052,65,1
flush,hit,9061,285,627,912,0,1
flush,miss,9062,2307,11207,13514,57,1
flush,hit,9062,260,557,817,0,1
flush,miss,9063,2540,11170,13710,56,1
flush,hit,9063,260,574,834,0,1
flush,miss,9064,2332,12297,14629,64,1
flush,hit,9064,319,568,887,0,1
flush,miss,9065,2529,11946,14475,60,1
flush,hit,9065,263,649,912,0,1
flush,miss,9066,2303,16516,18819,50,1
flush,hit,9066,408,802,1210,0,1
flush,miss,9067,2516,14137,16653,72,1
flush,hit,9067,267,572,839,0,1
flush,miss,9068,2411,12667,15078,65,1
flush,hit,9068,269,560,829,0,1
flush,miss,9069,2645,16535,19180,88,1
flush,hit,9069,313,557,870,0,1
flush,miss,9070,2174,12358,14532,64,1
flush,hit,9070,258,863,1121,0,1
flush,miss,9071,2686,16575,19261,58,1
flush,hit,9071,290,673,963,0,1
flush,miss,9072,2597,11401,13998,58,1
flush,hit,9072,251,605,856,0,1
flush,miss,9073,2548,11049,13597,56,1
flush,hit,9073,260,613,873,0,1
flush,miss,9074,2310,10989,13299,56,1
flush,hit,9074,258,544,802,0,1
flush,miss,9075,2547,11138,13685,56,1
flush,hit,9075,264,549,813,0,1
flush,miss,9076,2398,10981,13379,56,1
flush,hit,9076,256,541,797,0,1
flush,miss,9077,2969,10904,13873,55,1
flush,hit,9077,332,856,1188,0,1
flush,miss,9078,2425,11065,13490,56,1
flush,hit,9078,259,551,810,0,1
flush,miss,9079,2553,11027,13580,56,1
flush,hit,9079,265,558,823,0,1
flush,miss,9080,2389,10684,13073,54,1
flush,hit,9080,260,547,807,0,1
flush,miss,9081,2502,10938,13440,55,1
flush,hit,9081,262,568,830,0,1
flush,miss,9082,2347,11500,13847,59,1
flush,hit,9082,342,807,1149,0,1
flush,miss,9083,2602,11069,13671,56,1
flush,hit,9083,270,608,878,0,1
flush,miss,9084,2369,11207,13576,57,1
flush,hit,9084,260,556,816,0,1
flush,miss,9085,2526,10854,13380,55,1
flush,hit,9085,269,553,822,0,1
flush,miss,9086,2360,11048,13408,56,1
flush,hit,9086,262,542,804,0,1
flush,miss,9087,2545,11741,14286,60,1
flush,hit,9087,253,553,806,0,1
flush,miss,9088,2356,15457,17813,48,1
flush,hit,9088,249,607,856,0,1
flush,miss,9089,2905,12347,15252,63,1
flush,hit,9089,289,625,914,0,1
flush,miss,9090,2410,11547,13957,59,1
flush,hit,9090,255,556,811,0,1
flush,miss,9091,2559,11963,14522,61,1
flush,hit,9091,256,561,817,0,1
flush,miss,9092,2331,11212,13543,57,1
flush,hit,9092,248,552,800,0,1
flush,miss,9093,2509,15331,17840,56,1
flush,hit,9093,249,567,816,0,1
flush,miss,9094,2547,11195,13742,57,1
flush,hit,9094,249,565,814,0,1
flush,miss,9095,2554,11685,14239,59,1
flush,hit,9095,260,570,830,0,1
flush,miss,9096,2378,10835,13213,55,1
flush,hit,9096,254,553,807,0,1
flush,miss,9097,2678,11060,13738,56,1
flush,hit,9097,254,621,875,0,1
flush,miss,9098,2373,11899,14272,60,1
flush,hit,9098,253,556,809,0,1
flush,miss,9099,3228,11443,14671,58,1
flush,hit,9099,310,1108,1418,0,1
flush,miss,9100,2466,11040,13506,56,1
flush,hit,9100,249,576,825,0,1
flush,miss,9101,2520,14671,17191,56,1
flush,hit,9101,259,580,839,0,1
flush,miss,9102,2623,11282,13905,57,1
flush,hit,9102,255,555,810,0,1
flush,miss,9103,2575,11061,13636,56,1
flush,hit,9103,257,560,817,0,1
flush,miss,9104,2389,10981,13370,56,1
flush,hit,9104,313,772,1085,0,1
flush,miss,9105,2617,11108,13725,56,1
flush,hit,9105,273,624,897,0,1
flush,miss,9106,2380,11485,13865,59,1
flush,hit,9106,252,543,795,0,1
flush,miss,9107,2536,10919,13455,55,1
flush,hit,9107,260,559,819,0,1
flush,miss,9108,2422,10998,13420,56,1
flush,hit,9108,261,556,817,0,1
flush,miss,9109,2555,11372,13927,58,1
flush,hit,9109,261,565,826,0,1
flush,miss,9110,2417,13689,16106,43,1
flush,hit,9110,261,580,841,0,1
flush,miss,9111,2516,11786,14302,60,1
flush,hit,9111,259,588,847,0,1
flush,miss,9112,2387,11128,13515,57,1
flush,hit,9112,251,542,793,0,1
flush,miss,9113,2567,11087,13654,51,1
flush,hit,9113,268,2112,2380,0,1
flush,miss,9114,2315,11001,13316,56,1
flush,hit,9114,265,549,814,0,1
flush,miss,9115,2556,15613,18169,50,1
flush,hit,9115,258,547,805,0,1
flush,miss,9116,2645,11204,13849,57,1
flush,hit,9116,262,559,821,0,1
flush,miss,9117,2507,11083,13590,56,1
flush,hit,9117,261,566,827,0,1
flush,miss,9118,2387,11001,13388,56,1
flush,hit,9118,261,535,796,0,1
flush,miss,9119,2541,10911,13452,55,1
flush,hit,9119,258,545,803,0,1
flush,miss,9120,2317,13274,15591,51,1
flush,hit,9120,257,556,813,0,1
flush,miss,9121,2920,11284,14204,57,1
flush,hit,9121,330,788,1118,0,1
flush,miss,9122,2369,11149,13518,57,1
flush,hit,9122,251,583,834,0,1
flush,miss,9123,2579,11249,13828,57,1
flush,hit,9123,258,574,832,0,1
flush,miss,9124,2372,11034,13406,56,1
flush,hit,9124,261,556,817,0,1
flush,miss,9125,2523,11475,13998,57,1
flush,hit,9125,263,574,837,0,1
flush,miss,9126,2373,11514,13887,59,1
flush,hit,9126,337,837,1174,0,1
flush,miss,9127,2591,11134,13725,56,1
flush,hit,9127,260,633,893,0,1
flush,miss,9128,2339,11399,13738,58,1
flush,hit,9128,259,580,839,0,1
flush,miss,9129,2564,10945,13509,55,1
flush,hit,9129,261,570,831,0,1
flush,miss,9130,2389,11351,13740,58,1
flush,hit,9130,265,561,826,0,1
flush,miss,9131,2514,11589,14103,59,1
flush,hit,9131,259,583,842,0,1
flush,miss,9132,2350,15442,17792,56,1
flush,hit,9132,267,608,875,0,1
flush,miss,9133,2706,11250,13956,57,1
flush,hit,9133,282,695,977,0,1
flush,miss,9134,2300,11197,13497,57,1
flush,hit,9134,266,552,818,0,1
flush,miss,9135,2525,11071,13596,56,1
flush,hit,9135,255,556,811,0,1
flush,miss,9136,2354,10841,13195,55,1
flush,hit,9136,263,604,867,0,1
flush,miss,9137,2474,15786,18260,58,1
flush,hit,9137,257,561,818,0,1
flush,miss,9138,2572,10990,13562,56,1
flush,hit,9138,266,558,824,0,1
flush,miss,9139,2545,11042,13587,56,1
flush,hit,9139,252,565,817,0,1
flush,miss,9140,2388,11058,13446,56,1
flush,hit,9140,255,570,825,0,1
flush,miss,9141,2510,11092,13602,56,1
flush,hit,9141,253,542,795,0,1
flush,miss,9142,2348,10805,13153,55,1
flush,hit,9142,258,544,802,0,1
flush,miss,9143,2804,11102,13906,56,1
flush,hit,9143,336,789,1125,0,1
flush,miss,9144,2423,10976,13399,56,1
flush,hit,9144,255,572,827,0,1
flush,miss,9145,2534,11300,13834,57,1
flush,hit,9145,256,565,821,0,1
flush,miss,9146,2396,10811,13207,55,1
flush,hit,9146,260,544,804,0,1
flush,miss,9147,2500,11219,13719,56,1
flush,hit,9147,265,562,827,0,1
flush,miss,9148,2359,11563,13922,59,1
flush,hit,9148,318,818,1136,0,1
flush,miss,9149,2557,11115,13672,56,1
flush,hit,9149,264,600,864,0,1
flush,miss,9150,2394,11021,13415,55,1
flush,hit,9150,261,554,815,0,1
flush,miss,9151,2584,12646,15230,37,1
flush,hit,9151,260,621,881,0,1
flush,miss,9152,2757,11556,14313,59,1
flush,hit,9152,251,563,814,0,1
flush,miss,9153,2513,11749,14262,60,1
flush,hit,9153,260,556,816,0,1
flush,miss,9154,2411,16038,18449,50,1
flush,hit,9154,273,601,874,0,1
flush,miss,9155,2532,11607,14139,59,1
flush,hit,9155,253,570,823,0,1
flush,miss,9156,2398,10801,13199,55,1
flush,hit,9156,254,561,815,0,1
flush,miss,9157,2517,11578,14095,59,1
flush,hit,9157,253,564,817,0,1
flush,miss,9158,2379,10966,13345,56,1
flush,hit,9158,257,559,816,0,1
flush,miss,9159,2571,15465,18036,56,1
flush,hit,9159,251,567,818,0,1
flush,miss,9160,2610,11234,13844,57,1
flush,hit,9160,272,583,855,0,1
flush,miss,9161,2490,11071,13561,56,1
flush,hit,9161,259,566,825,0,1
flush,miss,9162,2358,10934,13292,56,1
flush,hit,9162,259,577,836,0,1
flush,miss,9163,2617,11480,14097,58,1
flush,hit,9163,260,716,976,0,1
flush,miss,9164,2449,12928,15377,67,1
flush,hit,9164,277,667,944,0,1
flush,miss,9165,3010,11697,14707,59,1
flush,hit,9165,333,971,1304,0,1
flush,miss,9166,2394,11273,13667,57,1
flush,hit,9166,256,571,827,0,1
flush,miss,9167,2531,12099,14630,62,1
flush,hit,9167,257,574,831,0,1
flush,miss,9168,2357,48918,51275,277,1
flush,hit,9168,250,648,898,0,1
flush,miss,9169,2572,13100,15672,68,1
flush,hit,9169,257,576,833,0,1
flush,miss,9170,2249,12187,14436,63,1
flush,hit,9170,335,920,1255,0,1
flush,miss,9171,2631,11676,14307,58,1
flush,hit,9171,266,821,1087,0,1
flush,miss,9172,2424,11426,13850,58,1
flush,hit,9172,258,611,869,0,1
flush,miss,9173,2479,12501,14980,62,1
flush,hit,9173,266,617,883,0,1
flush,miss,9174,2458,11651,14109,57,1
flush,hit,9174,252,667,919,0,1
flush,miss,9175,2500,11383,13883,58,1
flush,hit,9175,322,680,1002,0,1
flush,miss,9176,2465,16168,18633,49,1
flush,hit,9176,255,658,913,0,1
flush,miss,9177,2737,12972,15709,61,1
flush,hit,9177,483,898,1381,0,1
flush,miss,9178,2873,11723,14596,60,1
flush,hit,9178,255,553,808,0,1
flush,miss,9179,2687,11388,14075,57,1
flush,hit,9179,250,838,1088,0,1
flush,miss,9180,2439,10910,13349,55,1
flush,hit,9180,264,626,890,0,1
flush,miss,9181,2624,15642,18266,47,1
flush,hit,9181,260,583,843,0,1
flush,miss,9182,2721,11250,13971,57,1
flush,hit,9182,261,581,842,0,1
flush,miss,9183,2457,10968,13425,55,1
flush,hit,9183,264,569,833,0,1
flush,miss,9184,2276,11686,13962,60,1
flush,hit,9184,255,556,811,0,1
flush,miss,9185,2503,11416,13919,58,1
flush,hit,9185,250,564,814,0,1
flush,miss,9186,2364,10969,13333,56,1
flush,hit,9186,260,561,821,0,1
flush,miss,9187,2902,11077,13979,56,1
flush,hit,9187,338,830,1168,0,1
flush,miss,9188,2392,11242,13634,57,1
flush,hit,9188,258,570,828,0,1
flush,miss,9189,2574,11210,13784,57,1
flush,hit,9189,259,598,857,0,1
flush,miss,9190,2396,11513,13909,59,1
flush,hit,9190,262,569,831,0,1
flush,miss,9191,2559,10875,13434,55,1
flush,hit,9191,266,572,838,0,1
flush,miss,9192,2395,11714,14109,60,1
flush,hit,9192,329,842,1171,0,1
flush,miss,9193,2913,11885,14798,59,1
flush,hit,9193,270,622,892,0,1
flush,miss,9194,2464,11374,13838,58,1
flush,hit,9194,257,564,821,0,1
flush,miss,9195,2536,11708,14244,60,1
flush,hit,9195,257,550,807,0,1
flush,miss,9196,2367,10967,13334,56,1
flush,hit,9196,255,557,812,0,1
flush,miss,9197,2569,11711,14280,60,1
flush,hit,9197,253,557,810,0,1
flush,miss,9198,2397,13579,15976,44,1
flush,hit,9198,267,573,840,0,1
flush,miss,9199,2502,11133,13635,57,1
flush,hit,9199,250,567,817,0,1
flush,miss,9200,2465,10842,13307,55,1
flush,hit,9200,249,535,784,0,1
flush,miss,9201,2510,10874,13384,55,1
flush,hit,9201,256,551,807,0,1
flush,miss,9202,2430,10895,13325,55,1
flush,hit,9202,256,540,796,0,1
flush,miss,9203,2526,12986,15512,42,1
flush,hit,9203,262,552,814,0,1
flush,miss,9204,2644,11092,13736,56,1
flush,hit,9204,257,577,834,0,1
flush,miss,9205,2526,11033,13559,56,1
flush,hit,9205,256,549,805,0,1
flush,miss,9206,2352,10861,13213,55,1
flush,hit,9206,257,543,800,0,1
flush,miss,9207,2505,10935,13440,55,1
flush,hit,9207,259,559,818,0,1
flush,miss,9208,2340,10929,13269,53,1
flush,hit,9208,262,544,806,0,1
flush,miss,9209,2766,11094,13860,56,1
flush,hit,9209,304,775,1079,0,1
flush,miss,9210,2431,10940,13371,56,1
flush,hit,9210,254,565,819,0,1
flush,miss,9211,2482,15784,18266,56,1
flush,hit,9211,259,565,824,0,1
flush,miss,9212,2649,65601,68250,377,1
flush,hit,9212,257,570,827,0,1
flush,miss,9213,2535,11093,13628,56,1
flush,hit,9213,263,556,819,0,1
flush,miss,9214,2426,11896,14322,61,1
flush,hit,9214,344,825,1169,0,1
flush,miss,9215,2655,11460,14115,52,1
flush,hit,9215,266,2382,2648,0,1
flush,miss,9216,2357,11500,13857,59,1
flush,hit,9216,260,583,843,0,1
flush,miss,9217,2534,54672,57206,312,1
flush,hit,9217,257,575,832,0,1
flush,miss,9218,2306,11020,13326,56,1
flush,hit,9218,252,565,817,0,1
flush,miss,9219,2524,11318,13842,58,1
flush,hit,9219,254,591,845,0,1
flush,miss,9220,2367,16184,18551,57,1
flush,hit,9220,271,619,890,0,1
flush,miss,9221,6737,7092,13829,32,1
flush,hit,9221,263,576,839,0,1
flush,miss,9222,2529,10934,13463,55,1
flush,hit,9222,251,534,785,0,1
flush,miss,9223,2541,11033,13574,56,1
flush,hit,9223,248,553,801,0,1
flush,miss,9224,2366,11026,13392,56,1
flush,hit,9224,245,538,783,0,1
flush,miss,9225,2517,15790,18307,51,1
flush,hit,9225,252,545,797,0,1
flush,miss,9226,2579,11231,13810,57,1
flush,hit,9226,273,558,831,0,1
flush,miss,9227,2540,10905,13445,55,1
flush,hit,9227,253,560,813,0,1
flush,miss,9228,2368,10847,13215,55,1
flush,hit,9228,258,544,802,0,1
flush,miss,9229,2562,10836,13398,55,1
flush,hit,9229,265,544,809,0,1
flush,miss,9230,2383,10822,13205,55,1
flush,hit,9230,253,540,793,0,1
flush,miss,9231,2933,11099,14032,56,1
flush,hit,9231,326,857,1183,0,1
flush,miss,9232,2399,11036,13435,56,1
flush,hit,9232,251,566,817,0,1
flush,miss,9233,2562,10888,13450,55,1
flush,hit,9233,255,562,817,0,1
flush,miss,9234,2390,10889,13279,55,1
flush,hit,9234,254,549,803,0,1
flush,miss,9235,2529,10878,13407,55,1
flush,hit,9235,251,567,818,0,1
flush,miss,9236,2363,11195,13558,57,1
flush,hit,9236,325,806,1131,0,1
flush,miss,9237,2614,11126,13740,56,1
flush,hit,9237,255,615,870,0,1
flush,miss,9238,2370,11157,13527,57,1
flush,hit,9238,256,551,807,0,1
flush,miss,9239,2581,11073,13654,56,1
flush,hit,9239,255,556,811,0,1
flush,miss,9240,2380,16863,19243,71,1
flush,hit,9240,250,659,909,0,1
flush,miss,9241,2589,11874,14463,61,1
flush,hit,9241,255,588,843,0,1
flush,miss,9242,2453,15323,17776,50,1
flush,hit,9242,259,575,834,0,1
flush,miss,9243,2518,11394,13912,58,1
flush,hit,9243,248,577,825,0,1
flush,miss,9244,2417,11084,13501,56,1
flush,hit,9244,254,554,808,0,1
flush,miss,9245,2512,11101,13613,56,1
flush,hit,9245,251,564,815,0,1
flush,miss,9246,2384,10803,13187,55,1
flush,hit,9246,251,544,795,0,1
flush,miss,9247,2520,12919,15439,42,1
flush,hit,9247,252,561,813,0,1
flush,miss,9248,2672,11067,13739,56,1
flush,hit,9248,250,546,796,0,1
flush,miss,9249,2585,11056,13641,56,1
flush,hit,9249,261,552,813,0,1
flush,miss,9250,2391,11253,13644,57,1
flush,hit,9250,272,542,814,0,1
flush,miss,9251,2538,10752,13290,54,1
flush,hit,9251,266,565,831,0,1
flush,miss,9252,2401,10977,13378,56,1
flush,hit,9252,263,544,807,0,1
flush,miss,9253,3237,11152,14389,56,1
flush,hit,9253,408,1000,1408,0,1
flush,miss,9254,2415,10932,13347,55,1
flush,hit,9254,264,564,828,0,1
flush,miss,9255,2596,11014,13610,56,1
flush,hit,9255,267,569,836,0,1
flush,miss,9256,2394,11129,13523,57,1
flush,hit,9256,261,550,811,0,1
flush,miss,9257,2546,10938,13484,55,1
flush,hit,9257,259,561,820,0,1
flush,miss,9258,2409,11730,14139,60,1
flush,hit,9258,324,821,1145,0,1
flush,miss,9259,2553,10936,13489,55,1
flush,hit,9259,260,610,870,0,1
flush,miss,9260,2392,11149,13541,57,1
flush,hit,9260,262,543,805,0,1
flush,miss,9261,2518,11167,13685,57,1
flush,hit,9261,258,560,818,0,1
flush,miss,9262,2381,11010,13391,56,1
flush,hit,9262,260,562,822,0,1
flush,miss,9263,2553,11571,14124,59,1
flush,hit,9263,260,550,810,0,1
flush,miss,9264,2361,13051,15412,43,1
flush,hit,9264,255,589,844,0,1
flush,miss,9265,2537,11249,13786,57,1
flush,hit,9265,254,544,798,0,1
flush,miss,9266,2398,10944,13342,56,1
flush,hit,9266,254,537,791,0,1
flush,miss,9267,2530,11034,13564,56,1
flush,hit,9267,261,526,787,0,1
flush,miss,9268,2375,10950,13325,56,1
flush,hit,9268,256,533,789,0,1
flush,miss,9269,2556,13243,15799,43,1
flush,hit,9269,260,528,788,0,1
flush,miss,9270,2578,11148,13726,57,1
flush,hit,9270,265,555,820,0,1
flush,miss,9271,2574,13814,16388,45,1
flush,hit,9271,262,576,838,0,1
flush,miss,9272,2758,11037,13795,56,1
flush,hit,9272,256,549,805,0,1
flush,miss,9273,2562,11217,13779,57,1
flush,hit,9273,260,552,812,0,1
flush,miss,9274,2367,10979,13346,56,1
flush,hit,9274,255,546,801,0,1
flush,miss,9275,3061,11709,14770,59,1
flush,hit,9275,342,814,1156,0,1
flush,miss,9276,2343,11388,13731,58,1
flush,hit,9276,263,553,816,0,1
flush,miss,9277,2513,11449,13962,58,1
flush,hit,9277,259,577,836,0,1
flush,miss,9278,2484,10972,13456,56,1
flush,hit,9278,257,538,795,0,1
flush,miss,9279,2515,11052,13567,56,1
flush,hit,9279,263,543,806,0,1
flush,miss,9280,2389,11157,13546,57,1
flush,hit,9280,351,799,1150,0,1
flush,miss,9281,2574,11378,13952,58,1
flush,hit,9281,254,608,862,0,1
flush,miss,9282,2392,11156,13548,57,1
flush,hit,9282,255,543,798,0,1
flush,miss,9283,2545,11131,13676,56,1
flush,hit,9283,258,552,810,0,1
flush,miss,9284,2365,11023,13388,56,1
flush,hit,9284,284,910,1194,0,1
flush,miss,9285,2550,11412,13962,58,1
flush,hit,9285,259,564,823,0,1
flush,miss,9286,2368,16436,18804,58,1
flush,hit,9286,262,600,862,0,1
flush,miss,9287,2552,11234,13786,57,1
flush,hit,9287,259,536,795,0,1
flush,miss,9288,2404,11003,13407,56,1
flush,hit,9288,251,536,787,0,1
flush,miss,9289,2436,11224,13660,57,1
flush,hit,9289,251,672,923,0,1
flush,miss,9290,2433,10778,13211,55,1
flush,hit,9290,252,528,780,0,1
flush,miss,9291,2511,15437,17948,55,1
flush,hit,9291,256,533,789,0,1
flush,miss,9292,2555,11028,13583,56,1
flush,hit,9292,246,558,804,0,1
flush,miss,9293,2538,11043,13581,56,1
flush,hit,9293,249,548,797,0,1
flush,miss,9294,2366,11012,13378,56,1
flush,hit,9294,255,538,793,0,1
flush,miss,9295,2460,10761,13221,54,1
flush,hit,9295,250,545,795,0,1
flush,miss,9296,2358,10788,13146,55,1
flush,hit,9296,254,535,789,0,1
flush,miss,9297,2902,10969,13871,55,1
flush,hit,9297,323,815,1138,0,1
flush,miss,9298,2413,10982,13395,56,1
flush,hit,9298,250,555,805,0,1
flush,miss,9299,2567,11146,13713,56,1
flush,hit,9299,253,547,800,0,1
flush,miss,9300,2357,11828,14185,61,1
flush,hit,9300,261,541,802,0,1
flush,miss,9301,2530,26605,29135,114,1
flush,hit,9301,260,555,815,0,1
flush,miss,9302,2826,14383,17209,75,1
flush,hit,9302,354,834,1188,0,1
flush,miss,9303,2534,11815,14349,60,1
flush,hit,9303,262,636,898,0,1
flush,miss,9304,2314,11669,13983,60,1
flush,hit,9304,250,548,798,0,1
flush,miss,9305,2539,10527,13066,53,1
flush,hit,9305,259,553,812,0,1
flush,miss,9306,2293,14001,16294,74,1
flush,hit,9306,269,552,821,0,1
flush,miss,9307,2490,11237,13727,57,1
flush,hit,9307,256,560,816,0,1
flush,miss,9308,2346,14199,16545,50,1
flush,hit,9308,269,586,855,0,1
flush,miss,9309,2492,11363,13855,58,1
flush,hit,9309,260,562,822,0,1
flush,miss,9310,2379,11407,13786,58,1
flush,hit,9310,258,538,796,0,1
flush,miss,9311,2490,12504,14994,65,1
flush,hit,9311,256,555,811,0,1
flush,miss,9312,2148,12300,14448,64,1
flush,hit,9312,267,538,805,0,1
flush,miss,9313,2455,13896,16351,48,1
flush,hit,9313,257,541,798,0,1
flush,miss,9314,8288,10425,18713,52,1
flush,hit,9314,261,558,819,0,1
flush,miss,9315,2484,11396,13880,58,1
flush,hit,9315,256,549,805,0,1
flush,miss,9316,2338,11181,13519,57,1
flush,hit,9316,256,540,796,0,1
flush,miss,9317,2368,11898,14266,61,1
flush,hit,9317,256,566,822,0,1
flush,miss,9318,2186,10391,12577,45,1
flush,hit,9318,255,1668,1923,0,1
flush,miss,9319,2918,11288,14206,57,1
flush,hit,9319,338,827,1165,0,1
flush,miss,9320,2398,11691,14089,60,1
flush,hit,9320,251,575,826,0,1
flush,miss,9321,2522,10096,12618,50,1
flush,hit,9321,260,557,817,0,1
flush,miss,9322,2382,10114,12496,51,1
flush,hit,9322,256,543,799,0,1
flush,miss,9323,2312,11227,13539,57,1
flush,hit,9323,257,545,802,0,1
flush,miss,9324,2381,11651,14032,60,1
flush,hit,9324,325,826,1151,0,1
flush,miss,9325,2570,10430,13000,52,1
flush,hit,9325,260,617,877,0,1
flush,miss,9326,2329,11194,13523,57,1
flush,hit,9326,255,547,802,0,1
flush,miss,9327,2564,11069,13633,56,1
flush,hit,9327,256,562,818,0,1
flush,miss,9328,2332,13337,15669,70,1
flush,hit,9328,255,549,804,0,1
flush,miss,9329,2529,11080,13609,56,1
flush,hit,9329,256,550,806,0,1
flush,miss,9330,2339,15090,17429,45,1
flush,hit,9330,266,583,849,0,1
flush,miss,9331,2501,11252,13753,57,1
flush,hit,9331,260,560,820,0,1
flush,miss,9332,2406,15183,17589,51,1
flush,hit,9332,266,559,825,0,1
flush,miss,9333,2481,13382,15863,70,1
flush,hit,9333,248,558,806,0,1
flush,miss,9334,2186,11966,14152,62,1
flush,hit,9334,252,554,806,0,1
flush,miss,9335,2538,16017,18555,48,1
flush,hit,9335,258,549,807,0,1
flush,miss,9336,2650,10854,13504,55,1
flush,hit,9336,252,570,822,0,1
flush,miss,9337,2545,10912,13457,55,1
flush,hit,9337,251,548,799,0,1
flush,miss,9338,2380,11005,13385,56,1
flush,hit,9338,257,560,817,0,1
flush,miss,9339,2408,12079,14487,62,1
flush,hit,9339,249,546,795,0,1
flush,miss,9340,2189,11024,13213,56,1
flush,hit,9340,263,539,802,0,1
flush,miss,9341,2859,11011,13870,55,1
flush,hit,9341,334,847,1181,0,1
flush,miss,9342,2399,10867,13266,55,1
flush,hit,9342,258,582,840,0,1
flush,miss,9343,2516,10822,13338,55,1
flush,hit,9343,262,566,828,0,1
flush,miss,9344,2389,11013,13402,56,1
flush,hit,9344,263,553,816,0,1
flush,miss,9345,2604,11065,13669,56,1
flush,hit,9345,280,633,913,0,1
flush,miss,9346,2355,11363,13718,58,1
flush,hit,9346,320,819,1139,0,1
flush,miss,9347,2617,11084,13701,56,1
flush,hit,9347,265,606,871,0,1
flush,miss,9348,2353,10948,13301,56,1
flush,hit,9348,265,542,807,0,1
flush,miss,9349,2509,10885,13394,55,1
flush,hit,9349,266,548,814,0,1
flush,miss,9350,2346,12038,14384,62,1
flush,hit,9350,257,545,802,0,1
flush,miss,9351,2535,11245,13780,57,1
flush,hit,9351,264,555,819,0,1
flush,miss,9352,2356,12834,15190,41,1
flush,hit,9352,264,585,849,0,1
flush,miss,9353,2523,10922,13445,55,1
flush,hit,9353,257,565,822,0,1
flush,miss,9354,2339,10909,13248,55,1
flush,hit,9354,261,547,808,0,1
flush,miss,9355,2491,13387,15878,70,1
flush,hit,9355,255,547,802,0,1
flush,miss,9356,2196,11973,14169,62,1
flush,hit,9356,263,532,795,0,1
flush,miss,9357,2506,12158,14664,38,1
flush,hit,9357,255,534,789,0,1
flush,miss,9358,2471,10876,13347,55,1
flush,hit,9358,262,544,806,0,1
flush,miss,9359,2474,10829,13303,55,1
flush,hit,9359,259,543,802,0,1
flush,miss,9360,2352,10752,13104,54,1
flush,hit,9360,256,537,793,0,1
flush,miss,9361,2339,12045,14384,62,1
flush,hit,9361,255,548,803,0,1
flush,miss,9362,2180,11070,13250,56,1
flush,hit,9362,253,532,785,0,1
flush,miss,9363,2867,13490,16357,42,1
flush,hit,9363,316,799,1115,0,1
flush,miss,9364,2778,11371,14149,58,1
flush,hit,9364,263,595,858,0,1
flush,miss,9365,2487,10905,13392,55,1
flush,hit,9365,260,593,853,0,1
flush,miss,9366,2366,11101,13467,57,1
flush,hit,9366,258,553,811,0,1
flush,miss,9367,2375,10496,12871,53,1
flush,hit,9367,263,569,832,0,1
flush,miss,9368,2347,11028,13375,56,1
flush,hit,9368,339,831,1170,0,1
flush,miss,9369,2650,10993,13643,56,1
flush,hit,9369,273,607,880,0,1
flush,miss,9370,2359,11173,13532,57,1
flush,hit,9370,392,964,1356,0,1
flush,miss,9371,2726,11038,13764,56,1
flush,hit,9371,319,743,1062,0,1
flush,miss,9372,2325,12167,14492,63,1
flush,hit,9372,256,562,818,0,1
flush,miss,9373,2485,11540,14025,59,1
flush,hit,9373,264,571,835,0,1
flush,miss,9374,2347,16111,18458,51,1
flush,hit,9374,265,610,875,0,1
flush,miss,9375,2457,11085,13542,56,1
flush,hit,9375,258,585,843,0,1
flush,miss,9376,2330,11112,13442,56,1
flush,hit,9376,292,637,929,0,1
flush,miss,9377,2419,12076,14495,62,1
flush,hit,9377,250,551,801,0,1
flush,miss,9378,2160,12089,14249,63,1
flush,hit,9378,250,541,791,0,1
flush,miss,9379,2442,16455,18897,51,1
flush,hit,9379,255,549,804,0,1
flush,miss,9380,2577,11045,13622,56,1
flush,hit,9380,255,555,810,0,1
flush,miss,9381,2514,11151,13665,56,1
flush,hit,9381,256,546,802,0,1
flush,miss,9382,2349,10875,13224,55,1
flush,hit,9382,252,522,774,0,1
flush,miss,9383,2313,12028,14341,62,1
flush,hit,9383,253,528,781,0,1
flush,miss,9384,2194,10955,13149,56,1
flush,hit,9384,250,528,778,0,1
flush,miss,9385,2882,11245,14127,57,1
flush,hit,9385,336,834,1170,0,1
flush,miss,9386,2365,10976,13341,56,1
flush,hit,9386,259,552,811,0,1
flush,miss,9387,2497,11059,13556,56,1
flush,hit,9387,258,548,806,0,1
flush,miss,9388,2366,10910,13276,55,1
flush,hit,9388,257,540,797,0,1
flush,miss,9389,2327,10996,13323,56,1
flush,hit,9389,258,539,797,0,1
flush,miss,9390,2331,10801,13132,55,1
flush,hit,9390,336,824,1160,0,1
flush,miss,9391,2607,11211,13818,57,1
flush,hit,9391,274,603,877,0,1
flush,miss,9392,2342,11197,13539,57,1
flush,hit,9392,260,546,806,0,1
flush,miss,9393,2486,10852,13338,55,1
flush,hit,9393,256,548,804,0,1
flush,miss,9394,2332,13380,15712,70,1
flush,hit,9394,287,667,954,0,1
flush,miss,9395,2594,11597,14191,59,1
flush,hit,9395,262,589,851,0,1
flush,miss,9396,2346,15359,17705,50,1
flush,hit,9396,269,613,882,0,1
flush,miss,9397,2476,11211,13687,57,1
flush,hit,9397,260,585,845,0,1
flush,miss,9398,2364,11017,13381,56,1
flush,hit,9398,253,563,816,0,1
flush,miss,9399,2518,13485,16003,70,1
flush,hit,9399,253,555,808,0,1
flush,miss,9400,2163,12018,14181,62,1
flush,hit,9400,258,556,814,0,1
flush,miss,9401,2417,12923,15340,42,1
flush,hit,9401,254,566,820,0,1
flush,miss,9402,2501,10874,13375,55,1
flush,hit,9402,255,577,832,0,1
flush,miss,9403,2472,11096,13568,56,1
flush,hit,9403,256,575,831,0,1
flush,miss,9404,2390,11044,13434,56,1
flush,hit,9404,258,551,809,0,1
flush,miss,9405,2317,12073,14390,62,1
flush,hit,9405,257,551,808,0,1
flush,miss,9406,2176,11034,13210,56,1
flush,hit,9406,256,550,806,0,1
flush,miss,9407,2816,11196,14012,28,1
flush,hit,9407,314,800,1114,0,1
flush,miss,9408,2568,10903,13471,55,1
flush,hit,9408,256,560,816,0,1
flush,miss,9409,2453,10891,13344,55,1
flush,hit,9409,260,565,825,0,1
flush,miss,9410,2380,10886,13266,55,1
flush,hit,9410,259,550,809,0,1
flush,miss,9411,2296,11073,13369,56,1
flush,hit,9411,259,547,806,0,1
flush,miss,9412,2391,10322,12713,52,1
flush,hit,9412,327,796,1123,0,1
flush,miss,9413,2489,11204,13693,57,1
flush,hit,9413,259,594,853,0,1
flush,miss,9414,2344,11043,13387,56,1
flush,hit,9414,261,542,803,0,1
flush,miss,9415,2490,10855,13345,55,1
flush,hit,9415,258,542,800,0,1
flush,miss,9416,2325,12096,14421,62,1
flush,hit,9416,256,539,795,0,1
flush,miss,9417,2482,11179,13661,57,1
flush,hit,9417,261,547,808,0,1
flush,miss,9418,2340,12539,14879,40,1
flush,hit,9418,246,568,814,0,1
flush,miss,9419,2507,11013,13520,56,1
flush,hit,9419,255,552,807,0,1
flush,miss,9420,2359,11117,13476,49,1
flush,hit,9420,262,1783,2045,0,1
flush,miss,9421,2472,13190,15662,69,1
flush,hit,9421,252,546,798,0,1
flush,miss,9422,2173,12209,14382,63,1
flush,hit,9422,255,532,787,0,1
flush,miss,9423,2505,12353,14858,38,1
flush,hit,9423,257,537,794,0,1
flush,miss,9424,2452,11068,13520,56,1
flush,hit,9424,254,538,792,0,1
flush,miss,9425,2462,10890,13352,55,1
flush,hit,9425,262,546,808,0,1
flush,miss,9426,2359,10886,13245,55,1
flush,hit,9426,356,807,1163,0,1
flush,miss,9427,2352,11936,14288,61,1
flush,hit,9427,249,596,845,0,1
flush,miss,9428,2215,10862,13077,55,1
flush,hit,9428,250,563,813,0,1
flush,miss,9429,2938,11307,14245,57,1
flush,hit,9429,363,862,1225,0,1
flush,miss,9430,2319,11431,13750,58,1
flush,hit,9430,256,559,815,0,1
flush,miss,9431,2548,10957,13505,56,1
flush,hit,9431,257,569,826,0,1
flush,miss,9432,2373,10831,13204,55,1
flush,hit,9432,251,544,795,0,1
flush,miss,9433,2344,10956,13300,56,1
flush,hit,9433,263,577,840,0,1
flush,miss,9434,2380,11561,13941,59,1
flush,hit,9434,327,800,1127,0,1
flush,miss,9435,2618,11170,13788,56,1
flush,hit,9435,254,627,881,0,1
flush,miss,9436,2343,11469,13812,58,1
flush,hit,9436,259,572,831,0,1
flush,miss,9437,2473,11061,13534,56,1
flush,hit,9437,250,560,810,0,1
flush,miss,9438,2314,13169,15483,69,1
flush,hit,9438,255,558,813,0,1
flush,miss,9439,2727,10938,13665,55,1
flush,hit,9439,292,706,998,0,1
flush,miss,9440,2305,16629,18934,52,1
flush,hit,9440,258,605,863,0,1
flush,miss,9441,2486,11075,13561,56,1
flush,hit,9441,254,586,840,0,1
flush,miss,9442,2383,10852,13235,55,1
flush,hit,9442,254,545,799,0,1
flush,miss,9443,2542,12313,14855,63,1
flush,hit,9443,252,547,799,0,1
flush,miss,9444,2262,11861,14123,61,1
flush,hit,9444,251,548,799,0,1
flush,miss,9445,2593,15497,18090,49,1
flush,hit,9445,255,556,811,0,1
flush,miss,9446,2635,10868,13503,55,1
flush,hit,9446,250,573,823,0,1
flush,miss,9447,2474,11041,13515,56,1
flush,hit,9447,252,557,809,0,1
flush,miss,9448,2411,11015,13426,56,1
flush,hit,9448,249,543,792,0,1
flush,miss,9449,2335,11896,14231,61,1
flush,hit,9449,248,551,799,0,1
flush,miss,9450,2168,10162,12330,51,1
flush,hit,9450,247,544,791,0,1
flush,miss,9451,2880,10951,13831,55,1
flush,hit,9451,335,848,1183,0,1
flush,miss,9452,2379,10992,13371,56,1
flush,hit,9452,255,572,827,0,1
flush,miss,9453,2523,10857,13380,55,1
flush,hit,9453,252,568,820,0,1
flush,miss,9454,2369,11070,13439,56,1
flush,hit,9454,257,565,822,0,1
flush,miss,9455,2323,10403,12726,52,1
flush,hit,9455,257,566,823,0,1
flush,miss,9456,2389,11025,13414,56,1
flush,hit,9456,331,813,1144,0,1
flush,miss,9457,2931,12002,14933,61,1
flush,hit,9457,322,703,1025,0,1
flush,miss,9458,2392,11281,13673,57,1
flush,hit,9458,256,569,825,0,1
flush,miss,9459,2524,11028,13552,56,1
flush,hit,9459,252,578,830,0,1
flush,miss,9460,2332,12376,14708,64,1
flush,hit,9460,266,569,835,0,1
flush,miss,9461,2503,11053,13556,56,1
flush,hit,9461,262,569,831,0,1
flush,miss,9462,2347,12795,15142,40,1
flush,hit,9462,280,612,892,0,1
flush,miss,9463,2513,10877,13390,55,1
flush,hit,9463,251,574,825,0,1
flush,miss,9464,2356,11069,13425,56,1
flush,hit,9464,252,570,822,0,1
flush,miss,9465,2532,12198,14730,63,1
flush,hit,9465,249,575,824,0,1
flush,miss,9466,2177,11946,14123,62,1
flush,hit,9466,251,570,821,0,1
flush,miss,9467,2516,13509,16025,42,1
flush,hit,9467,256,582,838,0,1
flush,miss,9468,2588,10902,13490,55,1
flush,hit,9468,261,598,859,0,1
flush,miss,9469,2518,10968,13486,56,1
flush,hit,9469,256,570,826,0,1
flush,miss,9470,2341,10862,13203,55,1
flush,hit,9470,280,660,940,0,1
flush,miss,9471,2404,12047,14451,62,1
flush,hit,9471,263,592,855,0,1
flush,miss,9472,2171,11163,13334,57,1
flush,hit,9472,269,551,820,0,1
flush,miss,9473,2913,10983,13896,55,1
flush,hit,9473,348,835,1183,0,1
flush,miss,9474,2328,10889,13217,55,1
flush,hit,9474,249,570,819,0,1
flush,miss,9475,2511,10883,13394,55,1
flush,hit,9475,251,564,815,0,1
flush,miss,9476,2372,10901,13273,55,1
flush,hit,9476,254,565,819,0,1
flush,miss,9477,2421,10906,13327,55,1
flush,hit,9477,261,561,822,0,1
flush,miss,9478,2332,10570,12902,53,1
flush,hit,9478,344,804,1148,0,1
flush,miss,9479,2636,11072,13708,56,1
flush,hit,9479,266,593,859,0,1
flush,miss,9480,2344,11045,13389,56,1
flush,hit,9480,256,551,807,0,1
flush,miss,9481,2508,10889,13397,55,1
flush,hit,9481,253,560,813,0,1
flush,miss,9482,2333,12060,14393,62,1
flush,hit,9482,255,554,809,0,1
flush,miss,9483,2497,10881,13378,55,1
flush,hit,9483,259,566,825,0,1
flush,miss,9484,2302,14949,17251,46,1
flush,hit,9484,261,594,855,0,1
flush,miss,9485,2497,11045,13542,56,1
flush,hit,9485,256,569,825,0,1
flush,miss,9486,2378,10844,13222,55,1
flush,hit,9486,253,540,793,0,1
flush,miss,9487,2499,11944,14443,61,1
flush,hit,9487,258,543,801,0,1
flush,miss,9488,2162,11842,14004,61,1
flush,hit,9488,255,543,798,0,1
flush,miss,9489,2660,15020,17680,46,1
flush,hit,9489,270,645,915,0,1
flush,miss,9490,2676,11245,13921,57,1
flush,hit,9490,264,568,832,0,1
flush,miss,9491,2521,11019,13540,56,1
flush,hit,9491,256,544,800,0,1
flush,miss,9492,2346,11041,13387,56,1
flush,hit,9492,255,544,799,0,1
flush,miss,9493,2379,11880,14259,61,1
flush,hit,9493,253,546,799,0,1
flush,miss,9494,2201,11028,13229,56,1
flush,hit,9494,251,541,792,0,1
flush,miss,9495,2891,11119,14010,56,1
flush,hit,9495,332,819,1151,0,1
flush,miss,9496,2323,11195,13518,57,1
flush,hit,9496,248,556,804,0,1
flush,miss,9497,2492,10905,13397,55,1
flush,hit,9497,253,563,816,0,1
flush,miss,9498,2362,10985,13347,56,1
flush,hit,9498,268,549,817,0,1
flush,miss,9499,2420,10972,13392,56,1
flush,hit,9499,254,574,828,0,1
flush,miss,9500,2323,11534,13857,59,1
flush,hit,9500,328,796,1124,0,1
flush,miss,9501,2531,15932,18463,56,1
flush,hit,9501,262,589,851,0,1
flush,miss,9502,2660,11220,13880,56,1
flush,hit,9502,265,558,823,0,1
flush,miss,9503,2534,11193,13727,57,1
flush,hit,9503,260,553,813,0,1
flush,miss,9504,2433,11916,14349,61,1
flush,hit,9504,258,529,787,0,1
flush,miss,9505,2500,11510,14010,59,1
flush,hit,9505,260,545,805,0,1
flush,miss,9506,2363,13146,15509,42,1
flush,hit,9506,253,557,810,0,1
flush,miss,9507,2454,11074,13528,56,1
flush,hit,9507,257,557,814,0,1
flush,miss,9508,2377,11026,13403,56,1
flush,hit,9508,262,531,793,0,1
flush,miss,9509,2545,12206,14751,63,1
flush,hit,9509,251,547,798,0,1
flush,miss,9510,2154,11824,13978,61,1
flush,hit,9510,249,518,767,0,1
flush,miss,9511,2451,12880,15331,42,1
flush,hit,9511,258,535,793,0,1
flush,miss,9512,2457,10920,13377,55,1
flush,hit,9512,256,567,823,0,1
flush,miss,9513,2558,10901,13459,55,1
flush,hit,9513,258,568,826,0,1
flush,miss,9514,2312,11060,13372,56,1
flush,hit,9514,269,536,805,0,1
flush,miss,9515,2318,12058,14376,62,1
flush,hit,9515,258,538,796,0,1
flush,miss,9516,2151,10123,12274,51,1
flush,hit,9516,265,546,811,0,1
flush,miss,9517,2828,10919,13747,55,1
flush,hit,9517,319,762,1081,0,1
flush,miss,9518,2399,11039,13438,56,1
flush,hit,9518,250,570,820,0,1
flush,miss,9519,2475,11119,13594,56,1
flush,hit,9519,256,568,824,0,1
flush,miss,9520,2363,10986,13349,56,1
flush,hit,9520,321,757,1078,0,1
flush,miss,9521,2412,11109,13521,56,1
flush,hit,9521,255,581,836,0,1
flush,miss,9522,2332,11700,14032,60,1
flush,hit,9522,341,841,1182,0,1
flush,miss,9523,2564,11194,13758,57,1
flush,hit,9523,253,633,886,0,1
flush,miss,9524,2341,10995,13336,56,1
flush,hit,9524,264,557,821,0,1
flush,miss,9525,2567,10872,13439,55,1
flush,hit,9525,262,570,832,0,1
flush,miss,9526,2345,12155,14500,63,1
flush,hit,9526,261,558,819,0,1
flush,miss,9527,2555,11208,13763,57,1
flush,hit,9527,261,566,827,0,1
flush,miss,9528,2339,15917,18256,50,1
flush,hit,9528,263,618,881,0,1
flush,miss,9529,2479,11057,13536,56,1
flush,hit,9529,262,566,828,0,1
flush,miss,9530,2385,10990,13375,56,1
flush,hit,9530,252,557,809,0,1
flush,miss,9531,2498,12049,14547,62,1
flush,hit,9531,254,564,818,0,1
flush,miss,9532,2161,12047,14208,62,1
flush,hit,9532,252,549,801,0,1
flush,miss,9533,2735,16191,18926,50,1
flush,hit,9533,275,638,913,0,1
flush,miss,9534,2618,11090,13708,56,1
flush,hit,9534,248,561,809,0,1
flush,miss,9535,2501,11078,13579,56,1
flush,hit,9535,253,570,823,0,1
flush,miss,9536,2355,10863,13218,55,1
flush,hit,9536,256,542,798,0,1
flush,miss,9537,2333,11920,14253,61,1
flush,hit,9537,254,556,810,0,1
flush,miss,9538,2145,10120,12265,51,1
flush,hit,9538,250,533,783,0,1
flush,miss,9539,2908,10943,13851,55,1
flush,hit,9539,310,824,1134,0,1
flush,miss,9540,2372,11240,13612,57,1
flush,hit,9540,252,553,805,0,1
flush,miss,9541,2496,10881,13377,55,1
flush,hit,9541,255,547,802,0,1
flush,miss,9542,2378,11023,13401,56,1
flush,hit,9542,267,538,805,0,1
flush,miss,9543,2328,11048,13376,56,1
flush,hit,9543,255,557,812,0,1
flush,miss,9544,2331,10460,12791,53,1
flush,hit,9544,302,817,1119,0,1
flush,miss,9545,2581,11068,13649,56,1
flush,hit,9545,261,618,879,0,1
flush,miss,9546,2349,11202,13551,57,1
flush,hit,9546,253,542,795,0,1
flush,miss,9547,2482,10898,13380,55,1
flush,hit,9547,264,557,821,0,1
flush,miss,9548,2335,12009,14344,62,1
flush,hit,9548,260,540,800,0,1
flush,miss,9549,2514,11256,13770,57,1
flush,hit,9549,258,550,808,0,1
flush,miss,9550,2314,14469,16783,47,1
flush,hit,9550,247,591,838,0,1
flush,miss,9551,2824,11753,14577,59,1
flush,hit,9551,262,574,836,0,1
flush,miss,9552,2382,12363,14745,64,1
flush,hit,9552,256,563,819,0,1
flush,miss,9553,2499,12209,14708,63,1
flush,hit,9553,259,559,818,0,1
flush,miss,9554,2184,12023,14207,62,1
flush,hit,9554,255,540,795,0,1
flush,miss,9555,2523,12838,15361,45,1
flush,hit,9555,258,553,811,0,1
flush,miss,9556,2525,11402,13927,58,1
flush,hit,9556,262,565,827,0,1
flush,miss,9557,2521,11015,13536,56,1
flush,hit,9557,257,572,829,0,1
flush,miss,9558,2396,11014,13410,56,1
flush,hit,9558,256,531,787,0,1
flush,miss,9559,2345,11935,14280,61,1
flush,hit,9559,259,563,822,0,1
flush,miss,9560,2208,11225,13433,57,1
flush,hit,9560,254,543,797,0,1
flush,miss,9561,2845,11006,13851,56,1
flush,hit,9561,334,795,1129,0,1
flush,miss,9562,2327,11235,13562,57,1
flush,hit,9562,268,600,868,0,1
flush,miss,9563,2567,10872,13439,52,1
flush,hit,9563,262,581,843,0,1
flush,miss,9564,2336,24656,26992,98,1
flush,hit,9564,256,554,810,0,1
flush,miss,9565,2330,10993,13323,56,1
flush,hit,9565,264,542,806,0,1
flush,miss,9566,2347,11504,13851,59,1
flush,hit,9566,330,814,1144,0,1
flush,miss,9567,2542,11014,13556,56,1
flush,hit,9567,255,627,882,0,1
flush,miss,9568,2332,11162,13494,57,1
flush,hit,9568,258,568,826,0,1
flush,miss,9569,2522,11250,13772,57,1
flush,hit,9569,257,544,801,0,1
flush,miss,9570,2367,12000,14367,62,1
flush,hit,9570,265,551,816,0,1
flush,miss,9571,2520,11934,14454,61,1
flush,hit,9571,257,555,812,0,1
flush,miss,9572,2327,16025,18352,56,1
flush,hit,9572,264,583,847,0,1
flush,miss,9573,2462,11170,13632,57,1
flush,hit,9573,254,539,793,0,1
flush,miss,9574,2352,11188,13540,57,1
flush,hit,9574,272,529,801,0,1
flush,miss,9575,2536,12065,14601,62,1
flush,hit,9575,250,537,787,0,1
flush,miss,9576,2182,12029,14211,62,1
flush,hit,9576,255,543,798,0,1
flush,miss,9577,2530,15572,18102,50,1
flush,hit,9577,250,539,789,0,1
flush,miss,9578,2572,10887,13459,55,1
flush,hit,9578,255,559,814,0,1
flush,miss,9579,2515,11045,13560,56,1
flush,hit,9579,260,575,835,0,1
flush,miss,9580,2368,10850,13218,55,1
flush,hit,9580,264,540,804,0,1
flush,miss,9581,2355,11978,14333,62,1
flush,hit,9581,256,543,799,0,1
flush,miss,9582,2206,11164,13370,57,1
flush,hit,9582,287,623,910,0,1
flush,miss,9583,2902,11443,14345,58,1
flush,hit,9583,336,836,1172,0,1
flush,miss,9584,2328,11190,13518,57,1
flush,hit,9584,256,559,815,0,1
flush,miss,9585,2515,10840,13355,55,1
flush,hit,9585,258,550,808,0,1
flush,miss,9586,2388,11029,13417,56,1
flush,hit,9586,257,541,798,0,1
flush,miss,9587,2339,10572,12911,53,1
flush,hit,9587,278,548,826,0,1
flush,miss,9588,2375,11008,13383,56,1
flush,hit,9588,348,846,1194,0,1
flush,miss,9589,2532,11269,13801,57,1
flush,hit,9589,263,625,888,0,1
flush,miss,9590,2353,11041,13394,56,1
flush,hit,9590,266,570,836,0,1
flush,miss,9591,2551,10929,13480,55,1
flush,hit,9591,257,580,837,0,1
flush,miss,9592,2358,12037,14395,62,1
flush,hit,9592,260,549,809,0,1
flush,miss,9593,2507,11079,13586,56,1
flush,hit,9593,260,558,818,0,1
flush,miss,9594,2359,14491,16850,47,1
flush,hit,9594,257,582,839,0,1
flush,miss,9595,2744,11105,13849,56,1
flush,hit,9595,280,646,926,0,1
flush,miss,9596,2414,11192,13606,57,1
flush,hit,9596,248,553,801,0,1
flush,miss,9597,2443,12109,14552,62,1
flush,hit,9597,244,546,790,0,1
flush,miss,9598,2185,12016,14201,62,1
flush,hit,9598,249,544,793,0,1
flush,miss,9599,2494,13545,16039,44,1
flush,hit,9599,244,546,790,0,1
flush,miss,9600,2507,10993,13500,56,1
flush,hit,9600,271,577,848,0,1
flush,miss,9601,2510,11017,13527,56,1
flush,hit,9601,256,550,806,0,1
flush,miss,9602,2317,10897,13214,55,1
flush,hit,9602,254,531,785,0,1
flush,miss,9603,2338,12008,14346,62,1
flush,hit,9603,257,551,808,0,1
flush,miss,9604,2196,10318,12514,52,1
flush,hit,9604,255,530,785,0,1
flush,miss,9605,2798,11053,13851,56,1
flush,hit,9605,306,793,1099,0,1
flush,miss,9606,2352,11013,13365,56,1
flush,hit,9606,247,556,803,0,1
flush,miss,9607,2487,11064,13551,56,1
flush,hit,9607,249,545,794,0,1
flush,miss,9608,2342,10873,13215,55,1
flush,hit,9608,249,540,789,0,1
flush,miss,9609,2300,10982,13282,56,1
flush,hit,9609,246,549,795,0,1
flush,miss,9610,2349,10836,13185,55,1
flush,hit,9610,305,785,1090,0,1
flush,miss,9611,2494,11052,13546,56,1
flush,hit,9611,267,597,864,0,1
flush,miss,9612,2366,10998,13364,56,1
flush,hit,9612,254,538,792,0,1
flush,miss,9613,2485,14960,17445,56,1
flush,hit,9613,254,552,806,0,1
flush,miss,9614,2722,12150,14872,62,1
flush,hit,9614,258,568,826,0,1
flush,miss,9615,2482,11531,14013,59,1
flush,hit,9615,260,551,811,0,1
flush,miss,9616,2344,16045,18389,51,1
flush,hit,9616,268,632,900,0,1
flush,miss,9617,2488,11221,13709,57,1
flush,hit,9617,256,567,823,0,1
flush,miss,9618,2388,11353,13741,58,1
flush,hit,9618,254,550,804,0,1
flush,miss,9619,2517,13243,15760,69,1
flush,hit,9619,257,553,810,0,1
flush,miss,9620,2171,12252,14423,63,1
flush,hit,9620,262,549,811,0,1
flush,miss,9621,2541,14656,17197,52,1
flush,hit,9621,254,560,814,0,1
flush,miss,9622,2621,11285,13906,57,1
flush,hit,9622,258,573,831,0,1
flush,miss,9623,2537,11076,13613,56,1
flush,hit,9623,255,561,816,0,1
flush,miss,9624,2319,10876,13195,55,1
flush,hit,9624,254,563,817,0,1
flush,miss,9625,2411,11965,14376,56,1
flush,hit,9625,257,1776,2033,0,1
flush,miss,9626,2138,11060,13198,56,1
flush,hit,9626,302,621,923,0,1
flush,miss,9627,2902,10938,13840,55,1
flush,hit,9627,343,857,1200,0,1
flush,miss,9628,2327,11059,13386,56,1
flush,hit,9628,260,578,838,0,1
flush,miss,9629,2495,10873,13368,55,1
flush,hit,9629,261,575,836,0,1
flush,miss,9630,2365,10893,13258,55,1
flush,hit,9630,256,553,809,0,1
flush,miss,9631,2338,10908,13246,55,1
flush,hit,9631,257,579,836,0,1
flush,miss,9632,2295,10463,12758,53,1
flush,hit,9632,327,838,1165,0,1
flush,miss,9633,2521,11232,13753,57,1
flush,hit,9633,264,596,860,0,1
flush,miss,9634,2336,11225,13561,57,1
flush,hit,9634,254,569,823,0,1
flush,miss,9635,2589,10841,13430,55,1
flush,hit,9635,251,552,803,0,1
flush,miss,9636,2318,12145,14463,62,1
flush,hit,9636,256,549,805,0,1
flush,miss,9637,2484,11336,13820,58,1
flush,hit,9637,248,555,803,0,1
flush,miss,9638,2334,15435,17769,49,1
flush,hit,9638,260,583,843,0,1
flush,miss,9639,2498,11171,13669,57,1
flush,hit,9639,247,563,810,0,1
flush,miss,9640,2365,11007,13372,56,1
flush,hit,9640,252,554,806,0,1
flush,miss,9641,2489,12401,14890,64,1
flush,hit,9641,246,544,790,0,1
flush,miss,9642,2165,11822,13987,61,1
flush,hit,9642,259,544,803,0,1
flush,miss,9643,2486,15067,17553,55,1
flush,hit,9643,252,541,793,0,1
flush,miss,9644,2517,10910,13427,55,1
flush,hit,9644,257,563,820,0,1
flush,miss,9645,2799,11166,13965,57,1
flush,hit,9645,296,705,1001,0,1
flush,miss,9646,2321,10532,12853,53,1
flush,hit,9646,250,569,819,0,1
flush,miss,9647,2301,11916,14217,61,1
flush,hit,9647,254,571,825,0,1
flush,miss,9648,2152,11093,13245,56,1
flush,hit,9648,258,561,819,0,1
flush,miss,9649,2749,11221,13970,57,1
flush,hit,9649,339,785,1124,0,1
flush,miss,9650,2376,11254,13630,57,1
flush,hit,9650,249,563,812,0,1
flush,miss,9651,2475,10858,13333,55,1
flush,hit,9651,255,570,825,0,1
flush,miss,9652,2327,10967,13294,56,1
flush,hit,9652,248,553,801,0,1
flush,miss,9653,2349,11013,13362,56,1
flush,hit,9653,250,556,806,0,1
flush,miss,9654,2355,10817,13172,55,1
flush,hit,9654,307,781,1088,0,1
flush,miss,9655,2489,11071,13560,56,1
flush,hit,9655,261,623,884,0,1
flush,miss,9656,2371,10843,13214,55,1
flush,hit,9656,253,564,817,0,1
flush,miss,9657,2548,10934,13482,55,1
flush,hit,9657,250,568,818,0,1
flush,miss,9658,2410,12558,14968,41,1
flush,hit,9658,267,556,823,0,1
flush,miss,9659,2491,11489,13980,59,1
flush,hit,9659,257,542,799,0,1
flush,miss,9660,2377,14281,16658,43,1
flush,hit,9660,272,574,846,0,1
flush,miss,9661,2457,11076,13533,56,1
flush,hit,9661,252,562,814,0,1
flush,miss,9662,2342,10994,13336,56,1
flush,hit,9662,256,529,785,0,1
flush,miss,9663,2524,12191,14715,63,1
flush,hit,9663,248,540,788,0,1
flush,miss,9664,2182,12127,14309,63,1
flush,hit,9664,247,531,778,0,1
flush,miss,9665,2505,15447,17952,49,1
flush,hit,9665,253,539,792,0,1
flush,miss,9666,2587,10914,13501,55,1
flush,hit,9666,256,540,796,0,1
flush,miss,9667,2533,11100,13633,56,1
flush,hit,9667,259,531,790,0,1
flush,miss,9668,2347,10997,13344,56,1
flush,hit,9668,251,525,776,0,1
flush,miss,9669,2292,12004,14296,62,1
flush,hit,9669,252,552,804,0,1
flush,miss,9670,2140,10989,13129,56,1
flush,hit,9670,245,528,773,0,1
flush,miss,9671,2858,10896,13754,55,1
flush,hit,9671,321,859,1180,0,1
flush,miss,9672,2387,11067,13454,56,1
flush,hit,9672,244,552,796,0,1
flush,miss,9673,2492,10849,13341,55,1
flush,hit,9673,252,555,807,0,1
flush,miss,9674,2362,10992,13354,56,1
flush,hit,9674,258,542,800,0,1
flush,miss,9675,2336,11124,13460,56,1
flush,hit,9675,250,548,798,0,1
flush,miss,9676,2334,10777,13111,55,1
flush,hit,9676,398,891,1289,0,1
flush,miss,9677,2616,11308,13924,57,1
flush,hit,9677,274,620,894,0,1
flush,miss,9678,2313,11166,13479,57,1
flush,hit,9678,264,567,831,0,1
flush,miss,9679,2547,10870,13417,55,1
flush,hit,9679,252,568,820,0,1
flush,miss,9680,2340,11793,14133,61,1
flush,hit,9680,255,555,810,0,1
flush,miss,9681,2495,11334,13829,58,1
flush,hit,9681,264,555,819,0,1
flush,miss,9682,2319,15599,17918,48,1
flush,hit,9682,264,622,886,0,1
flush,miss,9683,2464,11175,13639,57,1
flush,hit,9683,259,569,828,0,1
flush,miss,9684,2347,11064,13411,56,1
flush,hit,9684,258,541,799,0,1
flush,miss,9685,2532,11908,14440,61,1
flush,hit,9685,255,551,806,0,1
flush,miss,9686,2153,13239,15392,69,1
flush,hit,9686,259,540,799,0,1
flush,miss,9687,2550,15114,17664,48,1
flush,hit,9687,260,545,805,0,1
flush,miss,9688,2549,11419,13968,58,1
flush,hit,9688,260,622,882,0,1
flush,miss,9689,6532,10292,16824,51,1
flush,hit,9689,256,550,806,0,1
flush,miss,9690,2377,11143,13520,56,1
flush,hit,9690,270,542,812,0,1
flush,miss,9691,2302,13256,15558,69,1
flush,hit,9691,258,545,803,0,1
flush,miss,9692,2289,10391,12680,52,1
flush,hit,9692,258,652,910,0,1
flush,miss,9693,2931,11258,14189,56,1
flush,hit,9693,346,841,1187,0,1
flush,miss,9694,2463,11250,13713,57,1
flush,hit,9694,254,569,823,0,1
flush,miss,9695,2517,10846,13363,55,1
flush,hit,9695,257,584,841,0,1
flush,miss,9696,2322,11018,13340,56,1
flush,hit,9696,254,550,804,0,1
flush,miss,9697,2427,9898,12325,48,1
flush,hit,9697,258,558,816,0,1
flush,miss,9698,2384,11110,13494,56,1
flush,hit,9698,315,804,1119,0,1
flush,miss,9699,2588,11258,13846,57,1
flush,hit,9699,258,611,869,0,1
flush,miss,9700,2357,11211,13568,57,1
flush,hit,9700,249,549,798,0,1
flush,miss,9701,2508,10904,13412,55,1
flush,hit,9701,264,561,825,0,1
flush,miss,9702,2356,13062,15418,68,1
flush,hit,9702,256,542,798,0,1
flush,miss,9703,2512,10604,13116,53,1
flush,hit,9703,251,545,796,0,1
flush,miss,9704,2361,12967,15328,42,1
flush,hit,9704,253,588,841,0,1
flush,miss,9705,2475,11237,13712,57,1
flush,hit,9705,258,563,821,0,1
flush,miss,9706,2352,10846,13198,55,1
flush,hit,9706,261,533,794,0,1
flush,miss,9707,2499,15767,18266,62,1
flush,hit,9707,251,556,807,0,1
flush,miss,9708,3784,12585,16369,65,1
flush,hit,9708,256,563,819,0,1
flush,miss,9709,2614,15889,18503,58,1
flush,hit,9709,263,554,817,0,1
flush,miss,9710,2581,11372,13953,58,1
flush,hit,9710,260,572,832,0,1
flush,miss,9711,2505,11071,13576,56,1
flush,hit,9711,258,561,819,0,1
flush,miss,9712,2313,10832,13145,55,1
flush,hit,9712,255,541,796,0,1
flush,miss,9713,2331,12004,14335,62,1
flush,hit,9713,256,548,804,0,1
flush,miss,9714,2164,10426,12590,53,1
flush,hit,9714,257,540,797,0,1
flush,miss,9715,2897,10922,13819,55,1
flush,hit,9715,330,844,1174,0,1
flush,miss,9716,2315,11189,13504,57,1
flush,hit,9716,251,564,815,0,1
flush,miss,9717,2499,11032,13531,56,1
flush,hit,9717,262,558,820,0,1
flush,miss,9718,2352,10992,13344,56,1
flush,hit,9718,259,547,806,0,1
flush,miss,9719,2390,10377,12767,52,1
flush,hit,9719,257,561,818,0,1
flush,miss,9720,2339,10996,13335,56,1
flush,hit,9720,399,969,1368,0,1
flush,miss,9721,2610,11232,13842,57,1
flush,hit,9721,276,620,896,0,1
flush,miss,9722,2361,11249,13610,57,1
flush,hit,9722,254,554,808,0,1
flush,miss,9723,2483,10927,13410,55,1
flush,hit,9723,260,548,808,0,1
flush,miss,9724,2381,12062,14443,62,1
flush,hit,9724,259,540,799,0,1
flush,miss,9725,2485,11058,13543,56,1
flush,hit,9725,258,559,817,0,1
flush,miss,9726,2388,15770,18158,48,1
flush,hit,9726,267,613,880,0,1
flush,miss,9727,2501,11160,13661,52,1
flush,hit,9727,259,1798,2057,0,1
flush,miss,9728,2362,10988,13350,56,1
flush,hit,9728,247,543,790,0,1
flush,miss,9729,2516,12089,14605,62,1
flush,hit,9729,260,554,814,0,1
flush,miss,9730,2185,12070,14255,62,1
flush,hit,9730,253,538,791,0,1
flush,miss,9731,2525,15420,17945,49,1
flush,hit,9731,256,545,801,0,1
flush,miss,9732,2555,10923,13478,55,1
flush,hit,9732,270,564,834,0,1
flush,miss,9733,2582,11005,13587,56,1
flush,hit,9733,253,556,809,0,1
flush,miss,9734,2352,10888,13240,55,1
flush,hit,9734,251,533,784,0,1
flush,miss,9735,2316,11873,14189,61,1
flush,hit,9735,256,548,804,0,1
flush,miss,9736,2200,10798,12998,55,1
flush,hit,9736,246,535,781,0,1
flush,miss,9737,2884,11095,13979,56,1
flush,hit,9737,326,854,1180,0,1
flush,miss,9738,2344,10902,13246,55,1
flush,hit,9738,248,3247,3495,0,1
flush,miss,9739,2518,10564,13082,52,1
flush,hit,9739,274,579,853,0,1
flush,miss,9740,2502,10526,13028,51,1
flush,hit,9740,260,537,797,0,1
flush,miss,9741,2390,10828,13218,55,1
flush,hit,9741,382,554,936,0,1
flush,miss,9742,2305,11718,14023,60,1
flush,hit,9742,338,819,1157,0,1
flush,miss,9743,2511,11271,13782,57,1
flush,hit,9743,256,643,899,0,1
flush,miss,9744,2348,11228,13576,57,1
flush,hit,9744,259,593,852,0,1
flush,miss,9745,2578,11042,13620,56,1
flush,hit,9745,253,571,824,0,1
flush,miss,9746,2420,12196,14616,63,1
flush,hit,9746,247,558,805,0,1
flush,miss,9747,2518,11420,13938,58,1
flush,hit,9747,253,564,817,0,1
flush,miss,9748,2411,12697,15108,40,1
flush,hit,9748,259,578,837,0,1
flush,miss,9749,2467,10937,13404,56,1
flush,hit,9749,250,537,787,0,1
flush,miss,9750,2365,10800,13165,55,1
flush,hit,9750,244,547,791,0,1
flush,miss,9751,2504,11921,14425,61,1
flush,hit,9751,252,553,805,0,1
flush,miss,9752,2185,12270,14455,39,1
flush,hit,9752,260,532,792,0,1
flush,miss,9753,2490,13136,15626,42,1
flush,hit,9753,256,541,797,0,1
flush,miss,9754,2476,10882,13358,55,1
flush,hit,9754,250,553,803,0,1
flush,miss,9755,2495,10901,13396,55,1
flush,hit,9755,254,556,810,0,1
flush,miss,9756,2315,10814,13129,55,1
flush,hit,9756,259,534,793,0,1
flush,miss,9757,2341,11877,14218,61,1
flush,hit,9757,245,535,780,0,1
flush,miss,9758,2177,10222,12399,51,1
flush,hit,9758,245,528,773,0,1
flush,miss,9759,2779,10903,13682,55,1
flush,hit,9759,308,768,1076,0,1
flush,miss,9760,2313,10956,13269,56,1
flush,hit,9760,246,560,806,0,1
flush,miss,9761,2520,10924,13444,55,1
flush,hit,9761,250,556,806,0,1
flush,miss,9762,2348,10789,13137,55,1
flush,hit,9762,261,538,799,0,1
flush,miss,9763,2349,10863,13212,55,1
flush,hit,9763,249,557,806,0,1
flush,miss,9764,2337,10624,12961,54,1
flush,hit,9764,308,793,1101,0,1
flush,miss,9765,2494,11067,13561,56,1
flush,hit,9765,262,604,866,0,1
flush,miss,9766,2346,11134,13480,57,1
flush,hit,9766,254,541,795,0,1
flush,miss,9767,2490,10869,13359,55,1
flush,hit,9767,243,610,853,0,1
flush,miss,9768,2369,11870,14239,61,1
flush,hit,9768,255,540,795,0,1
flush,miss,9769,2514,11578,14092,59,1
flush,hit,9769,249,552,801,0,1
flush,miss,9770,2362,12286,14648,39,1
flush,hit,9770,317,756,1073,0,1
flush,miss,9771,2510,11241,13751,57,1
flush,hit,9771,248,588,836,0,1
flush,miss,9772,2403,10980,13383,56,1
flush,hit,9772,251,550,801,0,1
flush,miss,9773,2424,11750,14174,60,1
flush,hit,9773,244,560,804,0,1
flush,miss,9774,2177,11892,14069,61,1
flush,hit,9774,251,550,801,0,1
flush,miss,9775,2467,15862,18329,56,1
flush,hit,9775,247,555,802,0,1
flush,miss,9776,2624,11007,13631,56,1
flush,hit,9776,257,574,831,0,1
flush,miss,9777,2519,11240,13759,57,1
flush,hit,9777,252,561,813,0,1
flush,miss,9778,2377,11016,13393,56,1
flush,hit,9778,250,548,798,0,1
flush,miss,9779,2320,11890,14210,61,1
flush,hit,9779,252,550,802,0,1
flush,miss,9780,2210,10181,12391,51,1
flush,hit,9780,252,545,797,0,1
flush,miss,9781,2869,11313,14182,57,1
flush,hit,9781,334,830,1164,0,1
flush,miss,9782,2376,10988,13364,56,1
flush,hit,9782,244,555,799,0,1
flush,miss,9783,2513,14956,17469,56,1
flush,hit,9783,256,610,866,0,1
flush,miss,9784,2614,10958,13572,55,1
flush,hit,9784,258,547,805,0,1
flush,miss,9785,2369,10905,13274,55,1
flush,hit,9785,266,537,803,0,1
flush,miss,9786,2334,11158,13492,57,1
flush,hit,9786,344,821,1165,0,1
flush,miss,9787,2528,11056,13584,56,1
flush,hit,9787,273,606,879,0,1
flush,miss,9788,2323,11024,13347,56,1
flush,hit,9788,264,543,807,0,1
flush,miss,9789,2514,11045,13559,56,1
flush,hit,9789,264,548,812,0,1
flush,miss,9790,2329,11912,14241,61,1
flush,hit,9790,258,547,805,0,1
flush,miss,9791,2466,11348,13814,58,1
flush,hit,9791,251,540,791,0,1
flush,miss,9792,2315,15381,17696,47,1
flush,hit,9792,269,584,853,0,1
flush,miss,9793,2479,11237,13716,57,1
flush,hit,9793,266,553,819,0,1
flush,miss,9794,2365,10985,13350,56,1
flush,hit,9794,265,537,802,0,1
flush,miss,9795,2511,12008,14519,62,1
flush,hit,9795,259,541,800,0,1
flush,miss,9796,2194,11840,14034,61,1
flush,hit,9796,254,536,790,0,1
flush,miss,9797,2541,15019,17560,47,1
flush,hit,9797,258,541,799,0,1
flush,miss,9798,2561,10910,13471,55,1
flush,hit,9798,262,572,834,0,1
flush,miss,9799,2493,11021,13514,56,1
flush,hit,9799,259,547,806,0,1
flush,miss,9800,2362,10823,13185,55,1
flush,hit,9800,255,530,785,0,1
flush,miss,9801,2305,11915,14220,61,1
flush,hit,9801,253,538,791,0,1
flush,miss,9802,2197,12735,14932,50,1
flush,hit,9802,268,555,823,0,1
flush,miss,9803,2909,11233,14142,57,1
flush,hit,9803,345,820,1165,0,1
flush,miss,9804,2379,11276,13655,57,1
flush,hit,9804,254,565,819,0,1
flush,miss,9805,2472,10861,13333,55,1
flush,hit,9805,259,560,819,0,1
flush,miss,9806,2328,10918,13246,55,1
flush,hit,9806,250,544,794,0,1
flush,miss,9807,2332,11238,13570,57,1
flush,hit,9807,267,572,839,0,1
flush,miss,9808,2336,11051,13387,56,1
flush,hit,9808,374,803,1177,0,1
flush,miss,9809,2513,11396,13909,58,1
flush,hit,9809,259,627,886,0,1
flush,miss,9810,2383,11195,13578,57,1
flush,hit,9810,255,560,815,0,1
flush,miss,9811,2506,10981,13487,55,1
flush,hit,9811,257,565,822,0,1
flush,miss,9812,2348,11718,14066,60,1
flush,hit,9812,264,567,831,0,1
flush,miss,9813,2529,11549,14078,59,1
flush,hit,9813,258,582,840,0,1
flush,miss,9814,2355,12890,15245,42,1
flush,hit,9814,590,992,1582,0,1
flush,miss,9815,4783,16179,20962,60,1
flush,hit,9815,340,850,1190,0,1
flush,miss,9816,4531,14544,19075,67,1
flush,hit,9816,512,1130,1642,0,1
flush,miss,9817,5504,14487,19991,74,1
flush,hit,9817,1419,1318,2737,0,1
flush,miss,9818,2658,14057,16715,73,1
flush,hit,9818,621,2942,3563,0,1
flush,miss,9819,4663,15687,20350,52,1
flush,hit,9819,414,1260,1674,0,1
flush,miss,9820,3346,13050,16396,60,1
flush,hit,9820,485,1198,1683,0,1
flush,miss,9821,2895,12696,15591,61,1
flush,hit,9821,1026,546,1572,0,1
flush,miss,9822,2452,12805,15257,64,1
flush,hit,9822,258,528,786,0,1
flush,miss,9823,2925,16141,19066,78,1
flush,hit,9823,261,753,1014,0,1
flush,miss,9824,3342,11915,15257,59,1
flush,hit,9824,314,1226,1540,0,1
flush,miss,9825,3185,12624,15809,65,1
flush,hit,9825,490,1108,1598,0,1
flush,miss,9826,2344,12243,14587,63,1
flush,hit,9826,251,665,916,0,1
flush,miss,9827,2727,12172,14899,62,1
flush,hit,9827,337,1056,1393,0,1
flush,miss,9828,2634,12323,14957,62,1
flush,hit,9828,259,532,791,0,1
flush,miss,9829,5005,13936,18941,68,1
flush,hit,9829,258,540,798,0,1
flush,miss,9830,2633,21095,23728,86,1
flush,hit,9830,340,3132,3472,0,1
flush,miss,9831,2623,13966,16589,70,1
flush,hit,9831,322,661,983,0,1
flush,miss,9832,2879,12309,15188,61,1
flush,hit,9832,250,551,801,0,1
flush,miss,9833,2492,12121,14613,59,1
flush,hit,9833,258,1474,1732,0,1
flush,miss,9834,2838,13930,16768,72,1
flush,hit,9834,544,552,1096,0,1
flush,miss,9835,2793,19500,22293,102,1
flush,hit,9835,256,561,817,0,1
flush,miss,9836,2197,16646,18843,59,1
flush,hit,9836,270,601,871,0,1
flush,miss,9837,2783,11332,14115,57,1
flush,hit,9837,261,661,922,0,1
flush,miss,9838,2344,10863,13207,55,1
flush,hit,9838,263,545,808,0,1
flush,miss,9839,2503,12176,14679,63,1
flush,hit,9839,254,561,815,0,1
flush,miss,9840,2177,11975,14152,62,1
flush,hit,9840,287,815,1102,0,1
flush,miss,9841,2675,19472,22147,71,1
flush,hit,9841,251,584,835,0,1
flush,miss,9842,3290,12620,15910,65,1
flush,hit,9842,267,572,839,0,1
flush,miss,9843,2727,11393,14120,58,1
flush,hit,9843,255,552,807,0,1
flush,miss,9844,3134,12148,15282,61,1
flush,hit,9844,257,537,794,0,1
flush,miss,9845,2551,12354,14905,62,1
flush,hit,9845,252,542,794,0,1
flush,miss,9846,2421,13297,15718,66,1
flush,hit,9846,257,529,786,0,1
flush,miss,9847,3311,11279,14590,57,1
flush,hit,9847,323,858,1181,0,1
flush,miss,9848,2927,12521,15448,63,1
flush,hit,9848,253,565,818,0,1
flush,miss,9849,2775,11542,14317,59,1
flush,hit,9849,253,536,789,0,1
flush,miss,9850,2545,11509,14054,59,1
flush,hit,9850,1167,526,1693,0,1
flush,miss,9851,2595,11464,14059,58,1
flush,hit,9851,264,537,801,0,1
flush,miss,9852,2300,12588,14888,63,1
flush,hit,9852,334,843,1177,0,1
flush,miss,9853,2604,11165,13769,56,1
flush,hit,9853,269,621,890,0,1
flush,miss,9854,2799,11990,14789,57,1
flush,hit,9854,253,542,795,0,1
flush,miss,9855,2512,10987,13499,56,1
flush,hit,9855,256,556,812,0,1
flush,miss,9856,2387,13412,15799,70,1
flush,hit,9856,255,548,803,0,1
flush,miss,9857,2864,15466,18330,63,1
flush,hit,9857,258,560,818,0,1
flush,miss,9858,2501,16375,18876,53,1
flush,hit,9858,256,874,1130,0,1
flush,miss,9859,2473,12499,14972,56,1
flush,hit,9859,257,1239,1496,0,1
flush,miss,9860,2600,11145,13745,56,1
flush,hit,9860,258,554,812,0,1
flush,miss,9861,2555,13673,16228,71,1
flush,hit,9861,255,585,840,0,1
flush,miss,9862,2898,12426,15324,64,1
flush,hit,9862,252,556,808,0,1
flush,miss,9863,2520,14919,17439,48,1
flush,hit,9863,251,563,814,0,1
flush,miss,9864,2834,11768,14602,58,1
flush,hit,9864,271,583,854,0,1
flush,miss,9865,3154,11177,14331,56,1
flush,hit,9865,257,573,830,0,1
flush,miss,9866,2927,11660,14587,60,1
flush,hit,9866,258,556,814,0,1
flush,miss,9867,2346,15913,18259,82,1
flush,hit,9867,259,569,828,0,1
flush,miss,9868,2688,12576,15264,65,1
flush,hit,9868,267,966,1233,0,1
flush,miss,9869,3056,11190,14246,56,1
flush,hit,9869,324,791,1115,0,1
flush,miss,9870,2454,12071,14525,62,1
flush,hit,9870,265,2332,2597,0,1
flush,miss,9871,2621,12883,15504,67,1
flush,hit,9871,260,554,814,0,1
flush,miss,9872,2518,11840,14358,61,1
flush,hit,9872,276,549,825,0,1
flush,miss,9873,3318,13502,16820,68,1
flush,hit,9873,694,546,1240,0,1
flush,miss,9874,2286,20585,22871,111,1
flush,hit,9874,307,805,1112,0,1
flush,miss,9875,3555,14484,18039,76,1
flush,hit,9875,265,582,847,0,1
flush,miss,9876,2361,11713,14074,60,1
flush,hit,9876,260,567,827,0,1
flush,miss,9877,2618,11742,14360,60,1
flush,hit,9877,257,559,816,0,1
flush,miss,9878,2626,13500,16126,69,1
flush,hit,9878,255,571,826,0,1
flush,miss,9879,3183,19040,22223,97,1
flush,hit,9879,255,571,826,0,1
flush,miss,9880,2236,14545,16781,46,1
flush,hit,9880,457,575,1032,0,1
flush,miss,9881,2484,12690,15174,62,1
flush,hit,9881,258,563,821,0,1
flush,miss,9882,2337,11846,14183,61,1
flush,hit,9882,251,540,791,0,1
flush,miss,9883,2635,12895,15530,67,1
flush,hit,9883,252,811,1063,0,1
flush,miss,9884,2553,14068,16621,67,1
flush,hit,9884,530,531,1061,0,1
flush,miss,9885,3368,19078,22446,61,1
flush,hit,9885,325,1027,1352,0,1
flush,miss,9886,2566,14205,16771,74,1
flush,hit,9886,257,571,828,0,1
flush,miss,9887,2512,11347,13859,58,1
flush,hit,9887,255,566,821,0,1
flush,miss,9888,2566,11824,14390,60,1
flush,hit,9888,258,561,819,0,1
flush,miss,9889,2594,13865,16459,72,1
flush,hit,9889,256,566,822,0,1
flush,miss,9890,2196,12193,14389,63,1
flush,hit,9890,261,561,822,0,1
flush,miss,9891,4292,11502,15794,58,1
flush,hit,9891,346,1242,1588,0,1
flush,miss,9892,3046,13227,16273,69,1
flush,hit,9892,250,582,832,0,1
flush,miss,9893,2508,12382,14890,64,1
flush,hit,9893,263,571,834,0,1
flush,miss,9894,2375,11394,13769,58,1
flush,hit,9894,268,556,824,0,1
flush,miss,9895,2418,11701,14119,60,1
flush,hit,9895,260,557,817,0,1
flush,miss,9896,2778,19207,21985,104,1
flush,hit,9896,398,1085,1483,0,1
flush,miss,9897,2824,11110,13934,56,1
flush,hit,9897,280,633,913,0,1
flush,miss,9898,2407,11869,14276,61,1
flush,hit,9898,262,544,806,0,1
flush,miss,9899,2560,11196,13756,57,1
flush,hit,9899,262,560,822,0,1
flush,miss,9900,2677,15811,18488,84,1
flush,hit,9900,254,548,802,0,1
flush,miss,9901,2764,18771,21535,102,1
flush,hit,9901,274,572,846,0,1
flush,miss,9902,2227,18065,20292,60,1
flush,hit,9902,266,606,872,0,1
flush,miss,9903,2494,12930,15424,67,1
flush,hit,9903,258,555,813,0,1
flush,miss,9904,3677,12409,16086,64,1
flush,hit,9904,276,538,814,0,1
flush,miss,9905,2537,14500,17037,76,1
flush,hit,9905,254,539,793,0,1
flush,miss,9906,3109,12801,15910,63,1
flush,hit,9906,254,538,792,0,1
flush,miss,9907,2618,15392,18010,49,1
flush,hit,9907,248,627,875,0,1
flush,miss,9908,2627,10883,13510,55,1
flush,hit,9908,263,549,812,0,1
flush,miss,9909,2525,11046,13571,56,1
flush,hit,9909,251,565,816,0,1
flush,miss,9910,2397,11064,13461,56,1
flush,hit,9910,254,542,796,0,1
flush,miss,9911,2818,12213,15031,63,1
flush,hit,9911,252,722,974,0,1
flush,miss,9912,2613,10992,13605,55,1
flush,hit,9912,255,544,799,0,1
flush,miss,9913,3160,12639,15799,65,1
flush,hit,9913,400,914,1314,0,1
flush,miss,9914,2780,12164,14944,62,1
flush,hit,9914,263,567,830,0,1
flush,miss,9915,2505,11715,14220,60,1
flush,hit,9915,260,560,820,0,1
flush,miss,9916,2426,11545,13971,59,1
flush,hit,9916,271,557,828,0,1
flush,miss,9917,2308,10767,13075,54,1
flush,hit,9917,263,562,825,0,1
flush,miss,9918,2372,11271,13643,57,1
flush,hit,9918,313,848,1161,0,1
flush,miss,9919,2520,11792,14312,58,1
flush,hit,9919,256,630,886,0,1
flush,miss,9920,2784,11195,13979,57,1
flush,hit,9920,264,561,825,0,1
flush,miss,9921,2618,11392,14010,57,1
flush,hit,9921,262,570,832,0,1
flush,miss,9922,2681,11874,14555,61,1
flush,hit,9922,275,562,837,0,1
flush,miss,9923,2467,11376,13843,58,1
flush,hit,9923,262,565,827,0,1
flush,miss,9924,2391,13993,16384,46,1
flush,hit,9924,261,585,846,0,1
flush,miss,9925,2842,11127,13969,56,1
flush,hit,9925,281,626,907,0,1
flush,miss,9926,2308,11937,14245,61,1
flush,hit,9926,262,552,814,0,1
flush,miss,9927,2526,12063,14589,62,1
flush,hit,9927,254,553,807,0,1
flush,miss,9928,2248,10516,12764,53,1
flush,hit,9928,248,546,794,0,1
flush,miss,9929,2492,14231,16723,47,1
flush,hit,9929,249,548,797,0,1
flush,miss,9930,2899,11849,14748,59,1
flush,hit,9930,251,556,807,0,1
flush,miss,9931,2612,11466,14078,56,1
flush,hit,9931,257,556,813,0,1
flush,miss,9932,2384,11533,13917,44,1
flush,hit,9932,255,2251,2506,0,1
flush,miss,9933,3245,12521,15766,64,1
flush,hit,9933,263,551,814,0,1
flush,miss,9934,2350,11696,14046,60,1
flush,hit,9934,261,549,810,0,1
flush,miss,9935,3027,12177,15204,62,1
flush,hit,9935,316,813,1129,0,1
flush,miss,9936,2585,11475,14060,59,1
flush,hit,9936,255,569,824,0,1
flush,miss,9937,3785,11030,14815,56,1
flush,hit,9937,263,565,828,0,1
flush,miss,9938,2390,11371,13761,58,1
flush,hit,9938,272,538,810,0,1
flush,miss,9939,2349,13547,15896,67,1
flush,hit,9939,263,554,817,0,1
flush,miss,9940,2457,20727,23184,113,1
flush,hit,9940,311,929,1240,0,1
flush,miss,9941,2826,12027,14853,60,1
flush,hit,9941,253,604,857,0,1
flush,miss,9942,2460,15403,17863,52,1
flush,hit,9942,262,577,839,0,1
flush,miss,9943,2649,13330,15979,69,1
flush,hit,9943,259,571,830,0,1
flush,miss,9944,2347,13414,15761,70,1
flush,hit,9944,257,546,803,0,1
flush,miss,9945,2506,12999,15505,67,1
flush,hit,9945,258,554,812,0,1
flush,miss,9946,2333,20965,23298,79,1
flush,hit,9946,268,598,866,0,1
flush,miss,9947,2454,12963,15417,60,1
flush,hit,9947,278,565,843,0,1
flush,miss,9948,2568,13111,15679,63,1
flush,hit,9948,261,555,816,0,1
flush,miss,9949,2675,12410,15085,64,1
flush,hit,9949,264,773,1037,0,1
flush,miss,9950,2238,11985,14223,61,1
flush,hit,9950,267,553,820,0,1
flush,miss,9951,2498,15256,17754,48,1
flush,hit,9951,265,558,823,0,1
flush,miss,9952,2509,11187,13696,57,1
flush,hit,9952,269,593,862,0,1
flush,miss,9953,2512,11046,13558,56,1
flush,hit,9953,255,556,811,0,1
flush,miss,9954,2332,16210,18542,47,1
flush,hit,9954,270,558,828,0,1
flush,miss,9955,2369,12156,14525,62,1
flush,hit,9955,259,559,818,0,1
flush,miss,9956,2676,10668,13344,54,1
flush,hit,9956,254,549,803,0,1
flush,miss,9957,2943,11461,14404,57,1
flush,hit,9957,354,854,1208,0,1
flush,miss,9958,2330,11152,13482,57,1
flush,hit,9958,261,642,903,0,1
flush,miss,9959,2519,10909,13428,55,1
flush,hit,9959,332,561,893,0,1
flush,miss,9960,2374,11005,13379,55,1
flush,hit,9960,259,551,810,0,1
flush,miss,9961,2336,10389,12725,52,1
flush,hit,9961,255,554,809,0,1
flush,miss,9962,2344,10460,12804,53,1
flush,hit,9962,352,846,1198,0,1
flush,miss,9963,2528,11065,13593,56,1
flush,hit,9963,265,620,885,0,1
flush,miss,9964,2347,11196,13543,57,1
flush,hit,9964,262,550,812,0,1
flush,miss,9965,2524,10915,13439,55,1
flush,hit,9965,255,548,803,0,1
flush,miss,9966,2331,11765,14096,60,1
flush,hit,9966,260,557,817,0,1
flush,miss,9967,2504,10931,13435,55,1
flush,hit,9967,254,556,810,0,1
flush,miss,9968,2356,15382,17738,49,1
flush,hit,9968,256,604,860,0,1
flush,miss,9969,2511,11067,13578,56,1
flush,hit,9969,261,560,821,0,1
flush,miss,9970,2411,10987,13398,56,1
flush,hit,9970,256,542,798,0,1
flush,miss,9971,2542,11936,14478,61,1
flush,hit,9971,264,548,812,0,1
flush,miss,9972,2160,11911,14071,61,1
flush,hit,9972,276,634,910,0,1
flush,miss,9973,2507,15597,18104,51,1
flush,hit,9973,262,577,839,0,1
flush,miss,9974,2552,11368,13920,58,1
flush,hit,9974,255,589,844,0,1
flush,miss,9975,2543,11086,13629,56,1
flush,hit,9975,254,575,829,0,1
flush,miss,9976,2374,10942,13316,56,1
flush,hit,9976,262,547,809,0,1
flush,miss,9977,2367,12084,14451,62,1
flush,hit,9977,257,556,813,0,1
flush,miss,9978,2176,11167,13343,57,1
flush,hit,9978,253,569,822,0,1
flush,miss,9979,2892,10964,13856,55,1
flush,hit,9979,337,832,1169,0,1
flush,miss,9980,2346,12448,14794,64,1
flush,hit,9980,253,560,813,0,1
flush,miss,9981,2583,14403,16986,73,1
flush,hit,9981,260,573,833,0,1
flush,miss,9982,2407,14695,17102,78,1
flush,hit,9982,253,630,883,0,1
flush,miss,9983,2329,11570,13899,59,1
flush,hit,9983,254,587,841,0,1
flush,miss,9984,2314,12066,14380,61,1
flush,hit,9984,386,910,1296,0,1
flush,miss,9985,2650,12232,14882,43,1
flush,hit,9985,256,598,854,0,1
flush,miss,9986,3294,11605,14899,44,1
flush,hit,9986,255,587,842,0,1
flush,miss,9987,2472,11130,13602,56,1
flush,hit,9987,259,573,832,0,1
flush,miss,9988,2398,11898,14296,61,1
flush,hit,9988,255,531,786,0,1
flush,miss,9989,2485,11579,14064,59,1
flush,hit,9989,252,547,799,0,1
flush,miss,9990,2322,13473,15795,43,1
flush,hit,9990,254,589,843,0,1
flush,miss,9991,2472,11519,13991,59,1
flush,hit,9991,249,567,816,0,1
flush,miss,9992,2408,11061,13469,56,1
flush,hit,9992,263,535,798,0,1
flush,miss,9993,2506,12031,14537,62,1
flush,hit,9993,249,557,806,0,1
flush,miss,9994,2155,12073,14228,62,1
flush,hit,9994,248,540,788,0,1
flush,miss,9995,2498,12839,15337,42,1
flush,hit,9995,250,546,796,0,1
flush,miss,9996,2471,11108,13579,56,1
flush,hit,9996,270,566,836,0,1
flush,miss,9997,2531,11049,13580,56,1
flush,hit,9997,248,549,797,0,1
flush,miss,9998,2356,10847,13203,55,1
flush,hit,9998,262,534,796,0,1
flush,miss,9999,2375,11891,14266,61,1
flush,hit,9999,250,546,796,0,1
